job_id,source,source_job_id,job_title,company,job_description,location,country,work_mode,remote_eligible,remote_scope,job_field,industry,employment_type,experience_required,education_required,salary,currency,date_posted,application_deadline,tech_category,vacancy_url,scraped_at
a742f3b485edcc80,MyJobMag,a742f3b485edcc80,AI Engineer at ALX,ALX,,Nairobi,Kenya,,0,,"Data, Business Analysis and AI , ICT / Computer",,"Full Time , Remote",,BA/BSc/HND,,,,,Data & AI,https://www.myjobmag.co.ke/job/ai-engineer-alx,2026-08-24T18:57:34.334317+00:00
3a5a73627543122b,MyJobMag,3a5a73627543122b,AI Engineer at FinSense Africa,FinSense Africa,,Nairobi,Kenya,,0,,"Data, Business Analysis and AI , ICT / Computer",,Full Time,4 years,"BA/BSc/HND , MBA/MSc/MA",,,,,Data & AI,https://www.myjobmag.co.ke/job/ai-engineer-finsense-africa,2026-08-24T18:57:37.130689+00:00
18b0c85e6875e09f,MyJobMag,18b0c85e6875e09f,AI & Machine Learning Intern - 1 Post at Agile Business Solutions Limited,Agile Business Solutions Limited,,Nairobi,Kenya,,0,,"Data, Business Analysis and AI , ICT / Computer , Internships",,Full Time,,BA/BSc/HND,,,,,Data & AI,https://www.myjobmag.co.ke/job/ai-machine-learning-intern-1-post-agile-business-solutions-limited,2026-08-24T18:57:49.280841+00:00
f83082829ce44b6f,MyJobMag,f83082829ce44b6f,AI & Machine Learning Lecturer at Africa Digital Media Institute (ADMI),Africa Digital Media Institute (ADMI),,Nairobi,Kenya,,0,,"Data, Business Analysis and AI , Education / Teaching / Training , ICT / Computer",,Full Time,,BA/BSc/HND,,,,,Data & AI,https://www.myjobmag.co.ke/job/ai-machine-learning-lecturer-africa-digital-media-institute-admi,2026-08-24T18:57:52.485521+00:00
c76eb13a621e9c27,MyJobMag,c76eb13a621e9c27,AI Solutions Architect at Code for Africa (CfA),Code for Africa (CfA),,Nairobi,Kenya,,0,,"Data, Business Analysis and AI , ICT / Computer",,Full Time,3 years,BA/BSc/HND,,,,,Software & IT,https://www.myjobmag.co.ke/job/ai-solutions-architect-code-for-africa-cfa,2026-08-24T18:58:11.948402+00:00
d043b475f70f49d4,MyJobMag,d043b475f70f49d4,Android Engineer at Co-operative Bank of Kenya,Co-operative Bank of Kenya,,Nairobi,Kenya,,0,,ICT / Computer,,Full Time,3 years,BA/BSc/HND,,,,,Software & IT,https://www.myjobmag.co.ke/job/android-engineer-co-operative-bank-of-kenya,2026-08-24T18:58:29.468824+00:00
fda9ac49e9ede97d,MyJobMag,fda9ac49e9ede97d,Android Engineer Intern at Branch,Branch,,Nairobi,Kenya,,0,,"ICT / Computer , Internships",,"Full Time , Remote",,BA/BSc/HND,,,,,Software & IT,https://www.myjobmag.co.ke/job/android-engineer-intern-branch,2026-08-24T18:58:32.500338+00:00
8d360bea9db102ca,MyJobMag,8d360bea9db102ca,Applied AI Engineer at International Rescue Committee,International Rescue Committee,,Nairobi,Kenya,,0,,"Data, Business Analysis and AI , ICT / Computer",,"Full Time , Remote",5 years,BA/BSc/HND,,,,,Data & AI,https://www.myjobmag.co.ke/job/applied-ai-enginner-international-rescue-committee,2026-08-24T18:58:53.280665+00:00
11587388983b410b,MyJobMag,11587388983b410b,Artificial Intelligence Trainer at St Francis Research and Training College,St Francis Research and Training College,,Nairobi,Kenya,,0,,"Data, Business Analysis and AI , Education / Teaching / Training , ICT / Computer",,Full Time,,BA/BSc/HND,,,,,Data & AI,https://www.myjobmag.co.ke/job/artificial-intelligence-trainer-st-francis-research-and-training-college,2026-08-24T18:58:56.142245+00:00
d4f5188213789bb9,MyJobMag,d4f5188213789bb9,Assistant Data Analyst at African Guarantee Fund (AGF),African Guarantee Fund (AGF),,Nairobi,Kenya,,0,,"Data, Business Analysis and AI , ICT / Computer",,Full Time,5 years,"BA/BSc/HND , MBA/MSc/MA , Professional Certificate",,,,,Data & AI,https://www.myjobmag.co.ke/job/assistant-data-analyst-african-guarantee-fund-agf,2026-08-24T18:59:01.883652+00:00
60bf47b56f947165,MyJobMag,60bf47b56f947165,Assistant Software Development Lead at Demulla,Demulla,,Kakamega,Kenya,,0,,ICT / Computer,,Full Time,,"BA/BSc/HND , Diploma",,,,,Software & IT,https://www.myjobmag.co.ke/job/assistant-software-development-lead-demulla,2026-08-24T18:59:30.664456+00:00
35a3eef4607c44db,MyJobMag,35a3eef4607c44db,Associate Scientist – Data Analyst- ICRISAT at World Agroforestry Centre (ICRAF),World Agroforestry Centre (ICRAF),,Nairobi,Kenya,,0,,"Data, Business Analysis and AI , ICT / Computer",,Contract,3 years,PhD/Fellowship,,,27 Jul 2026,,Data & AI,https://www.myjobmag.co.ke/job/associate-scientist-data-analyst-icrisat-world-agroforestry-centre-icraf,2026-08-24T18:59:41.635038+00:00
6f9ec272d3102d78,MyJobMag,6f9ec272d3102d78,Backend Developer at Clovers Management & Training Consultants Ltd,Clovers Management & Training Consultants Ltd,,Nairobi,Kenya,,0,,ICT / Computer,,Full Time,4 years,BA/BSc/HND,,,,,Software & IT,https://www.myjobmag.co.ke/job/backend-developer-clovers-management-amp-training-consultants-ltd,2026-08-24T18:59:50.751849+00:00
38f29eac85417c14,MyJobMag,38f29eac85417c14,"Backend Developer - Go & PostgreSQL (Remote, Kenya) at Two Max Group",Two Max Group,,Nairobi,Kenya,,0,,ICT / Computer,,"Full Time , Remote",5 years,"BA/BSc/HND , Diploma , MBA/MSc/MA , Postgraduate Diploma , Professional Certificate , Vocational","Range KSh 150,000 - KSh 200,000/month",KES,,,Software & IT,https://www.myjobmag.co.ke/job/backend-developer-go-postgresql-remote-kenya-two-max-group,2026-08-24T18:59:54.018762+00:00
7a376e2a36f855fd,MyJobMag,7a376e2a36f855fd,Cloud Engineer at CIC Insurance,CIC Insurance,,Nairobi,Kenya,,0,,"Engineering / Technical , ICT / Computer",,Full Time,4 years,"BA/BSc/HND , Professional Certificate",,,,,Cloud & DevOps,https://www.myjobmag.co.ke/job/cloud-engineer-cic-insurance-2,2026-08-24T19:01:36.547321+00:00
e91722c33090ddb3,MyJobMag,e91722c33090ddb3,Commercial Data Analyst at M-Gas,M-Gas,,Nairobi,Kenya,,0,,"Data, Business Analysis and AI , ICT / Computer",,Full Time,5 years,"BA/BSc/HND , Professional Certificate",,,,,Data & AI,https://www.myjobmag.co.ke/job/commercial-data-analyst-m-gas,2026-08-24T19:01:42.095605+00:00
c97e0edf651a1041,MyJobMag,c97e0edf651a1041,CRRD Data Analyst at International Rescue Committee,International Rescue Committee,,Nairobi,Kenya,,0,,"Data, Business Analysis and AI , ICT / Computer",,"Full Time , Remote",3 years,BA/BSc/HND,,,,,Data & AI,https://www.myjobmag.co.ke/job/crrd-data-analyst-international-rescue-committee,2026-08-24T19:02:29.930967+00:00
62f31da6a52386f1,MyJobMag,62f31da6a52386f1,Cyber Security Officer at Chuka University,Chuka University,,Chuka,Kenya,,0,,ICT / Computer,,Contract,2 years,"BA/BSc/HND , Professional Certificate",,,,,Cybersecurity,https://www.myjobmag.co.ke/job/cyber-security-officer-chuka-university,2026-08-24T19:02:39.279753+00:00
ab496ff5a5b6fef8,MyJobMag,ab496ff5a5b6fef8,Cybersecurity Consultant at BQI Tech,BQI Tech,,Nairobi,Kenya,,0,,"Consultancy , ICT / Computer",,"Contract , Full Time",,BA/BSc/HND,,,,,Cybersecurity,https://www.myjobmag.co.ke/job/cybersecurity-consultant-bqi-tech,2026-08-24T19:02:41.867919+00:00
73ed35aeb2bce22d,MyJobMag,73ed35aeb2bce22d,"Cybersecurity, Governance and Assurance Officer at International Livestock Research Institute (ILRI)",International Livestock Research Institute (ILRI),,Nairobi,Kenya,,0,,ICT / Computer,,Full Time,7 years,"BA/BSc/HND , Professional Certificate",,,,,Cybersecurity,https://www.myjobmag.co.ke/job/cybersecurity-governance-and-assurance-officer-international-livestock-research-institute-ilri,2026-08-24T19:02:44.641628+00:00
1a4f52437c51aff8,MyJobMag,1a4f52437c51aff8,Cybersecurity Trainer at Mediacrest Training College,Mediacrest Training College,,Nairobi,Kenya,,0,,"Education / Teaching / Training , ICT / Computer",,Full Time,,"BA/BSc/HND , Diploma , Professional Certificate",,,,,Cybersecurity,https://www.myjobmag.co.ke/job/cybersecurity-trainer-mediacrest-training-college-3,2026-08-24T19:02:47.394678+00:00
f6bf71d45b33bf0e,MyJobMag,f6bf71d45b33bf0e,Data Analyst and Coordinator Intern at Harleys Limited,Harleys Limited,,Nairobi,Kenya,,0,,"Data, Business Analysis and AI , ICT / Computer , Internships",,Full Time,1 year,BA/BSc/HND,,,,,Data & AI,https://www.myjobmag.co.ke/job/data-analyst-and-coordinator-intern-harleys-limited,2026-08-24T19:02:50.161718+00:00
11b4393347823456,MyJobMag,11b4393347823456,Data Analyst at CloudFactory,CloudFactory,,Nairobi,Kenya,,0,,"Data, Business Analysis and AI , ICT / Computer",,"Contract , Full Time , Hybrid",4 years,BA/BSc/HND,,,,,Data & AI,https://www.myjobmag.co.ke/job/data-analyst-cloudfactory-2,2026-08-24T19:02:53.442331+00:00
ee931db716157ab9,MyJobMag,ee931db716157ab9,Data Analyst at HFCB Kenya,HFCB Kenya,,Nairobi,Kenya,,0,,"Data, Business Analysis and AI , ICT / Computer",,Full Time,6 years,BA/BSc/HND,,,,,Data & AI,https://www.myjobmag.co.ke/job/data-analyst-hf-group,2026-08-24T19:02:56.109403+00:00
f534f17788e60b35,MyJobMag,f534f17788e60b35,Data Analyst-In-House And Contract Broiler Operations at Kenchic Limited,Kenchic Limited,,Nairobi,Kenya,,0,,"Data, Business Analysis and AI , ICT / Computer",,Full Time,2 years,Diploma,,,,,Data & AI,https://www.myjobmag.co.ke/job/data-analyst-in-house-and-contract-broiler-operations-kenchic-limited,2026-08-24T19:02:58.766792+00:00
819a63360be64d83,MyJobMag,819a63360be64d83,Data Analyst at Infotrak Research and Consulting,Infotrak Research and Consulting,,Nairobi,Kenya,,0,,"Data, Business Analysis and AI , ICT / Computer",,Full Time,5 years,"BA/BSc/HND , MBA/MSc/MA",,,,,Data & AI,https://www.myjobmag.co.ke/job/data-analyst-infotrak-research-and-consulting-1,2026-08-24T19:03:01.565768+00:00
ae23996c6cf48f1e,MyJobMag,ae23996c6cf48f1e,Data Analyst Intern - 1 Post at Agile Business Solutions Limited,Agile Business Solutions Limited,,Nairobi,Kenya,,0,,"Data, Business Analysis and AI , ICT / Computer , Internships",,Full Time,,BA/BSc/HND,,,,,Data & AI,https://www.myjobmag.co.ke/job/data-analyst-intern-1-post-agile-business-solutions-limited,2026-08-24T19:03:04.909882+00:00
bb9589cd66fbeac6,MyJobMag,bb9589cd66fbeac6,Data Analyst Intern at Makueni County Public Service Board,Makueni County Public Service Board,,Makueni,Kenya,,0,,"Data, Business Analysis and AI , ICT / Computer , Internships",,Contract,,BA/BSc/HND,,,,,Data & AI,https://www.myjobmag.co.ke/job/data-analyst-makueni-county-public-service-board,2026-08-24T19:03:07.982490+00:00
769b07deb7d89ce6,MyJobMag,769b07deb7d89ce6,Data Analyst - Sales at Royal Mabati Factory,Royal Mabati Factory,,Nairobi,Kenya,,0,,"Data, Business Analysis and AI",,Full Time,5 years,BA/BSc/HND,,,,,Data & AI,https://www.myjobmag.co.ke/job/data-analyst-sales-royal-mabati-factory,2026-08-24T19:03:10.854782+00:00
57117a862316d39b,MyJobMag,57117a862316d39b,Data Analyst - Sales at Tropical Heat,Tropical Heat,,Kiambu,Kenya,,0,,"Data, Business Analysis and AI , ICT / Computer",,"Full Time , Onsite",3 years,BA/BSc/HND,"Range KSh 50,000 - KSh 100,000/month",KES,,,Data & AI,https://www.myjobmag.co.ke/job/data-analyst-sales-tropical-heat,2026-08-24T19:03:14.112141+00:00
d74d2a72694e5899,MyJobMag,d74d2a72694e5899,Data Analyst at Syngenta,Syngenta,,Kiambu,Kenya,,0,,"Data, Business Analysis and AI , ICT / Computer",,"Contract , Full Time",,"BA/BSc/HND , Diploma",,,,,Data & AI,https://www.myjobmag.co.ke/job/data-analyst-syngenta-1,2026-08-24T19:03:17.437290+00:00
c1a6faeffaa35184,MyJobMag,c1a6faeffaa35184,Data Analyst at TakaTaka Solutions,TakaTaka Solutions,,Kiambu,Kenya,,0,,"Data, Business Analysis and AI , ICT / Computer",,Full Time,2 years,BA/BSc/HND,,,,,Data & AI,https://www.myjobmag.co.ke/job/data-analyst-takataka-solutions,2026-08-24T19:03:20.279836+00:00
39e825beda78db31,MyJobMag,39e825beda78db31,Data Analyst Team Lead at Rainforest Alliance,Rainforest Alliance,,Nairobi,Kenya,,0,,"Data, Business Analysis and AI , ICT / Computer",,Full Time,7 years,BA/BSc/HND,,,,,Data & AI,https://www.myjobmag.co.ke/job/data-analyst-team-lead-rainforest-alliance-3,2026-08-24T19:03:23.149814+00:00
850d739539cc3708,MyJobMag,850d739539cc3708,Data Analyst at Tenwek Hospital,Tenwek Hospital,,Nairobi,Kenya,,0,,"Data, Business Analysis and AI , ICT / Computer",,Full Time,3 years,BA/BSc/HND,,,,,Data & AI,https://www.myjobmag.co.ke/job/data-analyst-tenwek-hospital-1,2026-08-24T19:03:25.899699+00:00
f060f88949c02fe8,MyJobMag,f060f88949c02fe8,Data Analyst at The Digital Monkeys,The Digital Monkeys,,Nairobi,Kenya,,0,,"Data, Business Analysis and AI , ICT / Computer",,Full Time,3 years,"BA/BSc/HND , Diploma",,,,,Data & AI,https://www.myjobmag.co.ke/job/data-analyst-the-digital-monkeys,2026-08-24T19:03:29.396988+00:00
f610b637ab924420,MyJobMag,f610b637ab924420,Data Engineer at Abacus,Abacus,,Nairobi,Kenya,,0,,"Data, Business Analysis and AI , ICT / Computer",,Full Time,40 years,BA/BSc/HND,,,,,Data & AI,https://www.myjobmag.co.ke/job/data-engineer-abacus,2026-08-24T19:04:15.979321+00:00
fd2e06c3f6306676,MyJobMag,fd2e06c3f6306676,Data Engineer (Azure Databricks) at Execafrica Recruitment Limited,Execafrica Recruitment Limited,,Nairobi,Kenya,,0,,"Data, Business Analysis and AI , ICT / Computer",,Full Time,15 years,BA/BSc/HND,"150,000 Negotiable Role Summary Are you passionate about data and eager to be part of a rapidly growing company at the forefront of technology? If so, we have an exciting opportunity for you. Our client is a dynamic and diversified group of companies specialising in distribution,ship supply, retail, and wholesale operations. We are seeking a talented Data Engineer (Azure Databricks) to join our expanding Technology Team. The successful candidate will be based in either Kigali, Rwanda or Nairobi, Kenya, supporting our African operations and Group-wide data initiatives. As part of our digital transformation journey, we are building a modern enterprise data platform. Our current landscape includes Microsoft Dynamics 365 Business Central, Microsoft Dynamics NAV, MuleSoft integration services, Azure technologies, and Power BI analytics solutions. We are currently implementing an Azure Databricks Lakehouse platform to create a scalable, governed, and future-ready data ecosystem. This role presents an exciting opportunity to help shape and develop the next generation of our enterprise data platform. Duties and Responsibilities Design, develop, and maintain scalable data pipelines using Azure Databricks. Build and manage data ingestion processes from ERP, sales, logistics, finance, warehouse, and external systems Develop and maintain Lakehouse data architectures following Medallion principles (Bronze, Silver, Gold). Create robust ETL/ELT processes using Databricks, PySpark, SQL, and Azure services. Implement data quality, validation, monitoring, and governance processes. Develop and maintain dimensional data models to support business intelligence and reporting requirements. Work closely with Business Analysts, BI Developers, and Business Stakeholders to translate business requirements into scalable data solutions. Optimise data processing workloads for performance, reliability, and cost efficiency. Support real-time and batch data processing initiatives. Contribute to continuous improvement initiatives and adoption of modern data engineering best practices. Essential Skills and Experience Experience working in a Data Engineering role. Strong knowledge of SQL and relational databases. Experience developing ETL/ELT pipelines. Experience with Azure Databricks, Spark, or similar cloud-based data platforms. Strong programming skills using Python and/or PySpark. Experience designing and implementing data models and data warehouse solutions. Knowledge of data governance, data quality, and master data management principles. Experience integrating data from multiple systems and APIs. Strong analytical and problem-solving abilities. Excellent communication and stakeholder management skills. Ability to work independently while remaining a collaborative team player. Desirable Skills Microsoft Azure Data Services. Delta Lake and Unity Catalog. Azure Data Factory. Power BI and analytics platforms. MuleSoft integrations. Experience with Microsoft Dynamics Business Central or NAV. Databricks Certifications. Azure Data Engineer Associate Certification (DP-203). What We Offer Opportunity to work on a modern Azure Databricks Lakehouse implementation. Exposure to large-scale distribution, retail, logistics, and supply chain datasets. International project exposure across multiple African and European markets. Professional growth within a well-established and rapidly evolving organisation. Collaborative and innovative work environment. Competitive remuneration package and benefits.",,,,Data & AI,https://www.myjobmag.co.ke/job/data-engineer-azure-databricks-execafrica-recruitment-limited,2026-08-24T19:04:18.738270+00:00
7a506580a0f19a6a,MyJobMag,7a506580a0f19a6a,Data Engineer at CloudFactory,CloudFactory,,Nairobi,Kenya,,0,,"Data, Business Analysis and AI , ICT / Computer",,"Contract , Full Time , Hybrid",4 years,BA/BSc/HND,,,,,Data & AI,https://www.myjobmag.co.ke/job/data-engineer-cloudfactory-1,2026-08-24T19:04:22.142861+00:00
1b553cff25f0a244,MyJobMag,1b553cff25f0a244,Data Engineer at CrossBoundary,CrossBoundary,,Nairobi,Kenya,,0,,"Data, Business Analysis and AI , ICT / Computer",,Full Time,4 years,BA/BSc/HND,,,,,Data & AI,https://www.myjobmag.co.ke/job/data-engineer-crossboundary-1,2026-08-24T19:04:25.089765+00:00
ee36071b7d2e57ac,MyJobMag,ee36071b7d2e57ac,Data Engineer at Moniepoint,Moniepoint,,Nairobi,Kenya,,0,,"Data, Business Analysis and AI , ICT / Computer",,Full Time,5 years,BA/BSc/HND,,,,,Data & AI,https://www.myjobmag.co.ke/job/data-engineer-moniepoint-10,2026-08-24T19:04:27.685396+00:00
fd3725c684dd9cb3,MyJobMag,fd3725c684dd9cb3,Data Science Trainer at Mediacrest Training College,Mediacrest Training College,,Nairobi,Kenya,,0,,"Data, Business Analysis and AI , Education / Teaching / Training , ICT / Computer",,Full Time,,BA/BSc/HND,,,,,Data & AI,https://www.myjobmag.co.ke/job/data-science-trainer-mediacrest-training-college-3,2026-08-24T19:05:09.555421+00:00
6b37c9348f7fb678,MyJobMag,6b37c9348f7fb678,Data Scientist (1 Year Fixed-Term Contract) at Britam,Britam,,Nairobi,Kenya,,0,,"Data, Business Analysis and AI , ICT / Computer",,"Contract , Full Time",1 Year,"BA/BSc/HND , MBA/MSc/MA",,,,,Data & AI,https://www.myjobmag.co.ke/job/data-scientist-1-year-fixed-term-contract-britam,2026-08-24T19:05:12.429740+00:00
2c5caf7bbecfc784,MyJobMag,2c5caf7bbecfc784,Data Scientist at Britam,Britam,,Nairobi,Kenya,,0,,"Data, Business Analysis and AI , ICT / Computer",,Contract,2 years,"BA/BSc/HND , MBA/MSc/MA",,,,,Data & AI,https://www.myjobmag.co.ke/job/data-scientist-britam,2026-08-24T19:05:15.047555+00:00
05d845aa1d4896bc,MyJobMag,05d845aa1d4896bc,Data Scientist at Educate!,Educate!,,Nairobi,Kenya,,0,,"Data, Business Analysis and AI , ICT / Computer",,Full Time,,"BA/BSc/HND , MBA/MSc/MA",,,,,Data & AI,https://www.myjobmag.co.ke/job/data-scientist-educate-1,2026-08-24T19:05:17.753825+00:00
54125220c30840f1,MyJobMag,54125220c30840f1,Data Scientist (Fraud) at Moniepoint,Moniepoint,,Nairobi,Kenya,,0,,"Data, Business Analysis and AI , ICT / Computer",,Remote,3 years,BA/BSc/HND,,,,,Data & AI,https://www.myjobmag.co.ke/job/data-scientist-fraud-moniepoint,2026-08-24T19:05:20.526357+00:00
791344f9d97083ab,MyJobMag,791344f9d97083ab,Data Scientist at Girl Effect,Girl Effect,,Nairobi,Kenya,,0,,"Data, Business Analysis and AI , ICT / Computer",,"Full Time , Remote",,"BA/BSc/HND , MBA/MSc/MA",,,,,Data & AI,https://www.myjobmag.co.ke/job/data-scientist-girl-effect-1,2026-08-24T19:05:23.252692+00:00
7ed797d4e5671a92,MyJobMag,7ed797d4e5671a92,Data Scientist II at Innovations for Poverty Action (IPA),Innovations for Poverty Action (IPA),,Nairobi,Kenya,,0,,"Data, Business Analysis and AI , ICT / Computer",,Full Time,3 years,BA/BSc/HND,,,,,Data & AI,https://www.myjobmag.co.ke/job/data-scientist-ii-innovations-for-poverty-action-ipa,2026-08-24T19:05:25.920250+00:00
a18501b0b4bd37b5,MyJobMag,a18501b0b4bd37b5,Employee Engagement Data Analyst at World Vision Kenya,World Vision Kenya,,Nairobi,Kenya,,0,,"Data, Business Analysis and AI , Human Resources / HR , ICT / Computer",,Full Time,,BA/BSc/HND,,,,,Data & AI,https://www.myjobmag.co.ke/job/employee-engagement-data-analyst-world-vision-kenya,2026-08-24T19:06:57.425885+00:00
da1c7ebf6de0c0e5,MyJobMag,da1c7ebf6de0c0e5,Fraud Data Analyst at NALA,NALA,,Nairobi,Kenya,,0,,"Data, Business Analysis and AI , ICT / Computer",,Full Time,5 years,BA/BSc/HND,,,,,Data & AI,https://www.myjobmag.co.ke/job/fraud-data-analyst-nala,2026-08-24T19:08:11.129689+00:00
8a97ac628780837c,MyJobMag,8a97ac628780837c,Full-Stack AI Engineer at Pavago,Pavago,,Nairobi,Kenya,,0,,"Data, Business Analysis and AI , ICT / Computer",,"Full Time , Remote",3 years,BA/BSc/HND,,,,,Data & AI,https://www.myjobmag.co.ke/job/full-stack-ai-engineer-pavago,2026-08-24T19:08:18.402467+00:00
96b213fc5ebb2d8c,MyJobMag,96b213fc5ebb2d8c,Full Stack Developer at Sheer Logic,Sheer Logic,,Nairobi,Kenya,,0,,ICT / Computer,,Full Time,4 years,BA/BSc/HND,,,,,Software & IT,https://www.myjobmag.co.ke/job/full-stack-developer-sheer-logistics,2026-08-24T19:08:20.915232+00:00
6226a7900f21452a,MyJobMag,6226a7900f21452a,Full Stack Developer at Unga Holding,Unga Holding,,Nairobi,Kenya,,0,,ICT / Computer,,Full Time,5 years,BA/BSc/HND,,,,,Software & IT,https://www.myjobmag.co.ke/job/full-stack-developer-unga-holding-1,2026-08-24T19:08:23.396900+00:00
501cf70dea467991,MyJobMag,501cf70dea467991,Full Stack Engineer at Co-operative Bank of Kenya,Co-operative Bank of Kenya,,Nairobi,Kenya,,0,,ICT / Computer,,Full Time,3 years,BA/BSc/HND,,,,,Software & IT,https://www.myjobmag.co.ke/job/full-stack-engineer-co-operative-bank-of-kenya,2026-08-24T19:08:27.107058+00:00
735bcb93cc4b2c00,MyJobMag,735bcb93cc4b2c00,Funded-MSc ICT (must have evidence of Artificial Intelligence Application) at University of Embu,University of Embu,,Embu,Kenya,,0,,ICT / Computer,,Full Time,,"MBA/MSc/MA , PhD/Fellowship",,,,,Data & AI,https://www.myjobmag.co.ke/job/funded-msc-ict-must-have-evidence-of-artificial-intelligence-application-university-of-embu,2026-08-24T19:08:32.940723+00:00
2af8fcef0df3b049,MyJobMag,2af8fcef0df3b049,Generative AI Engineer at Solvo Global,Solvo Global,,Nairobi,Kenya,,0,,"Data, Business Analysis and AI , ICT / Computer",,"Full Time , Remote",3 years,BA/BSc/HND,,,,,Data & AI,https://www.myjobmag.co.ke/job/generative-ai-engineer-solvo-global,2026-08-24T19:08:38.176086+00:00
0e930b132e8a1350,MyJobMag,0e930b132e8a1350,Head of Cloud & Cyber Security at Liquid Intelligent Technologies,Liquid Intelligent Technologies,,Nairobi,Kenya,,0,,ICT / Computer,,Full Time,5 years,"BA/BSc/HND , Professional Certificate",,,,,Cybersecurity,https://www.myjobmag.co.ke/job/head-of-cloud-cyber-security-liquid-intelligent-technologies-1,2026-08-24T19:09:31.714945+00:00
10a7ff773d3d0f7e,MyJobMag,10a7ff773d3d0f7e,ICT Intern - Software Developer at Amref Kenya,Amref Kenya,,Nairobi,Kenya,,0,,"ICT / Computer , Internships",,Full Time,,"BA/BSc/HND , Diploma",,,,,Software & IT,https://www.myjobmag.co.ke/job/ict-intern-software-developer-amref-kenya-1,2026-08-24T19:10:37.534959+00:00
ec4bd4a2949298b2,MyJobMag,ec4bd4a2949298b2,ICT Officer – Physical Hardware Support at Frank Management Consult Ltd,Frank Management Consult Ltd,,Nairobi,Kenya,,0,,ICT / Computer,,Full Time,3 years,BA/BSc/HND,,,,,Software & IT,https://www.myjobmag.co.ke/job/ict-officer-physical-hardware-support-frank-management-consult-ltd,2026-08-24T19:10:43.948134+00:00
afd3af0beac7703e,MyJobMag,afd3af0beac7703e,ICT Support Officer at Username Properities,Username Properities,,Nairobi,Kenya,,0,,ICT / Computer,,Full Time,3 years,"BA/BSc/HND , Professional Certificate",Scale,,,,Software & IT,https://www.myjobmag.co.ke/job/ict-support-officer-username-trade,2026-08-24T19:11:02.013948+00:00
82f71c393843b5d8,MyJobMag,82f71c393843b5d8,"Intern Data Analyst, Data Insights at Save the Children",Save the Children,,Nairobi,Kenya,,0,,"Data, Business Analysis and AI , ICT / Computer , Internships",,"Remote , Hybrid",,BA/BSc/HND,,,,,Data & AI,https://www.myjobmag.co.ke/job/intern-data-analyst-data-insights-save-the-children,2026-08-24T19:12:06.376518+00:00
8f772190b35f6be2,MyJobMag,8f772190b35f6be2,IT Programmer & Web Developer Intern at Future Kenya Ltd,Future Kenya Ltd,,Nairobi,Kenya,,0,,"ICT / Computer , Internships",,"Contract , Full Time",5 years,BA/BSc/HND,,,,,Software & IT,https://www.myjobmag.co.ke/job/it-programmer-web-developer-intern-future-kenya-ltd,2026-08-24T19:12:54.926735+00:00
dbb3bfcbc5a5bbc8,MyJobMag,dbb3bfcbc5a5bbc8,IT Support Officer at Missions of Hope International (MOHI),Missions of Hope International (MOHI),,Nairobi,Kenya,,0,,ICT / Computer,,Full Time,3 years,BA/BSc/HND,,,,,Software & IT,https://www.myjobmag.co.ke/job/it-support-officer-missions-of-hope-international-mohi,2026-08-24T19:13:06.733139+00:00
5dee4180060afda5,MyJobMag,5dee4180060afda5,Junior Software Engineer at CIC Insurance,CIC Insurance,,Nairobi,Kenya,,0,,ICT / Computer,,Full Time,2 years,BA/BSc/HND,,,,,Software & IT,https://www.myjobmag.co.ke/job/junior-software-engineer-cic-insurance,2026-08-24T19:13:35.625880+00:00
94b96f659c786733,MyJobMag,94b96f659c786733,KE-Data Analyst (National) at Church World Service,Church World Service,,Nairobi,Kenya,,0,,"Data, Business Analysis and AI , ICT / Computer",,Full Time,5 years,BA/BSc/HND,,,,,Data & AI,https://www.myjobmag.co.ke/job/ke-data-analyst-national-church-world-service-1,2026-08-24T19:13:40.924715+00:00
5404818a9f7531e1,MyJobMag,5404818a9f7531e1,Key expert 2: Data Science And Software Engineering at Sustainet Group,Sustainet Group,,Nairobi,Kenya,,0,,"Data, Business Analysis and AI , ICT / Computer",,"Contract , Full Time",3 years,BA/BSc/HND,,,,,Data & AI,https://www.myjobmag.co.ke/job/key-expert-2-data-science-and-software-engineering-sustainet-group,2026-08-24T19:13:51.894912+00:00
ef0c1a3d286764fa,MyJobMag,ef0c1a3d286764fa,Lead Application Engineer at Nairobi Hospital,Nairobi Hospital,,Nairobi,Kenya,,0,,ICT / Computer,,Full Time,12 years,"BA/BSc/HND , MBA/MSc/MA , Professional Certificate",,,,,Software & IT,https://www.myjobmag.co.ke/job/lead-application-engineer-nairobi-hospital,2026-08-24T19:14:00.718235+00:00
bff644356155499f,MyJobMag,bff644356155499f,Lecturer Artificial Intelligence and Data Science at Rongo University,Rongo University,,Nairobi,Kenya,,0,,"Data, Business Analysis and AI , Education / Teaching / Training , ICT / Computer",,Full Time,6 years,"MBA/MSc/MA , PhD/Fellowship",,,,,Data & AI,https://www.myjobmag.co.ke/job/lecturer-artificial-intelligence-and-data-science-rongo-university,2026-08-24T19:14:27.868159+00:00
34cc17f33a12429d,MyJobMag,34cc17f33a12429d,Lecturer - Artificial Intelligence & Data Science at Jaramogi Oginga Odinga University of Science and Technology,Jaramogi Oginga Odinga University of Science and Technology,,Siaya,Kenya,,0,,"Data, Business Analysis and AI , Education / Teaching / Training , ICT / Computer",,"Full Time , Part Time",2 years,MBA/MSc/MA,,,,,Data & AI,https://www.myjobmag.co.ke/job/lecturer-artificial-intelligence-data-science-jaramogi-oginga-odinga-university-of-science-and-technology,2026-08-24T19:14:30.604865+00:00
3842fbe3072c7193,MyJobMag,3842fbe3072c7193,Lecturer - Cyber Security at Dedan Kimathi University,Dedan Kimathi University,,Nairobi,Kenya,,0,,"Education / Teaching / Training , ICT / Computer",,Full Time,,PhD/Fellowship,,,,,Cybersecurity,https://www.myjobmag.co.ke/job/lecturer-cyber-security-dedan-kimathi-university,2026-08-24T19:14:40.067001+00:00
c0b0b279c1011c41,MyJobMag,c0b0b279c1011c41,"Lecturer, Data Science and Analytics at Kirinyaga University",Kirinyaga University,,Kirinyaga,Kenya,,0,,"Data, Business Analysis and AI , Education / Teaching / Training , ICT / Computer",,Full Time,3 years,"MBA/MSc/MA , PhD/Fellowship",,,,,Data & AI,https://www.myjobmag.co.ke/job/lecturer-data-science-and-analytics-kirinyaga-university,2026-08-24T19:14:42.585741+00:00
27e0b23d32832600,MyJobMag,27e0b23d32832600,Lecturer - Data Science at Dedan Kimathi University,Dedan Kimathi University,,Nairobi,Kenya,,0,,"Data, Business Analysis and AI , Education / Teaching / Training , ICT / Computer",,Full Time,,PhD/Fellowship,,,,,Data & AI,https://www.myjobmag.co.ke/job/lecturer-data-science-dedan-kimathi-university,2026-08-24T19:14:45.044723+00:00
73c1f74c4172a514,MyJobMag,73c1f74c4172a514,Machine Learning Operations Specialist – CIMMYT at Center for International Forestry Research (CIFOR),Center for International Forestry Research (CIFOR),,Nairobi,Kenya,,0,,"Data, Business Analysis and AI , ICT / Computer",,"Contract , Full Time",3 years,BA/BSc/HND,,,,,Data & AI,https://www.myjobmag.co.ke/job/machine-learning-operations-specialist-cimmyt-center-for-international-forestry-research-cifor,2026-08-24T19:15:34.719327+00:00
9010192bf6fdb58f,MyJobMag,9010192bf6fdb58f,"Manager, Data Engineer, Data Innovation Office at Aga Khan University Hospital",Aga Khan University Hospital,,Nairobi,Kenya,,0,,"Data, Business Analysis and AI , ICT / Computer",,Full Time,5 years,"BA/BSc/HND , MBA/MSc/MA",,,,,Data & AI,https://www.myjobmag.co.ke/job/manager-data-engineer-data-innovation-office-aga-khan-university-hospital,2026-08-24T19:15:42.933774+00:00
3dbda87b984ddc4a,MyJobMag,3dbda87b984ddc4a,"Manager – Group Systems, IT & Cybersecurity at Victory Farms",Victory Farms,,Nairobi,Kenya,,0,,ICT / Computer,,Full Time,10 years,BA/BSc/HND,,,,,Cybersecurity,https://www.myjobmag.co.ke/job/manager-group-systems-it-cybersecurity-victory-farms,2026-08-24T19:15:49.000630+00:00
25a263976ee7dca2,MyJobMag,25a263976ee7dca2,Marine Spatial Data Analyst (Maternity Cover) at Blue Ventures,Blue Ventures,,Nairobi,Kenya,,0,,"Data, Business Analysis and AI , ICT / Computer",,Remote,,BA/BSc/HND,,,,,Data & AI,https://www.myjobmag.co.ke/job/marine-spatial-data-analyst-maternity-cover-blue-ventures,2026-08-24T19:16:08.200589+00:00
814120612498ba66,MyJobMag,814120612498ba66,Mid Level Data Scientist at Tezza Business Solutions Ltd,Tezza Business Solutions Ltd,,Nairobi,Kenya,,0,,"Data, Business Analysis and AI , ICT / Computer",,Full Time,5 years,BA/BSc/HND,,,,,Data & AI,https://www.myjobmag.co.ke/job/mid-level-data-scientist-tezza-business-solutions-ltd-2,2026-08-24T19:16:46.213897+00:00
03e34a07cd356e6e,MyJobMag,03e34a07cd356e6e,Mobile Application Developer at Sheer Logic,Sheer Logic,,Nairobi,Kenya,,0,,ICT / Computer,,Full Time,4 years,BA/BSc/HND,,,,,Software & IT,https://www.myjobmag.co.ke/job/mobile-application-developer-sheer-logistics,2026-08-24T19:16:55.197356+00:00
28cfca63565ec142,MyJobMag,28cfca63565ec142,Network Engineer- All Interested Applicants at U.S. Embassy to Kenya,U.S. Embassy to Kenya,,Nairobi,Kenya,,0,,ICT / Computer,,Full Time,5 years,"BA/BSc/HND , Professional Certificate",,,,,Networking,https://www.myjobmag.co.ke/job/network-engineer-all-interested-applicants-u-s-embassy-to-kenya,2026-08-24T19:17:38.718914+00:00
26f237a9ea31b42d,MyJobMag,26f237a9ea31b42d,Network Engineer at Zetech University,Zetech University,,Nairobi,Kenya,,0,,ICT / Computer,,Full Time,5 years,"Diploma , Professional Certificate",,,,,Networking,https://www.myjobmag.co.ke/job/network-engineer-zetech-university-1,2026-08-24T19:17:41.784352+00:00
a6db6715dfeec923,MyJobMag,a6db6715dfeec923,Network Security Engineer at CIC Insurance,CIC Insurance,,Nairobi,Kenya,,0,,ICT / Computer,,Full Time,5 years,"BA/BSc/HND , Professional Certificate",,,,,Cybersecurity,https://www.myjobmag.co.ke/job/network-security-engineer-cic-insurance-1,2026-08-24T19:17:44.351686+00:00
5dd814521dbe21f0,MyJobMag,5dd814521dbe21f0,Part Time Lecturer - Artificial Intelligence (AI) & Machine Learning - 2 Posts at Kaimosi Friends University College (KAFUCO),Kaimosi Friends University College (KAFUCO),,Nairobi,Kenya,,0,,"Data, Business Analysis and AI , Education / Teaching / Training , ICT / Computer",,Part Time,,"MBA/MSc/MA , PhD/Fellowship",,,,,Data & AI,https://www.myjobmag.co.ke/job/part-time-lecturer-artificial-intelligence-ai-machine-learning-2-posts-kaimosi-friends-university-college-kafuco,2026-08-24T19:18:26.462175+00:00
c85db4a61aaca1be,MyJobMag,c85db4a61aaca1be,Part Time Lecturer - Cybersecurity - 2 Posts at Kaimosi Friends University College (KAFUCO),Kaimosi Friends University College (KAFUCO),,Nairobi,Kenya,,0,,"Education / Teaching / Training , ICT / Computer",,Part Time,,"MBA/MSc/MA , PhD/Fellowship",,,,,Cybersecurity,https://www.myjobmag.co.ke/job/part-time-lecturer-cybersecurity-2-posts-kaimosi-friends-university-college-kafuco,2026-08-24T19:18:37.134762+00:00
8b38c997c7431fa4,MyJobMag,8b38c997c7431fa4,Part Time Lecturer - Data Science & Big Data - 2 Posts at Kaimosi Friends University College (KAFUCO),Kaimosi Friends University College (KAFUCO),,Nairobi,Kenya,,0,,"Data, Business Analysis and AI , Education / Teaching / Training , ICT / Computer",,Part Time,,"MBA/MSc/MA , PhD/Fellowship",,,,,Data & AI,https://www.myjobmag.co.ke/job/part-time-lecturer-data-science-big-data-2-posts-kaimosi-friends-university-college-kafuco,2026-08-24T19:18:41.495131+00:00
8ff83b46fcb0b1c0,MyJobMag,8ff83b46fcb0b1c0,"Part-time Lectures - Information Technology, Computing and Artificial Intelligence at The Open University of Kenya",The Open University of Kenya,,Nairobi,Kenya,,0,,"Data, Business Analysis and AI , Education / Teaching / Training , ICT / Computer",,Part Time,3 years,"MBA/MSc/MA , PhD/Fellowship",,,,,Data & AI,https://www.myjobmag.co.ke/job/part-time-lectures-information-technology-computing-and-artificial-intelligence-the-open-university-of-kenya,2026-08-24T19:19:27.053599+00:00
1db470e6bd783f4c,MyJobMag,1db470e6bd783f4c,Principal ICT Officer at Coast Water Works Development Agency (CWWDA),Coast Water Works Development Agency (CWWDA),,Mombasa,Kenya,,0,,ICT / Computer,,Full Time,9 years,"BA/BSc/HND , Professional Certificate",,,,,Software & IT,https://www.myjobmag.co.ke/job/principal-ict-officer-coast-water-works-development-agency-cwwda,2026-08-24T19:20:07.633473+00:00
8d0c0cfd1e6f6fca,MyJobMag,8d0c0cfd1e6f6fca,Product Owner at HFCB Kenya,HFCB Kenya,,Nairobi,Kenya,,0,,ICT / Computer,,Full Time,7 years,BA/BSc/HND,,,,,Product & UX,https://www.myjobmag.co.ke/job/product-owner-hf-group-1,2026-08-24T19:20:44.365632+00:00
efe031326e5e08e4,MyJobMag,efe031326e5e08e4,Project Data Analyst at University of Nairobi,University of Nairobi,,Nairobi,Kenya,,0,,"Data, Business Analysis and AI , ICT / Computer",,Full Time,3 years,MBA/MSc/MA,,,,,Data & AI,https://www.myjobmag.co.ke/job/project-data-analyst-university-of-nairobi,2026-08-24T19:20:59.649593+00:00
79a9dcad073cfef9,MyJobMag,79a9dcad073cfef9,QA Analyst at She Code Africa,She Code Africa,,Nairobi,Kenya,,0,,"Data, Business Analysis and AI , ICT / Computer , Volunteer",,"Part Time , Remote",,BA/BSc/HND,,,,,QA & Testing,https://www.myjobmag.co.ke/job/qa-analyst-she-code-africa-1,2026-08-24T19:21:08.630060+00:00
14af243b9bff8023,MyJobMag,14af243b9bff8023,QA Tester & Technical Documentation Specialist at Softclans Technologies Limited,Softclans Technologies Limited,,Nairobi,Kenya,,0,,ICT / Computer,,Full Time,,BA/BSc/HND,,,,,QA & Testing,https://www.myjobmag.co.ke/job/qa-tester-technical-documentation-specialist-softclans-technologies-limited,2026-08-24T19:21:16.702687+00:00
7a9e141666393f89,MyJobMag,7a9e141666393f89,QSSK-IT & Zoho Systems Administrator at Q-Sourcing Servtec Group,Q-Sourcing Servtec Group,,Nairobi,Kenya,,0,,ICT / Computer,,Full Time,2 years,"BA/BSc/HND , Diploma",,,,,Software & IT,https://www.myjobmag.co.ke/job/qssk-it-zoho-systems-administrator-q-sourcing-servtec-group,2026-08-24T19:21:22.196420+00:00
9e08ece80a253292,MyJobMag,9e08ece80a253292,SAP CI DevOps Engineer at Deloitte Consulting,Deloitte Consulting,,Nairobi,Kenya,,0,,ICT / Computer,,Full Time,4 years,BA/BSc/HND,,,,,Cloud & DevOps,https://www.myjobmag.co.ke/job/sap-ci-devops-engineer-deloitte-consulting,2026-08-24T19:23:30.783122+00:00
851235d3dc16b720,MyJobMag,851235d3dc16b720,Sectional IP Network Engineer- Field - Central at HCS Affiliates Group,HCS Affiliates Group,,Nairobi,Kenya,,0,,"Engineering / Technical , ICT / Computer",,"Full Time , Onsite",5 years,BA/BSc/HND,,,,,Networking,https://www.myjobmag.co.ke/job/sectional-ip-network-engineer-field-central-hcs-affiliates-group-2,2026-08-24T19:23:37.224703+00:00
b5541af6148a46d4,MyJobMag,b5541af6148a46d4,Sectional IP Network Engineer- Field - Nairobi at HCS Affiliates Group,HCS Affiliates Group,,Nairobi,Kenya,,0,,"Engineering / Technical , ICT / Computer",,"Full Time , Onsite",5 years,BA/BSc/HND,,,,,Networking,https://www.myjobmag.co.ke/job/sectional-ip-network-engineer-field-nairobi-hcs-affiliates-group,2026-08-24T19:23:43.173891+00:00
fbac5d2f8acf8921,MyJobMag,fbac5d2f8acf8921,Senior AI Engineer / AI Technical Lead at Green Com Enterprise Solutions Ltd,Green Com Enterprise Solutions Ltd,,Nairobi,Kenya,,0,,"Data, Business Analysis and AI , ICT / Computer",,"Full Time , Onsite",5 years,BA/BSc/HND,,,,,Data & AI,https://www.myjobmag.co.ke/job/senior-ai-engineer-ai-technical-lead-green-com-enterprise-solutions-ltd,2026-08-24T19:23:52.698037+00:00
9c046825f68e5861,MyJobMag,9c046825f68e5861,Senior Associate – IT Support & Admin at Peach Cars KE,Peach Cars KE,,Nairobi,Kenya,,0,,ICT / Computer,,Full Time,5 years,"BA/BSc/HND , Diploma",,,,,Software & IT,https://www.myjobmag.co.ke/job/senior-associate-it-support-admin-peach-cars-ke,2026-08-24T19:24:19.892490+00:00
cb629f41d9cb6aa5,MyJobMag,cb629f41d9cb6aa5,Senior Backend Engineer at HFCB Kenya,HFCB Kenya,,Nairobi,Kenya,,0,,ICT / Computer,,Full Time,10 years,"BA/BSc/HND , MBA/MSc/MA , Professional Certificate",,,,,Software & IT,https://www.myjobmag.co.ke/job/senior-backend-engineer-hf-group-1,2026-08-24T19:24:29.191320+00:00
7e8a339fb2713d0c,MyJobMag,7e8a339fb2713d0c,Senior Cybersecurity at Solvo Global,Solvo Global,,Nairobi,Kenya,,0,,ICT / Computer,,Full Time,5 years,BA/BSc/HND,,,,,Cybersecurity,https://www.myjobmag.co.ke/job/senior-cybersecurity-solvo-global,2026-08-24T19:24:40.605420+00:00
1c8fd7a40872aeef,MyJobMag,1c8fd7a40872aeef,Senior Data Engineer at CIC Insurance,CIC Insurance,,Nairobi,Kenya,,0,,"Data, Business Analysis and AI , ICT / Computer",,Full Time,4 years,BA/BSc/HND,,,,,Data & AI,https://www.myjobmag.co.ke/job/senior-data-engineer-cic-insurance,2026-08-24T19:24:43.610987+00:00
56ed870c67c72f1a,MyJobMag,56ed870c67c72f1a,Senior Data Engineer at CloudFactory,CloudFactory,,Nairobi,Kenya,,0,,"Data, Business Analysis and AI , ICT / Computer",,Full Time,5 years,BA/BSc/HND,,,,,Data & AI,https://www.myjobmag.co.ke/job/senior-data-engineer-cloudfactory,2026-08-24T19:24:46.544408+00:00
8a57805d86ef2a31,MyJobMag,8a57805d86ef2a31,Senior DevOps Engineer at Absa Bank Limited,Absa Bank Limited,,Nairobi,Kenya,,0,,ICT / Computer,,Full Time,8 years,"BA/BSc/HND , Professional Certificate",,,,,Cloud & DevOps,https://www.myjobmag.co.ke/job/senior-devops-engineer-absa-bank-limited,2026-08-24T19:24:51.750305+00:00
5ec0ea8ed97bab6c,MyJobMag,5ec0ea8ed97bab6c,Senior Full Stack Developer Technical Lead at East African Data Handlers,East African Data Handlers,,Nairobi,Kenya,,0,,ICT / Computer,,"Full Time , Remote , Hybrid",7 years,BA/BSc/HND,,,,,Software & IT,https://www.myjobmag.co.ke/job/senior-full-stack-developer-technical-lead-east-african-data-handlers,2026-08-24T19:25:04.725286+00:00
d59abca2aeb5e0aa,MyJobMag,d59abca2aeb5e0aa,Senior Lecturer - Cyber Security at Dedan Kimathi University,Dedan Kimathi University,,Nairobi,Kenya,,0,,"Education / Teaching / Training , ICT / Computer",,Full Time,3 years,PhD/Fellowship,,,,,Cybersecurity,https://www.myjobmag.co.ke/job/senior-lecturer-cyber-security-dedan-kimathi-university,2026-08-24T19:25:13.782339+00:00
b7e1c7ce4494ccb9,MyJobMag,b7e1c7ce4494ccb9,Senior Lecturer - Data Science at Dedan Kimathi University,Dedan Kimathi University,,Nairobi,Kenya,,0,,"Data, Business Analysis and AI , Education / Teaching / Training , ICT / Computer",,Full Time,3 years,PhD/Fellowship,,,,,Data & AI,https://www.myjobmag.co.ke/job/senior-lecturer-data-science-dedan-kimathi-university,2026-08-24T19:25:18.618701+00:00
bbc1f6c4a2cdbe7d,MyJobMag,bbc1f6c4a2cdbe7d,Senior Lecturer - Data Science/Statistics at Zetech University,Zetech University,,Nairobi,Kenya,,0,,"Data, Business Analysis and AI , Education / Teaching / Training , ICT / Computer",,Full Time,3 years,"BA/BSc/HND , MBA/MSc/MA , PhD/Fellowship",,,,,Data & AI,https://www.myjobmag.co.ke/job/senior-lecturer-data-science-statistics-zetech-university,2026-08-24T19:25:21.780890+00:00
a7a0cb618acebf50,MyJobMag,a7a0cb618acebf50,Senior Platform/Solution Architect at Tezza Business Solutions Ltd,Tezza Business Solutions Ltd,,Nairobi,Kenya,,0,,ICT / Computer,,"Contract , Full Time , Onsite",15 years,BA/BSc/HND,,,,,Software & IT,https://www.myjobmag.co.ke/job/senior-platform-solution-architect-tezza-business-solutions-ltd-1,2026-08-24T19:25:57.160261+00:00
a5de391af90e0ffc,MyJobMag,a5de391af90e0ffc,"Senior Software Engineer, Google Play at Google",Google,,Nairobi,Kenya,,0,,ICT / Computer,,Full Time,5 years,"BA/BSc/HND , MBA/MSc/MA , PhD/Fellowship",,,,,Software & IT,https://www.myjobmag.co.ke/job/senior-software-engineer-google-play-google-1,2026-08-24T19:26:11.840988+00:00
b2a73fbc77ab88b3,MyJobMag,b2a73fbc77ab88b3,Senior Software Engineer at Solvo Global,Solvo Global,,Nairobi,Kenya,,0,,ICT / Computer,,"Full Time , Onsite",12 years,,,,,,Software & IT,https://www.myjobmag.co.ke/job/senior-software-engineer-solvo-global,2026-08-24T19:26:14.313611+00:00
86ef610b6e6d9bbb,MyJobMag,86ef610b6e6d9bbb,Senior Software QA Engineer at Solvo Global,Solvo Global,,Nairobi,Kenya,,0,,ICT / Computer,,"Full Time , Onsite",6 years,BA/BSc/HND,,,,,QA & Testing,https://www.myjobmag.co.ke/job/senior-software-qa-engineer-solvo-global,2026-08-24T19:26:20.051312+00:00
8792d79f2e738730,MyJobMag,8792d79f2e738730,Senior Specialist – Cyber Security Assurance at Safaricom Kenya,Safaricom Kenya,,Nairobi,Kenya,,0,,ICT / Computer,,"Full Time , Hybrid",4 years,"BA/BSc/HND , Professional Certificate",,,,,Cybersecurity,https://www.myjobmag.co.ke/job/senior-specialist-cyber-security-assurance-safaricom-kenya,2026-08-24T19:26:23.838948+00:00
f5b1c1cd257b0a8a,MyJobMag,f5b1c1cd257b0a8a,Senior Statistical Programmer at IQVIA,IQVIA,,Nairobi,Kenya,,0,,"Data, Business Analysis and AI , ICT / Computer",,Full Time,5 years,BA/BSc/HND,,,,,Software & IT,https://www.myjobmag.co.ke/job/senior-statistical-programmer-iqvia-15,2026-08-24T19:26:30.686767+00:00
ecc98b45edc9610b,MyJobMag,ecc98b45edc9610b,Software Developer/Analyst at International Rescue Committee,International Rescue Committee,,Nairobi,Kenya,,0,,"Data, Business Analysis and AI , ICT / Computer",,"Full Time , Hybrid",5 years,BA/BSc/HND,,,,,Software & IT,https://www.myjobmag.co.ke/job/software-developer-analyst-international-rescue-committee,2026-08-24T19:26:54.654429+00:00
53758661e8d85359,MyJobMag,53758661e8d85359,Software Development & AI (100) Posts at ICT Authority,ICT Authority,,Nairobi,Kenya,,0,,"Data, Business Analysis and AI , Graduate Jobs , ICT / Computer",,Full Time,29 yrs,BA/BSc/HND,,,,,Software & IT,https://www.myjobmag.co.ke/job/software-development-ai-100-posts-ict-authority,2026-08-24T19:26:57.214591+00:00
2024710ff707ea1f,MyJobMag,2024710ff707ea1f,Software Development And End User Support Intern at BIMAS Kenya Limited,BIMAS Kenya Limited,,Nairobi,Kenya,,0,,"ICT / Computer , Internships",,"Contract , Full Time",,BA/BSc/HND,,,,,Software & IT,https://www.myjobmag.co.ke/job/software-development-and-end-user-support-intern-bimas-kenya-limited-2,2026-08-24T19:26:59.875205+00:00
059e750524da9265,MyJobMag,059e750524da9265,Software Engineer - 2 Posts at Kenya Space Agency,Kenya Space Agency,,Nairobi,Kenya,,0,,ICT / Computer,,Full Time,,BA/BSc/HND,,,,,Software & IT,https://www.myjobmag.co.ke/job/software-engineer-2-posts-kenya-space-agency,2026-08-24T19:27:02.423989+00:00
a40c109a9f865e6a,MyJobMag,a40c109a9f865e6a,Software Engineer at IBM,IBM,,Nairobi,Kenya,,0,,ICT / Computer,,Full Time,,BA/BSc/HND,,,,,Software & IT,https://www.myjobmag.co.ke/job/software-engineer-ibm-9,2026-08-24T19:27:05.098474+00:00
63de909fee95f8e0,MyJobMag,63de909fee95f8e0,Solution Architect at Ericsson,Ericsson,,Nairobi,Kenya,,0,,"Engineering / Technical , ICT / Computer",,Full Time,7 years,"BA/BSc/HND , MBA/MSc/MA",,,,,Software & IT,https://www.myjobmag.co.ke/job/solution-architect-ericsson-49,2026-08-24T19:27:14.099274+00:00
71970b970dbb1970,MyJobMag,71970b970dbb1970,Solutions Architect & Presales Engineer at Jamii Telecommunications,Jamii Telecommunications,,Nairobi,Kenya,,0,,ICT / Computer,,Full Time,7 years,BA/BSc/HND,,,,,Software & IT,https://www.myjobmag.co.ke/job/solutions-architect-presales-engineer-jamii-telecommunications,2026-08-24T19:27:16.679101+00:00
868cb93a254e3269,MyJobMag,868cb93a254e3269,SR Software Engineer at Solvo Global,Solvo Global,,Nairobi,Kenya,,0,,ICT / Computer,,Full Time,10 years,BA/BSc/HND,,,,,Software & IT,https://www.myjobmag.co.ke/job/sr-software-engineer-solvo-global,2026-08-24T19:27:28.707285+00:00
7723342852dfb4ad,MyJobMag,7723342852dfb4ad,"Staff Software Engineer, Google Play at Google",Google,,Nairobi,Kenya,,0,,ICT / Computer,,Full Time,8 years,"BA/BSc/HND , MBA/MSc/MA , PhD/Fellowship",,,,,Software & IT,https://www.myjobmag.co.ke/job/staff-software-engineer-google-play-google-3,2026-08-24T19:27:33.768573+00:00
71ebf8a738d4daab,MyJobMag,71ebf8a738d4daab,Students Supervisor - Master of Data Science at The Open University of Kenya,The Open University of Kenya,,Nairobi,Kenya,,0,,"Data, Business Analysis and AI , Education / Teaching / Training , ICT / Computer",,Full Time,,"MBA/MSc/MA , PhD/Fellowship",,,,,Data & AI,https://www.myjobmag.co.ke/job/students-supervisor-master-of-data-science-the-open-university-of-kenya,2026-08-24T19:27:48.428432+00:00
5c1811db25637594,MyJobMag,5c1811db25637594,Students Supervisor - Master of Science in Artificial Intelligence at The Open University of Kenya,The Open University of Kenya,,Nairobi,Kenya,,0,,"Data, Business Analysis and AI , Education / Teaching / Training , ICT / Computer",,Full Time,,"MBA/MSc/MA , PhD/Fellowship",,,,,Data & AI,https://www.myjobmag.co.ke/job/students-supervisor-master-of-science-in-artificial-intelligence-the-open-university-of-kenya,2026-08-24T19:27:53.244742+00:00
7525c012b3ecc7ff,MyJobMag,7525c012b3ecc7ff,Systems Administrator - Associate_299 at I&M Bank,I&M Bank,,Nairobi,Kenya,,0,,ICT / Computer,,Full Time,2 years,"BA/BSc/HND , Professional Certificate",,,,,Software & IT,https://www.myjobmag.co.ke/job/systems-administrator-associate-299-i-m-bank,2026-08-24T19:28:05.588108+00:00
4c7f845fd07da099,MyJobMag,4c7f845fd07da099,Technology & Information Product Owner at International Committee of the Red Cross (ICRC),International Committee of the Red Cross (ICRC),,Nairobi,Kenya,,0,,ICT / Computer,,"Contract , Full Time",5 years,BA/BSc/HND,,,,,Product & UX,https://www.myjobmag.co.ke/job/technology-information-product-owner-international-committee-of-the-red-cross-icrc,2026-08-24T19:28:44.255130+00:00
4f0d7031ffbe868a,MyJobMag,4f0d7031ffbe868a,Tutorial Fellow - Data Science at Zetech University,Zetech University,,Kiambu,Kenya,,0,,"Data, Business Analysis and AI , Education / Teaching / Training , ICT / Computer",,Full Time,3 years,"BA/BSc/HND , MBA/MSc/MA , PhD/Fellowship , Professional Certificate",,,,,Data & AI,https://www.myjobmag.co.ke/job/tutorial-fellow-data-science-zetech-university,2026-08-24T19:29:19.776562+00:00
c0a6532db5d08e8c,MyJobMag,c0a6532db5d08e8c,UI / UX Designer at Co-operative Bank of Kenya,Co-operative Bank of Kenya,,Nairobi,Kenya,,0,,"ICT / Computer , UX, Design and Architecture",,Full Time,3 years,BA/BSc/HND,,,,,Product & UX,https://www.myjobmag.co.ke/job/ui-ux-designer-co-operative-bank-of-kenya,2026-08-24T19:29:24.988638+00:00
fab3b0fd48566ffd,MyJobMag,fab3b0fd48566ffd,Web Developer at Savannah Informatics,Savannah Informatics,,Nairobi,Kenya,,0,,ICT / Computer,,Full Time,,BA/BSc/HND,,,,,Software & IT,https://www.myjobmag.co.ke/job/web-developer-savannah-informatics-4,2026-08-24T19:29:32.040271+00:00
268d4dec8873a627,MyJobMag,268d4dec8873a627,WMS & IT Support Supervisor at Platinum Outsourcing and Logistics,Platinum Outsourcing and Logistics,,Nairobi,Kenya,,0,,ICT / Computer,,"Contract , Full Time",4 years,"BA/BSc/HND , Professional Certificate",,,,,Software & IT,https://www.myjobmag.co.ke/job/wms-it-support-supervisor-platinum-outsourcing-and-logistics,2026-08-24T19:29:36.347026+00:00
25993293f224d2c6,Fuzu,25993293f224d2c6,"Accounting, finance, banking, insurance Jobs in Kenya","Description Key Responsibilities 1. Project Financial Management Manage the financial aspects of assigned projects throughout the project lifecycle, from proposal development to project close-out Ensure project expenditure is correctly budgeted, coded, authorized, recorded and supported by appropriate documentation. Monitor project expenditure against approved budgets and identify significant variances, risks, and funding gaps. Provide financial advice to Project Managers and program teams on project implementation and expenditure. Ensure project funds are used efficiently and in accordance with donor and organizational requirements. Monitor staff, partner and project advances and ensure timely liquidation and reconciliation. 2. Budgeting and Forecasting Lead the development of project budgets in collaboration with Program/Project Managers. Review project budgets to ensure they are realistic, complete, and aligned with program activities and donor requirements. Prepare monthly/quarterly project forecasts and cash-flow projections. Conduct budget-versus-actual analysis and provide explanations and recommendations for significant variances. Support budget revisions, reallocations, and other financial changes required during project implementation. Support annual organizational and departmental budgeting. 3. Donor Financial Management and Compliance Ensure compliance with donor financial rules, grant agreements and approved project budgets. Prepare and/or review donor financial reports and ensure timely submission. Maintain a clear record of donor financial requirements, reporting deadlines, and budget restrictions. Review donor contracts and agreements from a financial perspective and advise management of financial risks and obligations. Respond to donor financial queries and support donor audits. Ensure project expenditure is eligible, allowable, reasonable, and adequately documented. 4. Financial Reporting and Analysis Prepare monthly, quarterly, and annual project financial reports. Prepare budget-versus-actual reports and variance analysis for management and Project Managers. Provide financial information for management, donor, Board and audit reporting. Analyze project expenditure, burn rates, forecasts, and financial performance. Develop and maintain financial dashboards and management reports where required. Provide timely financial information to support program decision-making. 5. Financial Controls and Risk Management Ensure effective financial controls are implemented across projects and organizational operations. Monitor compliance with financial policies, procedures, and delegated authorities. Identify financial, fraud and compliance risks and recommend appropriate mitigation measures. Ensure proper segregation of duties and adequate supporting documentation. Follow up financial control weaknesses and audit recommendations. Promote accountability, transparency, and value for money across all projects. 6. Partner Financial Management Where projects are implemented through partners: Participate in financial due diligence and capacity assessments of implementing partners. Review partner budgets and financial reports. Monitor partner expenditure and advances. Conduct financial monitoring and spot checks as required. Identify financial control weaknesses and follow up on corrective actions. Provide financial management training and support to partners where required. 7. Accounting and Treasury Oversight Oversee accounts payable, accounts receivable, and general ledger processes. Review KES and foreign currency bank reconciliations, MPESA reconciliations, and other account reconciliations. Monitor cash requirements and prepare cash-flow forecasts. Oversee accruals, prepayments, journal entries, and month-end/year-end closing. Ensure proper management of fixed assets, inventory, and the fixed asset register. Ensure accurate and complete financial records and audit trails are maintained. 8. Statutory Compliance Ensure timely preparation, reconciliation and submission of applicable statutory returns and payments, including PAYE, NSSF, SHIF, VAT, withholding tax and instalment tax. Liaise with relevant statutory authorities to resolve financial and tax matters. Monitor changes in relevant financial and tax requirements and advise management accordingly. 9. Audit and Project Close-Out Coordinate project and organizational financial audits. Prepare audit schedules and support documentation. Respond to audit queries and follow up on implementation of audit recommendations. Lead the financial aspects of project close-out, including reconciliation of expenditure, advances, assets, commitments and final donor financial reports. Ensure project financial records are complete and properly archived. 10. Capacity Building and Financial Business Partnering Build the financial management capacity of Project Managers and program staff. Train non-finance staff on budgeting, financial procedures, donor compliance, and budget monitoring. Support program teams to understand and use financial information for decision-making. Promote a culture of financial accountability across the organization. Identify opportunities to improve financial systems, processes, reporting, and automation. Key Qualifications and Experience Bachelor's degree in accounting, Finance, Commerce, Business Administration or related field. Professional qualifications such as CPA(K), ACCA, or equivalent . At least 5 years' relevant professional experience , preferably in an NGO, international development or donor-funded organization. Demonstrated experience in budgeting, forecasting, financial reporting, and budget monitoring. Experience with donor-funded projects and donor compliance. Strong knowledge of Kenyan statutory and tax requirements. Experience in financial audits, internal controls, and risk management. Strong Excel, financial analysis skills, and experience using accounting/ERP systems.","Search for jobs Nairobi Kenya Lamu Kenya Mombasa Kenya Embu Kenya Garissa Kenya Nyeri Kenya Meru Kenya Kerugoya Kenya Nanyuki Kenya Thika Kenya Nakuru Kenya Machakos Kenya Kisumu Kenya Homa Bay Kenya Kitale Kenya Kilifi Kenya Hola Kenya Eldoret Kenya Busia Kenya Athi River Kenya Show jobs Clear filters Published < Published Last 1 week Last 30 days Latest 24 hours Profession < Accounting, finance, banking, insurance Administrative, clerical Agriculture, fishing, forestry, wildlife Business, strategic management Construction Customer support, client care Design, arts Electrical engineering Energy, power Engineering, architecture Entertainment Food, nutrition General management, leadership Government, community development, public services Human resources Information technology, software development, data Installation, maintenance, repair Legal Manufacturing, operations, quality Mechanical engineering Media, communications, languages Medical, health Project, program management Research, academy Restaurant, hospitality, travel Sales, marketing, promotion Security Skilled, manual labor Sports, beauty, wellbeing Teaching, training Telecommunications Transportation, logistics, driving Industry < Agriculture, fishing, forestry Automotive Banking, microfinance, insurance Communications, media, radio, tv Computers, software development and services Construction, renovation, maintenance Data/Research Education, academic Energy, utilities, environment Finance & FinTech Financial Services Health care, medical Housekeeping, maintenance Human resources, talent development, recruiting Legal, accounting Manufacturing Marketing, advertising Non-profit, social work Real estate Restaurant, hospitality, travel Retail, wholesale, FMCG Telecommunications Transportation, logistics, storage Seniority < Seniority Entry and Basic-level Mid-level Senior-level Show jobs Clear filters",Nairobi • Kenya,Kenya,On-site,0,,"Information Technology, Software Development, Data",,About the job,,,,,,,Software & IT,https://www.fuzu.com/kenya/job/accounting-finance,2026-08-24T19:30:17.329164+00:00
d78ffc22923d0f89,Fuzu,d78ffc22923d0f89,"Administrative, clerical Jobs in Kenya","Description THE ORGANISATION Finlays is a leading independent business-to-business supplier of tea, coffee and botanical solutions to beverage brand owners worldwide. The group has established itself as a reliable, responsible, innovative and sustainable producer with a deep knowledge and passion for its products. Sustainability is pivotal to the group's success, and it lies at the heart of what Finlays does and stands for. We invite applications for the position of PMO Clerk on a two (2)- year fixed-term contract at Finlays Tea Extracts Kenya, in our Kericho operations. JOB OVERVIEW: We are looking for a detail‑oriented and motivated PMO Clerk to support our Projects team. Reporting to the Project Manager , the job holder will provide project stores support, document control, and administrative coordination to enable successful project delivery. The Person The ideal candidate must possess the qualifications/competencies outlined below: Diploma in Business Administration, Supply Chain, Project Management, Records Management, or related field At least one (1) year of relevant experience in project administration, document control, inventory/stores management, project coordination, or a similar support role. Technical Competencies Proficiency in the following skills will be an added advantage: MS Office, particularly Excel SharePoint and Document Management Systems Inventory Control Systems ERP Systems, preferably D365 Behavioural Competencies The ideal candidate should possess: Excellent attention to detail Strong planning and organizational skills Effective communication skills Teamwork and collaboration High Integrity and accountability Ability to meet deadlines Key Responsibilities Project Stores Support: receive, track, issue materials, maintain inventory records, and support audits. Document Control: manage drawings, specifications, RFQs, manuals, revisions, transmittals, and archives. PMO Administration: support for meeting coordination, minutes, action trackers, reports, procurement follow-up, and general office support. APPLICATION PROCEDURE: If you meet the requirements of this position, please apply, including a detailed CV, your postal, e-mail and telephone contacts and the names and addresses of three referees. Your application, clearly indicating the position you are applying for, should reach us no later than 2nd September 2026.","Finlays Kenya PMO Clerk Kericho • Kenya Only on Fuzu Amentum NGIS Front Office Supervisor Lamu • Kenya CHASP Advisory Office Manager & Administrator Nairobi • Kenya International Federation of Red Cross And Red Crescent Societies Assistant, Administration - Temporary Staff Nairobi • Kenya Diani Beach Hospital Front Office Supervisor Ukunda • Kenya Amentum Fire & Emergency Services Administrative Assistant Lamu • Kenya Kenyatta University Teaching, Referral and Research Hospital (KUTRRH) Deputy Director, Administration Nairobi • Kenya World Agroforestry Centre (ICRAF) Consultant- Support Functions Nairobi • Kenya GIZ KE Administrative Specialist - (Sustainable Economic Development Cluster) Nairobi • Kenya Closed for applications Only on Fuzu Get personalised job alerts directly to your inbox! Join Fuzu for Free The High Commission of Barbados Protocol and Operations Specialist Nairobi • Kenya Closed for applications Only on Fuzu Prev 1 2 3 Next Top cities with open vacancies Jobs in Nairobi , Jobs in Mombasa , Jobs in Eldoret , Jobs in Thika , Jobs in Migori , Jobs in Lamu , Jobs in Kisumu , Jobs in Ukunda , Jobs in Meru , Jobs in Kericho , Jobs in Kakuma , Jobs in Homa Bay , Jobs in Dadaab Companies hiring now Beachfront VIPingo , Gichugu Technical and Vocational College , Kenya Broadcasting Corporation- KBC , Meru University of Science and Technology , Rift Valley Technical Training Institute- RVTTI Country / Region Africa Nigeria Uganda Profession Accounting, finance, banking, insurance , Administrative, clerical , Agriculture, fishing, forestry, wildlife , Business, strategic management , Construction , Customer support, client care , Design, arts , Electrical engineering , Energy, power , Engineering, architecture , Entertainment , Food, nutrition , General management, leadership , Government, community development, public services , Human resources , Information technology, software development, data , Installation, maintenance, repair , Legal , Manufacturing, operations, quality , Mechanical engineering , Media, communications, languages , Medical, health , Project, program management , Research, academy , Restaurant, hospitality, travel , Sales, marketing, promotion , Security , Skilled, manual labor , Sports, beauty, wellbeing , Teaching, training , Telecommunications , Transportation, logistics, driving , Industry (Administrative, clerical) Aeronautics , Agriculture, fishing, forestry , Automotive , Communications, media, radio, tv , Computers, software development and services , Consulting, business support, auditing , Data/Research , Education, academic , Energy, utilities, environment , Financial Services , Governmental , Health care, medical , Manufacturing , Non-profit, social work , Restaurant, hospitality, travel , Retail, wholesale, FMCG , Transportation, logistics, storage , Seniority (Administrative, clerical) Entry and Basic-level , Mid-level , Senior-level , Fuzu About Fuzu Careers at Fuzu Contact us For Employers © Fuzu Ltd Kenya / Kericho / Administrative, clerical Finlays Kenya Agriculture + 2 more PMO Clerk Only on Fuzu Kericho • Kenya Sign in and Apply Save Share Job details Location Kericho • Kenya Contract Type About the job Company Description THE ORGANISATION Finlays is a leading independent business-to-business supplier of tea, coffee and botanical solutions to beverage brand owners worldwide. The group has established itself as a reliable, responsible, innovative and sustainable producer with a deep knowledge and passion for its products. Sustainability is pivotal to the group's success, and it lies at the heart of what Finlays does and stands for. We invite applications for the position of PMO Clerk on a two (2)- year fixed-term contract at Finlays Tea Extracts Kenya, in our Kericho operations. JOB OVERVIEW: We are looking for a detail‑oriented and motivated PMO Clerk to support our Projects team. Reporting to the Project Manager , the job holder will provide project stores support, document control, and administrative coordination to enable successful project delivery. The Person The ideal candidate must possess the qualifications/competencies outlined below: Diploma in Business Administration, Supply Chain, Project Management, Records Management, or related field At least one (1) year of relevant experience in project administration, document control, inventory/stores management, project coordination, or a similar support role. Technical Competencies Proficiency in the following skills will be an added advantage: MS Office, particularly Excel SharePoint and Document Management Systems Inventory Control Systems ERP Systems, preferably D365 Behavioural Competencies The ideal candidate should possess: Excellent attention to detail Strong planning and organizational skills Effective communication skills Teamwork and collaboration High Integrity and accountability Ability to meet deadlines Key Responsibilities Project Stores Support: receive, track, issue materials, maintain inventory records, and support audits. Document Control: manage drawings, specifications, RFQs, manuals, revisions, transmittals, and archives. PMO Administration: support for meeting coordination, minutes, action trackers, reports, procurement follow-up, and general office support. APPLICATION PROCEDURE: If you meet the requirements of this position, please apply, including a detailed CV, your postal, e-mail and telephone contacts and the names and addresses of three referees. Your application, clearly indicating the position you are applying for, should reach us no later than 2nd September 2026. Tags Administrative, clerical Agriculture, fishing, forestry Entry and Basic-level Kenya Start hiring with Fuzu Recruit better talent faster - on your own or with our support. Explore recruitment platform Job search tips from Fuzu Selected articles on cover letters, CV structure, and interview preparation. Get Interviews: 5 Steps to a Perfect Cover Letter Salary Negotiation Tips and What You Should Focus On Why Do Successful People Love to Do These 5 Things Before Job Interviews? Let’s Find Out Are You Prepared for These 8 Unique Interview Questions? 10 Questions you can Ask your Interviewer Sign in and Apply",Kericho • Kenya,Kenya,On-site,0,,"Information Technology, Software Development, Data",,About the job,,,,,,,Software & IT,https://www.fuzu.com/kenya/job/administrative-clerical,2026-08-24T19:30:20.155717+00:00
90110d8436d157af,Fuzu,90110d8436d157af,"Agriculture, fishing, forestry Jobs in Kenya","Description THE ORGANISATION Finlays is a leading independent business-to-business supplier of tea, coffee and botanical solutions to beverage brand owners worldwide. The group has established itself as a reliable, responsible, innovative and sustainable producer with a deep knowledge and passion for its products. Sustainability is pivotal to the group's success, and it lies at the heart of what Finlays does and stands for. We invite applications for the position of PMO Clerk on a two (2)- year fixed-term contract at Finlays Tea Extracts Kenya, in our Kericho operations. JOB OVERVIEW: We are looking for a detail‑oriented and motivated PMO Clerk to support our Projects team. Reporting to the Project Manager , the job holder will provide project stores support, document control, and administrative coordination to enable successful project delivery. The Person The ideal candidate must possess the qualifications/competencies outlined below: Diploma in Business Administration, Supply Chain, Project Management, Records Management, or related field At least one (1) year of relevant experience in project administration, document control, inventory/stores management, project coordination, or a similar support role. Technical Competencies Proficiency in the following skills will be an added advantage: MS Office, particularly Excel SharePoint and Document Management Systems Inventory Control Systems ERP Systems, preferably D365 Behavioural Competencies The ideal candidate should possess: Excellent attention to detail Strong planning and organizational skills Effective communication skills Teamwork and collaboration High Integrity and accountability Ability to meet deadlines Key Responsibilities Project Stores Support: receive, track, issue materials, maintain inventory records, and support audits. Document Control: manage drawings, specifications, RFQs, manuals, revisions, transmittals, and archives. PMO Administration: support for meeting coordination, minutes, action trackers, reports, procurement follow-up, and general office support. APPLICATION PROCEDURE: If you meet the requirements of this position, please apply, including a detailed CV, your postal, e-mail and telephone contacts and the names and addresses of three referees. Your application, clearly indicating the position you are applying for, should reach us no later than 2nd September 2026.","Finlays Kenya PMO Clerk Kericho • Kenya Only on Fuzu Sucafina Logistics Execution Senior Coordinator Nairobi • Kenya Green Earth Accountant- Meru Meru • Kenya Green Earth Accountant- Nyeri Nyeri • Kenya Green Earth Finance Officer-Nanyuki Nanyuki • Kenya Green Earth Venture Finance Officer- Nyeri Nyeri • Kenya Green Earth Venture Finance Officer- Meru Meru • Kenya Green Earth Finance Officer-Nyeri Nyeri • Kenya Green Earth Venture Finance Officer- Embu Embu • Kenya Get personalised job alerts directly to your inbox! Join Fuzu for Free Green Earth Finance Officer-Meru Meru • Kenya Prev 1 2 3 Next Top cities with open vacancies Jobs in Nairobi , Jobs in Homa Bay , Jobs in Embu , Jobs in Nyeri , Jobs in Meru , Jobs in Kerugoya , Jobs in Ruiru , Jobs in Nanyuki , Jobs in Mombasa , Jobs in Kericho , Jobs in Thika , Jobs in Rumuruti , Jobs in Nakuru , Jobs in Murang’a , Jobs in Kisumu , Jobs in Kiboko Companies hiring now Green Earth , International Livestock Research Institute (ILRI) , Keep IT Cool , Syngenta Kenya , Victory Farms Country / Region Africa Nigeria Uganda Profession (Agriculture, fishing, forestry) Accounting, finance, banking, insurance , Administrative, clerical , Agriculture, fishing, forestry, wildlife , Business, strategic management , Construction , Customer support, client care , Engineering, architecture , Human resources , Information technology, software development, data , Manufacturing, operations, quality , Mechanical engineering , Media, communications, languages , Project, program management , Research, academy , Sales, marketing, promotion , Security , Transportation, logistics, driving , Industry Aeronautics , Agriculture, fishing, forestry , Automotive , Banking, microfinance, insurance , Communications, media, radio, tv , Computers, software development and services , Construction, renovation, maintenance , Consulting, business support, auditing , Data/Research , Education, academic , Energy, utilities, environment , Engineering, architecture , Finance & FinTech , Financial Services , Fitness, well-being and lifestyle , Governmental , Health care, medical , Housekeeping, maintenance , Human resources, talent development, recruiting , Legal, accounting , Manufacturing , Marketing, advertising , Non-profit, social work , Outsourcing, leasing , Real estate , Restaurant, hospitality, travel , Retail, wholesale, FMCG , Security , Telecommunications , Textile, fashion , Transportation, logistics, storage , Seniority (Agriculture, fishing, forestry) Entry and Basic-level , Mid-level , Senior-level , Fuzu About Fuzu Careers at Fuzu Contact us For Employers © Fuzu Ltd Kenya / Kericho / Administrative, clerical Finlays Kenya Agriculture + 2 more PMO Clerk Only on Fuzu Kericho • Kenya Sign in and Apply Save Share Job details Location Kericho • Kenya Contract Type About the job Company Description THE ORGANISATION Finlays is a leading independent business-to-business supplier of tea, coffee and botanical solutions to beverage brand owners worldwide. The group has established itself as a reliable, responsible, innovative and sustainable producer with a deep knowledge and passion for its products. Sustainability is pivotal to the group's success, and it lies at the heart of what Finlays does and stands for. We invite applications for the position of PMO Clerk on a two (2)- year fixed-term contract at Finlays Tea Extracts Kenya, in our Kericho operations. JOB OVERVIEW: We are looking for a detail‑oriented and motivated PMO Clerk to support our Projects team. Reporting to the Project Manager , the job holder will provide project stores support, document control, and administrative coordination to enable successful project delivery. The Person The ideal candidate must possess the qualifications/competencies outlined below: Diploma in Business Administration, Supply Chain, Project Management, Records Management, or related field At least one (1) year of relevant experience in project administration, document control, inventory/stores management, project coordination, or a similar support role. Technical Competencies Proficiency in the following skills will be an added advantage: MS Office, particularly Excel SharePoint and Document Management Systems Inventory Control Systems ERP Systems, preferably D365 Behavioural Competencies The ideal candidate should possess: Excellent attention to detail Strong planning and organizational skills Effective communication skills Teamwork and collaboration High Integrity and accountability Ability to meet deadlines Key Responsibilities Project Stores Support: receive, track, issue materials, maintain inventory records, and support audits. Document Control: manage drawings, specifications, RFQs, manuals, revisions, transmittals, and archives. PMO Administration: support for meeting coordination, minutes, action trackers, reports, procurement follow-up, and general office support. APPLICATION PROCEDURE: If you meet the requirements of this position, please apply, including a detailed CV, your postal, e-mail and telephone contacts and the names and addresses of three referees. Your application, clearly indicating the position you are applying for, should reach us no later than 2nd September 2026. Tags Administrative, clerical Agriculture, fishing, forestry Entry and Basic-level Kenya Start hiring with Fuzu Recruit better talent faster - on your own or with our support. Explore recruitment platform Job search tips from Fuzu Selected articles on cover letters, CV structure, and interview preparation. Get Interviews: 5 Steps to a Perfect Cover Letter Salary Negotiation Tips and What You Should Focus On Why Do Successful People Love to Do These 5 Things Before Job Interviews? Let’s Find Out Are You Prepared for These 8 Unique Interview Questions? 10 Questions you can Ask your Interviewer Sign in and Apply",Kericho • Kenya,Kenya,On-site,0,,"Information Technology, Software Development, Data",,About the job,,,,,,,Software & IT,https://www.fuzu.com/kenya/job/agriculture-fishing,2026-08-24T19:30:23.040173+00:00
469bf1637b72290e,Fuzu,469bf1637b72290e,"Agriculture, fishing, forestry, wildlife Jobs in Kenya","Description Background The German Federal Ministry for Economic Cooperation and Development (BMZ) has commissioned GIZ to implement the “Strengthening Resilience through Food and Nutrition Security for Refugees and Host Communities in Sudan” project under the Special Initiative Displaced Persons and Host Countries. The project aims to strengthen food and nutrition security, livelihoods and community resilience among refugees, internally displaced persons and host communities through four key areas: Climate-smart agriculture: Building small-scale farmers’ skills in sustainable food production, processing and value addition, with a strong focus on women. Women’s economic empowerment: Supporting income-generating opportunities through food processing, entrepreneurship and small business management. Nutrition and hygiene: Promoting improved nutrition and hygiene practices among communities. Social cohesion and resilience: Strengthening peaceful coexistence and community cohesion among refugees, internally displaced persons and host communities. B. Responsibilities Supportingthe effective and good quality implementation of partner organizations’projects Developingpartner capacities and support the integrated area approach of the project in the field of climate smart agriculture, seed sovereignty, post-harvestmanagement, natural resource management Supportingwomen’s income-generating activities in agri-food processing and smallbusinessmanagement Ensuringa market-oriented design of partner activities Mainstreamingnutrition and hygiene considerations in partner trainings and guidance Overseeingthe distribution of activities between target groups with a special emphasis on women C. Tasks 1. Coordination Coordination of the activities within the financing agreements of partnerorganisations Coordination of partner activities with regards to agriculture, foodsecurity and income generation, including nutrition and hygiene, with technicaloversight, advisory support and verification of implementation quality (e.g.market linkages for women-led enterprises, basic business coaching, andintegration of safe handling, storage and hygiene practices) Coordinationbetween consultants and partner organisations aswell as with the project team and in particular the MEL advisor Portfolio-wide coordination with other projects Attending stakeholder coordination meetings 2. Technical Input Mapping of land use over time and design ofappropriate and contextually appropriate agricultural activities Provide technical input on income generationand nutrition/hygiene within agri-food systems, including basic market andvalue chain analysis for selected products, practical guidance on women-ledprocessing and small business management, and integration of essential foodsafety and hygiene practices into partner materials and trainings Follow up on research questions to support evidence-based decision makingin the agricultural and food security sector in Sudan, in particular forsmall-holder farmers Creation of knowledge materials for partner institutions Developing terms of reference for consultants and follow up on theircontracts 3. Contributionto project progress Contribute to reporting to the commissioning partyincluding narrative progress reports and requests for information Support in researching and developing ecologicallysound and progressive ideas for site specific challenges, i.e. climate smartagriculture, income generating activities, nutrition/hygiene, seed sovereignty,post-harvest management etc. Consolidateand verify partner-delivered activities, ensure concise, auditabledocumentation (e.g. brief technical notes, linkage and coaching records), andfeed actionable findings into reporting and learning processes Contribute to learning activities e.g., learningagendas, reflection sessions and lessons learned briefs Perform other duties and tasks at the request of the management D. Required qualifications, competences and experience Qualifications Bachelor’s Degree in Agricultural Sciences, Agribusiness orrelated fields. Master’s Degree preferred Professionalexperience 6 years of experiencein farming systems/agrifood systems in Sudan 5 years of professional experience in donorfunded development programmes and with proven sector knowledge (i.e.agriculture, income generation, nutrition) and familiarity with MEL andauditable documentation Proven knowledge of climate smart agri-foodsystems and natural resource management with experience in water management andpost-harvest handling Proven knowledge on community work and the roleof local communities, with demonstrated experience engaging host communities,returnees, IDPs and refugees in Sudan Familiarity with GIS and crop area mapping forplanning and basic production/market analysis Otherknowledge, additional competences Experience in remote management and in working with multicultural, decentralized teams Proficiency in English, excellent command of Arabic Good understanding of the Sudanese context and operating environment MUST be legally eligible to work in Kenya Hold a valid work permit Assignment Details Duty Station: Nairobi Duration: Until 30.11.2028 with possibility of extension Vacancy Reference Number: GIZ/CO/05/08/2026 Equal Employment Opportunity GIZ Kenya is committed to fostering a diverse, inclusive, and respectful workplace. We provide equal employment opportunities to all and do not tolerate discrimination based on race, colour, ancestry, religion, age, gender, sexual orientation, ethnic origin, disability, marital status, or any other protected status. Ethics GIZ is committed to safeguarding the safety, dignity, and well-being of staff, partners, community members, and programme participants. Sexual exploitation, abuse, harassment, child abuse, and all forms of misconduct are strictly prohibited. Staff are expected to uphold high ethical standards, comply with local laws, and complete mandatory ethics training upon engagement. Data Confidentiality Candidate applications will be retained for six (6) months in accordance with GIZ's data protection policy and deleted thereafter. Only shortlisted candidates will be contacted.","GIZ KE Agriculture & Food Security Advisor (Sudan Context) Nairobi • Kenya Only on Fuzu Amentum Marina Attendant / Fish Cleaner Lamu • Kenya KEDA(KENYA) CERAMICS CO., LTD Landscaper Kisumu • Kenya Syngenta Kenya Post Harvest Lead Ruiru • Kenya World Agroforestry Centre (ICRAF) Consultant- Carbon and Greenhouse Gas Measurement Nairobi • Kenya World Agroforestry Centre (ICRAF) Consultant- Land and Forest Tenure Reforms Nairobi • Kenya World Agroforestry Centre (ICRAF) Consultant- Silviculture Nairobi • Kenya World Agroforestry Centre (ICRAF) Consultant- Biomass Nairobi • Kenya World Agroforestry Centre (ICRAF) Consultant- Soil Science Nairobi • Kenya Get personalised job alerts directly to your inbox! Join Fuzu for Free World Agroforestry Centre (ICRAF) Consultant- Environmental History Nairobi • Kenya Prev 0 1 Next Top cities with open vacancies Jobs in Nairobi , Jobs in Kisumu , Jobs in Ruiru , Jobs in Murang’a , Jobs in Lamu , Jobs in Kiambu , Jobs in Homa Bay Companies hiring now East Africa Market Development Associates (EAMDA) , Gichugu Technical and Vocational College , KEDA(KENYA) CERAMICS CO., LTD , Syngenta Kenya , World Agroforestry Centre (ICRAF) Country / Region Africa Nigeria Uganda Profession Accounting, finance, banking, insurance , Administrative, clerical , Agriculture, fishing, forestry, wildlife , Business, strategic management , Construction , Customer support, client care , Design, arts , Electrical engineering , Energy, power , Engineering, architecture , Entertainment , Food, nutrition , General management, leadership , Government, community development, public services , Human resources , Information technology, software development, data , Installation, maintenance, repair , Legal , Manufacturing, operations, quality , Mechanical engineering , Media, communications, languages , Medical, health , Project, program management , Research, academy , Restaurant, hospitality, travel , Sales, marketing, promotion , Security , Skilled, manual labor , Sports, beauty, wellbeing , Teaching, training , Telecommunications , Transportation, logistics, driving , Industry (Agriculture, fishing, forestry, wildlife) Agriculture, fishing, forestry , Consulting, business support, auditing , Data/Research , Education, academic , Manufacturing , Non-profit, social work , Seniority (Agriculture, fishing, forestry, wildlife) Entry and Basic-level , Mid-level , Fuzu About Fuzu Careers at Fuzu Contact us For Employers © Fuzu Ltd Kenya / Nairobi / Agriculture, fishing, forestry, wildlife GIZ KE Non-profit + 1 more Agriculture & Food Security Advisor (Sudan Context) Only on Fuzu Nairobi • Kenya Sign in and Apply Save Share Job details Location Nairobi • Kenya Contract Type About the job Company Description Background The German Federal Ministry for Economic Cooperation and Development (BMZ) has commissioned GIZ to implement the “Strengthening Resilience through Food and Nutrition Security for Refugees and Host Communities in Sudan” project under the Special Initiative Displaced Persons and Host Countries. The project aims to strengthen food and nutrition security, livelihoods and community resilience among refugees, internally displaced persons and host communities through four key areas: Climate-smart agriculture: Building small-scale farmers’ skills in sustainable food production, processing and value addition, with a strong focus on women. Women’s economic empowerment: Supporting income-generating opportunities through food processing, entrepreneurship and small business management. Nutrition and hygiene: Promoting improved nutrition and hygiene practices among communities. Social cohesion and resilience: Strengthening peaceful coexistence and community cohesion among refugees, internally displaced persons and host communities. B. Responsibilities Supportingthe effective and good quality implementation of partner organizations’projects Developingpartner capacities and support the integrated area approach of the project in the field of climate smart agriculture, seed sovereignty, post-harvestmanagement, natural resource management Supportingwomen’s income-generating activities in agri-food processing and smallbusinessmanagement Ensuringa market-oriented design of partner activities Mainstreamingnutrition and hygiene considerations in partner trainings and guidance Overseeingthe distribution of activities between target groups with a special emphasis on women C. Tasks 1. Coordination Coordination of the activities within the financing agreements of partnerorganisations Coordination of partner activities with regards to agriculture, foodsecurity and income generation, including nutrition and hygiene, with technicaloversight, advisory support and verification of implementation quality (e.g.market linkages for women-led enterprises, basic business coaching, andintegration of safe handling, storage and hygiene practices) Coordinationbetween consultants and partner organisations aswell as with the project team and in particular the MEL advisor Portfolio-wide coordination with other projects Attending stakeholder coordination meetings 2. Technical Input Mapping of land use over time and design ofappropriate and contextually appropriate agricultural activities Provide technical input on income generationand nutrition/hygiene within agri-food systems, including basic market andvalue chain analysis for selected products, practical guidance on women-ledprocessing and small business management, and integration of essential foodsafety and hygiene practices into partner materials and trainings Follow up on research questions to support evidence-based decision makingin the agricultural and food security sector in Sudan, in particular forsmall-holder farmers Creation of knowledge materials for partner institutions Developing terms of reference for consultants and follow up on theircontracts 3. Contributionto project progress Contribute to reporting to the commissioning partyincluding narrative progress reports and requests for information Support in researching and developing ecologicallysound and progressive ideas for site specific challenges, i.e. climate smartagriculture, income generating activities, nutrition/hygiene, seed sovereignty,post-harvest management etc. Consolidateand verify partner-delivered activities, ensure concise, auditabledocumentation (e.g. brief technical notes, linkage and coaching records), andfeed actionable findings into reporting and learning processes Contribute to learning activities e.g., learningagendas, reflection sessions and lessons learned briefs Perform other duties and tasks at the request of the management D. Required qualifications, competences and experience Qualifications Bachelor’s Degree in Agricultural Sciences, Agribusiness orrelated fields. Master’s Degree preferred Professionalexperience 6 years of experiencein farming systems/agrifood systems in Sudan 5 years of professional experience in donorfunded development programmes and with proven sector knowledge (i.e.agriculture, income generation, nutrition) and familiarity with MEL andauditable documentation Proven knowledge of climate smart agri-foodsystems and natural resource management with experience in water management andpost-harvest handling Proven knowledge on community work and the roleof local communities, with demonstrated experience engaging host communities,returnees, IDPs and refugees in Sudan Familiarity with GIS and crop area mapping forplanning and basic production/market analysis Otherknowledge, additional competences Experience in remote management and in working with multicultural, decentralized teams Proficiency in English, excellent command of Arabic Good understanding of the Sudanese context and operating environment MUST be legally eligible to work in Kenya Hold a valid work permit Assignment Details Duty Station: Nairobi Duration: Until 30.11.2028 with possibility of extension Vacancy Reference Number: GIZ/CO/05/08/2026 Equal Employment Opportunity GIZ Kenya is committed to fostering a diverse, inclusive, and respectful workplace. We provide equal employment opportunities to all and do not tolerate discrimination based on race, colour, ancestry, religion, age, gender, sexual orientation, ethnic origin, disability, marital status, or any other protected status. Ethics GIZ is committed to safeguarding the safety, dignity, and well-being of staff, partners, community members, and programme participants. Sexual exploitation, abuse, harassment, child abuse, and all forms of misconduct are strictly prohibited. Staff are expected to uphold high ethical standards, comply with local laws, and complete mandatory ethics training upon engagement. Data Confidentiality Candidate applications will be retained for six (6) months in accordance with GIZ's data protection policy and deleted thereafter. Only shortlisted candidates will be contacted. Tags Agriculture, fishing, forestry, wildlife Non-profit, social work Mid-level Kenya Start hiring with Fuzu Recruit better talent faster - on your own or with our support. Explore recruitment platform Job search tips from Fuzu Selected articles on cover letters, CV structure, and interview preparation. Get Interviews: 5 Steps to a Perfect Cover Letter Salary Negotiation Tips and What You Should Focus On Why Do Successful People Love to Do These 5 Things Before Job Interviews? Let’s Find Out Are You Prepared for These 8 Unique Interview Questions? 10 Questions you can Ask your Interviewer Sign in and Apply",Nairobi • Kenya,Kenya,Remote,1,Kenya/Global,"Information Technology, Software Development, Data",,About the job,,,,,,,Software & IT,https://www.fuzu.com/kenya/job/agriculture-fishing-forestry,2026-08-24T19:30:26.378851+00:00
9e608c4d8c4de76f,Fuzu,9e608c4d8c4de76f,Entry and Basic-level Jobs in Kenya,"Description Are you inquisitive, creative, eager to learn and committed to excellence? This is just for you! The opportunity to join one of the largest telecom companies in the world. We are currently seeking qualified candidates based in Nairobi and Mombasa. Please indicate your current region of residence in your application. Key Requirements: - Recent graduate with a bachelor’s degree in marketing/sales/business management or related field and 1-2 years of experience in sales/trade promotions, brand visibility, customer service. The Retail Experience Intern supports the day-to-day operations of the Airtel retail shop by assisting the customer service team in delivering excellent customer experience. The role provides hands-on learning in sales, customer care, product knowledge, and operational processes within a leading telecommunications environment. Key Responsibilities: Welcome and assist customers visiting the shop in a professional and friendly manner. Respond to basic customer queries related to Airtel products and services (e.g. SIM registration, airtime, bundles, device troubleshooting). Support the resolution of customer complaints by escalating issues to Customer Service Executives or the Shop Manager. Ensure customers have a positive experience that reflects Airtel’s brand values. Support the shop team in promoting Airtel products, services, and offers. Guide customers through Airtel Money registration, PIN reset, and transaction processes. Educate customers on the use of Airtel Money and digital self-service platforms. Help maintain shop displays, branding, and cleanliness to ensure a professional environment. Perform any other duties that might be assigned by the shop manager from time to time.","Airtel Kenya Retail Experience Intern Nairobi • Kenya Only on Fuzu GIZ KE Intern - Digitalization Nairobi • Kenya Only on Fuzu Finlays Kenya PMO Clerk Kericho • Kenya Only on Fuzu Spin-Knit Limited Junior Designer Nairobi • Kenya Only on Fuzu Spin-Knit Limited Customer Service & Order Fulfilment Coordinator Nakuru • Kenya Only on Fuzu Coast Water works Development Agency INSPECTOR I MECHANICAL-JOB GRADE 7 Mombasa • Kenya Only on Fuzu Coast Water works Development Agency ARTISAN III, ELECTRICAL (PUMP OPERATOR) -JOB GRADE 11 Mombasa • Kenya Only on Fuzu Coast Water works Development Agency OFFICE ADMINISTRATOR I - JOB GRADE 7 Mombasa • Kenya Only on Fuzu Coast Water works Development Agency SENIOR DRIVER - JOB GRADE 8 Mombasa • Kenya Only on Fuzu Get personalised job alerts directly to your inbox! Join Fuzu for Free Coast Water works Development Agency INSPECTOR I (ELECTRICAL) - JOB GRADE 7 Mombasa • Kenya Only on Fuzu Prev 1 2 3 Next Top cities with open vacancies Jobs in Nairobi , Jobs in Maseno , Jobs in Mombasa , Jobs in Kisumu , Jobs in Nyeri , Jobs in Lamu , Jobs in Nanyuki , Jobs in Nakuru , Jobs in Meru , Jobs in Embu , Jobs in Eldoret , Jobs in Garissa , Jobs in Kiambu , Jobs in Kakamega , Jobs in Siaya , Jobs in Machakos , Jobs in Narok , Jobs in Kerugoya , Jobs in Bomet , Jobs in Nyahururu Companies hiring now Beachfront VIPingo , Kenya Broadcasting Corporation- KBC , Maseno University , Meru University of Science and Technology , World Agroforestry Centre (ICRAF) Country / Region Africa Nigeria Uganda Profession (Entry and Basic-level) Accounting, finance, banking, insurance , Administrative, clerical , Agriculture, fishing, forestry, wildlife , Business, strategic management , Construction , Customer support, client care , Design, arts , Electrical engineering , Energy, power , Engineering, architecture , Food, nutrition , General management, leadership , Government, community development, public services , Human resources , Information technology, software development, data , Installation, maintenance, repair , Legal , Manufacturing, operations, quality , Mechanical engineering , Media, communications, languages , Medical, health , Project, program management , Research, academy , Restaurant, hospitality, travel , Sales, marketing, promotion , Security , Skilled, manual labor , Sports, beauty, wellbeing , Teaching, training , Telecommunications , Transportation, logistics, driving , Industry (Entry and Basic-level) Aeronautics , Agriculture, fishing, forestry , Automotive , Banking, microfinance, insurance , Communications, media, radio, tv , Computers, software development and services , Construction, renovation, maintenance , Consulting, business support, auditing , Data/Research , Education, academic , Energy, utilities, environment , Engineering, architecture , Finance & FinTech , Financial Services , Governmental , Health care, medical , Housekeeping, maintenance , Human resources, talent development, recruiting , Legal, accounting , Manufacturing , Marketing, advertising , Non-profit, social work , Outsourcing, leasing , Real estate , Restaurant, hospitality, travel , Retail, wholesale, FMCG , Security , Telecommunications , Textile, fashion , Transportation, logistics, storage , Seniority Entry and Basic-level , Mid-level , Senior-level , Fuzu About Fuzu Careers at Fuzu Contact us For Employers © Fuzu Ltd Kenya / Nairobi / Customer support, client care Airtel Kenya Telecommunications Retail Experience Intern Only on Fuzu Nairobi • Kenya Sign in and Apply Save Share Job details Location Nairobi • Kenya Contract Type About the job Company Description Are you inquisitive, creative, eager to learn and committed to excellence? This is just for you! The opportunity to join one of the largest telecom companies in the world. We are currently seeking qualified candidates based in Nairobi and Mombasa. Please indicate your current region of residence in your application. Key Requirements: - Recent graduate with a bachelor’s degree in marketing/sales/business management or related field and 1-2 years of experience in sales/trade promotions, brand visibility, customer service. The Retail Experience Intern supports the day-to-day operations of the Airtel retail shop by assisting the customer service team in delivering excellent customer experience. The role provides hands-on learning in sales, customer care, product knowledge, and operational processes within a leading telecommunications environment. Key Responsibilities: Welcome and assist customers visiting the shop in a professional and friendly manner. Respond to basic customer queries related to Airtel products and services (e.g. SIM registration, airtime, bundles, device troubleshooting). Support the resolution of customer complaints by escalating issues to Customer Service Executives or the Shop Manager. Ensure customers have a positive experience that reflects Airtel’s brand values. Support the shop team in promoting Airtel products, services, and offers. Guide customers through Airtel Money registration, PIN reset, and transaction processes. Educate customers on the use of Airtel Money and digital self-service platforms. Help maintain shop displays, branding, and cleanliness to ensure a professional environment. Perform any other duties that might be assigned by the shop manager from time to time. Tags Customer support, client care Telecommunications Entry and Basic-level Kenya Start hiring with Fuzu Recruit better talent faster - on your own or with our support. Explore recruitment platform Job search tips from Fuzu Selected articles on cover letters, CV structure, and interview preparation. Get Interviews: 5 Steps to a Perfect Cover Letter Salary Negotiation Tips and What You Should Focus On Why Do Successful People Love to Do These 5 Things Before Job Interviews? Let’s Find Out Are You Prepared for These 8 Unique Interview Questions? 10 Questions you can Ask your Interviewer Sign in and Apply",Nairobi • Kenya,Kenya,On-site,0,,"Information Technology, Software Development, Data",,About the job,,,,,,,Software & IT,https://www.fuzu.com/kenya/job/basic,2026-08-24T19:30:29.220579+00:00
24948665ab84c400,Fuzu,24948665ab84c400,"Jobs and Vacancies in Bomet, Kenya","Description Motorcycle Inspections after Repossession: Conduct thorough inspections of repossessed motorcycles to assess their condition and document any damages or discrepancies. Compile detailed inspection reports and provide recommendations for repairs or maintenance as needed. Car Valuations and inspections: Evaluate the value of cars using industry-standard valuation techniques and tools. Consider various factors such as make, model, year, condition, mileage, and market trends to determine accurate valuations. GPS Tracker Installation: Install GPS trackers on cars and motorcycles to facilitate efficient monitoring and tracking for the duration of the loan. Ensure proper installation and functionality of trackers while adhering to established guidelines and procedures. SIM Card Installation Install SIM cards to the GPS devices. Motorcycle Repairs: Perform minor repairs and maintenance tasks on motorcycles to restore them to operational condition. Collaborate with repair teams to address technical issues and ensure quality repairs are executed promptly. Client Assistance during Loan Application: Offer technical guidance and support to clients throughout the loan application process. Address client inquiries regarding the technical aspects of the financing process, ensuring clarity and accurate information delivery. Documentation and Reporting: Maintain accurate records of all vehicle inspections, valuations, installations, and repairs performed. Generate comprehensive reports and documentation for internal use and compliance purposes. Quality Assurance: Uphold high standards of quality and accuracy in all technical tasks performed. Continuously monitor and assess processes to identify opportunities for improvement. Customer Relations: Cultivate positive relationships with clients by providing exceptional technical support and addressing their concerns professionally. Ensure a customer-centric approach throughout interactions. Compliance and Safety: Adhere to","Mogo Kenya Limited Technical Support Operator - Nyanza - Bomet Bomet • Kenya Closed for applications Bomet Central Technical and Vocational College Trainer- Automotive Engineering Bomet • Kenya Closed for applications Bomet Central Technical and Vocational College Bus Driver Bomet • Kenya Closed for applications Bomet Central Technical and Vocational College Technician Hairdressing Bomet • Kenya Closed for applications Bomet Central Technical and Vocational College Intern-ICT Bomet • Kenya Closed for applications HomeBiogas Area Sales Manager- Bomet Bomet • Kenya Closed for applications HomeBiogas Sales Representatives- Bomet Bomet • Kenya Closed for applications Get personalised job alerts directly to your inbox! Join Fuzu for Free Mogo Kenya Limited Technical Support Operator - Nyanza - Sotik Sotik • Kenya Closed for applications Top cities with open vacancies Jobs in Bomet , Jobs in Sotik Companies hiring now Bomet Central Technical and Vocational College , HomeBiogas , Mogo Kenya Limited Country / Region Africa Nigeria Uganda Profession Information technology, software development, data , Mechanical engineering , Sales, marketing, promotion , Skilled, manual labor , Teaching, training , Transportation, logistics, driving , Industry Banking, microfinance, insurance , Education, academic , Energy, utilities, environment , Seniority Entry and Basic-level , Mid-level , Fuzu About Fuzu Careers at Fuzu Contact us For Employers © Fuzu Ltd Kenya / Bomet / Mechanical engineering Mogo Kenya Limited Banking + 2 more Technical Support Operator - Nyanza - Bomet Closed for applications Bomet • Kenya Job details Location Bomet • Kenya Contract Type About the job Company Description Motorcycle Inspections after Repossession: Conduct thorough inspections of repossessed motorcycles to assess their condition and document any damages or discrepancies. Compile detailed inspection reports and provide recommendations for repairs or maintenance as needed. Car Valuations and inspections: Evaluate the value of cars using industry-standard valuation techniques and tools. Consider various factors such as make, model, year, condition, mileage, and market trends to determine accurate valuations. GPS Tracker Installation: Install GPS trackers on cars and motorcycles to facilitate efficient monitoring and tracking for the duration of the loan. Ensure proper installation and functionality of trackers while adhering to established guidelines and procedures. SIM Card Installation Install SIM cards to the GPS devices. Motorcycle Repairs: Perform minor repairs and maintenance tasks on motorcycles to restore them to operational condition. Collaborate with repair teams to address technical issues and ensure quality repairs are executed promptly. Client Assistance during Loan Application: Offer technical guidance and support to clients throughout the loan application process. Address client inquiries regarding the technical aspects of the financing process, ensuring clarity and accurate information delivery. Documentation and Reporting: Maintain accurate records of all vehicle inspections, valuations, installations, and repairs performed. Generate comprehensive reports and documentation for internal use and compliance purposes. Quality Assurance: Uphold high standards of quality and accuracy in all technical tasks performed. Continuously monitor and assess processes to identify opportunities for improvement. Customer Relations: Cultivate positive relationships with clients by providing exceptional technical support and addressing their concerns professionally. Ensure a customer-centric approach throughout interactions. Compliance and Safety: Adhere to company policies, industry regulations, and safety protocols in all tasks. Prioritize safety during installations, repairs, and inspections. Inspection and Diagnosis: Conduct a holistic assessment of the condition of the vehicle-Including visual check of the problem areas, driving test, warning lights, smoke e.t.c Identify and report fraudulent cars. i.e, tampered chassis, wrong chassis Diploma or Degree in engineering or related field. 2 Years Previous experience Fluent in English and Swahili Knowledge of Kenyan car market e.g. model features, vehicle technical structure High sense of responsibility, preciseness, ability to plan and set priorities; Ability to work a flexible schedule including weekends, holidays and evenings Driver’s Licence - BCE category Tags Mechanical engineering Banking, microfinance, insurance Mid-level Kenya Start hiring with Fuzu Recruit better talent faster - on your own or with our support. Explore recruitment platform Job search tips from Fuzu Selected articles on cover letters, CV structure, and interview preparation. Get Interviews: 5 Steps to a Perfect Cover Letter Salary Negotiation Tips and What You Should Focus On Why Do Successful People Love to Do These 5 Things Before Job Interviews? Let’s Find Out Are You Prepared for These 8 Unique Interview Questions? 10 Questions you can Ask your Interviewer",Bomet • Kenya,Kenya,On-site,0,,"Information Technology, Software Development, Data",,About the job,,,,,,,Software & IT,https://www.fuzu.com/kenya/job/bomet,2026-08-24T19:30:33.655895+00:00
dff35fd2bb1bcbb0,Fuzu,dff35fd2bb1bcbb0,"Business, strategic management Jobs in Kenya","Operations Manager Nairobi • Kenya Only on Fuzu Seven Square Advisors Ltd Corporate Assistant, Office of the Chairman Nairobi • Kenya Only on Fuzu Amentum PV / BESS HMI Operator / Attendant Lamu • Kenya City Walk Branch Manager- Nanyuki Nanyuki • Kenya Closed for applications Majid Al Futtaim Holding Group Commercial Manager - Bakery & Delicatessen Nairobi • Kenya FSD Africa Manager, Enterprise Development Nairobi • Kenya FSD Africa Manager, ESG Nairobi • Kenya Get personalised job alerts directly to your inbox! Join Fuzu for Free International Rescue Committee Senior Officer, Health Partnerships, Global Corporate Partnerships Nairobi • Kenya Prev 1 2 3 Next Top cities with open vacancies Jobs in Nairobi , Jobs in Mombasa , Jobs in Kisumu , Jobs in Nakuru , Jobs in Lamu , Jobs in Thika , Jobs in Nyeri , Jobs in Nanyuki , Jobs in Meru , Jobs in Kiambu , Jobs in Busia , Jobs in Wajir , Jobs in Taveta , Jobs in Rumuruti , Jobs in Marsabit , Jobs in Mandera , Jobs in Makueni Boma , Jobs in Machakos , Jobs in Lodwar , Jobs in Kitui Companies hiring now Boma Project , Java House Africa Ltd , Jawabu Biashara , Kenya Broadcasting Corporation- KBC , Sun King Country / Region Africa Nigeria Uganda Profession Accounting, finance, banking, insurance , Administrative, clerical , Agriculture, fishing, forestry, wildlife , Business, strategic management , Construction , Customer support, client care , Design, arts , Electrical engineering , Energy, power , Engineering, architecture , Entertainment , Food, nutrition , General management, leadership , Government, community development, public services , Human resources , Information technology, software development, data , Installation, maintenance, repair , Legal , Manufacturing, operations, quality , Mechanical engineering , Media, communications, languages , Medical, health , Project, program management , Research, academy , Restaurant, hospitality, travel , Sales, marketing, promotion , Security , Skilled, manual labor , Sports, beauty, wellbeing , Teaching, training , Telecommunications , Transportation, logistics, driving , Industry (Business, strategic management) Agriculture, fishing, forestry , Automotive , Banking, microfinance, insurance , Communications, media, radio, tv , Computers, software development and services , Consulting, business support, auditing , Data/Research , Education, academic , Energy, utilities, environment , Engineering, architecture , Finance & FinTech , Financial Services , Health care, medical , Human resources, talent development, recruiting , Manufacturing , Non-profit, social work , Real estate , Restaurant, hospitality, travel , Retail, wholesale, FMCG , Security , Telecommunications , Transportation, logistics, storage , Seniority (Business, strategic management) Entry and Basic-level , Mid-level , Senior-level , Fuzu About Fuzu Careers at Fuzu Contact us For Employers © Fuzu Ltd Kenya / Nairobi / Business, strategic management Master Power Systems Limited Engineering + 1 more HEAD OF MEP BUSINESS Only on Fuzu Nairobi • Kenya Sign in and Apply Save Share Job details","Master Power Systems Limited HEAD OF MEP BUSINESS Nairobi • Kenya Only on Fuzu Go Truckin RFP Research, Analysis & Response Associate Nairobi • Kenya Only on Fuzu A Fast-Growing Travel Services Company Operations Manager Nairobi • Kenya Only on Fuzu Seven Square Advisors Ltd Corporate Assistant, Office of the Chairman Nairobi • Kenya Only on Fuzu Amentum PV / BESS HMI Operator / Attendant Lamu • Kenya City Walk Branch Manager- Nanyuki Nanyuki • Kenya Closed for applications Majid Al Futtaim Holding Group Commercial Manager - Bakery & Delicatessen Nairobi • Kenya FSD Africa Manager, Enterprise Development Nairobi • Kenya FSD Africa Manager, ESG Nairobi • Kenya Get personalised job alerts directly to your inbox! Join Fuzu for Free International Rescue Committee Senior Officer, Health Partnerships, Global Corporate Partnerships Nairobi • Kenya Prev 1 2 3 Next Top cities with open vacancies Jobs in Nairobi , Jobs in Mombasa , Jobs in Kisumu , Jobs in Nakuru , Jobs in Lamu , Jobs in Thika , Jobs in Nyeri , Jobs in Nanyuki , Jobs in Meru , Jobs in Kiambu , Jobs in Busia , Jobs in Wajir , Jobs in Taveta , Jobs in Rumuruti , Jobs in Marsabit , Jobs in Mandera , Jobs in Makueni Boma , Jobs in Machakos , Jobs in Lodwar , Jobs in Kitui Companies hiring now Boma Project , Java House Africa Ltd , Jawabu Biashara , Kenya Broadcasting Corporation- KBC , Sun King Country / Region Africa Nigeria Uganda Profession Accounting, finance, banking, insurance , Administrative, clerical , Agriculture, fishing, forestry, wildlife , Business, strategic management , Construction , Customer support, client care , Design, arts , Electrical engineering , Energy, power , Engineering, architecture , Entertainment , Food, nutrition , General management, leadership , Government, community development, public services , Human resources , Information technology, software development, data , Installation, maintenance, repair , Legal , Manufacturing, operations, quality , Mechanical engineering , Media, communications, languages , Medical, health , Project, program management , Research, academy , Restaurant, hospitality, travel , Sales, marketing, promotion , Security , Skilled, manual labor , Sports, beauty, wellbeing , Teaching, training , Telecommunications , Transportation, logistics, driving , Industry (Business, strategic management) Agriculture, fishing, forestry , Automotive , Banking, microfinance, insurance , Communications, media, radio, tv , Computers, software development and services , Consulting, business support, auditing , Data/Research , Education, academic , Energy, utilities, environment , Engineering, architecture , Finance & FinTech , Financial Services , Health care, medical , Human resources, talent development, recruiting , Manufacturing , Non-profit, social work , Real estate , Restaurant, hospitality, travel , Retail, wholesale, FMCG , Security , Telecommunications , Transportation, logistics, storage , Seniority (Business, strategic management) Entry and Basic-level , Mid-level , Senior-level , Fuzu About Fuzu Careers at Fuzu Contact us For Employers © Fuzu Ltd Kenya / Nairobi / Business, strategic management Master Power Systems Limited Engineering + 1 more HEAD OF MEP BUSINESS Only on Fuzu Nairobi • Kenya Sign in and Apply Save Share Job details Location Nairobi • Kenya Contract Type About the job Company Description Company: Master Power Systems Limited (MPSL) Business Unit: MEP EPC Reports To: COO / MD Location: Nairobi, Kenya Coverage: Kenya, Uganda & Rwanda Travel: Regular travel to project sites and client offices Employment Type: Full-Time Role Purpose Master Power Systems Limited (MPSL) is seeking an experienced Head of MEP Business to lead the growth, delivery and financial performance of its MEP EPC business across Kenya, Uganda and Rwanda. The role owns the full commercial cycle — from business development, tendering and bid selection through project execution, final accounts and cash collection . The successful candidate will be accountable for revenue, EBITDA, margins, working capital and overall business performance. This is a senior leadership role requiring strong commercial judgement, technical MEP expertise, project leadership and client management capability . Key Responsibilities 1. Business Growth & Strategy Develop and execute the MEP business growth strategy across Kenya, Uganda and Rwanda. Build and manage a qualified pipeline across residential, hospitality, retail, commercial, warehousing and institutional projects. Develop senior relationships with developers, main contractors, consultants and key clients. Identify new markets, segments and delivery opportunities. 2. Business Development, Tendering & Estimation Lead bid/no-bid decisions based on commercial viability, contract risk, client payment history, capacity and expected margins. Oversee technical and commercial tender preparation, including BOQs, cost build-ups, pricing and risk assessment. Review and approve estimates before submission. Lead post-tender negotiations and commercial discussions through to award. 3. Project Delivery & Portfolio Management Allocate awarded projects across Project Management Cluster Heads based on capacity and technical fit. Ensure projects have clear budgets, programmes, resource plans and cost-to-complete forecasts. Monitor project performance against revenue, cost, programme and cash targets . Intervene early where projects are trending outside agreed thresholds. Drive successful completion, handover, final accounts and claims/variations. 4. P&L, Cost & Cash Management Own the EBITDA and financial performance of the MEP Business Unit. Control material, labour and supervision costs against approved thresholds. Drive value engineering and cost optimisation without compromising technical standards. Ensure timely valuations, invoicing and collection of certified amounts. Protect the company's commercial position on payment terms, variations, claims and contractual exposure. 5. Procurement, Quality & Compliance Ensure accurate material planning and procurement aligned with project requirements. Support technical evaluation and negotiation of MEP suppliers and subcontractors. Enforce quality, HSE and regulatory standards across projects. Ensure compliance with statutory and client requirements in each country. 6. Leadership & Governance Build and develop the MEP organisation and leadership structure. Set performance objectives and hold Cluster Heads accountable for results. Develop technical and commercial capability across the business. Provide monthly reporting to the COO / MD covering pipeline, revenue, EBITDA, costs, collections, manpower, HSE and key risks. Escalate significant commercial, legal or operational risks promptly. Qualifications & Experience Required: Bachelor's degree in Mechanical or Electrical Engineering , or equivalent. Minimum 15 years' experience in MEP contracting , including senior responsibility for a multi-project portfolio. Proven experience delivering mechanical, electrical and plumbing (MEP) projects . Strong track record across residential, hospitality, retail, commercial and/or warehousing developments. Demonstrated experience in the East African market , working with developers, main contractors and consultants. Proven record of securing significant MEP orders through tender strategy and commercial negotiation. Experience with P&L/EBITDA accountability, budgeting, cost control, margin management and cash collection . Strong understanding of MEP project execution, commercial management and contracts. Willingness to travel across Kenya, Uganda and Rwanda. Preferred: Registration with EBK or equivalent professional body. MBA or postgraduate qualification in Project Management/Business. Experience with ERP-based project/cost control systems. Familiarity with AutoCAD, Revit, MS Project or Primavera. Experience with institutional, healthcare or large-scale projects. Core Competencies Strong commercial and strategic judgement MEP technical depth and credibility Portfolio and project leadership P&L, cost and cash discipline Business development and negotiation Strong client and stakeholder management Integrity, governance and accountability Tags Business, strategic management Engineering, architecture Senior-level Kenya Start hiring with Fuzu Recruit better talent faster - on your own or with our support. Explore recruitment platform Job search tips from Fuzu Selected articles on cover letters, CV structure, and interview preparation. Get Interviews: 5 Steps to a Perfect Cover Letter Salary Negotiation Tips and What You Should Focus On Why Do Successful People Love to Do These 5 Things Before Job Interviews? Let’s Find Out Are You Prepared for These 8 Unique Interview Questions? 10 Questions you can Ask your Interviewer Sign in and Apply",Nairobi • Kenya,Kenya,On-site,0,,"Information Technology, Software Development, Data",,About the job,,,,,,,Software & IT,https://www.fuzu.com/kenya/job/business-strategic-management,2026-08-24T19:30:38.006550+00:00
c1c2f0c584bef640,Fuzu,c1c2f0c584bef640,"Communications, media, radio, tv Jobs in Kenya",Description Minimum requirements: Bachelor’s degree in related course,"Kenya Broadcasting Corporation- KBC Industrial Attachment - Internal Audit ( Nairobi) Nairobi • Kenya Closed for applications Kenya Broadcasting Corporation- KBC Industrial Attachment - Internal Audit ( Kisumu) Kisumu • Kenya Closed for applications Kenya Broadcasting Corporation- KBC Industrial Attachment - Internal Audit ( Mombasa) Mombasa • Kenya Closed for applications Kenya Broadcasting Corporation- KBC Industrial Attachment - Internal Audit ( Nyeri) Nyeri • Kenya Closed for applications Kenya Broadcasting Corporation- KBC Industrial Attachment - Technical Engineering ( Transmission & Production) ( Nyeri) Nyeri • Kenya Closed for applications Kenya Broadcasting Corporation- KBC Industrial Attachment - Technical Engineering ( Transmission & Production) ( Mombasa) Mombasa • Kenya Closed for applications Kenya Broadcasting Corporation- KBC Industrial Attachment - Technical Engineering ( Transmission & Production) ( Kisumu) Kisumu • Kenya Closed for applications Kenya Broadcasting Corporation- KBC Industrial Attachment - Marketing( Nairobi) Nairobi • Kenya Closed for applications Kenya Broadcasting Corporation- KBC Industrial Attachment - Human Resource & Management Development ( Kisumu) Kisumu • Kenya Closed for applications Get personalised job alerts directly to your inbox! Join Fuzu for Free Kenya Broadcasting Corporation- KBC Industrial Attachment - Human Resource & Management Development ( Mombasa) Mombasa • Kenya Closed for applications Prev 1 2 3 Next Top cities with open vacancies Jobs in Nyeri , Jobs in Nairobi , Jobs in Mombasa , Jobs in Kisumu Companies hiring now Kenya Broadcasting Corporation- KBC Country / Region Africa Nigeria Uganda Profession (Communications, media, radio, tv) Accounting, finance, banking, insurance , Administrative, clerical , Business, strategic management , Engineering, architecture , Human resources , Information technology, software development, data , Legal , Media, communications, languages , Sales, marketing, promotion , Transportation, logistics, driving , Industry Aeronautics , Agriculture, fishing, forestry , Automotive , Banking, microfinance, insurance , Communications, media, radio, tv , Computers, software development and services , Construction, renovation, maintenance , Consulting, business support, auditing , Data/Research , Education, academic , Energy, utilities, environment , Engineering, architecture , Finance & FinTech , Financial Services , Fitness, well-being and lifestyle , Governmental , Health care, medical , Housekeeping, maintenance , Human resources, talent development, recruiting , Legal, accounting , Manufacturing , Marketing, advertising , Non-profit, social work , Outsourcing, leasing , Real estate , Restaurant, hospitality, travel , Retail, wholesale, FMCG , Security , Telecommunications , Textile, fashion , Transportation, logistics, storage , Seniority (Communications, media, radio, tv) Entry and Basic-level , Fuzu About Fuzu Careers at Fuzu Contact us For Employers © Fuzu Ltd Kenya / Nairobi / Accounting, finance, banking, insurance Kenya Broadcasting Corporation- KBC Communications + 3 more Industrial Attachment - Internal Audit ( Nairobi) Closed for applications Nairobi • Kenya Job details Location Nairobi • Kenya Contract Type About the job Company Description Minimum requirements: Bachelor’s degree in related course Tags Accounting, finance, banking, insurance Communications, media, radio, tv Entry and Basic-level Kenya Start hiring with Fuzu Recruit better talent faster - on your own or with our support. Explore recruitment platform Job search tips from Fuzu Selected articles on cover letters, CV structure, and interview preparation. Get Interviews: 5 Steps to a Perfect Cover Letter Salary Negotiation Tips and What You Should Focus On Why Do Successful People Love to Do These 5 Things Before Job Interviews? Let’s Find Out Are You Prepared for These 8 Unique Interview Questions? 10 Questions you can Ask your Interviewer",Nairobi • Kenya,Kenya,On-site,0,,"Information Technology, Software Development, Data",,About the job,,,,,,,Software & IT,https://www.fuzu.com/kenya/job/communications-media,2026-08-24T19:30:41.378562+00:00
36fce25736b9f0b6,Fuzu,36fce25736b9f0b6,"Computers, software development and services Jobs in Kenya","Description About the Role We are seeking a sharp, detail-oriented RFP Research, Analysis & Response Associate to drive our proposal pipeline. In this role, you will be responsible for identifying high-value RFP/RFI/Tender opportunities, dissecting complex solicitation requirements, coordinating internal stakeholders, and writing compliant, winning proposal responses. Key Responsibilities Opportunity Sourcing & Tracking: Continuously scan, filter, and track public and private procurement portals (government, municipal, international, and commercial platforms) for matching RFP/Tender opportunities. Requirements Analysis & Compliance Mapping: Review detailed solicitations (RFPs, RFIs, RFQs), build compliance matrices, and execute Go/No-Go screening to ensure alignment with","Go Truckin RFP Research, Analysis & Response Associate Nairobi • Kenya Only on Fuzu Salix Data HR Officer - People Operations Nairobi • Kenya MobiTech Water solutions Motorbike Installation Technician Intern Nairobi • Kenya MobiTech Water solutions Marketing & Content Creator Intern Nairobi • Kenya The Jitu.com RPA Tester Nairobi • Kenya MobiTech Water solutions Accounting & Bookkeeping Intern Nairobi • Kenya MobiTech Water solutions Assembly & Device Troubleshooting Intern Nairobi • Kenya Tezza Business Solutions Senior Platform/ Solution Architect Nairobi • Kenya Google Education Solutions Engineer Nairobi • Kenya Get personalised job alerts directly to your inbox! Join Fuzu for Free ABNO Software International CS Engineer (Finance Intern) Nairobi • Kenya Prev 1 2 3 Next Top cities with open vacancies Jobs in Nairobi , Jobs in Ruiru , Jobs in Nyeri , Jobs in Nanyuki , Jobs in Nakuru , Jobs in Mombasa , Jobs in Kisumu , Jobs in Kikuyu , Jobs in Embu , Jobs in Eldoret Companies hiring now CloudFactory , Influx. Inc , MobiTech Water solutions , Odoo , Tezza Business Solutions Country / Region Africa Nigeria Uganda Profession (Computers, software development and services) Accounting, finance, banking, insurance , Administrative, clerical , Business, strategic management , Customer support, client care , Design, arts , Human resources , Information technology, software development, data , Legal , Manufacturing, operations, quality , Mechanical engineering , Project, program management , Sales, marketing, promotion , Security , Skilled, manual labor , Teaching, training , Telecommunications , Transportation, logistics, driving , Industry Aeronautics , Agriculture, fishing, forestry , Automotive , Banking, microfinance, insurance , Communications, media, radio, tv , Computers, software development and services , Construction, renovation, maintenance , Consulting, business support, auditing , Data/Research , Education, academic , Energy, utilities, environment , Engineering, architecture , Finance & FinTech , Financial Services , Fitness, well-being and lifestyle , Governmental , Health care, medical , Housekeeping, maintenance , Human resources, talent development, recruiting , Legal, accounting , Manufacturing , Marketing, advertising , Non-profit, social work , Outsourcing, leasing , Real estate , Restaurant, hospitality, travel , Retail, wholesale, FMCG , Security , Telecommunications , Textile, fashion , Transportation, logistics, storage , Seniority (Computers, software development and services) Entry and Basic-level , Mid-level , Senior-level , Fuzu About Fuzu Careers at Fuzu Contact us For Employers © Fuzu Ltd Kenya / Nairobi / Business, strategic management Go Truckin Computers + 1 more RFP Research, Analysis & Response Associate Only on Fuzu Nairobi • Kenya Apply without account Save Share Job details Location Nairobi • Kenya Contract Type About the job Company Description About the Role We are seeking a sharp, detail-oriented RFP Research, Analysis & Response Associate to drive our proposal pipeline. In this role, you will be responsible for identifying high-value RFP/RFI/Tender opportunities, dissecting complex solicitation requirements, coordinating internal stakeholders, and writing compliant, winning proposal responses. Key Responsibilities Opportunity Sourcing & Tracking: Continuously scan, filter, and track public and private procurement portals (government, municipal, international, and commercial platforms) for matching RFP/Tender opportunities. Requirements Analysis & Compliance Mapping: Review detailed solicitations (RFPs, RFIs, RFQs), build compliance matrices, and execute Go/No-Go screening to ensure alignment with company capabilities. Proposal Drafting & Editing: Write clear, persuasive, and custom proposal narrative sections—including executive summaries, company qualifications, operational methodologies, and project management plans. Cross-Functional Coordination: Collaborate with technical leads, operations teams, and leadership to gather input, pricing data, technical specifications, and past performance references. Submission Management: Assemble, format, proofread, and upload final proposal packages prior to strict submission deadlines, ensuring 100% adherence to administrative and technical guidelines. Knowledge Base Maintenance: Build and maintain an updated repository of boilerplate content, case studies, past proposal responses, standard operating procedures, and company credentials. Required Qualifications 2–4 years of experience in bid management, tender preparation, proposal writing, or procurement analysis. Proven track record submitting proposals to state agencies, international organizations, or enterprise B2B clients. Exceptional written and verbal English skills with strong editing and technical narrative writing capability. High proficiency in MS Word (advanced formatting, styles, tables), Adobe Acrobat, Excel, and Google Workspace. Exceptional project management skills—able to run multiple proposal timelines simultaneously under tight deadlines. Tags Business, strategic management Computers, software development and services Mid-level Kenya Start hiring with Fuzu Recruit better talent faster - on your own or with our support. Explore recruitment platform Job search tips from Fuzu Selected articles on cover letters, CV structure, and interview preparation. Get Interviews: 5 Steps to a Perfect Cover Letter Salary Negotiation Tips and What You Should Focus On Why Do Successful People Love to Do These 5 Things Before Job Interviews? Let’s Find Out Are You Prepared for These 8 Unique Interview Questions? 10 Questions you can Ask your Interviewer Apply without account",Nairobi • Kenya,Kenya,On-site,0,,"Information Technology, Software Development, Data",,About the job,,,,,,,Software & IT,https://www.fuzu.com/kenya/job/computers-software,2026-08-24T19:30:44.132256+00:00
7cd48049768ca1b4,Fuzu,7cd48049768ca1b4,"Information technology, software development, data Jobs for Entry and Basic-level in Kenya","Description As a federally owned enterprise, GIZ supports the German Government and other commissioning partners in advancing sustainable development worldwide. GIZ has worked in Kenya for over 50 years and in Somalia since 1962, partnering with national, regional and international stakeholders to strengthen institutions, improve livelihoods and promote sustainable development. The GIZ Kenya/Somalia Country Office is based in Nairobi. Key areas of work include economic development and employment, agriculture and food security, renewable energy, climate resilience, vocational education and training, private sector development, sustainable agri-food systems, peace and stability in fragile contexts. B. Responsibilities The Digitalization Intern will support the Digitalization Partner in implementing digital solutions, improving data management processes, records management and enhancing operational efficiency. The intern will gain practical experience in digital transformation initiatives while providing administrative and technical support to various digitalization activities. In this context, the Intern will be responsible for the following tasks: 1. Digitalization Support: Assist in the implementation of digitalization initiatives and projects. Support the adoption and effective use of digital tools and platforms. Help document digital processes, workflows, and user guides. Identify opportunities for process improvement through technology 2. Records and Information Management : Assist in maintaining and updating the database of business partners. Ensure data accuracy, completeness, and consistency within the database. Generate basic reports and summaries from available data sources. 3. Administrative Support Assist with scheduling meetings, preparing documentation, and maintaining records. Support monitoring and reporting of digitalization activities. Perform other duties assigned by the Digitalization Partner. 4. Learning and Capacity Development Participate in digitalization learning activities, briefings and meetings. Support knowledge-sharing and process improvement initiatives within the department. Microsoft 365 ecosystem and collaboration tools. Reporting, analytics, and digital project support. Required qualifications, competences, and experience. Qualifications : University Diploma or Bachelor's Degree in Information Technology, Computer Science, Information Systems, Business Information Technology, Records Management, or a related field. The candidate must have graduated with a Diploma or Bachelor's degree within the last twelve (12) months. Required Skills and Competencies : Proficiency in Microsoft 365 applications (Excel, Word, PowerPoint, Teams, SharePoint, and Outlook). Strong organizational and analytical skills. Good communication and interpersonal skills. Ability to work independently and as part of a team. Attention to detail and commitment to data accuracy. Desirable Qualifications Expert knowledge of Microsoft Excel, including formulas, data analysis, and reporting. Keen interest in technology, digital transformation, and innovation. Familiarity with databases, Power BI, SharePoint, or automation tools is an added advantage. Basic knowledge of data analysis and data visualization tools. Assignment Details Duty Station: Nairobi Duration: 6 MONTHS Vacancy Reference Number: GIZ/CO/08/08/2026 Equal Employment Opportunity GIZ Kenya is committed to fostering a diverse, inclusive, and respectful workplace. We provide equal employment opportunities to all and do not tolerate discrimination based on race, colour, ancestry, religion, age, gender, sexual orientation, ethnic origin, disability, marital status, or any other protected status. Ethics GIZ is committed to safeguarding the safety, dignity, and well-being of staff, partners, community members, and programme participants. Sexual exploitation, abuse, harassment, child abuse, and all forms of misconduct are strictly prohibited. Staff are expected to uphold high ethical standards, comply with local laws, and complete mandatory ethics training upon engagement. Data Confidentiality Candidate applications will be retained for six (6) months in accordance with GIZ's data protection policy and deleted thereafter. Only shortlisted candidates will be contacted.","GIZ KE Intern - Digitalization Nairobi • Kenya Only on Fuzu Danish Refugee Council Information Management (IM) Intern Nairobi • Kenya Takataka Solutions Data Intern Logistics Nairobi • Kenya The Jitu.com RPA Tester Nairobi • Kenya MobiTech Water solutions Assembly & Device Troubleshooting Intern Nairobi • Kenya Tezza Business Solutions UAT Coordinator Nairobi • Kenya GIZ KE Intern - EAC4Nature Kisumu • Kenya World Agroforestry Centre (ICRAF) Consultant- Information and Communications Nairobi • Kenya World Agroforestry Centre (ICRAF) Consultant- Biometrics Nairobi • Kenya Get personalised job alerts directly to your inbox! Join Fuzu for Free GIZ KE Intern - Global Digital Jobs Nairobi • Kenya Closed for applications Only on Fuzu Prev 1 2 3 Next Top cities with open vacancies Jobs in Nairobi , Jobs in Mombasa , Jobs in Kisumu , Jobs in Ruiru , Jobs in Nyeri , Jobs in Bomet Companies hiring now Africa Center for Health Systems and Gender Justice , African Leadership X (ALX) , GIZ KE , Kenya Broadcasting Corporation- KBC , Meru University of Science and Technology Country / Region Africa Nigeria Uganda Profession (Entry and Basic-level) Accounting, finance, banking, insurance , Administrative, clerical , Agriculture, fishing, forestry, wildlife , Business, strategic management , Construction , Customer support, client care , Design, arts , Electrical engineering , Energy, power , Engineering, architecture , Food, nutrition , General management, leadership , Government, community development, public services , Human resources , Information technology, software development, data , Installation, maintenance, repair , Legal , Manufacturing, operations, quality , Mechanical engineering , Media, communications, languages , Medical, health , Project, program management , Research, academy , Restaurant, hospitality, travel , Sales, marketing, promotion , Security , Skilled, manual labor , Sports, beauty, wellbeing , Teaching, training , Telecommunications , Transportation, logistics, driving , Industry (Information technology, software development, data, Entry and Basic-level) Agriculture, fishing, forestry , Automotive , Banking, microfinance, insurance , Communications, media, radio, tv , Computers, software development and services , Data/Research , Education, academic , Housekeeping, maintenance , Human resources, talent development, recruiting , Non-profit, social work , Restaurant, hospitality, travel , Telecommunications , Seniority (Information technology, software development, data) Entry and Basic-level , Mid-level , Senior-level , Fuzu About Fuzu Careers at Fuzu Contact us For Employers © Fuzu Ltd Kenya / Nairobi / Information technology, software development, data GIZ KE Non-profit + 1 more Intern - Digitalization Only on Fuzu Nairobi • Kenya Sign in and Apply Save Share Job details Location Nairobi • Kenya Contract Type About the job Company Description As a federally owned enterprise, GIZ supports the German Government and other commissioning partners in advancing sustainable development worldwide. GIZ has worked in Kenya for over 50 years and in Somalia since 1962, partnering with national, regional and international stakeholders to strengthen institutions, improve livelihoods and promote sustainable development. The GIZ Kenya/Somalia Country Office is based in Nairobi. Key areas of work include economic development and employment, agriculture and food security, renewable energy, climate resilience, vocational education and training, private sector development, sustainable agri-food systems, peace and stability in fragile contexts. B. Responsibilities The Digitalization Intern will support the Digitalization Partner in implementing digital solutions, improving data management processes, records management and enhancing operational efficiency. The intern will gain practical experience in digital transformation initiatives while providing administrative and technical support to various digitalization activities. In this context, the Intern will be responsible for the following tasks: 1. Digitalization Support: Assist in the implementation of digitalization initiatives and projects. Support the adoption and effective use of digital tools and platforms. Help document digital processes, workflows, and user guides. Identify opportunities for process improvement through technology 2. Records and Information Management : Assist in maintaining and updating the database of business partners. Ensure data accuracy, completeness, and consistency within the database. Generate basic reports and summaries from available data sources. 3. Administrative Support Assist with scheduling meetings, preparing documentation, and maintaining records. Support monitoring and reporting of digitalization activities. Perform other duties assigned by the Digitalization Partner. 4. Learning and Capacity Development Participate in digitalization learning activities, briefings and meetings. Support knowledge-sharing and process improvement initiatives within the department. Microsoft 365 ecosystem and collaboration tools. Reporting, analytics, and digital project support. Required qualifications, competences, and experience. Qualifications : University Diploma or Bachelor's Degree in Information Technology, Computer Science, Information Systems, Business Information Technology, Records Management, or a related field. The candidate must have graduated with a Diploma or Bachelor's degree within the last twelve (12) months. Required Skills and Competencies : Proficiency in Microsoft 365 applications (Excel, Word, PowerPoint, Teams, SharePoint, and Outlook). Strong organizational and analytical skills. Good communication and interpersonal skills. Ability to work independently and as part of a team. Attention to detail and commitment to data accuracy. Desirable Qualifications Expert knowledge of Microsoft Excel, including formulas, data analysis, and reporting. Keen interest in technology, digital transformation, and innovation. Familiarity with databases, Power BI, SharePoint, or automation tools is an added advantage. Basic knowledge of data analysis and data visualization tools. Assignment Details Duty Station: Nairobi Duration: 6 MONTHS Vacancy Reference Number: GIZ/CO/08/08/2026 Equal Employment Opportunity GIZ Kenya is committed to fostering a diverse, inclusive, and respectful workplace. We provide equal employment opportunities to all and do not tolerate discrimination based on race, colour, ancestry, religion, age, gender, sexual orientation, ethnic origin, disability, marital status, or any other protected status. Ethics GIZ is committed to safeguarding the safety, dignity, and well-being of staff, partners, community members, and programme participants. Sexual exploitation, abuse, harassment, child abuse, and all forms of misconduct are strictly prohibited. Staff are expected to uphold high ethical standards, comply with local laws, and complete mandatory ethics training upon engagement. Data Confidentiality Candidate applications will be retained for six (6) months in accordance with GIZ's data protection policy and deleted thereafter. Only shortlisted candidates will be contacted. Tags Information technology, software development, data Non-profit, social work Entry and Basic-level Kenya Start hiring with Fuzu Recruit better talent faster - on your own or with our support. Explore recruitment platform Job search tips from Fuzu Selected articles on cover letters, CV structure, and interview preparation. Get Interviews: 5 Steps to a Perfect Cover Letter Salary Negotiation Tips and What You Should Focus On Why Do Successful People Love to Do These 5 Things Before Job Interviews? Let’s Find Out Are You Prepared for These 8 Unique Interview Questions? 10 Questions you can Ask your Interviewer Sign in and Apply",Nairobi • Kenya,Kenya,On-site,0,,"Information Technology, Software Development, Data",,About the job,,,,,,,Software & IT,https://www.fuzu.com/kenya/job/computers-software-development/basic,2026-08-24T19:30:48.061892+00:00
5f6670c80aadc24c,Fuzu,5f6670c80aadc24c,"Information technology, software development, data jobs in Bomet, Kenya","Description QUALIFICATIONS KNEC Diploma/CDACC Level 6 Method of Application Interested candidates should submit their applications with a detailed CV, plus copies of their National Identity Card, Academic Certificates, and testimonials.","Get personalised job alerts directly to your inbox! Join Fuzu for Free Bomet Central Technical and Vocational College Intern-ICT Bomet • Kenya Closed for applications Top cities with open vacancies Jobs in Bomet Companies hiring now Bomet Central Technical and Vocational College Country / Region Africa Nigeria Uganda Profession Information technology, software development, data , Mechanical engineering , Sales, marketing, promotion , Skilled, manual labor , Teaching, training , Transportation, logistics, driving , Industry (Information technology, software development, data) Education, academic , Seniority (Information technology, software development, data) Entry and Basic-level , Fuzu About Fuzu Careers at Fuzu Contact us For Employers © Fuzu Ltd Kenya / Bomet / Information technology, software development, data Bomet Central Technical and Vocational College Education + 1 more Intern-ICT Closed for applications Bomet • Kenya Job details Location Bomet • Kenya Contract Type About the job Company Description QUALIFICATIONS KNEC Diploma/CDACC Level 6 Method of Application Interested candidates should submit their applications with a detailed CV, plus copies of their National Identity Card, Academic Certificates, and testimonials. Tags Information technology, software development, data Education, academic Entry and Basic-level Kenya Start hiring with Fuzu Recruit better talent faster - on your own or with our support. Explore recruitment platform Job search tips from Fuzu Selected articles on cover letters, CV structure, and interview preparation. Get Interviews: 5 Steps to a Perfect Cover Letter Salary Negotiation Tips and What You Should Focus On Why Do Successful People Love to Do These 5 Things Before Job Interviews? Let’s Find Out Are You Prepared for These 8 Unique Interview Questions? 10 Questions you can Ask your Interviewer",Bomet • Kenya,Kenya,On-site,0,,"Information Technology, Software Development, Data",,About the job,,,,,,,Software & IT,https://www.fuzu.com/kenya/job/computers-software-development/bomet,2026-08-24T19:30:50.789019+00:00
e223e7cf16c4b619,Fuzu,e223e7cf16c4b619,"Information technology, software development, data jobs in Kisumu, Kenya","Description A. Introduction GIZ is a federally owned enterprise operating worldwide, assisting the German Government in achieving its policy objectives in the field of international cooperation. It offers demand-driven, tailor-made and effective services for sustainable development worldwide. Through the EAC4Nature Project and the Lake Victoria Basin Integrated Water Resources Management Programme (LVB-IWRMP), GIZ supports the Lake Victoria Basin Commission (LVBC) in strengthening regional water resources management, climate resilience, and data-driven decision-making.The Lake Victoria Basin Water Information System (LVB-WIS) is a regional decision-support platform developed to support integrated water resources management, hydrological modelling, water quality management, climate resilience planning, and regional investment decision-making across the Lake Victoria Basin. To support the ongoing operationalization of the LVB-WIS, GIZ is seeking a motivated Intern who will contribute to technical, analytical, and knowledge management activities while gaining practical experience in regional water information systems and integrated water resources management. B. Responsibilities and Tasks The Intern will support the operationalization of the Lake Victoria Basin Water Information System (LVB-WIS) through the following tasks: Support collection, processing, validation, and management of hydrological, meteorological, water quality, and related environmental datasets. Assist in maintaining and updating databases, data repositories, and information management systems associated with the LVB-WIS. Support analysis, visualization, and interpretation of water resources and environmental data. Assist in documenting national and regional LVB-WIS use cases and modelling applications. Support preparation of maps, dashboards, reports, presentations, policy briefs, factsheets, and other information products generated through the LVB-WIS. Assist in organizing and documenting technical meetings, stakeholder consultations, workshops, and capacity-building activities. Support development and dissemination of knowledge products, newsletters, communication materials, and success stories related to water resources management and climate resilience. Assist in documenting lessons learned, best practices, and operational procedures for the LVB-WIS. Support data sharing, quality assurance, and knowledge management activities undertaken jointly by LVBC and Partner States. Contribute to technical reviews, literature reviews, and research assignments related to integrated water resources management, climate change adaptation, and nature-based solutions. Prepare activity reports and support administrative and logistical coordination related to project implementation. Perform any other relevant tasks assigned by the supervisor. C. Required Qualifications, Competences and Experience Qualifications Master's graduate, in the field of Water Resources Management, Hydrology, Environmental Science, Environmental Engineering, Geography, GIS and Remote Sensing, Climate Change, Natural Resources Management, Information Systems, Data Science, or a related field. Demonstrated interest in water resources management, environmental information systems, climate resilience, and sustainable development. Basic understanding of hydrological and environmental information and data management. Professional Experience Knowledge of GIS software, data analysis tools, or environmental modelling applications will be an added advantage. Good analytical, research, and problem-solving skills. Strong written and verbal communication in English. Good proficiency in Microsoft Office applications, particularly Excel, PowerPoint, and Word. Ability to work effectively in a multicultural and multidisciplinary environment. Strong organizational skills and attention to detail. Willingness to learn and contribute to regional water resources management initiatives. · Preparedness to travel frequently in the EAC region. D. Learning Opportunities The intern will gain practical experience in: Regional water information systems and data management. Integrated Water Resources Management (IWRM). Hydrological and environmental data analysis. GIS and spatial information applications. Knowledge management and communication for development. Regional cooperation and transboundary water resources management within the East African Community. Stakeholder engagement and capacity-building processes. Assignment Details Duty Station: Kisumu Duration: Six (6) months Vacancy Reference Number: GIZ/ARD/02/08/2026 Equal Employment Opportunity GIZ Kenya is committed to fostering a diverse, inclusive, and respectful workplace. We provide equal employment opportunities to all and do not tolerate discrimination based on race, colour, ancestry, religion, age, gender, sexual orientation, ethnic origin, disability, marital status, or any other protected status. Ethics GIZ is committed to safeguarding the safety, dignity, and well-being of staff, partners, community members, and programme participants. Sexual exploitation, abuse, harassment, child abuse, and all forms of misconduct are strictly prohibited. Staff are expected to uphold high ethical standards, comply with local laws, and complete mandatory ethics training upon engagement. Data Confidentiality Candidate applications will be retained for six (6) months in accordance with GIZ's data protection policy and deleted thereafter. Only shortlisted candidates will be contacted.","GIZ KE Intern - EAC4Nature Kisumu • Kenya Get personalised job alerts directly to your inbox! Join Fuzu for Free Kenya Broadcasting Corporation- KBC Industrial Attachment - IT & Network Infrastructure ( Kisumu) Kisumu • Kenya Closed for applications Top cities with open vacancies Jobs in Kisumu Companies hiring now GIZ KE , Kenya Broadcasting Corporation- KBC Country / Region Africa Nigeria Uganda Profession Accounting, finance, banking, insurance , Administrative, clerical , Agriculture, fishing, forestry, wildlife , Business, strategic management , Customer support, client care , Design, arts , Electrical engineering , Engineering, architecture , Human resources , Information technology, software development, data , Legal , Manufacturing, operations, quality , Mechanical engineering , Media, communications, languages , Medical, health , Research, academy , Restaurant, hospitality, travel , Sales, marketing, promotion , Skilled, manual labor , Teaching, training , Transportation, logistics, driving , Industry (Information technology, software development, data) Communications, media, radio, tv , Non-profit, social work , Seniority (Information technology, software development, data) Entry and Basic-level , Fuzu About Fuzu Careers at Fuzu Contact us For Employers © Fuzu Ltd Kenya / Kisumu / Information technology, software development, data GIZ KE Non-profit + 1 more Intern - EAC4Nature Kisumu • Kenya Sign in and Apply Save Share Job details Location Kisumu • Kenya Contract Type About the job Company Description A. Introduction GIZ is a federally owned enterprise operating worldwide, assisting the German Government in achieving its policy objectives in the field of international cooperation. It offers demand-driven, tailor-made and effective services for sustainable development worldwide. Through the EAC4Nature Project and the Lake Victoria Basin Integrated Water Resources Management Programme (LVB-IWRMP), GIZ supports the Lake Victoria Basin Commission (LVBC) in strengthening regional water resources management, climate resilience, and data-driven decision-making.The Lake Victoria Basin Water Information System (LVB-WIS) is a regional decision-support platform developed to support integrated water resources management, hydrological modelling, water quality management, climate resilience planning, and regional investment decision-making across the Lake Victoria Basin. To support the ongoing operationalization of the LVB-WIS, GIZ is seeking a motivated Intern who will contribute to technical, analytical, and knowledge management activities while gaining practical experience in regional water information systems and integrated water resources management. B. Responsibilities and Tasks The Intern will support the operationalization of the Lake Victoria Basin Water Information System (LVB-WIS) through the following tasks: Support collection, processing, validation, and management of hydrological, meteorological, water quality, and related environmental datasets. Assist in maintaining and updating databases, data repositories, and information management systems associated with the LVB-WIS. Support analysis, visualization, and interpretation of water resources and environmental data. Assist in documenting national and regional LVB-WIS use cases and modelling applications. Support preparation of maps, dashboards, reports, presentations, policy briefs, factsheets, and other information products generated through the LVB-WIS. Assist in organizing and documenting technical meetings, stakeholder consultations, workshops, and capacity-building activities. Support development and dissemination of knowledge products, newsletters, communication materials, and success stories related to water resources management and climate resilience. Assist in documenting lessons learned, best practices, and operational procedures for the LVB-WIS. Support data sharing, quality assurance, and knowledge management activities undertaken jointly by LVBC and Partner States. Contribute to technical reviews, literature reviews, and research assignments related to integrated water resources management, climate change adaptation, and nature-based solutions. Prepare activity reports and support administrative and logistical coordination related to project implementation. Perform any other relevant tasks assigned by the supervisor. C. Required Qualifications, Competences and Experience Qualifications Master's graduate, in the field of Water Resources Management, Hydrology, Environmental Science, Environmental Engineering, Geography, GIS and Remote Sensing, Climate Change, Natural Resources Management, Information Systems, Data Science, or a related field. Demonstrated interest in water resources management, environmental information systems, climate resilience, and sustainable development. Basic understanding of hydrological and environmental information and data management. Professional Experience Knowledge of GIS software, data analysis tools, or environmental modelling applications will be an added advantage. Good analytical, research, and problem-solving skills. Strong written and verbal communication in English. Good proficiency in Microsoft Office applications, particularly Excel, PowerPoint, and Word. Ability to work effectively in a multicultural and multidisciplinary environment. Strong organizational skills and attention to detail. Willingness to learn and contribute to regional water resources management initiatives. · Preparedness to travel frequently in the EAC region. D. Learning Opportunities The intern will gain practical experience in: Regional water information systems and data management. Integrated Water Resources Management (IWRM). Hydrological and environmental data analysis. GIS and spatial information applications. Knowledge management and communication for development. Regional cooperation and transboundary water resources management within the East African Community. Stakeholder engagement and capacity-building processes. Assignment Details Duty Station: Kisumu Duration: Six (6) months Vacancy Reference Number: GIZ/ARD/02/08/2026 Equal Employment Opportunity GIZ Kenya is committed to fostering a diverse, inclusive, and respectful workplace. We provide equal employment opportunities to all and do not tolerate discrimination based on race, colour, ancestry, religion, age, gender, sexual orientation, ethnic origin, disability, marital status, or any other protected status. Ethics GIZ is committed to safeguarding the safety, dignity, and well-being of staff, partners, community members, and programme participants. Sexual exploitation, abuse, harassment, child abuse, and all forms of misconduct are strictly prohibited. Staff are expected to uphold high ethical standards, comply with local laws, and complete mandatory ethics training upon engagement. Data Confidentiality Candidate applications will be retained for six (6) months in accordance with GIZ's data protection policy and deleted thereafter. Only shortlisted candidates will be contacted. Tags Information technology, software development, data Non-profit, social work Entry and Basic-level Kenya Start hiring with Fuzu Recruit better talent faster - on your own or with our support. Explore recruitment platform Job search tips from Fuzu Selected articles on cover letters, CV structure, and interview preparation. Get Interviews: 5 Steps to a Perfect Cover Letter Salary Negotiation Tips and What You Should Focus On Why Do Successful People Love to Do These 5 Things Before Job Interviews? Let’s Find Out Are You Prepared for These 8 Unique Interview Questions? 10 Questions you can Ask your Interviewer Sign in and Apply",Kisumu • Kenya,Kenya,Remote,1,Kenya/Global,"Information Technology, Software Development, Data",,About the job,,,,,,,Software & IT,https://www.fuzu.com/kenya/job/computers-software-development/kisumu,2026-08-24T19:30:56.367601+00:00
e754d9d6bf32ade2,Fuzu,e754d9d6bf32ade2,"Information technology, software development, data jobs in Marsabit, Kenya","Description Qualifications Diploma or Bachelor’s degree in Records Management, Business Administration, Project Management or related field. 3+ years in document control, records management, or administration. Experience with electronic document management systems (EDMS). Practical understanding of data protection ensuring secure handling of sensitive documents in line with the data protection act (DPA) Proficiency in Microsoft Office Suite. Familiarity with ISO 9001 document requirements is an added advantage. Responsibilities PMO Documentation Management Maintain and update PMO project files, registers, and electronic records, ensuring all records are stored and managed within the approved document management system with proper folder structure, metadata and access controls. Maintain Document Registers, transmittal logs, and revision histories for traceability. Ensure all PMO documents are created, reviewed, approved, distributed, and archived in accordance with the Document Control Procedure. Ensure version and revision control and correct distribution of project documents. Track document review and approval workflows for ongoing projects. Site Documentation Oversight Manage site-wide documentation, ensuring alignment with LTWP document control procedure and industry standards. Maintain registers for site wide documents. Support department heads with document storage, access and retrieval by enabling secure and role based access (RBAC) to documents for site operations Train department heads on document control procedure, processes and best practices for document management","Get personalised job alerts directly to your inbox! Join Fuzu for Free Lake Turkana Wind Power Ltd Document Controller & Administrator Marsabit • Kenya Closed for applications Top cities with open vacancies Jobs in Marsabit Companies hiring now Lake Turkana Wind Power Ltd Country / Region Africa Nigeria Uganda Profession Business, strategic management , Information technology, software development, data , Project, program management , Industry (Information technology, software development, data) Energy, utilities, environment , Seniority (Information technology, software development, data) Mid-level , Fuzu About Fuzu Careers at Fuzu Contact us For Employers © Fuzu Ltd Kenya / Marsabit / Information technology, software development, data Lake Turkana Wind Power Ltd Energy + 2 more Document Controller & Administrator Closed for applications Marsabit • Kenya Job details Location Marsabit • Kenya Contract Type About the job Company Description Qualifications Diploma or Bachelor’s degree in Records Management, Business Administration, Project Management or related field. 3+ years in document control, records management, or administration. Experience with electronic document management systems (EDMS). Practical understanding of data protection ensuring secure handling of sensitive documents in line with the data protection act (DPA) Proficiency in Microsoft Office Suite. Familiarity with ISO 9001 document requirements is an added advantage. Responsibilities PMO Documentation Management Maintain and update PMO project files, registers, and electronic records, ensuring all records are stored and managed within the approved document management system with proper folder structure, metadata and access controls. Maintain Document Registers, transmittal logs, and revision histories for traceability. Ensure all PMO documents are created, reviewed, approved, distributed, and archived in accordance with the Document Control Procedure. Ensure version and revision control and correct distribution of project documents. Track document review and approval workflows for ongoing projects. Site Documentation Oversight Manage site-wide documentation, ensuring alignment with LTWP document control procedure and industry standards. Maintain registers for site wide documents. Support department heads with document storage, access and retrieval by enabling secure and role based access (RBAC) to documents for site operations Train department heads on document control procedure, processes and best practices for document management Company-Level Document Control Manage the central electronic filing system for company-wide documents, ensuring it is hosted on approved enterprise platforms with structured taxonomy, metadata standards and role-based controls (RBAC). Maintain archives for companywide documents. Ensure compliance with LTWP document retention policies and data protection and privacy requirements in line with the Data Protection policies. Maintain a Master Document Register for all company documents with real time updates and unique document identifiers for accuracy and traceability Drawings & As-Builts Management Receive, log, and store engineering drawings and as-built records. Ensure correct revision control and timely distribution to relevant teams. Coordinate with contractors and consultants to obtain final as-built documentation. Compliance & Reporting Ensure adherence to LTWP document control SOPs and QA/QC requirements. Prepare monthly reports on document control activities. Participate in audits and inspections related to documentation. Monitor and improve data quality, completeness and metadata compliance across all document systems and identify opportunities for automation using digital tools. Tags Information technology, software development, data Energy, utilities, environment Mid-level Kenya Start hiring with Fuzu Recruit better talent faster - on your own or with our support. Explore recruitment platform Job search tips from Fuzu Selected articles on cover letters, CV structure, and interview preparation. Get Interviews: 5 Steps to a Perfect Cover Letter Salary Negotiation Tips and What You Should Focus On Why Do Successful People Love to Do These 5 Things Before Job Interviews? Let’s Find Out Are You Prepared for These 8 Unique Interview Questions? 10 Questions you can Ask your Interviewer",Marsabit • Kenya,Kenya,On-site,0,,"Information Technology, Software Development, Data",,About the job,,,,,,,Software & IT,https://www.fuzu.com/kenya/job/computers-software-development/marsabit,2026-08-24T19:30:58.967122+00:00
297761d3f2500069,Fuzu,297761d3f2500069,"Information technology, software development, data Jobs for Mid-level in Kenya",Description,"Fuzu Atlas LiDAR Labeling Operations Policy & Quality Expert Nairobi • Kenya Only on Fuzu KooraHR Flutter & Frontend Developer Nairobi • Kenya Only on Fuzu Africa Global Logistics Kenya Operator, Operations Documentation, Records Management and Administration M/F Nairobi • Kenya SAFARICOM Senior Specialist – Cyber Security Assurance Nairobi • Kenya Jamii Telecommunications Solutions Architect & Presales Engineer Mombasa • Kenya Tezza Business Solutions Senior Platform/ Solution Architect Nairobi • Kenya Google Education Solutions Engineer Nairobi • Kenya Google Senior Software Engineer, Google Play Nairobi • Kenya Google Staff Software Engineer, Google Play Nairobi • Kenya Get personalised job alerts directly to your inbox! Join Fuzu for Free Green Com Enterprise Solutions LTD Senior AI Engineer / AI Technical Lead Nairobi • Kenya Prev 1 2 3 Next Top cities with open vacancies Jobs in Nairobi , Jobs in Mombasa , Jobs in Nyeri , Jobs in Marsabit Companies hiring now CloudFactory , Google , International Rescue Committee , Meru University of Science and Technology , SAFARICOM Country / Region Africa Nigeria Uganda Profession (Mid-level) Accounting, finance, banking, insurance , Administrative, clerical , Agriculture, fishing, forestry, wildlife , Business, strategic management , Construction , Customer support, client care , Design, arts , Electrical engineering , Energy, power , Engineering, architecture , Entertainment , Food, nutrition , General management, leadership , Government, community development, public services , Human resources , Information technology, software development, data , Installation, maintenance, repair , Legal , Manufacturing, operations, quality , Mechanical engineering , Media, communications, languages , Medical, health , Project, program management , Research, academy , Restaurant, hospitality, travel , Sales, marketing, promotion , Security , Skilled, manual labor , Sports, beauty, wellbeing , Teaching, training , Telecommunications , Transportation, logistics, driving , Industry (Information technology, software development, data, Mid-level) Aeronautics , Agriculture, fishing, forestry , Automotive , Banking, microfinance, insurance , Computers, software development and services , Consulting, business support, auditing , Education, academic , Energy, utilities, environment , Engineering, architecture , Financial Services , Health care, medical , Housekeeping, maintenance , Human resources, talent development, recruiting , Manufacturing , Marketing, advertising , Non-profit, social work , Real estate , Restaurant, hospitality, travel , Retail, wholesale, FMCG , Telecommunications , Transportation, logistics, storage , Seniority (Information technology, software development, data) Entry and Basic-level , Mid-level , Senior-level , Fuzu About Fuzu Careers at Fuzu Contact us For Employers © Fuzu Ltd Kenya / Nairobi / Information technology, software development, data Fuzu Atlas Human resources + 2 more LiDAR Labeling Operations Policy & Quality Expert Only on Fuzu Nairobi • Kenya Sign in and Apply Save Share Job details Location Nairobi • Kenya Contract Type About the job Company Description Location: Remote About Fuzu Atlas Fuzu Atlas is a leading organisation at the forefront of transforming the intersection between artificial intelligence and human activities. We collaborate with top-tier professionals and prominent industry players to push the boundaries of AI innovation and lead advancements in this dynamic field. By joining Fuzu, you will become an integral part of a company that prioritises leadership, quality, and professional growth. Position Overview We are seeking a highly detail-oriented and technically strong Multi-Sensor LiDAR Labeling Operations Policy & Quality Expert to support labeling policy development, quality management, and operational excellence across autonomous vehicle (AV) data annotation programs. The role involves working with LiDAR, camera, radar, and sensor-fusion annotation workflows to define clear annotation standards, improve labeling quality, and support the development of high-quality datasets for autonomous driving systems. Key Responsibilities Develop, maintain, and update annotation policies for 3D LiDAR object labeling, multi-sensor fusion, camera-LiDAR alignment, radar-assisted labeling, semantic segmentation, tracking, temporal consistency, and trajectory annotation. Define taxonomy, ontology, edge-case handling, and escalation guidelines. Translate perception model requirements into clear annotation specifications. Create annotation playbooks, SOPs, decision trees, and reviewer guidelines. Define quality metrics, acceptance criteria, and operational KPIs. Design and support QA processes, including golden tasks, reviewer calibration, and inter-annotator agreement. Conduct quality audits, identify recurring labeling issues, and drive corrective actions. Analyze annotation productivity, ambiguity trends, and policy gaps. Support workforce onboarding, certification, and calibration programs. Collaborate with labeling vendors and BPO partners to implement annotation policies. Work with perception, ML, tooling, and program teams to improve annotation quality and consistency. Support dataset launches, quality reviews, and continuous improvement initiatives. Key Requirements Bachelor’s degree in Engineering, Computer Science, Robotics, Data Science, GIS, or a related field. 5+ years of experience in autonomous vehicle data annotation, LiDAR labeling operations, quality assurance, or annotation policy development. Strong understanding of 3D point cloud data, sensor fusion systems, object tracking, trajectory labeling, and AV perception pipelines. Experience working with annotation tools supporting LiDAR, multi-camera systems, radar, or HD maps. Proven experience managing annotation quality at scale. Strong analytical and problem-solving skills. Excellent documentation and stakeholder communication skills. Ability to work effectively with technical, operational, and vendor teams. A must have to be considered: A working personal laptop (Please note this will be verified while shortlisting) An internet connection of 15 MBPS and above Applications will be reviewed on a rolling basis therefore the sooner you apply the better. Tags Information technology, software development, data Human resources, talent development, recruiting Mid-level Kenya Start hiring with Fuzu Recruit better talent faster - on your own or with our support. Explore recruitment platform Job search tips from Fuzu Selected articles on cover letters, CV structure, and interview preparation. Get Interviews: 5 Steps to a Perfect Cover Letter Salary Negotiation Tips and What You Should Focus On Why Do Successful People Love to Do These 5 Things Before Job Interviews? Let’s Find Out Are You Prepared for These 8 Unique Interview Questions? 10 Questions you can Ask your Interviewer Sign in and Apply",Nairobi • Kenya,Kenya,Remote,1,Kenya/Global,"Information Technology, Software Development, Data",,About the job,,,,,,,Software & IT,https://www.fuzu.com/kenya/job/computers-software-development/middle,2026-08-24T19:31:01.954930+00:00
d29422f0ac4bf395,Fuzu,d29422f0ac4bf395,"Information technology, software development, data jobs in Mombasa, Kenya","Description Role Qualifications Minimum of seven (7) years' relevant experience in telecommunications, network engineering, solutions architecture, pre-sales engineering, or a related technical environment. Demonstrated experience in designing technical/network solutions for enterprise or corporate customers. Experience supporting RFPs, RFQs, tenders, technical proposals, and pre-sales activities. Practical experience in network planning, architecture, capacity planning, or engineering. Experience working with cross-functional teams, particularly Commercial/Sales, Engineering, Operations, and Project teams. Experience engaging customers and presenting technical solutions. Experience working with technology vendors and solution partners is an advantage. Job Responsibilities Design and develop end-to-end telecommunications solutions based on customer and business requirements. Partner with commercial teams to provide technical support throughout the customer acquisition process. Translate customer requirements into scalable, secure, technically and commercially viable solutions. Support RFPs, RFQs, tenders, and proposals, including technical responses, compliance matrices, and solution documentation. Develop solution architectures, technical designs, network diagrams, BoQs, and technical specifications. Participate in customer meetings, technical presentations, site surveys, and solution clarification sessions. Conduct technical feasibility assessments, capacity planning, and network architecture reviews for proposed solutions. Support network planning, expansion, upgrades, migrations, and optimization initiatives. Collaborate with Engineering and Operations teams to ensure solutions are implementable, supportable, and aligned with network standards. Provide technical support during implementation, testing, commissioning, and service handover. Identify and manage technical risks, dependencies, assumptions, and solution constraints. Keep abreast of emerging telecommunications technologies and recommend solutions that support business growth and innovation. Develop and maintain technical standards, solution templates, architecture documentation, and best practices.","Jamii Telecommunications Solutions Architect & Presales Engineer Mombasa • Kenya Finlays Kenya AI & Business Intelligence Analyst Mombasa • Kenya Closed for applications Only on Fuzu Kenya Broadcasting Corporation- KBC Industrial Attachment - IT & Network Infrastructure ( Mombasa) Mombasa • Kenya Closed for applications Tire World Ltd IT Executive Mombasa • Kenya Closed for applications Beachfront VIPingo ICT Officer Mombasa • Kenya Closed for applications Get personalised job alerts directly to your inbox! Join Fuzu for Free Beachfront VIPingo ICT Officer Mombasa • Kenya Closed for applications Top cities with open vacancies Jobs in Mombasa Companies hiring now Beachfront VIPingo , Finlays Kenya , Jamii Telecommunications , Kenya Broadcasting Corporation- KBC , Tire World Ltd Country / Region Africa Nigeria Uganda Profession Accounting, finance, banking, insurance , Administrative, clerical , Business, strategic management , Customer support, client care , Design, arts , Electrical engineering , Engineering, architecture , Food, nutrition , Government, community development, public services , Human resources , Information technology, software development, data , Legal , Manufacturing, operations, quality , Media, communications, languages , Medical, health , Research, academy , Restaurant, hospitality, travel , Sales, marketing, promotion , Security , Skilled, manual labor , Sports, beauty, wellbeing , Teaching, training , Transportation, logistics, driving , Industry (Information technology, software development, data) Agriculture, fishing, forestry , Automotive , Communications, media, radio, tv , Restaurant, hospitality, travel , Telecommunications , Seniority (Information technology, software development, data) Entry and Basic-level , Mid-level , Fuzu About Fuzu Careers at Fuzu Contact us For Employers © Fuzu Ltd Kenya / Mombasa / Information technology, software development, data Jamii Telecommunications Telecommunications Solutions Architect & Presales Engineer Mombasa • Kenya Sign in and Apply Save Share Job details Location Mombasa • Kenya Contract Type About the job Company Description Role Qualifications Minimum of seven (7) years' relevant experience in telecommunications, network engineering, solutions architecture, pre-sales engineering, or a related technical environment. Demonstrated experience in designing technical/network solutions for enterprise or corporate customers. Experience supporting RFPs, RFQs, tenders, technical proposals, and pre-sales activities. Practical experience in network planning, architecture, capacity planning, or engineering. Experience working with cross-functional teams, particularly Commercial/Sales, Engineering, Operations, and Project teams. Experience engaging customers and presenting technical solutions. Experience working with technology vendors and solution partners is an advantage. Job Responsibilities Design and develop end-to-end telecommunications solutions based on customer and business requirements. Partner with commercial teams to provide technical support throughout the customer acquisition process. Translate customer requirements into scalable, secure, technically and commercially viable solutions. Support RFPs, RFQs, tenders, and proposals, including technical responses, compliance matrices, and solution documentation. Develop solution architectures, technical designs, network diagrams, BoQs, and technical specifications. Participate in customer meetings, technical presentations, site surveys, and solution clarification sessions. Conduct technical feasibility assessments, capacity planning, and network architecture reviews for proposed solutions. Support network planning, expansion, upgrades, migrations, and optimization initiatives. Collaborate with Engineering and Operations teams to ensure solutions are implementable, supportable, and aligned with network standards. Provide technical support during implementation, testing, commissioning, and service handover. Identify and manage technical risks, dependencies, assumptions, and solution constraints. Keep abreast of emerging telecommunications technologies and recommend solutions that support business growth and innovation. Develop and maintain technical standards, solution templates, architecture documentation, and best practices. Tags Information technology, software development, data Telecommunications Mid-level Kenya Start hiring with Fuzu Recruit better talent faster - on your own or with our support. Explore recruitment platform Job search tips from Fuzu Selected articles on cover letters, CV structure, and interview preparation. Get Interviews: 5 Steps to a Perfect Cover Letter Salary Negotiation Tips and What You Should Focus On Why Do Successful People Love to Do These 5 Things Before Job Interviews? Let’s Find Out Are You Prepared for These 8 Unique Interview Questions? 10 Questions you can Ask your Interviewer Sign in and Apply",Mombasa • Kenya,Kenya,On-site,0,,"Information Technology, Software Development, Data",,About the job,,,,,,,Software & IT,https://www.fuzu.com/kenya/job/computers-software-development/mombasa,2026-08-24T19:31:06.245456+00:00
6c5fded0fd762b47,Fuzu,6c5fded0fd762b47,"Information technology, software development, data jobs in Nairobi, Kenya","Description As a federally owned enterprise, GIZ supports the German Government and other commissioning partners in advancing sustainable development worldwide. GIZ has worked in Kenya for over 50 years and in Somalia since 1962, partnering with national, regional and international stakeholders to strengthen institutions, improve livelihoods and promote sustainable development. The GIZ Kenya/Somalia Country Office is based in Nairobi. Key areas of work include economic development and employment, agriculture and food security, renewable energy, climate resilience, vocational education and training, private sector development, sustainable agri-food systems, peace and stability in fragile contexts. B. Responsibilities The Digitalization Intern will support the Digitalization Partner in implementing digital solutions, improving data management processes, records management and enhancing operational efficiency. The intern will gain practical experience in digital transformation initiatives while providing administrative and technical support to various digitalization activities. In this context, the Intern will be responsible for the following tasks: 1. Digitalization Support: Assist in the implementation of digitalization initiatives and projects. Support the adoption and effective use of digital tools and platforms. Help document digital processes, workflows, and user guides. Identify opportunities for process improvement through technology 2. Records and Information Management : Assist in maintaining and updating the database of business partners. Ensure data accuracy, completeness, and consistency within the database. Generate basic reports and summaries from available data sources. 3. Administrative Support Assist with scheduling meetings, preparing documentation, and maintaining records. Support monitoring and reporting of digitalization activities. Perform other duties assigned by the Digitalization Partner. 4. Learning and Capacity Development Participate in digitalization learning activities, briefings and meetings. Support knowledge-sharing and process improvement initiatives within the department. Microsoft 365 ecosystem and collaboration tools. Reporting, analytics, and digital project support. Required qualifications, competences, and experience. Qualifications : University Diploma or Bachelor's Degree in Information Technology, Computer Science, Information Systems, Business Information Technology, Records Management, or a related field. The candidate must have graduated with a Diploma or Bachelor's degree within the last twelve (12) months. Required Skills and Competencies : Proficiency in Microsoft 365 applications (Excel, Word, PowerPoint, Teams, SharePoint, and Outlook). Strong organizational and analytical skills. Good communication and interpersonal skills. Ability to work independently and as part of a team. Attention to detail and commitment to data accuracy. Desirable Qualifications Expert knowledge of Microsoft Excel, including formulas, data analysis, and reporting. Keen interest in technology, digital transformation, and innovation. Familiarity with databases, Power BI, SharePoint, or automation tools is an added advantage. Basic knowledge of data analysis and data visualization tools. Assignment Details Duty Station: Nairobi Duration: 6 MONTHS Vacancy Reference Number: GIZ/CO/08/08/2026 Equal Employment Opportunity GIZ Kenya is committed to fostering a diverse, inclusive, and respectful workplace. We provide equal employment opportunities to all and do not tolerate discrimination based on race, colour, ancestry, religion, age, gender, sexual orientation, ethnic origin, disability, marital status, or any other protected status. Ethics GIZ is committed to safeguarding the safety, dignity, and well-being of staff, partners, community members, and programme participants. Sexual exploitation, abuse, harassment, child abuse, and all forms of misconduct are strictly prohibited. Staff are expected to uphold high ethical standards, comply with local laws, and complete mandatory ethics training upon engagement. Data Confidentiality Candidate applications will be retained for six (6) months in accordance with GIZ's data protection policy and deleted thereafter. Only shortlisted candidates will be contacted.","GIZ KE Intern - Digitalization Nairobi • Kenya Only on Fuzu Fuzu Atlas LiDAR Labeling Operations Policy & Quality Expert Nairobi • Kenya Only on Fuzu KooraHR Flutter & Frontend Developer Nairobi • Kenya Only on Fuzu GiveDirectly, Inc Chief Technology Officer Nairobi • Kenya Danish Refugee Council Information Management (IM) Intern Nairobi • Kenya Takataka Solutions Data Intern Logistics Nairobi • Kenya Africa Global Logistics Kenya Operator, Operations Documentation, Records Management and Administration M/F Nairobi • Kenya Absa Group Ltd Head of Fraud, Forensic &amp; Physical Security Nairobi • Kenya Closed for applications SAFARICOM Senior Specialist – Cyber Security Assurance Nairobi • Kenya Get personalised job alerts directly to your inbox! Join Fuzu for Free MobiTech Water solutions Assembly & Device Troubleshooting Intern Nairobi • Kenya Prev 1 2 3 Next Top cities with open vacancies Jobs in Nairobi , Jobs in Ruiru Companies hiring now African Leadership X (ALX) , CloudFactory , International Rescue Committee , Meru University of Science and Technology , SAFARICOM Country / Region Africa Nigeria Uganda Profession Accounting, finance, banking, insurance , Administrative, clerical , Agriculture, fishing, forestry, wildlife , Business, strategic management , Construction , Customer support, client care , Design, arts , Electrical engineering , Energy, power , Engineering, architecture , Entertainment , Food, nutrition , General management, leadership , Government, community development, public services , Human resources , Information technology, software development, data , Installation, maintenance, repair , Legal , Manufacturing, operations, quality , Mechanical engineering , Media, communications, languages , Medical, health , Project, program management , Research, academy , Restaurant, hospitality, travel , Sales, marketing, promotion , Security , Skilled, manual labor , Teaching, training , Telecommunications , Transportation, logistics, driving , Industry (Information technology, software development, data) Aeronautics , Agriculture, fishing, forestry , Automotive , Banking, microfinance, insurance , Communications, media, radio, tv , Computers, software development and services , Consulting, business support, auditing , Data/Research , Education, academic , Energy, utilities, environment , Engineering, architecture , Financial Services , Health care, medical , Housekeeping, maintenance , Human resources, talent development, recruiting , Manufacturing , Marketing, advertising , Non-profit, social work , Real estate , Restaurant, hospitality, travel , Retail, wholesale, FMCG , Telecommunications , Transportation, logistics, storage , Seniority (Information technology, software development, data) Entry and Basic-level , Mid-level , Senior-level , Fuzu About Fuzu Careers at Fuzu Contact us For Employers © Fuzu Ltd Kenya / Nairobi / Information technology, software development, data GIZ KE Non-profit + 1 more Intern - Digitalization Only on Fuzu Nairobi • Kenya Sign in and Apply Save Share Job details Location Nairobi • Kenya Contract Type About the job Company Description As a federally owned enterprise, GIZ supports the German Government and other commissioning partners in advancing sustainable development worldwide. GIZ has worked in Kenya for over 50 years and in Somalia since 1962, partnering with national, regional and international stakeholders to strengthen institutions, improve livelihoods and promote sustainable development. The GIZ Kenya/Somalia Country Office is based in Nairobi. Key areas of work include economic development and employment, agriculture and food security, renewable energy, climate resilience, vocational education and training, private sector development, sustainable agri-food systems, peace and stability in fragile contexts. B. Responsibilities The Digitalization Intern will support the Digitalization Partner in implementing digital solutions, improving data management processes, records management and enhancing operational efficiency. The intern will gain practical experience in digital transformation initiatives while providing administrative and technical support to various digitalization activities. In this context, the Intern will be responsible for the following tasks: 1. Digitalization Support: Assist in the implementation of digitalization initiatives and projects. Support the adoption and effective use of digital tools and platforms. Help document digital processes, workflows, and user guides. Identify opportunities for process improvement through technology 2. Records and Information Management : Assist in maintaining and updating the database of business partners. Ensure data accuracy, completeness, and consistency within the database. Generate basic reports and summaries from available data sources. 3. Administrative Support Assist with scheduling meetings, preparing documentation, and maintaining records. Support monitoring and reporting of digitalization activities. Perform other duties assigned by the Digitalization Partner. 4. Learning and Capacity Development Participate in digitalization learning activities, briefings and meetings. Support knowledge-sharing and process improvement initiatives within the department. Microsoft 365 ecosystem and collaboration tools. Reporting, analytics, and digital project support. Required qualifications, competences, and experience. Qualifications : University Diploma or Bachelor's Degree in Information Technology, Computer Science, Information Systems, Business Information Technology, Records Management, or a related field. The candidate must have graduated with a Diploma or Bachelor's degree within the last twelve (12) months. Required Skills and Competencies : Proficiency in Microsoft 365 applications (Excel, Word, PowerPoint, Teams, SharePoint, and Outlook). Strong organizational and analytical skills. Good communication and interpersonal skills. Ability to work independently and as part of a team. Attention to detail and commitment to data accuracy. Desirable Qualifications Expert knowledge of Microsoft Excel, including formulas, data analysis, and reporting. Keen interest in technology, digital transformation, and innovation. Familiarity with databases, Power BI, SharePoint, or automation tools is an added advantage. Basic knowledge of data analysis and data visualization tools. Assignment Details Duty Station: Nairobi Duration: 6 MONTHS Vacancy Reference Number: GIZ/CO/08/08/2026 Equal Employment Opportunity GIZ Kenya is committed to fostering a diverse, inclusive, and respectful workplace. We provide equal employment opportunities to all and do not tolerate discrimination based on race, colour, ancestry, religion, age, gender, sexual orientation, ethnic origin, disability, marital status, or any other protected status. Ethics GIZ is committed to safeguarding the safety, dignity, and well-being of staff, partners, community members, and programme participants. Sexual exploitation, abuse, harassment, child abuse, and all forms of misconduct are strictly prohibited. Staff are expected to uphold high ethical standards, comply with local laws, and complete mandatory ethics training upon engagement. Data Confidentiality Candidate applications will be retained for six (6) months in accordance with GIZ's data protection policy and deleted thereafter. Only shortlisted candidates will be contacted. Tags Information technology, software development, data Non-profit, social work Entry and Basic-level Kenya Start hiring with Fuzu Recruit better talent faster - on your own or with our support. Explore recruitment platform Job search tips from Fuzu Selected articles on cover letters, CV structure, and interview preparation. Get Interviews: 5 Steps to a Perfect Cover Letter Salary Negotiation Tips and What You Should Focus On Why Do Successful People Love to Do These 5 Things Before Job Interviews? Let’s Find Out Are You Prepared for These 8 Unique Interview Questions? 10 Questions you can Ask your Interviewer Sign in and Apply",Nairobi • Kenya,Kenya,On-site,0,,"Information Technology, Software Development, Data",,About the job,,,,,,,Software & IT,https://www.fuzu.com/kenya/job/computers-software-development/nairobi,2026-08-24T19:31:11.037630+00:00
ae61068f4c622ddb,Fuzu,ae61068f4c622ddb,"Information technology, software development, data jobs in Nyeri, Kenya",Description Minimum requirements: Bachelor’s degree in related course,"Kenya Broadcasting Corporation- KBC Industrial Attachment - IT & Network Infrastructure ( Nyeri) Nyeri • Kenya Closed for applications Get personalised job alerts directly to your inbox! Join Fuzu for Free Highlands Drinks Limited ICT Officer Nyeri • Kenya Closed for applications Top cities with open vacancies Jobs in Nyeri Companies hiring now Highlands Drinks Limited , Kenya Broadcasting Corporation- KBC Country / Region Africa Nigeria Uganda Profession Accounting, finance, banking, insurance , Business, strategic management , Engineering, architecture , Human resources , Information technology, software development, data , Legal , Media, communications, languages , Sales, marketing, promotion , Transportation, logistics, driving , Industry (Information technology, software development, data) Communications, media, radio, tv , Manufacturing , Seniority (Information technology, software development, data) Entry and Basic-level , Mid-level , Fuzu About Fuzu Careers at Fuzu Contact us For Employers © Fuzu Ltd Kenya / Nyeri / Information technology, software development, data Kenya Broadcasting Corporation- KBC Communications + 3 more Industrial Attachment - IT & Network Infrastructure ( Nyeri) Closed for applications Nyeri • Kenya Job details Location Nyeri • Kenya Contract Type About the job Company Description Minimum requirements: Bachelor’s degree in related course Tags Information technology, software development, data Communications, media, radio, tv Entry and Basic-level Kenya Start hiring with Fuzu Recruit better talent faster - on your own or with our support. Explore recruitment platform Job search tips from Fuzu Selected articles on cover letters, CV structure, and interview preparation. Get Interviews: 5 Steps to a Perfect Cover Letter Salary Negotiation Tips and What You Should Focus On Why Do Successful People Love to Do These 5 Things Before Job Interviews? Let’s Find Out Are You Prepared for These 8 Unique Interview Questions? 10 Questions you can Ask your Interviewer",Nyeri • Kenya,Kenya,On-site,0,,"Information Technology, Software Development, Data",,About the job,,,,,,,Software & IT,https://www.fuzu.com/kenya/job/computers-software-development/nyeri,2026-08-24T19:31:13.924133+00:00
7036546f5e8ab5b1,Fuzu,7036546f5e8ab5b1,"Information technology, software development, data jobs in Ruiru, Kenya","Description Qualifications Undergraduate degree or diploma in Horticulture/Agriculture or related field. Experience working with SQL, MS-Xcel and Smartsheet. Responsibilities Develop and maintain technical proficiency in SQL, MS Excel, Smartsheet, data visualisation tools, and data cleaning methodologies to support analytical requirements. Analyse and understand the business context, data flow throughout the production process, and interactions with external partners including R&D departments. Provide analytical support on ad hoc issues and challenges, delivering timely insights to support decision-making. Prepare, compile, and present comprehensive update reports to management, ensuring clarity and actionable recommendations. Demonstrate a continuous improvement mindset and actively participate in and support organisational initiatives and process optimisation projects. Collaborate with stakeholders across departments to gather requirements, understand business needs, and translate them into analytical solutions. Ensure data quality and integrity through validation, verification, and documentation of data sources and analytical processes. Provide training and support to end-users on data tools, dashboards, and analytical outputs to promote effective utilisation. Always ensure compliance with phytosanitary and hygiene protocols within the site. Perform all tasks in compliance with and in support of all HSE policies and practices. Undertake any additional tasks and projects as allocated by your line manager.","Syngenta Kenya Data Analyst Ruiru • Kenya Closed for applications GIZ KE Intern - Digitalization Nairobi • Kenya Only on Fuzu Fuzu Atlas LiDAR Labeling Operations Policy & Quality Expert Nairobi • Kenya Only on Fuzu KooraHR Flutter & Frontend Developer Nairobi • Kenya Only on Fuzu GiveDirectly, Inc Chief Technology Officer Nairobi • Kenya Danish Refugee Council Information Management (IM) Intern Nairobi • Kenya Takataka Solutions Data Intern Logistics Nairobi • Kenya Africa Global Logistics Kenya Operator, Operations Documentation, Records Management and Administration M/F Nairobi • Kenya Absa Group Ltd Head of Fraud, Forensic &amp; Physical Security Nairobi • Kenya Closed for applications Get personalised job alerts directly to your inbox! Join Fuzu for Free SAFARICOM Senior Specialist – Cyber Security Assurance Nairobi • Kenya Prev 1 2 3 Next Top cities with open vacancies Jobs in Nairobi , Jobs in Ruiru Companies hiring now African Leadership X (ALX) , CloudFactory , International Rescue Committee , Meru University of Science and Technology , SAFARICOM Country / Region Africa Nigeria Uganda Profession Accounting, finance, banking, insurance , Administrative, clerical , Agriculture, fishing, forestry, wildlife , Business, strategic management , Construction , Customer support, client care , Design, arts , Electrical engineering , Energy, power , Engineering, architecture , Entertainment , Food, nutrition , General management, leadership , Government, community development, public services , Human resources , Information technology, software development, data , Installation, maintenance, repair , Legal , Manufacturing, operations, quality , Mechanical engineering , Media, communications, languages , Medical, health , Project, program management , Research, academy , Restaurant, hospitality, travel , Sales, marketing, promotion , Security , Skilled, manual labor , Teaching, training , Telecommunications , Transportation, logistics, driving , Industry (Information technology, software development, data) Aeronautics , Agriculture, fishing, forestry , Automotive , Banking, microfinance, insurance , Communications, media, radio, tv , Computers, software development and services , Consulting, business support, auditing , Data/Research , Education, academic , Energy, utilities, environment , Engineering, architecture , Financial Services , Health care, medical , Housekeeping, maintenance , Human resources, talent development, recruiting , Manufacturing , Marketing, advertising , Non-profit, social work , Real estate , Restaurant, hospitality, travel , Retail, wholesale, FMCG , Telecommunications , Transportation, logistics, storage , Seniority (Information technology, software development, data) Entry and Basic-level , Mid-level , Senior-level , Fuzu About Fuzu Careers at Fuzu Contact us For Employers © Fuzu Ltd Kenya / Ruiru / Information technology, software development, data Syngenta Kenya Agriculture + 2 more Data Analyst Closed for applications Ruiru • Kenya Job details Location Ruiru • Kenya Contract Type About the job Company Description Qualifications Undergraduate degree or diploma in Horticulture/Agriculture or related field. Experience working with SQL, MS-Xcel and Smartsheet. Responsibilities Develop and maintain technical proficiency in SQL, MS Excel, Smartsheet, data visualisation tools, and data cleaning methodologies to support analytical requirements. Analyse and understand the business context, data flow throughout the production process, and interactions with external partners including R&D departments. Provide analytical support on ad hoc issues and challenges, delivering timely insights to support decision-making. Prepare, compile, and present comprehensive update reports to management, ensuring clarity and actionable recommendations. Demonstrate a continuous improvement mindset and actively participate in and support organisational initiatives and process optimisation projects. Collaborate with stakeholders across departments to gather requirements, understand business needs, and translate them into analytical solutions. Ensure data quality and integrity through validation, verification, and documentation of data sources and analytical processes. Provide training and support to end-users on data tools, dashboards, and analytical outputs to promote effective utilisation. Always ensure compliance with phytosanitary and hygiene protocols within the site. Perform all tasks in compliance with and in support of all HSE policies and practices. Undertake any additional tasks and projects as allocated by your line manager. Tags Information technology, software development, data Agriculture, fishing, forestry Entry and Basic-level Kenya Start hiring with Fuzu Recruit better talent faster - on your own or with our support. Explore recruitment platform Job search tips from Fuzu Selected articles on cover letters, CV structure, and interview preparation. Get Interviews: 5 Steps to a Perfect Cover Letter Salary Negotiation Tips and What You Should Focus On Why Do Successful People Love to Do These 5 Things Before Job Interviews? Let’s Find Out Are You Prepared for These 8 Unique Interview Questions? 10 Questions you can Ask your Interviewer",Ruiru • Kenya,Kenya,On-site,0,,"Information Technology, Software Development, Data",,About the job,,,,,,,Product & UX,https://www.fuzu.com/kenya/job/computers-software-development/ruiru,2026-08-24T19:31:16.753160+00:00
395546f186bd03dd,Fuzu,395546f186bd03dd,"Information technology, software development, data Jobs for Senior-level in Kenya","Description You will build software that safely and securely moves billions of dollars to millions of vulnerable people in some of the poorest and highest need parts of the world. This will require applying excellent engineering, team building and organizational judgment to complex, high-stakes operations: identity and fraud management, machine learning on large but imperfect datasets (cell phone data, satellite imagery, government registries), mobile money integrations, low-connectivity environments, rapidly evolving requirements all in diverse regulatory environments and country contexts. You’ll need to keep our legacy technology stack stable and performant, while in parallel building new systems from the ground up for our next level of scale. You will lead engineering, data, security and enterprise technology – with a small, mighty and rapidly growing engineering team of ~15, and the expectation that this can at least double to ~30 in the next 12 months if you want it to. You’ll report to a CEO with deep experience running technology companies, and partner with our VP Product. What we’re looking for: An exceptional hirer, manager and organizer of technical talent. Proven record identifying, hiring, developing and retaining excellent engineers and engineering leaders, and creating team processes that consistently deliver software with quality and velocity. Deep technical judgment, applied close to the work. You can evaluate major designs, pressure-test architecture and build-vs-buy decisions, and recognize when a team is heading the wrong way, without becoming the primary implementer. Low-ego: you’ll investigate a problem yourself when that’s what the situation requires. Business judgment and decisiveness under ambiguity. You’re not just a technical leader, you’re also a business executive. You understand the business, are a strong cross-functional partner, and have a history of good judgment when navigating tradeoffs of long vs. short term, speed, reliability, security, flexibility, cost, technical quality, and user impact. AI first. You have a point of view on where AI meaningfully changes engineering productivity and organizational capability, and you’ve moved a team from experimentation to real, measured use. You can set the tools, culture, goals, and guardrails that leverage the opportunities and mitigate the risks of an AI first engineering culture. Embody and set an example for GD values. We take our values incredibly seriously, and expect our leaders to embody, nurture, and promote them in the way they work and the teams they build. Advantages, not requirements. Experience in an operationally complex or regulated domain (fintech, payments, humanitarian response, global development); systems involving financial controls, fraud risk, identity, or sensitive recipient data; operating across multiple countries, particularly lower-income or infrastructure-constrained ones; leading both modern product engineering and enterprise technology. What you’ll do Define our technology vision and target stack. Own the technical strategy for technology-first delivery at $5B+/year: architecture, platforms, build-vs-buy, and what we retire. Work with executive, product, finance, risk, and data leaders to turn program and product strategy into a sequenced, credible portfolio of technical investments. Balance a demanding portfolio. You’ll manage six workstreams that all matter and won’t all move at once: (1) building our new cash delivery stack (remote-first verification, fraud prevention, massive volume) (2) stabilizing our legacy stack until switchover, then managing the migration; (3) donor-facing fundraising products; (4) our global emergency cash system (and eventual white-labelling of that product); (5) enterprise technology; (6) internal tooling, platform, and cybersecurity. Deciding sequencing and staffing across these (and saying “not yet” credibly) is the job. Build and grow an exceptional technology organization. Recruit outstanding engineering and technology talent, design the org GiveDirectly needs at its next stage of scale (engineering, product, data, security, infrastructure, enterprise systems), and create the accountability, decision rights, and career paths to sustain high talent density. Grow the engineering team from 15 to ~30 with a lean but durable management structure. Own the technical direction and quality bar. Guide consequential decisions on integrations, data, security, reliability, and technical debt. Ensure our systems can safely support a major increase in transaction volume, geographic reach, and organizational dependence on technology. Set a pragmatic quality bar appropriate to high-stakes financial delivery while preserving speed. Lead across organizational boundaries. Serve as a member of GiveDirectly’s executive team, reporting to the CEO and bringing technology into major strategic and operating decisions. Help non-technical leaders understand technical constraints and costs, build credibility with country and functional leaders by understanding their realities, and force clarity when priorities, ownership, or tradeoffs are ambiguous. Travel. Approximately 4–6 trips per year, including visits to GiveDirectly countries of operation. Compensation Total Compensation (US) of $366,000 – $518,000 comprised of: Base Salary: $300,000 – $375,000 Bonus: $45,000-$112,000 (bonus is % based and decided based on org-wide performance) Annual Benefits Stipend: ~$21,000 Total Compensation (UK) of £225,000 – £317,000 comprised of: Base Salary: £193,400 – £241,700 Bonus: £29,000 – £72,500 (bonus is % based and decided based on org-wide performance) Annual Benefits Stipend: £2,760 Total Compensation (Kenya) of $333,000 – $467,000 comprised of: Base Salary: $282,500 – $353,100 Bonus: $42,000 – $106,000 (bonus is % based and decided based on org-wide performance) Annual Benefits Stipend: $8,453","GiveDirectly, Inc Chief Technology Officer Nairobi • Kenya Victory Farms Group Director – Digital Transformation & Business Technology Nairobi • Kenya Absa Group Ltd Head of Fraud, Forensic &amp; Physical Security Nairobi • Kenya Closed for applications CloudFactory Director, Technology Operations Nairobi • Kenya Closed for applications Mastercard Foundation Consultant, Head, Strategic Delivery SET Nairobi • Kenya Closed for applications Get personalised job alerts directly to your inbox! Join Fuzu for Free Rainforest Alliance Senior Manager, Data Management Nairobi • Kenya Closed for applications Top cities with open vacancies Jobs in Nairobi Companies hiring now Absa Group Ltd , CloudFactory , GiveDirectly, Inc , Mastercard Foundation , Victory Farms Country / Region Africa Nigeria Uganda Profession (Senior-level) Accounting, finance, banking, insurance , Administrative, clerical , Business, strategic management , Construction , Design, arts , Engineering, architecture , Food, nutrition , General management, leadership , Government, community development, public services , Human resources , Information technology, software development, data , Mechanical engineering , Medical, health , Project, program management , Research, academy , Sales, marketing, promotion , Teaching, training , Transportation, logistics, driving , Industry (Information technology, software development, data, Senior-level) Agriculture, fishing, forestry , Banking, microfinance, insurance , Computers, software development and services , Non-profit, social work , Seniority (Information technology, software development, data) Entry and Basic-level , Mid-level , Senior-level , Fuzu About Fuzu Careers at Fuzu Contact us For Employers © Fuzu Ltd Kenya / Nairobi / Information technology, software development, data GiveDirectly, Inc Non-profit + 1 more Chief Technology Officer Nairobi • Kenya Sign in and Apply Save Share Job details Location Nairobi • Kenya Contract Type About the job Company Description You will build software that safely and securely moves billions of dollars to millions of vulnerable people in some of the poorest and highest need parts of the world. This will require applying excellent engineering, team building and organizational judgment to complex, high-stakes operations: identity and fraud management, machine learning on large but imperfect datasets (cell phone data, satellite imagery, government registries), mobile money integrations, low-connectivity environments, rapidly evolving requirements all in diverse regulatory environments and country contexts. You’ll need to keep our legacy technology stack stable and performant, while in parallel building new systems from the ground up for our next level of scale. You will lead engineering, data, security and enterprise technology – with a small, mighty and rapidly growing engineering team of ~15, and the expectation that this can at least double to ~30 in the next 12 months if you want it to. You’ll report to a CEO with deep experience running technology companies, and partner with our VP Product. What we’re looking for: An exceptional hirer, manager and organizer of technical talent. Proven record identifying, hiring, developing and retaining excellent engineers and engineering leaders, and creating team processes that consistently deliver software with quality and velocity. Deep technical judgment, applied close to the work. You can evaluate major designs, pressure-test architecture and build-vs-buy decisions, and recognize when a team is heading the wrong way, without becoming the primary implementer. Low-ego: you’ll investigate a problem yourself when that’s what the situation requires. Business judgment and decisiveness under ambiguity. You’re not just a technical leader, you’re also a business executive. You understand the business, are a strong cross-functional partner, and have a history of good judgment when navigating tradeoffs of long vs. short term, speed, reliability, security, flexibility, cost, technical quality, and user impact. AI first. You have a point of view on where AI meaningfully changes engineering productivity and organizational capability, and you’ve moved a team from experimentation to real, measured use. You can set the tools, culture, goals, and guardrails that leverage the opportunities and mitigate the risks of an AI first engineering culture. Embody and set an example for GD values. We take our values incredibly seriously, and expect our leaders to embody, nurture, and promote them in the way they work and the teams they build. Advantages, not requirements. Experience in an operationally complex or regulated domain (fintech, payments, humanitarian response, global development); systems involving financial controls, fraud risk, identity, or sensitive recipient data; operating across multiple countries, particularly lower-income or infrastructure-constrained ones; leading both modern product engineering and enterprise technology. What you’ll do Define our technology vision and target stack. Own the technical strategy for technology-first delivery at $5B+/year: architecture, platforms, build-vs-buy, and what we retire. Work with executive, product, finance, risk, and data leaders to turn program and product strategy into a sequenced, credible portfolio of technical investments. Balance a demanding portfolio. You’ll manage six workstreams that all matter and won’t all move at once: (1) building our new cash delivery stack (remote-first verification, fraud prevention, massive volume) (2) stabilizing our legacy stack until switchover, then managing the migration; (3) donor-facing fundraising products; (4) our global emergency cash system (and eventual white-labelling of that product); (5) enterprise technology; (6) internal tooling, platform, and cybersecurity. Deciding sequencing and staffing across these (and saying “not yet” credibly) is the job. Build and grow an exceptional technology organization. Recruit outstanding engineering and technology talent, design the org GiveDirectly needs at its next stage of scale (engineering, product, data, security, infrastructure, enterprise systems), and create the accountability, decision rights, and career paths to sustain high talent density. Grow the engineering team from 15 to ~30 with a lean but durable management structure. Own the technical direction and quality bar. Guide consequential decisions on integrations, data, security, reliability, and technical debt. Ensure our systems can safely support a major increase in transaction volume, geographic reach, and organizational dependence on technology. Set a pragmatic quality bar appropriate to high-stakes financial delivery while preserving speed. Lead across organizational boundaries. Serve as a member of GiveDirectly’s executive team, reporting to the CEO and bringing technology into major strategic and operating decisions. Help non-technical leaders understand technical constraints and costs, build credibility with country and functional leaders by understanding their realities, and force clarity when priorities, ownership, or tradeoffs are ambiguous. Travel. Approximately 4–6 trips per year, including visits to GiveDirectly countries of operation. Compensation Total Compensation (US) of $366,000 – $518,000 comprised of: Base Salary: $300,000 – $375,000 Bonus: $45,000-$112,000 (bonus is % based and decided based on org-wide performance) Annual Benefits Stipend: ~$21,000 Total Compensation (UK) of £225,000 – £317,000 comprised of: Base Salary: £193,400 – £241,700 Bonus: £29,000 – £72,500 (bonus is % based and decided based on org-wide performance) Annual Benefits Stipend: £2,760 Total Compensation (Kenya) of $333,000 – $467,000 comprised of: Base Salary: $282,500 – $353,100 Bonus: $42,000 – $106,000 (bonus is % based and decided based on org-wide performance) Annual Benefits Stipend: $8,453 Tags Information technology, software development, data Non-profit, social work Senior-level Kenya Start hiring with Fuzu Recruit better talent faster - on your own or with our support. Explore recruitment platform Job search tips from Fuzu Selected articles on cover letters, CV structure, and interview preparation. Get Interviews: 5 Steps to a Perfect Cover Letter Salary Negotiation Tips and What You Should Focus On Why Do Successful People Love to Do These 5 Things Before Job Interviews? Let’s Find Out Are You Prepared for These 8 Unique Interview Questions? 10 Questions you can Ask your Interviewer Sign in and Apply",Nairobi • Kenya,Kenya,Remote,1,Kenya/Global,"Information Technology, Software Development, Data",,About the job,,,,,,,Software & IT,https://www.fuzu.com/kenya/job/computers-software-development/senior,2026-08-24T19:31:19.527195+00:00
12cd5f8f941875f2,Fuzu,12cd5f8f941875f2,Construction Jobs in Kenya,"Description Role Purpose The Building Manager is responsible for the day-to-day management, maintenance, tenant relations, and financial administration of Gada Investments' property portfolio. The role ensures that buildings are well maintained , tenants receive excellent service, rent is collected on time, and all facilities operate safely and efficiently. The Building Manager is the ""caretaker of the asset"" — protecting both tenant satisfaction and the long-term value of the property. Key Responsibilities 1. Facilities Management Ensure all building facilities are functioning properly and safely, including: Water supply systems Electrical systems and common area lighting Toilets and sanitation facilities Pumps, tanks, generators and related equipment Common areas including corridors, staircases and parking areas Waste management and cleanliness standards Key Duties Conduct regular building inspections. Identify and resolve facility-related issues promptly. Coordinate repairs and maintenance activities. Ensure preventative maintenance schedules are followed. Monitor utility usage and report unusual consumption. Maintain health and safety standards across all properties. 2. Tenant Management Act as the primary point of contact for all tenants. Key Duties Respond to tenant enquiries and complaints. Resolve tenant issues in a professional and timely manner. Manage tenant onboarding and move-in processes. Coordinate lease renewals. Maintain positive tenant relationships. Ensure compliance with lease terms and property regulations. 3. Rent Collection & Arrears Management Drive timely collection of rental income and minimise outstanding balances. Key Duties Monitor rental payments. Issue rent reminders and statements. Follow up on overdue accounts. Develop and implement arrears recovery plans. Escalate serious collection matters to management. Maintain accurate rent collection records. Produce monthly arrears reports. Key Performance Indicator (KPI) Rent collection rate (%) Outstanding arrears value Debtor days 4. Building Maintenance Management Ensure all repairs and maintenance activities are completed effectively. Key Duties Receive and record maintenance requests. Prioritise urgent and non-urgent repairs. Coordinate contractors and service providers. Obtain quotations where necessary. Monitor quality of completed work. Ensure maintenance activities remain within approved budgets. Maintain detailed maintenance records. 5. Contractor & Vendor Management Manage all suppliers involved in maintaining the properties. Key Duties Source reliable maintenance contractors. Monitor contractor performance. Verify work completion before payment approval. Maintain service contracts and renewal schedules. Ensure contractors comply with safety requirements. 6. Administration & Reporting Maintain accurate records and provide regular management updates. Key Duties Maintain tenant records and lease documentation. Track maintenance costs. Monitor service charge expenditures. Prepare monthly management reports. Keep records of incidents, complaints and resolutions. Maintain asset and equipment registers. Key Deliverables The Building Manager will be expected to deliver: Well-maintained buildings with minimal downtime. High tenant satisfaction levels. Timely rent collection. Reduced rental arrears. Fast resolution of maintenance issues. Accurate monthly property performance reporting. Effective management of contractors and suppliers. Qualifications & Experience Education Diploma or Degree in: Property Management Building Management Facilities Management Real Estate Business Administration Related field Experience Minimum 3 years' experience in: Property management Facilities management Building operations Real estate administration Skills & Competencies Technical Skills Property management Facilities management Maintenance coordination Rent collection and debtor management Budget management Report preparation Personal Attributes Strong communication skills Problem-solving mindset Highly organised Customer-service orientated Strong negotiation skills Attention to detail Ability to work independently Ideal Candidate Profile The ideal candidate combines the mindset of a property manager, facilities manager and collections officer . They must be comfortable dealing with tenants, chasing rent, coordinating repairs, managing contractors and ensuring the buildings remain attractive, safe and profitable.","Spin-Knit Limited Building/Property Manager Nakuru • Kenya Only on Fuzu KIKA Power & Construction Site Agent Nairobi • Kenya Only on Fuzu British Army Training Unit Kenya (BATUK) Painter Nanyuki • Kenya British Army Training Unit Kenya (BATUK) Carpenter Nanyuki • Kenya British Army Training Unit Kenya (BATUK) Mason Nanyuki • Kenya Victory Farms Construction Manager Nairobi • Kenya Amentum MSC Riding Gang Painter / Chipper Lamu • Kenya Victory Farms Construction Supervisor Nairobi • Kenya MMT Alliance Human Resources Officer Nairobi • Kenya Closed for applications Only on Fuzu Get personalised job alerts directly to your inbox! Join Fuzu for Free MMT Alliance Project Manager / Site Engineer – Road Construction (Project-Based Consultant) Nairobi • Kenya Closed for applications Only on Fuzu Prev 1 2 Next Top cities with open vacancies Jobs in Nairobi , Jobs in Nanyuki , Jobs in Homa Bay , Jobs in Nakuru , Jobs in Lamu Companies hiring now Amentum , British Army Training Unit Kenya (BATUK) , KIKA Power & Construction , MMT Alliance , Victory Farms Country / Region Africa Nigeria Uganda Profession Accounting, finance, banking, insurance , Administrative, clerical , Agriculture, fishing, forestry, wildlife , Business, strategic management , Construction , Customer support, client care , Design, arts , Electrical engineering , Energy, power , Engineering, architecture , Entertainment , Food, nutrition , General management, leadership , Government, community development, public services , Human resources , Information technology, software development, data , Installation, maintenance, repair , Legal , Manufacturing, operations, quality , Mechanical engineering , Media, communications, languages , Medical, health , Project, program management , Research, academy , Restaurant, hospitality, travel , Sales, marketing, promotion , Security , Skilled, manual labor , Sports, beauty, wellbeing , Teaching, training , Telecommunications , Transportation, logistics, driving , Industry (Construction) Agriculture, fishing, forestry , Construction, renovation, maintenance , Manufacturing , Non-profit, social work , Real estate , Security , Seniority (Construction) Entry and Basic-level , Mid-level , Senior-level , Fuzu About Fuzu Careers at Fuzu Contact us For Employers © Fuzu Ltd Kenya / Nakuru / Construction Spin-Knit Limited Real estate Building/Property Manager Only on Fuzu Nakuru • Kenya Sign in and Apply Save Share Job details Location Nakuru • Kenya Contract Type About the job Company Description Role Purpose The Building Manager is responsible for the day-to-day management, maintenance, tenant relations, and financial administration of Gada Investments' property portfolio. The role ensures that buildings are well maintained , tenants receive excellent service, rent is collected on time, and all facilities operate safely and efficiently. The Building Manager is the ""caretaker of the asset"" — protecting both tenant satisfaction and the long-term value of the property. Key Responsibilities 1. Facilities Management Ensure all building facilities are functioning properly and safely, including: Water supply systems Electrical systems and common area lighting Toilets and sanitation facilities Pumps, tanks, generators and related equipment Common areas including corridors, staircases and parking areas Waste management and cleanliness standards Key Duties Conduct regular building inspections. Identify and resolve facility-related issues promptly. Coordinate repairs and maintenance activities. Ensure preventative maintenance schedules are followed. Monitor utility usage and report unusual consumption. Maintain health and safety standards across all properties. 2. Tenant Management Act as the primary point of contact for all tenants. Key Duties Respond to tenant enquiries and complaints. Resolve tenant issues in a professional and timely manner. Manage tenant onboarding and move-in processes. Coordinate lease renewals. Maintain positive tenant relationships. Ensure compliance with lease terms and property regulations. 3. Rent Collection & Arrears Management Drive timely collection of rental income and minimise outstanding balances. Key Duties Monitor rental payments. Issue rent reminders and statements. Follow up on overdue accounts. Develop and implement arrears recovery plans. Escalate serious collection matters to management. Maintain accurate rent collection records. Produce monthly arrears reports. Key Performance Indicator (KPI) Rent collection rate (%) Outstanding arrears value Debtor days 4. Building Maintenance Management Ensure all repairs and maintenance activities are completed effectively. Key Duties Receive and record maintenance requests. Prioritise urgent and non-urgent repairs. Coordinate contractors and service providers. Obtain quotations where necessary. Monitor quality of completed work. Ensure maintenance activities remain within approved budgets. Maintain detailed maintenance records. 5. Contractor & Vendor Management Manage all suppliers involved in maintaining the properties. Key Duties Source reliable maintenance contractors. Monitor contractor performance. Verify work completion before payment approval. Maintain service contracts and renewal schedules. Ensure contractors comply with safety requirements. 6. Administration & Reporting Maintain accurate records and provide regular management updates. Key Duties Maintain tenant records and lease documentation. Track maintenance costs. Monitor service charge expenditures. Prepare monthly management reports. Keep records of incidents, complaints and resolutions. Maintain asset and equipment registers. Key Deliverables The Building Manager will be expected to deliver: Well-maintained buildings with minimal downtime. High tenant satisfaction levels. Timely rent collection. Reduced rental arrears. Fast resolution of maintenance issues. Accurate monthly property performance reporting. Effective management of contractors and suppliers. Qualifications & Experience Education Diploma or Degree in: Property Management Building Management Facilities Management Real Estate Business Administration Related field Experience Minimum 3 years' experience in: Property management Facilities management Building operations Real estate administration Skills & Competencies Technical Skills Property management Facilities management Maintenance coordination Rent collection and debtor management Budget management Report preparation Personal Attributes Strong communication skills Problem-solving mindset Highly organised Customer-service orientated Strong negotiation skills Attention to detail Ability to work independently Ideal Candidate Profile The ideal candidate combines the mindset of a property manager, facilities manager and collections officer . They must be comfortable dealing with tenants, chasing rent, coordinating repairs, managing contractors and ensuring the buildings remain attractive, safe and profitable. Tags Construction Real estate Mid-level Kenya Start hiring with Fuzu Recruit better talent faster - on your own or with our support. Explore recruitment platform Job search tips from Fuzu Selected articles on cover letters, CV structure, and interview preparation. Get Interviews: 5 Steps to a Perfect Cover Letter Salary Negotiation Tips and What You Should Focus On Why Do Successful People Love to Do These 5 Things Before Job Interviews? Let’s Find Out Are You Prepared for These 8 Unique Interview Questions? 10 Questions you can Ask your Interviewer Sign in and Apply",Nakuru • Kenya,Kenya,On-site,0,,"Information Technology, Software Development, Data",,About the job,,,,,,,Software & IT,https://www.fuzu.com/kenya/job/construction,2026-08-24T19:31:25.639636+00:00
7b10b25d3ee74c3e,Fuzu,7b10b25d3ee74c3e,"Customer support, client care Jobs in Kenya","Description Are you inquisitive, creative, eager to learn and committed to excellence? This is just for you! The opportunity to join one of the largest telecom companies in the world. We are currently seeking qualified candidates based in Nairobi and Mombasa. Please indicate your current region of residence in your application. Key Requirements: - Recent graduate with a bachelor’s degree in marketing/sales/business management or related field and 1-2 years of experience in sales/trade promotions, brand visibility, customer service. The Retail Experience Intern supports the day-to-day operations of the Airtel retail shop by assisting the customer service team in delivering excellent customer experience. The role provides hands-on learning in sales, customer care, product knowledge, and operational processes within a leading telecommunications environment. Key Responsibilities: Welcome and assist customers visiting the shop in a professional and friendly manner. Respond to basic customer queries related to Airtel products and services (e.g. SIM registration, airtime, bundles, device troubleshooting). Support the resolution of customer complaints by escalating issues to Customer Service Executives or the Shop Manager. Ensure customers have a positive experience that reflects Airtel’s brand values. Support the shop team in promoting Airtel products, services, and offers. Guide customers through Airtel Money registration, PIN reset, and transaction processes. Educate customers on the use of Airtel Money and digital self-service platforms. Help maintain shop displays, branding, and cleanliness to ensure a professional environment. Perform any other duties that might be assigned by the shop manager from time to time.","Airtel Kenya Retail Experience Intern Nairobi • Kenya Only on Fuzu Unique Brilliant Tours and Safari Hotel Reservation Specialist Nairobi • Kenya Only on Fuzu Unique Brilliant Tours and Safari Front Desk Receptionist Nairobi • Kenya Only on Fuzu Oasis Outsourcing Customer Service Representative Nairobi • Kenya Only on Fuzu Oasis Outsourcing Customer Experience Associate – RH Nairobi • Kenya Only on Fuzu Angama Guide Nairobi • Kenya Bliss Resort Mombasa Guest Relations & Reservations Officer Nairobi • Kenya Accor Hostess Nairobi • Kenya Diani Beach Hospital Billing Officer Ukunda • Kenya Get personalised job alerts directly to your inbox! Join Fuzu for Free Teleperformance Trainer (6 months) - Teleperformance Nairobi • Kenya Prev 1 2 3 Next Top cities with open vacancies Jobs in Nairobi , Jobs in Mombasa , Jobs in Ukunda , Jobs in Lamu , Jobs in Kisumu , Jobs in Garissa Companies hiring now Africa Safari Trips , Beachfront VIPingo , Influx. Inc , Oasis Outsourcing , Teleperformance Country / Region Africa Nigeria Uganda Profession Accounting, finance, banking, insurance , Administrative, clerical , Agriculture, fishing, forestry, wildlife , Business, strategic management , Construction , Customer support, client care , Design, arts , Electrical engineering , Energy, power , Engineering, architecture , Entertainment , Food, nutrition , General management, leadership , Government, community development, public services , Human resources , Information technology, software development, data , Installation, maintenance, repair , Legal , Manufacturing, operations, quality , Mechanical engineering , Media, communications, languages , Medical, health , Project, program management , Research, academy , Restaurant, hospitality, travel , Sales, marketing, promotion , Security , Skilled, manual labor , Sports, beauty, wellbeing , Teaching, training , Telecommunications , Transportation, logistics, driving , Industry (Customer support, client care) Agriculture, fishing, forestry , Banking, microfinance, insurance , Computers, software development and services , Data/Research , Fitness, well-being and lifestyle , Health care, medical , Manufacturing , Non-profit, social work , Outsourcing, leasing , Restaurant, hospitality, travel , Retail, wholesale, FMCG , Telecommunications , Transportation, logistics, storage , Seniority (Customer support, client care) Entry and Basic-level , Mid-level , Fuzu About Fuzu Careers at Fuzu Contact us For Employers © Fuzu Ltd Kenya / Nairobi / Customer support, client care Airtel Kenya Telecommunications Retail Experience Intern Only on Fuzu Nairobi • Kenya Sign in and Apply Save Share Job details Location Nairobi • Kenya Contract Type About the job Company Description Are you inquisitive, creative, eager to learn and committed to excellence? This is just for you! The opportunity to join one of the largest telecom companies in the world. We are currently seeking qualified candidates based in Nairobi and Mombasa. Please indicate your current region of residence in your application. Key Requirements: - Recent graduate with a bachelor’s degree in marketing/sales/business management or related field and 1-2 years of experience in sales/trade promotions, brand visibility, customer service. The Retail Experience Intern supports the day-to-day operations of the Airtel retail shop by assisting the customer service team in delivering excellent customer experience. The role provides hands-on learning in sales, customer care, product knowledge, and operational processes within a leading telecommunications environment. Key Responsibilities: Welcome and assist customers visiting the shop in a professional and friendly manner. Respond to basic customer queries related to Airtel products and services (e.g. SIM registration, airtime, bundles, device troubleshooting). Support the resolution of customer complaints by escalating issues to Customer Service Executives or the Shop Manager. Ensure customers have a positive experience that reflects Airtel’s brand values. Support the shop team in promoting Airtel products, services, and offers. Guide customers through Airtel Money registration, PIN reset, and transaction processes. Educate customers on the use of Airtel Money and digital self-service platforms. Help maintain shop displays, branding, and cleanliness to ensure a professional environment. Perform any other duties that might be assigned by the shop manager from time to time. Tags Customer support, client care Telecommunications Entry and Basic-level Kenya Start hiring with Fuzu Recruit better talent faster - on your own or with our support. Explore recruitment platform Job search tips from Fuzu Selected articles on cover letters, CV structure, and interview preparation. Get Interviews: 5 Steps to a Perfect Cover Letter Salary Negotiation Tips and What You Should Focus On Why Do Successful People Love to Do These 5 Things Before Job Interviews? Let’s Find Out Are You Prepared for These 8 Unique Interview Questions? 10 Questions you can Ask your Interviewer Sign in and Apply",Nairobi • Kenya,Kenya,On-site,0,,"Information Technology, Software Development, Data",,About the job,,,,,,,Software & IT,https://www.fuzu.com/kenya/job/customer-support-client-care,2026-08-24T19:31:30.520557+00:00
980d366f7ac391de,Fuzu,980d366f7ac391de,"Design, arts Jobs in Kenya","Description Required Qualifications and Experience The ideal consultant should have: A degree, diploma, or professional training in graphic design, visual communication, multimedia design, digital media, or a related field. At least 3 to 5 years of relevant experience in graphic design, branding, visual communication, or multimedia design. A strong portfolio demonstrating experience in digital, print, publication, branding, campaign, and social media design. Experience designing reports, presentations, infographics, brochures, social media graphics, and marketing materials. Strong understanding of layout, typography, color, composition, visual hierarchy, and brand consistency. Ability to translate complex technical information into clear, engaging, and visually appealing design products. Strong attention to detail, time management, creativity, and ability to work independently. Ability to receive feedback and deliver high-quality work within agreed timelines.","CHASP Advisory Independent Graphic Designer Consultant Nairobi • Kenya Absa Group Ltd Experience Design Director Nairobi • Kenya World Agroforestry Centre (ICRAF) Consultant- Landscape Ecology Nairobi • Kenya Sun King UX Product Manager – PAYGo Phones Nairobi • Kenya Closed for applications Kapa Oil Refineries Graphic Designer- Junior Management Nairobi • Kenya Closed for applications World Agroforestry Centre (ICRAF) Post Doc Fellows- Landscape Ecology Nairobi • Kenya Closed for applications Safal Group Design Engineer Nairobi • Kenya Closed for applications Fuzu Atlas Environmental Photographer Nakuru , Kisumu , Eldoret • Kenya + 3 more Closed for applications Get personalised job alerts directly to your inbox! Join Fuzu for Free Oasis Outsourcing AI Video Creator - Performance Marketing Nairobi • Kenya Closed for applications Top cities with open vacancies Jobs in Nairobi , Jobs in Ruiru , Jobs in Nakuru , Jobs in Mombasa , Jobs in Kisumu , Jobs in Kikuyu , Jobs in Eldoret Companies hiring now CHASP Advisory , Fuzu Atlas , Oasis Outsourcing , Sun King , World Agroforestry Centre (ICRAF) Country / Region Africa Nigeria Uganda Profession Accounting, finance, banking, insurance , Administrative, clerical , Agriculture, fishing, forestry, wildlife , Business, strategic management , Construction , Customer support, client care , Design, arts , Electrical engineering , Energy, power , Engineering, architecture , Entertainment , Food, nutrition , General management, leadership , Government, community development, public services , Human resources , Information technology, software development, data , Installation, maintenance, repair , Legal , Manufacturing, operations, quality , Mechanical engineering , Media, communications, languages , Medical, health , Project, program management , Research, academy , Restaurant, hospitality, travel , Sales, marketing, promotion , Security , Skilled, manual labor , Sports, beauty, wellbeing , Teaching, training , Telecommunications , Transportation, logistics, driving , Industry (Design, arts) Banking, microfinance, insurance , Computers, software development and services , Construction, renovation, maintenance , Data/Research , Energy, utilities, environment , Manufacturing , Marketing, advertising , Non-profit, social work , Seniority (Design, arts) Entry and Basic-level , Mid-level , Senior-level , Fuzu About Fuzu Careers at Fuzu Contact us For Employers © Fuzu Ltd Kenya / Nairobi / Design, arts CHASP Advisory Non-profit + 1 more Independent Graphic Designer Consultant Nairobi • Kenya Sign in and Apply Save Share Job details Location Nairobi • Kenya Contract Type About the job Company Description Required Qualifications and Experience The ideal consultant should have: A degree, diploma, or professional training in graphic design, visual communication, multimedia design, digital media, or a related field. At least 3 to 5 years of relevant experience in graphic design, branding, visual communication, or multimedia design. A strong portfolio demonstrating experience in digital, print, publication, branding, campaign, and social media design. Experience designing reports, presentations, infographics, brochures, social media graphics, and marketing materials. Strong understanding of layout, typography, color, composition, visual hierarchy, and brand consistency. Ability to translate complex technical information into clear, engaging, and visually appealing design products. Strong attention to detail, time management, creativity, and ability to work independently. Ability to receive feedback and deliver high-quality work within agreed timelines. Tags Design, arts Non-profit, social work Mid-level Kenya Start hiring with Fuzu Recruit better talent faster - on your own or with our support. Explore recruitment platform Job search tips from Fuzu Selected articles on cover letters, CV structure, and interview preparation. Get Interviews: 5 Steps to a Perfect Cover Letter Salary Negotiation Tips and What You Should Focus On Why Do Successful People Love to Do These 5 Things Before Job Interviews? Let’s Find Out Are You Prepared for These 8 Unique Interview Questions? 10 Questions you can Ask your Interviewer Sign in and Apply",Nairobi • Kenya,Kenya,On-site,0,,"Information Technology, Software Development, Data",,About the job,,,,,,,Software & IT,https://www.fuzu.com/kenya/job/design-arts,2026-08-24T19:31:36.124357+00:00
b1ba990a1fc7b9ea,Fuzu,b1ba990a1fc7b9ea,"Education, academic Jobs in Kenya","Description The Head of Revenue & Sales Operations will oversee and coordinate all Elimutab sales departments including Schools Sales, Interactive Smart Screens Sales, STEM & AI Academy Sales, Retail Sales, and the Reseller & Distributor Network. The role holder will ensure revenue growth, team accountability, sales pipeline management, CRM discipline, sales reporting, execution of targets, and expansion of partnerships and distribution. This is a leadership role for someone who can manage people, systems, performance, and growth. CORE RESPONSIBILITIES 1. Sales Leadership & Team Management • Lead all sales teams across the different business units • Set monthly, quarterly, and annual targets • Conduct weekly pipeline and performance reviews • Build a culture of accountability and execution • Recruit, train, mentor, and manage sales staff • Create sales playbooks and SOPs 2. Revenue Growth Drive growth across educational tablet sales, interactive smart screens, STEM programs, school digitization projects, retail and online sales, and distributor/reseller sales. 3. Sales Operations & CRM Management • Ensure proper use of CRM systems • Monitor lead flow and conversion rates • Improve follow-up systems and sales processes • Build forecasting and sales dashboards • Track KPIs across all teams 4. Channel Management Manage and optimize school sales, retail relationships, distributor networks, partnerships, and activations. 5. Strategic Execution Work closely with marketing, operations, logistics, and finance to scale growth across Kenya and beyond. AI & SALES AUTOMATION The role holder should be comfortable leveraging CRM systems, AI tools, WhatsApp automation, lead management systems, sales dashboards, and automated follow-up workflows to improve conversion rates, sales efficiency, reporting accuracy, and revenue scalability. Experience with tools such as ChatGPT, ManyChat, CRM automations,and AI-assisted sales workflows is highly preferred. EXISTING TEAM STRUCTURE The role holder will inherit and coordinate: • School sales representatives • Retail/telesales staff • Distributor and reseller relationships • Marketing-generated lead flow • Operational support from logistics and finance FIRST 90 DAYS EXPECTATIONS • Conduct a full sales pipeline and channel audit • Assess current CRM hygiene and reporting discipline • Establish weekly forecasting and reporting cadence • Implement sales SOPs and playbooks • Deliver a channel-by-channel growth plan • Assess team structure and identify hiring gaps • Improve lead follow-up systems and conversion workflows • Introduce automation opportunities across sales operations CANDIDATE PROFILE We are looking for someone who: • Has strong leadership and management ability • Can manage multiple sales teams simultaneously • Is highly organized and execution-driven • Understands sales systems, CRM, and automation • Has experience scaling sales operations • Thrives in a fast-paced startup environment • Has strong reporting and analytical skills • Is proactive and performance-oriented PREFERRED EXPERIENCE • 5+ years experience in sales leadership • Experience managing field sales teams • Experience in EdTech, technology, FMCG distribution, retail, electronics, or education sector sales • Experience handling distributors/resellers is a plus • Experience with schools or institutional sales is highly preferred KEY KPIs • Revenue growth • Sales target achievement • Team productivity • Lead conversion rate • Distributor growth • CRM compliance • Pipeline health • Collections/payment follow-up • New partnerships signed • Customer retention","ElimuTab Edtech Africa Head of Sales and Revenue Nairobi • Kenya Only on Fuzu Jeremiah Nyagah National Polytechnic Assistant Supply Chain Management Office Embu • Kenya Jeremiah Nyagah National Polytechnic Internal Auditor Embu • Kenya Jeremiah Nyagah National Polytechnic Supply Chain Management Officer Embu • Kenya Jeremiah Nyagah National Polytechnic Driver Embu • Kenya United States International University - Africa Lecturer in Pharmacognosy ( Medicinal Plant Chemistry) Nairobi • Kenya Oshwal Academy Sports/PE Teacher Nairobi • Kenya Nyandarua National Polytechnic LIBRARIAN, JOB GRADE NyNP 8/JOB GROUP K – POST (1) Nyahururu • Kenya Closed for applications Only on Fuzu Nyandarua National Polytechnic RECEPTIONIST III, JOB GRADE NyNP 4/JOB GROUP F – POST (1) Nyahururu • Kenya Closed for applications Only on Fuzu Get personalised job alerts directly to your inbox! Join Fuzu for Free MM - MV Shah Academy English Literature Teacher Mombasa • Kenya Closed for applications Prev 1 2 3 Next Top cities with open vacancies Jobs in Nairobi , Jobs in Maseno , Jobs in Thika , Jobs in Mombasa , Jobs in Migori , Jobs in Eldoret , Jobs in Kitengela , Jobs in Machakos , Jobs in Kakamega , Jobs in Meru , Jobs in Homa Bay , Jobs in Embu , Jobs in Bomet , Jobs in Garissa , Jobs in Nyahururu , Jobs in Kisii , Jobs in Athi River , Jobs in Siaya Companies hiring now Maseno University , Meru University of Science and Technology , Mount Kenya University (MKU) , Oshwal Academy , United States International University - Africa Country / Region Africa Nigeria Uganda Profession (Education, academic) Accounting, finance, banking, insurance , Administrative, clerical , Agriculture, fishing, forestry, wildlife , Business, strategic management , Energy, power , Engineering, architecture , Food, nutrition , Government, community development, public services , Human resources , Information technology, software development, data , Manufacturing, operations, quality , Mechanical engineering , Media, communications, languages , Medical, health , Project, program management , Sales, marketing, promotion , Security , Skilled, manual labor , Teaching, training , Transportation, logistics, driving , Industry Aeronautics , Agriculture, fishing, forestry , Automotive , Banking, microfinance, insurance , Communications, media, radio, tv , Computers, software development and services , Construction, renovation, maintenance , Consulting, business support, auditing , Data/Research , Education, academic , Energy, utilities, environment , Engineering, architecture , Finance & FinTech , Financial Services , Fitness, well-being and lifestyle , Governmental , Health care, medical , Housekeeping, maintenance , Human resources, talent development, recruiting , Legal, accounting , Manufacturing , Marketing, advertising , Non-profit, social work , Outsourcing, leasing , Real estate , Restaurant, hospitality, travel , Retail, wholesale, FMCG , Security , Telecommunications , Textile, fashion , Transportation, logistics, storage , Seniority (Education, academic) Entry and Basic-level , Mid-level , Senior-level , Fuzu About Fuzu Careers at Fuzu Contact us For Employers © Fuzu Ltd Kenya / Nairobi / Sales, marketing, promotion ElimuTab Edtech Africa Education + 1 more Head of Sales and Revenue Only on Fuzu Nairobi • Kenya Sign in and Apply Save Share Job details Location Nairobi • Kenya Salary About the job Company Description The Head of Revenue & Sales Operations will oversee and coordinate all Elimutab sales departments including Schools Sales, Interactive Smart Screens Sales, STEM & AI Academy Sales, Retail Sales, and the Reseller & Distributor Network. The role holder will ensure revenue growth, team accountability, sales pipeline management, CRM discipline, sales reporting, execution of targets, and expansion of partnerships and distribution. This is a leadership role for someone who can manage people, systems, performance, and growth. CORE RESPONSIBILITIES 1. Sales Leadership & Team Management • Lead all sales teams across the different business units • Set monthly, quarterly, and annual targets • Conduct weekly pipeline and performance reviews • Build a culture of accountability and execution • Recruit, train, mentor, and manage sales staff • Create sales playbooks and SOPs 2. Revenue Growth Drive growth across educational tablet sales, interactive smart screens, STEM programs, school digitization projects, retail and online sales, and distributor/reseller sales. 3. Sales Operations & CRM Management • Ensure proper use of CRM systems • Monitor lead flow and conversion rates • Improve follow-up systems and sales processes • Build forecasting and sales dashboards • Track KPIs across all teams 4. Channel Management Manage and optimize school sales, retail relationships, distributor networks, partnerships, and activations. 5. Strategic Execution Work closely with marketing, operations, logistics, and finance to scale growth across Kenya and beyond. AI & SALES AUTOMATION The role holder should be comfortable leveraging CRM systems, AI tools, WhatsApp automation, lead management systems, sales dashboards, and automated follow-up workflows to improve conversion rates, sales efficiency, reporting accuracy, and revenue scalability. Experience with tools such as ChatGPT, ManyChat, CRM automations,and AI-assisted sales workflows is highly preferred. EXISTING TEAM STRUCTURE The role holder will inherit and coordinate: • School sales representatives • Retail/telesales staff • Distributor and reseller relationships • Marketing-generated lead flow • Operational support from logistics and finance FIRST 90 DAYS EXPECTATIONS • Conduct a full sales pipeline and channel audit • Assess current CRM hygiene and reporting discipline • Establish weekly forecasting and reporting cadence • Implement sales SOPs and playbooks • Deliver a channel-by-channel growth plan • Assess team structure and identify hiring gaps • Improve lead follow-up systems and conversion workflows • Introduce automation opportunities across sales operations CANDIDATE PROFILE We are looking for someone who: • Has strong leadership and management ability • Can manage multiple sales teams simultaneously • Is highly organized and execution-driven • Understands sales systems, CRM, and automation • Has experience scaling sales operations • Thrives in a fast-paced startup environment • Has strong reporting and analytical skills • Is proactive and performance-oriented PREFERRED EXPERIENCE • 5+ years experience in sales leadership • Experience managing field sales teams • Experience in EdTech, technology, FMCG distribution, retail, electronics, or education sector sales • Experience handling distributors/resellers is a plus • Experience with schools or institutional sales is highly preferred KEY KPIs • Revenue growth • Sales target achievement • Team productivity • Lead conversion rate • Distributor growth • CRM compliance • Pipeline health • Collections/payment follow-up • New partnerships signed • Customer retention Tags Sales, marketing, promotion Education, academic Mid-level Kenya Start hiring with Fuzu Recruit better talent faster - on your own or with our support. Explore recruitment platform Job search tips from Fuzu Selected articles on cover letters, CV structure, and interview preparation. Get Interviews: 5 Steps to a Perfect Cover Letter Salary Negotiation Tips and What You Should Focus On Why Do Successful People Love to Do These 5 Things Before Job Interviews? Let’s Find Out Are You Prepared for These 8 Unique Interview Questions? 10 Questions you can Ask your Interviewer Sign in and Apply",Nairobi • Kenya Salary About the job,Kenya,On-site,0,,"Information Technology, Software Development, Data",,,,,,,,,Software & IT,https://www.fuzu.com/kenya/job/education-academic,2026-08-24T19:31:41.419374+00:00
92e81e23d9d151c5,Fuzu,92e81e23d9d151c5,Electrical Engineering Jobs in Kenya,Description Department Procurement Engineering Reports To Head of Procurement / Procurement Manager,"Master Power Systems Limited ELECTRICAL PROCUREMENT ENGINEER Nairobi • Kenya Only on Fuzu Coast Water works Development Agency ENGINEER I (ELECTRICAL) Mombasa • Kenya Only on Fuzu Coast Water works Development Agency INSPECTOR I (ELECTRICAL) - JOB GRADE 7 Mombasa • Kenya Only on Fuzu Synkron International Junior Automation Engineer Nairobi • Kenya MobiTech Water solutions Assembly & Device Troubleshooting Intern Nairobi • Kenya Amentum Marine Engine Mechanic Lamu • Kenya Safari Park Hotel F& B Supervisors Nairobi • Kenya Nokia NI Intern Engineer(ON)- Kenya Nairobi • Kenya Takataka Solutions Welder - MRF Nairobi • Kenya Get personalised job alerts directly to your inbox! Join Fuzu for Free Amentum Engine / Generator Mechanic Lamu • Kenya Prev 1 2 3 Next Top cities with open vacancies Jobs in Nairobi , Jobs in Lamu , Jobs in Mombasa , Jobs in Nanyuki , Jobs in Kisumu , Jobs in Thika , Jobs in Nakuru , Jobs in Masalani , Jobs in Machakos , Jobs in Kakamega , Jobs in Garissa , Jobs in Siaya Companies hiring now Amentum , British Army Training Unit Kenya (BATUK) , Coast Water works Development Agency , KEDA(KENYA) CERAMICS CO., LTD , Master Power Systems Limited Country / Region Africa Nigeria Uganda Profession Business, strategic management , Construction , Customer support, client care , Electrical engineering , Engineering, architecture , Food, nutrition , Government, community development, public services , Information technology, software development, data , Installation, maintenance, repair , Manufacturing, operations, quality , Mechanical engineering , Project, program management , Sales, marketing, promotion , Skilled, manual labor , Teaching, training , Telecommunications , Transportation, logistics, driving , Industry Aeronautics , Agriculture, fishing, forestry , Automotive , Computers, software development and services , Construction, renovation, maintenance , Education, academic , Energy, utilities, environment , Engineering, architecture , Governmental , Health care, medical , Housekeeping, maintenance , Manufacturing , Non-profit, social work , Outsourcing, leasing , Restaurant, hospitality, travel , Retail, wholesale, FMCG , Security , Telecommunications , Textile, fashion , Seniority Entry and Basic-level , Mid-level , Senior-level , Fuzu About Fuzu Careers at Fuzu Contact us For Employers © Fuzu Ltd Kenya / Nairobi / Electrical engineering Master Power Systems Limited Engineering + 1 more ELECTRICAL PROCUREMENT ENGINEER Only on Fuzu Nairobi • Kenya Sign in and Apply Save Share Job details Location Nairobi • Kenya Contract Type About the job Company Description Department Procurement Engineering Reports To Head of Procurement / Procurement Manager Location Nairobi, Kenya Employment Type Full-Time Experience Required 2 - 3 Years in Electrical Procurement / Estimation (MEP / Contracting industry) NB: Do not apply if you have no technical background in Electrical Engineering. Education Diploma / Bachelor's Degree in Electrical Engineering or related field Job Summary We are looking for a technically strong Electrical Procurement & Estimation Engineer to support MEP project delivery across our active projects in Kenya, Uganda, and other East African markets. The role sits at the intersection of engineering and procurement — the ideal candidate must be able to read and interpret electrical drawings (including Revit models), understand the technical capacity and selection criteria of MV/LV panels, transformers, lighting, and cables, verify and validate quantities issued by the project team, and independently negotiate pricing and terms with vendors and suppliers. This is a hands-on role requiring both technical judgement and commercial acumen. Key Responsibilities 1. Drawing Review & Quantity Verification • Read, interpret, and extract material requirements from electrical drawings — single line diagrams (SLDs), layout drawings, schedules, and Revit/BIM models. • Independently review and cross-check quantities (BOQ/take-offs) submitted by the project/site team against approved drawings and specifications before procurement action. • Identify discrepancies between drawings, BOQs, and vendor offers, and raise queries/clarifications with the project engineering team. • Navigate Revit models to verify panel schedules, cable routing, DB schedules, and fixture counts where BIM deliverables are available. 2. Technical Evaluation of Electrical Equipment • Understand and evaluate the technical capacity, ratings, and specifications of MV panels/switchgear (11kV/33kV VCB, RMU), LV panels (MCCB/ACB distribution boards), and power/distribution transformers (dry-type and oil-filled). • Assess vendor technical offers against project specifications, IEC/BS/KS (KEBS) standards, and approved benchmark equipment, flagging non-compliances. • Support selection of lighting fixtures based on lux level requirements, IP/IK ratings, lumen output, and compliance with the project's Schedule of Light Fittings. • Apply correct cable selection principles — sizing based on current rating, voltage drop, derating factors, cable type (XLPE/PVC, armoured/unarmoured), and application (LV/MV, fire-rated, control). • Prepare and maintain technical compliance/comparison workbooks (vendor-vs-approved benchmark) for panels, transformers, cables, and lighting submissions. 3. Procurement, Vendor Management & Negotiation • Source and shortlist vendors/manufacturers for electrical materials and equipment (panels, transformers, cables, lighting, accessories) locally and internationally (India, China, UAE, South Africa, Europe). • Issue RFQs/enquiries, collect and technically screen vendor quotations, and prepare vendor comparison summaries for management/MD approval. • Negotiate pricing, payment terms, lead times, and warranty/after-sales terms directly with vendors and suppliers to achieve best commercial value without compromising technical compliance. • Track and evaluate vendor performance, certification validity (type-test certificates, PVOC, ISO), and reliability for future sourcing decisions. • Generate Local Purchase Orders (LPOs) and procurement documentation using MPSL's standard templates, ensuring accuracy of quantities, rates, and specifications. 4. Estimation & Cost Control • Prepare material cost estimates and pricing schedules for tenders, variations, and value- engineering (VE) proposals. • Maintain and update price trackers, material trackers, and BOQ-vs-order tracking tools to prevent over-ordering and control project costs. • Support Value Engineering exercises (e.g., alternative equipment configurations, 'or-equal' substitutions) with clear technical and cost justification. 5. Documentation & Coordination • Prepare RFA (Request for Approval) submissions, technical compliance sheets, and material submittals for client/consultant review. • Coordinate with project managers, site engineers, and design teams to ensure procurement aligns with project schedules and technical requirements. • Maintain organized records of vendor correspondence, technical datasheets, and approval status for audit and reference purposes. Required Skills & Qualifications Technical Skills • Strong working knowledge of electrical materials: MV/LV switchgear, transformers, cables (LV & MV), lighting fixtures, cable trays/accessories, DBs. • Ability to read and interpret electrical drawings, SLDs, schedules, and layouts; working knowledge of Autodesk Revit (navigating models, extracting schedules/quantities) is required. • Understanding of technical capacity/rating parameters for MV panels, LV panels, and transformers (kA rating, kVA rating, IP rating, busbar rating, etc.). • Familiarity with lighting selection criteria (lux levels, lumens, IP/IK rating) and cable selection principles (current rating, voltage drop, derating, cable construction). • Awareness of applicable standards — IEC, BS, KS/KEBS — and compliance-checking against approved benchmarks/datasheets. Procurement & Commercial Skills • 2-3 years of hands-on experience in electrical procurement and/or estimation, preferably within an MEP contracting or construction environment. • Demonstrated experience preparing vendor comparisons, negotiating pricing/terms, and closing purchase orders. • Strong command of MS Excel (formulas, trackers, comparison sheets) and MS Word for technical/commercial documentation. • Good communication skills for vendor negotiation and cross-functional coordination with project teams. Preferred / Added Advantage • Prior exposure to East African market suppliers and import/logistics processes (Kenya, Uganda). • Experience working on institutional/hospital or UN/international-standard projects. • Knowledge of PVOC and other Kenya/Uganda import compliance requirements. Tags Electrical engineering Engineering, architecture Mid-level Kenya Start hiring with Fuzu Recruit better talent faster - on your own or with our support. Explore recruitment platform Job search tips from Fuzu Selected articles on cover letters, CV structure, and interview preparation. Get Interviews: 5 Steps to a Perfect Cover Letter Salary Negotiation Tips and What You Should Focus On Why Do Successful People Love to Do These 5 Things Before Job Interviews? Let’s Find Out Are You Prepared for These 8 Unique Interview Questions? 10 Questions you can Ask your Interviewer Sign in and Apply",Nairobi • Kenya,Kenya,On-site,0,,"Information Technology, Software Development, Data",,About the job,,,,,,,Software & IT,https://www.fuzu.com/kenya/job/electrical-engineering,2026-08-24T19:31:51.817298+00:00
fe27b4ae8dc3fe5f,Fuzu,fe27b4ae8dc3fe5f,"Energy, power Jobs in Kenya","Description IMPORTANT INFORMATION Applicants MUST have obtained a minimum of Second Class Honors (Upper Division) in a relevant degree from a recognized and accredited University; Upon successful completion of the Masters Programme, candidates shall be expected to transition to Ph.D. under the scholarship programme; The successful candidates shall be bonded under the applicable terms and conditions of the University; The successful candidates shall be expected to complete their studies within the prescribed study period; Scholarships are tenable at the Meru University of Science and Technology; Applications forms can be obtained from the University website at www.must.ac.ke ; the Human Resource Office, Meru University of Science and Technology; Applications will be as per the outlined below online application procedure. Please note that hard copy applications will not be accepted. Candidates must be registered or registrable with relevant professional and/or regulatory bodies where applicable;","Meru University of Science and Technology Electronics - Master's Scholarship Nairobi • Kenya Closed for applications Meru University of Science and Technology Telecommunications - Master's Scholarship Nairobi • Kenya Closed for applications Meru University of Science and Technology Communication & Transmission - Master's Scholarship Nairobi • Kenya Closed for applications Meru University of Science and Technology Mechatronics - Master's Scholarship Nairobi • Kenya Closed for applications Meru University of Science and Technology Electrical Machines - Master's Scholarship Nairobi • Kenya Closed for applications Meru University of Science and Technology ICT - Master's Scholarship Nairobi • Kenya Closed for applications Meru University of Science and Technology Power System Switchgear & Protection - Master's Scholarship Nairobi • Kenya Closed for applications Meru University of Science and Technology Measurement, Instrumentation & Control- Master's Scholarship Nairobi • Kenya Closed for applications Meru University of Science and Technology High Voltage - Master's Scholarship Nairobi • Kenya Closed for applications Get personalised job alerts directly to your inbox! Join Fuzu for Free Meru University of Science and Technology Renewable Energy & Smart Grid - Undergraduate scholarship Nairobi • Kenya Closed for applications Prev 1 2 Next Top cities with open vacancies Jobs in Nairobi Companies hiring now Baker Hughes , Meru University of Science and Technology , World Agroforestry Centre (ICRAF) , WTS Energy Country / Region Africa Nigeria Uganda Profession Accounting, finance, banking, insurance , Administrative, clerical , Agriculture, fishing, forestry, wildlife , Business, strategic management , Construction , Customer support, client care , Design, arts , Electrical engineering , Energy, power , Engineering, architecture , Entertainment , Food, nutrition , General management, leadership , Government, community development, public services , Human resources , Information technology, software development, data , Installation, maintenance, repair , Legal , Manufacturing, operations, quality , Mechanical engineering , Media, communications, languages , Medical, health , Project, program management , Research, academy , Restaurant, hospitality, travel , Sales, marketing, promotion , Security , Skilled, manual labor , Sports, beauty, wellbeing , Teaching, training , Telecommunications , Transportation, logistics, driving , Industry (Energy, power) Data/Research , Education, academic , Energy, utilities, environment , Seniority (Energy, power) Entry and Basic-level , Mid-level , Fuzu About Fuzu Careers at Fuzu Contact us For Employers © Fuzu Ltd Kenya / Nairobi / Energy, power Meru University of Science and Technology Education + 1 more Electronics - Master's Scholarship Closed for applications Nairobi • Kenya Job details Location Nairobi • Kenya Contract Type About the job Company Description IMPORTANT INFORMATION Applicants MUST have obtained a minimum of Second Class Honors (Upper Division) in a relevant degree from a recognized and accredited University; Upon successful completion of the Masters Programme, candidates shall be expected to transition to Ph.D. under the scholarship programme; The successful candidates shall be bonded under the applicable terms and conditions of the University; The successful candidates shall be expected to complete their studies within the prescribed study period; Scholarships are tenable at the Meru University of Science and Technology; Applications forms can be obtained from the University website at www.must.ac.ke ; the Human Resource Office, Meru University of Science and Technology; Applications will be as per the outlined below online application procedure. Please note that hard copy applications will not be accepted. Candidates must be registered or registrable with relevant professional and/or regulatory bodies where applicable; Tags Energy, power Education, academic Entry and Basic-level Kenya Start hiring with Fuzu Recruit better talent faster - on your own or with our support. Explore recruitment platform Job search tips from Fuzu Selected articles on cover letters, CV structure, and interview preparation. Get Interviews: 5 Steps to a Perfect Cover Letter Salary Negotiation Tips and What You Should Focus On Why Do Successful People Love to Do These 5 Things Before Job Interviews? Let’s Find Out Are You Prepared for These 8 Unique Interview Questions? 10 Questions you can Ask your Interviewer",Nairobi • Kenya,Kenya,On-site,0,,"Information Technology, Software Development, Data",,About the job,,,,,,,Software & IT,https://www.fuzu.com/kenya/job/energy-power,2026-08-24T19:31:55.563607+00:00
01a230b8ae476100,Fuzu,01a230b8ae476100,"Engineering, architecture Jobs in Kenya",Description,"Master Power Systems Limited HEAD OF SOLAR & SUBSTATION BUSINESS Nairobi • Kenya Only on Fuzu Master Power Systems Limited PROJECT COMMERCIAL HEAD (Solar & Substation EPC | Designated Large MEP Projects) Nairobi • Kenya Only on Fuzu Victory Farms Crane Operator Nairobi • Kenya Precision Access Solutions Rope Access Technician Nairobi • Kenya Closed for applications Only on Fuzu Decalogue International Limited Resident Engineers Masalani , Garissa • Kenya Closed for applications Only on Fuzu Chuka University Maintenance Technician Nairobi • Kenya Closed for applications Garissa Univesity Leather Technologist /Technician Garissa • Kenya Closed for applications Tom Mboya University College Civil Engineering scholarship Nairobi • Kenya Closed for applications Tom Mboya University College Marine Engineering scholarship Nairobi • Kenya Closed for applications Get personalised job alerts directly to your inbox! Join Fuzu for Free Kenya Broadcasting Corporation- KBC Industrial Attachment - Technical Engineering ( Transmission & Production) ( Nyeri) Nyeri • Kenya Closed for applications Prev 1 2 3 Next Top cities with open vacancies Jobs in Nairobi , Jobs in Eldoret , Jobs in Mombasa , Jobs in Migori , Jobs in Kisumu , Jobs in Garissa , Jobs in Nyeri , Jobs in Masalani , Jobs in Homa Bay Companies hiring now Kenya Broadcasting Corporation- KBC , Master Power Systems Limited , Meru University of Science and Technology , Rift Valley Technical Training Institute- RVTTI , Victory Farms Country / Region Africa Nigeria Uganda Profession Accounting, finance, banking, insurance , Administrative, clerical , Agriculture, fishing, forestry, wildlife , Business, strategic management , Construction , Customer support, client care , Design, arts , Electrical engineering , Energy, power , Engineering, architecture , Entertainment , Food, nutrition , General management, leadership , Government, community development, public services , Human resources , Information technology, software development, data , Installation, maintenance, repair , Legal , Manufacturing, operations, quality , Mechanical engineering , Media, communications, languages , Medical, health , Project, program management , Research, academy , Restaurant, hospitality, travel , Sales, marketing, promotion , Security , Skilled, manual labor , Sports, beauty, wellbeing , Teaching, training , Telecommunications , Transportation, logistics, driving , Industry (Engineering, architecture) Agriculture, fishing, forestry , Banking, microfinance, insurance , Communications, media, radio, tv , Construction, renovation, maintenance , Education, academic , Engineering, architecture , Manufacturing , Non-profit, social work , Restaurant, hospitality, travel , Seniority (Engineering, architecture) Entry and Basic-level , Mid-level , Senior-level , Fuzu About Fuzu Careers at Fuzu Contact us For Employers © Fuzu Ltd Kenya / Nairobi / Engineering, architecture Master Power Systems Limited Engineering + 1 more HEAD OF SOLAR & SUBSTATION BUSINESS Only on Fuzu Nairobi • Kenya Sign in and Apply Save Share Job details Location Nairobi • Kenya Contract Type About the job Company Description Company: Master Power Systems Limited (MPSL) Business Unit: Solar & Substation EPC Reports To: COO / MD Location: Nairobi, Kenya Geographic Coverage: Kenya, Uganda, Rwanda & Tanzania Travel: Regular travel across project sites and client locations ROLE PURPOSE Master Power Systems Limited (MPSL) is seeking an experienced Head of Solar & Substation Business to lead the growth, delivery and profitability of its Solar and Substation EPC business across East Africa. This is a senior, hands-on leadership role with end-to-end accountability across business development, tendering, project execution, commercial performance and client relationships . The successful candidate will be responsible for winning the right projects at the right commercial terms and ensuring they are delivered on time, within budget, to quality and safety standards. KEY RESPONSIBILITIES 1. Business Growth & Development Develop and execute the Solar & Substation business growth strategy across Kenya, Uganda, Rwanda and Tanzania. Build and manage a qualified pipeline across utilities, transmission companies, IPPs, development finance/donor programmes and C&I clients. Develop senior relationships with utilities, regulators, consultants, DFIs, EPC partners and key clients. Identify new markets, partnerships, consortiums and JV opportunities. Represent MPSL in client meetings, industry forums, pre-bid meetings and site visits. 2. Tendering & Commercial Management Lead bid/no-bid decisions based on technical feasibility, contract risk, resources, payment terms and expected margins. Direct technical and commercial tender preparation, including specifications, BOQs, estimates, pricing and qualifications. Review and approve estimates before submission, ensuring quantities, rates, logistics, duties, escalation, currency exposure and contingencies are properly considered. Lead post-tender clarifications and commercial negotiations through contract award. Own Business Unit performance across order intake, revenue, gross margin, working capital and cash collection . 3. Project Delivery Provide portfolio-level leadership for Solar and Substation projects, including current and future projects. Lead Project Managers, engineers and site teams to deliver projects within approved budgets and programmes. Monitor physical and financial progress, cost-to-complete, resources and project risks. Drive mobilisation, construction, testing, commissioning, handover and final account closure. Proactively address delays, cost overruns, resource constraints and contractual risks. 4. Contracts, Claims & Cost Control Ensure accurate project budgets, valuations, progress claims and cost forecasts. Identify and pursue variations, extensions of time and contractual claims. Protect the company's position on payment terms, retention, performance security, liquidated damages and other contractual exposures. Support procurement through accurate material requirements, technical specifications and vendor evaluations. 5. Quality, HSE & Compliance Ensure projects meet client specifications, utility standards and applicable industry codes. Enforce MPSL health, safety and environmental standards across all sites. Ensure compliance with regulatory, licensing and client/lender ESG requirements across operating countries. 6. Leadership & Reporting Build and lead a strong technical and commercial Business Unit team. Set clear objectives, manage performance and develop team capability. Provide monthly reporting on pipeline, order intake, project delivery, margin, cash, manpower, HSE and key risks. Maintain high standards of integrity, governance and commercial discipline. TECHNICAL & EXPERIENCE REQUIREMENTS Bachelor's degree in Electrical Engineering or equivalent. Minimum 15 years' experience in EPC delivery of HV substations and transmission lines , including senior responsibility for the full project lifecycle. Demonstrated experience delivering grid-connected, mini-grid or C&I solar PV projects . Proven track record working with East African utilities and donor-funded programmes , such as KETRACO, KPLC, UETCL, REA, TANESCO or equivalent. Proven ability to secure EPC orders , lead tender strategy and negotiate contracts through award. Strong P&L/commercial accountability , including margin management, cost-to-complete forecasting and cash performance. Strong knowledge of contracts, variations, claims and FIDIC or equivalent forms . Experience leading multidisciplinary technical, commercial and project teams. Willingness to travel across East Africa; valid passport and ability to obtain work permits. SYSTEMS & TOOLS Experience with ERP-based project controls, MS Project or Primavera and AutoCAD . Knowledge of PLS-CADD or PVsyst is an advantage. CORE COMPETENCIES We are looking for a leader with: Strong commercial judgement and ability to assess risk-adjusted returns. Proven delivery ownership and project execution discipline. Deep technical understanding of solar, substations and EPC environments. Strong contractual and claims management capability. Leadership maturity and ability to hold teams accountable. Credibility with utilities, clients, consultants and senior stakeholders. High integrity and commitment to governance. Tags Engineering, architecture Engineering, architecture Senior-level Kenya Start hiring with Fuzu Recruit better talent faster - on your own or with our support. Explore recruitment platform Job search tips from Fuzu Selected articles on cover letters, CV structure, and interview preparation. Get Interviews: 5 Steps to a Perfect Cover Letter Salary Negotiation Tips and What You Should Focus On Why Do Successful People Love to Do These 5 Things Before Job Interviews? Let’s Find Out Are You Prepared for These 8 Unique Interview Questions? 10 Questions you can Ask your Interviewer Sign in and Apply",Nairobi • Kenya,Kenya,On-site,0,,"Information Technology, Software Development, Data",,About the job,,,,,,,Software & IT,https://www.fuzu.com/kenya/job/engineering-architecture,2026-08-24T19:32:00.320405+00:00
1cc510a5639120c8,Fuzu,1cc510a5639120c8,Entertainment Jobs in Kenya,"Description About the Project GIZ, in partnership with Expertise France under the EU-funded “Africa-Europe Partnerships for Culture: Audio-visual” project, supports stronger socio-economic and intercultural ties between Africa and Europe through collaboration across the audiovisual industry. The project focuses on film, series, animation, video gaming and immersive content , strengthening cross-continental partnerships, markets and ecosystems. Responsibilities As Technical Advisor – Distribution and Ecosystem Development , you will: Strengthen market linkages, distribution models, marketing and audience engagement between African and European audiovisual stakeholders. Support creators and industry actors to reach new audiences and markets across both regions. Develop and manage consortia and strategic partnerships to strengthen collaboration across the audiovisual value chain. Build synergies among creators, distributors, platforms, broadcasters and policy stakeholders. Collaborate with GIZ regional, bilateral and global projects, Expertise France and EU partners to ensure coordinated and impactful interventions. Tasks Strengthening Distribution and Market Access Provide technical and methodological advice on distribution strategies, audience development, and market access for audio-visual content Initiate and support partnerships between African and European distributors, broadcasters, publishers, streaming platforms, and other market actors Contribute to improving dialogue and engagement around the circulation of audio-visual content Ecosystem Development and Partnerships Facilitate cooperation mechanisms between industry stakeholders, including markets, industry platforms, hubs and incubators as well as professional networks Create synergize with ecosystem actors and support the formation of consortia to mitigate fragmentation and foster collaboration Industry Engagement and Networking Organise and support matchmaking, networking activities, and participation in international audio-visual markets and events Support visibility and positioning of project-supported initiatives in relevant industry contexts Project Implementation and Coordination Contribute to project planning, implementation, monitoring, and reporting Ensure alignment of activities with overall project objectives and other intervention areas B. Required qualifications, competences and experience Qualifications We would love to get to know you if you are a strong team player but at the same time have a strong track record of self-motivation, giving creative impulses, and implementing them, learning new topics quickly and comprehensively You have a university degree in in film, media studies, cultural management, economics, trade and marketing, or a related field Professional experience At least 5 years of relevant professional experience in the audiovisual sector, particularly in distribution, market development, or international industry collaboration Strong understanding of global audiovisual markets, including distribution channels and emerging platforms Experience working with international partnerships, development programmes, or donor-funded projects is an asset Proven experience in organising industry events, markets, or partnership initiatives Other knowledge, additional competences Ability to see and manage the bigger picture but care for details if needed Ability to navigate uncertainty and drive impact in challenging environments. Tech, film and game enthusiasts are welcome High level of intercultural competence Business fluency in English is vital. Knowledge of German, French or Portuguese would be an advantage Assignment Details Duty Station: Nairobi Duration: Until 30.11.2029 Vacancy Reference Number: GIZ/SED/04/08/2026 Equal Employment Opportunity GIZ Kenya is committed to fostering a diverse, inclusive, and respectful workplace. We provide equal employment opportunities to all and do not tolerate discrimination based on race, colour, ancestry, religion, age, gender, sexual orientation, ethnic origin, disability, marital status, or any other protected status. Ethics GIZ is committed to safeguarding the safety, dignity, and well-being of staff, partners, community members, and programme participants. Sexual exploitation, abuse, harassment, child abuse, and all forms of misconduct are strictly prohibited. Staff are expected to uphold high ethical standards, comply with local laws, and complete mandatory ethics training upon engagement. Data Confidentiality Candidate applications will be retained for six (6) months in accordance with GIZ's data protection policy and deleted thereafter. Only shortlisted candidates will be contacted.","Get personalised job alerts directly to your inbox! Join Fuzu for Free GIZ KE Technical Advisor Distribution and Ecosystem (Africa-Europe Partnerships for Culture: Audio-visual) Nairobi • Kenya Only on Fuzu Top cities with open vacancies Jobs in Nairobi Companies hiring now GIZ KE Country / Region Africa Nigeria Uganda Profession Accounting, finance, banking, insurance , Administrative, clerical , Agriculture, fishing, forestry, wildlife , Business, strategic management , Construction , Customer support, client care , Design, arts , Electrical engineering , Energy, power , Engineering, architecture , Entertainment , Food, nutrition , General management, leadership , Government, community development, public services , Human resources , Information technology, software development, data , Installation, maintenance, repair , Legal , Manufacturing, operations, quality , Mechanical engineering , Media, communications, languages , Medical, health , Project, program management , Research, academy , Restaurant, hospitality, travel , Sales, marketing, promotion , Security , Skilled, manual labor , Sports, beauty, wellbeing , Teaching, training , Telecommunications , Transportation, logistics, driving , Industry (Entertainment) Non-profit, social work , Seniority (Entertainment) Mid-level , Fuzu About Fuzu Careers at Fuzu Contact us For Employers © Fuzu Ltd Kenya / Nairobi / Entertainment GIZ KE Non-profit + 1 more Technical Advisor Distribution and Ecosystem (Africa-Europe Partnerships for Culture: Audio-visual) Only on Fuzu Nairobi • Kenya Sign in and Apply Save Share Job details Location Nairobi • Kenya Contract Type About the job Company Description About the Project GIZ, in partnership with Expertise France under the EU-funded “Africa-Europe Partnerships for Culture: Audio-visual” project, supports stronger socio-economic and intercultural ties between Africa and Europe through collaboration across the audiovisual industry. The project focuses on film, series, animation, video gaming and immersive content , strengthening cross-continental partnerships, markets and ecosystems. Responsibilities As Technical Advisor – Distribution and Ecosystem Development , you will: Strengthen market linkages, distribution models, marketing and audience engagement between African and European audiovisual stakeholders. Support creators and industry actors to reach new audiences and markets across both regions. Develop and manage consortia and strategic partnerships to strengthen collaboration across the audiovisual value chain. Build synergies among creators, distributors, platforms, broadcasters and policy stakeholders. Collaborate with GIZ regional, bilateral and global projects, Expertise France and EU partners to ensure coordinated and impactful interventions. Tasks Strengthening Distribution and Market Access Provide technical and methodological advice on distribution strategies, audience development, and market access for audio-visual content Initiate and support partnerships between African and European distributors, broadcasters, publishers, streaming platforms, and other market actors Contribute to improving dialogue and engagement around the circulation of audio-visual content Ecosystem Development and Partnerships Facilitate cooperation mechanisms between industry stakeholders, including markets, industry platforms, hubs and incubators as well as professional networks Create synergize with ecosystem actors and support the formation of consortia to mitigate fragmentation and foster collaboration Industry Engagement and Networking Organise and support matchmaking, networking activities, and participation in international audio-visual markets and events Support visibility and positioning of project-supported initiatives in relevant industry contexts Project Implementation and Coordination Contribute to project planning, implementation, monitoring, and reporting Ensure alignment of activities with overall project objectives and other intervention areas B. Required qualifications, competences and experience Qualifications We would love to get to know you if you are a strong team player but at the same time have a strong track record of self-motivation, giving creative impulses, and implementing them, learning new topics quickly and comprehensively You have a university degree in in film, media studies, cultural management, economics, trade and marketing, or a related field Professional experience At least 5 years of relevant professional experience in the audiovisual sector, particularly in distribution, market development, or international industry collaboration Strong understanding of global audiovisual markets, including distribution channels and emerging platforms Experience working with international partnerships, development programmes, or donor-funded projects is an asset Proven experience in organising industry events, markets, or partnership initiatives Other knowledge, additional competences Ability to see and manage the bigger picture but care for details if needed Ability to navigate uncertainty and drive impact in challenging environments. Tech, film and game enthusiasts are welcome High level of intercultural competence Business fluency in English is vital. Knowledge of German, French or Portuguese would be an advantage Assignment Details Duty Station: Nairobi Duration: Until 30.11.2029 Vacancy Reference Number: GIZ/SED/04/08/2026 Equal Employment Opportunity GIZ Kenya is committed to fostering a diverse, inclusive, and respectful workplace. We provide equal employment opportunities to all and do not tolerate discrimination based on race, colour, ancestry, religion, age, gender, sexual orientation, ethnic origin, disability, marital status, or any other protected status. Ethics GIZ is committed to safeguarding the safety, dignity, and well-being of staff, partners, community members, and programme participants. Sexual exploitation, abuse, harassment, child abuse, and all forms of misconduct are strictly prohibited. Staff are expected to uphold high ethical standards, comply with local laws, and complete mandatory ethics training upon engagement. Data Confidentiality Candidate applications will be retained for six (6) months in accordance with GIZ's data protection policy and deleted thereafter. Only shortlisted candidates will be contacted. Tags Entertainment Non-profit, social work Mid-level Kenya Start hiring with Fuzu Recruit better talent faster - on your own or with our support. Explore recruitment platform Job search tips from Fuzu Selected articles on cover letters, CV structure, and interview preparation. Get Interviews: 5 Steps to a Perfect Cover Letter Salary Negotiation Tips and What You Should Focus On Why Do Successful People Love to Do These 5 Things Before Job Interviews? Let’s Find Out Are You Prepared for These 8 Unique Interview Questions? 10 Questions you can Ask your Interviewer Sign in and Apply",Nairobi • Kenya,Kenya,On-site,0,,"Information Technology, Software Development, Data",,About the job,,,,,,,Software & IT,https://www.fuzu.com/kenya/job/entertainment,2026-08-24T19:32:03.901275+00:00
0f8ad9d43b3ae16d,Fuzu,0f8ad9d43b3ae16d,"Food, nutrition Jobs in Kenya","Description Cafe Bistro is seeking a talented and passionate cake baker to join our kitchen team. The ideal candidate should have at least 12 months of professional experience in a bakery setting. Key Responsibilities: Bake and decorate a variety of cakes and pastry to high standards. Ensure consistency in flavor, texture, and appearance. Assist with bread-making and other baked goods as needed. Maintain cleanliness and hygiene in the baking area. Requirements: Minimum 1 year of bakery experience.Strong skills in cake decorating and presentation. Culinary diploma is a plus but not mandatory. Attention to detail, creativity, and a love for baking.","Steak and Pancake Limited Cake Baker Wanted – Join Our Team at Cafe Bistro Nairobi • Kenya Only on Fuzu CORAT Africa Cooks Nairobi • Kenya UNICEF Nutrition Specialist (Food Systems for Children), P-3, TA Nairobi • Kenya CORAT Africa Room Stewards Nairobi • Kenya Safari Park Hotel Chef De Partie Nairobi • Kenya Safari Park Hotel Head Baker Nairobi • Kenya Safari Park Hotel Head Butcher Nairobi • Kenya Safari Park Hotel Demi - Chef De Partie Nairobi • Kenya Safari Park Hotel Sous Chef Nairobi • Kenya Get personalised job alerts directly to your inbox! Join Fuzu for Free Safari Park Hotel F& B Supervisors Nairobi • Kenya Prev 1 2 3 Next Top cities with open vacancies Jobs in Nairobi , Jobs in Mombasa , Jobs in Thika , Jobs in Nanyuki Companies hiring now Accor , Beachfront VIPingo , Pili Restaurant , Safari Park Hotel , The Social House Country / Region Africa Nigeria Uganda Profession Accounting, finance, banking, insurance , Administrative, clerical , Agriculture, fishing, forestry, wildlife , Business, strategic management , Construction , Customer support, client care , Design, arts , Electrical engineering , Energy, power , Engineering, architecture , Entertainment , Food, nutrition , General management, leadership , Government, community development, public services , Human resources , Information technology, software development, data , Installation, maintenance, repair , Legal , Manufacturing, operations, quality , Mechanical engineering , Media, communications, languages , Medical, health , Project, program management , Research, academy , Restaurant, hospitality, travel , Sales, marketing, promotion , Security , Skilled, manual labor , Sports, beauty, wellbeing , Teaching, training , Telecommunications , Transportation, logistics, driving , Industry (Food, nutrition) Data/Research , Education, academic , Health care, medical , Non-profit, social work , Restaurant, hospitality, travel , Retail, wholesale, FMCG , Seniority (Food, nutrition) Entry and Basic-level , Mid-level , Senior-level , Fuzu About Fuzu Careers at Fuzu Contact us For Employers © Fuzu Ltd Kenya / Nairobi / Food, nutrition Steak and Pancake Limited Restaurant + 2 more Cake Baker Wanted – Join Our Team at Cafe Bistro Only on Fuzu Nairobi • Kenya Sign in and Apply Save Share Job details Location Nairobi • Kenya Salary About the job Company Description Cafe Bistro is seeking a talented and passionate cake baker to join our kitchen team. The ideal candidate should have at least 12 months of professional experience in a bakery setting. Key Responsibilities: Bake and decorate a variety of cakes and pastry to high standards. Ensure consistency in flavor, texture, and appearance. Assist with bread-making and other baked goods as needed. Maintain cleanliness and hygiene in the baking area. Requirements: Minimum 1 year of bakery experience.Strong skills in cake decorating and presentation. Culinary diploma is a plus but not mandatory. Attention to detail, creativity, and a love for baking. Tags Food, nutrition Restaurant, hospitality, travel Mid-level Kenya Start hiring with Fuzu Recruit better talent faster - on your own or with our support. Explore recruitment platform Job search tips from Fuzu Selected articles on cover letters, CV structure, and interview preparation. Get Interviews: 5 Steps to a Perfect Cover Letter Salary Negotiation Tips and What You Should Focus On Why Do Successful People Love to Do These 5 Things Before Job Interviews? Let’s Find Out Are You Prepared for These 8 Unique Interview Questions? 10 Questions you can Ask your Interviewer Sign in and Apply",Nairobi • Kenya Salary About the job,Kenya,On-site,0,,"Information Technology, Software Development, Data",,,,,,,,,Software & IT,https://www.fuzu.com/kenya/job/food-nutrition,2026-08-24T19:32:12.399440+00:00
de66df0f81289d31,Fuzu,de66df0f81289d31,"General management, leadership Jobs in Kenya","Description Background: The advisor will contribute to Output 4 of the ""Strengthening Good Governance in Kenya"" project, which focuses on combating illicit financial flows (IFF) and enhancing financial integrity. This position plays a critical role in supporting the development of legal frameworks and the capacity of law enforcement and regulatory bodies to address money laundering, terrorist financing, and other forms of financial crime in alignment with international standards such as the Financial Action Task Force (FATF). Key Responsibilities: Provide expert advice and technical assistance to government institutions on the prevention of illicit financial flows (IFF) and the enforcement of anti-money laundering (AML) and counter-terrorist financing (CTF) measures. Support the development and implementation of legal and regulatory frameworks related to IFF, in collaboration with key partners. Work with law enforcement agencies to improve their capacity to detect, investigate and prosecute money laundering and terrorist financing cases. Support in capacity building of relevant agencies to ensure effective asset recovery. Provide training and capacity building for reporting entities and regulators on supervision and compliance with Financial Action Task Force (FATF) obligations. Assist in developing and improving inter-agency cooperation mechanisms for the investigation and prosecution of financial crimes as well as asset recovery. Prepare technical reports, policy briefs, and presentations to communicate the progress of initiatives and share best practices with stakeholders. Ensure alignment of activities with Kenya’s Vision 2030, the FATF Action Plan, and relevant SDG targets, particularly SDG 16 (Peace, Justice, and Strong Institutions). Formulate job descriptions and terms of reference, oversee and manage consultancy contracts. Ensure effective knowledge management, contributing to the documentation of best practices and lessons learned in combating IFF and financial integrity. Promote networking and cooperation with relevant stakeholders, including government bodies, financial institutions, civil society organizations, and international partners. Contribute to the monitoring and evaluation (M&E) framework, ensuring that all project activities related to combating IFF and financial integrity are effectively tracked and reported. The position holder might be asked to perform tasks outside the scope of the job","GIZ KE Advisor - Illicit Financial Flows (Good Governance) Nairobi • Kenya World Vision Graduate Faith & Development Intern Nairobi • Kenya Closed for applications Instiglio Senior Manager/Manager Nairobi • Kenya Closed for applications Cordaid Regional Director Horn, Eastern, Central and Southern Africa (HECSA) Nairobi • Kenya Closed for applications Get personalised job alerts directly to your inbox! Join Fuzu for Free Solenis Safety Auditor Nairobi • Kenya Closed for applications Top cities with open vacancies Jobs in Nairobi Companies hiring now Cordaid , GIZ KE , Instiglio , Solenis , World Vision Country / Region Africa Nigeria Uganda Profession Accounting, finance, banking, insurance , Administrative, clerical , Agriculture, fishing, forestry, wildlife , Business, strategic management , Construction , Customer support, client care , Design, arts , Electrical engineering , Energy, power , Engineering, architecture , Entertainment , Food, nutrition , General management, leadership , Government, community development, public services , Human resources , Information technology, software development, data , Installation, maintenance, repair , Legal , Manufacturing, operations, quality , Mechanical engineering , Media, communications, languages , Medical, health , Project, program management , Research, academy , Restaurant, hospitality, travel , Sales, marketing, promotion , Security , Skilled, manual labor , Sports, beauty, wellbeing , Teaching, training , Telecommunications , Transportation, logistics, driving , Industry (General management, leadership) Manufacturing , Non-profit, social work , Seniority (General management, leadership) Entry and Basic-level , Mid-level , Senior-level , Fuzu About Fuzu Careers at Fuzu Contact us For Employers © Fuzu Ltd Kenya / Nairobi / General management, leadership GIZ KE Non-profit + 1 more Advisor - Illicit Financial Flows (Good Governance) Nairobi • Kenya Sign in and Apply Save Share Job details Location Nairobi • Kenya Contract Type About the job Company Description Background: The advisor will contribute to Output 4 of the ""Strengthening Good Governance in Kenya"" project, which focuses on combating illicit financial flows (IFF) and enhancing financial integrity. This position plays a critical role in supporting the development of legal frameworks and the capacity of law enforcement and regulatory bodies to address money laundering, terrorist financing, and other forms of financial crime in alignment with international standards such as the Financial Action Task Force (FATF). Key Responsibilities: Provide expert advice and technical assistance to government institutions on the prevention of illicit financial flows (IFF) and the enforcement of anti-money laundering (AML) and counter-terrorist financing (CTF) measures. Support the development and implementation of legal and regulatory frameworks related to IFF, in collaboration with key partners. Work with law enforcement agencies to improve their capacity to detect, investigate and prosecute money laundering and terrorist financing cases. Support in capacity building of relevant agencies to ensure effective asset recovery. Provide training and capacity building for reporting entities and regulators on supervision and compliance with Financial Action Task Force (FATF) obligations. Assist in developing and improving inter-agency cooperation mechanisms for the investigation and prosecution of financial crimes as well as asset recovery. Prepare technical reports, policy briefs, and presentations to communicate the progress of initiatives and share best practices with stakeholders. Ensure alignment of activities with Kenya’s Vision 2030, the FATF Action Plan, and relevant SDG targets, particularly SDG 16 (Peace, Justice, and Strong Institutions). Formulate job descriptions and terms of reference, oversee and manage consultancy contracts. Ensure effective knowledge management, contributing to the documentation of best practices and lessons learned in combating IFF and financial integrity. Promote networking and cooperation with relevant stakeholders, including government bodies, financial institutions, civil society organizations, and international partners. Contribute to the monitoring and evaluation (M&E) framework, ensuring that all project activities related to combating IFF and financial integrity are effectively tracked and reported. The position holder might be asked to perform tasks outside the scope of the job description. Main activities Provide technical expertise on combating illicit financial flows (IFF) and strengthening financial integrity. Organize capacity-building workshops for government officials and stakeholders on IFF and AML/CFT. Assist in developing training material, tools and methodologies for risk assessment, monitoring and supervision, financial investigations, and AML/CFT compliance. Collaborate with national and international partners to enhance coordination in combating financial crime and promoting financial integrity. Contribute to the development of reports and case studies documenting progress in combating IFF and strengthening financial integrity. Support in the implementation of FATF action plan. Qualifications and specialist knowledge Master’s degree in public administration, Law, Economics, Finance, or a related field. At least 5 years of professional experience in a comparable position. Expert knowledge in the relevant thematic areas of combating illicit financial flows, anti- Money laundering, counter terrorist financing, and financial crime. Experience of working with government, financial institutions, and civil society organizations. Work experience in the context of international development cooperation is an advantage. Excellent understanding of the political, economic, and social context of Kenya. Very good working knowledge of ICT technologies (related software, phone, email, internet) and computer applications (e.g., MS Office). Excellent communication skills in English; diplomatic skills are necessary. Strong project management skills with a solid understanding of preparing and managing budgets, and the ability to manage multiple tasks. Assignment Details Duty Station: Nairobi Duration: Initial contract up to 2 years Vacancy Reference Number: GIZ/GPS/09/08/2026 Equal Employment Opportunity GIZ Kenya is committed to fostering a diverse, inclusive, and respectful workplace. We provide equal employment opportunities to all and do not tolerate discrimination based on race, colour, ancestry, religion, age, gender, sexual orientation, ethnic origin, disability, marital status, or any other protected status. Ethics GIZ is committed to safeguarding the safety, dignity, and well-being of staff, partners, community members, and programme participants. Sexual exploitation, abuse, harassment, child abuse, and all forms of misconduct are strictly prohibited. Staff are expected to uphold high ethical standards, comply with local laws, and complete mandatory ethics training upon engagement. Data Confidentiality Candidate applications will be retained for six (6) months in accordance with GIZ's data protection policy and deleted thereafter. Only shortlisted candidates will be contacted. Tags General management, leadership Non-profit, social work Mid-level Kenya Start hiring with Fuzu Recruit better talent faster - on your own or with our support. Explore recruitment platform Job search tips from Fuzu Selected articles on cover letters, CV structure, and interview preparation. Get Interviews: 5 Steps to a Perfect Cover Letter Salary Negotiation Tips and What You Should Focus On Why Do Successful People Love to Do These 5 Things Before Job Interviews? Let’s Find Out Are You Prepared for These 8 Unique Interview Questions? 10 Questions you can Ask your Interviewer Sign in and Apply",Nairobi • Kenya,Kenya,On-site,0,,"Information Technology, Software Development, Data",,About the job,,,,,,,Software & IT,https://www.fuzu.com/kenya/job/general-management-leadership,2026-08-24T19:32:16.291781+00:00
d11ee09b4cbb1951,Fuzu,d11ee09b4cbb1951,"Government, community development, public services Jobs in Kenya","Description Duties and responsibilities at this level will include: 1. Conducting water pollution control activities; 2. Preparing reports on water and waste water samples submitted to the laboratory; 3. Undertaking microbiological examination of water; 4. Storing laboratory specimens and equipment; 5. Monitoring water quality and safety; 6. Maintaining records and orders of supplies for chemicals, reagents, glassware, apparatusand consumable;","Coast Water works Development Agency LABORATORY TECHNOLOGIST I Mombasa • Kenya Only on Fuzu Coast Water works Development Agency DIRECTOR CORPORATE SERVICES Mombasa • Kenya Only on Fuzu Coast Water works Development Agency SENIOR ENGINEER (MECHANICAL) Mombasa • Kenya Only on Fuzu Coast Water works Development Agency INSPECTOR I MECHANICAL-JOB GRADE 7 Mombasa • Kenya Only on Fuzu Coast Water works Development Agency ENGINEER I (ELECTRICAL) Mombasa • Kenya Only on Fuzu Coast Water works Development Agency CORPORATE COMMUNICATION OFFICER 1 Mombasa • Kenya Only on Fuzu Coast Water works Development Agency PRINCIPAL ICT OFFICER Mombasa • Kenya Only on Fuzu Coast Water works Development Agency ENGINEER I (CIVIL) Mombasa • Kenya Only on Fuzu Coast Water works Development Agency ENGINEER I (MECHANICAL) Mombasa • Kenya Only on Fuzu Get personalised job alerts directly to your inbox! Join Fuzu for Free Coast Water works Development Agency ARTISAN III, ELECTRICAL (PUMP OPERATOR) -JOB GRADE 11 Mombasa • Kenya Only on Fuzu Prev 1 2 3 Next Top cities with open vacancies Jobs in Mombasa , Jobs in Nairobi , Jobs in Siaya , Jobs in Nyahururu , Jobs in Malaba , Jobs in Isebania , Jobs in Busia Companies hiring now Africa Center for Health Systems and Gender Justice , Coast Water works Development Agency , Kenya Trade Network Agency- KenTrade , Nyandarua National Polytechnic , Siaya Institute of Technology- SIT Country / Region Africa Nigeria Uganda Profession Accounting, finance, banking, insurance , Administrative, clerical , Agriculture, fishing, forestry, wildlife , Business, strategic management , Construction , Customer support, client care , Design, arts , Electrical engineering , Energy, power , Engineering, architecture , Entertainment , Food, nutrition , General management, leadership , Government, community development, public services , Human resources , Information technology, software development, data , Installation, maintenance, repair , Legal , Manufacturing, operations, quality , Mechanical engineering , Media, communications, languages , Medical, health , Project, program management , Research, academy , Restaurant, hospitality, travel , Sales, marketing, promotion , Security , Skilled, manual labor , Sports, beauty, wellbeing , Teaching, training , Telecommunications , Transportation, logistics, driving , Industry (Government, community development, public services) Consulting, business support, auditing , Data/Research , Education, academic , Financial Services , Governmental , Non-profit, social work , Seniority (Government, community development, public services) Entry and Basic-level , Mid-level , Senior-level , Fuzu About Fuzu Careers at Fuzu Contact us For Employers © Fuzu Ltd Kenya / Mombasa / Government, community development, public services Coast Water works Development Agency Governmental LABORATORY TECHNOLOGIST I Only on Fuzu Mombasa • Kenya Sign in and Apply Save Share Job details Location Mombasa • Kenya Contract Type About the job Company Description Duties and responsibilities at this level will include: 1. Conducting water pollution control activities; 2. Preparing reports on water and waste water samples submitted to the laboratory; 3. Undertaking microbiological examination of water; 4. Storing laboratory specimens and equipment; 5. Monitoring water quality and safety; 6. Maintaining records and orders of supplies for chemicals, reagents, glassware, apparatusand consumable; Tags Government, community development, public services Governmental Mid-level Kenya Start hiring with Fuzu Recruit better talent faster - on your own or with our support. Explore recruitment platform Job search tips from Fuzu Selected articles on cover letters, CV structure, and interview preparation. Get Interviews: 5 Steps to a Perfect Cover Letter Salary Negotiation Tips and What You Should Focus On Why Do Successful People Love to Do These 5 Things Before Job Interviews? Let’s Find Out Are You Prepared for These 8 Unique Interview Questions? 10 Questions you can Ask your Interviewer Sign in and Apply",Mombasa • Kenya,Kenya,On-site,0,,"Information Technology, Software Development, Data",,About the job,,,,,,,Software & IT,https://www.fuzu.com/kenya/job/government-community-development-public-services,2026-08-24T19:32:19.262336+00:00
ec106e353f5ca82c,Fuzu,ec106e353f5ca82c,"Sports, beauty, wellbeing Jobs in Kenya","Description Requirements Minimum Qualifications and Experience Requirements Minimum academic qualification: Diploma Certificate in Cosmetology. Professional registration: Valid TVETA Trainer's License Experience required: 2 years of teaching experience Industry: Education. Key competence and skills: Ability to teach trade theory and trade practical. Preparing Lesson Plans, Schemes of Work, records of work & task analysis. Skill in managing students. Practical Ability in operating machines and using tools.c Key Performance Areas Teaching trade theory and trade practicals; Preparing Lesson Plans and Schemes of Work; Record of work & task analysis; Carrying out trainee assessment; Ensuring proper care and maintenance of tools and equipment; Operating machines and using the tools; Conducting co-curricular activities; Maintaining students’ discipline; Guiding and counselling students.","Safal Group Cosmetology Instructor Mariakani • Kenya Closed for applications Beachfront VIPingo Spa Therapists Mombasa • Kenya Closed for applications Beachfront VIPingo Fitness Instructors Mombasa • Kenya Closed for applications Get personalised job alerts directly to your inbox! Join Fuzu for Free Beachfront VIPingo Lifeguard Mombasa • Kenya Closed for applications Top cities with open vacancies Jobs in Mombasa , Jobs in Mariakani Companies hiring now Beachfront VIPingo , Safal Group Country / Region Africa Nigeria Uganda Profession Accounting, finance, banking, insurance , Administrative, clerical , Agriculture, fishing, forestry, wildlife , Business, strategic management , Construction , Customer support, client care , Design, arts , Electrical engineering , Energy, power , Engineering, architecture , Entertainment , Food, nutrition , General management, leadership , Government, community development, public services , Human resources , Information technology, software development, data , Installation, maintenance, repair , Legal , Manufacturing, operations, quality , Mechanical engineering , Media, communications, languages , Medical, health , Project, program management , Research, academy , Restaurant, hospitality, travel , Sales, marketing, promotion , Security , Skilled, manual labor , Sports, beauty, wellbeing , Teaching, training , Telecommunications , Transportation, logistics, driving , Industry (Sports, beauty, wellbeing) Construction, renovation, maintenance , Restaurant, hospitality, travel , Seniority (Sports, beauty, wellbeing) Entry and Basic-level , Mid-level , Fuzu About Fuzu Careers at Fuzu Contact us For Employers © Fuzu Ltd Kenya / Mariakani / Sports, beauty, wellbeing Safal Group Construction + 2 more Cosmetology Instructor Closed for applications Mariakani • Kenya Job details Location Mariakani • Kenya Contract Type About the job Company Description Requirements Minimum Qualifications and Experience Requirements Minimum academic qualification: Diploma Certificate in Cosmetology. Professional registration: Valid TVETA Trainer's License Experience required: 2 years of teaching experience Industry: Education. Key competence and skills: Ability to teach trade theory and trade practical. Preparing Lesson Plans, Schemes of Work, records of work & task analysis. Skill in managing students. Practical Ability in operating machines and using tools.c Key Performance Areas Teaching trade theory and trade practicals; Preparing Lesson Plans and Schemes of Work; Record of work & task analysis; Carrying out trainee assessment; Ensuring proper care and maintenance of tools and equipment; Operating machines and using the tools; Conducting co-curricular activities; Maintaining students’ discipline; Guiding and counselling students. Tags Sports, beauty, wellbeing Construction, renovation, maintenance Mid-level Kenya Start hiring with Fuzu Recruit better talent faster - on your own or with our support. Explore recruitment platform Job search tips from Fuzu Selected articles on cover letters, CV structure, and interview preparation. Get Interviews: 5 Steps to a Perfect Cover Letter Salary Negotiation Tips and What You Should Focus On Why Do Successful People Love to Do These 5 Things Before Job Interviews? Let’s Find Out Are You Prepared for These 8 Unique Interview Questions? 10 Questions you can Ask your Interviewer",Mariakani • Kenya,Kenya,On-site,0,,"Information Technology, Software Development, Data",,About the job,,,,,,,Software & IT,https://www.fuzu.com/kenya/job/health-sports-beauty,2026-08-24T19:32:23.052600+00:00
076aa94984034778,Fuzu,076aa94984034778,Human resources Jobs in Kenya,"Description This internship is designed as a structured learning opportunity for students or recent graduates interested in building a career in Human Resources. The intern will gain practical exposure to real workplace HR processes while being guided, coached, and mentored by experienced HR professionals. This is not just an administrative role , but a hands-on learning experience aimed at developing foundational HR knowledge, professional skills, and workplace confidence. During this internship, you will gain exposure to: How recruitment and selection works in a real organization. How employee records are managed and why compliance matters. How HR supports employee engagement, training, and wellbeing. The role of HR in policy implementation and workplace discipline. Professional workplace communication and confidentiality standards. Use of HR tools, trackers, and systems.","Weetabix East Africa Ltd HR Internship Opportunity Nairobi • Kenya Only on Fuzu Oasis Outsourcing Recruitment Specialist Nairobi • Kenya Only on Fuzu Oasis Outsourcing Sourcing Specialist Nairobi • Kenya Only on Fuzu Salix Data HR Officer - People Operations Nairobi • Kenya Amentum Human Resources (HR) / Employee Relations Specialist Lamu • Kenya GIZ KE Head of Human Resources - Country Office Nairobi • Kenya International Organization for Migration Regional Staff Counsellor (P) Nairobi • Kenya World Vision Regional People & Culture Director Nairobi • Kenya Kenyatta University Teaching, Referral and Research Hospital (KUTRRH) Director, Human Resource and Administration Nairobi • Kenya Get personalised job alerts directly to your inbox! Join Fuzu for Free Kenyatta University Teaching, Referral and Research Hospital (KUTRRH) Deputy Director, Human Resource Management and Development Nairobi • Kenya Prev 1 2 3 Next Top cities with open vacancies Jobs in Nairobi , Jobs in Mombasa , Jobs in Kisumu , Jobs in Nyeri , Jobs in Lamu , Jobs in Thika , Jobs in Rumuruti , Jobs in Meru Companies hiring now CloudFactory , Kenya Broadcasting Corporation- KBC , Kenyatta University Teaching, Referral and Research Hospital (KUTRRH) , Safal Group , World Vision Country / Region Africa Nigeria Uganda Profession Accounting, finance, banking, insurance , Administrative, clerical , Agriculture, fishing, forestry, wildlife , Business, strategic management , Construction , Customer support, client care , Design, arts , Electrical engineering , Energy, power , Engineering, architecture , Entertainment , Food, nutrition , General management, leadership , Government, community development, public services , Human resources , Information technology, software development, data , Installation, maintenance, repair , Legal , Manufacturing, operations, quality , Mechanical engineering , Media, communications, languages , Medical, health , Project, program management , Research, academy , Restaurant, hospitality, travel , Sales, marketing, promotion , Security , Skilled, manual labor , Sports, beauty, wellbeing , Teaching, training , Telecommunications , Transportation, logistics, driving , Industry (Human resources) Agriculture, fishing, forestry , Automotive , Banking, microfinance, insurance , Communications, media, radio, tv , Computers, software development and services , Construction, renovation, maintenance , Data/Research , Education, academic , Energy, utilities, environment , Finance & FinTech , Health care, medical , Human resources, talent development, recruiting , Manufacturing , Non-profit, social work , Outsourcing, leasing , Restaurant, hospitality, travel , Retail, wholesale, FMCG , Security , Seniority (Human resources) Entry and Basic-level , Mid-level , Senior-level , Fuzu About Fuzu Careers at Fuzu Contact us For Employers © Fuzu Ltd Kenya / Nairobi / Human resources Weetabix East Africa Ltd Manufacturing HR Internship Opportunity Only on Fuzu Nairobi • Kenya Sign in and Apply Save Share Job details Location Nairobi • Kenya Contract Type About the job Company Description This internship is designed as a structured learning opportunity for students or recent graduates interested in building a career in Human Resources. The intern will gain practical exposure to real workplace HR processes while being guided, coached, and mentored by experienced HR professionals. This is not just an administrative role , but a hands-on learning experience aimed at developing foundational HR knowledge, professional skills, and workplace confidence. During this internship, you will gain exposure to: How recruitment and selection works in a real organization. How employee records are managed and why compliance matters. How HR supports employee engagement, training, and wellbeing. The role of HR in policy implementation and workplace discipline. Professional workplace communication and confidentiality standards. Use of HR tools, trackers, and systems. Tags Human resources Manufacturing Entry and Basic-level Kenya Start hiring with Fuzu Recruit better talent faster - on your own or with our support. Explore recruitment platform Job search tips from Fuzu Selected articles on cover letters, CV structure, and interview preparation. Get Interviews: 5 Steps to a Perfect Cover Letter Salary Negotiation Tips and What You Should Focus On Why Do Successful People Love to Do These 5 Things Before Job Interviews? Let’s Find Out Are You Prepared for These 8 Unique Interview Questions? 10 Questions you can Ask your Interviewer Sign in and Apply",Nairobi • Kenya,Kenya,On-site,0,,"Information Technology, Software Development, Data",,About the job,,,,,,,Software & IT,https://www.fuzu.com/kenya/job/human-resources,2026-08-24T19:32:26.431365+00:00
9b9f685f675629b1,Fuzu,9b9f685f675629b1,"Installation, maintenance, repair Jobs in Kenya","Description Qualifications Bachelor’s degree in Computer Science, Information Technology, Information Systems, or related discipline, or equivalent practical experience. Strong Microsoft 365 administration expertise. Advanced SharePoint Online administration and governance knowledge. Knowledge of Microsoft Graph, Power Platform, SPFx, and PowerShell automation. Required Professional Experience: Strong expertise in Microsoft 365 administration, including SharePoint Online and Microsoft 365 Admin Center. Advanced knowledge of SharePoint Online governance, site administration, permissions architecture, and content management. Experience with Power Platform, workflow automation, and business process optimization. Experience with PowerShell, PnP PowerShell, Microsoft Graph PowerShell, and automation scripting. Understanding of Microsoft Graph APIs, application registrations, service principals, and integration security. Knowledge of SharePoint information architecture, metadata management, Term Store, content types, and document governance. Experience implementing Application Lifecycle Management (ALM) practices and environment management strategies. Experience with JSON formatting, SPFx, SharePoint customization, site templates, and modern SharePoint capabilities. Knowledge of compliance, retention, auditing, and information governance practices within Microsoft 365. Preferred Experience, Knowledge and/or other Qualifications: 5+ years of experience developing and supporting SharePoint Online and Microsoft 365 solutions in a complex enterprise environment. Strong experience with Power Platform, SharePoint Framework (SPFx), Microsoft Graph, and PowerShell automation. Demonstrated experience delivering business solutions, information architecture, governance, and process automation initiatives while working closely with business stakeholders.","World Vision Sharepoint Platform Engineer Nairobi • Kenya Closed for applications Oasis Outsourcing Facilities Maintenance Assistant Nairobi • Kenya Closed for applications Get personalised job alerts directly to your inbox! Join Fuzu for Free Oasis Outsourcing Facilities & Administrative Coordinator Nairobi • Kenya Closed for applications Top cities with open vacancies Jobs in Nairobi Companies hiring now Oasis Outsourcing , World Vision Country / Region Africa Nigeria Uganda Profession Accounting, finance, banking, insurance , Administrative, clerical , Agriculture, fishing, forestry, wildlife , Business, strategic management , Construction , Customer support, client care , Design, arts , Electrical engineering , Energy, power , Engineering, architecture , Entertainment , Food, nutrition , General management, leadership , Government, community development, public services , Human resources , Information technology, software development, data , Installation, maintenance, repair , Legal , Manufacturing, operations, quality , Mechanical engineering , Media, communications, languages , Medical, health , Project, program management , Research, academy , Restaurant, hospitality, travel , Sales, marketing, promotion , Security , Skilled, manual labor , Sports, beauty, wellbeing , Teaching, training , Telecommunications , Transportation, logistics, driving , Industry (Installation, maintenance, repair) Non-profit, social work , Outsourcing, leasing , Seniority (Installation, maintenance, repair) Entry and Basic-level , Mid-level , Fuzu About Fuzu Careers at Fuzu Contact us For Employers © Fuzu Ltd Kenya / Nairobi / Installation, maintenance, repair World Vision Non-profit + 1 more Sharepoint Platform Engineer Closed for applications Nairobi • Kenya Job details Location Nairobi • Kenya Contract Type About the job Company Description Qualifications Bachelor’s degree in Computer Science, Information Technology, Information Systems, or related discipline, or equivalent practical experience. Strong Microsoft 365 administration expertise. Advanced SharePoint Online administration and governance knowledge. Knowledge of Microsoft Graph, Power Platform, SPFx, and PowerShell automation. Required Professional Experience: Strong expertise in Microsoft 365 administration, including SharePoint Online and Microsoft 365 Admin Center. Advanced knowledge of SharePoint Online governance, site administration, permissions architecture, and content management. Experience with Power Platform, workflow automation, and business process optimization. Experience with PowerShell, PnP PowerShell, Microsoft Graph PowerShell, and automation scripting. Understanding of Microsoft Graph APIs, application registrations, service principals, and integration security. Knowledge of SharePoint information architecture, metadata management, Term Store, content types, and document governance. Experience implementing Application Lifecycle Management (ALM) practices and environment management strategies. Experience with JSON formatting, SPFx, SharePoint customization, site templates, and modern SharePoint capabilities. Knowledge of compliance, retention, auditing, and information governance practices within Microsoft 365. Preferred Experience, Knowledge and/or other Qualifications: 5+ years of experience developing and supporting SharePoint Online and Microsoft 365 solutions in a complex enterprise environment. Strong experience with Power Platform, SharePoint Framework (SPFx), Microsoft Graph, and PowerShell automation. Demonstrated experience delivering business solutions, information architecture, governance, and process automation initiatives while working closely with business stakeholders. Tags Installation, maintenance, repair Non-profit, social work Entry and Basic-level Kenya Start hiring with Fuzu Recruit better talent faster - on your own or with our support. Explore recruitment platform Job search tips from Fuzu Selected articles on cover letters, CV structure, and interview preparation. Get Interviews: 5 Steps to a Perfect Cover Letter Salary Negotiation Tips and What You Should Focus On Why Do Successful People Love to Do These 5 Things Before Job Interviews? Let’s Find Out Are You Prepared for These 8 Unique Interview Questions? 10 Questions you can Ask your Interviewer",Nairobi • Kenya,Kenya,On-site,0,,"Information Technology, Software Development, Data",,About the job,,,,,,,Software & IT,https://www.fuzu.com/kenya/job/installation-maintenance-repair,2026-08-24T19:32:29.293077+00:00
d45caf0f46def571,Fuzu,d45caf0f46def571,"Jobs and Vacancies in Kisumu, Kenya","Description City Walk Kenya is looking for friendly, energetic and customer-focused Floor Attendants to join our retail teams in Nairobi, Kisumu and Mombasa. We’re looking for candidates who can deliver excellent customer service, support sales, maintain strong product displays and help keep our stores organised and well stocked. The ideal candidate should have: - 2–3 years’ retail or sales experience - Strong communication and customer service skills - Confidence in upselling and cross-selling - Basic knowledge of POS systems - Flexibility to work weekends, holidays and shifts - A Certificate, Diploma or Degree in Business, Sales, Marketing or a related field To apply, send your CV and cover letter to the Email provided. Subject: FLOOR ATTENDANT Please indicate your preferred","City Walk Floor Attendants- Kisumu Kisumu • Kenya Closed for applications KEDA(KENYA) CERAMICS CO., LTD Landscaper Kisumu • Kenya Mamlo Foods Sales Lead- Kisumu Kisumu • Kenya KEDA(KENYA) CERAMICS CO., LTD Regional Sales Manager - Central Kisumu • Kenya Mamlo Foods Sales Associate- Kisumu Kisumu • Kenya Avenue Healthcare Resident Physician Kisumu • Kenya Closed for applications GIZ KE Intern - EAC4Nature Kisumu • Kenya Java House Africa Ltd Operations Team Member- Kisumu Kisumu • Kenya Kenya Broadcasting Corporation- KBC Industrial Attachment - Human Resource & Management Development ( Kisumu) Kisumu • Kenya Closed for applications Get personalised job alerts directly to your inbox! Join Fuzu for Free Kenya Broadcasting Corporation- KBC Industrial Attachment - Finance ( Kisumu) Kisumu • Kenya Closed for applications Prev 1 2 3 Next Top cities with open vacancies Jobs in Maseno , Jobs in Kisumu , Jobs in Katito , Jobs in Eldoret , Jobs in Kikuyu , Jobs in Luanda , Jobs in Mbale , Jobs in Mombasa , Jobs in Nakuru , Jobs in Ruiru Companies hiring now KEDA(KENYA) CERAMICS CO., LTD , Kenya Broadcasting Corporation- KBC , L'Oreal Group , Maseno University , Mogo Kenya Limited Country / Region Africa Nigeria Uganda Profession Accounting, finance, banking, insurance , Administrative, clerical , Agriculture, fishing, forestry, wildlife , Business, strategic management , Customer support, client care , Design, arts , Electrical engineering , Engineering, architecture , Human resources , Information technology, software development, data , Legal , Manufacturing, operations, quality , Mechanical engineering , Media, communications, languages , Medical, health , Research, academy , Restaurant, hospitality, travel , Sales, marketing, promotion , Skilled, manual labor , Teaching, training , Transportation, logistics, driving , Industry Agriculture, fishing, forestry , Automotive , Banking, microfinance, insurance , Communications, media, radio, tv , Computers, software development and services , Consulting, business support, auditing , Education, academic , Energy, utilities, environment , Health care, medical , Manufacturing , Marketing, advertising , Non-profit, social work , Restaurant, hospitality, travel , Transportation, logistics, storage , Seniority Entry and Basic-level , Mid-level , Senior-level , Fuzu About Fuzu Careers at Fuzu Contact us For Employers © Fuzu Ltd Kenya / Kisumu / Sales, marketing, promotion City Walk Manufacturing Floor Attendants- Kisumu Closed for applications Kisumu • Kenya Job details Location Kisumu • Kenya Contract Type About the job Company Description City Walk Kenya is looking for friendly, energetic and customer-focused Floor Attendants to join our retail teams in Nairobi, Kisumu and Mombasa. We’re looking for candidates who can deliver excellent customer service, support sales, maintain strong product displays and help keep our stores organised and well stocked. The ideal candidate should have: - 2–3 years’ retail or sales experience - Strong communication and customer service skills - Confidence in upselling and cross-selling - Basic knowledge of POS systems - Flexibility to work weekends, holidays and shifts - A Certificate, Diploma or Degree in Business, Sales, Marketing or a related field To apply, send your CV and cover letter to the Email provided. Subject: FLOOR ATTENDANT Please indicate your preferred location. Tags Sales, marketing, promotion Manufacturing Mid-level Kenya Start hiring with Fuzu Recruit better talent faster - on your own or with our support. Explore recruitment platform Job search tips from Fuzu Selected articles on cover letters, CV structure, and interview preparation. Get Interviews: 5 Steps to a Perfect Cover Letter Salary Negotiation Tips and What You Should Focus On Why Do Successful People Love to Do These 5 Things Before Job Interviews? Let’s Find Out Are You Prepared for These 8 Unique Interview Questions? 10 Questions you can Ask your Interviewer",Kisumu • Kenya,Kenya,On-site,0,,"Information Technology, Software Development, Data",,About the job,,,,,,,Software & IT,https://www.fuzu.com/kenya/job/kisumu,2026-08-24T19:32:32.556889+00:00
e0583159483bd077,Fuzu,e0583159483bd077,Legal Jobs in Kenya,"Description Qualifications Required Qualifications and Experience Education Master’s degree in Law or a related field from an accredited academic institution with five years of relevant professional experience; or, University degree in the above fields with at least seven years of relevant professional experience. Accredited Universities are those listed in the UNESCO World Higher Education Database. Experience Experience in the field of Ethics, Legal, Investigations, Compliance/Oversight or Dispute Resolution, preferably with a public international organization; Experience in reviewing allegations of misconduct, such as retaliation; Experience with policy analysis, review, revision, and drafting; Experience with ethics advice, decision-making and case work, including on potential misconduct, conflicts of interest, financial disclosure, and protection against retaliation. Experience in delivering trainings, outreach, and capacity building; Experience handling a heavy and diverse workload; and, Field experience, particularly within IOM, is a distinct advantage. Responsibilities and Accountabilities Serve as the principal focal point on ethics matters for the Regional Office for East, Horn and Southern Africa, ensuring effective communication and coordination with HQ and other offices. Undertake preliminary assessments of retaliation complaints based on relevant legal standards and evidence. Monitor international administrative law and policy developments relating to ethics and contribute to the review, revision, and drafting of IOM’s ethics-related policies, instructions, and guidelines. Advise management and staff on ethics matters, including application of the Standards of Conduct, conflicts of interest, reporting channels and whistleblower protections. Identify key ethics trends, risks and concerns in the assigned Region and adapt guidance and outreach initiatives and materials accordingly. Lead the design and implementation of an ethics capacity-building strategy for the assigned Region. Develop and conduct ethics trainings throughout the Region. In addition to direct training of staff, provide training of trainers and supervise and guide ethics facilitators in the Region to cascade trainings more broadly. Promote the further development and appropriate implementation of conflict-of-interest and annual disclosure requirements for IOM personnel, including senior management and other staff with resource management or procurement responsibilities. Contribute to ECO’s knowledge management tools and knowledge sharing initiatives, including case tracking systems and databases and the preparation of periodic reports and trend analyses to show the scope, relevance and impact of ECO's work. Support additional initiatives of ECO and OEP, including joint strategy, learning and outreach campaigns in coordination with Protection from Sexual Exploitation and Abuse and Sexual Harassment (PSEAH). Perform such other duties as may be assigned.","International Organization for Migration Regional Ethics and Integrity Officer (P) Nairobi • Kenya International Organization for Migration Chief, Ethics and Conduct Unit (ECO) (P) Nairobi • Kenya World Agroforestry Centre (ICRAF) Consultant- Legal Nairobi • Kenya World Agroforestry Centre (ICRAF) Consultant- Forest Law Enforcement Nairobi • Kenya Airtel Kenya LEGAL INTERN Nairobi , Nairobi • Kenya Closed for applications Only on Fuzu Flone Initiative Lead Legal And Policy Consultant Nairobi • Kenya Closed for applications World Vision Senior Advisor for Child Protection in Emergencies Nairobi • Kenya Closed for applications Kenya Broadcasting Corporation- KBC Industrial Attachment - Legal Services ( Nyeri) Nyeri • Kenya Closed for applications Kenya Broadcasting Corporation- KBC Industrial Attachment - Legal Services ( Mombasa) Mombasa • Kenya Closed for applications Get personalised job alerts directly to your inbox! Join Fuzu for Free Kenya Broadcasting Corporation- KBC Industrial Attachment - Legal Services ( Kisumu) Kisumu • Kenya Closed for applications Prev 1 2 3 Next Top cities with open vacancies Jobs in Nairobi , Jobs in Kisumu , Jobs in Nyeri , Jobs in Mombasa Companies hiring now Federation of Women Lawers (FIDA) Kenya , International Organization for Migration , Kenya Broadcasting Corporation- KBC , Roche , World Agroforestry Centre (ICRAF) Country / Region Africa Nigeria Uganda Profession Accounting, finance, banking, insurance , Administrative, clerical , Agriculture, fishing, forestry, wildlife , Business, strategic management , Construction , Customer support, client care , Design, arts , Electrical engineering , Energy, power , Engineering, architecture , Entertainment , Food, nutrition , General management, leadership , Government, community development, public services , Human resources , Information technology, software development, data , Installation, maintenance, repair , Legal , Manufacturing, operations, quality , Mechanical engineering , Media, communications, languages , Medical, health , Project, program management , Research, academy , Restaurant, hospitality, travel , Sales, marketing, promotion , Security , Skilled, manual labor , Sports, beauty, wellbeing , Teaching, training , Telecommunications , Transportation, logistics, driving , Industry (Legal) Communications, media, radio, tv , Computers, software development and services , Data/Research , Health care, medical , Manufacturing , Non-profit, social work , Telecommunications , Seniority (Legal) Entry and Basic-level , Mid-level , Fuzu About Fuzu Careers at Fuzu Contact us For Employers © Fuzu Ltd Kenya / Nairobi / Legal International Organization for Migration Non-profit + 1 more Regional Ethics and Integrity Officer (P) Nairobi • Kenya Sign in and Apply Save Share Job details Location Nairobi • Kenya Contract Type About the job Company Description Qualifications Required Qualifications and Experience Education Master’s degree in Law or a related field from an accredited academic institution with five years of relevant professional experience; or, University degree in the above fields with at least seven years of relevant professional experience. Accredited Universities are those listed in the UNESCO World Higher Education Database. Experience Experience in the field of Ethics, Legal, Investigations, Compliance/Oversight or Dispute Resolution, preferably with a public international organization; Experience in reviewing allegations of misconduct, such as retaliation; Experience with policy analysis, review, revision, and drafting; Experience with ethics advice, decision-making and case work, including on potential misconduct, conflicts of interest, financial disclosure, and protection against retaliation. Experience in delivering trainings, outreach, and capacity building; Experience handling a heavy and diverse workload; and, Field experience, particularly within IOM, is a distinct advantage. Responsibilities and Accountabilities Serve as the principal focal point on ethics matters for the Regional Office for East, Horn and Southern Africa, ensuring effective communication and coordination with HQ and other offices. Undertake preliminary assessments of retaliation complaints based on relevant legal standards and evidence. Monitor international administrative law and policy developments relating to ethics and contribute to the review, revision, and drafting of IOM’s ethics-related policies, instructions, and guidelines. Advise management and staff on ethics matters, including application of the Standards of Conduct, conflicts of interest, reporting channels and whistleblower protections. Identify key ethics trends, risks and concerns in the assigned Region and adapt guidance and outreach initiatives and materials accordingly. Lead the design and implementation of an ethics capacity-building strategy for the assigned Region. Develop and conduct ethics trainings throughout the Region. In addition to direct training of staff, provide training of trainers and supervise and guide ethics facilitators in the Region to cascade trainings more broadly. Promote the further development and appropriate implementation of conflict-of-interest and annual disclosure requirements for IOM personnel, including senior management and other staff with resource management or procurement responsibilities. Contribute to ECO’s knowledge management tools and knowledge sharing initiatives, including case tracking systems and databases and the preparation of periodic reports and trend analyses to show the scope, relevance and impact of ECO's work. Support additional initiatives of ECO and OEP, including joint strategy, learning and outreach campaigns in coordination with Protection from Sexual Exploitation and Abuse and Sexual Harassment (PSEAH). Perform such other duties as may be assigned. Tags Legal Non-profit, social work Mid-level Kenya Start hiring with Fuzu Recruit better talent faster - on your own or with our support. Explore recruitment platform Job search tips from Fuzu Selected articles on cover letters, CV structure, and interview preparation. Get Interviews: 5 Steps to a Perfect Cover Letter Salary Negotiation Tips and What You Should Focus On Why Do Successful People Love to Do These 5 Things Before Job Interviews? Let’s Find Out Are You Prepared for These 8 Unique Interview Questions? 10 Questions you can Ask your Interviewer Sign in and Apply",Nairobi • Kenya,Kenya,On-site,0,,"Information Technology, Software Development, Data",,About the job,,,,,,,Software & IT,https://www.fuzu.com/kenya/job/legal,2026-08-24T19:32:36.160462+00:00
a376cf1dbac9527f,Fuzu,a376cf1dbac9527f,"Manufacturing, operations, quality Jobs in Kenya",Description Department: Quality Assurance / Operations Reports To: Manager / COO / CEO Employment Type: Full-Time,"Precision Access Solutions Quality Control (QC) / Quality Assurance (QA) Personnel Nairobi • Kenya Only on Fuzu Amentum Site Safety and Health Officer (SSHO) Lamu • Kenya Unga Holdings Limited Plant Controller Nakuru • Kenya Takataka Solutions Recycling Maintenance Supervisor Nairobi • Kenya Takataka Solutions Pellet Packing Supervisor Nairobi • Kenya Syngenta Kenya Crop Nutrition Analyst Ruiru • Kenya Tezza Business Solutions QA Lead / Test Manager Nairobi • Kenya Chuka University Quality Control Technician Nairobi • Kenya Closed for applications Chuka University Production Officer Nairobi • Kenya Closed for applications Get personalised job alerts directly to your inbox! Join Fuzu for Free Sucafina Engineering Trainee – Factory Operations Nairobi • Kenya Closed for applications Prev 1 2 3 Next Top cities with open vacancies Jobs in Nairobi , Jobs in Wote , Jobs in Ruiru , Jobs in Nakuru , Jobs in Machakos , Jobs in Lamu , Jobs in Kwale , Jobs in Kisumu , Jobs in Homa Bay Companies hiring now Chuka University , Coca-Cola , Unga Holdings Limited , Victory Farms , WTS Energy Country / Region Africa Nigeria Uganda Profession Accounting, finance, banking, insurance , Administrative, clerical , Agriculture, fishing, forestry, wildlife , Business, strategic management , Construction , Customer support, client care , Design, arts , Electrical engineering , Energy, power , Engineering, architecture , Entertainment , Food, nutrition , General management, leadership , Government, community development, public services , Human resources , Information technology, software development, data , Installation, maintenance, repair , Legal , Manufacturing, operations, quality , Mechanical engineering , Media, communications, languages , Medical, health , Project, program management , Research, academy , Restaurant, hospitality, travel , Sales, marketing, promotion , Security , Skilled, manual labor , Sports, beauty, wellbeing , Teaching, training , Telecommunications , Transportation, logistics, driving , Industry (Manufacturing, operations, quality) Agriculture, fishing, forestry , Computers, software development and services , Construction, renovation, maintenance , Education, academic , Energy, utilities, environment , Health care, medical , Housekeeping, maintenance , Manufacturing , Restaurant, hospitality, travel , Telecommunications , Seniority (Manufacturing, operations, quality) Entry and Basic-level , Mid-level , Fuzu About Fuzu Careers at Fuzu Contact us For Employers © Fuzu Ltd Kenya / Nairobi / Manufacturing, operations, quality Precision Access Solutions Construction + 2 more Quality Control (QC) / Quality Assurance (QA) Personnel Only on Fuzu Nairobi • Kenya Sign in and Apply Save Share Job details Location Nairobi • Kenya Contract Type About the job Company Description Department: Quality Assurance / Operations Reports To: Manager / COO / CEO Employment Type: Full-Time Location: Nairobi (Head Office) with travel to project/client sites Industry: Rope Access (IRATA) Services JOB PURPOSE The Quality Control / Quality Assurance Personnel is responsible for planning, implementing and monitoring quality control and quality assurance processes across the company's rope access operations. The role ensures that all work performed by Team Leaders and Technicians complies with the IRATA International Code of Practice (ICOP), the company's Quality Management System, applicable ISO standards, client specifications, and relevant regulatory requirements, and works closely with Operations and HSE to maintain consistent, auditable quality and safety standards across all projects. KEY RESPONSIBILITIES Develop, implement and maintain the company's Quality Management System (QMS) in line with ISO 9001 (or equivalent) and IRATA ICOP requirements. Conduct regular quality audits and site inspections of rope access work and completed tasks to verify compliance with client specifications. Inspect, verify and certify PPE and rope access equipment in line with manufacturer and IRATA requirements; maintain equipment inspection and calibration registers. Cross-check Team Leader and Technician compliance against weekly management feedback reviews, IRATA logbooks and competency records. Investigate non-conformances, incidents and client complaints; lead root-cause analysis and corrective and preventive action (CAPA) processes. Prepare and maintain quality documentation, including SOPs, inspection checklists, audit reports and non-conformance reports (NCRs). Liaise with clients, IRATA, certification bodies and regulatory authorities during audits, inspections and certification renewals. Track and report quality KPIs (e.g. audit pass rates, non-conformance trends, rework rates) to senior management. Support recruitment and onboarding by verifying candidate certifications, licences and competency records before deployment to site. Maintain accurate document control and record-keeping for all quality-related certifications, licences and permits. Coordinate with HSE personnel to align quality and safety compliance programmes. Keep up to date with evolving IRATA standards, ISO requirements and applicable national and international regulatory changes. QUALIFICATIONS & CERTIFICATIONS Diploma or Degree in Quality Management, Engineering, Occupational Health & Safety, or a related field. Recognised quality control/quality assurance certification required — e.g. ISO 9001 Lead Auditor/Internal Auditor, ASQ Certified Quality Auditor (CQA) or Certified Quality Engineer (CQE), or equivalent. Willing to learn IRATA rope access preferred, given the operational environment. Additional certifications such as NEBOSH, Six Sigma, or other recognised QA/QC or HSE qualifications are an advantage. EXPERIENCE REQUIREMENTS A minimum of 2–5 years' practical experience in a quality assurance/quality control role, ideally within construction, oil & gas, or industrial services. Demonstrated experience conducting audits, developing and maintaining quality procedures, and ensuring compliance with applicable quality standards and regulatory requirements. Experience working with IRATA member companies or within height-safety environments is highly desirable but not essential. Working familiarity with permit-to-work systems, RAMS and method statements. SKILLS & COMPETENCIES Strong working knowledge of applicable quality standards (e.g. ISO 9001, IRATA ICOP) and relevant regulatory requirements. Excellent attention to detail with strong analytical and root-cause analysis skills. Strong report-writing, documentation and record-keeping skills. Good communication (English, Swahili) and interpersonal skills, able to liaise confidently with technicians, management and clients. Willingness and physical capability to attend project sites for inspections, including height/rope-access environments (appropriate PPE and induction provided). Proficiency in MS Office and familiarity with quality management or document-control software. High level of integrity, independence and objectivity when reporting compliance issues. WORKING CONDITIONS Primarily based at the company head office, with regular travel to project and client sites across Kenya (and regionally, as required). Site visits may involve exposure to industrial, height or confined-space environments; full safety induction and PPE will be provided. Standard office hours apply, with flexibility required to accommodate site audit schedules and project timelines. Tags Manufacturing, operations, quality Construction, renovation, maintenance Mid-level Kenya Start hiring with Fuzu Recruit better talent faster - on your own or with our support. Explore recruitment platform Job search tips from Fuzu Selected articles on cover letters, CV structure, and interview preparation. Get Interviews: 5 Steps to a Perfect Cover Letter Salary Negotiation Tips and What You Should Focus On Why Do Successful People Love to Do These 5 Things Before Job Interviews? Let’s Find Out Are You Prepared for These 8 Unique Interview Questions? 10 Questions you can Ask your Interviewer Sign in and Apply",Nairobi • Kenya,Kenya,On-site,0,,"Information Technology, Software Development, Data",,About the job,,,,,,,Software & IT,https://www.fuzu.com/kenya/job/manufacturing-operations-quality,2026-08-24T19:32:40.516803+00:00
ee24293f1fba8851,Fuzu,ee24293f1fba8851,"Jobs and Vacancies in Marsabit, Kenya","Description Position Purpose BOMA is seeking to recruit three Field Officers to support SOIL program implementation in Marsabit County. Reporting to the SOIL Program Manager, the Field Officer will provide field-level technical leadership, planning, coordination, supervision, and quality assurance, to ensure program activities are delivered on time, within budget, and to agreed standards and targets. The role will supervise Mentors, lead participant targeting activities, plan and coordinate program implementation, support Mentor capacity strengthening and train participants on technical topics, facilitate market and financial linkages, and use technology tools and program data to monitor participant progress and inform adaptive program management. The Field Officer will work with key stakeholders including participants, community leaders and members, government officials, market actors, sub-grantees, and service providers to strengthen livelihoods, enterprise development, incomes, savings, food and nutrition security, and household resilience. The role will ensure Mentors discharge planned program activities with quality ensure quality monitoring data is collected as prescribed for the program and Technology tools are used where provided and for the defined work. It will also be responsible for reporting, stakeholder coordination, safeguarding, male engagement, accountability, and timely resolution of implementation challenges, while ensuring effective application of SOIL’s nutrition-sensitive livelihoods model. Requirements Qualifications and Experience Education and Professional Qualifications Bachelor’s degree in Business Administration, Agribusiness, Economics, Community Health and Nutrition, Project Management, Entrepreneurship, Social Sciences, or another relevant field. A professional qualification or postgraduate training in livelihoods, economic inclusion, nutrition, agriculture, climate resilience, market systems development, or project management will be an added advantage. Training or certification in Training of Trainers (ToT), adult learning, facilitation, or community-based programming is highly desirable. Professional Experience At least 4–5 years of relevant experience in program/project implementation, preferably in livelihoods, economic inclusion, graduation programming, food and nutrition security, agriculture/livestock, or resilience programming. Demonstrated experience in direct supervision and coaching of field teams, Mentors, or similar frontline staff. Strong experience in designing and delivering technical training to both field staff and program participants using adult-learning approaches. Demonstrated experience establishing and managing market, financial, government, community, education, health, and other service linkages for program participants. Experience working with government, private-sector actors, financial service providers, community structures, and development partners. Demonstrated experience using program data to monitor performance, identify implementation gaps, and inform adaptive management and decision-making. Experience working in ASAL, rural, pastoralist, or other resource-constrained contexts is highly desirable. Experience integrating nutrition, livelihoods, gender, resilience, and social inclusion into program delivery.","Boma Project Field Officer (FO)- Laisamis Marsabit • Kenya Closed for applications Boma Project Field Officer (FO)- Maikona Marsabit • Kenya Closed for applications Boma Project Field Officer (FO)- South Horr Marsabit • Kenya Closed for applications Mercy Corps Graduate Interns - Enterprise Development –RANGE Program- Marsabit Marsabit • Kenya Closed for applications Boma Project CASHA Business Coach - Marsabit Marsabit • Kenya Closed for applications Get personalised job alerts directly to your inbox! Join Fuzu for Free Lake Turkana Wind Power Ltd Document Controller & Administrator Marsabit • Kenya Closed for applications Top cities with open vacancies Jobs in Marsabit Companies hiring now Boma Project , Lake Turkana Wind Power Ltd , Mercy Corps Country / Region Africa Nigeria Uganda Profession Business, strategic management , Information technology, software development, data , Project, program management , Industry Energy, utilities, environment , Non-profit, social work , Seniority Entry and Basic-level , Mid-level , Fuzu About Fuzu Careers at Fuzu Contact us For Employers © Fuzu Ltd Kenya / Marsabit / Project, program management Boma Project Non-profit + 1 more Field Officer (FO)- Laisamis Closed for applications Marsabit • Kenya Job details Location Marsabit • Kenya Contract Type About the job Company Description Position Purpose BOMA is seeking to recruit three Field Officers to support SOIL program implementation in Marsabit County. Reporting to the SOIL Program Manager, the Field Officer will provide field-level technical leadership, planning, coordination, supervision, and quality assurance, to ensure program activities are delivered on time, within budget, and to agreed standards and targets. The role will supervise Mentors, lead participant targeting activities, plan and coordinate program implementation, support Mentor capacity strengthening and train participants on technical topics, facilitate market and financial linkages, and use technology tools and program data to monitor participant progress and inform adaptive program management. The Field Officer will work with key stakeholders including participants, community leaders and members, government officials, market actors, sub-grantees, and service providers to strengthen livelihoods, enterprise development, incomes, savings, food and nutrition security, and household resilience. The role will ensure Mentors discharge planned program activities with quality ensure quality monitoring data is collected as prescribed for the program and Technology tools are used where provided and for the defined work. It will also be responsible for reporting, stakeholder coordination, safeguarding, male engagement, accountability, and timely resolution of implementation challenges, while ensuring effective application of SOIL’s nutrition-sensitive livelihoods model. Requirements Qualifications and Experience Education and Professional Qualifications Bachelor’s degree in Business Administration, Agribusiness, Economics, Community Health and Nutrition, Project Management, Entrepreneurship, Social Sciences, or another relevant field. A professional qualification or postgraduate training in livelihoods, economic inclusion, nutrition, agriculture, climate resilience, market systems development, or project management will be an added advantage. Training or certification in Training of Trainers (ToT), adult learning, facilitation, or community-based programming is highly desirable. Professional Experience At least 4–5 years of relevant experience in program/project implementation, preferably in livelihoods, economic inclusion, graduation programming, food and nutrition security, agriculture/livestock, or resilience programming. Demonstrated experience in direct supervision and coaching of field teams, Mentors, or similar frontline staff. Strong experience in designing and delivering technical training to both field staff and program participants using adult-learning approaches. Demonstrated experience establishing and managing market, financial, government, community, education, health, and other service linkages for program participants. Experience working with government, private-sector actors, financial service providers, community structures, and development partners. Demonstrated experience using program data to monitor performance, identify implementation gaps, and inform adaptive management and decision-making. Experience working in ASAL, rural, pastoralist, or other resource-constrained contexts is highly desirable. Experience integrating nutrition, livelihoods, gender, resilience, and social inclusion into program delivery. Tags Project, program management Non-profit, social work Mid-level Kenya Start hiring with Fuzu Recruit better talent faster - on your own or with our support. Explore recruitment platform Job search tips from Fuzu Selected articles on cover letters, CV structure, and interview preparation. Get Interviews: 5 Steps to a Perfect Cover Letter Salary Negotiation Tips and What You Should Focus On Why Do Successful People Love to Do These 5 Things Before Job Interviews? Let’s Find Out Are You Prepared for These 8 Unique Interview Questions? 10 Questions you can Ask your Interviewer",Marsabit • Kenya,Kenya,On-site,0,,"Information Technology, Software Development, Data",,About the job,,,,,,,Software & IT,https://www.fuzu.com/kenya/job/marsabit,2026-08-24T19:32:45.228320+00:00
90ba603268fedd40,Fuzu,90ba603268fedd40,Mechanical engineering Jobs in Kenya,Description Department: Procurement Reports To: Head of Procurement,"Master Power Systems Limited MECHANICAL PROCUREMENT ENGINEER Nairobi • Kenya Only on Fuzu British Army Training Unit Kenya (BATUK) Generator Mechanic Nanyuki • Kenya Amentum Marine Engine Mechanic Lamu • Kenya Amentum Engine / Generator Mechanic Lamu • Kenya Amentum Material Expeditor Lamu • Kenya Takataka Solutions Senior Mechanic Nairobi • Kenya MobiTech Water solutions Motorbike Installation Technician Intern Nairobi • Kenya Amentum Vehicle Operator (Air Terminal) Lamu • Kenya Amentum Grounds Crew Leader Lamu • Kenya Get personalised job alerts directly to your inbox! Join Fuzu for Free Kenya Airways GSE Technician – Mechanical Nairobi • Kenya Prev 1 2 3 Next Top cities with open vacancies Jobs in Nairobi , Jobs in Lamu , Jobs in Kisumu , Jobs in Kericho , Jobs in Homa Bay , Jobs in Katito , Jobs in Wote , Jobs in Thika , Jobs in Sotik , Jobs in Rongo , Jobs in Oyugis , Jobs in Ogembo , Jobs in Nyamira , Jobs in Narok , Jobs in Nanyuki , Jobs in Mwingi , Jobs in Murang’a , Jobs in Migori , Jobs in Meru , Jobs in Mbita Companies hiring now Amentum , Fluor Corporation , Kenya Airways , Mogo Kenya Limited , M.P Shah Hospital Country / Region Africa Nigeria Uganda Profession Accounting, finance, banking, insurance , Administrative, clerical , Agriculture, fishing, forestry, wildlife , Business, strategic management , Construction , Customer support, client care , Design, arts , Electrical engineering , Energy, power , Engineering, architecture , Entertainment , Food, nutrition , General management, leadership , Government, community development, public services , Human resources , Information technology, software development, data , Installation, maintenance, repair , Legal , Manufacturing, operations, quality , Mechanical engineering , Media, communications, languages , Medical, health , Project, program management , Research, academy , Restaurant, hospitality, travel , Sales, marketing, promotion , Security , Skilled, manual labor , Sports, beauty, wellbeing , Teaching, training , Telecommunications , Transportation, logistics, driving , Industry (Mechanical engineering) Aeronautics , Agriculture, fishing, forestry , Automotive , Banking, microfinance, insurance , Computers, software development and services , Construction, renovation, maintenance , Data/Research , Education, academic , Engineering, architecture , Health care, medical , Housekeeping, maintenance , Manufacturing , Restaurant, hospitality, travel , Retail, wholesale, FMCG , Security , Telecommunications , Transportation, logistics, storage , Seniority (Mechanical engineering) Entry and Basic-level , Mid-level , Senior-level , Fuzu About Fuzu Careers at Fuzu Contact us For Employers © Fuzu Ltd Kenya / Nairobi / Mechanical engineering Master Power Systems Limited Engineering + 1 more MECHANICAL PROCUREMENT ENGINEER Only on Fuzu Nairobi • Kenya Sign in and Apply Save Share Job details Location Nairobi • Kenya Contract Type About the job Company Description Department: Procurement Reports To: Head of Procurement Location: Nairobi, Kenya Employment Type: Full-Time Experience: 2–3 years in Mechanical/Plumbing Procurement or Estimation (MEP/Contracting). NB: Do not apply if you have no technical background in Mechanical Engineering. Education: Diploma or Bachelor's Degree in Mechanical Engineering or related field Job Summary Master Power Systems Ltd (MPSL) is seeking a technically strong Mechanical Procurement Engineer to support MEP projects across Kenya, Uganda and the East African region. The successful candidate must be able to interpret mechanical drawings, verify BOQs and quantities, evaluate plumbing, firefighting and HVAC systems, prepare estimates, and negotiate with suppliers while ensuring technical compliance, cost efficiency and timely procurement. Key Responsibilities Drawing Review & Quantity Verification Interpret plumbing, drainage, firefighting, HVAC and external reticulation drawings. Verify BOQs and quantity take-offs against approved drawings and specifications. Identify discrepancies between drawings, BOQs and supplier quotations. Validate equipment schedules including pumps, valves, AHUs and FCUs. Technical Evaluation Evaluate compliance and suitability of: Plumbing, drainage and stormwater systems. Firefighting systems including hydrants, sprinklers, wet risers and fire pumps. HVAC systems including chillers, AHUs, FCUs, VRF/VRV and ductwork. Water storage tanks (GRP, HDPE, RCC and Stainless Steel). External reticulation networks. Plumbing valves (Gate, Globe, Check, Butterfly, Ball and PRV). PPR piping systems (PN10, PN16 & PN20). Hot water systems including calorifiers, solar water heating and circulation pumps. Prepare technical comparison sheets between approved specifications and vendor submissions. Procurement & Vendor Management Source local and international suppliers for mechanical materials and equipment. Issue RFQs and prepare technical/commercial comparison reports. Negotiate pricing, payment terms, delivery timelines and warranties. Evaluate supplier capability and certification compliance. Prepare Local Purchase Orders (LPOs). Estimation & Cost Control Prepare material cost estimates for tenders, variations and value engineering proposals. Maintain pricing trackers and BOQ vs procurement tracking. Recommend technically compliant cost-saving alternatives where applicable. Documentation & Coordination Prepare RFAs, material submittals and technical compliance documents. Coordinate with project managers, engineers and consultants. Maintain accurate procurement and approval records. Required Skills & QualificationsTechnical Strong knowledge of PPR, UPVC, HDPE and GI piping systems, valves, fittings and accessories. Good understanding of plumbing, drainage, firefighting and HVAC systems. Knowledge of pumps, tanks, hot water systems and external reticulation. Ability to interpret mechanical drawings and extract quantities (Revit/BIM knowledge is an advantage). Familiarity with NFPA, BS, IPC and KS/KEBS standards. Procurement & Commercial 2–3 years' experience in mechanical procurement or estimation within an MEP or construction environment. Experience preparing vendor comparisons, negotiating with suppliers and managing purchase orders. Strong MS Excel and MS Word skills. Excellent communication, negotiation and coordination skills. Added Advantage Experience with East African suppliers and import logistics. Experience on hospital, institutional or UN projects. Knowledge of PVOC and Kenya/Uganda import compliance requirements. How to Apply Send your CV to careers@masterpowergroup.com Tags Mechanical engineering Engineering, architecture Mid-level Kenya Start hiring with Fuzu Recruit better talent faster - on your own or with our support. Explore recruitment platform Job search tips from Fuzu Selected articles on cover letters, CV structure, and interview preparation. Get Interviews: 5 Steps to a Perfect Cover Letter Salary Negotiation Tips and What You Should Focus On Why Do Successful People Love to Do These 5 Things Before Job Interviews? Let’s Find Out Are You Prepared for These 8 Unique Interview Questions? 10 Questions you can Ask your Interviewer Sign in and Apply",Nairobi • Kenya,Kenya,On-site,0,,"Information Technology, Software Development, Data",,About the job,,,,,,,Software & IT,https://www.fuzu.com/kenya/job/mechanical-engineering,2026-08-24T19:32:49.589450+00:00
c69bdfb5247bce44,Fuzu,c69bdfb5247bce44,"Media, communications, languages Jobs in Kenya","Description CITAM seeks to recruit a born-again and self-motivated individual to fill the position of Digital ProductionAssistant. He/She shall Assist the Digital production coordinator in recording and assembling raw material into a finished product that’s suitable for online streaming and broadcasting. The position reports to the Head of Digital Ministry. Key Responsibilities: Edit and produce high-quality video, audio, and promotional multimedia content for broadcast and digital platforms, including CITAM Church Online. Operate specialized editing, motion graphics, and audio production software to interpret scripts and production briefs effectively. Set up, operate, maintain, and troubleshoot audio-visual equipment, ensuring high-quality sound recording, mixing, and overall audio production. Enhancing live recorded audio with the use of audio mixing consoles, microphones and equalizers. Coordinate podcast production, including recording, editing, and post-production in collaboration with relevant teams. Review, quality-check, archive, and manage production footage and digital media assets. Collaborate with the Production Coordinator and other stakeholders to enhance production quality, adopt emerging technologies, and support the media ministry. Requirements and Qualifications Must be a born-again, mature Christian who conforms to the CITAM statement of faith. Degree holder from a recognized institution in film and TV Production, videography or related field. 3 years’ experience in video production and sound/audio engineering. Solid experience with digital technology and editing software packages (e.g. Avid Media Composer, Lightworks, Premiere, After Effects and Final Cut) Familiarity with special effects, 3D, compositing, and AI software is an advantage. Proven skills to operate digital cameras in multi-production projects.","CITAM Digital Production Assistant (Kenya) Nairobi • Kenya UNOPS Communications Senior Officer Nairobi • Kenya Institute of Transportation and Development Policy (ITDP) Africa Manager, Communications & Partnerships Nairobi • Kenya CHASP Advisory Communications and Digital Marketing Intern Nairobi • Kenya UNICEF Corporate Alliances Specialist, P-3, Fixed Term Position, Regional Services Division, Nairobi, Kenya #00100981 Nairobi • Kenya Precision Development (PxD) Communications Manager Nairobi • Kenya International Rescue Committee Knowledge Management & Learning (KML) Consultant Nairobi • Kenya Closed for applications Sun King Video Editor Nairobi • Kenya Closed for applications International Rescue Committee Communications & Engagement Coordinator Nairobi • Kenya Closed for applications Get personalised job alerts directly to your inbox! Join Fuzu for Free Kenya Broadcasting Corporation- KBC Industrial Attachment - Technical Engineering ( Camera Work & Video Editing) ( Nyeri) Nyeri • Kenya Closed for applications Prev 1 2 3 Next Top cities with open vacancies Jobs in Nairobi , Jobs in Nyeri , Jobs in Mombasa , Jobs in Kisumu , Jobs in Kiambu Companies hiring now International Rescue Committee , Kenya Broadcasting Corporation- KBC , Meru University of Science and Technology , UNEP , World Vision Country / Region Africa Nigeria Uganda Profession Accounting, finance, banking, insurance , Administrative, clerical , Agriculture, fishing, forestry, wildlife , Business, strategic management , Construction , Customer support, client care , Design, arts , Electrical engineering , Energy, power , Engineering, architecture , Entertainment , Food, nutrition , General management, leadership , Government, community development, public services , Human resources , Information technology, software development, data , Installation, maintenance, repair , Legal , Manufacturing, operations, quality , Mechanical engineering , Media, communications, languages , Medical, health , Project, program management , Research, academy , Restaurant, hospitality, travel , Sales, marketing, promotion , Security , Skilled, manual labor , Sports, beauty, wellbeing , Teaching, training , Telecommunications , Transportation, logistics, driving , Industry (Media, communications, languages) Agriculture, fishing, forestry , Communications, media, radio, tv , Consulting, business support, auditing , Education, academic , Energy, utilities, environment , Health care, medical , Manufacturing , Non-profit, social work , Seniority (Media, communications, languages) Entry and Basic-level , Mid-level , Fuzu About Fuzu Careers at Fuzu Contact us For Employers © Fuzu Ltd Kenya / Nairobi / Media, communications, languages CITAM Non-profit + 1 more Digital Production Assistant (Kenya) Nairobi • Kenya Sign in and Apply Save Share Job details Location Nairobi • Kenya Contract Type About the job Company Description CITAM seeks to recruit a born-again and self-motivated individual to fill the position of Digital ProductionAssistant. He/She shall Assist the Digital production coordinator in recording and assembling raw material into a finished product that’s suitable for online streaming and broadcasting. The position reports to the Head of Digital Ministry. Key Responsibilities: Edit and produce high-quality video, audio, and promotional multimedia content for broadcast and digital platforms, including CITAM Church Online. Operate specialized editing, motion graphics, and audio production software to interpret scripts and production briefs effectively. Set up, operate, maintain, and troubleshoot audio-visual equipment, ensuring high-quality sound recording, mixing, and overall audio production. Enhancing live recorded audio with the use of audio mixing consoles, microphones and equalizers. Coordinate podcast production, including recording, editing, and post-production in collaboration with relevant teams. Review, quality-check, archive, and manage production footage and digital media assets. Collaborate with the Production Coordinator and other stakeholders to enhance production quality, adopt emerging technologies, and support the media ministry. Requirements and Qualifications Must be a born-again, mature Christian who conforms to the CITAM statement of faith. Degree holder from a recognized institution in film and TV Production, videography or related field. 3 years’ experience in video production and sound/audio engineering. Solid experience with digital technology and editing software packages (e.g. Avid Media Composer, Lightworks, Premiere, After Effects and Final Cut) Familiarity with special effects, 3D, compositing, and AI software is an advantage. Proven skills to operate digital cameras in multi-production projects. Tags Media, communications, languages Non-profit, social work Mid-level Kenya Start hiring with Fuzu Recruit better talent faster - on your own or with our support. Explore recruitment platform Job search tips from Fuzu Selected articles on cover letters, CV structure, and interview preparation. Get Interviews: 5 Steps to a Perfect Cover Letter Salary Negotiation Tips and What You Should Focus On Why Do Successful People Love to Do These 5 Things Before Job Interviews? Let’s Find Out Are You Prepared for These 8 Unique Interview Questions? 10 Questions you can Ask your Interviewer Sign in and Apply",Nairobi • Kenya,Kenya,On-site,0,,"Information Technology, Software Development, Data",,About the job,,,,,,,Software & IT,https://www.fuzu.com/kenya/job/media-communications-languages,2026-08-24T19:32:54.388451+00:00
26b06e3ac9c0350d,Fuzu,26b06e3ac9c0350d,"Medical, health Jobs in Kenya","Description Qualifications and Experience MB ChB ,MD, BDS OR equivalent. Post Graduate diploma or Certificate in Management or a relevant Postgraduate Degree such as, MPH, MSc (Health policy and management), MA (hospital management) MSc (Health services planning and management), MBA Evidence of leadership and continuing professional development and training in Health management At least 3 years of working experience in a busy hospital Evidence of leadership and continuing professional development and training in Health management for 2 years Experience of driving and implementing organizational change, in particular using new and innovative practices and technologies to improve service delivery. Registered and certified by the Medical Practitioners and Dentists Board. Required Experience At least 3 years of working experience in a busy hospital Evidence of leadership and continuing professional development and training in Health management for 2 years Experience of driving and implementing organizational change, in particular using new and innovative practices and technologies to improve service delivery. Key Responsibilities Coordinate and monitor the provision of health services Ensure good governance in the hospital Oversee the planning and development of new specialized units and maintenance of facilities Use of Information, Communication and Technology to enhance service delivery Participate in development of Annual Work Plan and implementation Provide guidance in the development of departmental and individual staff work plans based on the hospital strategic plan Promote adherence to national health management quality assurance policy and guidelines Lead the team in procurement of various hospital medical and surgical items in liaison with the Pharmacist and the Hospital Matron Ensure proper functioning of special clinics in the hospital on weekly basis i.e. SOPC, GOPC, HRC, MOPC and POPC. Coordinate in liaison with the Health Manager consultancy visits for the health program in the camp Ensure effective human resource management and development in the hospital Performance management of direct reports Ensure effective supervision of FIF revenue collection in the hospital Ensure safety and security within the hospital. Carry out all elective surgical and gynecological cases twice a week in theatre. Attend to all medical legal issues, fill P3 forms and attend court sessions.","International Rescue Committee Medical Superintendent Nairobi • Kenya Avenue Healthcare Psychiatric Nurse Thika • Kenya Closed for applications Avenue Healthcare Resident Physician Kisumu • Kenya Closed for applications Avenue Healthcare Medical Officer - Critical Care Thika • Kenya Closed for applications Kenyatta National Hospital Chief Medical Specialist Nairobi • Kenya Kenyatta National Hospital Medical Specialists (Paediatric Pulmonologist) Nairobi • Kenya Kenyatta National Hospital Medical Specialists (Paediatric Gastroenterologist) Nairobi • Kenya Kenyatta National Hospital Medical Specialists (Plastic Surgery) Nairobi • Kenya Kenyatta National Hospital Medical Specialists (Neurology) Nairobi • Kenya Get personalised job alerts directly to your inbox! Join Fuzu for Free Kenyatta National Hospital Medical Specialists (Cardiothoracic Surgery) Nairobi • Kenya Prev 1 2 3 Next Top cities with open vacancies Jobs in Nairobi , Jobs in Eldoret , Jobs in Thika , Jobs in Meru , Jobs in Kajiado , Jobs in Nyahururu , Jobs in Migori , Jobs in Machakos , Jobs in Chogoria , Jobs in Ol Kalou , Jobs in Wajir , Jobs in Nakuru , Jobs in Mombasa , Jobs in Lodwar , Jobs in Kisumu , Jobs in Kisii , Jobs in Kiambu , Jobs in Homa Bay , Jobs in Garissa , Jobs in Emali Companies hiring now Aga Khan Hospitals , Equity Afia , Kenyatta National Hospital , Mini Group , St. Luke's Orthopaedic & Trauma Hospital Country / Region Africa Nigeria Uganda Profession Accounting, finance, banking, insurance , Administrative, clerical , Agriculture, fishing, forestry, wildlife , Business, strategic management , Construction , Customer support, client care , Design, arts , Electrical engineering , Energy, power , Engineering, architecture , Entertainment , Food, nutrition , General management, leadership , Government, community development, public services , Human resources , Information technology, software development, data , Installation, maintenance, repair , Legal , Manufacturing, operations, quality , Mechanical engineering , Media, communications, languages , Medical, health , Project, program management , Research, academy , Restaurant, hospitality, travel , Sales, marketing, promotion , Security , Skilled, manual labor , Sports, beauty, wellbeing , Teaching, training , Telecommunications , Transportation, logistics, driving , Industry (Medical, health) Education, academic , Health care, medical , Manufacturing , Non-profit, social work , Seniority (Medical, health) Entry and Basic-level , Mid-level , Senior-level , Fuzu About Fuzu Careers at Fuzu Contact us For Employers © Fuzu Ltd Kenya / Nairobi / Medical, health International Rescue Committee Non-profit + 1 more Medical Superintendent Nairobi • Kenya Sign in and Apply Save Share Job details Location Nairobi • Kenya Contract Type About the job Company Description Qualifications and Experience MB ChB ,MD, BDS OR equivalent. Post Graduate diploma or Certificate in Management or a relevant Postgraduate Degree such as, MPH, MSc (Health policy and management), MA (hospital management) MSc (Health services planning and management), MBA Evidence of leadership and continuing professional development and training in Health management At least 3 years of working experience in a busy hospital Evidence of leadership and continuing professional development and training in Health management for 2 years Experience of driving and implementing organizational change, in particular using new and innovative practices and technologies to improve service delivery. Registered and certified by the Medical Practitioners and Dentists Board. Required Experience At least 3 years of working experience in a busy hospital Evidence of leadership and continuing professional development and training in Health management for 2 years Experience of driving and implementing organizational change, in particular using new and innovative practices and technologies to improve service delivery. Key Responsibilities Coordinate and monitor the provision of health services Ensure good governance in the hospital Oversee the planning and development of new specialized units and maintenance of facilities Use of Information, Communication and Technology to enhance service delivery Participate in development of Annual Work Plan and implementation Provide guidance in the development of departmental and individual staff work plans based on the hospital strategic plan Promote adherence to national health management quality assurance policy and guidelines Lead the team in procurement of various hospital medical and surgical items in liaison with the Pharmacist and the Hospital Matron Ensure proper functioning of special clinics in the hospital on weekly basis i.e. SOPC, GOPC, HRC, MOPC and POPC. Coordinate in liaison with the Health Manager consultancy visits for the health program in the camp Ensure effective human resource management and development in the hospital Performance management of direct reports Ensure effective supervision of FIF revenue collection in the hospital Ensure safety and security within the hospital. Carry out all elective surgical and gynecological cases twice a week in theatre. Attend to all medical legal issues, fill P3 forms and attend court sessions. Tags Medical, health Non-profit, social work Mid-level Kenya Start hiring with Fuzu Recruit better talent faster - on your own or with our support. Explore recruitment platform Job search tips from Fuzu Selected articles on cover letters, CV structure, and interview preparation. Get Interviews: 5 Steps to a Perfect Cover Letter Salary Negotiation Tips and What You Should Focus On Why Do Successful People Love to Do These 5 Things Before Job Interviews? Let’s Find Out Are You Prepared for These 8 Unique Interview Questions? 10 Questions you can Ask your Interviewer Sign in and Apply",Nairobi • Kenya,Kenya,On-site,0,,"Information Technology, Software Development, Data",,About the job,,,,,,,Software & IT,https://www.fuzu.com/kenya/job/medical-health,2026-08-24T19:32:59.291328+00:00
9e91773e85d351e3,Fuzu,9e91773e85d351e3,Mid-level Jobs in Kenya,"Description 1. Manage and assign tasks and objectives to team leaders (e.g., setting daily/weekly work plans and distributing lists of delinquent accounts). 2. Conduct daily morning briefings to review performance and evening debriefs to summarize challenges; monitor team call quality and SMS execution. 3. Oversee daily team performance assessment: track recovery rates, connection rates, PTP (Promise to Pay) fulfillment rates, and effective follow-up volume; implement the basis for performance commission calculations. 4. Manage team discipline; handle employee conflicts, attendance issues, and performance lapses; identify high and low performers; and provide timely feedback to management regarding personnel optimization. II. Collections Operations 1. Formulate tiered collection strategies based on delinquency buckets (S0: -1–0 DPD; S1: 1–7 DPD; S2: 8–15 DPD; S3: 16–30 DPD; S4+: 30+ DPD) to improve overall recovery rates and reduce PAR (Portfolio at Risk) assets. 2. Handle complex or escalated cases that frontline collectors cannot resolve (e.g., negotiating installment plans, debt settlement discounts, or payment deferrals). 3. Monitor the delinquency ledger daily, reconcile payment records, and ensure collectors promptly log communication records and customer promises (PTP) into the system. 4. Periodically analyze delinquent customer profiles and reasons for loss of contact; report market risks to management and optimize collection strategies. 5. Strictly enforce prohibitions against: harassing third-party contacts, publicly shaming debtors, making threats or using intimidation, verbally abusing customers, and non-compliant high-frequency calling. 6. Receive and investigate collection-related customer complaints; respond within 48 hours and mediate effectively to prevent escalations to the CBK (Central Bank) or ODPC (Data Protection Office). 7. Maintain familiarity with CRB (Credit Reference Bureau) reporting rules. III. Reporting and Cross-departmental Collaboration 1. Generate and submit daily, weekly, and monthly reports on time—covering team recovery data, recovery status by delinquency bucket, complaint statistics, volume of lost-contact accounts, and KPI achievement—to the Head of Collections. 2. Gather local market information and common customer feedback, and report findings to domestic management. IV. Other Responsibilities 1. Establish and optimize local Standard Operating Procedures (SOPs) and standard communication scripts for debt collection; 2. Complete other collection-related tasks assigned by superiors. Requirements: 1. At least 3–5 years of experience in credit or auto loan collection management in Kenya, including over 1 year of experience managing a collection team; 2. Fluent in English and Swahili; excellent negotiation skills; 3. Familiar with Kenyan CBK regulations regarding debt collection and the handling of collection-related complaints; 4. Ability to interpret delinquency reports; proficient in Excel and Word; 5. Familiarity with the field collection environment in Nairobi and surrounding areas is preferred; 6. High integrity, results-oriented mindset, and ability to ensure team compliance with operational standards.","FutureInno Digital Tech LTD Collection Team Leader Nairobi , Nairobi • Kenya Only on Fuzu Elephant Dental Utawala Dental Clinic Marketing & Patient Relations Nairobi • Kenya Only on Fuzu Fuzu Atlas LiDAR Labeling Operations Policy & Quality Expert Nairobi • Kenya Only on Fuzu Spin-Knit Limited Building/Property Manager Nakuru • Kenya Only on Fuzu GIZ KE Senior Grants Advisor (Sudan Context) Nairobi • Kenya Only on Fuzu GoodVision Kenya Driver Nairobi • Kenya Only on Fuzu GIZ KE Agriculture & Food Security Advisor (Sudan Context) Nairobi • Kenya Only on Fuzu GIZ KE Technical Advisor Distribution and Ecosystem (Africa-Europe Partnerships for Culture: Audio-visual) Nairobi • Kenya Only on Fuzu Master Power Systems Limited Sales & Marketing Lead (Completed Properties) Nairobi • Kenya Only on Fuzu Get personalised job alerts directly to your inbox! Join Fuzu for Free Steak and Pancake Limited Cake Baker Wanted – Join Our Team at Cafe Bistro Nairobi • Kenya Only on Fuzu Prev 1 2 3 Next Top cities with open vacancies Jobs in Nairobi , Jobs in Mombasa , Jobs in Thika , Jobs in Lamu , Jobs in Eldoret , Jobs in Kisumu , Jobs in Homa Bay , Jobs in Migori , Jobs in Machakos , Jobs in Kitengela , Jobs in Nakuru , Jobs in Meru , Jobs in Garissa , Jobs in Nanyuki , Jobs in Marsabit , Jobs in Embu , Jobs in Nyeri , Jobs in Kericho , Jobs in Kisii , Jobs in Kiambu Companies hiring now Mogo Kenya Limited , Mount Kenya University (MKU) , Oshwal Academy , United States International University - Africa , World Agroforestry Centre (ICRAF) Country / Region Africa Nigeria Uganda Profession (Mid-level) Accounting, finance, banking, insurance , Administrative, clerical , Agriculture, fishing, forestry, wildlife , Business, strategic management , Construction , Customer support, client care , Design, arts , Electrical engineering , Energy, power , Engineering, architecture , Entertainment , Food, nutrition , General management, leadership , Government, community development, public services , Human resources , Information technology, software development, data , Installation, maintenance, repair , Legal , Manufacturing, operations, quality , Mechanical engineering , Media, communications, languages , Medical, health , Project, program management , Research, academy , Restaurant, hospitality, travel , Sales, marketing, promotion , Security , Skilled, manual labor , Sports, beauty, wellbeing , Teaching, training , Telecommunications , Transportation, logistics, driving , Industry (Mid-level) Aeronautics , Agriculture, fishing, forestry , Automotive , Banking, microfinance, insurance , Computers, software development and services , Construction, renovation, maintenance , Consulting, business support, auditing , Data/Research , Education, academic , Energy, utilities, environment , Engineering, architecture , Finance & FinTech , Financial Services , Fitness, well-being and lifestyle , Governmental , Health care, medical , Housekeeping, maintenance , Human resources, talent development, recruiting , Manufacturing , Marketing, advertising , Non-profit, social work , Outsourcing, leasing , Real estate , Restaurant, hospitality, travel , Retail, wholesale, FMCG , Security , Telecommunications , Textile, fashion , Transportation, logistics, storage , Seniority Entry and Basic-level , Mid-level , Senior-level , Fuzu About Fuzu Careers at Fuzu Contact us For Employers © Fuzu Ltd Kenya / Nairobi / Accounting, finance, banking, insurance FutureInno Digital Tech LTD Financial Services Collection Team Leader Only on Fuzu Nairobi , Nairobi • Kenya Apply without account Save Share Job details Location Nairobi , Nairobi • Kenya Salary About the job Company Description 1. Manage and assign tasks and objectives to team leaders (e.g., setting daily/weekly work plans and distributing lists of delinquent accounts). 2. Conduct daily morning briefings to review performance and evening debriefs to summarize challenges; monitor team call quality and SMS execution. 3. Oversee daily team performance assessment: track recovery rates, connection rates, PTP (Promise to Pay) fulfillment rates, and effective follow-up volume; implement the basis for performance commission calculations. 4. Manage team discipline; handle employee conflicts, attendance issues, and performance lapses; identify high and low performers; and provide timely feedback to management regarding personnel optimization. II. Collections Operations 1. Formulate tiered collection strategies based on delinquency buckets (S0: -1–0 DPD; S1: 1–7 DPD; S2: 8–15 DPD; S3: 16–30 DPD; S4+: 30+ DPD) to improve overall recovery rates and reduce PAR (Portfolio at Risk) assets. 2. Handle complex or escalated cases that frontline collectors cannot resolve (e.g., negotiating installment plans, debt settlement discounts, or payment deferrals). 3. Monitor the delinquency ledger daily, reconcile payment records, and ensure collectors promptly log communication records and customer promises (PTP) into the system. 4. Periodically analyze delinquent customer profiles and reasons for loss of contact; report market risks to management and optimize collection strategies. 5. Strictly enforce prohibitions against: harassing third-party contacts, publicly shaming debtors, making threats or using intimidation, verbally abusing customers, and non-compliant high-frequency calling. 6. Receive and investigate collection-related customer complaints; respond within 48 hours and mediate effectively to prevent escalations to the CBK (Central Bank) or ODPC (Data Protection Office). 7. Maintain familiarity with CRB (Credit Reference Bureau) reporting rules. III. Reporting and Cross-departmental Collaboration 1. Generate and submit daily, weekly, and monthly reports on time—covering team recovery data, recovery status by delinquency bucket, complaint statistics, volume of lost-contact accounts, and KPI achievement—to the Head of Collections. 2. Gather local market information and common customer feedback, and report findings to domestic management. IV. Other Responsibilities 1. Establish and optimize local Standard Operating Procedures (SOPs) and standard communication scripts for debt collection; 2. Complete other collection-related tasks assigned by superiors. Requirements: 1. At least 3–5 years of experience in credit or auto loan collection management in Kenya, including over 1 year of experience managing a collection team; 2. Fluent in English and Swahili; excellent negotiation skills; 3. Familiar with Kenyan CBK regulations regarding debt collection and the handling of collection-related complaints; 4. Ability to interpret delinquency reports; proficient in Excel and Word; 5. Familiarity with the field collection environment in Nairobi and surrounding areas is preferred; 6. High integrity, results-oriented mindset, and ability to ensure team compliance with operational standards. Tags Accounting, finance, banking, insurance Financial Services Mid-level Kenya Start hiring with Fuzu Recruit better talent faster - on your own or with our support. Explore recruitment platform Job search tips from Fuzu Selected articles on cover letters, CV structure, and interview preparation. Get Interviews: 5 Steps to a Perfect Cover Letter Salary Negotiation Tips and What You Should Focus On Why Do Successful People Love to Do These 5 Things Before Job Interviews? Let’s Find Out Are You Prepared for These 8 Unique Interview Questions? 10 Questions you can Ask your Interviewer Apply without account","Nairobi , Nairobi • Kenya Salary About the job",Kenya,On-site,0,,"Information Technology, Software Development, Data",,,,,,,,,Software & IT,https://www.fuzu.com/kenya/job/middle,2026-08-24T19:33:03.426682+00:00
154aba1ff7e13d25,Fuzu,154aba1ff7e13d25,"Jobs and Vacancies in Mombasa, Kenya","Description Duties and responsibilities at this level will include: 1. Conducting water pollution control activities; 2. Preparing reports on water and waste water samples submitted to the laboratory; 3. Undertaking microbiological examination of water; 4. Storing laboratory specimens and equipment; 5. Monitoring water quality and safety; 6. Maintaining records and orders of supplies for chemicals, reagents, glassware, apparatusand consumable;","Coast Water works Development Agency LABORATORY TECHNOLOGIST I Mombasa • Kenya Only on Fuzu Coast Water works Development Agency DIRECTOR CORPORATE SERVICES Mombasa • Kenya Only on Fuzu Coast Water works Development Agency INSPECTOR I MECHANICAL-JOB GRADE 7 Mombasa • Kenya Only on Fuzu Coast Water works Development Agency PRINCIPAL ICT OFFICER Mombasa • Kenya Only on Fuzu Coast Water works Development Agency ENGINEER I (ELECTRICAL) Mombasa • Kenya Only on Fuzu Coast Water works Development Agency ENGINEER I (CIVIL) Mombasa • Kenya Only on Fuzu Coast Water works Development Agency SENIOR ENGINEER (MECHANICAL) Mombasa • Kenya Only on Fuzu Coast Water works Development Agency CORPORATE COMMUNICATION OFFICER 1 Mombasa • Kenya Only on Fuzu Coast Water works Development Agency ENGINEER I (MECHANICAL) Mombasa • Kenya Only on Fuzu Get personalised job alerts directly to your inbox! Join Fuzu for Free Coast Water works Development Agency ARTISAN III, ELECTRICAL (PUMP OPERATOR) -JOB GRADE 11 Mombasa • Kenya Only on Fuzu Prev 1 2 3 Next Top cities with open vacancies Jobs in Mombasa , Jobs in Kwale , Jobs in Ukunda , Jobs in Mtwapa , Jobs in Busia , Jobs in Eldoret , Jobs in Isebania , Jobs in Kikuyu , Jobs in Kisumu , Jobs in Malaba , Jobs in Mariakani , Jobs in Nakuru , Jobs in Ruiru Companies hiring now Beachfront VIPingo , Coast Water works Development Agency , Kenya Broadcasting Corporation- KBC , Maryjoy School , MM - MV Shah Academy Country / Region Africa Nigeria Uganda Profession Accounting, finance, banking, insurance , Administrative, clerical , Business, strategic management , Customer support, client care , Design, arts , Electrical engineering , Engineering, architecture , Food, nutrition , Government, community development, public services , Human resources , Information technology, software development, data , Legal , Manufacturing, operations, quality , Media, communications, languages , Medical, health , Research, academy , Restaurant, hospitality, travel , Sales, marketing, promotion , Security , Skilled, manual labor , Sports, beauty, wellbeing , Teaching, training , Transportation, logistics, driving , Industry Agriculture, fishing, forestry , Automotive , Banking, microfinance, insurance , Communications, media, radio, tv , Computers, software development and services , Construction, renovation, maintenance , Consulting, business support, auditing , Education, academic , Energy, utilities, environment , Governmental , Health care, medical , Human resources, talent development, recruiting , Manufacturing , Marketing, advertising , Non-profit, social work , Outsourcing, leasing , Restaurant, hospitality, travel , Telecommunications , Transportation, logistics, storage , Seniority Entry and Basic-level , Mid-level , Senior-level , Fuzu About Fuzu Careers at Fuzu Contact us For Employers © Fuzu Ltd Kenya / Mombasa / Government, community development, public services Coast Water works Development Agency Governmental LABORATORY TECHNOLOGIST I Only on Fuzu Mombasa • Kenya Sign in and Apply Save Share Job details Location Mombasa • Kenya Contract Type About the job Company Description Duties and responsibilities at this level will include: 1. Conducting water pollution control activities; 2. Preparing reports on water and waste water samples submitted to the laboratory; 3. Undertaking microbiological examination of water; 4. Storing laboratory specimens and equipment; 5. Monitoring water quality and safety; 6. Maintaining records and orders of supplies for chemicals, reagents, glassware, apparatusand consumable; Tags Government, community development, public services Governmental Mid-level Kenya Start hiring with Fuzu Recruit better talent faster - on your own or with our support. Explore recruitment platform Job search tips from Fuzu Selected articles on cover letters, CV structure, and interview preparation. Get Interviews: 5 Steps to a Perfect Cover Letter Salary Negotiation Tips and What You Should Focus On Why Do Successful People Love to Do These 5 Things Before Job Interviews? Let’s Find Out Are You Prepared for These 8 Unique Interview Questions? 10 Questions you can Ask your Interviewer Sign in and Apply",Mombasa • Kenya,Kenya,On-site,0,,"Information Technology, Software Development, Data",,About the job,,,,,,,Software & IT,https://www.fuzu.com/kenya/job/mombasa,2026-08-24T19:33:06.885600+00:00
6e1c99daa7bbe04a,Fuzu,6e1c99daa7bbe04a,"Jobs and Vacancies in Nairobi, Kenya","Description Are you inquisitive, creative, eager to learn and committed to excellence? This is just for you! The opportunity to join one of the largest telecom companies in the world. We are currently seeking qualified candidates based in Nairobi and Mombasa. Please indicate your current region of residence in your application. Key Requirements: - Recent graduate with a bachelor’s degree in marketing/sales/business management or related field and 1-2 years of experience in sales/trade promotions, brand visibility, customer service. The Retail Experience Intern supports the day-to-day operations of the Airtel retail shop by assisting the customer service team in delivering excellent customer experience. The role provides hands-on learning in sales, customer care, product knowledge, and operational processes within a leading telecommunications environment. Key Responsibilities: Welcome and assist customers visiting the shop in a professional and friendly manner. Respond to basic customer queries related to Airtel products and services (e.g. SIM registration, airtime, bundles, device troubleshooting). Support the resolution of customer complaints by escalating issues to Customer Service Executives or the Shop Manager. Ensure customers have a positive experience that reflects Airtel’s brand values. Support the shop team in promoting Airtel products, services, and offers. Guide customers through Airtel Money registration, PIN reset, and transaction processes. Educate customers on the use of Airtel Money and digital self-service platforms. Help maintain shop displays, branding, and cleanliness to ensure a professional environment. Perform any other duties that might be assigned by the shop manager from time to time.","Search for jobs Nairobi Kenya Kitengela Kenya Kiambu Kenya Athi River Kenya Ruiru Kenya Kikuyu Kenya Eldoret Kenya Kisumu Kenya Mombasa Kenya Nakuru Kenya Show jobs Clear filters Published < Published Last 1 week Last 30 days Latest 24 hours Profession < Accounting, finance, banking, insurance Administrative, clerical Agriculture, fishing, forestry, wildlife Business, strategic management Construction Customer support, client care Design, arts Electrical engineering Energy, power Engineering, architecture Entertainment Food, nutrition General management, leadership Government, community development, public services Human resources Information technology, software development, data Installation, maintenance, repair Legal Manufacturing, operations, quality Mechanical engineering Media, communications, languages Medical, health Project, program management Research, academy Restaurant, hospitality, travel Sales, marketing, promotion Security Skilled, manual labor Teaching, training Telecommunications Transportation, logistics, driving Industry < Aeronautics Agriculture, fishing, forestry Automotive Banking, microfinance, insurance Communications, media, radio, tv Computers, software development and services Construction, renovation, maintenance Consulting, business support, auditing Data/Research Education, academic Energy, utilities, environment Engineering, architecture Finance & FinTech Financial Services Fitness, well-being and lifestyle Governmental Health care, medical Housekeeping, maintenance Human resources, talent development, recruiting Legal, accounting Manufacturing Marketing, advertising Non-profit, social work Outsourcing, leasing Real estate Restaurant, hospitality, travel Retail, wholesale, FMCG Security Telecommunications Textile, fashion Transportation, logistics, storage Seniority < Seniority Entry and Basic-level Mid-level Senior-level Show jobs Clear filters",Nairobi • Kenya,Kenya,On-site,0,,"Information Technology, Software Development, Data",,About the job,,,,,,,Software & IT,https://www.fuzu.com/kenya/job/nairobi,2026-08-24T19:33:10.581457+00:00
8268b292ce664a74,Fuzu,8268b292ce664a74,"Non-profit, social work Jobs in Kenya","Description Key Responsibilities 1. Project Financial Management Manage the financial aspects of assigned projects throughout the project lifecycle, from proposal development to project close-out Ensure project expenditure is correctly budgeted, coded, authorized, recorded and supported by appropriate documentation. Monitor project expenditure against approved budgets and identify significant variances, risks, and funding gaps. Provide financial advice to Project Managers and program teams on project implementation and expenditure. Ensure project funds are used efficiently and in accordance with donor and organizational requirements. Monitor staff, partner and project advances and ensure timely liquidation and reconciliation. 2. Budgeting and Forecasting Lead the development of project budgets in collaboration with Program/Project Managers. Review project budgets to ensure they are realistic, complete, and aligned with program activities and donor requirements. Prepare monthly/quarterly project forecasts and cash-flow projections. Conduct budget-versus-actual analysis and provide explanations and recommendations for significant variances. Support budget revisions, reallocations, and other financial changes required during project implementation. Support annual organizational and departmental budgeting. 3. Donor Financial Management and Compliance Ensure compliance with donor financial rules, grant agreements and approved project budgets. Prepare and/or review donor financial reports and ensure timely submission. Maintain a clear record of donor financial requirements, reporting deadlines, and budget restrictions. Review donor contracts and agreements from a financial perspective and advise management of financial risks and obligations. Respond to donor financial queries and support donor audits. Ensure project expenditure is eligible, allowable, reasonable, and adequately documented. 4. Financial Reporting and Analysis Prepare monthly, quarterly, and annual project financial reports. Prepare budget-versus-actual reports and variance analysis for management and Project Managers. Provide financial information for management, donor, Board and audit reporting. Analyze project expenditure, burn rates, forecasts, and financial performance. Develop and maintain financial dashboards and management reports where required. Provide timely financial information to support program decision-making. 5. Financial Controls and Risk Management Ensure effective financial controls are implemented across projects and organizational operations. Monitor compliance with financial policies, procedures, and delegated authorities. Identify financial, fraud and compliance risks and recommend appropriate mitigation measures. Ensure proper segregation of duties and adequate supporting documentation. Follow up financial control weaknesses and audit recommendations. Promote accountability, transparency, and value for money across all projects. 6. Partner Financial Management Where projects are implemented through partners: Participate in financial due diligence and capacity assessments of implementing partners. Review partner budgets and financial reports. Monitor partner expenditure and advances. Conduct financial monitoring and spot checks as required. Identify financial control weaknesses and follow up on corrective actions. Provide financial management training and support to partners where required. 7. Accounting and Treasury Oversight Oversee accounts payable, accounts receivable, and general ledger processes. Review KES and foreign currency bank reconciliations, MPESA reconciliations, and other account reconciliations. Monitor cash requirements and prepare cash-flow forecasts. Oversee accruals, prepayments, journal entries, and month-end/year-end closing. Ensure proper management of fixed assets, inventory, and the fixed asset register. Ensure accurate and complete financial records and audit trails are maintained. 8. Statutory Compliance Ensure timely preparation, reconciliation and submission of applicable statutory returns and payments, including PAYE, NSSF, SHIF, VAT, withholding tax and instalment tax. Liaise with relevant statutory authorities to resolve financial and tax matters. Monitor changes in relevant financial and tax requirements and advise management accordingly. 9. Audit and Project Close-Out Coordinate project and organizational financial audits. Prepare audit schedules and support documentation. Respond to audit queries and follow up on implementation of audit recommendations. Lead the financial aspects of project close-out, including reconciliation of expenditure, advances, assets, commitments and final donor financial reports. Ensure project financial records are complete and properly archived. 10. Capacity Building and Financial Business Partnering Build the financial management capacity of Project Managers and program staff. Train non-finance staff on budgeting, financial procedures, donor compliance, and budget monitoring. Support program teams to understand and use financial information for decision-making. Promote a culture of financial accountability across the organization. Identify opportunities to improve financial systems, processes, reporting, and automation. Key Qualifications and Experience Bachelor's degree in accounting, Finance, Commerce, Business Administration or related field. Professional qualifications such as CPA(K), ACCA, or equivalent . At least 5 years' relevant professional experience , preferably in an NGO, international development or donor-funded organization. Demonstrated experience in budgeting, forecasting, financial reporting, and budget monitoring. Experience with donor-funded projects and donor compliance. Strong knowledge of Kenyan statutory and tax requirements. Experience in financial audits, internal controls, and risk management. Strong Excel, financial analysis skills, and experience using accounting/ERP systems.","GoodVision Kenya Finance Manager Nairobi • Kenya Only on Fuzu GIZ KE Intern - Digitalization Nairobi • Kenya Only on Fuzu GIZ KE Senior Grants Advisor (Sudan Context) Nairobi • Kenya Only on Fuzu GoodVision Kenya Driver Nairobi • Kenya Only on Fuzu GIZ KE Agriculture & Food Security Advisor (Sudan Context) Nairobi • Kenya Only on Fuzu GIZ KE Technical Advisor Distribution and Ecosystem (Africa-Europe Partnerships for Culture: Audio-visual) Nairobi • Kenya Only on Fuzu ICIPE Field Station Attendant Kwale • Kenya Only on Fuzu GiveDirectly, Inc Chief Technology Officer Nairobi • Kenya FSD Africa Manager, Enterprise Development Nairobi • Kenya Get personalised job alerts directly to your inbox! Join Fuzu for Free FSD Africa Manager, ESG Nairobi • Kenya Prev 1 2 3 Next Top cities with open vacancies Jobs in Nairobi , Jobs in Marsabit , Jobs in Kakuma , Jobs in Lodwar , Jobs in Kisumu , Jobs in Isiolo , Jobs in Garissa , Jobs in Samburu , Jobs in Wajir , Jobs in Taveta , Jobs in Rumuruti , Jobs in Mombasa , Jobs in Migori , Jobs in Maralal , Jobs in Mandera , Jobs in Makueni Boma , Jobs in Kwale , Jobs in Kitui , Jobs in Kitale , Jobs in Kapenguria Companies hiring now Boma Project , GIZ KE , International Rescue Committee , UNEP , World Vision Country / Region Africa Nigeria Uganda Profession (Non-profit, social work) Accounting, finance, banking, insurance , Administrative, clerical , Agriculture, fishing, forestry, wildlife , Business, strategic management , Construction , Customer support, client care , Design, arts , Engineering, architecture , Entertainment , Food, nutrition , General management, leadership , Government, community development, public services , Human resources , Information technology, software development, data , Installation, maintenance, repair , Legal , Media, communications, languages , Medical, health , Project, program management , Research, academy , Restaurant, hospitality, travel , Sales, marketing, promotion , Security , Skilled, manual labor , Teaching, training , Transportation, logistics, driving , Industry Aeronautics , Agriculture, fishing, forestry , Automotive , Banking, microfinance, insurance , Communications, media, radio, tv , Computers, software development and services , Construction, renovation, maintenance , Consulting, business support, auditing , Data/Research , Education, academic , Energy, utilities, environment , Engineering, architecture , Finance & FinTech , Financial Services , Fitness, well-being and lifestyle , Governmental , Health care, medical , Housekeeping, maintenance , Human resources, talent development, recruiting , Legal, accounting , Manufacturing , Marketing, advertising , Non-profit, social work , Outsourcing, leasing , Real estate , Restaurant, hospitality, travel , Retail, wholesale, FMCG , Security , Telecommunications , Textile, fashion , Transportation, logistics, storage , Seniority (Non-profit, social work) Entry and Basic-level , Mid-level , Senior-level , Fuzu About Fuzu Careers at Fuzu Contact us For Employers © Fuzu Ltd Kenya / Nairobi / Accounting, finance, banking, insurance GoodVision Kenya Non-profit + 1 more Finance Manager Only on Fuzu Nairobi • Kenya Sign in and Apply Save Share Job details Location Nairobi • Kenya Contract Type About the job Company Description Key Responsibilities 1. Project Financial Management Manage the financial aspects of assigned projects throughout the project lifecycle, from proposal development to project close-out Ensure project expenditure is correctly budgeted, coded, authorized, recorded and supported by appropriate documentation. Monitor project expenditure against approved budgets and identify significant variances, risks, and funding gaps. Provide financial advice to Project Managers and program teams on project implementation and expenditure. Ensure project funds are used efficiently and in accordance with donor and organizational requirements. Monitor staff, partner and project advances and ensure timely liquidation and reconciliation. 2. Budgeting and Forecasting Lead the development of project budgets in collaboration with Program/Project Managers. Review project budgets to ensure they are realistic, complete, and aligned with program activities and donor requirements. Prepare monthly/quarterly project forecasts and cash-flow projections. Conduct budget-versus-actual analysis and provide explanations and recommendations for significant variances. Support budget revisions, reallocations, and other financial changes required during project implementation. Support annual organizational and departmental budgeting. 3. Donor Financial Management and Compliance Ensure compliance with donor financial rules, grant agreements and approved project budgets. Prepare and/or review donor financial reports and ensure timely submission. Maintain a clear record of donor financial requirements, reporting deadlines, and budget restrictions. Review donor contracts and agreements from a financial perspective and advise management of financial risks and obligations. Respond to donor financial queries and support donor audits. Ensure project expenditure is eligible, allowable, reasonable, and adequately documented. 4. Financial Reporting and Analysis Prepare monthly, quarterly, and annual project financial reports. Prepare budget-versus-actual reports and variance analysis for management and Project Managers. Provide financial information for management, donor, Board and audit reporting. Analyze project expenditure, burn rates, forecasts, and financial performance. Develop and maintain financial dashboards and management reports where required. Provide timely financial information to support program decision-making. 5. Financial Controls and Risk Management Ensure effective financial controls are implemented across projects and organizational operations. Monitor compliance with financial policies, procedures, and delegated authorities. Identify financial, fraud and compliance risks and recommend appropriate mitigation measures. Ensure proper segregation of duties and adequate supporting documentation. Follow up financial control weaknesses and audit recommendations. Promote accountability, transparency, and value for money across all projects. 6. Partner Financial Management Where projects are implemented through partners: Participate in financial due diligence and capacity assessments of implementing partners. Review partner budgets and financial reports. Monitor partner expenditure and advances. Conduct financial monitoring and spot checks as required. Identify financial control weaknesses and follow up on corrective actions. Provide financial management training and support to partners where required. 7. Accounting and Treasury Oversight Oversee accounts payable, accounts receivable, and general ledger processes. Review KES and foreign currency bank reconciliations, MPESA reconciliations, and other account reconciliations. Monitor cash requirements and prepare cash-flow forecasts. Oversee accruals, prepayments, journal entries, and month-end/year-end closing. Ensure proper management of fixed assets, inventory, and the fixed asset register. Ensure accurate and complete financial records and audit trails are maintained. 8. Statutory Compliance Ensure timely preparation, reconciliation and submission of applicable statutory returns and payments, including PAYE, NSSF, SHIF, VAT, withholding tax and instalment tax. Liaise with relevant statutory authorities to resolve financial and tax matters. Monitor changes in relevant financial and tax requirements and advise management accordingly. 9. Audit and Project Close-Out Coordinate project and organizational financial audits. Prepare audit schedules and support documentation. Respond to audit queries and follow up on implementation of audit recommendations. Lead the financial aspects of project close-out, including reconciliation of expenditure, advances, assets, commitments and final donor financial reports. Ensure project financial records are complete and properly archived. 10. Capacity Building and Financial Business Partnering Build the financial management capacity of Project Managers and program staff. Train non-finance staff on budgeting, financial procedures, donor compliance, and budget monitoring. Support program teams to understand and use financial information for decision-making. Promote a culture of financial accountability across the organization. Identify opportunities to improve financial systems, processes, reporting, and automation. Key Qualifications and Experience Bachelor's degree in accounting, Finance, Commerce, Business Administration or related field. Professional qualifications such as CPA(K), ACCA, or equivalent . At least 5 years' relevant professional experience , preferably in an NGO, international development or donor-funded organization. Demonstrated experience in budgeting, forecasting, financial reporting, and budget monitoring. Experience with donor-funded projects and donor compliance. Strong knowledge of Kenyan statutory and tax requirements. Experience in financial audits, internal controls, and risk management. Strong Excel, financial analysis skills, and experience using accounting/ERP systems. Tags Accounting, finance, banking, insurance Non-profit, social work Senior-level Kenya Start hiring with Fuzu Recruit better talent faster - on your own or with our support. Explore recruitment platform Job search tips from Fuzu Selected articles on cover letters, CV structure, and interview preparation. Get Interviews: 5 Steps to a Perfect Cover Letter Salary Negotiation Tips and What You Should Focus On Why Do Successful People Love to Do These 5 Things Before Job Interviews? Let’s Find Out Are You Prepared for These 8 Unique Interview Questions? 10 Questions you can Ask your Interviewer Sign in and Apply",Nairobi • Kenya,Kenya,On-site,0,,"Information Technology, Software Development, Data",,About the job,,,,,,,Software & IT,https://www.fuzu.com/kenya/job/non-profit-social,2026-08-24T19:33:14.805594+00:00
26df9d53246bfdd6,Fuzu,26df9d53246bfdd6,"Jobs and Vacancies in Nyeri, Kenya","Description Key Responsibilities Ensure all incoming funds are correctly recorded and protected on the day they're received Review and approve payment requests against approved budgets, ensuring invoices and supporting documentation are complete before processing Oversee the Income & Receipts, Disbursements & Payments, and Records, Assests & Financial Reports functions to keep transactions accurate and traceable Maintain complete, audit-ready financial records with zero missing invoices or unreconciled transactions Compile and submit monthly financial reports to the Country Director and Holding Finance on time Flag and resolve missing documentation or financial discrepancies before month-end close Escalate any payment requests above approved thresholds, or any signs of financial irregularity, promptly and appropriately Respond to financial queries from division heads, auditors, and Holding Finance as they arise Requirements We're looking for someone precise, dependable, and comfortable owning financial accuracy from end to end — not just processing transactions, but genuinely understanding why every receipt and reconciliation matters to the bigger picture. You bring: A degree or professional qualification in Finance, Accounting, or a related field Solid experience in financial management, budgeting, or accounting — ideally within an operational, field-based, or nonprofit/social-impact organization in Kenya or the wider East Africa region A strong eye for detail and comfort working with budgets, reconciliations, and financial reporting The judgment to know when to approve a payment, when to hold it, and when to escalate — and the confidence to do so Clear communication skills, able to explain financial status and requirements to non-finance colleagues (division heads, field teams) as easily as to Holding Finance Integrity and discretion, given the sensitivity of financial data and the audit trail required for carbon credit certification Familiarity with Kenyan financial regulations, tax requirements, and banking practices Comfort working within a structured reporting line, while still exercising sound independent judgment day to day Bonus: experience with financial reporting requirements tied to certification, compliance, or audit processes (e.g., carbon credit programs, grant compliance, or similar)","Green Earth Accountant- Nyeri Nyeri • Kenya Green Earth Venture Finance Officer- Nyeri Nyeri • Kenya Green Earth Finance Officer-Nyeri Nyeri • Kenya Green Earth Finance & Compliance Officer- Nyeri Nyeri • Kenya The Jitu.com Digital Marketing Specialist Nyeri • Kenya Kenya Broadcasting Corporation- KBC Industrial Attachment - Internal Audit ( Nyeri) Nyeri • Kenya Closed for applications Kenya Broadcasting Corporation- KBC Industrial Attachment - Technical Engineering ( Transmission & Production) ( Nyeri) Nyeri • Kenya Closed for applications Kenya Broadcasting Corporation- KBC Industrial Attachment - Human Resource & Management Development ( Nyeri) Nyeri • Kenya Closed for applications Kenya Broadcasting Corporation- KBC Industrial Attachment - Technical Engineering ( Camera Work & Video Editing) ( Nyeri) Nyeri • Kenya Closed for applications Get personalised job alerts directly to your inbox! Join Fuzu for Free Kenya Broadcasting Corporation- KBC Industrial Attachment - Corporate Communications ( Public Relations) ( Nyeri) Nyeri • Kenya Closed for applications Prev 1 2 3 Next Top cities with open vacancies Jobs in Nyeri Companies hiring now Green Earth , Highlands Drinks Limited , Kenya Broadcasting Corporation- KBC , The Jitu.com , Trailmycar Solutions Limited Country / Region Africa Nigeria Uganda Profession Accounting, finance, banking, insurance , Business, strategic management , Engineering, architecture , Human resources , Information technology, software development, data , Legal , Media, communications, languages , Sales, marketing, promotion , Transportation, logistics, driving , Industry Agriculture, fishing, forestry , Automotive , Communications, media, radio, tv , Computers, software development and services , Manufacturing , Seniority Entry and Basic-level , Mid-level , Fuzu About Fuzu Careers at Fuzu Contact us For Employers © Fuzu Ltd Kenya / Nyeri / Accounting, finance, banking, insurance Green Earth Agriculture + 2 more Accountant- Nyeri Nyeri • Kenya Sign in and Apply Save Share Job details Location Nyeri • Kenya Contract Type About the job Company Description Key Responsibilities Ensure all incoming funds are correctly recorded and protected on the day they're received Review and approve payment requests against approved budgets, ensuring invoices and supporting documentation are complete before processing Oversee the Income & Receipts, Disbursements & Payments, and Records, Assests & Financial Reports functions to keep transactions accurate and traceable Maintain complete, audit-ready financial records with zero missing invoices or unreconciled transactions Compile and submit monthly financial reports to the Country Director and Holding Finance on time Flag and resolve missing documentation or financial discrepancies before month-end close Escalate any payment requests above approved thresholds, or any signs of financial irregularity, promptly and appropriately Respond to financial queries from division heads, auditors, and Holding Finance as they arise Requirements We're looking for someone precise, dependable, and comfortable owning financial accuracy from end to end — not just processing transactions, but genuinely understanding why every receipt and reconciliation matters to the bigger picture. You bring: A degree or professional qualification in Finance, Accounting, or a related field Solid experience in financial management, budgeting, or accounting — ideally within an operational, field-based, or nonprofit/social-impact organization in Kenya or the wider East Africa region A strong eye for detail and comfort working with budgets, reconciliations, and financial reporting The judgment to know when to approve a payment, when to hold it, and when to escalate — and the confidence to do so Clear communication skills, able to explain financial status and requirements to non-finance colleagues (division heads, field teams) as easily as to Holding Finance Integrity and discretion, given the sensitivity of financial data and the audit trail required for carbon credit certification Familiarity with Kenyan financial regulations, tax requirements, and banking practices Comfort working within a structured reporting line, while still exercising sound independent judgment day to day Bonus: experience with financial reporting requirements tied to certification, compliance, or audit processes (e.g., carbon credit programs, grant compliance, or similar) Tags Accounting, finance, banking, insurance Agriculture, fishing, forestry Entry and Basic-level Kenya Start hiring with Fuzu Recruit better talent faster - on your own or with our support. Explore recruitment platform Job search tips from Fuzu Selected articles on cover letters, CV structure, and interview preparation. Get Interviews: 5 Steps to a Perfect Cover Letter Salary Negotiation Tips and What You Should Focus On Why Do Successful People Love to Do These 5 Things Before Job Interviews? Let’s Find Out Are You Prepared for These 8 Unique Interview Questions? 10 Questions you can Ask your Interviewer Sign in and Apply",Nyeri • Kenya,Kenya,On-site,0,,"Information Technology, Software Development, Data",,About the job,,,,,,,Software & IT,https://www.fuzu.com/kenya/job/nyeri,2026-08-24T19:33:18.455955+00:00
9c57b36f437e5d73,Fuzu,9c57b36f437e5d73,"Project, program management Jobs in Kenya","Description The German Ministry for Economic Cooperation and Development (BMZ) has commissioned the Gesellschaft fϋr Internationale Zusammenarbeit (GIZ) with implementing the “Strengthening Good Governance in Sudan” Programme. This intervention aims to strengthen Sudanese civil society actors in their efforts to contribute to peaceful and inclusive development in Sudan. The programme comprises four areas of intervention, namely: 1) strengthening the capacities of Sudanese civil society actors to continue their work outside and inside of Sudan, 2) supporting civil society actors to implement peace and social cohesion measures 3) to connect Sudanese civil society and to elevate their voices in shaping peaceful development as well as 4) to support adaptive and context-sensitive implementation. GIZ Kenya is recruiting a Senior Grants Advisor to successfully realise the implementation of the programme, with a focus on intervention area 2. A. Key Responsibilities The Senior Grants Advisor will be responsible for: Develop and manage strategic partnerships to enhance coordination and synergies Liaise with Sudanese CSO and other relevant stakeholders in Kenya and the region Provide contextual updates on relevant civic, governance and peacebuilding processes, including emerging developments that may create opportunities or risks for the programme. Identify emerging actors, ideas, and processes that may warrant further engagement or consideration by the programme. Advise Sudanese civil society organisations regarding the design and implementation of projects in the framework of the Qudra Fund and additional project funding streams Provide regular backstopping and technical support to project partners financed through the Qudra Fund and other funding streams Support the preparation and implementation of potential additional Call for Proposals for Sudanese CSOs Support the documentation of programme and partner organisation implementation, contributing to internal and external learning and peer-to-peer-exchange Other Duties/Additional Tasks Perform other duties and tasks at the request of management. A. Required qualifications, competences, and experience. Qualifications. Educational Background – Advanced university degree (master’s or equivalent) in a relevant field. Business-fluent (minimum C1 on the CEFR scale) in English and Arabic. Proven experience with project management tools and software Proficiency in Microsoft 365 applications, especially real-time collaboration and messaging. Experience with Call for Proposals and digital grant management platforms is an asset. Experience in working in multicultural and decentral teams. Ability to work effectively under pressure and manage multiple priorities. High degree of professionalism, discretion and understanding of data protection and ethical data use principles, especially in fragile and conflict-affected contexts. B. Professional experience. 8 years of professional experience in project management and grants management, and advising of civil society organisations 8 years of professional experience in donor or donor-funded development programmes 8 years of relevant work experience in Sudan. Proven knowledge of Sudan and its civil society 5 years of professional experience in GIZ programmes Other knowledge, additional competences Proficiency in English, excellent command of Arabic Good understanding of the Sudanese context and operating environment MUST be legally eligible to work in Kenya Hold a valid work permit Assignment Details Duty Station: Nairobi Duration: Until 30.04.2028 Vacancy Reference Number: GIZ/CO/06/08/2026 Equal Employment Opportunity GIZ Kenya is committed to fostering a diverse, inclusive, and respectful workplace. We provide equal employment opportunities to all and do not tolerate discrimination based on race, colour, ancestry, religion, age, gender, sexual orientation, ethnic origin, disability, marital status, or any other protected status. Ethics GIZ is committed to safeguarding the safety, dignity, and well-being of staff, partners, community members, and programme participants. Sexual exploitation, abuse, harassment, child abuse, and all forms of misconduct are strictly prohibited. Staff are expected to uphold high ethical standards, comply with local laws, and complete mandatory ethics training upon engagement. Data Confidentiality Candidate applications will be retained for six (6) months in accordance with GIZ's data protection policy and deleted thereafter. Only shortlisted candidates will be contacted.","GIZ KE Senior Grants Advisor (Sudan Context) Nairobi • Kenya Only on Fuzu Teleperformance Project Coordinator | Teleperformance Nairobi • Kenya Only on Fuzu International Federation of Red Cross And Red Crescent Societies Manager, Disasters, Climate and Crises Nairobi • Kenya Danish Refugee Council MEAL Officer – Multi-Country Programmes Nairobi • Kenya International Rescue Committee WASH Officer – Sanitation and Hygiene Nairobi • Kenya UNOPS Head of Programme Nairobi • Kenya Kituo Cha Sheria Assistant Programme Officer (Migration Justice and Governance) Nairobi • Kenya Boma Project Field Officer (FO)- Maikona Marsabit • Kenya Closed for applications Kituo Cha Sheria Programme Officer (Legal Empowerment and AID Programme Nairobi • Kenya Get personalised job alerts directly to your inbox! Join Fuzu for Free Boma Project Field Officer (FO)- South Horr Marsabit • Kenya Closed for applications Prev 1 2 3 Next Top cities with open vacancies Jobs in Nairobi , Jobs in Marsabit , Jobs in Nanyuki , Jobs in Maralal , Jobs in Kisii , Jobs in Kiambu , Jobs in Isiolo , Jobs in Embu Companies hiring now International Rescue Committee , Mercy Corps , Transparency International Kenya , UNEP , World Vision Country / Region Africa Nigeria Uganda Profession Accounting, finance, banking, insurance , Administrative, clerical , Agriculture, fishing, forestry, wildlife , Business, strategic management , Construction , Customer support, client care , Design, arts , Electrical engineering , Energy, power , Engineering, architecture , Entertainment , Food, nutrition , General management, leadership , Government, community development, public services , Human resources , Information technology, software development, data , Installation, maintenance, repair , Legal , Manufacturing, operations, quality , Mechanical engineering , Media, communications, languages , Medical, health , Project, program management , Research, academy , Restaurant, hospitality, travel , Sales, marketing, promotion , Security , Skilled, manual labor , Sports, beauty, wellbeing , Teaching, training , Telecommunications , Transportation, logistics, driving , Industry (Project, program management) Agriculture, fishing, forestry , Automotive , Banking, microfinance, insurance , Computers, software development and services , Construction, renovation, maintenance , Consulting, business support, auditing , Data/Research , Education, academic , Energy, utilities, environment , Financial Services , Health care, medical , Manufacturing , Non-profit, social work , Outsourcing, leasing , Real estate , Seniority (Project, program management) Entry and Basic-level , Mid-level , Senior-level , Fuzu About Fuzu Careers at Fuzu Contact us For Employers © Fuzu Ltd Kenya / Nairobi / Project, program management GIZ KE Non-profit + 1 more Senior Grants Advisor (Sudan Context) Only on Fuzu Nairobi • Kenya Sign in and Apply Save Share Job details Location Nairobi • Kenya Contract Type About the job Company Description The German Ministry for Economic Cooperation and Development (BMZ) has commissioned the Gesellschaft fϋr Internationale Zusammenarbeit (GIZ) with implementing the “Strengthening Good Governance in Sudan” Programme. This intervention aims to strengthen Sudanese civil society actors in their efforts to contribute to peaceful and inclusive development in Sudan. The programme comprises four areas of intervention, namely: 1) strengthening the capacities of Sudanese civil society actors to continue their work outside and inside of Sudan, 2) supporting civil society actors to implement peace and social cohesion measures 3) to connect Sudanese civil society and to elevate their voices in shaping peaceful development as well as 4) to support adaptive and context-sensitive implementation. GIZ Kenya is recruiting a Senior Grants Advisor to successfully realise the implementation of the programme, with a focus on intervention area 2. A. Key Responsibilities The Senior Grants Advisor will be responsible for: Develop and manage strategic partnerships to enhance coordination and synergies Liaise with Sudanese CSO and other relevant stakeholders in Kenya and the region Provide contextual updates on relevant civic, governance and peacebuilding processes, including emerging developments that may create opportunities or risks for the programme. Identify emerging actors, ideas, and processes that may warrant further engagement or consideration by the programme. Advise Sudanese civil society organisations regarding the design and implementation of projects in the framework of the Qudra Fund and additional project funding streams Provide regular backstopping and technical support to project partners financed through the Qudra Fund and other funding streams Support the preparation and implementation of potential additional Call for Proposals for Sudanese CSOs Support the documentation of programme and partner organisation implementation, contributing to internal and external learning and peer-to-peer-exchange Other Duties/Additional Tasks Perform other duties and tasks at the request of management. A. Required qualifications, competences, and experience. Qualifications. Educational Background – Advanced university degree (master’s or equivalent) in a relevant field. Business-fluent (minimum C1 on the CEFR scale) in English and Arabic. Proven experience with project management tools and software Proficiency in Microsoft 365 applications, especially real-time collaboration and messaging. Experience with Call for Proposals and digital grant management platforms is an asset. Experience in working in multicultural and decentral teams. Ability to work effectively under pressure and manage multiple priorities. High degree of professionalism, discretion and understanding of data protection and ethical data use principles, especially in fragile and conflict-affected contexts. B. Professional experience. 8 years of professional experience in project management and grants management, and advising of civil society organisations 8 years of professional experience in donor or donor-funded development programmes 8 years of relevant work experience in Sudan. Proven knowledge of Sudan and its civil society 5 years of professional experience in GIZ programmes Other knowledge, additional competences Proficiency in English, excellent command of Arabic Good understanding of the Sudanese context and operating environment MUST be legally eligible to work in Kenya Hold a valid work permit Assignment Details Duty Station: Nairobi Duration: Until 30.04.2028 Vacancy Reference Number: GIZ/CO/06/08/2026 Equal Employment Opportunity GIZ Kenya is committed to fostering a diverse, inclusive, and respectful workplace. We provide equal employment opportunities to all and do not tolerate discrimination based on race, colour, ancestry, religion, age, gender, sexual orientation, ethnic origin, disability, marital status, or any other protected status. Ethics GIZ is committed to safeguarding the safety, dignity, and well-being of staff, partners, community members, and programme participants. Sexual exploitation, abuse, harassment, child abuse, and all forms of misconduct are strictly prohibited. Staff are expected to uphold high ethical standards, comply with local laws, and complete mandatory ethics training upon engagement. Data Confidentiality Candidate applications will be retained for six (6) months in accordance with GIZ's data protection policy and deleted thereafter. Only shortlisted candidates will be contacted. Tags Project, program management Non-profit, social work Mid-level Kenya Start hiring with Fuzu Recruit better talent faster - on your own or with our support. Explore recruitment platform Job search tips from Fuzu Selected articles on cover letters, CV structure, and interview preparation. Get Interviews: 5 Steps to a Perfect Cover Letter Salary Negotiation Tips and What You Should Focus On Why Do Successful People Love to Do These 5 Things Before Job Interviews? Let’s Find Out Are You Prepared for These 8 Unique Interview Questions? 10 Questions you can Ask your Interviewer Sign in and Apply",Nairobi • Kenya,Kenya,On-site,0,,"Information Technology, Software Development, Data",,About the job,,,,,,,Software & IT,https://www.fuzu.com/kenya/job/project-program-management,2026-08-24T19:33:22.593809+00:00
44588292719b7524,Fuzu,44588292719b7524,"Research, academy Jobs in Kenya","Description Job Requirements: MA required in Education, Economics, Statistics, or related field. Excellent knowledge of quantitative research methods, including inferential statistics and qualitative approaches; exposure to implementation research and causal inference. Demonstrated experience in data cleaning, management and analysis; with proficiency in at least one statistical or data analysis tool (e.g. Stata, R, Python). Familiarity with qualitative data methods (e.g. thematic analysis, content analysis) is desirable . Up to three years of experience in research, data analysis, or a related field; relevant internship, academic research, or volunteer experience will be considered. Strong written communication skills, including the ability to present research findings clearly and accessibly for non-specialist audiences; experience drafting reports, summaries, or briefs is an asset Strong organizational skills with the ability to manage competing priorities, work effectively under pressure, and adapt in a fast-paced team environment. Fluent in English required; proficiency in French or Arabic language preferred. Major Responsibilities: Conduct quantitative and qualitative research activities across multiple education research projects, including cleaning, organizing, managing, and analyzing data; , ensuring data quality and integrity; and producing high-quality reports for diverse audiences. Support implementation research studies to identify whether education interventions are being delivered as intended, with appropriate quality and fidelity, and potential for cost-effectiveness. Support randomized control trials; to identify the impact of interventions on children´s foundational learning and wellbeing. Support an internal education research team by contributing to the advancement of research priorities under the supervision of senior researchers Contribute to the dissemination of research findings by drafting reports, briefs, and blog posts for practitioner and policy audiences. Collaborate with colleagues within the Education team, Research team and R&D team, and other IRC departments in support of research activities Perform other related duties as assigned.","International Rescue Committee Research Associate Nairobi • Kenya Precision Development (PxD) Director / Associate Director, Research-Informed Delivery Nairobi • Kenya WorldFish Scientist (Gender, Social Inclusion and Development) Nairobi • Kenya UN Women Knowledge and Evidence Systems Consultant Nairobi • Kenya Closed for applications International Maize and Wheat Improvement Center (CIMMYT) Ph.D. Scholar - Rapid Cycling and Predictive Breeding Kiboko • Kenya Closed for applications SAFARICOM Research Manager– Futurist Nairobi • Kenya Closed for applications Scofield 𝐒𝐞𝐧𝐢𝐨𝐫 𝐄𝐜𝐨𝐬𝐲𝐬𝐭𝐞𝐦 & 𝐈𝐧𝐜𝐥𝐮𝐬𝐢𝐨𝐧 𝐑𝐞𝐬𝐞𝐚𝐫𝐜𝐡𝐞𝐫- Kisumu Kisumu • Kenya Closed for applications Scofield 𝐒𝐞𝐧𝐢𝐨𝐫 𝐄𝐜𝐨𝐬𝐲𝐬𝐭𝐞𝐦 & 𝐈𝐧𝐜𝐥𝐮𝐬𝐢𝐨𝐧 𝐑𝐞𝐬𝐞𝐚𝐫𝐜𝐡𝐞𝐫- Nakuru Nakuru • Kenya Closed for applications Scofield 𝐒𝐞𝐧𝐢𝐨𝐫 𝐄𝐜𝐨𝐬𝐲𝐬𝐭𝐞𝐦 & 𝐈𝐧𝐜𝐥𝐮𝐬𝐢𝐨𝐧 𝐑𝐞𝐬𝐞𝐚𝐫𝐜𝐡𝐞𝐫- Eldoret Eldoret • Kenya Closed for applications Get personalised job alerts directly to your inbox! Join Fuzu for Free Scofield 𝐒𝐞𝐧𝐢𝐨𝐫 𝐄𝐜𝐨𝐬𝐲𝐬𝐭𝐞𝐦 & 𝐈𝐧𝐜𝐥𝐮𝐬𝐢𝐨𝐧 𝐑𝐞𝐬𝐞𝐚𝐫𝐜𝐡𝐞𝐫- Nairobi Nairobi • Kenya Closed for applications Prev 1 2 3 Next Top cities with open vacancies Jobs in Nairobi , Jobs in Mombasa , Jobs in Nakuru , Jobs in Kisumu , Jobs in Eldoret , Jobs in Kiboko Companies hiring now Africa Center for Health Systems and Gender Justice , Aga Khan Hospitals , Precision Development (PxD) , Scofield , World Agroforestry Centre (ICRAF) Country / Region Africa Nigeria Uganda Profession Accounting, finance, banking, insurance , Administrative, clerical , Agriculture, fishing, forestry, wildlife , Business, strategic management , Construction , Customer support, client care , Design, arts , Electrical engineering , Energy, power , Engineering, architecture , Entertainment , Food, nutrition , General management, leadership , Government, community development, public services , Human resources , Information technology, software development, data , Installation, maintenance, repair , Legal , Manufacturing, operations, quality , Mechanical engineering , Media, communications, languages , Medical, health , Project, program management , Research, academy , Restaurant, hospitality, travel , Sales, marketing, promotion , Security , Skilled, manual labor , Sports, beauty, wellbeing , Teaching, training , Telecommunications , Transportation, logistics, driving , Industry (Research, academy) Agriculture, fishing, forestry , Automotive , Consulting, business support, auditing , Data/Research , Health care, medical , Non-profit, social work , Seniority (Research, academy) Entry and Basic-level , Mid-level , Senior-level , Fuzu About Fuzu Careers at Fuzu Contact us For Employers © Fuzu Ltd Kenya / Nairobi / Research, academy International Rescue Committee Non-profit + 1 more Research Associate Nairobi • Kenya Sign in and Apply Save Share Job details Location Nairobi • Kenya Contract Type About the job Company Description Job Requirements: MA required in Education, Economics, Statistics, or related field. Excellent knowledge of quantitative research methods, including inferential statistics and qualitative approaches; exposure to implementation research and causal inference. Demonstrated experience in data cleaning, management and analysis; with proficiency in at least one statistical or data analysis tool (e.g. Stata, R, Python). Familiarity with qualitative data methods (e.g. thematic analysis, content analysis) is desirable . Up to three years of experience in research, data analysis, or a related field; relevant internship, academic research, or volunteer experience will be considered. Strong written communication skills, including the ability to present research findings clearly and accessibly for non-specialist audiences; experience drafting reports, summaries, or briefs is an asset Strong organizational skills with the ability to manage competing priorities, work effectively under pressure, and adapt in a fast-paced team environment. Fluent in English required; proficiency in French or Arabic language preferred. Major Responsibilities: Conduct quantitative and qualitative research activities across multiple education research projects, including cleaning, organizing, managing, and analyzing data; , ensuring data quality and integrity; and producing high-quality reports for diverse audiences. Support implementation research studies to identify whether education interventions are being delivered as intended, with appropriate quality and fidelity, and potential for cost-effectiveness. Support randomized control trials; to identify the impact of interventions on children´s foundational learning and wellbeing. Support an internal education research team by contributing to the advancement of research priorities under the supervision of senior researchers Contribute to the dissemination of research findings by drafting reports, briefs, and blog posts for practitioner and policy audiences. Collaborate with colleagues within the Education team, Research team and R&D team, and other IRC departments in support of research activities Perform other related duties as assigned. Tags Research, academy Non-profit, social work Entry and Basic-level Kenya Start hiring with Fuzu Recruit better talent faster - on your own or with our support. Explore recruitment platform Job search tips from Fuzu Selected articles on cover letters, CV structure, and interview preparation. Get Interviews: 5 Steps to a Perfect Cover Letter Salary Negotiation Tips and What You Should Focus On Why Do Successful People Love to Do These 5 Things Before Job Interviews? Let’s Find Out Are You Prepared for These 8 Unique Interview Questions? 10 Questions you can Ask your Interviewer Sign in and Apply",Nairobi • Kenya,Kenya,On-site,0,,"Information Technology, Software Development, Data",,About the job,,,,,,,Software & IT,https://www.fuzu.com/kenya/job/research-academy,2026-08-24T19:33:26.132741+00:00
8084f215924cf5c3,Fuzu,8084f215924cf5c3,"Restaurant, hospitality, travel Jobs in Kenya",Description ➢ Supervised daily kitchen & restaurant operations ➢ Managed staff scheduling and performance in kitchen & other departments ➢ Ensured high customer service standards ➢ Ensured compliance with food safety standards in different departments ➢ Resolved customer complaints professionally ➢ Processed customer orders and dispatch promptly ➢ Coordinated deliveries with transport teams ➢ supervise sales and dispatch records ➢ Ensured timely delivery of products ➢ Liaised with customers on order status ➢ Managed stock movement documentation ➢ Supported sales targets through efficient dispatch,"Saab Bakery & Cafe Cafe supervisor Nairobi • Kenya Only on Fuzu Unique Brilliant Tours and Safari Air Ticketing Specialist Nairobi • Kenya Only on Fuzu Water 2 Wine Kenya Sales Representative – Wine &amp; Hospitality Nairobi • Kenya Only on Fuzu Amentum Waiter / Waitress Lamu • Kenya CORAT Africa Waiters/ Waitresses Nairobi • Kenya The Mombasa Hospital Catering Manager Mombasa • Kenya The Mombasa Hospital Caterer/Cateress Mombasa • Kenya Amentum Golf Course Marshall Lamu • Kenya Amentum Officers Club Manager Lamu • Kenya Closed for applications Get personalised job alerts directly to your inbox! Join Fuzu for Free Java House Africa Ltd Senior Barista Narok • Kenya Closed for applications Prev 1 2 3 Next Top cities with open vacancies Jobs in Mombasa , Jobs in Nairobi , Jobs in Narok , Jobs in Lamu , Jobs in Eldoret , Jobs in Naivasha , Jobs in Kisumu , Jobs in Kisii , Jobs in Kericho Companies hiring now Amentum , Beachfront VIPingo , Java House Africa Ltd , The Mombasa Hospital , Water 2 Wine Kenya Country / Region Africa Nigeria Uganda Profession Accounting, finance, banking, insurance , Administrative, clerical , Agriculture, fishing, forestry, wildlife , Business, strategic management , Construction , Customer support, client care , Design, arts , Electrical engineering , Energy, power , Engineering, architecture , Entertainment , Food, nutrition , General management, leadership , Government, community development, public services , Human resources , Information technology, software development, data , Installation, maintenance, repair , Legal , Manufacturing, operations, quality , Mechanical engineering , Media, communications, languages , Medical, health , Project, program management , Research, academy , Restaurant, hospitality, travel , Sales, marketing, promotion , Security , Skilled, manual labor , Sports, beauty, wellbeing , Teaching, training , Telecommunications , Transportation, logistics, driving , Industry (Restaurant, hospitality, travel) Health care, medical , Manufacturing , Non-profit, social work , Restaurant, hospitality, travel , Seniority (Restaurant, hospitality, travel) Entry and Basic-level , Mid-level , Fuzu About Fuzu Careers at Fuzu Contact us For Employers © Fuzu Ltd Kenya / Nairobi / Restaurant, hospitality, travel Saab Bakery & Cafe Restaurant + 2 more Cafe supervisor Only on Fuzu Nairobi • Kenya Sign in and Apply Save Share Job details Location Nairobi • Kenya Salary About the job Company Description ➢ Supervised daily kitchen & restaurant operations ➢ Managed staff scheduling and performance in kitchen & other departments ➢ Ensured high customer service standards ➢ Ensured compliance with food safety standards in different departments ➢ Resolved customer complaints professionally ➢ Processed customer orders and dispatch promptly ➢ Coordinated deliveries with transport teams ➢ supervise sales and dispatch records ➢ Ensured timely delivery of products ➢ Liaised with customers on order status ➢ Managed stock movement documentation ➢ Supported sales targets through efficient dispatch Tags Restaurant, hospitality, travel Restaurant, hospitality, travel Mid-level Kenya Start hiring with Fuzu Recruit better talent faster - on your own or with our support. Explore recruitment platform Job search tips from Fuzu Selected articles on cover letters, CV structure, and interview preparation. Get Interviews: 5 Steps to a Perfect Cover Letter Salary Negotiation Tips and What You Should Focus On Why Do Successful People Love to Do These 5 Things Before Job Interviews? Let’s Find Out Are You Prepared for These 8 Unique Interview Questions? 10 Questions you can Ask your Interviewer Sign in and Apply",Nairobi • Kenya Salary About the job,Kenya,On-site,0,,"Information Technology, Software Development, Data",,,,,,,,,Software & IT,https://www.fuzu.com/kenya/job/restaurant-hospitality-travel,2026-08-24T19:33:29.698820+00:00
52227f69a48ee3c3,Fuzu,52227f69a48ee3c3,"Jobs and Vacancies in Ruiru, Kenya","Description Qualifications KNOWLEDGE, EXPERIENCE & CAPABILITIES: CRITICAL KNOWLEDGE & EXPERIENCE: M.Sc. in agriculture/horticulture/agronomy/crop protection. Minimum of 5 years of field production or related experience. Driving license and Defensive driving certification CRITICAL TECHNICAL, PROFESSIONAL AND PERSONAL CAPABILITIES: Understanding basic agriculture, horticulture, agronomical knowledge. Understand of fertigation. Understanding of crop production planning. Understanding of crop protection and basic knowledge of pests and disease (symptom recognition). Detailed administrative skills. Understand MS-office and especially MS-Excel, Smart-sheet and Power BI","Syngenta Kenya Crop Nutrition Analyst Ruiru • Kenya Syngenta Kenya Post Harvest Lead Ruiru • Kenya Syngenta Kenya Data Analyst Ruiru • Kenya Closed for applications Fuzu Atlas Environmental Photographer Nakuru , Kisumu , Eldoret • Kenya + 3 more Closed for applications UMS Kenya Field Sales Executive -Kiambu Kiambu • Kenya Closed for applications Equity Afia Community Oral Health Officer- EQA Kinoo Kiambu • Kenya Closed for applications East Africa Market Development Associates (EAMDA) Venture Associate (SPARK Internship) Kiambu • Kenya Closed for applications HomeBiogas Sales Operation Officer- Kiambu Kiambu • Kenya Closed for applications HomeBiogas Marketing Manager- Kiambu Kiambu • Kenya Closed for applications Get personalised job alerts directly to your inbox! Join Fuzu for Free East Africa Market Development Associates (EAMDA) Communications and Media Associate (SPARK Internship) Kiambu • Kenya Closed for applications Prev 1 2 3 Next Top cities with open vacancies Jobs in Nairobi , Jobs in Thika , Jobs in Kiambu , Jobs in Ruiru , Jobs in Eldoret , Jobs in Kikuyu , Jobs in Kisumu , Jobs in Mombasa , Jobs in Nakuru Companies hiring now Meru University of Science and Technology , Mount Kenya University (MKU) , Oshwal Academy , United States International University - Africa , World Agroforestry Centre (ICRAF) Country / Region Africa Nigeria Uganda Profession Accounting, finance, banking, insurance , Administrative, clerical , Agriculture, fishing, forestry, wildlife , Business, strategic management , Construction , Customer support, client care , Design, arts , Electrical engineering , Energy, power , Engineering, architecture , Entertainment , Food, nutrition , General management, leadership , Government, community development, public services , Human resources , Information technology, software development, data , Installation, maintenance, repair , Legal , Manufacturing, operations, quality , Mechanical engineering , Media, communications, languages , Medical, health , Project, program management , Research, academy , Restaurant, hospitality, travel , Sales, marketing, promotion , Security , Skilled, manual labor , Teaching, training , Telecommunications , Transportation, logistics, driving , Industry Aeronautics , Agriculture, fishing, forestry , Automotive , Banking, microfinance, insurance , Communications, media, radio, tv , Computers, software development and services , Construction, renovation, maintenance , Consulting, business support, auditing , Data/Research , Education, academic , Energy, utilities, environment , Engineering, architecture , Finance & FinTech , Financial Services , Fitness, well-being and lifestyle , Governmental , Health care, medical , Housekeeping, maintenance , Human resources, talent development, recruiting , Legal, accounting , Manufacturing , Marketing, advertising , Non-profit, social work , Outsourcing, leasing , Real estate , Restaurant, hospitality, travel , Retail, wholesale, FMCG , Security , Telecommunications , Textile, fashion , Transportation, logistics, storage , Seniority Entry and Basic-level , Mid-level , Senior-level , Fuzu About Fuzu Careers at Fuzu Contact us For Employers © Fuzu Ltd Kenya / Ruiru / Manufacturing, operations, quality Syngenta Kenya Agriculture + 2 more Crop Nutrition Analyst Ruiru • Kenya Sign in and Apply Save Share Job details Location Ruiru • Kenya Contract Type About the job Company Description Qualifications KNOWLEDGE, EXPERIENCE & CAPABILITIES: CRITICAL KNOWLEDGE & EXPERIENCE: M.Sc. in agriculture/horticulture/agronomy/crop protection. Minimum of 5 years of field production or related experience. Driving license and Defensive driving certification CRITICAL TECHNICAL, PROFESSIONAL AND PERSONAL CAPABILITIES: Understanding basic agriculture, horticulture, agronomical knowledge. Understand of fertigation. Understanding of crop production planning. Understanding of crop protection and basic knowledge of pests and disease (symptom recognition). Detailed administrative skills. Understand MS-office and especially MS-Excel, Smart-sheet and Power BI Tags Manufacturing, operations, quality Agriculture, fishing, forestry Mid-level Kenya Start hiring with Fuzu Recruit better talent faster - on your own or with our support. Explore recruitment platform Job search tips from Fuzu Selected articles on cover letters, CV structure, and interview preparation. Get Interviews: 5 Steps to a Perfect Cover Letter Salary Negotiation Tips and What You Should Focus On Why Do Successful People Love to Do These 5 Things Before Job Interviews? Let’s Find Out Are You Prepared for These 8 Unique Interview Questions? 10 Questions you can Ask your Interviewer Sign in and Apply",Ruiru • Kenya,Kenya,On-site,0,,"Information Technology, Software Development, Data",,About the job,,,,,,,Product & UX,https://www.fuzu.com/kenya/job/ruiru,2026-08-24T19:33:33.408012+00:00
213a0840a3b3ca14,Fuzu,213a0840a3b3ca14,"Sales, marketing, promotion Jobs in Kenya","Description About Kuzana Kuzana invests in and accelerates ambitious Kenyan SMEs with the potential to become category-defining businesses. We back companies already generating KSh 500,000+ in monthly revenue that have the potential to scale beyond KSh 100 million in monthly revenue within seven years . We invest in only a small percentage of applicants. Our mission is to help create 1,000 new dollar millionaires by supporting exceptional founders with capital, expertise, and a high-impact entrepreneurial ecosystem. To achieve this, we first need to identify and attract the right founders. The Role We're looking for a Growth & Acquisition Lead to build and scale Kuzana's founder acquisition engine. This isn't a traditional digital marketing role. Your success won't be measured by followers, impressions, or engagement. You'll be responsible for designing and optimizing a repeatable system that turns: Awareness → Interest → Qualified Leads → Completed Applications You'll own the acquisition strategy, conversion funnels, lead nurturing, campaign optimization, analytics, and channel performance while working closely with a content team that executes creative production. Your ultimate goal is to generate a consistent pipeline of investment-ready founders. What Success Looks Like A qualified application comes from a founder who: Operates a business generating at least KSh 500,000 in average monthly revenue Completes the full Kuzana application Submits all required business and financial information You'll be measured on: Number of qualified founder applications Cost per qualified application Funnel conversion rates Quality of companies entering the investment pipeline Metrics like views, clicks, and followers are useful diagnostics—but they are not your KPIs . Key Responsibilities 1. Build Founder Acquisition Strategy Identify where high-potential SME founders can be reached. Develop acquisition strategies across LinkedIn, Meta, Google, YouTube, WhatsApp, email, partnerships, events, and direct outreach. Prioritize channels based on qualified applications and conversion performance. Develop compelling offers that encourage founders to enter the Kuzana ecosystem. Potential acquisition initiatives include: Finance for Founders Investment Readiness Quiz Founder Tea Sessions Educational webinars Podcasts Case studies Community events Founder resources 2. Own the Acquisition Funnel You'll continuously improve the entire founder journey by: Optimizing landing pages and application forms Reducing friction throughout the application process Building email and WhatsApp nurture sequences Following up with incomplete applications Segmenting leads based on revenue, readiness, and acquisition source Ensuring promising founders never fall through the cracks 3. Drive Data & Performance You'll establish clear visibility into the entire acquisition funnel by: Implementing tracking and attribution Monitoring campaign and channel performance Building weekly performance dashboards Identifying drop-off points Distinguishing lead quality issues from conversion issues Recommending improvements backed by data 4. Manage Paid & Organic Growth You'll execute and optimize growth campaigns across multiple channels, including: Meta Ads Google Ads LinkedIn Organic partnerships Founder communities Referral programs Direct founder outreach You'll continuously test audiences, messaging, landing pages, offers, and follow-up sequences to improve qualified application volume. 5. Lead Content Strategy You'll work closely with a dedicated content creator by: Translating funnel insights into content briefs Identifying founder pain points and educational topics Recommending hooks, offers, and calls-to-action Measuring which content drives qualified applications You'll occasionally create content yourself, but strategy—not production—is the primary responsibility. 6. Grow Founder Engagement You'll drive participation in Kuzana programs by: Recruiting founders into workshops, webinars, and community events Managing invitations, reminders, attendance, and follow-up Measuring conversion from events into completed applications 7. Build Long-Term Growth Systems As the acquisition engine matures, you'll develop scalable growth assets such as: Email nurture campaigns SEO content Evergreen educational resources Referral programs Founder toolkits Online learning programs. 8. Experience in Vibe Coding - building AI-powered lead-generation tools, CRM automations, landing pages, dashboards, customer journeys or other lightweight growth applications. Skills & Experience We're looking for someone who has: Proven experience generating and converting qualified leads Strong understanding of growth marketing and demand generation Experience building conversion funnels Excellent analytical and reporting skills Confidence using Google Sheets and marketing analytics tools Strong written communication skills A structured, experimental approach to solving problems The ability to execute independently with minimal supervision Experience in startups, venture capital, B2B marketing, performance marketing, demand generation, lifecycle marketing, or growth operations is highly desirable.","Search for jobs Nairobi Kenya Kisumu Kenya Mombasa Kenya Eldoret Kenya Nyeri Kenya Machakos Kenya Nakuru Kenya Kiambu Kenya Kericho Kenya Thika Kenya Nanyuki Kenya Kapsabet Kenya Kakamega Kenya Embu Kenya Busia Kenya Bomet Kenya Voi Kenya Taveta Kenya Oyugis Kenya Naivasha Kenya Show jobs Clear filters Published < Published Last 1 week Last 30 days Latest 24 hours Profession < Accounting, finance, banking, insurance Administrative, clerical Agriculture, fishing, forestry, wildlife Business, strategic management Construction Customer support, client care Design, arts Electrical engineering Energy, power Engineering, architecture Entertainment Food, nutrition General management, leadership Government, community development, public services Human resources Information technology, software development, data Installation, maintenance, repair Legal Manufacturing, operations, quality Mechanical engineering Media, communications, languages Medical, health Project, program management Research, academy Restaurant, hospitality, travel Sales, marketing, promotion Security Skilled, manual labor Sports, beauty, wellbeing Teaching, training Telecommunications Transportation, logistics, driving Industry < Agriculture, fishing, forestry Automotive Banking, microfinance, insurance Communications, media, radio, tv Computers, software development and services Construction, renovation, maintenance Consulting, business support, auditing Education, academic Energy, utilities, environment Engineering, architecture Financial Services Health care, medical Human resources, talent development, recruiting Manufacturing Marketing, advertising Non-profit, social work Outsourcing, leasing Real estate Restaurant, hospitality, travel Retail, wholesale, FMCG Telecommunications Textile, fashion Transportation, logistics, storage Seniority < Seniority Entry and Basic-level Mid-level Senior-level Show jobs Clear filters",Nairobi • Kenya,Kenya,On-site,0,,"Information Technology, Software Development, Data",,About the job,,,,,,,Software & IT,https://www.fuzu.com/kenya/job/sales-marketing-promotion,2026-08-24T19:33:37.093063+00:00
1e6f772053672489,Fuzu,1e6f772053672489,Security Jobs in Kenya,"Ltd. Senior Security Supervisor Homa Bay • Kenya Closed for applications Prev 1 2 3 Next Top cities with open vacancies Jobs in Nairobi , Jobs in Mombasa , Jobs in Homa Bay , Jobs in Lamu , Jobs in Wote , Jobs in Meru Companies hiring now Amentum , Beachfront VIPingo , Eni , Victory Farms , West Kenya Sugar","Amentum Sounding and Security Watch Lamu • Kenya CloudFactory Safety and Security Manager Nairobi • Kenya Closed for applications Safari Park Hotel Stewarding Supervisor Nairobi • Kenya Eni Security Coordinator- Dongo Kundu, Bonje Mombasa • Kenya Eni Security Coordinator- Kwakathoka, Wote Wote • Kenya Eni Security Coordinator- Gigiri Nairobi • Kenya UNICEF Child Protection Specialist, NO-3, Fixed Term Position, #00138301 Nairobi, Kenya Nairobi • Kenya Closed for applications Mogo Kenya Limited Security Officer – Debt Collection Nairobi • Kenya Closed for applications Acorn Holdings Africa Security Assistant Nairobi • Kenya Closed for applications Get personalised job alerts directly to your inbox! Join Fuzu for Free West Kenya Sugar Company Ltd. Senior Security Supervisor Homa Bay • Kenya Closed for applications Prev 1 2 3 Next Top cities with open vacancies Jobs in Nairobi , Jobs in Mombasa , Jobs in Homa Bay , Jobs in Lamu , Jobs in Wote , Jobs in Meru Companies hiring now Amentum , Beachfront VIPingo , Eni , Victory Farms , West Kenya Sugar Company Ltd. Country / Region Africa Nigeria Uganda Profession Accounting, finance, banking, insurance , Administrative, clerical , Agriculture, fishing, forestry, wildlife , Business, strategic management , Construction , Customer support, client care , Design, arts , Electrical engineering , Energy, power , Engineering, architecture , Entertainment , Food, nutrition , General management, leadership , Government, community development, public services , Human resources , Information technology, software development, data , Installation, maintenance, repair , Legal , Manufacturing, operations, quality , Mechanical engineering , Media, communications, languages , Medical, health , Project, program management , Research, academy , Restaurant, hospitality, travel , Sales, marketing, promotion , Security , Skilled, manual labor , Sports, beauty, wellbeing , Teaching, training , Telecommunications , Transportation, logistics, driving , Industry (Security) Aeronautics , Agriculture, fishing, forestry , Banking, microfinance, insurance , Computers, software development and services , Education, academic , Energy, utilities, environment , Manufacturing , Non-profit, social work , Real estate , Restaurant, hospitality, travel , Security , Seniority (Security) Entry and Basic-level , Mid-level , Fuzu About Fuzu Careers at Fuzu Contact us For Employers © Fuzu Ltd Kenya / Lamu / Security Amentum Manufacturing Sounding and Security Watch Lamu • Kenya Sign in and Apply Save Share Job details Location Lamu • Kenya Contract Type About the job Company Description Job Responsibilities The Sounding and Security Watch is responsible for overseeing the safety and security of all Navy-owned floating assets at the Small Boat Basin and Deep Draft Wharf of NSF Diego Garcia during designated watch hours. This role involves maintaining situational awareness, conducting routine checks, and ensuring proper lighting operations. Key responsibilities include, but are not limited to: Floating Asset Security: Providing vigilant security watch for all Navy-owned floating assets tied up in the Small Boat Basin. Conducting regular checks of all floating assets to ensure safety and proper functioning of equipment, maintaining accurate logs of observations. Monitoring activity in the Small Boat Basin and Deep Draft Wharf, promptly reporting any irregularities, security concerns, or safety hazards to the appropriate authorities. Sounding Operations: Conducting routine soundings to ensure the safety and operational readiness of floating assets under Navy cognizance. Monitoring mooring lines, dock conditions, and water levels to ensure no risks to equipment or vessel security. Troubleshooting and addressing potential hazards, including reporting issues such as flooding, leaks, or environmental concerns. Lighting Operations: Operating pier lighting within the Small Boat Basin and Deep Draft Wharf as follows: Turning lights on at sunset . Turning lights off at sunrise the following morning. Watch Schedule: Standing security and sounding watch daily from 1600 to 0700 , ensuring the reliability and continuity of operations during off-hours. Remaining alert and responsive throughout all scheduled shifts, maintaining a strong presence to deter unauthorized activity. Minimum Requirements High school diploma or equivalent. At least 1 year of experience in a security, marine operations, or watchstanding role in a similar environment. Basic knowledge of marine floating assets, mooring practices, and security protocols. Ability to operate lighting and electrical systems for safe operation in pier and wharf facilities. Strong observational skills and attention to detail to detect and report irregularities or hazards effectively. Ability to work independently and responsibly during overnight shifts. Basic communication skills to coordinate and report concerns or issues to the appropriate team or authority. Physical capability to perform routine patrols and outdoor duties over extended shifts. Ability to successfully pass contract medical requirements and maintain compliance for the duration of deployment. Employees must read, speak, and comprehend English to the extent that they can perform the contract requirements and comply with installation emergency procedures.Passport must be valid for a minimum of one (1) year or more at the time of hiring.Ability to obtain country-specific visas per the U.S. Department of State Foreign Clearance Guide.Ability to successfully pass contract medical requirements and maintain compliance throughout the duration of deployment. Tags Security Manufacturing Entry and Basic-level Kenya Start hiring with Fuzu Recruit better talent faster - on your own or with our support. Explore recruitment platform Job search tips from Fuzu Selected articles on cover letters, CV structure, and interview preparation. Get Interviews: 5 Steps to a Perfect Cover Letter Salary Negotiation Tips and What You Should Focus On Why Do Successful People Love to Do These 5 Things Before Job Interviews? Let’s Find Out Are You Prepared for These 8 Unique Interview Questions? 10 Questions you can Ask your Interviewer Sign in and Apply",Lamu • Kenya,Kenya,On-site,0,,"Information Technology, Software Development, Data",,About the job,,,,,,,Software & IT,https://www.fuzu.com/kenya/job/security,2026-08-24T19:33:40.465867+00:00
2e1e3ec3a4539fbc,Fuzu,2e1e3ec3a4539fbc,Senior-level Jobs in Kenya,"Description Key Responsibilities 1. Project Financial Management Manage the financial aspects of assigned projects throughout the project lifecycle, from proposal development to project close-out Ensure project expenditure is correctly budgeted, coded, authorized, recorded and supported by appropriate documentation. Monitor project expenditure against approved budgets and identify significant variances, risks, and funding gaps. Provide financial advice to Project Managers and program teams on project implementation and expenditure. Ensure project funds are used efficiently and in accordance with donor and organizational requirements. Monitor staff, partner and project advances and ensure timely liquidation and reconciliation. 2. Budgeting and Forecasting Lead the development of project budgets in collaboration with Program/Project Managers. Review project budgets to ensure they are realistic, complete, and aligned with program activities and donor requirements. Prepare monthly/quarterly project forecasts and cash-flow projections. Conduct budget-versus-actual analysis and provide explanations and recommendations for significant variances. Support budget revisions, reallocations, and other financial changes required during project implementation. Support annual organizational and departmental budgeting. 3. Donor Financial Management and Compliance Ensure compliance with donor financial rules, grant agreements and approved project budgets. Prepare and/or review donor financial reports and ensure timely submission. Maintain a clear record of donor financial requirements, reporting deadlines, and budget restrictions. Review donor contracts and agreements from a financial perspective and advise management of financial risks and obligations. Respond to donor financial queries and support donor audits. Ensure project expenditure is eligible, allowable, reasonable, and adequately documented. 4. Financial Reporting and Analysis Prepare monthly, quarterly, and annual project financial reports. Prepare budget-versus-actual reports and variance analysis for management and Project Managers. Provide financial information for management, donor, Board and audit reporting. Analyze project expenditure, burn rates, forecasts, and financial performance. Develop and maintain financial dashboards and management reports where required. Provide timely financial information to support program decision-making. 5. Financial Controls and Risk Management Ensure effective financial controls are implemented across projects and organizational operations. Monitor compliance with financial policies, procedures, and delegated authorities. Identify financial, fraud and compliance risks and recommend appropriate mitigation measures. Ensure proper segregation of duties and adequate supporting documentation. Follow up financial control weaknesses and audit recommendations. Promote accountability, transparency, and value for money across all projects. 6. Partner Financial Management Where projects are implemented through partners: Participate in financial due diligence and capacity assessments of implementing partners. Review partner budgets and financial reports. Monitor partner expenditure and advances. Conduct financial monitoring and spot checks as required. Identify financial control weaknesses and follow up on corrective actions. Provide financial management training and support to partners where required. 7. Accounting and Treasury Oversight Oversee accounts payable, accounts receivable, and general ledger processes. Review KES and foreign currency bank reconciliations, MPESA reconciliations, and other account reconciliations. Monitor cash requirements and prepare cash-flow forecasts. Oversee accruals, prepayments, journal entries, and month-end/year-end closing. Ensure proper management of fixed assets, inventory, and the fixed asset register. Ensure accurate and complete financial records and audit trails are maintained. 8. Statutory Compliance Ensure timely preparation, reconciliation and submission of applicable statutory returns and payments, including PAYE, NSSF, SHIF, VAT, withholding tax and instalment tax. Liaise with relevant statutory authorities to resolve financial and tax matters. Monitor changes in relevant financial and tax requirements and advise management accordingly. 9. Audit and Project Close-Out Coordinate project and organizational financial audits. Prepare audit schedules and support documentation. Respond to audit queries and follow up on implementation of audit recommendations. Lead the financial aspects of project close-out, including reconciliation of expenditure, advances, assets, commitments and final donor financial reports. Ensure project financial records are complete and properly archived. 10. Capacity Building and Financial Business Partnering Build the financial management capacity of Project Managers and program staff. Train non-finance staff on budgeting, financial procedures, donor compliance, and budget monitoring. Support program teams to understand and use financial information for decision-making. Promote a culture of financial accountability across the organization. Identify opportunities to improve financial systems, processes, reporting, and automation. Key Qualifications and Experience Bachelor's degree in accounting, Finance, Commerce, Business Administration or related field. Professional qualifications such as CPA(K), ACCA, or equivalent . At least 5 years' relevant professional experience , preferably in an NGO, international development or donor-funded organization. Demonstrated experience in budgeting, forecasting, financial reporting, and budget monitoring. Experience with donor-funded projects and donor compliance. Strong knowledge of Kenyan statutory and tax requirements. Experience in financial audits, internal controls, and risk management. Strong Excel, financial analysis skills, and experience using accounting/ERP systems.","Search for jobs Nairobi Kenya Mombasa Kenya Lamu Kenya Kisumu Kenya Kajiado Kenya Homa Bay Kenya Show jobs Clear filters Published < Published Last 1 week Last 30 days Latest 24 hours Profession < Accounting, finance, banking, insurance Administrative, clerical Business, strategic management Construction Design, arts Engineering, architecture Food, nutrition General management, leadership Government, community development, public services Human resources Information technology, software development, data Mechanical engineering Medical, health Project, program management Research, academy Sales, marketing, promotion Teaching, training Transportation, logistics, driving Industry < Aeronautics Agriculture, fishing, forestry Banking, microfinance, insurance Computers, software development and services Construction, renovation, maintenance Education, academic Energy, utilities, environment Engineering, architecture Governmental Health care, medical Manufacturing Non-profit, social work Restaurant, hospitality, travel Retail, wholesale, FMCG Transportation, logistics, storage Seniority < Seniority Entry and Basic-level Mid-level Senior-level Show jobs Clear filters",Nairobi • Kenya,Kenya,On-site,0,,"Information Technology, Software Development, Data",,About the job,,,,,,,Software & IT,https://www.fuzu.com/kenya/job/senior,2026-08-24T19:33:43.768701+00:00
67e6836285521704,Fuzu,67e6836285521704,"Skilled, manual labor Jobs in Kenya","Description Requirements/ qualifications Kenya Certificate of Secondary Education (KCSE). At least one (1) year of relevant experience in grounds maintenance, facilities support, property or field station management, security coordination, or a similar role. Experience maintaining records of maintenance activities, equipment usage, and routine inspections. Good record-keeping and organisational skills. Ability to work without supervision. Good interpersonal and teamwork skills. Specific duties Mows and trims small or large grassed areas within the station using powered strummers, mowers and other equipment. Cleans and maintains grounds and facilities and removes any resultant arisings. Coordinates operations and escalates any key security challenges for resolution. Keeps records of all preventive and routine maintenance on equipment and tools at the station. Acts as the focal person and icipe representative at the station. Inspect records and escalate any repair or maintenance activities needed to support the smooth running of the station. May be required to occasionally monitor and report on the field research trials and give supportwhere necessary. Performs related duties as required or assigned by the supervisor.","ICIPE Field Station Attendant Kwale • Kenya Only on Fuzu British Army Training Unit Kenya (BATUK) Skilled Labourer Nanyuki • Kenya British Army Training Unit Kenya (BATUK) Plumber Nanyuki • Kenya Takataka Solutions Welder - MRF Nairobi • Kenya The Jitu.com Plumbing Estimator Nairobi • Kenya KEDA(KENYA) CERAMICS CO., LTD Welder Kisumu • Kenya Closed for applications Bomet Central Technical and Vocational College Technician Hairdressing Bomet • Kenya Closed for applications CITAM Clerk of Works (Kenya) Nairobi • Kenya Closed for applications Jocham Hospital Limited Carpenter Nairobi • Kenya Closed for applications Get personalised job alerts directly to your inbox! Join Fuzu for Free Beachfront VIPingo Laundry Supervisor Mombasa • Kenya Closed for applications Prev 1 2 Next Top cities with open vacancies Jobs in Nairobi , Jobs in Nanyuki , Jobs in Mombasa , Jobs in Kwale , Jobs in Kisumu , Jobs in Bomet Companies hiring now Beachfront VIPingo , Bomet Central Technical and Vocational College , British Army Training Unit Kenya (BATUK) , KEDA(KENYA) CERAMICS CO., LTD , The Jitu.com Country / Region Africa Nigeria Uganda Profession Accounting, finance, banking, insurance , Administrative, clerical , Agriculture, fishing, forestry, wildlife , Business, strategic management , Construction , Customer support, client care , Design, arts , Electrical engineering , Energy, power , Engineering, architecture , Entertainment , Food, nutrition , General management, leadership , Government, community development, public services , Human resources , Information technology, software development, data , Installation, maintenance, repair , Legal , Manufacturing, operations, quality , Mechanical engineering , Media, communications, languages , Medical, health , Project, program management , Research, academy , Restaurant, hospitality, travel , Sales, marketing, promotion , Security , Skilled, manual labor , Sports, beauty, wellbeing , Teaching, training , Telecommunications , Transportation, logistics, driving , Industry (Skilled, manual labor) Computers, software development and services , Education, academic , Health care, medical , Housekeeping, maintenance , Manufacturing , Non-profit, social work , Restaurant, hospitality, travel , Security , Seniority (Skilled, manual labor) Entry and Basic-level , Mid-level , Fuzu About Fuzu Careers at Fuzu Contact us For Employers © Fuzu Ltd Kenya / Kwale / Skilled, manual labor ICIPE Non-profit + 1 more Field Station Attendant Only on Fuzu Kwale • Kenya Sign in and Apply Save Share Job details Location Kwale • Kenya Contract Type About the job Company Description Requirements/ qualifications Kenya Certificate of Secondary Education (KCSE). At least one (1) year of relevant experience in grounds maintenance, facilities support, property or field station management, security coordination, or a similar role. Experience maintaining records of maintenance activities, equipment usage, and routine inspections. Good record-keeping and organisational skills. Ability to work without supervision. Good interpersonal and teamwork skills. Specific duties Mows and trims small or large grassed areas within the station using powered strummers, mowers and other equipment. Cleans and maintains grounds and facilities and removes any resultant arisings. Coordinates operations and escalates any key security challenges for resolution. Keeps records of all preventive and routine maintenance on equipment and tools at the station. Acts as the focal person and icipe representative at the station. Inspect records and escalate any repair or maintenance activities needed to support the smooth running of the station. May be required to occasionally monitor and report on the field research trials and give supportwhere necessary. Performs related duties as required or assigned by the supervisor. Tags Skilled, manual labor Non-profit, social work Entry and Basic-level Kenya Start hiring with Fuzu Recruit better talent faster - on your own or with our support. Explore recruitment platform Job search tips from Fuzu Selected articles on cover letters, CV structure, and interview preparation. Get Interviews: 5 Steps to a Perfect Cover Letter Salary Negotiation Tips and What You Should Focus On Why Do Successful People Love to Do These 5 Things Before Job Interviews? Let’s Find Out Are You Prepared for These 8 Unique Interview Questions? 10 Questions you can Ask your Interviewer Sign in and Apply",Kwale • Kenya,Kenya,On-site,0,,"Information Technology, Software Development, Data",,About the job,,,,,,,Software & IT,https://www.fuzu.com/kenya/job/skilled-manual-labor,2026-08-24T19:33:48.353243+00:00
6ff450214cbfea2f,Fuzu,6ff450214cbfea2f,"Teaching, training Jobs in Kenya","Description AMI is looking for a motivated Junior Learning Designer to support the design and development of programmes, courses and other learning materials, working closely with and under the guidance of Senior Learning Designers and the Learning Design Lead. This is a growth role for someone building their instructional design craft — you'll work with increasing autonomy on defined pieces of the design process, while more complex or ambiguous design decisions are made together with a senior designer. Requirements Education, Experience, Skills & Attributes 1-2 years of experience in instructional or learning design, or a closely related field (e.g. education, training delivery, content development). Foundational understanding of adult learning principles and behaviour change strategies, with a genuine interest in developing this further. Growing ability to design learning journeys across formats (self-directed, instructor-led, virtual), with support from senior designers on more complex design decisions. Exposure to or interest in designing for low-data environments and learners with limited internet access, particularly within MSME contexts, is an advantage. Good self-management and organisation skills — able to work within deadlines, communicate proactively, and collaborate across teams with moderate supervision. Comfortable using Google Workspace, project management tools (e.g. Monday.com), and remote collaboration platforms (e.g. Slack, Zoom). Developing data literacy — able to interpret learning data with guidance and support adjustments to instructional strategies. Attention to detail in producing learning materials, assessments, and content that align with brand standards. An open, feedback-seeking, growth mindset and eagerness to grow into greater design autonomy over time.","African Management Institute Junior Learning Designer Nairobi • Kenya Mediacrest Training College AI & ML Automation Trainer Nairobi • Kenya Closed for applications Mediacrest Training College Mobile App Development Trainer Nairobi • Kenya Closed for applications Mediacrest Training College Cybersecurity Trainer Nairobi • Kenya Closed for applications Mediacrest Training College AI Engineering Trainer Nairobi • Kenya Closed for applications Mediacrest Training College Data Science Trainer Nairobi • Kenya Closed for applications United States International University - Africa Lecturer in Pharmacognosy ( Medicinal Plant Chemistry) Nairobi • Kenya Oshwal Academy Sports/PE Teacher Nairobi • Kenya GIZ KE Intern - Build4Skills Nairobi • Kenya Closed for applications Only on Fuzu Get personalised job alerts directly to your inbox! Join Fuzu for Free Chuka University Lecturer - Medical Laboratory Sciences Nairobi • Kenya Closed for applications Prev 1 2 3 Next Top cities with open vacancies Jobs in Nairobi , Jobs in Maseno , Jobs in Thika , Jobs in Mombasa , Jobs in Kitengela , Jobs in Migori , Jobs in Kakamega , Jobs in Machakos , Jobs in Garissa , Jobs in Kakuma , Jobs in Bomet , Jobs in Athi River , Jobs in Siaya Companies hiring now Africa Nazarene University , Maseno University , Mount Kenya University (MKU) , Oshwal Academy , United States International University - Africa Country / Region Africa Nigeria Uganda Profession Accounting, finance, banking, insurance , Administrative, clerical , Agriculture, fishing, forestry, wildlife , Business, strategic management , Construction , Customer support, client care , Design, arts , Electrical engineering , Energy, power , Engineering, architecture , Entertainment , Food, nutrition , General management, leadership , Government, community development, public services , Human resources , Information technology, software development, data , Installation, maintenance, repair , Legal , Manufacturing, operations, quality , Mechanical engineering , Media, communications, languages , Medical, health , Project, program management , Research, academy , Restaurant, hospitality, travel , Sales, marketing, promotion , Security , Skilled, manual labor , Sports, beauty, wellbeing , Teaching, training , Telecommunications , Transportation, logistics, driving , Industry (Teaching, training) Computers, software development and services , Consulting, business support, auditing , Education, academic , Energy, utilities, environment , Non-profit, social work , Seniority (Teaching, training) Entry and Basic-level , Mid-level , Senior-level , Fuzu About Fuzu Careers at Fuzu Contact us For Employers © Fuzu Ltd Kenya / Nairobi / Teaching, training African Management Institute Consulting + 2 more Junior Learning Designer Nairobi • Kenya Sign in and Apply Save Share Job details Location Nairobi • Kenya Contract Type About the job Company Description AMI is looking for a motivated Junior Learning Designer to support the design and development of programmes, courses and other learning materials, working closely with and under the guidance of Senior Learning Designers and the Learning Design Lead. This is a growth role for someone building their instructional design craft — you'll work with increasing autonomy on defined pieces of the design process, while more complex or ambiguous design decisions are made together with a senior designer. Requirements Education, Experience, Skills & Attributes 1-2 years of experience in instructional or learning design, or a closely related field (e.g. education, training delivery, content development). Foundational understanding of adult learning principles and behaviour change strategies, with a genuine interest in developing this further. Growing ability to design learning journeys across formats (self-directed, instructor-led, virtual), with support from senior designers on more complex design decisions. Exposure to or interest in designing for low-data environments and learners with limited internet access, particularly within MSME contexts, is an advantage. Good self-management and organisation skills — able to work within deadlines, communicate proactively, and collaborate across teams with moderate supervision. Comfortable using Google Workspace, project management tools (e.g. Monday.com), and remote collaboration platforms (e.g. Slack, Zoom). Developing data literacy — able to interpret learning data with guidance and support adjustments to instructional strategies. Attention to detail in producing learning materials, assessments, and content that align with brand standards. An open, feedback-seeking, growth mindset and eagerness to grow into greater design autonomy over time. Tags Teaching, training Consulting, business support, auditing Entry and Basic-level Kenya Start hiring with Fuzu Recruit better talent faster - on your own or with our support. Explore recruitment platform Job search tips from Fuzu Selected articles on cover letters, CV structure, and interview preparation. Get Interviews: 5 Steps to a Perfect Cover Letter Salary Negotiation Tips and What You Should Focus On Why Do Successful People Love to Do These 5 Things Before Job Interviews? Let’s Find Out Are You Prepared for These 8 Unique Interview Questions? 10 Questions you can Ask your Interviewer Sign in and Apply",Nairobi • Kenya,Kenya,Remote,1,Kenya/Global,"Information Technology, Software Development, Data",,About the job,,,,,,,Software & IT,https://www.fuzu.com/kenya/job/teaching-training,2026-08-24T19:33:51.732522+00:00
0cecaec34159dbec,Fuzu,0cecaec34159dbec,Telecommunications Jobs in Kenya,"Description Your responsibilities Immerse yourself in cutting-edge network technologies like IP Networking fundamentals: IPv4 and IPv6; Routing Protocols: OSPF/MPLS etc. Develop valuable skills through hands-on projects and mentorship from experienced professionals. Collaborate with diverse teams in a dynamic and innovative environment. Top performers receive vouchers for Nokia Certifications Your skills and experience You have: Major in Telecommunications and Electrical Engineering Graduates or students in the final semester of an Engineering degree course A strong command of the English language is mandatory Strong soft skills It would be nice if you also have: Technical Skills in IP/MPLS, IP Networking fundamentals: IPv4 and IPv6; Routing Protocols: OSPF/MPLS etc. High level of commitment and availability during the internship period","Nokia NI Intern Engineer(IP) - Kenya Nairobi • Kenya Nokia NI Intern Engineer(ON)- Kenya Nairobi • Kenya Airtel Kenya ENTERPRISE PROJECT MANAGEMENT INTERN Nairobi • Kenya Closed for applications Only on Fuzu Get personalised job alerts directly to your inbox! Join Fuzu for Free Bolt Client Manager- Telco/Connectivity Nairobi • Kenya Closed for applications Top cities with open vacancies Jobs in Nairobi Companies hiring now Airtel Kenya , Bolt , Nokia Country / Region Africa Nigeria Uganda Profession Accounting, finance, banking, insurance , Administrative, clerical , Agriculture, fishing, forestry, wildlife , Business, strategic management , Construction , Customer support, client care , Design, arts , Electrical engineering , Energy, power , Engineering, architecture , Entertainment , Food, nutrition , General management, leadership , Government, community development, public services , Human resources , Information technology, software development, data , Installation, maintenance, repair , Legal , Manufacturing, operations, quality , Mechanical engineering , Media, communications, languages , Medical, health , Project, program management , Research, academy , Restaurant, hospitality, travel , Sales, marketing, promotion , Security , Skilled, manual labor , Sports, beauty, wellbeing , Teaching, training , Telecommunications , Transportation, logistics, driving , Industry (Telecommunications) Computers, software development and services , Telecommunications , Transportation, logistics, storage , Seniority (Telecommunications) Entry and Basic-level , Mid-level , Fuzu About Fuzu Careers at Fuzu Contact us For Employers © Fuzu Ltd Kenya / Nairobi / Telecommunications Nokia Computers + 1 more NI Intern Engineer(IP) - Kenya Nairobi • Kenya Sign in and Apply Save Share Job details Location Nairobi • Kenya Contract Type About the job Company Description Your responsibilities Immerse yourself in cutting-edge network technologies like IP Networking fundamentals: IPv4 and IPv6; Routing Protocols: OSPF/MPLS etc. Develop valuable skills through hands-on projects and mentorship from experienced professionals. Collaborate with diverse teams in a dynamic and innovative environment. Top performers receive vouchers for Nokia Certifications Your skills and experience You have: Major in Telecommunications and Electrical Engineering Graduates or students in the final semester of an Engineering degree course A strong command of the English language is mandatory Strong soft skills It would be nice if you also have: Technical Skills in IP/MPLS, IP Networking fundamentals: IPv4 and IPv6; Routing Protocols: OSPF/MPLS etc. High level of commitment and availability during the internship period Tags Telecommunications Computers, software development and services Entry and Basic-level Kenya Start hiring with Fuzu Recruit better talent faster - on your own or with our support. Explore recruitment platform Job search tips from Fuzu Selected articles on cover letters, CV structure, and interview preparation. Get Interviews: 5 Steps to a Perfect Cover Letter Salary Negotiation Tips and What You Should Focus On Why Do Successful People Love to Do These 5 Things Before Job Interviews? Let’s Find Out Are You Prepared for These 8 Unique Interview Questions? 10 Questions you can Ask your Interviewer Sign in and Apply",Nairobi • Kenya,Kenya,On-site,0,,"Information Technology, Software Development, Data",,About the job,,,,,,,Software & IT,https://www.fuzu.com/kenya/job/telecommunication,2026-08-24T19:33:57.375758+00:00
6e431e7ba0809d3d,Fuzu,6e431e7ba0809d3d,Telecommunications Jobs in Kenya,"Description Are you inquisitive, creative, eager to learn and committed to excellence? This is just for you! The opportunity to join one of the largest telecom companies in the world. We are currently seeking qualified candidates based in Nairobi and Mombasa. Please indicate your current region of residence in your application. Key Requirements: - Recent graduate with a bachelor’s degree in marketing/sales/business management or related field and 1-2 years of experience in sales/trade promotions, brand visibility, customer service. The Retail Experience Intern supports the day-to-day operations of the Airtel retail shop by assisting the customer service team in delivering excellent customer experience. The role provides hands-on learning in sales, customer care, product knowledge, and operational processes within a leading telecommunications environment. Key Responsibilities: Welcome and assist customers visiting the shop in a professional and friendly manner. Respond to basic customer queries related to Airtel products and services (e.g. SIM registration, airtime, bundles, device troubleshooting). Support the resolution of customer complaints by escalating issues to Customer Service Executives or the Shop Manager. Ensure customers have a positive experience that reflects Airtel’s brand values. Support the shop team in promoting Airtel products, services, and offers. Guide customers through Airtel Money registration, PIN reset, and transaction processes. Educate customers on the use of Airtel Money and digital self-service platforms. Help maintain shop displays, branding, and cleanliness to ensure a professional environment. Perform any other duties that might be assigned by the shop manager from time to time.","Airtel Kenya Retail Experience Intern Nairobi • Kenya Only on Fuzu Oasis Outsourcing Customer Experience Associate – RH Nairobi • Kenya Only on Fuzu Media World Sales Executive – Kenya (Telecommunications) Nairobi • Kenya Only on Fuzu Oasis Outsourcing Sales Representative (Experience in Customer Service) | Part-Time Nairobi • Kenya Only on Fuzu Airtel Kenya LEGAL INTERN Nairobi , Nairobi • Kenya Only on Fuzu Jamii Telecommunications Solutions Architect & Presales Engineer Mombasa • Kenya Airtel Kenya ENTERPRISE PROJECT MANAGEMENT INTERN Nairobi • Kenya Closed for applications Only on Fuzu Airtel Kenya Retail Experience Intern Nairobi • Kenya Closed for applications Only on Fuzu Infobip Solutions Engineers Nairobi • Kenya Closed for applications Get personalised job alerts directly to your inbox! Join Fuzu for Free Ericsson Kenya Solution Architect Nairobi • Kenya Closed for applications Prev 1 2 3 Next Top cities with open vacancies Jobs in Nairobi , Jobs in Mombasa Companies hiring now Airtel Kenya , Infobip , Jamii Telecommunications , Oasis Outsourcing , The Simba Group Country / Region Africa Nigeria Uganda Profession (Telecommunications) Accounting, finance, banking, insurance , Business, strategic management , Customer support, client care , Information technology, software development, data , Legal , Manufacturing, operations, quality , Mechanical engineering , Sales, marketing, promotion , Telecommunications , Transportation, logistics, driving , Industry Aeronautics , Agriculture, fishing, forestry , Automotive , Banking, microfinance, insurance , Communications, media, radio, tv , Computers, software development and services , Construction, renovation, maintenance , Consulting, business support, auditing , Data/Research , Education, academic , Energy, utilities, environment , Engineering, architecture , Finance & FinTech , Financial Services , Fitness, well-being and lifestyle , Governmental , Health care, medical , Housekeeping, maintenance , Human resources, talent development, recruiting , Legal, accounting , Manufacturing , Marketing, advertising , Non-profit, social work , Outsourcing, leasing , Real estate , Restaurant, hospitality, travel , Retail, wholesale, FMCG , Security , Telecommunications , Textile, fashion , Transportation, logistics, storage , Seniority (Telecommunications) Entry and Basic-level , Mid-level , Fuzu About Fuzu Careers at Fuzu Contact us For Employers © Fuzu Ltd Kenya / Nairobi / Customer support, client care Airtel Kenya Telecommunications Retail Experience Intern Only on Fuzu Nairobi • Kenya Sign in and Apply Save Share Job details Location Nairobi • Kenya Contract Type About the job Company Description Are you inquisitive, creative, eager to learn and committed to excellence? This is just for you! The opportunity to join one of the largest telecom companies in the world. We are currently seeking qualified candidates based in Nairobi and Mombasa. Please indicate your current region of residence in your application. Key Requirements: - Recent graduate with a bachelor’s degree in marketing/sales/business management or related field and 1-2 years of experience in sales/trade promotions, brand visibility, customer service. The Retail Experience Intern supports the day-to-day operations of the Airtel retail shop by assisting the customer service team in delivering excellent customer experience. The role provides hands-on learning in sales, customer care, product knowledge, and operational processes within a leading telecommunications environment. Key Responsibilities: Welcome and assist customers visiting the shop in a professional and friendly manner. Respond to basic customer queries related to Airtel products and services (e.g. SIM registration, airtime, bundles, device troubleshooting). Support the resolution of customer complaints by escalating issues to Customer Service Executives or the Shop Manager. Ensure customers have a positive experience that reflects Airtel’s brand values. Support the shop team in promoting Airtel products, services, and offers. Guide customers through Airtel Money registration, PIN reset, and transaction processes. Educate customers on the use of Airtel Money and digital self-service platforms. Help maintain shop displays, branding, and cleanliness to ensure a professional environment. Perform any other duties that might be assigned by the shop manager from time to time. Tags Customer support, client care Telecommunications Entry and Basic-level Kenya Start hiring with Fuzu Recruit better talent faster - on your own or with our support. Explore recruitment platform Job search tips from Fuzu Selected articles on cover letters, CV structure, and interview preparation. Get Interviews: 5 Steps to a Perfect Cover Letter Salary Negotiation Tips and What You Should Focus On Why Do Successful People Love to Do These 5 Things Before Job Interviews? Let’s Find Out Are You Prepared for These 8 Unique Interview Questions? 10 Questions you can Ask your Interviewer Sign in and Apply",Nairobi • Kenya,Kenya,On-site,0,,"Information Technology, Software Development, Data",,About the job,,,,,,,Software & IT,https://www.fuzu.com/kenya/job/telecommunications,2026-08-24T19:34:00.570893+00:00
4a3778dfaa50d5e1,Fuzu,4a3778dfaa50d5e1,"Transportation, logistics, driving Jobs in Kenya","Description Job Summary For this role, The Driver will be responsible for providing safe, reliable, and timely transportation for staff, visitors, equipment, and other organizational needs. This role will also involve maintaining the assigned vehicle in good condition, ensuring proper documentation, supporting field activities, and assisting with logistics and transportation-related tasks as required. Key Responsibilities: General Duties Provide reliable and safe driving services ensuring high accuracy of work and timeliness. Demonstrate a high sense of responsibility, courtesy, tact, and the ability to work with people of different national and cultural backgrounds. Provide driving services to the operations and staff in the Country Projects and visiting experts. Responsible for driving office vehicles for the transport of authorized personnel and delivery and collection of mail, documents, and other items. Ensure cost-saving through proper use of vehicle through accurate maintenance of daily vehicle logs, provision of inputs to preparation of vehicle maintenance plans and reports. Ensure proper day-to-day maintenance of the assigned vehicle through timely minor repairs, arrangements for major repairs, timely changes of oil, check of tires, brakes, car washing, etc. Ensure availability of all the required documents/supplies including vehicle insurance, vehicle logs, office directory, map of the city/country, first aid kit, necessary spare parts. Ensure that all immediate actions required by rules and regulations are taken in case of involvement in accidents. Operations Accurately register patients in Outreaches and record accurate and clear records of patients. Oversee an organized general patient flow in an eye camp in partnership with the Community Health Volunteers or otherwise mobilizers. Take detailed medical histories that include current and past prescriptions. Educate and advise patients on proper eye care while maintaining high standard of care. Ensure the patient’s Registration queues are well organized and sequential. Perform any other tasks or duties as assigned by the Executive Director or other senior leadership, as required by the evolving needs of the organization and the context in which it operates. Qualifications & Skills: Minimum 5 years of professional driving experience. Must have a valid Kenyan driving license with the appropriate class for driving a van. Must have a valid PSV (Public Service Vehicle) license. KCSE certificate or equivalent qualification. Clean driving record and strong commitment to road safety. Good knowledge of Nairobi and major routes across Kenya. Basic knowledge of vehicle maintenance and troubleshooting. Good communication and interpersonal skills. Ability to work independently, manage time effectively, and follow instructions. Professional, reliable, punctual, and trustworthy. Ability to maintain confidentiality when handling staff and organizational information. First Aid certification or basic first aid knowledge would be an added advantage. NB: Interviews are on a rolling basis. Only short-listed candidate (s) will be contacted. GoodVision Kenya is an equal opportunity employer, and respect all gender, nationality or religious affiliations.","GoodVision Kenya Driver Nairobi • Kenya Only on Fuzu Unique Brilliant Tours and Safari Executive Driver Nairobi • Kenya Only on Fuzu Unique Brilliant Tours and Safari Fleet Administrator Nairobi • Kenya Only on Fuzu British Army Training Unit Kenya (BATUK) GE Technical Storeman Nanyuki, Kenya Nanyuki • Kenya Amentum Inventory Management Specialist Lamu • Kenya Institute of Transportation and Development Policy (ITDP) Africa Manager, Transport Finance Nairobi • Kenya Unga Holdings Limited Procurement Category Specialist - Maize & Pulses Nakuru • Kenya RentoKill Intial Procurement, Fleet and Facilities Officer - East Africa Nairobi • Kenya Nairobi Central Hardware Ltd Procurement Manager Nairobi • Kenya Get personalised job alerts directly to your inbox! Join Fuzu for Free Takataka Solutions Procurement Coordinator Nairobi • Kenya Prev 1 2 3 Next Top cities with open vacancies Jobs in Nairobi , Jobs in Kisumu , Jobs in Mombasa , Jobs in Lamu , Jobs in Homa Bay , Jobs in Embu , Jobs in Eldoret , Jobs in Nakuru , Jobs in Thika , Jobs in Nyeri , Jobs in Nanyuki , Jobs in Kakuma , Jobs in Kajiado , Jobs in Bomet , Jobs in Ol Kalou Companies hiring now Africa Global Logistics Kenya , ALS Limited , Kenya Broadcasting Corporation- KBC , Rift Valley Technical Training Institute- RVTTI , Victory Farms Country / Region Africa Nigeria Uganda Profession Accounting, finance, banking, insurance , Administrative, clerical , Agriculture, fishing, forestry, wildlife , Business, strategic management , Construction , Customer support, client care , Design, arts , Electrical engineering , Energy, power , Engineering, architecture , Entertainment , Food, nutrition , General management, leadership , Government, community development, public services , Human resources , Information technology, software development, data , Installation, maintenance, repair , Legal , Manufacturing, operations, quality , Mechanical engineering , Media, communications, languages , Medical, health , Project, program management , Research, academy , Restaurant, hospitality, travel , Sales, marketing, promotion , Security , Skilled, manual labor , Sports, beauty, wellbeing , Teaching, training , Telecommunications , Transportation, logistics, driving , Industry (Transportation, logistics, driving) Aeronautics , Agriculture, fishing, forestry , Communications, media, radio, tv , Computers, software development and services , Construction, renovation, maintenance , Consulting, business support, auditing , Education, academic , Energy, utilities, environment , Health care, medical , Housekeeping, maintenance , Manufacturing , Non-profit, social work , Restaurant, hospitality, travel , Security , Telecommunications , Transportation, logistics, storage , Seniority (Transportation, logistics, driving) Entry and Basic-level , Mid-level , Senior-level , Fuzu About Fuzu Careers at Fuzu Contact us For Employers © Fuzu Ltd Kenya / Nairobi / Transportation, logistics, driving GoodVision Kenya Non-profit + 1 more Driver Only on Fuzu Nairobi • Kenya Sign in and Apply Save Share Job details Location Nairobi • Kenya Salary About the job Company Description Job Summary For this role, The Driver will be responsible for providing safe, reliable, and timely transportation for staff, visitors, equipment, and other organizational needs. This role will also involve maintaining the assigned vehicle in good condition, ensuring proper documentation, supporting field activities, and assisting with logistics and transportation-related tasks as required. Key Responsibilities: General Duties Provide reliable and safe driving services ensuring high accuracy of work and timeliness. Demonstrate a high sense of responsibility, courtesy, tact, and the ability to work with people of different national and cultural backgrounds. Provide driving services to the operations and staff in the Country Projects and visiting experts. Responsible for driving office vehicles for the transport of authorized personnel and delivery and collection of mail, documents, and other items. Ensure cost-saving through proper use of vehicle through accurate maintenance of daily vehicle logs, provision of inputs to preparation of vehicle maintenance plans and reports. Ensure proper day-to-day maintenance of the assigned vehicle through timely minor repairs, arrangements for major repairs, timely changes of oil, check of tires, brakes, car washing, etc. Ensure availability of all the required documents/supplies including vehicle insurance, vehicle logs, office directory, map of the city/country, first aid kit, necessary spare parts. Ensure that all immediate actions required by rules and regulations are taken in case of involvement in accidents. Operations Accurately register patients in Outreaches and record accurate and clear records of patients. Oversee an organized general patient flow in an eye camp in partnership with the Community Health Volunteers or otherwise mobilizers. Take detailed medical histories that include current and past prescriptions. Educate and advise patients on proper eye care while maintaining high standard of care. Ensure the patient’s Registration queues are well organized and sequential. Perform any other tasks or duties as assigned by the Executive Director or other senior leadership, as required by the evolving needs of the organization and the context in which it operates. Qualifications & Skills: Minimum 5 years of professional driving experience. Must have a valid Kenyan driving license with the appropriate class for driving a van. Must have a valid PSV (Public Service Vehicle) license. KCSE certificate or equivalent qualification. Clean driving record and strong commitment to road safety. Good knowledge of Nairobi and major routes across Kenya. Basic knowledge of vehicle maintenance and troubleshooting. Good communication and interpersonal skills. Ability to work independently, manage time effectively, and follow instructions. Professional, reliable, punctual, and trustworthy. Ability to maintain confidentiality when handling staff and organizational information. First Aid certification or basic first aid knowledge would be an added advantage. NB: Interviews are on a rolling basis. Only short-listed candidate (s) will be contacted. GoodVision Kenya is an equal opportunity employer, and respect all gender, nationality or religious affiliations. Tags Transportation, logistics, driving Non-profit, social work Mid-level Kenya Start hiring with Fuzu Recruit better talent faster - on your own or with our support. Explore recruitment platform Job search tips from Fuzu Selected articles on cover letters, CV structure, and interview preparation. Get Interviews: 5 Steps to a Perfect Cover Letter Salary Negotiation Tips and What You Should Focus On Why Do Successful People Love to Do These 5 Things Before Job Interviews? Let’s Find Out Are You Prepared for These 8 Unique Interview Questions? 10 Questions you can Ask your Interviewer Sign in and Apply",Nairobi • Kenya Salary About the job,Kenya,On-site,0,,"Information Technology, Software Development, Data",,,,,,,,,Software & IT,https://www.fuzu.com/kenya/job/transportation-logistics-driving,2026-08-24T19:34:04.113213+00:00
fbc1d2ade0807a39,BrighterMonday,fbc1d2ade0807a39,APPLICATIONS & SOFTWARE OFFICER,,"Find a Job + + + + Search Homepage Software & Data Manufacturing & Warehousing Nairobi Full Time APPLICATIONS & SOFTWARE OFFICER APPLICATIONS & SOFTWARE OFFICER Brites Management Services Limited Software & Data 5 days ago Easy apply New Nairobi Full Time Manufacturing & Warehousing Confidential Share link Share on WhatsApp Share on LinkedIn Share on Facebook Share on Twitter Share via SMS Job summary The Applications & Software Officer oversees the management of software applications and operational systems to ensure efficiency and seamless integration in a manufacturing organization. This role focuses on optimizing software tools, including enterprise applications, to support daily operations and improve productivity in manufacturing processes. Min Qualification: Bachelors Experience Level: Mid level Experience Length: 3 years Language Requirement: English Working Hours: Full Time - 8 to 5 Applicant Location: Kenya Job descriptions & requirements JOB TITLE APPLICATIONS & SOFTWARE OFFICER NATURE OF JOB FULL TIME INDUSTRY MANUFACTURING SALARY KSHS.40,000-70,000 JOB LOCATION MLOLONGO DUTIES AND RESPONSIBILITIES Application Management · Install, configure, maintain, and administer enterprise applications, ERP systems, and operational software. · Monitor application availability, performance, and functionality to minimize disruptions to business and manufacturing operations. · Maintain application configurations, documentation, user access, and system records. Application Support & Troubleshooting · Diagnose and resolve application-related incidents and provide timely technical support to users. · Investigate recurring application problems and implement appropriate corrective and preventive measures. · Escalate complex issues to vendors, developers, or specialized support teams when required. ERP & Manufacturing Systems · Support ERP and operational systems such as SAP, Oracle, or equivalent platforms used across the organization. · Work with business and production teams to ensure applications effectively support inventory, procurement, finance, quality, production, and supply chain processes. · Identify opportunities to optimize applications and workflows to improve operational efficiency. Application Integration & Development · Collaborate with development and infrastructure teams to customize applications and develop solutions for manufacturing requirements. · Support integrations between ERP, operational applications, databases, and other IT or manufacturing systems. · Use scripting and database technologies such as Python and SQL to support automation, reporting, troubleshooting, and integration activities. Updates, Patching & Change Management · Plan and implement application upgrades, patches, configuration changes, and system enhancements. · Test application changes and integrations before deployment to minimize operational risks. · Maintain appropriate change-management procedures and ensure compatibility between integrated systems. Performance Monitoring & Optimization · Monitor application performance and analyze system data to identify bottlenecks and inefficiencies. · Implement improvements that enhance application reliability, processing speed, and user experience. · Track application performance and generate reports on system usage, availability, and efficiency. User Support & Training · Provide technical guidance and support to users across business and manufacturing functions. · Develop user guides and conduct training sessions on application functionality and best practices. · Gather user feedback and translate operational requirements into practical application improvements. Software Security & Compliance · Ensure applications are configured and maintained in accordance with IT security and data protection requirements. · Monitor software licensing, user access, and compliance with applicable organizational standards. · Support security assessments, audits, vulnerability remediation, and application access reviews. Documentation & Reporting · Maintain accurate application documentation, configuration records, procedures, and support knowledge bases. · Document application incidents, changes, integrations, and resolutions. · Prepare regular reports on application performance, usage, support activities, and improvement initiatives. KEY REQUIREMENT SKILLS AND QUALIFICATION · Degree in Information Technology, Software Engineering, or a related field. · 3-5 years of experience in software application management, with a focus on manufacturing environments. · Proficiency in managing applications like SAP, Oracle, or similar operational systems. · Strong analytical skills for assessing system efficiency and process optimization · Experience with scripting languages (e.g., Python, SQL) for automation and integration. · Certifications such as Microsoft Certified: Azure Administrator or equivalent. · Ability to train users and communicate technical concepts effectively. · Knowledge of manufacturing processes to align software solutions with operational needs. HOW TO APPLY · If you meet the above qualifications, skills and experience share CV on recruitment@britesmanagement.com · Interviews will be carried out on a rolling basis until the position is filled. · Only the shortlisted candidates will be contacted. Log In and Apply Important safety tips Do not make any payment without confirming with the BrighterMonday Customer Support Team. If you think this advert is not genuine, please report it via the Report Job link below. Report Job Log in to apply now Continue with Google google-icon Continue with Linkedin Or continue with Forgot Password? Keep me logged in Log in Don't have an account? Sign Up to Apply Share link Share on WhatsApp Share on LinkedIn Share on Facebook Share on Twitter Share via SMS Activate Notifications Stay productive - get the latest updates on Jobs & News Activate Deactivate Notifications Stop receiving the latest updates on Jobs & News Deactivate This action will pause all job alerts. Are you sure? Cancel Proceed Similar jobs Lorem ipsum dolor sit amet consectetur adipiscing elit Lorem ipsum Lorem ipsum dolor (Location) Lorem ipsum Confidential 3 years ago Lorem ipsum dolor sit amet consectetur adipiscing elit Lorem ipsum Lorem ipsum dolor (Location) Lorem ipsum Confidential 3 years ago View More Stay Updated Join our newsletter and get the latest job listings and career insights delivered straight to your inbox. v2.homepage.newsletter_signup.choose_type Jobseeker Employer Email address * We care about the protection of your data. Read our Notify Me We care about the protection of your data. Read our privacy policy .",,Kenya,On-site,0,,Software & Data,,,,,"KSHS.40,000-70,000 JOB",,,,Software & IT,https://www.brightermonday.co.ke/listings/applications-software-officer-7j8qnz,2026-08-24T19:34:11.210731+00:00
9e96f22975ade4c3,BrighterMonday,9e96f22975ade4c3,CCTV CONTROLLER,,"Find a Job + + + + Search Homepage Software & Data Education Nairobi Full Time CCTV CONTROLLER CCTV CONTROLLER Brites Management Services Limited Software & Data Today Easy apply New Nairobi Full Time Education Confidential Share link Share on WhatsApp Share on LinkedIn Share on Facebook Share on Twitter Share via SMS Job summary Operate and continuously monitor CCTV systems across designated areas to identify suspicious activities, security breaches and safety hazards. Min Qualification: Diploma Experience Level: Entry level Experience Length: 2 years Language Requirement: English Working Hours: Full Time - 8 to 5 Applicant Location: Kenya Job descriptions & requirements JOB TITLE CCTV CONTROLLER NATURE OF JOB FULL TIME INDUSTRY EDUCATION SALARY KSHS. 30,000-35,000 JOB LOCATION ONGATA RONGA I DUTIES AND RESPONSIBILITIES CCTV Monitoring & Surveillance · Operate and continuously monitor CCTV systems across designated areas to identify suspicious activities, security breaches and safety hazards. · Maintain high levels of alertness and attention to detail while monitoring live and recorded footage. · Respond promptly to alarms, incidents and unusual activities observed through the CCTV system. Incident Reporting & Documentation · Record and document security incidents, suspicious activities and other observations accurately and promptly. · Prepare clear and detailed incident reports for management and relevant security teams. · Maintain proper records of incidents, actions taken, escalations and other relevant CCTV activities. Security Response & Coordination · Coordinate with security personnel, management and relevant authorities when security incidents occur. · Provide timely information and instructions to security teams to support an effective response. · Assist in investigations by reviewing CCTV footage and providing relevant evidence or detailed descriptions. CCTV System Maintenance · Conduct regular checks to ensure CCTV cameras, monitors, recording systems and related equipment are functioning properly. · Report technical faults, blind spots or system failures promptly to the relevant department or service provider. · Assist with the implementation and operation of new CCTV systems, technologies and security equipment. Compliance & Confidentiality · Ensure all CCTV monitoring activities comply with company security procedures, privacy requirements and applicable regulations. · Maintain strict confidentiality of CCTV footage, security information and incident records. · Ensure CCTV footage and other security information are accessed, handled and shared only with authorized personnel. Teamwork & Security Support · Maintain clear and effective communication with security personnel and other relevant departments. · Support the training and orientation of new CCTV and security staff on monitoring procedures and systems. · Work independently and as part of the security team to maintain a safe and secure environment. KEY REQUIREMENT SKILLS AND QUALIFICATION · 2–4 years of relevant experience in a similar CCTV, control room or security monitoring role. · Strong understanding of CCTV systems and related surveillance technology. · Excellent observational skills and strong attention to detail. · Ability to remain alert and focused for extended periods. · Good communication and interpersonal skills. · Ability to remain calm and respond effectively in high-pressure and emergency situations. · Good report-writing and documentation skills. · Ability to work independently and as part of a team. · Knowledge of security, data protection and privacy regulations will be an added advantage. · Female Candidates are encouraged to apply HOW TO APPLY · If you meet the above qualifications, skills and experience share CV on recruitment@britesmanagement.com · Interviews will be carried out on a rolling basis until the position is filled. · Only the shortlisted candidates will be contacted. Log In and Apply Important safety tips Do not make any payment without confirming with the BrighterMonday Customer Support Team. If you think this advert is not genuine, please report it via the Report Job link below. Report Job Log in to apply now Continue with Google google-icon Continue with Linkedin Or continue with Forgot Password? Keep me logged in Log in Don't have an account? Sign Up to Apply Share link Share on WhatsApp Share on LinkedIn Share on Facebook Share on Twitter Share via SMS Activate Notifications Stay productive - get the latest updates on Jobs & News Activate Deactivate Notifications Stop receiving the latest updates on Jobs & News Deactivate This action will pause all job alerts. Are you sure? Cancel Proceed Similar jobs Lorem ipsum dolor sit amet consectetur adipiscing elit Lorem ipsum Lorem ipsum dolor (Location) Lorem ipsum Confidential 3 years ago Lorem ipsum dolor sit amet consectetur adipiscing elit Lorem ipsum Lorem ipsum dolor (Location) Lorem ipsum Confidential 3 years ago View More Stay Updated Join our newsletter and get the latest job listings and career insights delivered straight to your inbox. v2.homepage.newsletter_signup.choose_type Jobseeker Employer Email address * We care about the protection of your data. Read our Notify Me We care about the protection of your data. Read our privacy policy .",,Kenya,On-site,0,,Software & Data,,,,,"KSHS. 30,000-35,000 JOB",,,,Software & IT,https://www.brightermonday.co.ke/listings/cctv-controller-z8vmx8,2026-08-24T19:34:14.833527+00:00
125c65c4d20e6b16,BrighterMonday,125c65c4d20e6b16,Domain Expert - Geography,,"Find a Job + + + + Search Homepage Software & Data IT & Telecoms Remote (Work From Home) Full Time Domain Expert - Geography Domain Expert - Geography Workforce Africa Software & Data 1 week ago Easy apply New Remote (Work From Home) Full Time IT & Telecoms Confidential Share link Share on WhatsApp Share on LinkedIn Share on Facebook Share on Twitter Share via SMS Job summary We are seeking a highly qualified Geography Domain Expert to evaluate and improve Large Language Models (LLMs). You will design challenging prompts, assess factual accuracy and reasoning, and identify knowledge gaps within physical and human geography, GIS concepts, climate, geopolitics, and demographics. This role exists to support thoughtful business decisions through accurate, dependable work. You will manage day-to-day responsibilities with a strong focus on quality and collaboration. Work is primarily asynchronous, with most tasks completed independently rather than through live meetings. The team is distributed across several countries and time zones. Min Qualification: Bachelors Experience Level: Mid level Experience Length: 3 years Language Requirement: English Working Hours: Full Time - 8 to 5 Applicant Location: Remote (Work From Home), Kenya Job descriptions & requirements What You'll Do Create advanced prompts covering physical and human geography, GIS concepts, climate, geopolitics, and demographics. Evaluate AI-generated responses for factual accuracy, reasoning quality, completeness, and nuance. Identify hallucinations, logical inconsistencies, outdated information, and edge cases. Develop benchmark datasets and adversarial test cases. Provide evidence-based feedback with reliable references. Collaborate with AI researchers to improve model performance. Maintain high annotation quality and documentation. Day - to - day task Write domain-specific prompts of varying difficulty. Compare multiple AI responses and rank them. Explain why a response is correct or incorrect using authoritative references. Identify ambiguous questions and propose improved prompts. What We're Looking For Master's degree or higher in a discipline related to Geography. 3+ years of professional, research, or teaching experience. Excellent written English and analytical skills. Strong attention to detail. Experience with LLMs, Generative AI, prompt engineering, or AI evaluation. Published research, industry recognition, or teaching experience is a plus. Ability to work independently and provide objective, evidence-backed reviews. Log In and Apply Important safety tips Do not make any payment without confirming with the BrighterMonday Customer Support Team. If you think this advert is not genuine, please report it via the Report Job link below. Report Job Log in to apply now Continue with Google google-icon Continue with Linkedin Or continue with Forgot Password? Keep me logged in Log in Don't have an account? Sign Up to Apply Share link Share on WhatsApp Share on LinkedIn Share on Facebook Share on Twitter Share via SMS Activate Notifications Stay productive - get the latest updates on Jobs & News Activate Deactivate Notifications Stop receiving the latest updates on Jobs & News Deactivate This action will pause all job alerts. Are you sure? Cancel Proceed Similar jobs Lorem ipsum dolor sit amet consectetur adipiscing elit Lorem ipsum Lorem ipsum dolor (Location) Lorem ipsum Confidential 3 years ago Lorem ipsum dolor sit amet consectetur adipiscing elit Lorem ipsum Lorem ipsum dolor (Location) Lorem ipsum Confidential 3 years ago View More Stay Updated Join our newsletter and get the latest job listings and career insights delivered straight to your inbox. v2.homepage.newsletter_signup.choose_type Jobseeker Employer Email address * We care about the protection of your data. Read our Notify Me We care about the protection of your data. Read our privacy policy .",,Kenya,Remote,1,Kenya,Software & Data,,,,,,,,,Software & IT,https://www.brightermonday.co.ke/listings/domain-expert-geography-d9eq95,2026-08-24T19:34:17.795378+00:00
d33077bd7fcc0870,BrighterMonday,d33077bd7fcc0870,Domain Expert - History,,"Find a Job + + + + Search Homepage Software & Data IT & Telecoms Remote (Work From Home) Full Time Domain Expert - History Domain Expert - History Workforce Africa Software & Data 1 week ago Easy apply New Remote (Work From Home) Full Time IT & Telecoms Confidential Share link Share on WhatsApp Share on LinkedIn Share on Facebook Share on Twitter Share via SMS Job summary We are seeking a highly qualified History Domain Expert to evaluate and improve Large Language Models (LLMs). You will design challenging prompts, assess factual accuracy and reasoning, and identify knowledge gaps within ancient, medieval, modern, political, military, archaeology, and historiography. This role exists to support thoughtful business decisions through accurate, dependable work. You will manage day-to-day responsibilities with a strong focus on quality and collaboration. Work is primarily asynchronous, with most tasks completed independently rather than through live meetings. The team is distributed across several countries and time zones. Min Qualification: Masters Experience Level: Mid level Experience Length: 3 years Language Requirement: English Working Hours: Full Time - 8 to 5 Applicant Location: Remote (Work From Home), Kenya Job descriptions & requirements What You'll Do Create advanced prompts covering ancient, medieval, modern, political, military, archaeology, and historiography. Evaluate AI-generated responses for factual accuracy, reasoning quality, completeness, and nuance. Identify hallucinations, logical inconsistencies, outdated information, and edge cases. Develop benchmark datasets and adversarial test cases. Provide evidence-based feedback with reliable references. Collaborate with AI researchers to improve model performance. Maintain high annotation quality and documentation. Day - to - day task Write domain-specific prompts of varying difficulty. Compare multiple AI responses and rank them. Explain why a response is correct or incorrect using authoritative references. Identify ambiguous questions and propose improved prompts. What We're Looking For Master's degree or higher in a discipline related to History. 3+ years of professional, research, or teaching experience. Excellent written English and analytical skills. Strong attention to detail. Experience with LLMs, Generative AI, prompt engineering, or AI evaluation. Published research, industry recognition, or teaching experience is a plus. Ability to work independently and provide objective, evidence-backed reviews. Log In and Apply Important safety tips Do not make any payment without confirming with the BrighterMonday Customer Support Team. If you think this advert is not genuine, please report it via the Report Job link below. Report Job Log in to apply now Continue with Google google-icon Continue with Linkedin Or continue with Forgot Password? Keep me logged in Log in Don't have an account? Sign Up to Apply Share link Share on WhatsApp Share on LinkedIn Share on Facebook Share on Twitter Share via SMS Activate Notifications Stay productive - get the latest updates on Jobs & News Activate Deactivate Notifications Stop receiving the latest updates on Jobs & News Deactivate This action will pause all job alerts. Are you sure? Cancel Proceed Similar jobs Lorem ipsum dolor sit amet consectetur adipiscing elit Lorem ipsum Lorem ipsum dolor (Location) Lorem ipsum Confidential 3 years ago Lorem ipsum dolor sit amet consectetur adipiscing elit Lorem ipsum Lorem ipsum dolor (Location) Lorem ipsum Confidential 3 years ago View More Stay Updated Join our newsletter and get the latest job listings and career insights delivered straight to your inbox. v2.homepage.newsletter_signup.choose_type Jobseeker Employer Email address * We care about the protection of your data. Read our Notify Me We care about the protection of your data. Read our privacy policy .",,Kenya,Remote,1,Kenya,Software & Data,,,,,,,,,Software & IT,https://www.brightermonday.co.ke/listings/domain-expert-history-5p6np7,2026-08-24T19:34:20.659395+00:00
612ad8ca6cc49899,BrighterMonday,612ad8ca6cc49899,Domain Expert - Movies & TV shows,,"Find a Job + + + + Search Homepage Software & Data IT & Telecoms Remote (Work From Home) Contract Domain Expert - Movies & TV shows Domain Expert - Movies & TV shows Workforce Africa Software & Data 1 week ago Easy apply New Remote (Work From Home) Contract IT & Telecoms Confidential Share link Share on WhatsApp Share on LinkedIn Share on Facebook Share on Twitter Share via SMS Job summary We are seeking a highly qualified TV Shows & Movies Domain Expert to evaluate and improve Large Language Models (LLMs). You will design challenging prompts, assess factual accuracy and reasoning, and identify knowledge gaps within film, television, streaming, actors, directors, genres, awards, franchises, and entertainment history. This role exists to support thoughtful business decisions through accurate, dependable work. You will manage day-to-day responsibilities with a strong focus on quality and collaboration. Work is primarily asynchronous, with most tasks completed independently rather than through live meetings. The team is distributed across several countries and time zones. Min Qualification: Masters Experience Level: Mid level Experience Length: 3 years Language Requirement: English Working Hours: Contract - 8 to 5 Applicant Location: Remote (Work From Home), Kenya Job descriptions & requirements What You'll Do Create advanced prompts covering film, television, streaming, actors, directors, genres, awards, franchises, and entertainment history. Evaluate AI-generated responses for factual accuracy, reasoning quality, completeness, and nuance. Identify hallucinations, logical inconsistencies, outdated information, and edge cases. Develop benchmark datasets and adversarial test cases. Provide evidence-based feedback with reliable references. Collaborate with AI researchers to improve model performance. Maintain high annotation quality and documentation. Day - to - day task Write domain-specific prompts of varying difficulty. Compare multiple AI responses and rank them. Explain why a response is correct or incorrect using authoritative references. Identify ambiguous questions and propose improved prompts. What We're Looking For Master's degree or higher in a discipline related to TV shows & movies. 3+ years of professional, research, or teaching experience. Excellent written English and analytical skills. Strong attention to detail. Experience with LLMs, Generative AI, prompt engineering, or AI evaluation. Published research, industry recognition, or teaching experience is a plus. Ability to work independently and provide objective, evidence-backed reviews. Log In and Apply Important safety tips Do not make any payment without confirming with the BrighterMonday Customer Support Team. If you think this advert is not genuine, please report it via the Report Job link below. Report Job Log in to apply now Continue with Google google-icon Continue with Linkedin Or continue with Forgot Password? Keep me logged in Log in Don't have an account? Sign Up to Apply Share link Share on WhatsApp Share on LinkedIn Share on Facebook Share on Twitter Share via SMS Activate Notifications Stay productive - get the latest updates on Jobs & News Activate Deactivate Notifications Stop receiving the latest updates on Jobs & News Deactivate This action will pause all job alerts. Are you sure? Cancel Proceed Similar jobs Lorem ipsum dolor sit amet consectetur adipiscing elit Lorem ipsum Lorem ipsum dolor (Location) Lorem ipsum Confidential 3 years ago Lorem ipsum dolor sit amet consectetur adipiscing elit Lorem ipsum Lorem ipsum dolor (Location) Lorem ipsum Confidential 3 years ago View More Stay Updated Join our newsletter and get the latest job listings and career insights delivered straight to your inbox. v2.homepage.newsletter_signup.choose_type Jobseeker Employer Email address * We care about the protection of your data. Read our Notify Me We care about the protection of your data. Read our privacy policy .",,Kenya,Remote,1,Kenya,Software & Data,,,,,,,,,Software & IT,https://www.brightermonday.co.ke/listings/domain-expert-movies-tv-shows-ern89d,2026-08-24T19:34:23.291544+00:00
7e83040b5b2e836c,BrighterMonday,7e83040b5b2e836c,Domain Expert - Others,,"Find a Job + + + + Search Homepage Software & Data IT & Telecoms Remote (Work From Home) Contract Domain Expert - Others Domain Expert - Others Workforce Africa Software & Data 1 week ago Easy apply New Remote (Work From Home) Contract IT & Telecoms Confidential Share link Share on WhatsApp Share on LinkedIn Share on Facebook Share on Twitter Share via SMS Job summary We are seeking highly qualified Subject Matter Experts (SMEs) across a wide range of academic, research, and industry disciplines to support the evaluation, testing, and improvement of state-of-the-art Large Language Models (LLMs). In this role, you will leverage your expertise to evaluate AI-generated responses, design domain-specific prompts, identify knowledge gaps, and provide evidence-based feedback to improve the quality and reasoning capabilities of advanced AI systems. This role exists to support thoughtful business decisions through accurate, dependable work. You will manage day-to-day responsibilities with a strong focus on quality and collaboration. Work is primarily asynchronous, with most tasks completed independently rather than through live meetings. The team is distributed across several countries and time zones. Min Qualification: Masters Experience Level: Mid level Experience Length: 3 years Language Requirement: English Working Hours: Contract - 8 to 5 Applicant Location: Remote (Work From Home), Kenya Job descriptions & requirements What You'll Do Create complex, domain-specific prompts to test LLM capabilities. Evaluate AI-generated responses for factual accuracy, reasoning, and quality. Identify factual errors, logical inconsistencies, and model weaknesses. Develop challenging test cases that expose model limitations. Provide clear, evidence-based feedback to improve model performance. Day - to - day task Write domain-specific prompts of varying difficulty. Compare multiple AI responses and rank them. Explain why a response is correct or incorrect using authoritative references. Identify ambiguous questions and propose improved prompts. What We're Looking For Master's degree or higher in a relevant domain. Minimum 3 years of professional, research, or teaching experience. Excellent written English communication skills. Strong analytical skills and exceptional attention to detail. Experience with LLMs, Generative AI, prompt engineering, or AI evaluation. Published research, industry recognition, or teaching experience is a plus. Ability to work independently and provide objective, evidence-backed reviews. Log In and Apply Important safety tips Do not make any payment without confirming with the BrighterMonday Customer Support Team. If you think this advert is not genuine, please report it via the Report Job link below. Report Job Log in to apply now Continue with Google google-icon Continue with Linkedin Or continue with Forgot Password? Keep me logged in Log in Don't have an account? Sign Up to Apply Share link Share on WhatsApp Share on LinkedIn Share on Facebook Share on Twitter Share via SMS Activate Notifications Stay productive - get the latest updates on Jobs & News Activate Deactivate Notifications Stop receiving the latest updates on Jobs & News Deactivate This action will pause all job alerts. Are you sure? Cancel Proceed Similar jobs Lorem ipsum dolor sit amet consectetur adipiscing elit Lorem ipsum Lorem ipsum dolor (Location) Lorem ipsum Confidential 3 years ago Lorem ipsum dolor sit amet consectetur adipiscing elit Lorem ipsum Lorem ipsum dolor (Location) Lorem ipsum Confidential 3 years ago View More Stay Updated Join our newsletter and get the latest job listings and career insights delivered straight to your inbox. v2.homepage.newsletter_signup.choose_type Jobseeker Employer Email address * We care about the protection of your data. Read our Notify Me We care about the protection of your data. Read our privacy policy .",,Kenya,Remote,1,Kenya,Software & Data,,,,,,,,,Software & IT,https://www.brightermonday.co.ke/listings/domain-expert-others-0kg6nk,2026-08-24T19:34:25.699851+00:00
23771ab9e38fc1fc,BrighterMonday,23771ab9e38fc1fc,Domain Expert Politics,,"Find a Job + + + + Search Homepage Software & Data IT & Telecoms Remote (Work From Home) Contract Domain Expert Politics Domain Expert Politics Workforce Africa Software & Data 1 week ago Easy apply New Remote (Work From Home) Contract IT & Telecoms Confidential Share link Share on WhatsApp Share on LinkedIn Share on Facebook Share on Twitter Share via SMS Job summary We are seeking a highly qualified Politics Domain Expert to evaluate and improve Large Language Models (LLMs). You will design challenging prompts, assess factual accuracy and reasoning, and identify knowledge gaps within political science, governance, elections, public policy, international relations. This role exists to support thoughtful business decisions through accurate, dependable work. You will manage day-to-day responsibilities with a strong focus on quality and collaboration. Work is primarily asynchronous, with most tasks completed independently rather than through live meetings. The team is distributed across several countries and time zones. Min Qualification: Masters Experience Level: Mid level Experience Length: 3 years Language Requirement: English Working Hours: Contract - 8 to 5 Applicant Location: Remote (Work From Home), Kenya Job descriptions & requirements What You'll Do Create advanced prompts covering political science, governance, elections, public policy and international relations. Evaluate AI-generated responses for factual accuracy, reasoning quality, completeness, and nuance. Identify hallucinations, logical inconsistencies, outdated information, and edge cases. Develop benchmark datasets and adversarial test cases. Provide evidence-based feedback with reliable references. Collaborate with AI researchers to improve model performance. Maintain high annotation quality and documentation. What We're Looking For Master's degree or higher in a discipline related to Politics. 3+ years of professional, research, or teaching experience. Excellent written English and analytical skills. Strong attention to detail. Experience with LLMs, Generative AI, prompt engineering, or AI evaluation. Published research, industry recognition, or teaching experience is a plus. Ability to work independently and provide objective, evidence-backed reviews. Log In and Apply Important safety tips Do not make any payment without confirming with the BrighterMonday Customer Support Team. If you think this advert is not genuine, please report it via the Report Job link below. Report Job Log in to apply now Continue with Google google-icon Continue with Linkedin Or continue with Forgot Password? Keep me logged in Log in Don't have an account? Sign Up to Apply Share link Share on WhatsApp Share on LinkedIn Share on Facebook Share on Twitter Share via SMS Activate Notifications Stay productive - get the latest updates on Jobs & News Activate Deactivate Notifications Stop receiving the latest updates on Jobs & News Deactivate This action will pause all job alerts. Are you sure? Cancel Proceed Similar jobs Lorem ipsum dolor sit amet consectetur adipiscing elit Lorem ipsum Lorem ipsum dolor (Location) Lorem ipsum Confidential 3 years ago Lorem ipsum dolor sit amet consectetur adipiscing elit Lorem ipsum Lorem ipsum dolor (Location) Lorem ipsum Confidential 3 years ago View More Stay Updated Join our newsletter and get the latest job listings and career insights delivered straight to your inbox. v2.homepage.newsletter_signup.choose_type Jobseeker Employer Email address * We care about the protection of your data. Read our Notify Me We care about the protection of your data. Read our privacy policy .",,Kenya,Remote,1,Kenya,Software & Data,,,,,,,,,Software & IT,https://www.brightermonday.co.ke/listings/domain-expert-politics-6qxwn6,2026-08-24T19:34:28.335763+00:00
bf55cf3edd7390e9,BrighterMonday,bf55cf3edd7390e9,Domain Expert Science & Technology,,"Find a Job + + + + Search Homepage Software & Data IT & Telecoms Remote (Work From Home) Contract Domain Expert Science & Technology Domain Expert Science & Technology Workforce Africa Software & Data 1 week ago Easy apply New Remote (Work From Home) Contract IT & Telecoms Confidential Share link Share on WhatsApp Share on LinkedIn Share on Facebook Share on Twitter Share via SMS Job summary We are seeking a highly qualified Science & Technology Domain Expert to evaluate and improve Large Language Models (LLMs). You will design challenging prompts, assess factual accuracy and reasoning, and identify knowledge gaps within physics, chemistry, biology, engineering, AI, computer science, emerging technologies. This role exists to support thoughtful business decisions through accurate, dependable work. You will manage day-to-day responsibilities with a strong focus on quality and collaboration. Work is primarily asynchronous, with most tasks completed independently rather than through live meetings. The team is distributed across several countries and time zones. Min Qualification: Masters Experience Level: Mid level Experience Length: 3 years Language Requirement: English Working Hours: Contract - 8 to 5 Applicant Location: Remote (Work From Home), Kenya Job descriptions & requirements What You'll Do Create advanced prompts covering physics, chemistry, biology, engineering, AI, computer science, emerging technologies. Evaluate AI-generated responses for factual accuracy, reasoning quality, completeness, and nuance. Identify hallucinations, logical inconsistencies, outdated information, and edge cases. Develop benchmark datasets and adversarial test cases. Provide evidence-based feedback with reliable references. Collaborate with AI researchers to improve model performance. Maintain high annotation quality and documentation. What We're Looking For Master's degree or higher in a discipline related to Science & Technology 3+ years of professional, research, or teaching experience. Excellent written English and analytical skills. Strong attention to detail. Experience with LLMs, Generative AI, prompt engineering, or AI evaluation. Published research, industry recognition, or teaching experience is a plus. Ability to work independently and provide objective, evidence-backed reviews. Log In and Apply Important safety tips Do not make any payment without confirming with the BrighterMonday Customer Support Team. If you think this advert is not genuine, please report it via the Report Job link below. Report Job Log in to apply now Continue with Google google-icon Continue with Linkedin Or continue with Forgot Password? Keep me logged in Log in Don't have an account? Sign Up to Apply Share link Share on WhatsApp Share on LinkedIn Share on Facebook Share on Twitter Share via SMS Activate Notifications Stay productive - get the latest updates on Jobs & News Activate Deactivate Notifications Stop receiving the latest updates on Jobs & News Deactivate This action will pause all job alerts. Are you sure? Cancel Proceed Similar jobs Lorem ipsum dolor sit amet consectetur adipiscing elit Lorem ipsum Lorem ipsum dolor (Location) Lorem ipsum Confidential 3 years ago Lorem ipsum dolor sit amet consectetur adipiscing elit Lorem ipsum Lorem ipsum dolor (Location) Lorem ipsum Confidential 3 years ago View More Stay Updated Join our newsletter and get the latest job listings and career insights delivered straight to your inbox. v2.homepage.newsletter_signup.choose_type Jobseeker Employer Email address * We care about the protection of your data. Read our Notify Me We care about the protection of your data. Read our privacy policy .",,Kenya,Remote,1,Kenya,Software & Data,,,,,,,,,Software & IT,https://www.brightermonday.co.ke/listings/domain-expert-science-technology-7j8qp5,2026-08-24T19:34:32.955417+00:00
0c79e441d896a6a5,BrighterMonday,0c79e441d896a6a5,Domain Expert Sports,,"Find a Job + + + + Search Homepage Software & Data IT & Telecoms Remote (Work From Home) Contract Domain Expert Sports Domain Expert Sports Workforce Africa Software & Data 1 week ago Easy apply New Remote (Work From Home) Contract IT & Telecoms Confidential Share link Share on WhatsApp Share on LinkedIn Share on Facebook Share on Twitter Share via SMS Job summary We are seeking a highly qualified Sports Domain Expert to evaluate and improve Large Language Models (LLMs). You will design challenging prompts, assess factual accuracy and reasoning, and identify knowledge gaps within global sports, leagues, athletes, tournaments, rules, statistics, analytics. This role exists to support thoughtful business decisions through accurate, dependable work. You will manage day-to-day responsibilities with a strong focus on quality and collaboration. Work is primarily asynchronous, with most tasks completed independently rather than through live meetings. The team is distributed across several countries and time zones. Min Qualification: Masters Experience Level: Mid level Experience Length: 3 years Language Requirement: English Working Hours: Contract - 8 to 5 Applicant Location: Remote (Work From Home), Kenya Job descriptions & requirements What You'll Do Create advanced prompts covering global sports, leagues, athletes, tournaments, rules, statistics, analytics. Evaluate AI-generated responses for factual accuracy, reasoning quality, completeness, and nuance. Identify hallucinations, logical inconsistencies, outdated information, and edge cases. Develop benchmark datasets and adversarial test cases. Provide evidence-based feedback with reliable references. Collaborate with AI researchers to improve model performance. Maintain high annotation quality and documentation. What We're Looking For Master's degree or higher in a discipline related to Sports 3+ years of professional, research, or teaching experience. Excellent written English and analytical skills. Strong attention to detail. Experience with LLMs, Generative AI, prompt engineering, or AI evaluation. Published research, industry recognition, or teaching experience is a plus. Ability to work independently and provide objective, evidence-backed reviews. Log In and Apply Important safety tips Do not make any payment without confirming with the BrighterMonday Customer Support Team. If you think this advert is not genuine, please report it via the Report Job link below. Report Job Log in to apply now Continue with Google google-icon Continue with Linkedin Or continue with Forgot Password? Keep me logged in Log in Don't have an account? Sign Up to Apply Share link Share on WhatsApp Share on LinkedIn Share on Facebook Share on Twitter Share via SMS Activate Notifications Stay productive - get the latest updates on Jobs & News Activate Deactivate Notifications Stop receiving the latest updates on Jobs & News Deactivate This action will pause all job alerts. Are you sure? Cancel Proceed Similar jobs Lorem ipsum dolor sit amet consectetur adipiscing elit Lorem ipsum Lorem ipsum dolor (Location) Lorem ipsum Confidential 3 years ago Lorem ipsum dolor sit amet consectetur adipiscing elit Lorem ipsum Lorem ipsum dolor (Location) Lorem ipsum Confidential 3 years ago View More Stay Updated Join our newsletter and get the latest job listings and career insights delivered straight to your inbox. v2.homepage.newsletter_signup.choose_type Jobseeker Employer Email address * We care about the protection of your data. Read our Notify Me We care about the protection of your data. Read our privacy policy .",,Kenya,Remote,1,Kenya,Software & Data,,,,,,,,,Software & IT,https://www.brightermonday.co.ke/listings/domain-expert-sports-9kmz55,2026-08-24T19:34:37.763792+00:00
95fdd7d37dc90705,BrighterMonday,95fdd7d37dc90705,Domain Expert Video Games,,"Find a Job + + + + Search Homepage Software & Data IT & Telecoms Remote (Work From Home) Contract Domain Expert Video Games Domain Expert Video Games Workforce Africa Software & Data 1 week ago Easy apply New Remote (Work From Home) Contract IT & Telecoms Confidential Share link Share on WhatsApp Share on LinkedIn Share on Facebook Share on Twitter Share via SMS Job summary We are seeking a highly qualified Video Games Domain Expert to evaluate and improve Large Language Models (LLMs). You will design challenging prompts, assess factual accuracy and reasoning, and identify knowledge gaps within game development, esports, platforms, game design, publishers, communities. This role exists to support thoughtful business decisions through accurate, dependable work. You will manage day-to-day responsibilities with a strong focus on quality and collaboration. Work is primarily asynchronous, with most tasks completed independently rather than through live meetings. The team is distributed across several countries and time zones. Min Qualification: Masters Experience Level: Mid level Experience Length: 3 years Language Requirement: English Working Hours: Contract - 8 to 5 Applicant Location: Outside Kenya, Kenya Job descriptions & requirements What You'll Do Create advanced prompts covering game development, esports, platforms, game design, publishers, communities. Evaluate AI-generated responses for factual accuracy, reasoning quality, completeness, and nuance. Identify hallucinations, logical inconsistencies, outdated information, and edge cases. Develop benchmark datasets and adversarial test cases. Provide evidence-based feedback with reliable references. Collaborate with AI researchers to improve model performance. Maintain high annotation quality and documentation. What We're Looking For Master's degree or higher in a discipline related to video Games 3+ years of professional, research, or teaching experience. Excellent written English and analytical skills. Strong attention to detail. Experience with LLMs, Generative AI, prompt engineering, or AI evaluation. Published research, industry recognition, or teaching experience is a plus. Ability to work independently and provide objective, evidence-backed reviews. Log In and Apply Important safety tips Do not make any payment without confirming with the BrighterMonday Customer Support Team. If you think this advert is not genuine, please report it via the Report Job link below. Report Job Log in to apply now Continue with Google google-icon Continue with Linkedin Or continue with Forgot Password? Keep me logged in Log in Don't have an account? Sign Up to Apply Share link Share on WhatsApp Share on LinkedIn Share on Facebook Share on Twitter Share via SMS Activate Notifications Stay productive - get the latest updates on Jobs & News Activate Deactivate Notifications Stop receiving the latest updates on Jobs & News Deactivate This action will pause all job alerts. Are you sure? Cancel Proceed Similar jobs Lorem ipsum dolor sit amet consectetur adipiscing elit Lorem ipsum Lorem ipsum dolor (Location) Lorem ipsum Confidential 3 years ago Lorem ipsum dolor sit amet consectetur adipiscing elit Lorem ipsum Lorem ipsum dolor (Location) Lorem ipsum Confidential 3 years ago View More Stay Updated Join our newsletter and get the latest job listings and career insights delivered straight to your inbox. v2.homepage.newsletter_signup.choose_type Jobseeker Employer Email address * We care about the protection of your data. Read our Notify Me We care about the protection of your data. Read our privacy policy .",,Kenya,Remote,1,Kenya,Software & Data,,,,,,,,,Software & IT,https://www.brightermonday.co.ke/listings/domain-expert-video-games-n9gv70,2026-08-24T19:34:41.923340+00:00
633fd0356d3f5176,BrighterMonday,633fd0356d3f5176,Dynamics 365 CRM Developer,,"Find a Job + + + + Search Homepage Software & Data Real Estate Nairobi Full Time Dynamics 365 CRM Developer Dynamics 365 CRM Developer Kaziweza Limited Software & Data Today Easy apply New Nairobi Full Time Real Estate KSh 150,000 - 200,000 Share link Share on WhatsApp Share on LinkedIn Share on Facebook Share on Twitter Share via SMS Job summary Our client is implementing and scaling Microsoft Dynamics 365 across the organization and is building an internal technical capability to support it. Min Qualification: Bachelors Experience Level: Mid level Experience Length: 3 years Language Requirement: English Working Hours: Full Time - 8 to 5 Applicant Location: Kenya Job descriptions & requirements Job Title: Dynamics 365 CRM Developer (Customer Engagement (CE) — In-House Technical Role) Reporting & Working Relationships Reports to: IT / Applications Manager (or designated ERP/CRM Project Lead) Position type: Full-time, internal (in-house) role Works closely with: Departmental key users, functional consultants, the F&O developer, and the implementation partner. Role Overview Our client is implementing and scaling Microsoft Dynamics 365 across the organization and is building an internal technical capability to support it. The Dynamics 365 CRM (Customer Engagement) Developer will work side by side with departmental key users and functional leads to understand business needs, translate them into well-documented technical requirements, and deliver the customizations, automations, and integrations that bring those requirements to life on the Dynamics 365 platform. This is a hands-on, in-house role focused on long-term ownership of the solution — from gathering and documenting requirements through to development, testing, deployment, and ongoing support and enhancement. Key Responsibilities Requirements & Technical Design • Engage with key users and business stakeholders to gather, analyze, and document functional and technical requirements. • Translate functional requirements into Technical Design Documents (TDDs), solution specifications, and effort estimates. • Challenge and refine requirements to ensure solutions are scalable, maintainable, and aligned with Dynamics 365 best practices. Development & Configuration • Configure and customize Dynamics 365 Customer Engagement modules (Sales, Customer Service, and others as adopted). • Develop plug-ins, custom workflow activities, and custom assemblies in C#/.NET. • Build JavaScript/TypeScript web resources, business rules, and Power Apps Component Framework (PCF) controls. • Create model-driven and canvas Power Apps and automate processes with Power Automate flows. • Design and extend the Dataverse data model (tables, relationships, business rules, security roles). Integration • Design and build integrations between Dynamics 365 CE and other systems — including Dynamics 365 Finance & Operations — using the Web API, Dual-write, Azure Functions, and Logic Apps. • Implement and maintain secure, reliable data exchange and error-handling patterns. Quality, Deployment & Support • Manage solution lifecycle (ALM): solution packaging and deployment across development, test, and production using Azure DevOps. • Perform unit testing, support System Integration Testing (SIT) and User Acceptance Testing (UAT), and resolve defects. • Provide post-go-live support, troubleshooting, and continuous enhancements. • Maintain accurate technical documentation and contribute to an internal knowledge base. • Enforce data quality, security, and governance standards. Required Technical Skills • Hands-on development experience with Dynamics 365 Customer Engagement / Power Platform. • Strong C# / .NET skills for plug-ins and custom assemblies. • JavaScript / TypeScript and HTML for client-side web resources and PCF controls. • Power Apps (model-driven and canvas), Power Automate, and Dataverse customization. • Dynamics 365 Web API / OData, plug-in registration, and the extension model. • Integration experience using REST/SOAP APIs, Azure services, and Dual-write. • Solid SQL and data-modeling fundamentals. • Source control and ALM with Azure DevOps / Git. Qualifications & Certifications • Bachelor’s degree in Computer Science, Information Technology, Software Engineering, or a related field. • 3–5+ years of hands-on Dynamics 365 CE / CRM development experience across the full implementation lifecycle. • Microsoft certifications strongly preferred: PL-400 (Power Platform Developer), PL-200 (Power Platform Functional Consultant), and/or MB-210 (Dynamics 365 Sales). Preferred / Nice to Have • Exposure to Copilot Studio, Azure AI, or Microsoft Fabric. • Experience integrating CE with Dynamics 365 Finance & Operations via Dual-write. • Familiarity with DevOps build/release pipelines and automated testing. Core Competencies & Soft Skills • Strong requirements-elicitation skills — able to interview key users, ask the right questions, and convert business language into clear technical specifications. • Excellent written documentation skills (technical design documents, configuration guides, test scripts). • Analytical and structured problem-solving with attention to detail. • Clear communicator able to work directly with non-technical business users and functional consultants. • Self-driven, organized, and able to manage multiple work items against deadlines. • Collaborative team player comfortable working with implementation partners and internal stakeholders. Log In and Apply Important safety tips Do not make any payment without confirming with the BrighterMonday Customer Support Team. If you think this advert is not genuine, please report it via the Report Job link below. Report Job Log in to apply now Continue with Google google-icon Continue with Linkedin Or continue with Forgot Password? Keep me logged in Log in Don't have an account? Sign Up to Apply Share link Share on WhatsApp Share on LinkedIn Share on Facebook Share on Twitter Share via SMS Activate Notifications Stay productive - get the latest updates on Jobs & News Activate Deactivate Notifications Stop receiving the latest updates on Jobs & News Deactivate This action will pause all job alerts. Are you sure? Cancel Proceed Similar jobs Lorem ipsum dolor sit amet consectetur adipiscing elit Lorem ipsum Lorem ipsum dolor (Location) Lorem ipsum Confidential 3 years ago Lorem ipsum dolor sit amet consectetur adipiscing elit Lorem ipsum Lorem ipsum dolor (Location) Lorem ipsum Confidential 3 years ago View More Stay Updated Join our newsletter and get the latest job listings and career insights delivered straight to your inbox. v2.homepage.newsletter_signup.choose_type Jobseeker Employer Email address * We care about the protection of your data. Read our Notify Me We care about the protection of your data. Read our privacy policy .",,Kenya,On-site,0,,Software & Data,,,,,,,,,Software & IT,https://www.brightermonday.co.ke/listings/dynamics-365-crm-developer-pgd44r,2026-08-24T19:34:45.490871+00:00
10a2898a2636fdf2,BrighterMonday,10a2898a2636fdf2,FreshDesk Specialist,,"Find a Job + + + + Search Homepage Software & Data Full Time FreshDesk Specialist FreshDesk Specialist Anonymous Employer Software & Data 2 months ago Easy apply Kenya Full Time Confidential Share link Share on WhatsApp Share on LinkedIn Share on Facebook Share on Twitter Share via SMS Job summary You'll sit at the intersection of operations, tooling, and people — translating customer pain points and team feedback into structured, scalable workflows that raise the bar on every interaction. Experience Level: Mid level Experience Length: 2 years Language Requirement: English Working Hours: Full Time - 8 to 5 Applicant Location: Kenya Job descriptions & requirements Employment Type: Full-time to: Head of Operations Kenya Location: Kenya Role Overview We're looking for a Freshdesk specialist to own and optimise our customer support operations. You'll be the go-to expert for our helpdesk platform — configuring workflows, analysing performance data, and ensuring every customer interaction is handled efficiently and with care. You'll sit at the intersection of operations, tooling, and people — translating customer pain points and team feedback into structured, scalable workflows that raise the bar on every interaction. What You’ll Do • Administer and configure Freshdesk — Own the end-to-end design, managing ticket workflows, automation rules, SLA policies, canned responses, and custom fields to keep the platform running smoothly. • Support and train agents on Freshdesk best practices, helping the team get the most out of the platform and onboarding new members effectively. • Monitor and report on key support metrics — first response time, resolution time, CSAT, and ticket volume — and present insights to leadership with clear recommendations • Manage integrations between Freshdesk and other tools (CRM, e-commerce, communication platforms) and own the technical relationship with Freshdesk support. • Partner with tooling and operations teams to translate process requirements into platform configurations — including helpdesk automations, routing rules, and self-service content. • Identify inefficiencies and proactively propose improvements to processes, automation, and selfservice resources such as the knowledge base. • Collaborate cross-functionally with product, engineering, and QA to ensure support teams are ready for launches, incidents, and product changes — building runbooks and escalation paths in advance. • Maintain a living library of process documentation, SOPs, and agent playbooks — keeping them accurate, accessible, and easy to act on. • Lead quality assurance initiatives — designing evaluation frameworks, running calibration sessions, and feeding insights back into training and process improvements. Candidate Profile We are looking for someone who: 2+ years of hands-on Freshdesk administration experience, including workflows, automations, and reporting • Experience with Freshdesk's AI features, Freddy AI or similar AI-powered support tools • Strong understanding of customer support principles and helpdesk operations • Comfortable working with data — building dashboards, interpreting trends, and turning numbers into clear recommendations • Experience integrating Freshdesk with third-party tools via native integrations or APIs • Clear communicator who can translate technical details for non-technical teammates and stakeholders • Detail-oriented and proactive — you spot gaps before they become problems • Proven track record of designing and implementing processes that reduced handle time, improved CSAT, or meaningfully cut ticket volume • A collaborative, low-ego working style — comfortable influencing without authority across support, product, and engineering teams Nice to have • Freshdesk certification or equivalent platform training • Familiarity with ITSM frameworks (ITIL) or experience in a B2B SaaS environment • Basic scripting or API knowledge for custom integrations and automation Log In and Apply Important safety tips Do not make any payment without confirming with the BrighterMonday Customer Support Team. If you think this advert is not genuine, please report it via the Report Job link below. Report Job Log in to apply now Continue with Google google-icon Continue with Linkedin Or continue with Forgot Password? Keep me logged in Log in Don't have an account? Sign Up to Apply Share link Share on WhatsApp Share on LinkedIn Share on Facebook Share on Twitter Share via SMS Activate Notifications Stay productive - get the latest updates on Jobs & News Activate Deactivate Notifications Stop receiving the latest updates on Jobs & News Deactivate This action will pause all job alerts. Are you sure? Cancel Proceed Similar jobs Lorem ipsum dolor sit amet consectetur adipiscing elit Lorem ipsum Lorem ipsum dolor (Location) Lorem ipsum Confidential 3 years ago Lorem ipsum dolor sit amet consectetur adipiscing elit Lorem ipsum Lorem ipsum dolor (Location) Lorem ipsum Confidential 3 years ago View More Stay Updated Join our newsletter and get the latest job listings and career insights delivered straight to your inbox. v2.homepage.newsletter_signup.choose_type Jobseeker Employer Email address * We care about the protection of your data. Read our Notify Me We care about the protection of your data. Read our privacy policy .",,Kenya,On-site,0,,Software & Data,,,,,,,,,Software & IT,https://www.brightermonday.co.ke/listings/freshdesk-specialist-x8d448,2026-08-24T19:34:49.198963+00:00
44c183e16379bb7f,BrighterMonday,44c183e16379bb7f,ICT MANAGER,and its branches. Min Qualification: Bachelors,"Find a Job + + + + Search Homepage Software & Data Manufacturing & Warehousing Nairobi Full Time ICT MANAGER ICT MANAGER Brites Management Services Limited Software & Data 5 days ago Easy apply New Nairobi Full Time Manufacturing & Warehousing Confidential Share link Share on WhatsApp Share on LinkedIn Share on Facebook Share on Twitter Share via SMS Job summary The ICT Manager is a key role in the ICT infrastructure. Responsible for effective provisioning, installation/configuration, operation, and maintenance of systems hardware and software and related infrastructure. Assisting in the design, implementation and management of business support IT Network infrastructure including physical and virtual data centers, Local Area Network (LAN), Wide Area Network (WAN), Internet links and communication systems such as PABX, WhatsApp Chabot, Active Directory, Desktop phones and video conferencing to ensure smooth operations within the company and its branches. Min Qualification: Bachelors Experience Level: Mid level Experience Length: 5 years Language Requirement: English Working Hours: Full Time - 8 to 5 Applicant Location: Kenya Job descriptions & requirements JOB TITLE ICT MANAGER NATURE OF JOB FULL TIME INDUSTRY MANUFACTURING SALARY KSHS.150,000 JOB LOCATION MLOLONGO DUTIES AND RESPONSIBILITIES · Establishes network specifications by conferring with users; analysing workflow, access, information, and security requirements; designing router administration, including interface configuration and routing protocols. · Build the backbone: Orchestrate a unified, secure digital foundation across enterprise, operations, and corporate IT. · Establishes network by evaluating network performance issues including availability, utilization, throughput, good put, and latency; planning and executing the selection, installation, configuration, and testing of equipment; defining network policies and procedures; establishing connections and firewalls · Maintains network performance by performing network monitoring and analysis, and performance tuning; troubleshooting network problems; escalating problems to vendor · Enterprise Applications: ERP, CRM, HRIS, Finance, Procurement, MES, PLM, SCM, BI & Analytics. · Customer & Commercial Platforms: e-commerce, distributor portals, mobile apps, loyalty platforms, Omnichannel CX. · Operations Technology (OT): Plant automation, SCADA, IoT sensors, predictive maintenance, shop-floor analytics. · Corporate IT: Network, cloud, collaboration suites, identity & access, endpoint management, IT service · desk. · Security & Surveillance: Cameras, access control, SOC, incident monitoring, digital forensics. · Data, Analytics & AI: Data warehouses, lakes, governance, dashboards, ML/AI platforms, automation. · Emerging & Future Platforms: RPA, block chain, AR/VR, digital twins, sustainability & carbon tracking tech. · Secures network by developing network access, monitoring, control, and evaluation; maintaining documentation · Prepares users by designing and conducting training programs; providing references and support · Upgrades network by conferring with vendors; developing, testing, evaluating, and installing enhancements ICT administration · Manage Company ERP hardware & related connectivity environment · Ensure efficient delivery of IT services through optimal support and administration of the IT infrastructure · Manage the ICT Support Team & drive them to deliver robust, top class IT support services · Adhere to established IT policies and assist in development and maintenance of procedures, guidelines in line with the policies · Protect data integrity and protection through security appliance monitoring, backups and virus mitigation · Support IT Admin in various ERP Business support tasks during his absence. · Recommend, schedule, and perform software and hardware improvements, upgrades, patches, reconfigurations as and when necessary · Accomplishes organization goals by accepting ownership for accomplishing new and different requests; exploring opportunities to add value to job accomplishments · Ensure computer security (e.g. firewalls and intrusion detection systems) In charge of SQL installations and configuration to enable related database applications for administration and data management · Liaising with the service providers to ensure that all operations have minimal interruptions · Ensure the users get timely solutions · User administration (setup and maintaining accounts) · Ensure Maintenance of company systems · Monitor system performance and troubleshoot any problems · Create file systems Install software and maintain software · Create a backup and recovery policy · Oversee all activities at the IT Department with a close supervision of the IT Admin’s, CCTV Surveillance personnel and IT Interns KEY REQUIREMENT SKILLS AND QUALIFICATION · Degree in computer science/ IT/Engineering/IT & Business · 5+ years in IT/digital leadership with enterprise scope, 5+ at C-level or equivalent · Proven record delivering multi-system transformations (ERP, CRM, MES, eCommerce, fleet) · Expertise in enterprise architecture, cyber, AI/ML, and IT/OT convergence · Strong financial & business acumen (TCO/ROI/value realization) · Exceptional stakeholder management and board communication. HOW TO APPLY · If you meet the above qualifications, skills and experience share CV on jobs@britesmanagement.com · Interviews will be carried out on a rolling basis until the position is filled. · Only the shortlisted candidates will be contacted. Log In and Apply Important safety tips Do not make any payment without confirming with the BrighterMonday Customer Support Team. If you think this advert is not genuine, please report it via the Report Job link below. Report Job Log in to apply now Continue with Google google-icon Continue with Linkedin Or continue with Forgot Password? Keep me logged in Log in Don't have an account? Sign Up to Apply Share link Share on WhatsApp Share on LinkedIn Share on Facebook Share on Twitter Share via SMS Activate Notifications Stay productive - get the latest updates on Jobs & News Activate Deactivate Notifications Stop receiving the latest updates on Jobs & News Deactivate This action will pause all job alerts. Are you sure? Cancel Proceed Similar jobs Lorem ipsum dolor sit amet consectetur adipiscing elit Lorem ipsum Lorem ipsum dolor (Location) Lorem ipsum Confidential 3 years ago Lorem ipsum dolor sit amet consectetur adipiscing elit Lorem ipsum Lorem ipsum dolor (Location) Lorem ipsum Confidential 3 years ago View More Stay Updated Join our newsletter and get the latest job listings and career insights delivered straight to your inbox. v2.homepage.newsletter_signup.choose_type Jobseeker Employer Email address * We care about the protection of your data. Read our Notify Me We care about the protection of your data. Read our privacy policy .",,Kenya,On-site,0,,Software & Data,,,,,"KSHS.150,000 JOB",,,,Software & IT,https://www.brightermonday.co.ke/listings/ict-manager-wre6mm,2026-08-24T19:34:52.989607+00:00
3a2dcdbcb4844542,BrighterMonday,3a2dcdbcb4844542,IT Assistant and Website Developer,,"Find a Job + + + + Search Homepage Software & Data Real Estate Nairobi Full Time IT Assistant and Website Developer IT Assistant and Website Developer Jaysur Cognitive Management Limited Software & Data 4 days ago Easy apply New Nairobi Full Time Real Estate KSh 45,000 - 60,000 Share link Share on WhatsApp Share on LinkedIn Share on Facebook Share on Twitter Share via SMS Job summary The IT Assistant & Website Developer will be responsible for providing day-to-day IT technical support while developing, maintaining, and optimizing the organization's website and other digital platforms. Min Qualification: Bachelors Experience Level: Mid level Experience Length: 3 years Language Requirement: English Working Hours: Full Time - 8 to 5 Applicant Location: Kenya Job descriptions & requirements · Provide day-to-day IT technical support to staff and troubleshoot hardware, software, and network issues. · Install, configure, maintain, and troubleshoot computers, printers, software, and other IT equipment. · Manage and maintain company networks, internet connectivity, email systems, and user accounts. · Develop, maintain, update, and optimize the company website. · Create and update website content, pages, images, forms, and other digital assets. · Troubleshoot and resolve website errors, bugs, broken links, and technical issues. · Ensure the website is secure, responsive, user-friendly, and optimized for performance and SEO. · Manage website hosting, domains, backups, and basic website security. · Maintain accurate records of IT assets, systems, website updates, and technical issues. · Assist with data backup, recovery, cybersecurity, and IT security procedures. · Provide technical support for digital tools, business applications, and technology systems. · Monitor IT and website performance and recommend technology improvements. · Provide guidance and basic training to employees on IT systems and applications. · Liaise with external IT vendors and service providers when specialized technical support is required. Log In and Apply Important safety tips Do not make any payment without confirming with the BrighterMonday Customer Support Team. If you think this advert is not genuine, please report it via the Report Job link below. Report Job Log in to apply now Continue with Google google-icon Continue with Linkedin Or continue with Forgot Password? Keep me logged in Log in Don't have an account? Sign Up to Apply Share link Share on WhatsApp Share on LinkedIn Share on Facebook Share on Twitter Share via SMS Activate Notifications Stay productive - get the latest updates on Jobs & News Activate Deactivate Notifications Stop receiving the latest updates on Jobs & News Deactivate This action will pause all job alerts. Are you sure? Cancel Proceed Similar jobs Lorem ipsum dolor sit amet consectetur adipiscing elit Lorem ipsum Lorem ipsum dolor (Location) Lorem ipsum Confidential 3 years ago Lorem ipsum dolor sit amet consectetur adipiscing elit Lorem ipsum Lorem ipsum dolor (Location) Lorem ipsum Confidential 3 years ago View More Stay Updated Join our newsletter and get the latest job listings and career insights delivered straight to your inbox. v2.homepage.newsletter_signup.choose_type Jobseeker Employer Email address * We care about the protection of your data. Read our Notify Me We care about the protection of your data. Read our privacy policy .",,Kenya,On-site,0,,Software & Data,,,,,,,,,Software & IT,https://www.brightermonday.co.ke/listings/it-assistant-and-website-developer-9kmvmw,2026-08-24T19:34:56.674243+00:00
8b863a53319ce2a1,BrighterMonday,8b863a53319ce2a1,Senior QA Automation Engineer,,"Find a Job + + + + Search Homepage Software & Data Healthcare Remote (Work From Home) Contract Senior QA Automation Engineer Senior QA Automation Engineer Med Bill, L.L.C Software & Data 1 month ago Easy apply Skills Assessment Remote (Work From Home) Contract Healthcare KSh 250,000 - 300,000 Share link Share on WhatsApp Share on LinkedIn Share on Facebook Share on Twitter Share via SMS Job summary Medbill is a Durable Medical Equipment Billing Company based in the US. We are looking for a QA Developer for contract work to design, develop, executing quality assurance and test automation practices to ensure reliability, performance, security, and accuracy of Medbill’s internal TrueSight platform and supporting systems Min Qualification: Bachelors Experience Level: Senior level Experience Length: 7 years Language Requirement: English Working Hours: Contract - 8 to 5 Applicant Location: Kenya Job descriptions & requirements ! Important Application Requirement: To be considered for this position, you must complete the skills assessment attached to this job posting. Applications submitted without a completed assessment will not move forward in the review process. Position Overview The TrueSight QA Developer is responsible for designing, developing, executing quality assurance and test automation practices to ensure reliability, performance, security, and accuracy of Medbill’s internal TrueSight platform and supporting systems. This role blends hands-on test automation development with strong functional and data-driven testing expertise in a healthcare and revenue cycle environment. The QA Developer partners closely with the Automation, Development, and Operational Leadership teams to ensure all solutions meet functional requirements, data integrity and performance standards and Medbill’s operational excellence expectations. This position plays a key role in protecting system stability, production accuracy, and end-user trust across Medbill’s platforms. Key Responsibilities Test Strategy & Quality Ownership Own and continuously improve the quality strategy for the TrueSight platform and related internal systems Define and maintain test standards, frameworks, and best practices for functional, integration, regression, and automation testing Ensure test coverage aligns with business-critical workflows Test Automation Development Design, build, and maintain automated test suites for web applications, APIs, and system integrations Develop scalable and maintainable test automation frameworks Integrate automated testing into CI/CD pipelines to support rapid and reliable releases Continuously improve test reliability, execution time, and reporting visibility Functional, Integration & Data Testing Execute and support functional, system, and integration testing for new features, enhancements, and defect fixes Validate complex workflow, configurations, and automation rules within TrueSight Perform frontend and backend data validation to ensure data accuracy, data completeness, correct transformations and calculations, and reporting integrity Validate system behavior across dependent services and integrated platforms Cross Functional Collaboration Partner closely with Business Systems Analysts to understand business requirements, user stories, acceptance criteria, and data rules Participate in refinement sessions, sprint planning, and solution design discussions to identify test scenarios and risks early Support and advise UAT activities with business stakeholders by preparing test data, clarifying expected system behavior, and validating reported issues Defect Management & Release Readiness Identify, document, and track defects with clear reproduction steps and technical context. Collaborate with developers to troubleshoot issues and validate fixes. Provide quality and release readiness assessments for sprint and production releases. Ensure regression testing is completed prior to releases and hotfix deployments. Performance, Security & Risk Awareness Support performance and reliability testing for high-impact workflows. Validate that system changes do not introduce performance degredataion, operational risk, data exposure, or compliance concerns. Partner with development engineers to support testing related to access controls, permissions, and sensitive data handling. Continuous Improvement & QA Maturity Contribute to improving Medbill’s overall QA and delivery maturity. Recommend tooling, automation approaches, and testing practices to strengthen quality outcomes. Help establish reusable test assets and documentation standards. Key Competencies Experience building and maintaining automated test frameworks Experience testing modern web applications and APIs Strong understanding of system integration testing Strong data and backend testing skills Able to read and understand technical designs, logs, and system behavior Professional written and verbal communication across technical and non-technical audiences High attention to detail Strong quality mindset Job Type: Contract Compensation: 315,000 KES monthly. Compensation is based on producing story points and will vary with actual production of the candidate. Amount shown is based on the desired produced story points per sprint. Language: English Log In and Apply Important safety tips Do not make any payment without confirming with the BrighterMonday Customer Support Team. If you think this advert is not genuine, please report it via the Report Job link below. Report Job Log in to apply now Continue with Google google-icon Continue with Linkedin Or continue with Forgot Password? Keep me logged in Log in Don't have an account? Sign Up to Apply Share link Share on WhatsApp Share on LinkedIn Share on Facebook Share on Twitter Share via SMS Activate Notifications Stay productive - get the latest updates on Jobs & News Activate Deactivate Notifications Stop receiving the latest updates on Jobs & News Deactivate This action will pause all job alerts. Are you sure? Cancel Proceed Similar jobs Lorem ipsum dolor sit amet consectetur adipiscing elit Lorem ipsum Lorem ipsum dolor (Location) Lorem ipsum Confidential 3 years ago Lorem ipsum dolor sit amet consectetur adipiscing elit Lorem ipsum Lorem ipsum dolor (Location) Lorem ipsum Confidential 3 years ago View More Stay Updated Join our newsletter and get the latest job listings and career insights delivered straight to your inbox. v2.homepage.newsletter_signup.choose_type Jobseeker Employer Email address * We care about the protection of your data. Read our Notify Me We care about the protection of your data. Read our privacy policy .",,Kenya,Remote,1,Kenya,Software & Data,,,,,,,,,QA & Testing,https://www.brightermonday.co.ke/listings/qa-developer-5p64x6,2026-08-24T19:35:01.285597+00:00
4b2294fac0371db4,BrighterMonday,4b2294fac0371db4,Senior Software Engineer – Ruby (LLM Evaluation & Repository Validation),,"Find a Job + + + + Search Homepage Software & Data IT & Telecoms Contract Senior Software Engineer – Ruby (LLM Evaluation & Repository Validation) Senior Software Engineer – Ruby (LLM Evaluation & Repository Validation) MEDIB PME Software & Data 1 week ago Easy apply New Kenya Contract IT & Telecoms USD 8000 - 10,000 Share link Share on WhatsApp Share on LinkedIn Share on Facebook Share on Twitter Share via SMS Job summary We are looking for experienced software engineers (tech lead level) who are familiar with high-quality public GitHub repositories and can contribute to this project. This role involves hands-on software engineering work, including development environment automation, issue triaging, and evaluating test coverage and quality Min Qualification: Bachelors Experience Level: Senior level Experience Length: 3 years Language Requirement: English Working Hours: Contract - Flexible Hours Applicant Location: Kenya Job descriptions & requirements What does day-to-day look like: Analyze and triage GitHub issues across trending open-source libraries. Set up and configure code repositories, including Dockerization and environment setup. Evaluating unit test coverage and quality. Modify and run codebases locally to assess LLM performance in bug-fixing scenarios. Collaborate with researchers to design and identify repositories and issues that are challenging for LLMs. Opportunities to lead a team of junior engineers to collaborate on projects. Nice to Have: Previous participation in LLM research or evaluation projects. Experience building or testing developer tools or automation agents. Perks of Freelancing : Work in a fully remote environment. Opportunity to work on cutting-edge AI projects with leading LLM companies. Offer Details: Commitments Required: At least 4 hours per day and minimum 20 hours per week with overlap of 4 hours with PST. (We have 3 options of time commitment: 20 hrs/week, 30 hrs/week or 40 hrs/week) Employment type : Contractor assignment (no medical/paid leave) Location : Kenya Log In and Apply Important safety tips Do not make any payment without confirming with the BrighterMonday Customer Support Team. If you think this advert is not genuine, please report it via the Report Job link below. Report Job Log in to apply now Continue with Google google-icon Continue with Linkedin Or continue with Forgot Password? Keep me logged in Log in Don't have an account? Sign Up to Apply Share link Share on WhatsApp Share on LinkedIn Share on Facebook Share on Twitter Share via SMS Activate Notifications Stay productive - get the latest updates on Jobs & News Activate Deactivate Notifications Stop receiving the latest updates on Jobs & News Deactivate This action will pause all job alerts. Are you sure? Cancel Proceed Similar jobs Lorem ipsum dolor sit amet consectetur adipiscing elit Lorem ipsum Lorem ipsum dolor (Location) Lorem ipsum Confidential 3 years ago Lorem ipsum dolor sit amet consectetur adipiscing elit Lorem ipsum Lorem ipsum dolor (Location) Lorem ipsum Confidential 3 years ago View More Stay Updated Join our newsletter and get the latest job listings and career insights delivered straight to your inbox. v2.homepage.newsletter_signup.choose_type Jobseeker Employer Email address * We care about the protection of your data. Read our Notify Me We care about the protection of your data. Read our privacy policy .",,Kenya,Remote,1,Kenya,Software & Data,,,,,,,,,Software & IT,https://www.brightermonday.co.ke/listings/senior-software-engineer-ruby-llm-evaluation-repository-validation-5p6n85,2026-08-24T19:35:07.734189+00:00
a5767221b546b30e,Jobicy,151451,Uber Driver for Testing the Uber App (Remote in Belgium),Testlio,"Hi there! We are Testlio, a global software testing company with its own freelance network. Our freelancers test apps from companies across the globe. Testlio is a great place for people who value the freedom and flexibility of remote work. At the moment, we're working with Uber to help bring improvements to their Uber Driver app. We're looking for already registered and active Uber drivers located in Belgium to test out new features of the app. Your feedback will be valuable in ensuring that other users such as yourself will have a smooth experience on the app. To participate in this project, you will need to create an account on our platform. Through this account, we can assign you testing tasks. You will be asked to use our website for defect tracking and will receive materials to prepare you for testing. Payrate: $27 USD / h . You will be paid per hour, not per issues/bugs you find on the Uber app. That way, you will get paid even if you don't find any bugs. You can chose to be paid via Paypal or Payoneer for tasks completed on our website. Benefits of being a freelancer at Testlio Schedule: You can create your schedule and work on other testing runs that interest you. Location: Testlio is a 100% remote company. Seriously, you can work from the coffee shop, your home, or while waiting for class. Growth: You’ll be testing global-scale mobile apps and have the chance to boost your skills and grow your career. Payment: You are paid by the hour, not by the bug. This means you get paid even if you did not uncover any bugs. Requirements Age: You have to be at least 18 years old. Location: Must be physically located in Belgium. Availability: 1 hour of testing time Devices: iPhone and/or Android Phone What does testing look like? Type of testing: functional testing. Type of work: short-term, freelance. Workload: Regular weekly cadence, with additional ad-hoc requests possible throughout the week Pay rate: The pay rate for this is 27 USD/hr. Payment: You are paid weekly via PayPal or Payoneer. We will send you the USD amount, which you can then transfer/convert to EUR if it is more convenient to you. How to start? If you have any questions or need help, please contact Opportunities@testlio.com using the code DRIVERBE in the Subject line/email body so we can quickly identify your request. Once you are ready, please fill out the initial application below. Those who meet the requirements will receive further information to participate in this paid testing opportunity.",Belgium,Belgium,Remote,1,Belgium,QA &amp; Testing,QA &amp; Testing,Full-Time,Midweight,,54000 - 54000,USD,2026-08-24T12:09:16+00:00,,Software & IT,https://jobicy.com/jobs/151451-uber-driver-for-testing-the-uber-app-remote-in-belgium,2026-08-24T19:35:11.493267+00:00
e7f91504c769981d,Jobicy,151450,"Engineering Manager, EMEA (Core)",Testlio,"Location: This is a 100% remote role and is open to candidates residing in the EMEA region; visa sponsorship is not available. Testlio's fully managed crowdsourced testing platform integrates expert, on-demand testers directly into your release process. Ship faster and more confidently with global coverage across 600,000+ devices, 800+ payment methods, 150+ countries, and 100+ languages. To learn more, visit www.testlio.com . We are seeking an Engineering Manager to lead the team behind the core of our platform: the capabilities clients use every day to plan, run, and manage their testing. You will own technical direction and delivery for these domains, raise the team's operating standards, and modernize systems that have carried the product for years. This role reports to the Director, Engineering. Why will you love this job? Own the core of the platform. You'll lead the team responsible for the capabilities at the heart of the client experience, with direct ownership of technical direction and delivery. Bring agentic workflows to the core. You'll lead how AI agents are embedded into the platform's core capabilities, moving beyond assistive features toward workflows that can plan, execute, and adapt testing work. Modernize the foundation. You'll turn accumulated complexity into leverage, and a solid, transactional foundation is exactly what makes reliable agentic behavior possible. Partner with product. You'll work closely with a dedicated product manager on discovery, prioritization, and outcomes, with real influence over both the roadmap and the architecture behind it. Why will you love being a part of Testlio? Great culture : Testlio is a female-founded company, and nearly half our team identifies as women. We're proud of our inclusive, purpose-driven culture where people genuinely enjoy collaborating. As part of our team (we call ourselves TestLions), you'll help create exceptional digital experiences for our customers while also contributing to our freelance network. Remote work : Our culture is built around remote work. We've created systems to work together asynchronously as a fully remote and globally distributed team. Testlio provides the tools and guidance for everyone to succeed in a fully remote setting, and our working style encourages everyone to make decisions, communicate effectively, and work at a sustainable pace. Investment in you : Your growth and well-being matter to us. You'll have flexible paid time off, including national holidays, personal days, and sick days, plus stock options so you can grow with Testlio. We also provide a $300 annual learning stipend to support your development. Winning business : Testlio is growing, profitable, and cash-strong. We lead our industry with exceptional clients who give us a high NPS and a 4.7 rating on G2. Our business model is global, enterprise, and subscription-based. Several of our largest clients have been with us for 7+ years, and many spend $500K+/year with Testlio. What would your day look like? Shaping what's next Stay close to the code: Expect to spend roughly 20–30% of your time on hands-on engineering, including writing production code, providing substantive reviews on critical-path pull requests, and signing off on key technical designs. You'll help remove critical technical bottlenecks and contribute directly when needed, while empowering the team to own and deliver work independently. Agentic workflows: Lead the design and delivery of agentic workflows in the core of the product, moving beyond assistive features toward workflows that plan, execute, and adapt testing work on their own. Technical direction: Set the multi-quarter technical direction for your domains, partnering with the AI/ML team on the underlying models and frameworks and with product on where the platform goes next. Platform modernization: Consolidate a fragmented data model, evolve legacy services, and bring transactional integrity to older data stores so agents can act on the platform safely. Roadmap ownership: Turn strategy into a sequenced roadmap with your product partner, and own technical delivery from concept to production. Running it with rigor Engineering operating rhythm: Establish effective planning, prioritization, and design review practices that balance delivery speed with long-term scalability.Technical leadership: Combine engineering vision and team mentorship with hands-on technical contribution, staying close to the codebase to understand the team's work and make informed technical decisions. Production support and escalations: Own production support for your domains, including triage, escalation management, and root-cause resolution. Drive automation and permanent fixes that reduce recurring support volume and improve operational efficiency. Reliability and observability: Define service level objectives, build performance dashboards (query speeds, error rates), and lead root-cause analysis on production issues. Engineering standards: Ensure work is traceable and the Definition of Done is consistently met, minimizing escaped defects and keeping cloud costs in check. Team growth: Coach engineers technically, bring AI-assisted development workflows (e.g., Claude Code) into daily practice, and reduce knowledge silos through reviews and documentation. What do you need to succeed? Technical skills Engineering management: 5+ years managing a team of 4+ engineers in an agile, remote environment. Hands-on technical leadership: Recent experience writing production code and designing or evolving production systems. You are comfortable working directly in the codebase, contributing to implementation, reviewing code, and making architectural decisions alongside your team. LLM and agentic experience: Hands-on experience building LLM-powered or agentic features in production (orchestration, tool use, retrieval, evaluation), or a strong track record of leading a team into a new technical domain quickly. Technical stack: Strong affinity with TypeScript, Node.js, AWS, and React. Experience designing and building APIs is essential; familiarity with GraphQL and Kafka is a plus. Observability and performance: Experience with observability and APM tools (e.g., New Relic, Datadog, Sentry) and optimizing slow database transactions. Application security: Knowledge of application security best practices and integrating security review into the SDLC. Legacy modernization: Experience modernizing legacy systems or paying down significant technical debt while keeping a product running. SaaS experience: Prior experience managing a SaaS product is a plus. Human skills Fluency in English, with excellent written and verbal communication. Collaborative. Works effectively with product management and cross-functional partners in a distributed, asynchronous setting. Organized and thorough, with a meticulous approach to standards and process. Growth catalyst. Passionate about team productivity, technical excellence, and continuous improvement. Results-oriented, with data-driven decision-making. What is the application process? We do our best to bring on individuals who are excited about their role and have the potential for a great future with Testlio. Since we are 100% distributed, you'll meet with several people from our organization so you get a clear picture of who you'd work with and what the role expects. Our process typically takes 3 to 4 weeks. Application review Recruiter interview TestGorilla assessment Hiring Manager Interview Technical take-home test 2 team and stakeholder interviews Reference checks Offer Diversity and inclusion Testlio is an equal-opportunity employer deeply committed to creating an inclusive environment for people of all backgrounds and identities. We are female-founded, and 46% of our team members identify as women. For more information, see the DEI section of our website.",EMEA,EMEA,Remote,1,EMEA,Software Engineering,Software Engineering,Full-Time,Midweight,,500000 -,USD,2026-08-24T12:09:14+00:00,,Software & IT,https://jobicy.com/jobs/151450-engineering-manager-emea-core,2026-08-24T19:35:11.494223+00:00
641cc571b2c85a72,Jobicy,151447,"Senior Specialist, Global Benefits Risk & Compliance",Remote,"About Remote Remote is solving modern organizations’ biggest challenge – navigating global employment compliantly with ease. We make it possible for businesses of all sizes to recruit, pay, and manage international teams. With our core values at heart and future focused work culture, our team works tirelessly on ambitious problems, asynchronously, around the world. You can find Remoters working from 6 different continents (Antarctica left to go!) and all of our positions are fully remote. With Innovation as one of the core values, we have built Automation and AI capabilities into the requirements for every role. We encourage every member of the Remote team to bring their talents, experiences and culture to the table to help us build the best-in-class HR platform. If you are energetic, curious, motivated and ambitious, be part of our world. Apply now and define the future of work! The position This is an exciting time to join Remote and make a personal difference in the global employment space as a Senior Benefits Compliance Specialist , joining our Benefits team. As a Benefits Compliance Specialist, you will help establish Remote's benefits compliance function and ensure Remote’s benefits programs, operations, vendor processes, and product workflows remain compliant, scalable, and aligned with country-specific statutory and regulatory requirements. You will partner closely with Benefits Operations, Benefits Solutions, Legal, Payroll, Finance, Product, and external advisors to define standards, identify compliance risks, strengthen controls, and support reliable benefits delivery across Remote’s global footprint. What this job can offer you A role at the intersection of benefits operations, regulatory compliance, payroll, product, - helping Remote deliver compliant, scalable benefits globally and increase the value of our benefits product for customers. The ability to improve compliance controls and reduce operational risk across multiple countries and products. Exposure to complex global benefits topics, including statutory benefits, pensions, health insurance, vendor governance, and multi-product benefits delivery. The chance to contribute to scalable processes, automation, documentation, and reporting that improve compliance and increase the value of Remote’s benefits product for customers.. Key responsibilities Monitor and interpret benefits compliance requirements across countries where Remote operates, including statutory benefits, mandatory insurance, and supplemental benefits. Oversee compliance with statutory benefits filings, mandatory reporting, and regulatory obligations by partnering with stakeholders to ensure requirements are completed accurately and on time. Conduct regular audits of benefits processes, data, vendor outputs, payroll inputs, deductions, contributions, and operational workflows to identify compliance gaps or risks. Partner with Legal, Payroll, Finance, Benefits Operations, Benefits Solutions, Product, and external advisors to assess requirements and implement compliant processes. Identify areas of non-compliance or operational risk, document root causes, recommend remediation plans, and drive issues through to resolution. Design, implement, and maintain benefits compliance controls, SOPs, country guidance, escalation paths, and audit documentation. Translate regulatory and compliance requirements into operational and product requirements, ensuring new benefits launches and process changes are compliant by design. Track compliance incidents, remediation actions, and recurring risk themes; contribute to reporting and dashboards that improve visibility and accountability. Support vendor governance by helping review benefits provider processes, outputs, documentation, and compliance obligations. Contribute to continuous improvement initiatives that reduce manual work, improve data quality, and strengthen compliance outcomes. Stay up to date with global benefits legislation, regulatory updates, and best practices, and communicate relevant changes to stakeholders. What you bring Experience in benefits operations, benefits compliance, HR compliance, payroll compliance, legal operations, employment compliance, or a related field. Strong understanding of benefits administration and statutory benefits requirements, ideally across multiple countries or regions. Experience designing compliance frameworks and leading audits, reconciliations, risk assessments, controls, or compliance documentation. Strong analytical skills and comfort working with data, spreadsheets, reports, and operational evidence. Excellent attention to detail and ability to identify process gaps, inconsistencies, and compliance risks. Strong written communication skills, with the ability to turn complex requirements into clear documentation and guidance. Ability to manage multiple priorities across countries, stakeholders, and timelines. A proactive, ownership-oriented mindset with a bias toward scalable solutions and continuous improvement. Practicals You’ll report to: Senior Manager, Benefits Team: Benefits Location: EMEA Start date: As soon as possible Application process Interview with recruiter Interview with future manager Executive Interview Bar Raiser Interview Offer Prior employment verification check Remote's Total Rewards philosophy is to ensure fair, unbiased compensation and fair equity pay along with competitive benefits in all locations in which we operate. We do not agree to or encourage cheap-labor practices and therefore we ensure to pay above in-location rates. We hope to inspire other companies to support global talent-hiring and bring local wealth to developing countries. At first glance our salary bands seem quite wide - here is some context. At Remote we have international operations and a globally distributed workforce. We use geo ranges to consider geographic pay differentials as part of our global compensation strategy to remain competitive in various markets while we hiring globally. Our salary ranges are determined by role, level and location, and our job titles may span more than one career level. The actual base pay for the successful candidate in this role is dependent upon many factors such as location, transferable or job-related skills, work experience, relevant training, business needs, and market demands. The base salary range may be subject to change. At Remote, we foster internal mobility as a key element of our culture of employee growth and development, supported by a compensation philosophy that guarantees pay equity and fairness. Therefore, all compensation changes associated with an internal move will be reviewed by the Total Rewards &amp; People Enablement team on a case by case basis. The annual salary range for this full-time position is $46,150—$103,900 USD Benefits Our full benefits &amp; perks are explained in our handbook at remote.com/r/benefits . As a global company, each country works differently, but some benefits/perks are for all Remoters: work from anywhere flexible paid time off flexible working hours (we are async ) 16 weeks paid parental leave mental health support services stock options learning budget home office budget &amp; IT equipment budget for local in-person social events or co-working spaces How you’ll plan your day (and life) We work async at Remote which means you can plan your schedule around your life (and not around meetings). Read more at remote.com/async . You will be empowered to take ownership and be proactive. When in doubt you will default to action instead of waiting. Your life-work balance is important and you will be encouraged to put yourself and your family first, and fit work around your needs. If that sounds like something you want, apply now! How to apply Please fill out the form below and upload your CV with a PDF format. We kindly ask you to submit your application and CV in English, as this is the standardised language we use here at Remote. If you don’t have an up to date CV but you are still interested in talking to us, please feel free to add a copy of your LinkedIn profile instead. We will ask you to voluntarily tell us your pronouns at interview stage, and you will have the option to answer our anonymous demographic questionnaire when you apply below. As an equal employment opportunity employer it’s important to us that our workforce reflects people of all backgrounds, identities, and experiences and this data will help us to stay accountable. We thank you for providing this data, if you chose to. Please note we accept applications on an ongoing basis.",EMEA,EMEA,Remote,1,EMEA,HR &amp; Recruiting,HR &amp; Recruiting,Full-Time,Senior,,46150 - 103900,USD,2026-08-24T12:09:09+00:00,,Software & IT,https://jobicy.com/jobs/151447-senior-specialist-global-benefits-risk-compliance,2026-08-24T19:35:11.495334+00:00
db97dcc4e03828a0,Jobicy,151446,Solutions Architect - MENA,Deepgram,"Company Overview Deepgram is the leading platform underpinning the emerging trillion-dollar Voice AI economy, providing real-time APIs for speech-to-text (STT), text-to-speech (TTS), and building production-grade voice agents at scale. More than 200,000 developers and 1,300+ organizations build voice offerings that are ‘Powered by Deepgram’, including Twilio, Cloudflare, Sierra, Decagon, Vapi, Daily, Cresta, Granola, and Jack in the Box. Deepgram’s voice-native foundation models are accessed through cloud APIs or as self-hosted and on-premises software, with unmatched accuracy, low latency, and cost efficiency. Backed by a recent Series C led by leading global investors and strategic partners, Deepgram has processed over 50,000 years of audio and transcribed more than 1 trillion words. There is no organization in the world that understands voice better than Deepgram. Company Operating Rhythm At Deepgram, we expect an AI-first mindset—AI use and comfort aren’t optional, they’re core to how we operate, innovate, and measure performance. Every team member who works at Deepgram is expected to actively use and experiment with advanced AI tools, and even build your own into your everyday work. We measure how effectively AI is applied to deliver results, and consistent, creative use of the latest AI capabilities is key to success here. Candidates should be comfortable adopting new models and modes quickly, integrating AI into their workflows, and continuously pushing the boundaries of what these technologies can do. Additionally, we move at the pace of AI. Change is rapid, and you can expect your day-to-day work to evolve just as quickly. This may not be the right role if you’re not excited to experiment, adapt, think on your feet, and learn constantly, or if you’re seeking something highly prescriptive with a traditional 9-to-5. The Opportunity Deepgram is investing in Arabic-language capabilities, and the customers who are building on them deserve a technical partner who speaks the language and knows the region firsthand. We are hiring an Applied Engineer to be that partner: the first member of our Applied Engineering team who is dedicated to Arabic-speaking markets. We would love for you to be based in the Middle East and North Africa (MENA), and the search is open across the broader EMEA region. You'll operate in the Solutions Architect role, leading the technical design and delivery of customer implementations across MENA, from kickoff through production cutover. Because you'll be the first dedicated technical presence in the region, you'll also take a strong share of pre-sales work, including the technical discovery, proof-of-concepts, and evaluations that earn the technical win for regional prospects. You'll represent Deepgram in front of customers and at regional events, and you'll bring what you learn back to our Product and Research teams, including how our Arabic models perform across dialects in production. The region's time zones overlap fully with EMEA business hours, so you'll work alongside our EMEA Applied Engineers every day, and you'll help to extend coverage toward APAC hours as the team grows. About the Solutions Architect Role at Deepgram Solutions Architects at Deepgram own the periods when a customer's environment is changing (a new onboarding, a scaling deployment, a migration, a feature rollout). The work is hands-on and technical. You'll design solutions that fit each customer's stack and constraints, drive the deployment work itself, and turn what each engagement teaches you into reusable patterns that compress how long it takes the next customer to reach value. In this seat, the motion extends into pre-sales. For many regional prospects, you'll be the first Deepgram engineer that they meet, and the same skills that make implementations succeed (listening well, designing to constraints, showing working software) also win evaluations. You'll be hired into the Applied Engineer position on our Applied Engineering team, which combines what other companies split into Sales Engineering, Solutions Architecture, Implementation, Forward-Deployed Engineering, and Technical Support, with a single growth ladder from Associate through Principal. The region is your focus; Applied Engineering is where you grow. What You'll Do Own the technical design and delivery of customer implementations across MENA, from kickoff through production cutover Lead technical discovery, proof-of-concept design, and evaluations for regional prospects, partnering with Account Executives through the sales cycle Design solutions that fit each customer's stack, constraints, and data-residency requirements Represent Deepgram in front of Arabic-speaking customers and at regional events Bring the voice of Arabic-language customers to our Product and Research teams, including feedback on Arabic model performance across dialects Develop reusable implementation patterns, reference architectures, and deployment playbooks that the broader team and customers can reuse Provide support for the most complex post-onboarding cases in the region, and help to grow our coverage into APAC hours over time Time Allocation 40% — Customer implementation and scaling engagements 25% — Pre-sales technical work, including discovery, demos, proof-of-concepts, and evaluations 15% — Building reusable patterns, reference architectures, and automation 10% — Documentation, knowledge sharing, and product feedback 10% — Complex post-onboarding escalations for regional customers Your First 90 Days First 30 Days — Complete comprehensive onboarding to understand Deepgram's technology, products, and competitive landscape. Gain proficiency with our core APIs and documentation. Shadow active implementation engagements and discovery calls across EMEA accounts to learn how the Applied Engineering team operates. 60 Days — Begin owning customer implementation engagements end to end, and lead technical discovery for regional prospects alongside Account Executives. Start contributing to reusable implementation patterns, and deliver your first Arabic-focused demo or evaluation asset. 90 Days — Own the technical relationship with your assigned regional accounts. Run evaluations and implementations concurrently, and establish a working feedback loop with our Product and Research teams on Arabic model performance. You'll Love This Role If You Want to be the first dedicated technical presence for a region and build the playbook that others follow Enjoy the mix of customer conversations and hands-on building Are passionate about bringing Voice AI to Arabic-speaking markets Find satisfaction in designing patterns that scale beyond a single customer engagement Communicate clearly with executives and in technical depth with engineers Are energized by deploying cutting-edge Voice AI in production environments It's Important To Us That You Have Native or professional-level fluency in Arabic, and excellent written and spoken English A base in the MENA region (preferred) or elsewhere in EMEA, in a country where our employment partner supports hiring 4+ years of experience implementing or deploying technical solutions for enterprise customers, ideally in customer-facing technical roles A strong software engineering background with professional development experience in at least one modern programming language, such as Python, JavaScript / TypeScript, Rust, or similar languages Experience leading technical delivery of production deployments, from design through cutover Proven ability to scope complex technical work and sequence it for successful delivery Excellent written and verbal communication skills with the ability to explain technical concepts clearly to engineering and business stakeholders alike It Would Be Great if You Had Comfort across multiple Arabic dialects (Egyptian, Gulf, Levantine, North African) Experience with speech recognition, natural language processing, AI voice agents, or related AI technologies Knowledge of cloud platforms (AWS, GCP, Azure) and containerization technologies like Docker and Kubernetes Experience with telephony and real-time media concepts, such as SIP, WebRTC, and WebSocket streaming French, which helps across North Africa Familiarity with procurement, information security, and data-residency expectations in the region Notice : We're aware of individuals impersonating Deepgram recruiters. All legitimate Deepgram recruiting communication comes from an @ deepgram.com email address. If you've received a message claiming to be Deepgram, please forward it to careers@deepgram.com.",EMEA,EMEA,Remote,1,EMEA,Software Engineering,Software Engineering,Full-Time,Senior,,,,2026-08-24T12:09:08+00:00,,Software & IT,https://jobicy.com/jobs/151446-solutions-architect-mena,2026-08-24T19:35:11.496503+00:00
38c8fb796e479dd8,Jobicy,151445,Technical AI Product Manager,Ruby Labs,"About us Ruby Labs is a leading tech company that creates and operates innovative consumer products. We offer a diverse range of opportunities across the health, education, and entertainment industries. Our innovative teams are driving the future of consumer-led products, and we're always looking for passionate individuals to join us. Learn more about our story at: https://rubylabs.com/about-us/ About the role At Ruby Labs, we are building Direct-to-Consumer products in the AI category. We’re looking for a Technical AI Product Manager to own and scale the integrations and connector ecosystem that powers our AI features — the third-party APIs, app integrations, and MCP (Model Context Protocol) servers that let our products reach beyond the model itself. This is a high-ownership, technical role . Your core mandate is to scale connectors — growing the number, quality, and reliability of integrations available to our users — while making data-driven decisions about what to build, in what order, and how to measure success. You’ll operate inside an AI engineering squad, working shoulder-to-shoulder with engineers on prompt systems, structured outputs, agentic workflows, and evaluation, and collaborating closely with product, growth, data, and billing teams. We’re looking for someone technical enough to read API docs and talk to engineers without a translator, who treats AI tools as a core part of their daily workflow, and who measures success in outcomes — not effort. Key Responsibilities Own and drive the roadmap for scaling the connector ecosystem, including the number, quality, and reliability of integrations (MCP servers, third-party APIs, and app integrations) that power AI features. Prioritise integrations and connectors based on user demand, business impact, and engineering effort. Write clear product specifications and acceptance criteria for new connectors, working closely with AI engineers. Define and own the framework for evaluating, onboarding, monitoring, and maintaining connectors over time. Translate AI capabilities , including LLM features, agentic workflows, and tool use, into clear, buildable product requirements. Partner with the AI engineering team on prompt systems, structured outputs, and evaluation pipelines, ensuring product requirements are reflected in technical design. Make pragmatic build-versus-buy decisions and define the scope of integration infrastructure. Own features end-to-end , from discovery and specification through QA, launch, and post-launch iteration. Define success metrics for connectors and AI features, including adoption, reliability, latency, cost, retention, and engagement impact. Design and run experiments and A/B tests , making ship, iterate, or kill decisions based on quantitative results. Build and maintain dashboards in Mixpanel and use observability tools such as Langfuse to monitor AI and connector performance and health. Surface actionable insights and recommendation s to engineering and leadership teams on a regular cadence. Own and prioritise the integrations product backlog . Collaborate closely with AI engineering, growth, data, and billing teams to deliver initiatives reliably and on time. Communicate technical trade-offs, priorities, and roadmap decisions clearly to both technical and non-technical stakeholders. Use AI tools (Claude and others) as a core part of the daily workflow for prototyping, specification writing, analysis, and problem-solving. Qualifications 4+ years in product managemen t, with a strong track record on technical, platform, API, or integration products. Demonstrated end-to-end ownership of products — from hypothesis through production and iteration. Solid technical fluency : comfortable reading API documentation , understanding data schemas and JSON , and partnering with engineers without needing everything translated. Practical understanding of how LLM s work and what modern AI products involve — prompts, structured outputs, agents / tool use, and their limitations. Working familiarity with the concepts behind MCP (Model Context Protocol), connectors, or integration / developer-platform products. Hands-on, daily use of AI tools (Claude or similar) for real work — this is how the team operates; it is not optional. Strong analytical skills and hands-on proficiency with a product analytics tool ( Mixpanel preferred) — funnels, cohorts, and dashboards. Excellent communication and stakeholder-management skills, with comfort in a remote, asynchronous environment. Nice to have Direct, hands-on experience with MCP — building, integrating, or shipping MCP servers or clients. Experience growing an integrations marketplace or connector ecosystem (scaling both breadth and reliability of third-party integrations). Experience with AI gateways / model routing (OpenRouter or similar) and LLM observability / evaluation tooling ( Langfuse, LangSmith ). Familiarity with the TypeScript / Node.js / Next.js ecosystem. Experience in a startup or fast-paced, high-iteration product environment. Location Ruby Labs operates within the CET (Central European Time) zone. Applicants from any country are welcome to apply for the position as long as they are located within approximately ± 4 hours of CET. This ensures optimal collaboration and communication during working hours. Benefits Discover the perks of being part of our vibrant team! We offer: Remote Work Environment: Embrace the freedom to work from anywhere, anytime, promoting a healthy work-life balance. Unlimited PTO: Enjoy unlimited paid time off to recharge and prioritize your well-being, without counting days. Paid National Holidays: Celebrate and relax on national holidays with paid time off to unwind and recharge. Company-provided MacBook: Experience seamless productivity with top-notch Apple MacBooks provided to all employees who need them. Flexible Independent Contractor Agreement: Unlock the benefits of flexibility, autonomy, and entrepreneurial opportunities. Benefit from tax advantages, networking opportunities, reduced employment obligations, and the freedom to work from anywhere. Read more about it here: https://docs.google.com/document/d/1nkrN76JlZkbKj9WSOhlT1_mni_CZeDkHdwfIjPXVwvk/preview?tab=t.0#heading=h.ndsdl4wapxtt Be part of our fast-growing team and seize this excellent opportunity for personal and professional growth! Interview Process After submitting your application, we conduct a thorough review which typically takes 3 to 5 days, but may occasionally take longer due to the volume of applications received. If we see a potential fit, we proceed with the following steps: Recruiter Screening (40 minutes) Technical Interview (60 minutes) Second Interview (45 minutes) Final Interview (30 minutes) Life at Ruby Labs At Ruby Labs, we move fast, aim high, and expect the same from our team. We’re not here to play small—we’re here to build, grow, and win. That means we look for people who are ambitious, driven, and ready to give their best every single day. This is a place for individuals who thrive under pressure, embrace challenges, and see opportunity in every obstacle. If you’re hungry to achieve, motivated by impact, and want to grow at the speed of your own ambition, Ruby Labs offers the platform to make it happen. Here, effort is matched with reward. We recognize those who go all in and deliver results, and we create space for people who want more—more responsibility, more growth, and more success. #LI-Remote","Europe, Türkiye","Europe, Türkiye",Remote,1,"Europe, Türkiye",Product &amp; Operations,Product &amp; Operations,Full-Time,Midweight,,,,2026-08-24T12:05:50+00:00,,Product & UX,https://jobicy.com/jobs/151445-technical-ai-product-manager-3,2026-08-24T19:35:11.497526+00:00
61676e1f4f8cfaab,Jobicy,151444,MDM Engineer (1-month contract) | MySense,GT,"GT was founded in 2019 by a former Apple, Nest, and Google executive. GT’s mission is to connect the world’s best talent with product careers offered by high-growth companies in the UK, USA, Canada, Germany, and the Netherlands. On behalf of MySense , GT is looking for an MDM Migration Engineer / Endpoint Management Specialist interested in owning a short-term MDM migration project, moving MySense’s internal device management from its current externally managed Microsoft Intune setup to a new in-house MDM/UEM environment. **Expected involvement: 1 month About the Client MySense is a UK-based health technology and analytics company founded in 2016 and headquartered in London. Its technology helps people remain independent at home by combining sensors, wearables, and wellbeing analytics to identify changes in daily behaviour and support earlier intervention. MySense works with families as well as health and social care organisations, including NHS Trusts and local authorities. About the Role &amp; Project MySense is looking for a hands-on MDM / Endpoint Management Engineer to lead a short-term migration project as the company brings endpoint management in-house. You’ll take ownership of the transition from the current externally managed Microsoft Intune environment to a new MDM/UEM platform, covering a mixed estate of Windows, macOS, iOS, and Android devices. As part of the scope, you’ll also help assess MySense’s needs and select the most suitable MDM/UEM platform before leading its setup and migration. Your work will include configuring the new environment, setting up enrollment, security, and compliance policies, coordinating the migration with the current provider, and ensuring devices are successfully moved across with minimal disruption. Once the migration is complete, you’ll document the setup and hand it over to the internal MySense team, leaving them with a secure and manageable environment they can run independently. MySense is a small team of around 20 employees , so this is a focused, hands-on project where you’ll have clear ownership and visible impact. Responsibilities: Coordinate the transition from the existing externally managed Intune environment. Set up and configure the new MDM/UEM platform. Configure device enrollment and management for Windows, macOS, iOS, and Android. Set up Apple Business Manager and Android Enterprise where required. Migrate and re-enroll existing employee devices into the new environment. Configure baseline security, compliance, and device policies. Integrate the MDM environment with identity management such as Microsoft Entra ID. Troubleshoot issues during the migration. Document the setup and provide a clear handover to the internal team. Essential knowledge, skills &amp; experience: Previous hands-on experience implementing or migrating an MDM/UEM environment . Strong practical experience with at least one major MDM platform such as: Microsoft Intune Jamf Kandji Workspace ONE MobileIron Experience managing a mixed device environment across Windows, macOS, iOS, and/or Android. Good understanding of: Apple Business Manager Windows Autopilot / Microsoft Endpoint Management Android Enterprise PowerShell, Bash, or Python scripting for endpoint automation. Experience configuring device enrollment, policies, profiles, security, and compliance rules. Experience integrating endpoint management with Microsoft Entra ID / Azure AD or similar identity systems . Ability to independently own the migration from planning through implementation and handover. Advanced English and strong stakeholder communication skills. Nice-to-have Experience with Microsoft 365 and Entra ID environments. Experience working with external IT/MSP providers during migrations or offboarding. Experience in regulated environments such as healthcare, finance, or education. Knowledge of certificate management, PKI, or network access control. Interview Steps GT interview with Recruiter Technical interview Final interview",Europe,Europe,Remote,1,Europe,DevOps &amp; Infrastructure,DevOps &amp; Infrastructure,Contract,Any,,,,2026-08-24T12:05:48+00:00,,Cloud & DevOps,https://jobicy.com/jobs/151444-mdm-engineer-1-month-contract-mysense,2026-08-24T19:35:11.498096+00:00
e9d81172bacfba3b,Jobicy,151442,Security Platform Engineer,Sporty Group,"About the role Strengthen Sporty’s security monitoring and detection capability by managing, tuning, and continuously improving EDR and SIEM platforms. Ensure security alerts are accurate, actionable, and provide reliable visibility across endpoints, servers, cloud infrastructure, and corporate systems. What you'll be doing Administer, maintain, and monitor EDR and SIEM environments. Tune detection rules, correlation logic, and security policies to improve detection quality and reduce false positives. Configure and maintain endpoint policies, agent health, log collection, and platform integrations. Develop and maintain dashboards, reports, alerts, and security use cases. Investigate noisy or ineffective detections and continuously improve alert fidelity. Validate that endpoint protection, log collection, and response capabilities operate as expected. Integrate new log sources and improve visibility across endpoints, servers, cloud services, and network infrastructure. Convert findings from incidents, threat intelligence, vulnerability assessments, and offensive security exercises into improved monitoring content. Monitor platform health, storage, agent connectivity, licensing, and overall service availability. Support the Information Security team during security investigations by improving visibility, detections, and response workflows. Work with Infrastructure and IT teams to onboard new systems into EDR and SIEM. Produce operational documentation, standard operating procedures, and platform runbooks. Track detection coverage, platform performance, and continuous improvement initiatives. What you'll bring Experience administering enterprise SIEM, XDR, or EDR platforms. Hands on experience with Wazuh, Trend Micro Vision One, Microsoft Defender XDR, Microsoft Sentinel, Elastic Security, Splunk, or similar platforms. Strong understanding of endpoint security, Windows, Linux, macOS, Active Directory, cloud environments, and network security. Experience tuning detection rules and reducing false positives. Familiarity with log collection, parsing, correlation, and security event analysis. Understanding of MITRE ATT&amp;CK and common attacker techniques. Experience writing automation or scripting using Python, PowerShell, or Bash. Strong analytical and troubleshooting skills. Excellent documentation and communication skills. What's in it for you Sporty is a remote-first company in pursuit of sustainability A competitive salary plus individual performance-based bonuses every quarter 28 days paid annual leave Core working hours of 10am-3pm in your local time zone, with flexibility outside of these hours Referral bonuses and flash bonuses Top-of-the-line equipment Annual company retreats that provide opportunities to connect and collaborate with colleagues from around the world Interview Process Remote video screening with our Talent Acquisition Team Online assessment via Hackerrank Remote video interview with Team Members (60 Mins) Final discussion with the hiring manager (60 mins) If you're interested, we encourage you to apply! Every application is reviewed by a member of our team and we aim to respond within 48 hours.",Europe,Europe,Remote,1,Europe,Cybersecurity,Cybersecurity,Full-Time,Any,,,,2026-08-24T12:05:45+00:00,,Cybersecurity,https://jobicy.com/jobs/151442-security-platform-engineer,2026-08-24T19:35:11.498537+00:00
ef3b81ea6118d681,Jobicy,144408,LQA Game Tester (European Spanish) - Freelance Remote,Side,"About the company Side (formerly PTW) is a global video game development and services provider, offering technical and creative solutions to many of the largest developers and studios around the world. Founded in 2009 and drawing on 30+ years' experience from our parent company in Japan, Side has since grown to become a global force with 20 studios in 14 countries across North America, Europe, South America, and Asia. Our industry-leading services include game development, art production, audio production, quality assurance, localization, localization QA, player support, community management, and datasets. Help us bring stories to the world! Join a global team of passionate gamers and contribute to delivering unforgettable game experiences. Experience our side of life. For more information, visit www.side.inc. About the role As Localization QA Game Tester, you will work within our Localization Quality Assurance team and be the very first person to see the localized game in its entirety – translated text, images and the rest of the user interface collectively. You’ll get to experience the project in the way it will be consumed by the end users. You will work in a multilingual project team ensuring that the game is free from grammatical errors, cultural inconsistencies and ultimately ensuring that the game is accurately localized into the target language. Key Responsibilities: Collaborate with a global project team. Identify and correct spelling, grammar, punctuation, and other language errors. Ensure adherence to console manufacturer guidelines. Log details of errors and issues, providing improvement suggestions. Ensure accurate translation within context and maintain consistency in terminology and imagery. Identify missing or incorrect content and ensure proper display/format of dates, calendars, and characters. Write reports on errors and bugs found and perform ad hoc translation. Oversee the quality of your work, collaborate with the team, and contribute to the overall success of projects. Our Localization QA team conducts language checks on upcoming games across a variety of cutting-edge platforms, including PC, Xbox Series X/S, PS5, Nintendo Switch, PlayStation VR2, and various mobile and tablet devices. As an LQA Game Tester, you will be working on top gaming titles for some of the world’s leading publishers. Requirements No experience required . Just fluency in European Spanish and conversational in English. Strong cultural understanding of the language you are applying for. Computer literacy – particularly with Excel. Robust Internet research skills. Excellent attention to detail. Previous experience with using different software, applications, and websites. Ability to communicate clearly and concisely and collaborate within project teams. Candidate must be located within Schengen Area. What we offer: You will be working for the pre-eminent global provider of specialist services to the games industry and provided with full training and the opportunity to work on some of the biggest game clients, titles, projects, and tech in the world. Attractive remuneration, holidays, regular team competitions with great prizes; and inclusion into an extensive social calendar. Our environments thrive with collaborative teamwork with people from all around the world, different nationalities, and languages. A supportive community inclusive of LGBTQ+, and any age, ethnicity, religion, or disability. We care about the well-being of our employees and have a dedicated employee well-being program. We empower our people and offer regular progression opportunities to ensure our employees flourish. Learn as you work and be part of something real that changes the face of gaming - forever. Working with a global multi-lingual workforce with superb training and promotion and progression opportunities. We are currently building a talent pool for future opportunities. If your qualifications align with a role/project that becomes available, we will reach out to you directly to discuss next steps. While there may not be an immediate opening, we encourage you to submit your application, as we regularly review our pool of candidates when positions arise. For more career opportunities, visit our career page: www.side.inc/careers ALL APPLICATION MUST BE SENT IN ENGLISH",Portugal,Portugal,Remote,1,Portugal,Customer Support &amp; Success,Customer Support &amp; Success,Full-Time,"Entry-Level, Junior",,,,2026-08-24T04:55:06+00:00,,Software & IT,https://jobicy.com/jobs/144408-lqa-game-tester-european-spanish-freelance-remote,2026-08-24T19:35:11.499191+00:00
3d01714c9dd22759,Jobicy,149641,"Customer Success Engineer, LATAM (Spanish, Portugese)",GitLab,"GitLab is the intelligent orchestration platform for DevSecOps. GitLab enables organizations to increase developer productivity, improve operational efficiency, reduce security and compliance risk, and accelerate digital transformation. More than 50 million registered users and more than 50% of the Fortune 100* trust GitLab to ship better, more secure software faster. The same principles built into our products are reflected in how our team works: we embrace AI as a core productivity multiplier, with all team members expected to incorporate AI into their daily workflows to drive efficiency, innovation, and impact. GitLab is where careers accelerate, innovation flourishes, and every voice is valued. Our high-performance culture is driven by our values and continuous knowledge exchange, enabling our team members to reach their full potential while collaborating with industry leaders to solve complex problems. Co-create the future with us as we build technology that transforms how the world develops software. * Fortune 500® is a registered trademark of Fortune Media IP Limited, used under license. Claim based on GitLab data. Fortune 100 refers to the top 20% ranked companies in the 2025 Fortune 500 list, published in June 2025. Fortune and Fortune Media IP Limited are not affiliated with, and do not endorse products or services of GitLab. An overview of this role As a Customer Success Engineer, you'll help customers get real, measurable value from GitLab after the sale by providing technical product expertise and best practice guidance. You'll be part of the Customer Success Engineer team that delivers GitLab's On-Demand Success Tier through webinars, hands-on labs, office hours, and on-demand engagements. This is a pooled model, so you won't be dedicated to a specific set of accounts. You'll collaborate closely with Customer Success Managers, Account Executives, and Renewals Managers to support implementation, architecture, and use case adoption across GitLab's key workflows, including source code management, continuous integration and delivery, DevSecOps, and Agile Planning. You'll report to the Customer Success Engineer Team Manager. Your first-year outcomes will focus on building trusted advisor relationships, enabling successful customer implementations, and creating reusable workshops and technical content that helps customers adopt GitLab at scale. What you'll do Engage with customers through Zoom calls and email as a technical consultant during the post-sales journey, providing product, solution, and best practice guidance. Partner with Customer Success Managers to provide in-depth guidance on GitLab use case implementation, including source code management, continuous integration, continuous delivery, DevSecOps, and Agile Planning. Deliver practical, customer-specific enablement through webinars, hands-on labs, office hours, and on-demand engagements in a pooled support model that isn't dedicated to a single account. Provide technical and architectural guidance that helps customers adopt GitLab capabilities and connect technical decisions to the outcomes they care about. Align with Account Executives and Renewals Managers to share customer-facing subject matter expertise that supports customer business objectives. Develop and deliver workshops, demos, and other reusable enablement content in collaboration with cross-functional partners. Build and maintain specialty competency in one or more technologies aligned with GitLab's market focus through training, certification, and working examples for internal and customer use. Contribute to customer-facing learning resources, including GitLab documentation, YouTube content, and enablement programs such as the Digital Journey. What you'll bring Fluency in English and Spanish. Trilingual candidates who speak English, Spanish, and Brazilian Portugese is a strong plus. Located in the United States, Mexico, and Brazil. Experience supporting one or more GitLab use cases, such as source code management, continuous integration, continuous delivery, DevSecOps, or Agile Planning, and enabling customers with practical, in-depth guidance. Proficiency with DevSecOps tools or adjacent technical tooling, with the ability to translate tool capabilities into customer outcomes. A technical background in software development or systems engineering, including comfort discussing architecture, workflows, and implementation tradeoffs. The ability to communicate complex technical and organizational topics clearly in writing and live settings, including Zoom calls, workshops, and presentations. Experience operating as a trusted technical advisor to customer and business stakeholders in a post-sales environment. Strong time management and prioritization skills, including the ability to manage multiple customer engagements and cross-functional requests in a pooled model. A continuous learning mindset, including maintaining specialty competency through training, certification, documentation, or reusable examples. We welcome transferable experience from related roles and backgrounds. About the team We're a globally distributed Customer Success Engineer team supporting customers in GitLab's On-Demand Success Tier. We collaborate asynchronously and stay aligned through clear documentation and shared enablement assets. We continuously improve our content and delivery based on what we learn from customer engagements. How GitLab will support you Benefits to support your health, finances, and well-being Flexible Paid Time Off Team Member Resource Groups Equity Compensation &amp; Employee Stock Purchase Plan Growth and Development Fund Parental leave Home office support Please note that we welcome interest from candidates with varying levels of experience; many successful candidates do not meet every single requirement. Additionally, studies have shown that people from underrepresented groups are less likely to apply to a job unless they meet every single qualification. If you're excited about this role, please apply and allow our recruiters to assess your application. The base salary range for this role’s listed level is currently for residents of the United States only. This range is intended to reflect the role's base salary rate in locations throughout the US. Grade level and salary ranges are determined through interviews and a review of education, experience, knowledge, skills, abilities of the applicant, equity with other team members, alignment with market data, and geographic location. The base salary range does not include any bonuses, equity, or benefits. See more information on our benefits and equity . Sales roles are also eligible for incentive pay targeted at up to 100% of the offered base salary. United States Salary Range $105,600—$158,400 USD How GitLab Supports Full-Time Employees Benefits to support your health, finances, and well-being Flexible Paid Time Off Team Member Resource Groups Equity Compensation &amp; Employee Stock Purchase Plan Growth and Development Fund Parental Leave Please note that we welcome interest from candidates with varying levels of experience; many successful candidates do not meet every single requirement. Additionally, studies have shown that people from underrepresented groups are less likely to apply to a job unless they meet every single qualification. If you're excited about this role, please apply and allow our recruiters to assess your application. Country Hiring Guidelines: GitLab hires new team members in countries around the world. All of our roles are remote, however some roles may carry specific location-based eligibility requirements. Our Talent Acquisition team can help answer any questions about location after starting the recruiting process. Privacy Policy: Please review our Recruitment Privacy Policy. Your privacy is important to us. GitLab is proud to be an equal opportunity workplace and is an affirmative action employer. GitLab’s policies and practices relating to recruitment, employment, career development and advancement, promotion, and retirement are based solely on merit, regardless of race, color, religion, ancestry, sex (including pregnancy, lactation, sexual orientation, gender identity, or gender expression), national origin, age, citizenship, marital status, mental or physical disability, genetic information (including family medical history), discharge status from the military, protected veteran status (which includes disabled veterans, recently separated veterans, active duty wartime or campaign badge veterans, and Armed Forces service medal veterans), or any other basis protected by law. GitLab will not tolerate discrimination or harassment based on any of these characteristics. See also GitLab’s EEO Policy and EEO is the Law . If you have a disability or special need that requires accommodation , please let us know during the recruiting process .","Brazil, Mexico, USA","Brazil, Mexico, USA",Remote,1,"Brazil, Mexico, USA",Customer Support &amp; Success,Customer Support &amp; Success,Full-Time,Senior,,105600 - 158400,USD,2026-08-24T04:50:20+00:00,,Software & IT,https://jobicy.com/jobs/149641-customer-success-engineer-latam-spanish-portugese,2026-08-24T19:35:11.500403+00:00
d2d8ce0a0659c766,Jobicy,149642,Customer Engineer,Cresta,"Cresta unlocks the true potential of the customer experience, turning every conversation into a competitive advantage. Cresta’s unified AI platform combines conversational AI agents, real-time human agent augmentation, and comprehensive conversation intelligence to drive revenue and efficiency gains across every channel. The world’s leading companies, including United Airlines, Cox Communications, and Marriott, use Cresta to power world-class customer experiences every day. Born from the Stanford AI Lab, Cresta has raised more than $270 million from the world’s leading investors, including a16z, Greylock, and Sequoia. Cresta’s leadership includes some of the leading minds in AI today. Our CEO, Ping Wu , founded and led Google's Contact Center AI and Vertex AI platforms before joining Cresta to build the future of AI-driven customer experiences. Over the next few years, AI is going to redefine how people all over the world interact with businesses every day. Come build that future at Cresta. About The Role: As a Customer Engineer at Cresta, you'll play a key role in delivering our cutting-edge AI solutions to enterprise contact centers. You'll leverage your expertise in CX, call center infrastructure, chat platforms, AWS, and automation while collaborating closely with Solution Architects to ensure seamless integrations with customer systems. This role requires strong software engineering skills, domain expertise, and the ability to manage multiple projects simultaneously. You'll work closely with our Customer Success team, removing technical barriers and driving value for our customers through real-time coaching and agent efficiency tools. You'll also contribute to shaping our land-and-expand sales strategy as we continue to grow rapidly. Join our dynamic team of AI and ML experts and help transform the future of work with Cresta's innovative solutions. Responsibilities: Execute on integration design and project plan created by IMs, SAs and other stakeholders Design, build and deploy applications using Cresta SDKs, libraries and APIs These applications will be integrated with contact center chat or phone platforms. Participate in testing, troubleshooting and maintenance of Cresta products. Hands on experience in Go, Python and Javascript Partnering with the Customer Success Manager (CSM) to triage and resolve technical issues, while also facilitating collaboration with the engineering team to ensure successful technical outcomes. Qualifications we value: Operates with the enthusiasm of a salesperson, the confidence of a samurai wrestler and the precise delivery of a surgeon Experience in Contact Center and Customer Experience technologies such as AWS Connect, Genesys, Five9, etc. is highly desirable. Ability to use APIs and SDKs to build value added solutions Experience with AWS and Git Think big, deliver simple Able to forge strong external relationships with external technical stakeholders and in general able to take a consultative and strategic approach to solving customer problems. Conclusion: Compensation for this position includes a base salary, equity, and a variety of benefits. Actual base salaries will be based on candidate-specific factors, including experience, skillset, and location, and local minimum pay requirements as applicable. We are actively hiring for this role in the US and Canada. Your recruiter can provide further details. We have noticed a rise in recruiting impersonations across the industry, where scammers attempt to access candidates' personal and financial information through fake interviews and offers. All Cresta recruiting email communications will always come from the @cresta.ai domain. Any outreach claiming to be from Cresta via other sources should be ignored. If you are uncertain whether you have been contacted by an official Cresta employee, reach out to recruiting@cresta.com.",USA,USA,Remote,1,USA,Customer Support &amp; Success,Customer Support &amp; Success,Full-Time,Any,,,,2026-08-24T04:50:18+00:00,,Software & IT,https://jobicy.com/jobs/149642-customer-engineer-2,2026-08-24T19:35:11.500874+00:00
54dd1e0a89bb4ed8,Jobicy,147410,Staff Backend Engineer / Tech Lead Manager,Nebius,"About Nebius: Nebius is leading a new era in cloud infrastructure for the global AI economy. We are building a full-stack AI cloud platform that supports developers and enterprises from data and model training through to production deployment, without the cost and complexity of building large in-house AI/ML infrastructure. Built by engineers, for engineers. From large-scale GPU orchestration to inference optimization, we own the hard problems across compute, storage, networking and applied AI. Listed on Nasdaq (NBIS) and headquartered in Amsterdam, we have a global footprint with R&amp;D hubs across Europe, the UK, North America and Israel. Our team of 1,500+ includes hundreds of engineers with deep expertise across hardware, software and AI R&amp;D. Nebius Managed Kubernetes (mk8s) mission is to grow the Nebius cloud platform by providing a Kubernetes-native way to run AI systems with high efficiency and low operational overhead. With a single click, it provides a Kubernetes cluster on top of Nebius services for compute (VMs) and networking. In 2026, the service is scaling 10× and is expected to manage customer workloads across tens of thousands of GPU servers in more than 10 data centers. You will lead the mk8s Core team, one of three mk8s teams. The Core team owns the API, the core of the service control plane, cluster autoscaling, platform integrations, and running k8s add-ons. At Nebius, team leads are hands-on. We expect you to be a senior or staff engineer now (or earlier in your career). You will start as an individual contributor to gain context, then take on managerial responsibilities. In this position, you will be responsible to: Lead by example. Set the quality bar by spending a significant portion of your time on IC work: writing and reviewing code, leading projects, and participating in on-call rotation, incident mitigation, and post-incident analysis. Manage 4–8 mid-to-senior engineers. Provide context, coach, and give regular feedback. Maintain the technical vision for your area of responsibility. Collaborate with the Product Manager and Service Owner to shape product vision and plans. Examples of outcomes you could drive as a Team Lead Optimize the service control plane to create and manage 20K GPU nodes in a single Kubernetes cluster, enabling a major contract for the company. Integrate cluster autoscaling approaches (e.g., Karpenter) to improve resource utilization and support seamless auto-upgrades. Provide a Kubernetes-native way to use local disks to reduce disk I/O bottlenecks for AI training and inference, improving efficiency. Deliver managed Layer 7 load balancers to reduce operational overhead for customers. What you will bring to the table: 8+ years of professional software engineering or management experience Excellent knowledge of Golang, or you are ready to quickly switch to this programming language Expertise with Multi-month technical projects Tech leading engineers Owning multi-month technical projects. It would be an added bonus if you had: Experience with Team management, Kubernetes administration, Developing Kubernetes controllers Benefits &amp; Perks: Competitive compensation Career growth and learning opportunities Flexibility and ownership Collaborative and innovative culture Opportunity to work on impactful AI projects International environment and talented teams What's it like to work at Nebius: Fast moving - Bold thinking - Constant growth - Meaningful impact - Trust and real ownership - Opportunity to shape the future of AI Equal Opportunity Statement: Nebius is an equal opportunity employer. We are committed to fostering an inclusive and diverse workplace and to providing equal employment opportunities in all aspects of employment. We do not discriminate on the basis of race, color, religion, sex (including pregnancy), national origin, ancestry, age, disability, genetic information, marital status, veteran status, sexual orientation, gender identity or expression, or any other characteristic protected by applicable law. Applicants must be authorized to work in the country in which they apply and will be required to provide proof of employment eligibility as a condition of hire. If you need accommodations during the application process, please let us know.","Europe, Germany, Netherlands, UK","Europe, Germany, Netherlands, UK",Remote,1,"Europe, Germany, Netherlands, UK",Software Engineering,Software Engineering,Full-Time,Senior,,,,2026-08-24T04:50:17+00:00,,Software & IT,https://jobicy.com/jobs/147410-staff-backend-engineer-tech-lead-manager,2026-08-24T19:35:11.501456+00:00
2394000f9e496946,Jobicy,149664,"Senior Product Manager, Ads Quality",Instacart,"We're transforming the grocery industry At Instacart, we invite the world to share love through food because we believe everyone should have access to the food they love and more time to enjoy it together. Where others see a simple need for grocery delivery, we see exciting complexity and endless opportunity to serve the varied needs of our community. We work to deliver an essential service that customers rely on to get their groceries and household goods, while also offering safe and flexible earnings opportunities to Instacart Personal Shoppers. Instacart has become a lifeline for millions of people, and we’re building the team to help push our shopping cart forward. If you’re ready to do the best work of your life, come join our table. Instacart is a Flex First team There’s no one-size fits all approach to how we do our best work. Our employees have the flexibility to choose where they do their best work—whether it’s from home, an office, or your favorite coffee shop—while staying connected and building community through regular in-person events. Learn more about our flexible approach to where we work. Overview Instacart Ads powers one of the industry's leading retail media networks, enabling Instacart and its retailer partners to deliver highly relevant, effective advertising experiences at scale. As part of the Ad Product team, you'll sit at the intersection of machine learning, marketplace dynamics, and measurable business impact — helping shape the future of how brands connect with shoppers across the Instacart platform. We're looking for a Senior Product Manager to own the systems that drive core auction understanding and marketplace balance within our Ads Quality domain. This is a high-impact, technically complex space where your work will directly influence the health of the ads ecosystem — from how auctions are structured and optimized to how quality signals inform ranking and relevance. You'll partner closely with a team of talented machine learning engineers and ads engineers who are building at the frontier of what's possible in retail media. If you're energized by ambiguous, high-stakes problems, fluent in the language of ML and online advertising, and eager to accelerate experimentation in a fast-moving environment — this is the role for you. About the Job Own the product vision and roadmap for ads quality systems, including auction mechanics, marketplace balance, and the signals that govern ad ranking and relevance across Instacart's retail media network. Drive the strategy and execution for increasing the velocity of experimentation across the ads quality team — designing frameworks that allow the team to test, learn, and iterate faster without sacrificing rigor or integrity. Work hands-on with machine learning engineers and ads engineers to translate complex ML model outputs and auction dynamics into clear product requirements, hypotheses, and measurable outcomes. Define and track the right success metrics for ads quality, navigating tradeoffs between advertiser performance, shopper experience, and marketplace health — and communicating those tradeoffs clearly to senior stakeholders. Operate in a fast-paced, constantly evolving environment where priorities shift, new data surfaces frequently, and the ability to make good decisions under uncertainty is essential to moving the business forward. About You Minimum Qualifications 2+ years of product management experience in online advertising, ad tech, or a closely related domain — with a demonstrated understanding of auction mechanics, bidding systems, or ad quality signals. 2+ years of experience working directly with machine learning teams or ML-driven products, with the ability to engage substantively in technical conversations about model design, evaluation, and tradeoffs. Proven track record of defining and executing on product roadmaps in complex, data-rich environments with multiple cross-functional stakeholders. Strong analytical skills with experience using data to inform product decisions, measure impact, and design experiments. Preferred Qualifications Hands-on familiarity with large language models (LLMs) and how they can be applied within ads or ranking systems. Experience working with ads machine learning models in a production environment, including relevance scoring, auction optimization, or quality filtering. Prior experience at a retail media network, demand-side platform, or supply-side platform, with exposure to the full advertising stack. Comfort operating in ambiguous, high-growth environments where structure and process are still being built — and an eagerness to help build them. #LI-Remote Instacart provides highly market-competitive compensation and benefits in each location where our employees work. This role is remote and the base pay range for a successful candidate is dependent on their permanent work location. Please review our Flex First remote work policy here . Currently, we are only hiring in the following provinces: Ontario, Alberta, British Columbia, and Nova Scotia. Offers may vary based on many factors, such as candidate experience and skills required for the role. Additionally, this role is eligible for a new hire equity grant as well as annual refresh grants. Please read more about our benefits offerings here . For Canadian based candidates, the base pay ranges for a successful candidate are listed below. CAN $165,000—$174,000 CAD",Canada,Canada,Remote,1,Canada,Product &amp; Operations,Product &amp; Operations,Full-Time,Senior,,165000 - 174000,CAD,2026-08-24T04:50:15+00:00,,Product & UX,https://jobicy.com/jobs/149664-senior-product-manager-ads-quality,2026-08-24T19:35:11.502092+00:00
94a1971be8fac8d7,Jobicy,147408,Senior Backend Software Engineer (Observability),Nebius,"About Nebius: Nebius is leading a new era in cloud infrastructure for the global AI economy. We are building a full-stack AI cloud platform that supports developers and enterprises from data and model training through to production deployment, without the cost and complexity of building large in-house AI/ML infrastructure. Built by engineers, for engineers. From large-scale GPU orchestration to inference optimization, we own the hard problems across compute, storage, networking and applied AI. Listed on Nasdaq (NBIS) and headquartered in Amsterdam, we have a global footprint with R&amp;D hubs across Europe, the UK, North America and Israel. Our team of 1,500+ includes hundreds of engineers with deep expertise across hardware, software and AI R&amp;D. The role We are looking for a Senior Backend Software Engineer to join our Observability Platform team in Amsterdam or remotely. Building a reliable and profitable cloud platform is impossible without world-class observability. It spans every layer of the stack — from developer tooling and CI/CD pipelines to Kubernetes, managed services, databases, networking, and customer workloads. Our mission is to provide a unified ecosystem for logs, metrics, traces, alerting, and troubleshooting that enables engineers to understand and operate systems at scale. You will build and scale the core services behind this platform, working on high-volume telemetry ingestion, distributed storage, query engines, alerting pipelines, and new ways to help engineers make sense of operational data, including AI-assisted troubleshooting. We expect you to have: 5+ years of professional software engineering experience Strong knowledge of Golang or willingness to quickly switch to it Experience building distributed backend systems Solid understanding of software reliability, scalability, and performance Ability to troubleshoot complex production issues Teamwork-oriented approach and strong communication skills It would be an added bonus if you had: Experience building or contributing to observability platforms, telemetry systems, or related open-source projects such as Prometheus, Grafana, Loki, Jaeger, OpenTelemetry, VictoriaMetrics, Mimir, Tempo, or similar technologies Experience using ClickHouse in production Benefits &amp; Perks: Competitive compensation Career growth and learning opportunities Flexibility and ownership Collaborative and innovative culture Opportunity to work on impactful AI projects International environment and talented teams What's it like to work at Nebius: Fast moving - Bold thinking - Constant growth - Meaningful impact - Trust and real ownership - Opportunity to shape the future of AI Equal Opportunity Statement: Nebius is an equal opportunity employer. We are committed to fostering an inclusive and diverse workplace and to providing equal employment opportunities in all aspects of employment. We do not discriminate on the basis of race, color, religion, sex (including pregnancy), national origin, ancestry, age, disability, genetic information, marital status, veteran status, sexual orientation, gender identity or expression, or any other characteristic protected by applicable law. Applicants must be authorized to work in the country in which they apply and will be required to provide proof of employment eligibility as a condition of hire. If you need accommodations during the application process, please let us know.",Netherlands,Netherlands,Remote,1,Netherlands,Software Engineering,Software Engineering,Full-Time,Senior,,,,2026-08-24T04:50:12+00:00,,Software & IT,https://jobicy.com/jobs/147408-senior-backend-software-engineer-observability,2026-08-24T19:35:11.502563+00:00
2a3699b6f8815638,Jobicy,149665,Senior Data Engineering Manager,YipitData,"About Us: YipitData is the leading market research and analytics firm for the disruptive economy and most recently raised $475M from The Carlyle Group at a valuation of over $1B. Every day, our proprietary technology analyzes billions of alternative data points to uncover actionable insights across sectors like software, AI, cloud, e-commerce, ridesharing, and payments. Our data and research teams transform raw data into strategic intelligence, delivering accurate, timely, and deeply contextualized analysis that our customers—ranging from the world’s top investment funds to Fortune 500 companies—depend on to drive high-stakes decisions. From sourcing and licensing novel datasets to rigorous analysis and expert narrative framing, our teams ensure clients get not just data, but clarity and confidence. We operate globally with offices in the US, APAC, and India. Our award-winning, people-centric culture—recognized by Inc. as a Best Workplace for three consecutive years—emphasizes transparency, ownership, and continuous mastery. What It’s Like to Work at YipitData: YipitData isn’t a place for coasting—it’s a launchpad for ambitious, impact-driven professionals. From day one, you’ll take the lead on meaningful work, accelerate your growth, and gain exposure that shapes careers. Why Top Talent Chooses YipitData: Ownership That Matters : You’ll lead high-impact projects with real business outcomes Rapid Growth : We compress years of learning into months Merit Over Titles : Trust and responsibility are earned through execution, not tenure Velocity with Purpose: We move fast, support each other, and aim high—always with purpose and intention If your ambition is matched by your work ethic—and you're hungry for a place where growth, impact, and ownership are the norm—YipitData might be the opportunity you’ve been waiting for. About The Role: We are looking for a highly skilled Senior Data Engineering Manager to lead one of our data engineering teams. This is a hands-on player-coach role for someone who can develop engineers, guide technical architecture, and contribute directly to the systems that support our products, AI platforms, and customer-facing data feeds. You will own critical central data pipelines built on large-scale alternative datasets, including transaction data, email receipt data, B2B spend data, and other third-party datasets. Your team will transform complex data into reliable, production-grade assets used by research analysts, product teams, and internal applications. This role is ideal for an engineering leader who combines strong technical judgment, operational rigor, people leadership, and modern AI-assisted development practices. You should be comfortable using tools like Claude Code, Codex, Cursor, or similar systems to accelerate implementation, code review, testing, documentation, debugging, and technical exploration while maintaining a high bar for correctness, reliability, and production ownership. What You’ll Own You will lead the data engineering team responsible for building and scaling data systems for all of YipitData’s businesses, including: Large scale data pipelines built for the public investor business units, corporate investor team, and/or private investor team Production datasets and analytical models used in research workflows, applications, internal products, and customer-facing deliverables. Architecting data flows and data models to support various business stakeholders use cases focusing on accuracy, timeliness, and reliability. AI-ready analytical datasets designed with the structure, metadata, documentation, and business context needed for effective use by AI agents.. Data quality and observability frameworks , including validation checks, freshness monitoring, coverage monitoring, outlier detection, and automated QA controls. Technical execution across Databricks, Airflow, SQL, PySpark , and related data infrastructure. Operational excellence practices across documentation, incident response, monitoring, reliability, and production support. What You’ll Do Lead, coach, and develop a global team of data engineers while staying close to architecture, design, code reviews, debugging, and delivery. Partner with Technical Product Managers and Data leads to translate roadmap priorities, customer needs, and research requirements into scalable technical plans. Build and improve scalable data pipelines, data models, and QA systems for various data products. Collaborate with business stakeholders and PMs to support reliable delivery of data pipelines, incident resolution, methodologies, and operational improvements. Use AI coding tools to develop and enhance methodologies, accelerate engineering execution, improve documentation, strengthen QA, support technical exploration, and raise team productivity. Create clarity and momentum in ambiguous environments by breaking down complex data, research, and product challenges into actionable engineering plans. What We’re Looking For 8+ years of professional experience in data engineering, data architecture, big data development, ETL engineering, or related technical roles. 3+ years of managerial experience , including mentoring, team leadership, and supporting delivery. Experience managing, mentoring, or formally leading data engineers or technical teams in a hands-on player-coach capacity. Strong hands-on expertise with SQL, PySpark, Databricks, and Airflow or similar workflow orchestration tools and AI toolings. Experience building, maintaining, or scaling business-critical data systems , including pipelines, production datasets, data delivery systems, or customer-facing data products. Experience working with application teams with OLTP and OLAP use cases Deep technical judgment across data modeling, distributed data systems, pipeline architecture, orchestration, data quality, observability, and production reliability. Strong communication and cross-functional collaboration skills , especially with Product, Research, Operations, Client Success, Sales, and Engineering stakeholders. Nice to Have Experience with alternative data or financial data , including consumer transaction data, email receipt data, B2B spend data, or other large-scale third-party datasets. Experience supporting internal business stakeholders , including collaboration with leadership to aligned on strategic initiatives Experience building data pipelines that support AI agents, LLMs, automated insight generation, or AI-powered analytical workflows. What We Offer: Our compensation package includes comprehensive benefits, perks, and a competitive salary: We care about your personal life, and we mean it. We offer flexible work hours, flexible vacation, a generous 401K match, parental leave, team events, wellness budget, learning reimbursement, and more! Your growth at YipitData is determined by the impact that you are making, not by tenure, unnecessary facetime, or office politics. Everyone at YipitData is empowered to learn, self-improve, and master their skills in an environment focused on ownership, respect, and trust. See more on our high-impact, high-opportunity work environment above! The annual salary for this position is anticipated to be up to $215,000 per year, with a variable target up to 10%. The compensation package also includes equity. The final offer may be determined by a number of factors, including, but not limited to, the applicant's experience, knowledge, skills, abilities, as well as internal team benchmarks. This role may be performed fully remotely within the United States. Please note that our US headquarters are located in NYC. We also have office hubs in Austin, Miami, and Mountain View. If the remote work is performed outside of these offices, income may be subject to New York State tax withholding. Please note that for this position, we are not able to consider candidates who currently or in the future will require visa sponsorship. We are committed to equal employment opportunity regardless of race, color, ancestry, religion, sex, national origin, sexual orientation, age, marital status, disability, gender, gender identity or expression, or veteran status. We are proud to be an equal opportunity employer. Job Applicant Privacy Notice",USA,USA,Remote,1,USA,Software Engineering,Software Engineering,Full-Time,Senior,,,,2026-08-24T04:50:11+00:00,,Data & AI,https://jobicy.com/jobs/149665-senior-data-engineering-manager,2026-08-24T19:35:11.503557+00:00
256779bd9190894e,Jobicy,149666,Principal Product Manager - AI Creation & Growth (Remote Eligible),Smartsheet,"For over 20 years, Smartsheet has empowered teams to manage work seamlessly and scale solutions smarter. Now, in our most ambitious chapter yet, we are uniting human teams with AI agents. By orchestrating the work agents do best, automating manual tasks and uncovering insights at scale, we create the space for people to focus on what truly matters: judgment, creativity, and big thinking. That is magic at work, and it’s what we show up for every day. We are looking for an experienced Principal Product Manager to join our Product Organization at Smartsheet. In this role, you will own the intersection of AI-powered creation and product-led growth, driving investments that help customers get to value faster through intelligent content generation, AI-assisted onboarding, and self-serve activation. You will be accountable for setting strategy and making high-impact investments in areas of high ambiguity, aligned to customer demands and business goals. You will report into a leader in Product Management, and can be based in our Bellevue, WA office or work remotely from anywhere in the US where Smartsheet is a registered employer. You Will: Own the AI creation product surface: drive AI-powered asset generation, intelligent template recommendations, and the overall experience that turns a blank canvas into a working solution Define and drive the activation strategy: set the vision for how AI reduces time-to-value for new and expanding users, with a clear north star metric and a roadmap to move it Improve AI output quality: define standards for AI-generated content in Smartsheet, and work with engineering and design to improve the accuracy and usefulness of outputs over time Build the PLG feedback loop: optimize creation flows to understand what drives users to their ""aha moment,"" use that signal to iterate fast, and turn activation wins into expansion Partner deeply across the org: work with engineering, design, data science, and platform teams to ship capabilities that are both technically excellent and delightful to use Set the bar for quality and craft: define what ""great"" looks like for AI-generated content in Smartsheet and hold the team accountable to it Communicate with influence: distill complex AI and growth dynamics into crisp strategy narratives for executives, GTM partners, and the broader product org You Have: 8-10+ years of product management experience , with at least 2 years owning AI/ML-powered product experiences Proven PLG instincts: you've owned activation, onboarding, or self-serve growth metrics and know how to move them Deep curiosity about AI: you understand how generative AI and LLMs work well enough to push the boundaries of what's possible and have productive debates with engineers A track record of shipping: you've taken complex, ambiguous AI or growth initiatives from 0 to 1 and scaled them Data fluency: you're comfortable defining success metrics, designing experiments, and making judgment calls when the data is incomplete Enterprise product sensibility: you understand the unique constraints of building for enterprise buyers while optimizing for end-user delight Excellent communication skills: written, verbal, and visual; you can sell a vision and sweat the details Bonus Points: Experience with content generation, document intelligence, or AI-assisted creation products Background in template ecosystems, marketplaces, or recommendation systems Familiarity with onboarding funnel analytics tools (e.g., Amplitude, Mixpanel) Current US Perks &amp; Benefits: Employer subsidized medical/vision and dental coverage for full-time employees 401k Match to help you save for your future (50% of your contribution up to the first 6% of your eligible pay) Monthly stipend to support your work and productivity Flexible Time Away Program, plus Sick Time Off US employees are automatically covered under Smartsheet-sponsored life insurance, short-term, and long-term disability plans US employees receive 12 paid holidays per year Up to 24 weeks of Parental Leave Personal paid Volunteer Day to support our community Opportunities for professional growth and development including access to Udemy online courses Company Funded Perks, including a counseling membership, local retail discounts, and your own personal Smartsheet account Teleworking options from any registered location in the U.S. (role specific) Smartsheet provides a competitive base salary range for roles that may be hired in different geographic areas we are licensed to operate our business from. Actual compensation is determined by several factors including, but not limited to, level of professional, educational experience, skills, and specific candidate location. In addition, this role will be eligible for a market competitive incentive opportunity. US Base Salary Pay Range $201,250—$238,750 USD Get to Know Us: At Smartsheet, your ideas are heard, your potential is supported, and your contributions have real impact. You’ll have the freedom to explore, push boundaries, and grow beyond your role. We welcome diverse perspectives and nontraditional paths—because we know that impact comes from individuals who care deeply and challenge thoughtfully. When you’re doing work that stretches you, excites you, and connects you to something bigger, that’s magic at work. Let’s build what’s next, together. Equal Opportunity Employer: Smartsheet is an Equal Opportunity (EEO) employer committed to fostering an inclusive environment with the best employees. It is our policy to provide equal employment opportunities to all qualified applicants in accordance with applicable laws in the US, UK, Australia, Germany, Costa Rica, Japan, Bulgaria, India, and Singapore. All qualified applicants will receive consideration without regard to race, color, religion, sex, sexual orientation, gender identity, national origin, age, protected veteran or disabled status, or genetic information. If there are preparations we can make to help ensure you have a comfortable and positive interview experience, please let us know. #LI-Remote",USA,USA,Remote,1,USA,Product &amp; Operations,Product &amp; Operations,Full-Time,Senior,,201250 - 238750,USD,2026-08-24T04:50:07+00:00,,Product & UX,https://jobicy.com/jobs/149666-principal-product-manager-ai-creation-growth-remote-eligible,2026-08-24T19:35:11.504353+00:00
90f6349591318409,Jobicy,151436,Pre-Sales Solutions Engineer (EST or PST),Deepgram,"Company Overview Deepgram is the leading platform underpinning the emerging trillion-dollar Voice AI economy, providing real-time APIs for speech-to-text (STT), text-to-speech (TTS), and building production-grade voice agents at scale. More than 200,000 developers and 1,300+ organizations build voice offerings that are ‘Powered by Deepgram’, including Twilio, Cloudflare, Sierra, Decagon, Vapi, Daily, Cresta, Granola, and Jack in the Box. Deepgram’s voice-native foundation models are accessed through cloud APIs or as self-hosted and on-premises software, with unmatched accuracy, low latency, and cost efficiency. Backed by a recent Series C led by leading global investors and strategic partners, Deepgram has processed over 50,000 years of audio and transcribed more than 1 trillion words. There is no organization in the world that understands voice better than Deepgram. Company Operating Rhythm At Deepgram, we expect an AI-first mindset—AI use and comfort aren’t optional, they’re core to how we operate, innovate, and measure performance. Every team member who works at Deepgram is expected to actively use and experiment with advanced AI tools, and even build your own into your everyday work. We measure how effectively AI is applied to deliver results, and consistent, creative use of the latest AI capabilities is key to success here. Candidates should be comfortable adopting new models and modes quickly, integrating AI into their workflows, and continuously pushing the boundaries of what these technologies can do. Additionally, we move at the pace of AI. Change is rapid, and you can expect your day-to-day work to evolve just as quickly. This may not be the right role if you’re not excited to experiment, adapt, think on your feet, and learn constantly, or if you’re seeking something highly prescriptive with a traditional 9-to-5. Note: This individual must be based within either Eastern or Pacific Time in the US. Opportunity Deepgram is seeking a Pre-Sales Solutions Engineer to join our Applied Engineering team. While you'll have the opportunity to contribute across the team's various responsibilities (including pre-sales, implementation, and customer support), your primary focus will be driving technical pre-sales engagements with our prospects, customers, and partners. In this role, you will be the technical authority who bridges the gap between our state-of-the-art AI speech technology and customer business needs. You'll collaborate closely with our sales team to craft compelling technical solutions, provide technical validation, build proof-of-concepts, and demonstrate the value of our platform to technical decision makers. Your deep engineering expertise combined with consultative sales skills will be crucial in navigating complex sales cycles and establishing Deepgram as the preferred Voice AI partner. As a member of the Applied Engineering team, you'll influence the team’s vision, product strategy based on market insights, and contribute to the evolution of our pre-sales methodology. About Applied Engineering at Deepgram The Applied Engineering (AppEng) team at Deepgram combines the functions that other companies might separate into Solutions Engineering, Sales Engineering, Implementation, and Technical Support. We serve as the technical interface between Deepgram and our customers throughout their entire journey. We work closely with our Customer Success and Developer Experience (DX) teams to ensure a positive, growth-focused experience for our customers, as well as with Product and Engineering teams to deliver solutions that meet customer needs. This unified approach allows us to provide comprehensive technical guidance and build deeper relationships with our customers. As an Applied Engineer, you'll be primarily focused on the pre-sales aspects of this journey while having opportunities to contribute to the full customer lifecycle. This role also includes up to 50% travel to meet with customers, support sales engagements, and participate in key onsite interactions What You’ll Do Lead technical discovery and solution design for enterprise prospects and customers Architect and implement custom proof-of-concepts and technical demonstrations that address specific customer use cases Provide expert guidance on API integration, performance optimization, and deployment strategies Partner with Account Executives to navigate technical objections and accelerate the sales cycle Contribute to technical content creation including implementation guides, reference architectures, and best practices Mentor junior team members and share technical knowledge across the organization Represent the voice of the customer to product and engineering teams Your First 90 Days First 30 Days: Complete comprehensive onboarding to understand Deepgram's technology, products, and competitive landscape. Shadow senior team members on customer calls and begin building technical demos. Gain proficiency with our core APIs and documentation. 60 Days: Lead technical discovery calls with account executives, and develop custom proof-of-concepts for prospects. Begin contributing to technical content. Participate in sales strategy sessions and provide technical insights to deals in progress. 90 Days: Own the technical relationship with assigned accounts. Develop and present complex solutions addressing specific customer challenges. Begin mentoring newer team members and contributing to the pre-sales methodology. You’ll Love This Role If You Are passionate about translating complex technical capabilities into business value Thrive in consultative customer environments where you can showcase your technical expertise Enjoy the strategic aspects of enterprise sales cycles while maintaining technical credibility Find satisfaction in seeing your technical solutions drive customer adoption and success Are energized by staying at the forefront of AI and speech technology It’s Important To Us That You Have 5+ years of experience in technical pre-sales, solutions architecture, or similar customer-facing technical roles Strong software engineering background with professional development experience in at least one modern programming language, such as Python, JavaScript/TypeScript, or similar languages Proven track record of successfully navigating complex technical sales cycles Experience building and demonstrating proof-of-concepts or technical solutions to diverse audiences Excellent verbal and written communication skills with the ability to translate technical concepts for both technical and non-technical stakeholders It Would Be Great if You Had Experience with speech recognition, NLP, AI/Voice agents, or related AI technologies Experience building customer-facing demos and sample code Knowledge of cloud platforms (AWS, GCP, Azure) and containerization technologies like Docker and Kubernetes (K8s) Experience with API-first products and developer tools Background in sales methodologies such as Triangle, MEDDIC, or Solution Selling Notice : We're aware of individuals impersonating Deepgram recruiters. All legitimate Deepgram recruiting communication comes from an @ deepgram.com email address. If you've received a message claiming to be Deepgram, please forward it to careers@deepgram.com.",USA,USA,Remote,1,USA,Sales,Sales,Full-Time,Senior,,197000 - 246000,USD,2026-08-23T19:32:56+00:00,,Software & IT,https://jobicy.com/jobs/151436-pre-sales-solutions-engineer-est-or-pst,2026-08-24T19:35:11.505260+00:00
6eab4d72b1966a7b,Jobicy,148108,Senior Site Reliability Engineer,Remote,"About Remote Remote is solving modern organizations’ biggest challenge – navigating global employment compliantly with ease. We make it possible for businesses of all sizes to recruit, pay, and manage international teams. With our core values at heart and future focused work culture, our team works tirelessly on ambitious problems, asynchronously, around the world. You can find Remoters working from 6 different continents (Antarctica left to go!) and all of our positions are fully remote. With Innovation as one of the core values, we have built Automation and AI capabilities into the requirements for every role. We encourage every member of the Remote team to bring their talents, experiences and culture to the table to help us build the best-in-class HR platform. If you are energetic, curious, motivated and ambitious, be part of our world. Apply now and define the future of work! This position As a Senior SRE at Remote, you'll work with a high degree of autonomy on complex reliability and platform problems, owning the plan and execution of features and projects within our SRE/Platform domain. You'll contribute to the platform's architecture and reliability strategy, translating ambiguous requirements into robust, maintainable solutions and raise the technical bar of the engineers around you while collaborating closely with product and security teams in an async-first, fully remote environment. You'll work AI-natively day to day and build reusable AI workflows that make the whole team faster and more reliable, not just yourself. What you’ll bring Solid professional experience in SRE, DevOps, or Platform Engineering. Solid hands-on Kubernetes: operating and scaling production clusters and container tooling (Docker) and its ecosystem. Experience building and managing cloud infrastructure on AWS (or similar). Strong infrastructure-as-code practice with Terraform. Experience with reliability frameworks: SLOs, SLIs, error budgets, alerting strategies. Solid observability background: OpenTelemetry, Grafana/Prometheus or similar. Proficiency with CI/CD (GitLab CI, GitHub Actions, or similar) and deployment automation. Comfortable with Golang, Bash/scripting; broader programming a plus. Practical, embedded use of AI in infra/ops/dev work, agentic workflows with concrete, observable results, not just familiarity with the tools. Clear and thoughtful communication, especially in an async-first, global setting Proactive, curious, and comfortable taking ownership of challenges Collaborative and respectful across cultures, time zones, and backgrounds Nice to have Experience with 1 back-end programming language (Elixir, Nodejs, Python, etc) Experience running and configuring Linux systems in a non-cloud environment Security knowledge and capabilities from a defensive and offensive standpoint What you’ll do Lead solution discovery and delivery for reliability and infrastructure problems with real ambiguity, complexity, or scope. Autonomously, coordinating with other contributors where needed. Contribute to the platform's architecture, tooling, and roadmap. Influence team priorities and advocate for technical initiatives. Help define and operate reliability practices for our platform: SLOs/SLIs, error budgets, alerting, observability. Take responsibility for the team's operational stance, using support/incident metrics to shape technical strategy. Resolve cross-team requests, identify systemic issues, and turn recurring ones into reusable fixes and runbooks rather than one-off answers. Work AI-natively and operationalise it for the team: use agentic workflows by default; build reusable prompts, skills, and tooling embedded in the codebase so others ship faster, safely; design agent-ready systems (clean interfaces, good observability) that make AI-assisted changes easy to review. Establish shared standards and domain-level guardrails (secure-by-default patterns, CI protections, AI-assisted review practices). Mentor and give timely, actionable feedback to less-senior engineers; participate in hiring, onboarding, and RFC discussions. Collaborate with Security on platform hardening and threat mitigation; contribute to capacity and cost-efficiency of the infrastructure. Participate in incident response and on-call rotations to rapidly resolve issues and maintain system reliability. Practicals You'll report to: SRE Team Lead Team: Engineering Location: For this hire, due to diversity and timezones requirements, we’re prioritising Europe Start date: As soon as possible Application process Interview with recruiter Interview with HM (async) Infrastructure exercise (you're not expected to spend more than 2 - 4 hours) Interview with the team (without any manager in the call so you can really get to know the people and ask all you want to ask) Bar Raiser Interview Executive Interview Offer + Background check ( Veremark &amp; Remote ) #LI-DNP Remote's Total Rewards philosophy is to ensure fair, unbiased compensation and fair equity pay along with competitive benefits in all locations in which we operate. We do not agree to or encourage cheap-labor practices and therefore we ensure to pay above in-location rates. We hope to inspire other companies to support global talent-hiring and bring local wealth to developing countries. At first glance our salary bands seem quite wide - here is some context. At Remote we have international operations and a globally distributed workforce. We use geo ranges to consider geographic pay differentials as part of our global compensation strategy to remain competitive in various markets while we hiring globally. Our salary ranges are determined by role, level and location, and our job titles may span more than one career level. The actual base pay for the successful candidate in this role is dependent upon many factors such as location, transferable or job-related skills, work experience, relevant training, business needs, and market demands. The base salary range may be subject to change. At Remote, we foster internal mobility as a key element of our culture of employee growth and development, supported by a compensation philosophy that guarantees pay equity and fairness. Therefore, all compensation changes associated with an internal move will be reviewed by the Total Rewards &amp; People Enablement team on a case by case basis. The annual salary range for this full-time position is $53,300—$119,850 USD Benefits Our full benefits &amp; perks are explained in our handbook at remote.com/r/benefits . As a global company, each country works differently, but some benefits/perks are for all Remoters: work from anywhere flexible paid time off flexible working hours (we are async ) 16 weeks paid parental leave mental health support services stock options learning budget home office budget &amp; IT equipment budget for local in-person social events or co-working spaces How you’ll plan your day (and life) We work async at Remote which means you can plan your schedule around your life (and not around meetings). Read more at remote.com/async . You will be empowered to take ownership and be proactive. When in doubt you will default to action instead of waiting. Your life-work balance is important and you will be encouraged to put yourself and your family first, and fit work around your needs. If that sounds like something you want, apply now! How to apply Please fill out the form below and upload your CV with a PDF format. We kindly ask you to submit your application and CV in English, as this is the standardised language we use here at Remote. If you don’t have an up to date CV but you are still interested in talking to us, please feel free to add a copy of your LinkedIn profile instead. Not only do we encourage folks from all ethnic groups, genders, sexuality, age, abilities, disability status and any other under-represented group to apply, but we prioritize a sense of belonging. We have 4 ERGs (Women, Disability, Queer, Minorities in Tech) who meet regularly with the People team. During your interviews and beyond, we ask &amp; encourage anybody who needs an accommodation to request one from their recruiter. We will ask you to voluntarily tell us your pronouns at interview stage, and you will have the option to answer our anonymous demographic questionnaire when you apply below. As an equal employment opportunity employer it’s important to us that our workforce reflects people of all backgrounds, identities, and experiences and this data will help us to stay accountable. We thank you for providing this data, if you chose to. At Remote, we embrace AI as a valuable tool while prioritizing human creativity and authenticity. We look forward to meeting candidates who balance innovation with genuine expertise and experience. To learn more about Remote's AI guidelines check see here . Please note we accept applications on an ongoing basis.",EMEA,EMEA,Remote,1,EMEA,DevOps &amp; Infrastructure,DevOps &amp; Infrastructure,Full-Time,Senior,,53300 - 119850,USD,2026-08-23T17:14:36+00:00,,Cloud & DevOps,https://jobicy.com/jobs/148108-senior-site-reliability-engineer,2026-08-24T19:35:11.506465+00:00
9d5839524b5196db,Jobicy,144336,Staff Security Architect,Kraken,"Building the Future of Crypto Our Krakenites are a world-class team with crypto conviction, united by our desire to discover and unlock the potential of crypto and blockchain technology. What makes us different? Kraken is a mission-focused company rooted in crypto values. As a Krakenite, you’ll join us on our mission to accelerate the global adoption of crypto, so that everyone can achieve financial freedom and inclusion. For over a decade, Kraken’s focus on our mission and crypto ethos has attracted many of the most talented crypto experts in the world. Before you apply, please read the Kraken Culture page to learn more about our internal culture, values, and mission. We also expect candidates to familiarize themselves with the Kraken app. Learn how to create a Kraken account here . As a fully remote company, we have Krakenites in 70+ countries who speak over 50 languages. Krakenites are industry pioneers who develop premium crypto products for experienced traders, institutions, and newcomers to the space. Kraken is committed to industry-leading security , crypto education , and world-class client support through our products like Kraken Pro , Desktop , Wallet , and Kraken Futures . Become a Krakenite and build the future of crypto! Proof of work The team We are seeking a skilled &amp; hands-on Senior Security Architect for Kraken Security Labs. Kraken Security Labs provides boutique-style, deeply technical internal security consulting on current and future products. We don't merely provide high-level guidance but indeed get deeply embedded in the different engineering teams and do not mind hands-on work. Our projects span from classical infrastructure security projects, over cryptography, web3, and complex Rust projects, to securing our next generation of AI products. You will work in a small, highly technical team and collaborate with teams all across the company &amp; world. The opportunity Design, review &amp; verify robust security architecture in a heterogeneous environment Conduct thorough security assessments and audits of existing architectures, recommending practical improvements Stay updated with latest (blockchain) security trends, threats and mitigation techniques Provide expertise to our blockchain teams, ensuring secure operational practices Skills you should HODL Proven experience as an IT security expert, with a strong background in application security Experience in security testing diverse application Experience with infrastructure security Basic familiarity with security frameworks (OWASP, NIST, etc) Excellent problem-solving skills and the ability to work in a dynamic, fast-paced environment Strong communication and collaboration skills to effectively remotely work with stakeholders across the organization Unless a specific application deadline is stated in the job posting, applications are accepted on an ongoing basis. Please note, applicants are permitted to redact or remove information on their resume that identifies age, date of birth, or dates of attendance at or graduation from an educational institution. We consider qualified applicants with criminal histories for employment on our team, assessing candidates in a manner consistent with the requirements of the San Francisco Fair Chance Ordinance. Kraken is powered by people from around the world and we celebrate all Krakenites for their diverse talents, backgrounds, contributions and unique perspectives. We hire strictly based on merit, meaning we seek out the candidates with the right abilities, knowledge, and skills considered the most suitable for the job. We encourage you to apply for roles where you don't fully meet the listed requirements, especially if you're passionate or knowledgable about crypto! We may ask candidates to complete job-related skills or work-style assessments as part of our hiring process. These assessments are designed to evaluate competencies relevant to the role and are applied consistently across candidates for similar positions. Assessment results are considered alongside other relevant information, such as experience and interviews, and are not the sole basis for any employment decision. As an equal opportunity employer, we don’t tolerate discrimination or harassment of any kind. Whether that’s based on race, ethnicity, age, gender identity, citizenship, religion, sexual orientation, disability, pregnancy, veteran status or any other protected characteristic as outlined by federal, state or local laws. Stay in the know Follow us on Twitter Learn on the Kraken Blog Connect on LinkedIn Candidate Privacy Notice","EMEA, LATAM, Canada, Europe","EMEA, LATAM, Canada, Europe",Remote,1,"EMEA, LATAM, Canada, Europe",Software Engineering,Software Engineering,Full-Time,Senior,,,,2026-08-23T05:10:05+00:00,,Software & IT,https://jobicy.com/jobs/144336-staff-security-architect,2026-08-24T19:35:11.507112+00:00
6609bd9d3070ad80,Jobicy,149596,Senior Applied Scientist,Samsara,"Who we are Samsara (NYSE: IOT) is the pioneer of the Connected Operations™ Cloud, which is a platform that enables organizations that depend on physical operations to harness Internet of Things (IoT) data to develop actionable insights and improve their operations. At Samsara, we are helping improve the safety, efficiency and sustainability of the physical operations that power our global economy. Representing more than 40% of global GDP, these industries are the infrastructure of our planet, including agriculture, construction, field services, transportation, and manufacturing — and we are excited to help digitally transform their operations at scale. Working at Samsara means you’ll help define the future of physical operations and be on a team that’s shaping an exciting array of product solutions, including Video-Based Safety, Vehicle Telematics, Apps and Driver Workflows, and Equipment Monitoring. As part of a recently public company, you’ll have the autonomy and support to make an impact as we build for the long term. About the role: The Samsara Machine Learning / Computer Vision team builds end-to-end applications to power different product pillars at Samsara. We are looking for a talented applied scientist to generate insights and draw value from rich customer interactions, as well as from the 2T+ data points our sensors and cameras collect on an annual basis. This is a remote position open to candidates residing in the United States. This position requires travel up to 5% of the time. Relocation assistance will not be provided for this role. You should apply if: You want to impact the industries that run our world: The software, firmware, and hardware you build will result in real-world impact—helping to keep the lights on, get food into grocery stores, and most importantly, ensure workers return home safely. You want to build for scale: With over 2.3 million IoT devices deployed to our global customers, you will work on a range of new and mature technologies driving scalable innovation for customers across industries driving the world's physical operations. You are a life-long learner: We have ambitious goals. Every Samsarian has a growth mindset as we work with a wide range of technologies, challenges, and customers that push us to learn on the go. You believe customers are more than a number: Samsara engineers enjoy a rare closeness to the end user and you will have the opportunity to participate in customer interviews, collaborate with customer success and product managers, and use metrics to ensure our work is translating into better customer outcomes. You are a team player: Working on our Samsara Engineering teams requires a mix of independent effort and collaboration. Motivated by our mission, we’re all racing toward our connected operations vision, and we intend to win—together. In this role, you will: Build and improve the accuracy of ML / CV models, including retraining and optimizing models to solve Samsara-specific problems. This will contribute to our R&amp;D roadmap across our four product categories including: Video-based safety - Key focus. Vehicle telematics. Equipment monitoring. Workforce apps and Site Visibility. Work with petabyte-scale data from Samsara camera and sensor devices to develop new models. Optimize models for inference on the backend and/or on edge devices. Partner with firmware and full-stack teams to deploy model for optimal performance and cost. Stay connected to industry and academic research and adopt novel technology that suits Samsara’s needs. Collaborate with product team to translate customer needs to ML / CV solutions. Champion, role model, and embed Samsara’s cultural principles (Focus on Customer Success, Build for the Long Term, Adopt a Growth Mindset, Be Inclusive, Win as a Team) as we scale globally and across new offices. Minimum requirements for the role: BS or MS in Computer Science or other technical degree with 5+ years of experience as an Applied Scientist, Machine Learning Engineer, or similar role working on Computer Vision; or Ph.D. in Computer Science or quantitative discipline (e.g., Applied Math, Physics, Statistics) with 3+ years of experience working on Computer Vision. Strong proficiency in one or more common languages (e.g., C++, Golang, Java, Python). Proficiency with common ML tools (e.g., Spark, TensorFlow, PyTorch). Familiarity with managing data processing and machine learning code via GitHub. Excellent problem-solving skills and the ability to work alone and collaboratively. An ideal candidate also has: Experience implementing ML models on large datasets 100K to 1M and more on the edge. Experience building, deploying, and optimizing ML models on the edge. Experience in state-of-the-art models for road segmentation, road object detection and tracking. Experience working with cross-functional teams on a project. Comfortable with full-stack/backend development code to build a strong understanding of underlying data structures and other dependencies. The range of annual base salary for full-time employees for this position is below. Please note that base pay offered may vary depending on factors including your city of residence, job-related knowledge, skills, and experience. This role is also eligible for an initial RSU grant with no vesting cliff, and ongoing refresh opportunities tied to performance, subject to plan terms and conditions. Learn more about our total rewards and benefits below. Annual Base Salary $170,170—$286,000 USD Total Rewards At Samsara, we build for the people who keep the global economy moving. We want owners, not passengers, which is why our rewards are designed to fuel high-impact builders. Our compensation program delivers above-market total compensation through a combination of base salary, performance-based bonus/variable pay, and equity (for eligible roles) in a high-growth public company. We meaningfully differentiate pay for our top performers, who have the opportunity to earn above-market compensation that can outpace the broader market over time. Beyond compensation, we provide the foundations that enable long-term success: a flexible, employee-led remote model, a professional development stipend, comprehensive health and parental leave plans, and more. If you’re ready to build for the long term and own the outcome, your journey starts here. Flexible Working At Samsara, we embrace a flexible working model that caters to the diverse needs of our teams. Our offices are open for those who prefer to work in-person and we also support remote work where it aligns with our operational requirements. For certain positions, being close to one of our offices or within a specific geographic area is important to facilitate collaboration, access to resources, or alignment with our service regions. In these cases, the job description will clearly indicate any working location requirements. Our goal is to ensure that all members of our team can contribute effectively, whether they are working on-site, in a hybrid model, or fully remotely. All offers of employment are contingent upon an individual’s ability to secure and maintain the legal right to work at the company and in the specified work location, if applicable. Belonging at Samsara At Samsara, we welcome everyone regardless of their background. All qualified applicants will receive consideration for employment without regard to race, color, religion, national origin, sex, gender, gender identity, sexual orientation, protected veteran status, disability, age, and other characteristics protected by law. We depend on the unique approaches of our team members to help us solve complex problems and want to ensure that Samsara is a place where people from all backgrounds can make an impact. Accommodations Samsara is an inclusive work environment, and we are committed to ensuring equal opportunity in employment for qualified persons with disabilities. Please email accessibleinterviewing@samsara.com or click here if you require any reasonable accommodations throughout the recruiting process. Our Commitment to Authenticity We use Tofu , a fraud detection tool, to validate the authenticity of applications and protect against identity fraud. This ensures we are connecting with real people and allows us to prioritize genuine candidates. Please see Samsara’s Candidate Privacy Notice for more information. Fraudulent Employment Offers Samsara is aware of scams involving fake job interviews and offers. Please know we do not charge fees to applicants at any stage of the hiring process. Official communication about your application will only come from emails ending in @samsara.com, @us-greenhouse-mail.io or @mail3.guide.co. For more information regarding fraudulent employment offers, please visit our blog post here .",USA,USA,Remote,1,USA,Data Science &amp; Analytics,Data Science &amp; Analytics,Full-Time,Senior,,170170 - 286000,USD,2026-08-23T05:05:10+00:00,,Data & AI,https://jobicy.com/jobs/149596-senior-applied-scientist,2026-08-24T19:35:11.508266+00:00
59dad9ca82a0197b,Jobicy,149595,Senior Workday Platform Engineer,Natera,"We are seeking a hands-on Senior Workday Platform Engineer within the G&amp;A IT Applications team to serve as the primary technical owner of the Workday platform across HCM, Payroll, Recruiting, Prism Analytics, Illuminate (AI/ML), integrations, security, and release management. This is a builder-first role. You will configure, develop, integrate, and operate within Workday while partnering closely with HR, Payroll, Finance, and IT stakeholders. You own the technical platform layer configuration, integrations, security architecture, governance, and release discipline, while HR and Payroll retain ownership of sensitive data and business policy logic. Key Responsibilities Platform Ownership &amp; Delivery: Own technical execution across Workday HCM, Payroll, Recruiting, Prism Analytics, and Illuminate. Translate business requirements into phased technical delivery plans. Manage sandbox strategy, tenant lifecycle, and biannual release readiness. Hands-On Configuration &amp; Development: Configure HCM and Recruiting modules.Build advanced reports (matrix, composite, BIRT), calculated fields, validations, and business process frameworks. Leverage Workday Extend to design and build lightweight custom applications that enhance core workflows. Maintain scalable security models and governance standards. Integrations &amp; Architecture: Build and maintain integrations (EIB, Studio, REST/SOAP APIs, RaaS). Integrate with applications like ERP, identity providers, benefits carriers, and third-party systems. Ensure secure, reusable integration frameworks with monitoring and error-handling discipline. Analytics, AI &amp; Automation: Implement and manage Workday Prism Analytics datasets and dashboards. Enable Workday Illuminate capabilities and intelligent workflows. Drive automation while maintaining audit and compliance standards. Security &amp; Compliance: Own Workday security architecture and least-privilege access models. Implement enhanced logging and monitoring for sensitive data access, extracts, and downloads. Ensure encryption in transit and at rest across integrations and reporting. Enforce non-production data masking and scrubbing practices. Support SOX, GDPR, and HIPAA compliance requirements. Separation of Duties This role owns platform configuration, integrations, and technical governance. It does not include direct access to sensitive employee data or ownership of HR policy logic. Required Qualifications 8+ years of hands-on Workday technical experience. Workday Pro certifications (HCM, Integrations, Security, Prism). Strong experience building Workday integrations (EIB, Studio, APIs). Deep expertise in security configuration, business process framework design, and reporting. Experience with Prism Analytics. Exposure to Workday Extend. High documentation skills with solid understanding of ITGC controls &amp; Change management policies and operational rigor. Platform ownership mindset with strong technical depth. Experience operating in regulated environments. Proven ability to deliver complex platform initiatives end-to-end. Strong stakeholder communication and governance mindset. Preferred Qualifications Exposure to Workday Illuminate / AI features. Experience with Workday ecosystem add-ons (e.g., Paradox, Sana, and other governance/reporting tools). Experience in biotech, healthcare, or other large-scale companies. #LI-DNI Compensation &amp; Total Rewards This range reflects a good-faith estimate of the base pay we reasonably expect to offer at the time of hire. Final compensation will vary based on experience, qualifications, and internal equity considerations. This position is also eligible for additional compensation and benefits through Natera’s robust Total Rewards program, including: Annual performance incentive bonus Long-term equity awards Comprehensive health benefits (medical, dental, vision) 401(k) with company match Generous paid time off and company holidays Additional wellness and work-life benefits Compensation Range $128,800—$161,050 USD OUR OPPORTUNITY Natera™ is a global leader in cell-free DNA (cfDNA) testing, dedicated to oncology, women’s health, and organ health. Our aim is to make personalized genetic testing and diagnostics part of the standard of care to protect health and enable earlier and more targeted interventions that lead to longer, healthier lives. The Natera team consists of highly dedicated statisticians, geneticists, doctors, laboratory scientists, business professionals, software engineers and many other professionals from world-class institutions, who care deeply for our work and each other. When you join Natera, you’ll work hard and grow quickly. Working alongside the elite of the industry, you’ll be stretched and challenged, and take pride in being part of a company that is changing the landscape of genetic disease management. WHAT WE OFFER Competitive Benefits - Employee benefits include comprehensive medical, dental, vision, life and disability plans for eligible employees and their dependents. Additionally, Natera employees and their immediate families receive free testing in addition to fertility care benefits. Other benefits include pregnancy and baby bonding leave, 401k benefits, commuter benefits and much more. We also offer a generous employee referral program! For more information, visit www.natera.com . Natera is proud to be an Equal Opportunity Employer. We are committed to ensuring a diverse and inclusive workplace environment, and welcome people of different backgrounds, experiences, abilities and perspectives. Inclusive collaboration benefits our employees, our community and our patients, and is critical to our mission of changing the management of disease worldwide. All qualified applicants are encouraged to apply, and will be considered without regard to race, color, religion, gender, gender identity or expression, sexual orientation, national origin, genetics, age, veteran status, disability or any other legally protected status. We also consider qualified applicants regardless of criminal histories, consistent with applicable laws. If you are based in California, we encourage you to read this important information for California residents. Link: https://www.natera.com/notice-of-data-collection-california-residents/ Please be advised that Natera will reach out to candidates with a @ natera.com email domain ONLY. Email communications from all other domain names are not from Natera or its employees and are fraudulent. Natera does not request interviews via text messages and does not ask for personal information until a candidate has engaged with the company and has spoken to a recruiter and the hiring team. Natera takes cyber crimes seriously, and will collaborate with law enforcement authorities to prosecute any related cyber crimes. For more information: - BBB announcement on job scams - FBI Cyber Crime resource page",USA,USA,Remote,1,USA,Software Engineering,Software Engineering,Full-Time,Senior,,128800 - 161050,USD,2026-08-23T05:05:08+00:00,,Software & IT,https://jobicy.com/jobs/149595-senior-workday-platform-engineer,2026-08-24T19:35:11.509142+00:00
16f377024ac0e381,Jobicy,149598,Bioinformatics Manager (Oncology Product Development),Natera,"Natera is currently seeking a Bioinformatics Manager to join the Bioinformatics team focused on Oncology Product Development. In this role, the individual will manage a team of Bioinformaticians and Data Scientists and provide technical leadership in the design, development and validation of ctDNA-based diagnostic tests. This position requires extensive cross-functional collaboration with biostatistics, molecular biology, software engineering and commercial departments. The ideal candidate will have a strong background in bioinformatics and data science, optimally with experience in the analysis or modeling of DNA methylation data, and an established record of project and technical leadership. PRIMARY RESPONSIBILITIES: Lead the effort to develop, optimize, and improve tools and analysis pipelines for diagnostic tests, including the detection of cancer-associated variants or methylation patterns and the implementation of evidence-based quality control thresholds. Provide technical leadership for product development projects by representing the team in cross-functional interactions and moving products through the full development process, from research through commercial launch. Supervise bioinformatics scientists and data scientists, managing their technical contributions, prioritizing resources, and taking responsibility for their technical and professional development. Provide input on experiment design, analysis and interpretation based on expert understanding of Natera’s technology and relevant mathematical principles. Work at a high level of independence and responsibilities in carrying out assignments. Contribute to our intellectual property portfolio. Set standards for rigorous data analysis and lead the production of high-quality documentation. QUALIFICATIONS: Master’s degree or Ph.D. in a quantitative discipline (bioinformatics, engineering, applied mathematics, statistics, or similar). Minimum of 4-8 years of post-graduate experience in a data science and/or bioinformatics role and 1-3 years of experience as technical lead in diagnostics or a related field Experience moving algorithm-based products through commercialization and launch in a medical or biological application such as diagnostic testing, medical imaging, or biotechnology Desirable, but not required: Prior experience analyzing or modeling DNA methylation data. KNOWLEDGE, SKILLS, AND ABILITIES: Experience using Python or R for scientific data analysis and visualization. Strong foundation in statistical modeling/machine learning, including probability theory and estimation/classification methods. Experience with analysis of next-generation sequencing data, preferably including algorithm development or optimization. Proven ability to apply mathematical principles to solve real estimation problems and implement practical solutions. Excellent analytical, problem-solving and decision-making skills to independently make sound judgments and find creative solutions to moderately complex problems. Experience leading technical projects, including defining and meeting project milestones, delegating tasks to more junior team members, and ensuring the quality of technical deliverables. Excellent communication skills and the desire to work in a dynamic and collaborative environment. The pay range is listed and actual compensation packages are based on a wide array of factors unique to each candidate, including but not limited to skill set, years &amp; depth of experience, certifications and specific office location. This may differ in other locations due to cost of labor considerations. Remote USA $140,000—$175,000 USD OUR OPPORTUNITY Natera™ is a global leader in cell-free DNA (cfDNA) testing, dedicated to oncology, women’s health, and organ health. Our aim is to make personalized genetic testing and diagnostics part of the standard of care to protect health and enable earlier and more targeted interventions that lead to longer, healthier lives. The Natera team consists of highly dedicated statisticians, geneticists, doctors, laboratory scientists, business professionals, software engineers and many other professionals from world-class institutions, who care deeply for our work and each other. When you join Natera, you’ll work hard and grow quickly. Working alongside the elite of the industry, you’ll be stretched and challenged, and take pride in being part of a company that is changing the landscape of genetic disease management. WHAT WE OFFER Competitive Benefits - Employee benefits include comprehensive medical, dental, vision, life and disability plans for eligible employees and their dependents. Additionally, Natera employees and their immediate families receive free testing in addition to fertility care benefits. Other benefits include pregnancy and baby bonding leave, 401k benefits, commuter benefits and much more. We also offer a generous employee referral program! For more information, visit www.natera.com . Natera is proud to be an Equal Opportunity Employer. We are committed to ensuring a diverse and inclusive workplace environment, and welcome people of different backgrounds, experiences, abilities and perspectives. Inclusive collaboration benefits our employees, our community and our patients, and is critical to our mission of changing the management of disease worldwide. All qualified applicants are encouraged to apply, and will be considered without regard to race, color, religion, gender, gender identity or expression, sexual orientation, national origin, genetics, age, veteran status, disability or any other legally protected status. We also consider qualified applicants regardless of criminal histories, consistent with applicable laws. If you are based in California, we encourage you to read this important information for California residents. Link: https://www.natera.com/notice-of-data-collection-california-residents/ Please be advised that Natera will reach out to candidates with a @ natera.com email domain ONLY. Email communications from all other domain names are not from Natera or its employees and are fraudulent. Natera does not request interviews via text messages and does not ask for personal information until a candidate has engaged with the company and has spoken to a recruiter and the hiring team. Natera takes cyber crimes seriously, and will collaborate with law enforcement authorities to prosecute any related cyber crimes. For more information: - BBB announcement on job scams - FBI Cyber Crime resource page",USA,USA,Remote,1,USA,Data Science &amp; Analytics,Data Science &amp; Analytics,Full-Time,Midweight,,,,2026-08-23T05:05:07+00:00,,Data & AI,https://jobicy.com/jobs/149598-bioinformatics-manager-oncology-product-development,2026-08-24T19:35:11.509913+00:00
f35da15659a531d9,Jobicy,149591,Manager of IT Security,"Lakeshore Learning Materials, LLC","Company Description At Lakeshore, we create innovative learning materials and world-class guest experiences for teachers, parents and children. Since 1954, we’ve grown into a global community—with a thriving e-commerce business, multiple catalogs, over 50 stores, a peerless national sales force, plus international offices that support our preeminent supply chain division. But today we’re working better, smarter and faster than ever—and setting our sights even higher. We’re building an infrastructure designed for scalability, embracing data-driven decision-making and using technology to improve efficiency and ensure the best tools for the best work. Most importantly, we continue to invest in a diverse team of inquisitive top talent who fuel each other’s passions and curiosity, take risks, try new things and believe that every new day brings opportunities for growth. Job Description Lakeshore Learning's products end up in the hands of millions of children, educators, and families — and keeping those interactions safe starts with the security of our systems. As our Manager of IT Security , you'll lead a team of security engineers and analysts protecting Lakeshore across vulnerability management, incident detection and response, and identity and access management. You'll help shape how we think about security as we grow, partnering across the business to reduce risk and develop a security program that's built to last. This is a remote role; candidates must be able to work effectively in a distributed environment and are welcome to apply from anywhere in the U.S. A day on the job looks like this: Leading, coaching, and developing a team of security engineers and analysts — setting clear expectations, giving direct feedback and building the individual capabilities that make the whole team stronger Guiding your team through the day-to-day work of vulnerability management, incident detection and response, and identity and access management, keeping quality high and risks in check Driving execution of multi-year security initiatives, helping translate strategy into execution and keeping work moving when priorities or conditions shift Partnering with senior stakeholders/leadership to develop and maintain information security policies, procedures, GRC, procedures and plans that reflect where the organization is and where it's headed Evaluating security technologies and controls — from proof-of-concept testing to vendor partnerships — and leading implementation and continuous improvement efforts that measurably strengthen our security posture Spotting the root causes behind technical and operational problems, not just the surface symptoms, and leading your team to solutions that hold up over time Qualifications Got the skills and experience? Here’s what we’re looking for: Required 5+ years of hands-on experience in information security, with meaningful exposure across multiple domains such as vulnerability management, incident response, endpoint security, or identity and access management 2+ years of experience leading a team of security professionals, including hiring, coaching, performance management and career development Working experience securing both on-premises and cloud environments, with a solid understanding of cloud networking and operations concepts Demonstrated ability to communicate security risks and recommendations clearly to both technical teams and non-technical stakeholders Experience contributing to or executing security roadmaps, policies or programs in a growing or maturing organization Preferred: Bachelor's degree in Information Security, Computer Science or a related field. CISSP or equivalent security certification 8+ years of experience in information security 5+ years of people management experience in a security or technology function What sets you apart: You give feedback early and often — specific, direct and framed around growth — because you know that's how good teams get better When something breaks, you're wired to ask why it broke before you ask how to fix it, and you bring your team along in that thinking You can hold your own in a room with senior leadership and shift perspectives when the security risk is real — without losing the trust of the engineers you're representing You keep your team pointed at a shared goal even when the work is fragmented, ambiguous, or moving fast Additional Information And here’s our end of the bargain! At Lakeshore, we pay local market wages for employees that reside within Los Angeles and Orange Counties. For employees residing outside of Los Angeles and Orange Counties, pay is based on national market. For this position, new employees joining Lakeshore are typically brought into the organization at a salary rate between $123,000-$185,000 depending on relevant experience &amp; skillset. This range is indicative of projected hiring range. The annual base compensation will take into account each candidate's relevant experience, location, and skillset. Bonus eligible Paid leave for new parents to support work/life balance and family bonding Excellent medical/dental and vision coverage—EPO, PPO and HSA 401(k) retirement plan with company contribution (because you will retire someday) Flexible benefits—choose what you like, ignore the rest On-site preschool for our employees’ children On-site employee gym for all levels/fitness needs Generous employee discount Casual dress…and we really mean it At Lakeshore, we know our diversity makes us stronger, and when everyone feels included and valued, we all win. We strive to embrace our differences and create an intentionally diverse and inclusive community that is representative of the teachers, families and children we serve. We know we couldn’t do the extraordinary things we’re doing without the people on our team. Thanks to the passion and enthusiasm of this spectacular group, Lakeshore is more than a great place to work—it’s a great experience to be part of. Day in and day out, we give everything we’ve got to create products that instill a sense of wonder and foster a true love of learning. To help maintain this high bar for success, we’re constantly on the lookout for people to join us. So if you’re a down-to-earth professional who shares our desire for making a difference, we’d love to hear from you. To learn more about Lakeshore, visit www.lakeshorelearning.com/careers Equal Employment Opportunity Policy People are selected to become members of the Lakeshore family based on skill, merit and mind-boggling talent—not based on race, color, creed, sexual orientation, gender or gender identity, marital status, domestic partnership status, military status, religion, age, national origin, ancestry, alienage, AIDS or AIDS-related complex status, genetic information, predisposition or carrier status, status as a victim of domestic violence, physical or mental disability, or any other characteristic protected by applicable law. If things aren’t equal, we all lose. To learn about how we collect and use Applicant information, please visit our Employee/Applicant Privacy Policy. Lakeshore is an E-Verify employer. We use E-Verify to confirm the employment eligibility of all newly hired employees. Please see the E-Verify Participation Poster and Know Your Rights Poster in English and Spanish for more information. INDRLL1",USA,USA,Remote,1,USA,Cybersecurity,Cybersecurity,Full-Time,Midweight,,123000 - 185000,USD,2026-08-23T05:05:06+00:00,,Cybersecurity,https://jobicy.com/jobs/149591-manager-of-it-security,2026-08-24T19:35:11.510823+00:00
d970d910d5af975b,Jobicy,149602,"Engineering Manager I, Applications",StackAdapt,"StackAdapt is the leading technology company that empowers marketers to reach, engage, and convert audiences with precision. With 465 billion automated optimizations per second, the AI-powered StackAdapt Marketing Platform seamlessly connects brand and performance marketing to drive measurable results across the entire customer journey. The most forward-thinking marketers choose StackAdapt to orchestrate high-impact campaigns across programmatic advertising and marketing channels. Hiring an Engineering Manager to lead our EngOps Applications team. This role is accountable for team delivery, operational health, and execution of infrastructure work supporting critical production systems. A strong technical background is required to guide decisions and support the team, but success comes from prioritization, clarity, and people leadership, not individual contribution. What you will do: Lead, coach, and support a team of engineers Own planning and delivery, ensuring priorities are clear and commitments are met Be accountable for system reliability, incident response practices, and follow-up Provide technical oversight by reviewing designs and guiding trade-offs Ensure documentation, runbooks, and operational standards are maintained Act as the primary point of accountability when working with partner teams What we’re looking for: Experience managing engineers in a people leadership role Background in Infrastructure, DevOps, or Site Reliability Engineering Experience operating production systems in AWS Strong understanding of Linux, Kubernetes, and containerized systems Experience with infrastructure as code (Terraform required) Comfortable leading teams through incidents and operational challenges What success looks like: The team delivers reliably with clear ownership and priorities Incidents lead to measurable improvements over time Engineers are supported, growing, and not burning out Infrastructure work enables the broader organization effectively StackAdapter's Enjoy: Highly competitive salary Retirement/ 401K/ Pension Savings globally Competitive Paid time off packages including birthday's off! Access to a comprehensive mental health care program Health benefits from day one of employment Work from home reimbursements Optional global WeWork membership for those who want a change from their home office and hubs in London and Toronto Robust training and onboarding program Coverage and support of personal development initiatives (conferences, courses, books etc) Access to StackAdapt programmatic courses and certifications to support continuous learning An awesome parental leave program A friendly, welcoming, and supportive culture Our social and team events! Please note: Benefits and perks may vary depending on your country of employment and the nature of your engagement. In locations where StackAdapt does not have a legal entity, employment and benefits are administered in accordance with local regulations and partner policies. StackAdapt is a diverse and inclusive team of collaborative, hardworking individuals trying to make a dent in the universe. No matter who you are, where you are from, who you love, follow in faith, disability (or superpower) status, ethnicity, or the gender you identify with (if you’re comfortable, let us know your pronouns), you are welcome at StackAdapt. If you have any requests or requirements to support you throughout any part of the interview process, please let our Talent team know. We use artificial intelligence (AI) to streamline the resume reviews of candidates and assess their fit based on the criteria outlined in the job posting. We do not use AI to make any final hiring or interview decisions. About StackAdapt We've been recognized for our diverse and supportive workplace, high performing campaigns, award-winning customer service, and innovation. We've been awarded: G2 Top Software for 2026 2026 Best Workplaces™ for Young Talent and in Canada by Great Place to Work® #1 DSP on G2 and leader in a number of categories including Cross-Channel Advertising To learn more about our privacy practices, please see our Privacy Policy . #LI-REMOTE",Canada,Canada,Remote,1,Canada,Software Engineering,Software Engineering,Full-Time,Midweight,,401000 -,CAD,2026-08-23T05:05:04+00:00,,Software & IT,https://jobicy.com/jobs/149602-engineering-manager-i-applications,2026-08-24T19:35:11.511389+00:00
7a21ca7266c3559d,Jobicy,149603,"Senior Software Engineer, Compute (Temporal Cloud)",Temporal Technologies,"About Us Temporal is an open source programming model that can simplify code, make applications more reliable, and help developers focus on the important things like delivering features faster. We are on a mission to be the reliable foundation of every developer’s toolbox, and are building the team that will make that happen. Our values guide us —they are present in how we show up, make decisions, and work together to make an impact. We’re curious, driven, collaborative, genuine and humble. Temporal is growing and we are looking for those who share our values, challenge 'standard' thinking, and want to influence our future. If you have a passion for improving the developer experience, building world-class open-source software and communities, and want to be a part of our amazing team, we'd love to hear from you! Senior Software Engineer, Compute (Temporal Cloud) Temporal powers durable execution for the world’s most demanding AI and enterprise systems. The Compute team at Temporal makes that durability feel effortless by building the managed compute primitives that run workers and other execution systems across Temporal Cloud. We’re solving a hard platform problem: make compute transparent, elastic, safe-by-default, observable, and multi-cloud — without turning customers into infrastructure operators. We build platform primitives that span a variety of execution environments (e.g., serverless-style runtimes, containerized fleets, and customer-controlled deployments). Our work sits at the intersection of control plane + data plane: scaling decisions, isolation boundaries, multi-tenant safety, and production-grade observability. If you’ve built autoscaling systems, multi-tenant platforms, or cloud infrastructure, you’ll find a lot to love here. See the ""Compute team"" link to read more --&gt; Compute team - [new window opens] As part of this role, you will: Invent Create new managed compute primitives that feel first-class in Temporal Cloud: crisp abstractions, clean APIs, and an extension story across compute providers. Design self-optimizing autoscaling systems (signals, backstops, debouncing, guardrails) that scale worker fleets safely and predictably. Define the Open Source Server ↔ Cloud boundary for compute capabilities, keeping the architecture cohesive and maintainable. Own Architect, build, and operate services on the hot path of task execution where performance and correctness are customer-visible. Deliver real-world cloud integrations (e.g., customer-account execution): IAM boundaries, secure credentials handling, networking constraints, quotas, and failure modes. Make operability a feature: SLOs, tracing/metrics, load and failure testing, incident reviews, and continuous hardening. Ship end-to-end: API design, rollout strategy, backwards compatibility, and long-term maintenance. Teach Raise the bar through design docs, strong reviews, pragmatic technical leadership, and mentorship. Lead through influence across teams (Server, SDKs, Security, Control Plane) to land coherent platform changes. What you bring Significant experience building distributed systems or multi-tenant platform services (design, implementation, and production operations). Strong systems fundamentals: concurrency, performance, reliability, and failure-mode thinking. A record of shipping platform primitives used by other engineers/customers (APIs, control planes, data planes). Comfort owning outcomes: SLOs, incident response, and improving on-call quality over time. Excellent written communication and crisp tradeoff thinking. (Go experience is a plus; judgment matters most.) Nice to have Experience building cloud infrastructure platforms. Experience with IAM/security boundaries for cross-account execution models. Having built Kubernetes controllers / CRDs or heterogeneous worker fleet operations. Compensation The estimated pay range for this role is $176,000 - $237,600. Additionally, this role is eligible to participate in Temporal's equity plan. Compensation ranges reflect salary and commission compensation (when applicable) across several geographic markets. Employment offers carefully consider multiple factors, including prior experience, knowledge, expertise, skillset, market location, and job level assessed during the interview process. Employee benefits and perks below are for full-time employees, part-time or temporary positions are excluded. U.S. Benefits Unlimited PTO, 12 Holidays + 2 Floating Holidays 100% Premiums Coverage for Medical, Dental, and Vision AD&amp;D, LT &amp; ST Disability, and Life Insurance (Standard &amp; Supplemental Available) Empower 401K Plan Additional Perks for Learning &amp; Development, Lifestyle Spending, In-Home Office Setup, Professional Memberships, WFH Meals, Internet Stipend and more! International Benefits Paid Time Off (PTO) and Benefits outside the United States vary by country, and are issued in partnership with Remote.com . Additionally, Temporal offers perks to all international employees for learning &amp; career development, a lifestyle spending account, in-home office setup (in addition to company-issued hardware), professional memberships, work-from-home meals, and access to the Calm app for mental wellness. Travel Temporal is a globally distributed, collaborative team that values opportunities for in-person connection. Occasional travel may be required for company events, team offsites, and other meaningful moments that bring us together. Additional Perks $3,600 / Year Work from Home Meals $1,800 / Year Professional Enrichment (Career Development &amp; Professional Memberships) $1,200 / Year Lifestyle Spending Account $1,000 / Year In-Home Office Setup (In addition to Temporal issued equipment - laptop, monitor, keyboard, mouse, trackpad, and extension power cable at no cost to you) $74 / Month Reimbursement for Internet Calm App Subscription for Mental Health &amp; Wellness Temporal Technologies is an Equal Opportunity Employer. Temporal Technologies does not discriminate on the basis of race, religion, color, sex, gender identity, sexual orientation, age, non-disqualifying physical or mental disability, national origin, veteran status, or any other basis covered by appropriate law. All employment is decided on the basis of qualifications, merit, and business need. We embrace and celebrate differences and diversity. Temporal is committed to providing access, equal opportunity, and reasonable accommodation for individuals with disabilities in employment, its services, programs, and activities. If you need to request a reasonable accommodation, please let your Recruiter know so we can assist. We are not working with external recruitment agencies, thanks.",USA,USA,Remote,1,USA,Software Engineering,Software Engineering,Full-Time,Senior,,176000 - 237600,USD,2026-08-23T05:00:06+00:00,,Software & IT,https://jobicy.com/jobs/149603-senior-software-engineer-compute-temporal-cloud,2026-08-24T19:35:11.512256+00:00
92cfcb697d5838bb,Jobicy,151420,Staff Frontend Engineer - Design Systems,Pleo,"About Pleo Messy spend management is tricky business. And tedious processes are a lose-lose situation for all involved, not just finance. At Pleo, we're changing that. We build spend solutions that make managing money seamless, empowering, and surprisingly effective for finance teams and employees alike - with a vision to help all businesses ‘go beyond’. The word ‘Pleo’ actually means ‘more than you’d expect’, and living by that mantra has been the secret to our success over the last 10 years. Now, we’re at a pivotal moment in our journey; every move we make has a direct impact on our 40,000+ customers, our business, and our collective success. We need people who take pride in uncovering customer needs, who turn complex problems into simple solutions, challenge the way things are done (respectfully), and always aim high. With great ambitions driving us forward, we can’t say we’ve got this whole thing figured out. And frankly, that’s half the fun! What we can say is that we’re a driven, progressive, and, importantly, a kind bunch of 850+ people from over 100 nationalities, all committed to delivering the future of business spending, together. We at Pleo are on a mission to make spend management surprisingly effective and empowering. We build a product used by thousands of companies across Europe, and our design system is a core part of delivering a consistent, accessible, high-quality experience. We’re hiring a Staff Engineer to join the Design Systems team. This will help lead the engineering direction and execution of our design system across web and mobile. What Design Systems does Own and evolve Telescope , Pleo’s design system (components, patterns, guidelines, and tooling). Enable product teams to ship faster with consistent UI, accessibility, and quality. Partner with Design and Engineering across the company to drive adoption and improve the contribution experience. Steward shared foundations (tokens, components, documentation, and best practices). What you’ll be doing As a Staff Engineer in Design Systems, you will be a force multiplier for product delivery and UI quality across Pleo Set technical direction for key parts of Telescope (architecture, component standards, release practices, and quality bars) Drive and evolve our contribution model and how teams interact with Design Systems Own and improve how requests flow into the team (triage, prioritisation, and expectations) Improve the developer and contributor experience through tooling and automation, including: Design system visual testing and workflows Supporting internal operational needs where relevant Improving how we measure and communicate adoption and system health Evolving our docs publishing workflow Lead rituals that keep the team effective and aligned Represent Design Systems in cross-team initiatives and align stakeholders across Design and Engineering Coach and mentor engineers, and help grow technical leadership in the frontend community Contribute hands-on in code. This role blends strategy and execution. You should expect to be coding a meaningful part of the time. You’ll bring solid experience with Building and maintaining component libraries or platform-like products that serve multiple teams. TypeScript and modern frontend engineering (React experience is a plus). Designing maintainable systems with clear boundaries, versioning, and backwards compatibility. Testing practices and tooling (unit, integration, end-to-end) and a strong quality mindset. Accessibility and performance best practices for UI systems. Collaboration with designers and product engineers, and navigating tradeoffs across stakeholders. Your colleagues would say you Lead by example and raise the bar with pragmatism and care. Communicate clearly, listen well, and bring people along in decisions. Enjoy breaking down complex problems, gathering input, and driving to a solution. Coach others and create space for people to grow. Prefer progress over perfection, while still caring deeply about quality. Show me the benefits! Your own Pleo card (no more out-of-pocket spending!) Lunch is on us for your work days - enjoy catered meals or receive a lunch allowance based on your local office Comprehensive private healthcare - depending on your location, coverage options include Vitality, Alan or Médis We offer 25 days of holiday + your public holidays For our Team, we offer both hybrid and fully remote working options We use MyndUp to give our employees access to free mental health and well-being support with great success so far Paid parental leave - we want to make sure that we're supportive of families and help you feel that you don't have to compromise your family due to work About your application English first. Since it's our company language, please submit your application in English. You’ll be using it a lot if you join us. A fair look for everyone. Our talent team reads every single application to ensure the process is fair. To keep things running smoothly, we only accept applications through our system—our support team can’t pass on calls or emails. Diversity drives us. We can only reach our goals if our team reflects the world around us. That starts with you hitting apply, even if you don't tick every single box. We encourage people from all backgrounds and experiences to join us. Interview at your best. We want you to feel comfortable throughout the process. If you have any accessibility requirements or need a specific format, email belonging@pleo.io. We’ll design a process that works for you. Your data is safe. When you apply, we process your personal data as a data processor. For more information on how Pleo processes personal data, read our Privacy Policy here . Applying for multiple roles? Nothing is stopping you, and we assess every role independently. However, we do look for alignment, so make sure you can explain why your interest and experience are right for each specific role. Reapplying. If you’re applying for the same role again, please wait six months from your last decision before hitting submit.","Denmark, Portugal, UK","Denmark, Portugal, UK",Remote,1,"Denmark, Portugal, UK",Software Engineering,Software Engineering,Full-Time,Senior,,,,2026-08-23T03:56:06+00:00,,Software & IT,https://jobicy.com/jobs/151420-staff-frontend-engineer-design-systems,2026-08-24T19:35:11.513168+00:00
7fec1a7aa07f7e94,Jobicy,151417,Sr. Enterprise Architect,Ironclad,"Ironclad is the leading AI contracting platform that transforms agreements into assets. Contracts move faster, insights surface instantly, and agents push work forward, all with you in control. Whether you’re buying or selling, Ironclad unifies the entire process on one intelligent platform, providing leaders with the visibility they need to stay one step ahead. That’s why the world’s most transformative organizations, from Rivian to the World Health Organization and the Associated Press, trust Ironclad to accelerate their business. We’re consistently recognized as a leader in the industry: a Leader in the Forrester Wave and Gartner Magic Quadrant for Contract Lifecycle Management, a Fortune Great Place to Work, and one of Fast Company’s Most Innovative Workplaces. Ironclad has also been named to Forbes’ AI 50 and Business Insider’s list of Companies to Bet Your Career On. We’re backed by leading investors including Accel, Y Combinator, Sequoia, BOND, and Franklin Templeton. For more information, visit www.ironcladapp.com or follow us on LinkedIn. We need this person to be located in the EAST or CENTRAL region NYC candidates ideal for this opportunity Architecture @ Ironclad The mission of the Enterprise Architecture team at Ironclad is simple: Define, evangelize and realize the business and technical architectures that maximize success for Ironclad, its customers and its partners. Sr. Enterprise Architects at Ironclad are customer-facing advisors on both technical and business architecture. They wield deep and broad technical expertise with real-world solutions, marry this with business strategy experience and consultative skills, and serve as trusted advisors to our customers across our relationship with them, from pre-sales to deployment to operations. As an Enterprise Architect at Ironclad, you'll work cross-functionally with our sales, product, engineering and customer success teams to architect solutions based on the business goals of our customers, our partners and Ironclad. These solutions need to not just function, but also drive business value and accelerate the innovation that we are driving in the contract lifecycle management domain. You play a critical role in driving our customers and partners to the architectures that will realize this innovation and all of its potential. We seek experienced architects with deep technical roots in coding, integration, security, analytics and cloud computing, strong communication skills, and a strong collaborative ethic. Our company and our customer base are both growing rapidly, and as an Ironclad Enterprise Architect you will be helping to design and build the foundational pillars of our vision for the future of contract lifecycle management. If you’d like to join us on this mission, let’s talk! What You Will Be Doing: Engage with prospective customers to understand their overall goals and advise on solutions involving the Ironclad platform and their enterprise systems that deliver value. Advise Ironclad, customer and partner implementation teams on high-value architecture practices, either as a billable resource or as a strategic investment in customer success. Engage with customers in a variety of modes, including ad hoc collaborative sessions, structured workshops, and as part of a deployment project team. Develop and nurture long-term advisory relationships with our larger customers and partners, from the executive stakeholder level downwards, to ensure long-term value of Ironclad-based architectures within their business contexts. Develop on-the-ground intelligence for the Ironclad product team on business and technical drivers that should influence our product roadmap. Share your expertise through various Ironclad content channels, providing guidance on solution patterns for common system/process/business contexts. What We Look For: • B.S. Computer Science, Software Engineering, Management Information Systems or equivalent • 8+ years experience in either software, system, or enterprise architecture. • Deep understanding and direct experience with cloud architecture and modern platform concepts including SaaS, PaaS, cross-cloud data and process integration, multi-tenancy, etc. • Knowledge of enterprise systems that intersect with digital contracting processes, such as the examples below: • CRMs (e.g., Salesforce, Microsoft Dynamics CRM, Hubspot, etc.)Procurement and ERP systems (e.g., Coupa, Oracle Fusion, SAP, Workday, etc.)ITSM systems (ServiceNow, Jira, etc.)Security/Trust/Risk systems (e.g., OneTrust, ProcessUnity, etc.)Data visualization systems (e.g., Tableau, Power BI, Looker, etc.)IdPs (e.g., Okta, Azure AD, OneLogin, etc.) • Knowledge of enterprise business processes (e.g., procure-to-pay, quote-to-cash, etc.) that intersect with digital contracting processes. • Solid understanding of enterprise application integration technologies (e.g., event-based integration, RESTful concepts, middleware approaches, etc.) • Experience with tools and techniques for enabling analytics, data-based insights, artificial intelligence. • Experience with common enterprise architecture principles such as persona-based journeys, process orchestration, master data management, etc. • Good understanding of security processes, regulations, standards &amp; challenges involved in cloud or hybrid applications • Articulate, consultative and pragmatic approach with mature written and verbal communication skills •Comfortable with AI/LLM configuration, prompt design, and evaluation, and related tools (i.e. Claude Code) Compensation Overview: $175K - $190K and Offers Equity and Offers Bonus US Full-Time Employee Benefits at Ironclad: 100% health coverage for employees (medical, dental, and vision), and 75% coverage for dependents with buy-up plan options available Market-leading leave policies, including gender-neutral parental leave and compassionate leave Family forming support through Maven for you and your partner Paid time off - take the time you need, when you need it Monthly stipends for wellbeing, hybrid work, and (if applicable) cell phone use Mental health support through Modern Health, including therapy, coaching, and digital tools Pre-tax commuter benefits (US Employees) 401(k) plan with Fidelity with employer match (US Employees) Regular team events to connect, recharge, and have fun And most importantly: the opportunity to help build the company you want to work at **UK Employee-specific benefits are included on our UK job postings Pursuant to the San Francisco Fair Chance Ordinance, we will consider for employment qualified applicants with arrest and conviction records.",USA,USA,Remote,1,USA,Software Engineering,Software Engineering,Full-Time,Director,,175000 - 200000,USD,2026-08-23T03:55:24+00:00,,Software & IT,https://jobicy.com/jobs/151417-sr-enterprise-architect,2026-08-24T19:35:11.513979+00:00
41fc1292b8ffd870,Jobicy,151415,Full Stack Engineer,Roboflow,"Who We Are Our mission is to make the world programmable. Sight is one of the key ways we understand the world, and soon this will be true for the software we use, too. We’re building the tools, community, and resources needed to make the world programmable with artificial intelligence. Roboflow simplifies building and using computer vision models. Today, over 1M+ developers, including those from half the Fortune 100, use Roboflow’s machine learning open source and hosted tools. That includes counting cells to accelerate cancer research, improving construction site safety , digitizing floor plans , preserving coral reef populations , guiding drone flight , and much more . Roboflow is supported by great customers and investors, having raised over 63 million from Y Combinator, Google Ventures, Craft Ventures, Sam Altman, Lachy Groom, amongst other leading software investors. Roboflowers are passionate builders who value ownership, accountability, and a bias toward action. We're curious, hands-on with new tech, and prefer showing our work over talking about it. Many of us have a founder mindset and thrive in our high-autonomy environment. What You'll Do You'll be tasked with a wide range of projects. Each engineer has a realm they focus on, but we're still small enough that we don't have the luxury of deep specialization. We're looking for technical generalists that aren’t afraid to dive into a new stack or toolchain if the need arises (but JavaScript and Node.js make up the brunt of the existing codebase). Most of the things we work on are parts of the core product (which is an end-to-end pipeline for building computer vision projects spanning from image ingestion to annotation to training and deployment) but from time to time we're also working on things like integrating marketing and sales tools, fighting fires, automating internal processes, and open source projects. You'll have a wide degree of freedom to advocate for which projects you think should be highest priority and will contribute to our strategy decisions. If you need a rigid list of tasks spelled out in a multi-month roadmap, this role probably won't be a good fit. The majority of our codebase is written in JavaScript, our machine learning and image processing pipeline is in Python. We run primarily on Firebase and GCS, with some machine learning infrastructure on AWS. We're increasingly using Docker (both internally and for customer facing products like our edge inference server). A lot of our code runs in the browser (including some Tensorflow JS) but we're also working on building APIs and client libraries in several languages. You certainly don't need to be experienced in all of these areas; but should be excited to learn new skill sets as you need them. We also hope you'll bring some new knowledge and experiences you can share to help level-up the rest of the team. We’re especially keen to add some rigor to our processes and build the foundation for rapidly scaling the engineering organization (for example: we currently have limited tests and are not using an opinionated front-end framework -- things that will need to change over the coming months in order to be able to seamlessly expand the team). Example Projects Creating a filtering interface so our users can mix and match their images based on metadata like the time of day they were captured, the GPS location, or custom tags they've applied. Expanding our annotation tool to support new functionality (like polygonal annotations image segmentation). Integrating the core app with external APIs for things like outsourcing annotation tasks and analyzing deployed model performance. Streamlining our onboarding flow. Deeper integrations with our other products like Roboflow Universe and our REST API. Next-generation model assisted labeling. Optimizing speed and scalability. Who You'll Be Working With Our team of ~120 attracts talent like executives that wanted to return to building, founders with a 100M+ exit, Roboflow users turned team members, open source contributors, a cyclist who biked across the United States, prolific high school hackers, a CTO from 100+ engineering organization, amongst many exceptional others. You will directly be working with our Engineering Lead and a team of Full Stack Engineers. Where You'll Work Roboflow is fully distributed. We currently have Hubs in New York City and San Francisco (and plan to open more as we grow density in new cities). We provide opportunities (like team onsites in different cities) and resources (like a $4000/yr travel stipend) to work in person with other team members as much as you'd like, while also supporting remote team members. You can work from one of our Hubs (we offer a relocation bonus), work from home, work at co-working spaces, etc. We want you to work where you work best! When You'll Work Roboflow primarily operates during the daytime hours in the US and there are some synchronous meetings you’ll be expected to attend each week. Apart from that, we have a flexible schedule that allows you to work collaboratively with other team members and asynchronously when needed. What You'll Receive To determine your salary, we use a number of market and data-driven salary sources. We review all salaries every six months to ensure we stay in line with the market. The target compensation for this role is $165,000 - $195,000 base. In addition to our cash compensation, we offer generous perks and benefits. Below are some of the highlights: $4000/yr Travel Stipend to travel anywhere anytime to work alongside other Roboflowers $350/mo Productivity stipend to spend on things that make your work environment more productive, like high-speed internet at home or a co-working space $350/mo AI Tools stipend $150/mo team lunch stipend $500/one time home office stipend Cover up to 100% of your health insurance costs for you and your partner or family Equity in the company so we are all invested in the future of computer vision Interview Process (6+ hours) Below is the interview process you can expect for this role. We are all motivated to work with an exceptional team and don't currently have in-house recruiters. You will be speaking directly with our team about what it's like to work and thrive at Roboflow. We like to be decisive and work fast, so don't be surprised if all the below conversations happen over a day or two. Introduction Phase: [30m] Meet with hiring manager for introduction to assess overall mindset and skillset. [60m] Technical assessment with a Roboflow engineer. Build with Roboflow Phase: You will build a small project with Roboflow to showcase your technical and product skills. Team Interview Phase: [45m] Meet with your hiring manager and our CTO to demo your project Final Interview Stage: [45m] Meet with Head of Operations for a culture discussion. [60m / Optional] Meet with CEO. Not sure if this is you? We want a diverse, global team with a broad range of experience and perspectives. If this job sounds great, but you’re not sure if you qualify, look into our Former Founders role or subscribe to our career newsletter by emailing ""Subscribe"" to operations@roboflow.com . We carefully consider every application and will either move forward with you, find another team that might be a better fit, keep in touch for future opportunities, or thank you for your time. Equal Employment Opportunity At Roboflow, we believe great ideas come from everywhere—and everyone. We’re proud to be an Equal Opportunity Employer committed to building a diverse and inclusive team. We consider all qualified applicants regardless of race, color, religion, sex, sexual orientation, gender identity, national origin, disability, age, veteran status, or any other legally protected characteristics.",USA,USA,Remote,1,USA,Software Engineering,Software Engineering,Full-Time,Senior,,165000 - 195000,USD,2026-08-22T18:42:05+00:00,,Software & IT,https://jobicy.com/jobs/151415-full-stack-engineer,2026-08-24T19:35:11.514921+00:00
508ce9652f0ff7b5,Jobicy,151413,"Senior Director, Ecosystem & Solution Architectures - Technical Alliances",Tenable,"Who is Tenable? Tenable® is the Exposure Management company. Over 40,000 organizations around the globe rely on Tenable to understand and reduce cyber risk. Our global employees support 65 percent of the Fortune 500, 50 percent of the Global 2000, and large government agencies. Come be part of our journey! What makes Tenable such a great place to work? Ask a member of our team and they’ll answer, “Our people!” We work together to build and innovate best-in-class cybersecurity solutions for our customers; all while creating a culture of belonging, respect, and excellence where we can be our best selves. When you’re part of our #OneTenable team, you can expect to partner with some of the most talented and passionate people in the industry, and have the support and resources you need to do work that truly matters. We deliver results that exceed expectations and we win together! Applicants must be authorized to work for any employer in the U.S. without sponsorship. We are unable to provide sponsorship for work visas of any kind at the time of hire, or at any point during employment. This includes, but is not limited to: F1-OPT, F1-CPT, H-1B, TN, J-1, etc Your Role: Managing a team of three, the Senior Director of Solutions Architecture is a key leadership role at Tenable, responsible for driving the technical vision, strategy, and execution of Tenable’s global technology ecosystem. This leader oversees the complete lifecycle of complex platform integrations with strategic partners like AWS, Cisco and ServiceNow, ensuring technical excellence and market readiness. The role requires deep technical knowledge across Tenable's product suite and a proven ability to lead intricate, cross-functional projects with a focus on both strategic product-market fit and hands-on technical execution. Your Opportunity: Partner Engagement: Serve as the primary technical and strategic leader for highly visible partners. Integration Design: Lead the technical design, development, and delivery of platform integrations across core Tenable products with Partners. Focus on bi-directional data flow, including ingesting third-party asset/network metadata into Tenable. Expertise in leveraging and debugging APIs and understanding best practices for Integrations. Strategic Planning: Document end-to-end integration paths, value propositions, and GTM (Go-To-Market) plans, gaining buy-in from Tenable Leadership. Patch Management: Own architecture, support and lead product management for Tenable Patch Management. Technical Troubleshooting: Provide hands-on guidance to partners on advanced integration topics. Compliance &amp; Membership: Manage the technical requirements for key industry memberships, ensuring Tenable meets integration criteria with integration partner requirements. Cross-Functional Coordination: Lead and coordinate technical discussions and project resources from multiple internal teams, including Customer Success (CS), Professional Services (PS), Product Management, and Sales (Account Team). Process &amp; Escalation: Define and enforce clear, compliant escalation processes, acting as the exclusive point of contact for external technical vendors to prevent unauthorized direct communication with Tenable customers or other internal teams. Documentation &amp; Contracts: Provide final technical review and guidance on critical legal and contractual documents for technical projects, such as SOWs and vendor contracts. What You'll Need: Experience: 10+ years of progressive experience in Solutions Architecture, or Technical Alliances within the Cybersecurity or Enterprise IT industry. Deep Technical Acumen: Expert-level understanding of vulnerability management, cloud security concepts (CSPM), and IT asset data/network metadata API &amp; Integration Expertise: Proven hands-on experience working with and guiding external developers on RESTful and GraphQL APIs. Product Knowledge (Preferred): Familiarity with Tenable product APIs and the technical architecture of key alliance platforms (e.g., ServiceNow, Infoblox, Adaptiva). Soft Skills: Demonstrated ability to lead technical strategy, drive complex projects with minimal supervision, and communicate effectively across a diverse set of technical, business, and executive stakeholders. Leadership: Experience leading or guiding a team of Principal Technical Product Managers or Solutions Architects. #LI-MS1 This is the base pay range for this position. Compensation for the role will depend on a number of factors, including the candidate's qualifications, skills, competencies, location and experience, and may fall outside of the range shown. Employees are also eligible for variable compensation in addition to base pay (commission for sales roles, bonus for non-sales roles), depending on company and individual performance. Tenable also offers a variety of comprehensive and competitive benefits which include: medical, dental, vision, disability and life insurance; 401(k) retirement savings with company match; an employee stock purchase plan; an employee referral program; flexible spending accounts; an Employee Assistance Program (EAP); education assistance; parental leave; paid time off (PTO); company-paid holidays; health and wellness events; and community programs. US Pay Range $202,000—$269,333.33 USD We’re committed to promoting Equal Employment Opportunity (EEO) at Tenable - through all equal employment opportunity laws and regulations at the international, federal, state and local levels. If you need a reasonable accommodation due to a disability during the application or recruiting process, please contact Recruiting@Tenable.com for further assistance. Tenable Data Consent Statement Tenable is committed to protecting the privacy and security of your personal data. Depending on your location, one or more of the following notices may apply to you: General Applicant Privacy Notice California Applicant Privacy Notice EU/EEA/UK Applicant Privacy Notice",USA,USA,Remote,1,USA,Cybersecurity,Cybersecurity,Full-Time,Director,,202000 - 269333,USD,2026-08-22T18:41:31+00:00,,Cybersecurity,https://jobicy.com/jobs/151413-senior-director-ecosystem-solution-architectures-technical-alliances,2026-08-24T19:35:11.515669+00:00
407c901dc4cd1efb,Jobicy,151412,Developer Advocate,Roboflow,"Who We Are Our mission is to make the world programmable. Sight is one of the key ways we understand the world, and soon this will be true for the software we use, too. We’re building the tools, community, and resources needed to make the world programmable with artificial intelligence. Roboflow simplifies building and using computer vision models. Today, over 1M+ developers, including those from half the Fortune 100, use Roboflow’s machine learning open source and hosted tools. That includes counting cells to accelerate cancer research, improving construction site safety , digitizing floor plans , preserving coral reef populations , guiding drone flight , and much more . Roboflow is supported by great customers and investors, having raised over 63 million from Y Combinator, Google Ventures, Craft Ventures, Sam Altman, Lachy Groom, amongst other leading software investors. Roboflowers are passionate builders who value ownership, accountability, and a bias toward action. We're curious, hands-on with new tech, and prefer showing our work over talking about it. Many of us have a founder mindset and thrive in our high-autonomy environment. What You'll Do You’ll be responsible for driving our goals for enabling every developer to build with computer vision. You’re not starting from scratch, over a million developers use Roboflow today. We have the raw materials ready to be molded and scaled by a DevRel leader. Responsibilities include: Drive awareness and adoption of Roboflow tools in the developer community Develop tools and integrations to help make Roboflow easier and better for software developers to use Build projects that will help improve the bleeding edge of the main Roboflow product Create demos, applications, and technical content while sharing your progress online and promoting Roboflow on social media (ie X, LinkedIn, Twitch, etc) Create content to educate, inspire, and equip technical audiences with tools and techniques that make them better at their craft Work with Product, Engineering, and Design to develop new projects in support of the launch of new features Write guides, examples, and documentation to make our software more accessible and understandable. Be an active participant in communities like HN, relevant subreddits, Discord groups, GitHub Issues, and the Roboflow forum. You may also have or quickly develop ideas for amplifying and expanding our community even more -- and we can’t wait to support those as well. Who You Are 4+ years of engineering experience 2 + years of DevRel related experience, preference for products in B2B, AI, cloud, and/or developer tools Track record of shipping software projects with fast adoption and viral growth, either as part of a previous job or on your own Technical background that enables you to build fast and learn new things quickly Translate complex information into engaging and easy-to-understand content, guides, tutorials, examples, and applications End-to-end content creation skillset across written, video, and social media Self-starter with the ability to analyze ambiguous situations, develop a plan, execute and iterate Operate with urgency, build consensus, and lead cross-functional teams. Customer focus and motivated to become an expert on our industry, customers, product, ecosystem, and competitors. Active contributor to communities online and/or in-person Bonus: you currently have an engaged following online and an interest in growing your personal audience Who You'll Be Working With You will directly be working with our Marketing Lead, Open Source Lead, co-founders, Product Engineers, and Product Designers. We are currently a team of 70 team members located all over the US and Europe. Our team’s backgrounds range from high school whiz kids, former founders of technology companies and fashion lines, world-class engineers, CMOs to CEOs, and have experience scaling businesses to millions in revenue. We want to work with exceptional people with a diverse background. At this early stage, you'll have the ability to work cross-functionally with many members of the team and solve a wide array of problems. Where You'll Work Roboflow is distributed across the US and Europe. We currently have Hubs in New York City and San Francisco with a mindset of opening more offices as we grow. We provide opportunities (like team onsites in different cities ) and resources (like a travel stipend) to work in person with other team members as much as you'd like, while also supporting remote team members. You can work from one of our Hubs, work from home, work at co-working spaces, etc. We want you to work where you work best. Learn more about how we work at Roboflow . When You'll Work We don’t have a particular time-zone preference for this role. We have a flexible schedule that allows you to work collaboratively with other team members and asynchronously when needed. What You'll Receive To determine your salary, we use a number of market and data-driven salary sources. We review all salaries every 6 months to ensure we stay in line with the market. In addition to our cash compensation, we offer generous perks and benefits. Below are some of the highlights: $4000/yr Travel Stipend to travel anywhere anytime to work alongside other Roboflowers $350/mo Productivity stipend to spend on things that make your work environment more productive, like high-speed internet at home or a co-working space $350/mo AI Tools $150/mo Team lunch $500/one time Home office Cover up to 100% of your health insurance costs for you and your partner or family Equity in the company so we are all invested in the future of computer vision Interview Process Below is the interview process you can expect for this role. We are all motivated to work with an exceptional team and don't currently have recruiters at Roboflow. You will be speaking directly with our team about what it's like to work and thrive here. We like to work fast at Roboflow, so don't be surprised if all the below conversations happen over a day or two. Introduction Phase: [45m] Meet with hiring manager, Trevor Lynn to assess for overall mindset and skill set Team Interview Phase: [2 x 60m] Meet with the team [30m] Meet with hiring manager Use this time to review specifics about the job description and ask questions before the project phase begins. Project Phase: You’ll build a project with Roboflow within a specified amount of time. We check references and conduct a background check. Final Interview Stage: [60m] Meet with Co-founder &amp; CTO [60m] Meet with CEO [30m] Meet with Head of Operations to discuss culture Note: you are welcome to request additional conversations with anyone you would like to meet and we will accommodate as best we can. Not sure if this is you? We want a diverse, global team, with a broad range of experience and perspectives. Roboflow is an equal opportunity workplace; we welcome people from all backgrounds, communities, and experiences. If this job sounds great, but you’re not sure if you qualify, apply to our Former Founders role or subscribe to our career newsletter by emailing ""Subscribe"" to operations@roboflow.com . We carefully consider every application, and will either move forward with you, find another team that might be a better fit, keep in touch for future opportunities, or thank you for your time. Equal Employment Opportunity At Roboflow, we believe great ideas come from everywhere—and everyone. We’re proud to be an Equal Opportunity Employer committed to building a diverse and inclusive team. We consider all qualified applicants regardless of race, color, religion, sex, sexual orientation, gender identity, national origin, disability, age, veteran status, or any other legally protected characteristics.",USA,USA,Remote,1,USA,Software Engineering,Software Engineering,Full-Time,Senior,,,,2026-08-22T18:41:15+00:00,,Software & IT,https://jobicy.com/jobs/151412-developer-advocate,2026-08-24T19:35:11.516716+00:00
c4a7cbe3d3013c58,Jobicy,149557,Senior Site Reliability Engineer,Canonical Ltd.,"Canonical is a leading provider of open source software and operating systems to the global enterprise and technology markets. Our platform, Ubuntu, is very widely used in breakthrough enterprise initiatives such as public cloud, data science, AI, engineering innovation and IoT. Our customers include the world's leading public cloud and silicon providers, and industry leaders in many sectors. The company is a pioneer of global distributed collaboration, with 1200+ colleagues in 75+ countries and very few office based roles. Teams meet two to four times yearly in person, in interesting locations around the world, to align on strategy and execution. The company is founder led, profitable and growing. We are hiring a Senior Site Reliability Engineer Next-gen operations at scale, with pure Python infra-as-code, from bare metal to containers and applications. Our goal is to perfect enterprise infrastructure devops. We run hundreds of private cloud, Kubernetes, and application clusters for customers across physical and public cloud estate, and we are raising the bar on what's possible with automation by embracing a universal operator pattern and model-driven operations. To succeed in this role you need to believe in automation as a pure software engineering problem, not a hack-it-till-it-works-for-me problem. You need to be interested in the scientific approach to operations at scale, driven by metrics and code, and you need to be able to learn the entire stack, from bare metal networking and kernel up to serverless and open source applications. Location: Globally remote role The role entails Our cloud operations engineers bring Python software-engineering skills and rigour to the operations domain. We practise devsecops from bare metal to application. We architect and run OpenStack, Kubernetes and software defined storage, and we enable devsecops for applications running on that infrastructure too. To become a member of this team, you need to be a software engineer fluent in Python, you need a genuine interest in the full open source infrastructure stack from metal to containers, and you need the ability to work in a high pressure operations environment with mission-critical services for global brand name customers. As a member of the team you will gain experience in a broad range of cloud technologies. We evolve our offerings as the state of the art improves, so you get to stay current with the latest capabilities in open source infrastructure. We drive upgrades to keep our customers on the latest, best solutions. What we are looking for in you Degree in Software Engineering or Computer Science Experience with Linux and familiarity with Linux networking and storage Python software development expertise Operational experience Excellent interpersonal skills, curiosity, flexibility, and accountability Ability to travel internationally twice a year, for company events up to two weeks long Nice-to-have skills Experience with OpenStack or Kubernetes deployment or operations Familiarity with public or private cloud management What we offer colleagues We consider geographical location, experience, and performance in shaping compensation worldwide. We revisit compensation annually (and more often for graduates and associates) to ensure we recognise outstanding performance. In addition to base pay, we offer a performance-driven annual bonus or commission. We provide all team members with additional benefits, which reflect our values and ideals. We balance our programs to meet local needs and ensure fairness globally. Distributed work environment with twice-yearly team sprints in person Personal learning and development budget of USD 2,000 per year Annual compensation review Recognition rewards Annual holiday leave Maternity and paternity leave Employee Assistance Programme Opportunity to travel to new locations to meet colleagues Priority Pass, and travel upgrades for long haul company events About Canonical Canonical is a pioneering tech firm at the forefront of the global move to open source. As the company that publishes Ubuntu, one of the most important open source projects and the platform for AI, IoT and the cloud, we are changing the world of software. We recruit on a global basis and set a very high standard for people joining the company. We expect excellence - in order to succeed, we need to be the best at what we do. Most colleagues at Canonical have worked from home since its inception in 2004.​ Working here is a step into the future, and will challenge you to think differently, work smarter, learn new skills, and raise your game. Canonical is an equal opportunity employer We are proud to foster a workplace free from discrimination. Diversity of experience, perspectives, and background create a better work environment and better products. Whatever your identity, we will give your application fair consideration. #LI-Remote",Anywhere,Anywhere,Remote,1,Anywhere,DevOps &amp; Infrastructure,DevOps &amp; Infrastructure,Full-Time,Senior,,,,2026-08-22T17:10:08+00:00,,Cloud & DevOps,https://jobicy.com/jobs/149557-senior-site-reliability-engineer-5,2026-08-24T19:35:11.517289+00:00
725b2d3caf965147,Jobicy,149556,Engineering Manager - Solutions Engineering,Canonical Ltd.,"Canonical is a leading provider of open source software and operating systems to the global enterprise and technology markets. Our platform, Ubuntu, is very widely used in breakthrough enterprise initiatives such as public cloud, data science, AI, engineering innovation, and IoT. Our customers include the world's leading public cloud and silicon providers, and industry leaders in many sectors. The company is a pioneer of global distributed collaboration, with 1200+ colleagues in 75+ countries and very few office-based roles. Teams meet two to four times yearly in person, in interesting locations around the world, to align on strategy and execution. The company is founder-led, profitable, and growing. We want to transform the world of software operations by enabling true model-driven operations via next-generation infrastructure-as-code. This will allow companies to run very efficient bare-metal operations for high-performance computing, private cloud, data lakes, AI/ML, and analytics. We need to invent some new technology, and we need to build some new products; we are therefore looking for someone who can lead and inspire a regional software engineering team to fulfill this initiative. The Solutions Engineering team works in close collaboration with our managed infrastructure operations team, which runs many private OpenStack clouds and Kubernetes clusters for customers around the world. This enables us to improve our infra-as-code products based on our own real experience, mirroring that of our users and customers. We work in Python, creating open-source automation capabilities that simplify operations for anybody, anywhere, who is building on Ubuntu. Most of the team's work involves pure Python software development focused on enabling true DevOps workflows. We strive for high quality in both design, documentation, tests, and performance as we enhance operations code packages and Ubuntu itself in order to ensure our platform is the easiest, most robust, and best performing for driving your infrastructure. As an Engineering Manager, your primary responsibility is to the people you lead and support: ensuring that they are growing as engineers, doing valuable work, and finding satisfaction in their career at Canonical. We need someone who can display technical leadership by leveraging a solid background in software development so that they're able to challenge and grow their team members. You will have the opportunity to influence the culture, facilitate technical delivery, and work with your team on direction and execution. What you will do Lead and develop a team of Python engineers working remotely in global locations Hiring, coaching, mentoring, feedback, and hands-on career development Demonstrate sound engineering principles by directly contributing code yourself Plan and manage progress on agreed goals and projects Set and manage expectations with other engineering and operations teams Coordinate with management and internal and external stakeholders or customers Advocate for modern, agile software development practices Help develop and evangelize great engineering and organizational practices Grow a healthy, collaborative engineering culture in line with the company values Be an active part of the leadership team and collaborate with other leaders in the organisation Travel globally up to 10% of time for internal and external events Who you are You love developing and growing people and have a track record of doing it You are knowledgeable and passionate about agile software development You love leading, coaching, and mentoring software developers - especially Python ones You are knowledgeable in cloud computing concepts &amp; technologies You are comfortable administrating Linux servers, including their storage and networking You have hands-on experience with software automation You are organized and want your team to deliver high-quality software in a timely manner You are a lifelong learner Bonus points for You have graduated with a university degree in Computer Science or related software engineering field Having a thorough understanding of modern infrastructure, including OpenStack or Kubernetes Having experience in operations as well as software development Being familiar with the challenges of large-scale, multi-cloud operations Go expertise What we offer colleagues We consider geographical location, experience, and performance in shaping compensation worldwide. We revisit compensation annually (and more often for graduates and associates) to ensure we recognize outstanding performance. In addition to base pay, we offer a performance-driven annual bonus or commission. We provide all team members with additional benefits which reflect our values and ideals. We balance our programs to meet local needs and ensure fairness globally. Distributed work environment with twice-yearly team sprints in person Personal learning and development budget of USD 2,000 per year Annual compensation review Recognition rewards Annual holiday leave Maternity and paternity leave Team Member Assistance Program &amp; Wellness Platform Opportunity to travel to new locations to meet colleagues Priority Pass and travel upgrades for long-haul company events About Canonical Canonical is a pioneering tech firm at the forefront of the global move to open source. As the company that publishes Ubuntu, one of the most important open-source projects and the platform for AI, IoT, and the cloud, we are changing the world of software. We recruit on a global basis and set a very high standard for people joining the company. We expect excellence; in order to succeed, we need to be the best at what we do. Most colleagues at Canonical have worked from home since our inception in 2004.​ Working here is a step into the future and will challenge you to think differently, work smarter, learn new skills, and raise your game. Canonical is an equal opportunity employer We are proud to foster a workplace free from discrimination. Diversity of experience, perspectives, and background create a better work environment and better products. Whatever your identity, we will give your application fair consideration. #LI-remote",Anywhere,Anywhere,Remote,1,Anywhere,Product &amp; Operations,Product &amp; Operations,Full-Time,Midweight,,,,2026-08-22T17:10:04+00:00,,Software & IT,https://jobicy.com/jobs/149556-engineering-manager-solutions-engineering,2026-08-24T19:35:11.517952+00:00
ae155b5b7074858c,Jobicy,149554,Support Engineering Manager,Canonical Ltd.,"Canonical is a leading provider of open source software and operating systems to the global enterprise and technology markets. Our platform, Ubuntu, is very widely used in breakthrough enterprise initiatives such as public cloud, data science, AI, engineering innovation, and IoT. Our customers include the world's leading public cloud and silicon providers, and industry leaders in many sectors. The company is a pioneer of global distributed collaboration, with 1200+ colleagues in 75+ countries and very few office-based roles. Teams meet two to four times yearly in person, in interesting locations around the world, to align on strategy and execution. The company is founder-led, profitable, and growing. Our regional Support Managers run world-class Support teams – solving deep technical problems for customers around the world on Ubuntu Server, Ubuntu Desktop and on the public cloud. They demonstrate two key attributes: customer focus – ensuring that customers are always satisfied with the service they are receiving, and technical excellence – ensuring that the support team is always up to date with the our technology, and that they perform sound and quick troubleshooting. We are looking for managers for both of our support groups; Cloud Support Group and Devices Support Group. You'll need to be comfortable in a fast paced environment, able to take responsibility for delivering to customers and enjoy challenges. You will also need to care deeply about your team, their skills, and their career development. The role entails Management of a professional support team, including skills development and performance management Operational control, shift scheduling, accountability for key performance indicators (KPIs) Ensures that all customer cases are responded to within the SLA, and in a professional manner Act as the customer escalation contact, and ensure that such escalations are addressed appropriately Accountability for customer satisfaction Contribution to the support knowledge base Continuous improvement to the team's processes and support service delivery Hire, develop and train support team to match business requirements Work with the leadership team to drive growth and transformation initiatives What are we looking for in you Extensive CLI experience with Linux at a technical level (Support, Development, Implementation) Leadership experience, and preferably team management experience Confidence under pressure, with proven track record of high customer focus Preferably fluent in two languages, English being primary one Excellent communication skills (verbal and written) Experience or knowledge of Linux Desktop, OpenStack, Public Cloud or Virtualization technologies Proven track record of contributing to Open Source projects Software development experience Experience in working in support organizations Hands on experience with Canonical's products What we offer colleagues We consider geographical location, experience, and performance in shaping compensation worldwide. We revisit compensation annually (and more often for graduates and associates) to ensure we recognise outstanding performance. In addition to base pay, we offer a performance-driven annual bonus or commission. We provide all team members with additional benefits, which reflect our values and ideals. We balance our programs to meet local needs and ensure fairness globally. Distributed work environment with twice-yearly team sprints in person Personal learning and development budget of USD 2,000 per year Annual compensation review Recognition rewards Annual holiday leave Maternity and paternity leave Employee Assistance Programme Opportunity to travel to new locations to meet colleagues Priority Pass, and travel upgrades for long haul company events About Canonical Canonical is a pioneering tech firm at the forefront of the global move to open source. As the company that publishes Ubuntu, one of the most important open source projects and the platform for AI, IoT and the cloud, we are changing the world of software. We recruit on a global basis and set a very high standard for people joining the company. We expect excellence - in order to succeed, we need to be the best at what we do. Most colleagues at Canonical have worked from home since its inception in 2004.​ Working here is a step into the future, and will challenge you to think differently, work smarter, learn new skills, and raise your game. Canonical is an equal opportunity employer We are proud to foster a workplace free from discrimination. Diversity of experience, perspectives, and background create a better work environment and better products. Whatever your identity, we will give your application fair consideration. #LI-remote",Anywhere,Anywhere,Remote,1,Anywhere,Customer Support &amp; Success,Customer Support &amp; Success,Full-Time,Midweight,,,,2026-08-22T17:10:02+00:00,,Software & IT,https://jobicy.com/jobs/149554-support-engineering-manager,2026-08-24T19:35:11.518437+00:00
f05daf9db80f53fc,Jobicy,149558,Microservices Engineer,Canonical Ltd.,"Canonical is a leading provider of open source software and operating systems to the global enterprise and technology markets. Our platform, Ubuntu, is very widely used in breakthrough enterprise initiatives such as public cloud, data science, AI, engineering innovation, and IoT. Our customers include the world's leading public cloud and silicon providers, and industry leaders in many sectors. The company is a pioneer of global distributed collaboration, with 1200+ colleagues in 75+ countries and very few office-based roles. Teams meet two to four times yearly in person, in interesting locations around the world, to align on strategy and execution. The company is founder-led, profitable, and growing. This is a general selection track for teams that focus on back-end REST API microservices engineering in Go and Python. It covers all levels of seniority. Apply here if you are already an outstanding engineer with crisp and well-articulated views on APIs, microservice design, engineering processes and DevOps. Our services need to scale to handle millions of Ubuntu clients, and collaboration across thousands of community members. They are also central to the health of critical infrastructure across the globe. As Ubuntu has been embraced by mainstream enterprise computing through the adoption of cloud and developer-centric tech strategy, the quality of these services has become more important to customers and users. While Ubuntu has been enormously successful and in many senses leads the industry, we think we can substantially improve our practices, quality and performance in the web services domain. We are growing our teams, and in doing so we aim to level up our insights on scalability, performance, resilience and DevOps practices. Key areas of interest for us are: API design, documentation, and governance Database performance design considerations and skills Multi-region service delivery for resilience and performance Fuzzing and other proactive security analysis techniques Tracing and profiling for distributed systems insights Next-generation DevOps practices Location : we have microservices teams with open roles in every time zone. What your day will look like Write high-quality, well-designed, and robust software that works at scale Design APIs and software architecture for collegial review Write tests that validate software behaviour Build and maintain reliable, fault-tolerant applications and services Collaborate proactively with a globally distributed team Display technical leadership internally and within our external communities Debug issues and produce high-quality solutions to resolve them Contribute to technical documentation to make it the best of its kind Discuss, contribute to, and collaborate across teams at Canonical Work from home with global travel twice annually for company events What we are looking for in you An exceptional academic track record from both high school and university Undergraduate degree in Computer Science or STEM, or a compelling narrative about your alternative path Drive and a track record of going above-and-beyond expectations Proficiency in Python and / or Go History of writing modern, maintainable software Experience with relational and non-relational database systems Continuous integration and continuous delivery experience Experience with systems programming or scalable web services Professional written and spoken English Experience with Linux (Debian or Ubuntu preferred) Excellent interpersonal skills, curiosity, flexibility, and accountability Passion, thoughtfulness, and self-motivation Excellent communication and presentation skills Result-oriented, with a personal drive to meet commitments Ability to travel twice a year, for company events up to two weeks each Additional skills that you might also bring Experience with container tech such as LXD, Docker, and Kubernetes Understanding of build systems and toolchains Experience with cross-compilation Experience with hyperscale public clouds and / or private clouds Experience with designing, building, and running distributed systems Performance engineering and security experience What we offer you We consider geographical location, experience, and performance in shaping compensation worldwide. We revisit compensation annually (and more often for graduates and associates) to ensure we recognise outstanding performance. In addition to base pay, we offer a performance-driven annual bonus. We provide all team members with additional benefits, which reflect our values and ideals. We balance our programs to meet local needs and ensure fairness globally. Distributed work environment with twice-yearly team sprints in person Personal learning and development budget of USD 2,000 per year Annual compensation review Recognition rewards Annual holiday leave Maternity and paternity leave Employee Assistance Programme Opportunity to travel to new locations to meet colleagues Priority Pass, and travel upgrades for long haul company events About Canonical Canonical is a pioneering tech firm at the forefront of the global move to open source. As the company that publishes Ubuntu, one of the most important open-source projects and the platform for AI, IoT, and the cloud, we are changing the world of software. We recruit on a global basis and set a very high standard for people joining the company. We expect excellence; in order to succeed, we need to be the best at what we do. Most colleagues at Canonical have worked from home since our inception in 2004.​ Working here is a step into the future and will challenge you to think differently, work smarter, learn new skills, and raise your game. Canonical is an equal opportunity employer We are proud to foster a workplace free from discrimination. Diversity of experience, perspectives, and background create a better work environment and better products. Whatever your identity, we will give your application fair consideration. #LI-remote",Anywhere,Anywhere,Remote,1,Anywhere,Software Engineering,Software Engineering,Full-Time,Any,,,,2026-08-22T17:05:08+00:00,,Software & IT,https://jobicy.com/jobs/149558-microservices-engineer,2026-08-24T19:35:11.519051+00:00
cebcabc6953997f8,Jobicy,149559,Embedded Linux Field Engineering Manager (Americas only),Canonical Ltd.,"Canonical is a leading provider of open source software and operating systems to the global enterprise and technology markets. Our platform, Ubuntu, is very widely used in breakthrough enterprise initiatives such as public cloud, data science, AI, engineering innovation and IoT. Our customers include the world's leading public cloud and silicon providers, and industry leaders in many sectors. The company is a pioneer of global distributed collaboration, with 1200+ colleagues in 75+ countries and very few office based roles. Teams meet two to four times yearly in person, in interesting locations around the world, to align on strategy and execution. The company is founder-led, profitable and growing. We are hiring an Embedded Linux Field Engineering Manager to lead a regionally-focused team of Field engineers in Presales and Professional Services activities, by helping customers with solution architecture, design and delivery. Location: This is a remote role, running a team in one of three Geos, Americas, EMEA or APAC. You will therefore need to be located in one of those three Geos to manage that specific team that spans few timezones from you Our Internet of Things mission is to enable companies to make fleets of very secure connected devices. Canonical provides the base Ubuntu OS and kernel, with secure update and management mechanisms. Our customers create mission-critical control systems, gateways and appliances that need to meet stringent quality and security requirements, and we aspire to bring this level of security to the wider consumer electronics and device market. Our Field Engineers are thought leaders helping our customers solve hard problems. They are accomplished technologists that take a hands-on approach to embedded Linux strategy and delivery. They have a passion to help customers achieve ambitious technical and business goals, and to show how the Canonical approach to open source and connected devices brings best-of-breed thinking to the emerging field of edge compute. They also care to develop their colleagues, helping them deepen their understanding of the technology, their ability to manage time, and their awareness of customer business thinking for continuous improvement and personal development. This career opportunity requires a unique blend of skills. Successful candidates will know Linux well and be proficient coders and scripters. They will have experience of low-level Linux boot, BIOS, firmware and embedded software development methodologies. They also enjoy the pace of change and diversity of client engagements with driven and ambitious technology entrepreneurs. Competitive, business-focused technologists at heart, they are also team drivers that take pride in team and company wins. The role entails Lead and develop a team of Field engineers, ranging from graduate to senior, in the areas of Presales and Professional Services Solve customer problems by promoting our technologies and being a trusted advisor Work remotely in a single major time zone Coach, mentor, and offer career development feedback Identify and measure team health indicators Implement disciplined engineering processes Represent your team and product to stakeholders, partners, and customers Develop and evangelise great engineering and organisational practices Plan and manage progress on agreed goals and projects Be an active part of the leadership team, collaborating with other leaders What we are looking for in you Exceptional academic track record from both high school and university Bachelors degree in Computer Science or related technical field Extensive embedded Linux experience - Yocto or other Extensive Linux experience - Debian or Ubuntu preferred Fluency in at least one of Golang, Python, C, C++, or Rust Ability to manage a small team Experience with customer engagements Professional written and spoken English Excellent interpersonal skills, curiosity, flexibility, and accountability Result-oriented, with a personal drive to meet commitments An ability to communicate the business benefits of technology An humble learner and quick study Other desirable traits include RTOS experience, additional languages (both the programming and human kinds), and previous experience working in a remote-first, diverse, distributed company. What we offer you We consider geographical location, experience, and performance in shaping compensation worldwide. We revisit compensation annually (and more often for graduates and associates) to ensure we recognise outstanding performance. In addition to base pay, we offer a performance-driven annual bonus or commission. We provide all team members with additional benefits, which reflect our values and ideals. We balance our programs to meet local needs and ensure fairness globally. Distributed work environment with twice-yearly team sprints in person Personal learning and development budget of USD 2,000 per year Annual compensation review Recognition rewards Annual holiday leave Maternity and paternity leave Employee Assistance Programme Opportunity to travel to new locations to meet colleagues from your team and others Priority Pass, and travel upgrades for long haul company events About Canonical Canonical is a pioneering tech firm at the forefront of the global move to open source. As the company that publishes Ubuntu, one of the most important open source projects and the platform for AI, IoT and the cloud, we are changing the world of software. We recruit on a global basis and set a very high standard for people joining the company. We expect excellence - in order to succeed, we need to be the best at what we do. Most colleagues at Canonical have worked from home since its inception in 2004.​ Working here is a step into the future, and will challenge you to think differently, work smarter, learn new skills, and raise your game. Canonical is an equal opportunity employer We are proud to foster a workplace free from discrimination. Diversity of experience, perspectives, and background create a better work environment and better products. Whatever your identity, we will give your application fair consideration. #LI-remote","LATAM, Canada, USA","LATAM, Canada, USA",Remote,1,"LATAM, Canada, USA",Product &amp; Operations,Product &amp; Operations,Full-Time,Midweight,,,,2026-08-22T17:05:06+00:00,,Software & IT,https://jobicy.com/jobs/149559-embedded-linux-field-engineering-manager-americas-only,2026-08-24T19:35:11.519757+00:00
c24b68563656cd3d,Jobicy,149562,Lead Linux Kernel Engineer - Ubuntu,Canonical Ltd.,"Canonical is a leading provider of open source software and operating systems to the global enterprise and technology markets. Our platform, Ubuntu, is very widely used in breakthrough enterprise initiatives such as public cloud, data science, AI, engineering innovation, and IoT. Our customers include the world's leading public cloud and silicon providers, and industry leaders in many sectors. The company is a pioneer of global distributed collaboration, with 1200+ colleagues in 75+ countries and very few office-based roles. Teams meet two to four times yearly in person, in interesting locations around the world, to align on strategy and execution. The company is founder-led, profitable, and growing. The Canonical Kernel Team is seeking exceptionally talented technology experts and industry veterans with a proven track record in operating systems kernel development or low level system engineering to take the lead in the architecture, implementation, and ongoing delivery of the following (but not limited to) aspects of the Ubuntu Linux kernel: Driving engagements for key Silicon and Cloud partners to provide optimal solutions for their platforms Leading the mitigation of common vulnerabilities and exposures for Ubuntu Linux as well as driving active hardening in the kernel Architecting enhancements to performance and correctness to make Ubuntu Linux the most reliable and highest performing Linux kernel available today Streamlining the packaging and distribution of particularly troublesome third-party components for optimal experience by end users Developing new means to deliver Ubuntu Linux at scale to the strict quality standards and delivery schedules expected by end users While not a formal managerial role, the successful candidate will possess strong people skills and natural ability to lead engineers within the team, as well as working with other external teams to coordinate adoption and delivery. We are looking for individuals with not only an incredibly deep technical background in operating system kernels and distributions, but also a strong flair for leadership and taking initiative to drive ideas and the associated delivery teams to completion. While we hesitate to put a specific number of years of experience as a requirement for an applicant as that does not take into account relative ability or circumstances, for a comparative guideline we would be seeking candidates with the demonstrated technical equivalent of 15+ years of industry experience. Location: We have home-based lead kernel engineer roles in every timezone, although the individual aspects as listed above may be linked to a specific geographic region. What the role entails Set the technical direction and lead the delivery of a team of junior and mid-career engineers for a key aspect of Ubuntu Linux Work closely with management within and outside the team to track and coordinate initiatives to delivery Collaborate daily with other senior technical leadership on the Kernel Team on how best to ensure Ubuntu stays at the pinnacle of Linux distributions What we are looking for in you Well-organised and motivated self-starter able to thrive in a remote work environment Strong communication skills in English, both written and verbal Expert understanding of the C programming language Demonstrated expertise working in a *nix-based operating system kernel and distribution. While direct Linux experience would be ideal, it is not required. Python and Bash scripting ability Powerful grasp of the capabilities and nuances of the git version control system Prior experience developing with software packaging formats, with direct Ubuntu/Debian/Snap experience being highly regarded Ability to travel internationally at least twice a year for company events of up to two weeks length Nice-to-have skills Strong background in RTOS and real-time performance analysis Demonstrated experience with kernel patching and debugging Strong grasp of device drivers, BSP’s, and other low level system engineering Prior experience with Rust, ideally as it pertains to the Linux kernel What we offer colleagues We consider geographical location, experience, and performance in shaping compensation worldwide. We revisit compensation annually (and more often for graduates and associates) to ensure we recognize outstanding performance. In addition to base pay, we offer a performance-driven annual bonus or commission. We provide all team members with additional benefits which reflect our values and ideals. We balance our programs to meet local needs and ensure fairness globally. Distributed work environment with twice-yearly team sprints in person Personal learning and development budget of USD 2,000 per year Annual compensation review Recognition rewards Annual holiday leave Maternity and paternity leave Team Member Assistance Program &amp; Wellness Platform Opportunity to travel to new locations to meet colleagues Priority Pass and travel upgrades for long-haul company events About Canonical Canonical is a pioneering tech firm at the forefront of the global move to open source. As the company that publishes Ubuntu, one of the most important open-source projects and the platform for AI, IoT, and the cloud, we are changing the world of software. We recruit on a global basis and set a very high standard for people joining the company. We expect excellence; in order to succeed, we need to be the best at what we do. Most colleagues at Canonical have worked from home since our inception in 2004.​ Working here is a step into the future and will challenge you to think differently, work smarter, learn new skills, and raise your game. Canonical is an equal opportunity employer We are proud to foster a workplace free from discrimination. Diversity of experience, perspectives, and background create a better work environment and better products. Whatever your identity, we will give your application fair consideration. #LI-remote",Anywhere,Anywhere,Remote,1,Anywhere,Software Engineering,Software Engineering,Full-Time,Senior,,,,2026-08-22T17:05:05+00:00,,Software & IT,https://jobicy.com/jobs/149562-lead-linux-kernel-engineer-ubuntu,2026-08-24T19:35:11.520382+00:00
c48a6fbe6d95a37f,Jobicy,149560,Software Engineer - Solutions Engineering,Canonical Ltd.,"Canonical is a leading provider of open source software and operating systems to the global enterprise and technology markets. Our platform, Ubuntu, is very widely used in breakthrough enterprise initiatives such as public cloud, data science, AI, engineering innovation, and IoT. Our customers include the world's leading public cloud and silicon providers, and industry leaders in many sectors. The company is a pioneer of global distributed collaboration, with 1200+ colleagues in 75+ countries and very few office-based roles. Teams meet two to four times yearly in person, in interesting locations around the world, to align on strategy and execution. The company is founder-led, profitable, and growing. Help us shape the future of open source IT, devops, and IS, from bare metal to containers. Our goal is to revolutionise open source application and infrastructure operations. We want to transform the world of software operations by enabling true model-driven operations via next-generation infrastructure-as-code. This will allow companies to run very efficient bare-metal operations for high-performance computing, private cloud, data lakes, AI/ML, and analytics. We need to invent some new technology, and we need to build some new products; we are therefore looking for someone who can lead and inspire a regional software engineering team to fulfill this initiative. The Solutions Engineering team works in close collaboration with our managed infrastructure operations team, which runs many private OpenStack clouds and Kubernetes clusters for customers around the world. This enables us to improve our infra-as-code products based on our own real experience, mirroring that of our users and customers. We work in Python, creating open source automation capabilities that simplify operations for anybody, anywhere, who is building on Ubuntu. Most of the team's work involves pure Python software development focused on enabling true DevOps workflows. We strive for high quality in both design, documentation, tests, and performance as we enhance operations code packages and Ubuntu itself in order to ensure our platform is the easiest, most robust, and best performing for driving your infrastructure. This role is ideal for software engineers who want to work in a global team, have a passion for distributed systems and cloud computing, and an interest in the entire Linux stack - from kernel to networking to virtualization and containers. What you will do Work in Python and Golang to design and deliver open source software operations code Work with the entire Linux stack, from kernel, networking, storage, to applications Shape high quality open source monitoring and alerting infrastructure Rethink open source operations for our customers and open source community Demonstrate sound engineering design and testing principles in your code Follow agile software development practices Coach and develop your colleagues where you have insights Grow a healthy, collaborative engineering culture in line with the company values Global travel up to 10% of time for internal and external events Who you are You are a passionate Python developer You are organised and want your team to deliver timely, high quality software You understand the importance of reliable operations in an agile world You have sound knowledge of cloud computing concepts &amp; technologies You have practical knowledge of Linux and networking You are a lifelong learner Bonus points for You have graduated with a university degree in Computer Science or related software engineering field Golang programming skills What we offer colleagues We consider geographical location, experience, and performance in shaping compensation worldwide. We revisit compensation annually (and more often for graduates and associates) to ensure we recognize outstanding performance. In addition to base pay, we offer a performance-driven annual bonus or commission. We provide all team members with additional benefits which reflect our values and ideals. We balance our programs to meet local needs and ensure fairness globally. Distributed work environment with twice-yearly team sprints in person Personal learning and development budget of USD 2,000 per year Annual compensation review Recognition rewards Annual holiday leave Maternity and paternity leave Team Member Assistance Program &amp; Wellness Platform Opportunity to travel to new locations to meet colleagues Priority Pass and travel upgrades for long-haul company events About Canonical Canonical is a pioneering tech firm at the forefront of the global move to open source. As the company that publishes Ubuntu, one of the most important open-source projects and the platform for AI, IoT, and the cloud, we are changing the world of software. We recruit on a global basis and set a very high standard for people joining the company. We expect excellence; in order to succeed, we need to be the best at what we do. Most colleagues at Canonical have worked from home since our inception in 2004.​ Working here is a step into the future and will challenge you to think differently, work smarter, learn new skills, and raise your game. Canonical is an equal opportunity employer We are proud to foster a workplace free from discrimination. Diversity of experience, perspectives, and background create a better work environment and better products. Whatever your identity, we will give your application fair consideration. #LI-remote",Anywhere,Anywhere,Remote,1,Anywhere,Software Engineering,Software Engineering,Full-Time,Senior,,,,2026-08-22T17:05:04+00:00,,Software & IT,https://jobicy.com/jobs/149560-software-engineer-solutions-engineering,2026-08-24T19:35:11.520908+00:00
4b93443c70d93071,Jobicy,149561,Engineering Manager - Data Platform,Canonical Ltd.,"Canonical is building a comprehensive suite of multi-cloud and on-premise data solutions for the enterprise. We want to make it easy to operate any database on any cloud, or on premise. The data platform team covers the full range of data stores and data technologies, spanning from big data, NoSQL, cache-layer capabilities, and analytics; all the way to structured SQL engines like Postgres and MySQL. We aim to deliver fault-tolerant mission-critical distributed systems, and the world’s best data platform. We are looking for technical Engineering Managers to lead teams focused on Big Data and MySQL databases. We write code in Python and encode modern operational practices for data applications at scale on Kubernetes and cloud machines. Location: This role can be filled in European, Middle East, African or any American region / time zone. What your day will look like You will lead a team building scalable data solutions for Kubernetes and cloud machines You will hire, coach, mentor, provide feedback, and lead your team by example You will demonstrate sound engineering skill by directly contributing code when needed Effectively set and manage expectations with other engineering teams, senior management, and external stakeholders Advocate modern, agile software development practices Develop and evangelize great engineering and organizational practices Ensure that your team delivers excellent products that users love by maintaining a culture of quality and engineering excellence Grow a healthy, collaborative engineering culture aligned with the company’s values. Be an active part of the leadership team and collaborate with other leaders in the organization Work from home with global travel twice yearly, for internal events of one or two weeks duration What we are looking for in you A software engineering background, preferably with Python and Golang experience Experience running in production and at scale, preferably Big Data or MySQL Excellent judgement about people - their motivations, abilities, developmental needs, and prospects for success Proven ability to build high-quality, open-source software Proven to drive good engineering practices around performance and quality An open-minded attitude to new technologies and the drive to push the boundaries of what is possible The ambition to build products that improve how people operate software and infrastructure everywhere Love developing and growing people and have a track record of doing it Knowledgeable and passionate about software development Additional skills that you might also bring Specialist knowledge in one or more of Spark, Superset, MySQL, or similar Prior experience working with open source and a will to build products with the community What we offer you Your base pay will depend on various factors including your geographical location, level of experience, knowledge and skills. In addition to the benefits above, certain roles are also eligible for additional benefits and rewards including annual bonuses and sales incentives based on revenue or utilisation. Our compensation philosophy is to ensure equity right across our global workforce. In addition to a competitive base pay, we provide all team members with additional benefits, which reflect our values and ideals. Please note that additional benefits may apply depending on the work location and, for more information on these, please ask your Talent Partner. Fully remote working environment - we’ve been working remotely since 2004! Personal learning and development budget of 2,000USD per annum Annual compensation review Recognition rewards Annual holiday leave Parental Leave Employee Assistance Programme Opportunity to travel to new locations to meet colleagues at ‘sprints’ Priority Pass for travel and travel upgrades for long haul company events About Canonical Canonical is a pioneering tech firm that is at the forefront of the global move to open source. As the company that publishes Ubuntu, one of the most important open source projects and the platform for AI, IoT and the cloud, we are changing the world on a daily basis. We recruit on a global basis and set a very high standard for people joining the company. We expect excellence - in order to succeed, we need to be the best at what we do. Canonical has been a remote-first company since its inception in 2004.​ Work at Canonical is a step into the future, and will challenge you to think differently, work smarter, learn new skills, and raise your game. Canonical provides a unique window into the world of 21st-century digital business. Canonical is an equal opportunity employer We are proud to foster a workplace free from discrimination. Diversity of experience, perspectives, and background create a better work environment and better products. Whatever your identity we will give your application fair consideration. #LI-remote",Anywhere,Anywhere,Remote,1,Anywhere,Product &amp; Operations,Product &amp; Operations,Full-Time,Midweight,,,,2026-08-22T17:05:02+00:00,,Software & IT,https://jobicy.com/jobs/149561-engineering-manager-data-platform,2026-08-24T19:35:11.521428+00:00
451952672e761f8c,Jobicy,149564,Security Risk Management Specialist,Canonical Ltd.,"In security risk management we’re looking to harness the power of industry best practice combined with driving new innovation on how we do security risk assessments and modelling. Our security risk management team is the primary owner of the strategy and practices of how we identify, track and reduce our security risk across everything we do. To support this we need to use industry best practices paired with emerging threat information to to promote risk identification, quantification, impact analysis, and modelling to ultimately drive decision making. In this role, you will help establish and execute a broad strategic vision for the security risk program at Canonical. You will not only work within the team but also cross-functionally with various teams across the organisation. The team contributes ideas and requirements for Canonical product security, improving the resilience and robustness of all Ubuntu customers and users subject to cyber attacks. Additionally, the team collaborates with our Organisational Learning and Development team to develop playbooks and facilitate security training across Canonical. The security risk management team’s mission is not only to secure Canonical, but also to contribute to the security of the wider open source ecosystem. They might share knowledge through public presentations and industry events, and share threat intelligence with the wider community or represent Canonical in sector-specific governance bodies. What you will do in this role: Define Canonical's security risk management standards and playbooks Analyse and improve Canonical's security risk practices Evaluate, select and implement new security requirements, tools and practices Grow the presence and thought leadership of Canonical security risk management practice Develop Canonical security risk learning and development materials Work with Security leadership to present information and influence change Participate in developing key risk indicators, provide inputs to the development of key control indicators, and key performance indicators for various programs Apply statistical models to risk frameworks (such as FAIR, sensitivity analysis, and others) Participate in risk management, decision-making, and collaborative discussions Lead quantified risk assessments and understand the value of qualitative data for improvements to quality and engineering processes Interpret internal or external cyber security risk analyses in business terms and recommend a responsible course of action Develop templates and materials to help with self-service risk management actions Monitor and identify opportunities to improve the effectiveness of risk management processes Launch campaigns to perform security assessments and help mitigate security risks across the company Build evaluation methods and performance indicators to measure efficiency of security functions and capabilities. What we are looking for An exceptional academic track record Undergraduate degree in Computer Science or STEM, or a compelling narrative about your alternative path Drive and a track record of going above-and-beyond expectations Deep personal motivation to be at the forefront of technology security Leadership and management ability Excellent business English writing and presentation skills Problem-solver with excellent communication skills, a deep technical understanding of security assessments and risk management Expertise in threat modelling and risk management frameworks Broad knowledge of how to operationalize the management of security risk Experience in Secure Development Lifecycle and Security by Design methodology What we offer you We consider geographical location, experience, and performance in shaping compensation worldwide. We revisit compensation annually (and more often for graduates and associates) to ensure we recognise outstanding performance. In addition to base pay, we offer a performance-driven annual bonus. We provide all team members with additional benefits, which reflect our values and ideals. We balance our programs to meet local needs and ensure fairness globally. Distributed work environment with twice-yearly team sprints in person Personal learning and development budget of USD 2,000 per year Annual compensation review Recognition rewards Annual holiday leave Maternity and paternity leave Employee Assistance Programme Opportunity to travel to new locations to meet colleagues Priority Pass, and travel upgrades for long haul company events About Canonical Canonical is a pioneering tech firm at the forefront of the global move to open source. As the company that publishes Ubuntu, one of the most important open source projects and the platform for AI, IoT and the cloud, we are changing the world on a daily basis. We recruit on a global basis and set a very high standard for people joining the company. We expect excellence - in order to succeed, we need to be the best at what we do. Canonical has been a remote-first company since its inception in 2004.​ Working here is a step into the future, and will challenge you to think differently, work smarter, learn new skills, and raise your game. Canonical is an equal opportunity employer We are proud to foster a workplace free from discrimination. Diversity of experience, perspectives, and background create a better work environment and better products. Whatever your identity, we will give your application fair consideration. #LI-remote",Anywhere,Anywhere,Remote,1,Anywhere,Cybersecurity,Cybersecurity,Full-Time,Any,,,,2026-08-22T17:00:08+00:00,,Cybersecurity,https://jobicy.com/jobs/149564-security-risk-management-specialist,2026-08-24T19:35:11.521936+00:00
ce29722775284394,Jobicy,149566,Rust Engineering Lead - Linux and Open Source,Canonical Ltd.,"Canonical is a leading provider of open source software and operating systems to the global enterprise and technology markets. Our platform, Ubuntu, is very widely used in breakthrough enterprise initiatives such as public cloud, data science, AI, engineering innovation, and IoT. Our customers include the world's leading public cloud and silicon providers, and industry leaders in many sectors. The company is a pioneer of global distributed collaboration, with 1200+ colleagues in 75+ countries and very few office-based roles. Teams meet two to four times yearly in person, in interesting locations around the world, to align on strategy and execution. The company is founder-led, profitable, and growing. We are hiring Rust Engineering Leads of all levels of experience to drive the adoption of this exciting language into the full range of Canonical offerings, starting with Ubuntu but also our own projects and open source offerings. We see Rust as an important new language for system level services and capabilities, and a natural evolution path for the sort of software that would traditionally have been written in C or C++. We believe that there is an opportunity to rethink the foundations of future Linux systems with Rust as a central driver of change in everything from the system firmware and embedded software, bootloaders, up through the kernel and input handling, all the way to the desktop. We also want to ensure that Ubuntu is the very best platform for Rust development, offering easy access to the widest range of tooling and capabilities that support cutting edge open source and enterprise development. This job posting is our general process for Rust engineers of all levels of seniority, for all relevant teams at Canonical. Apply here if you are an exceptional software engineer who prefers to work in Rust. After the first round of interviews we’ll find the best fit product team at Canonical for you to progress your application based on your personal interests. Canonical has substantial projects in Python, Go, C, C++ and we are starting to invest in Rust. For front-end development we prefer React and Flutter. Join us in our mission to deliver innovative open-source solutions to individuals and enterprises around the world. We expect the highest engineering standards and strong motivation to get things done well in a fully home-based and distributed environment. These roles require extensive personal experience with Linux - the more different versions of Linux the better! Location : we have open roles for Rust engineers in every time zone. What your day will look like Design and implement well-tested and well-documented software in Rust Advocate for Rust adoption in Canonical and upstream projects Identify projects and codebases that could be prioritised for Rust adoption Debug and fix issues encountered by your users Participate in our engineering process through code and architectural reviews Collaborate with community and colleagues on technical specifications Seek improvements to engineering and operations practices In some cases, deploy and operate services developed by the team Contribute to the success of your product through technical advocacy What we are looking for in you An exceptional academic track record from both high school and university Undergraduate degree in Computer Science or STEM, or a compelling narrative about your alternative path For more senior roles, experience building, deploying, and operating distributed systems and APIs Drive and a track record of going above-and-beyond expectations Well-organised, self-starting and able to deliver to schedule Appreciative of diversity, polite and effective in a multi-cultural, multi-national organisation Professional manner interacting with colleagues, partners, and community Experience designing and writing high-quality Rust software on Linux Experience with and passion for Linux at the system level Professional written and spoken English The work ethic and confidence to shine alongside motivated colleagues Excellent interpersonal skills, curiosity, flexibility, and accountability Passion, thoughtfulness, and self-motivation Result-oriented, with a personal drive to meet commitments Ability to travel twice a year, for company events up to two weeks each Nice-to-have skills we would value Experience developing for Ubuntu Experience with LXD, MicroK8s, SnapD, IoT, Juju, Ubuntu Core, Ubuntu Pro Performance engineering and security experience What we offer colleagues We consider geographical location, experience, and performance in shaping compensation worldwide. We revisit compensation annually (and more often for graduates and associates) to ensure we recognise outstanding performance. In addition to base pay, we offer a performance-driven annual bonus or commission. We provide all team members with additional benefits, which reflect our values and ideals. We balance our programs to meet local needs and ensure fairness globally. Distributed work environment with twice-yearly team sprints in person Personal learning and development budget of USD 2,000 per year Annual compensation review Recognition rewards Annual holiday leave Maternity and paternity leave Employee Assistance Programme Opportunity to travel to new locations to meet colleagues Priority Pass, and travel upgrades for long haul company events About Canonical Canonical is a pioneering tech firm at the forefront of the global move to open source. As the company that publishes Ubuntu, one of the most important open-source projects and the platform for AI, IoT, and the cloud, we are changing the world of software. We recruit on a global basis and set a very high standard for people joining the company. We expect excellence; in order to succeed, we need to be the best at what we do. Most colleagues at Canonical have worked from home since our inception in 2004.​ Working here is a step into the future and will challenge you to think differently, work smarter, learn new skills, and raise your game. Canonical is an equal opportunity employer We are proud to foster a workplace free from discrimination. Diversity of experience, perspectives, and background create a better work environment and better products. Whatever your identity, we will give your application fair consideration. #LI-remote",Anywhere,Anywhere,Remote,1,Anywhere,Software Engineering,Software Engineering,Full-Time,Senior,,,,2026-08-22T17:00:07+00:00,,Software & IT,https://jobicy.com/jobs/149566-rust-engineering-lead-linux-and-open-source,2026-08-24T19:35:11.522586+00:00
eca1134b3db72278,Jobicy,149565,Ubuntu Security Engineer,Canonical Ltd.,"Canonical is a leading provider of open source software and operating systems to the global enterprise and technology markets. Our platform, Ubuntu, is very widely used in breakthrough enterprise initiatives such as public cloud, data science, AI, engineering innovation, and IoT. Our customers include the world's leading public cloud and silicon providers, and industry leaders in many sectors. The company is a pioneer of global distributed collaboration, with 1200+ colleagues in 75+ countries and very few office-based roles. Teams meet two to four times yearly in person, in interesting locations around the world, to align on strategy and execution. The company is founder-led, profitable, and growing. Canonical is building a team dedicated to providing security coverage across a wide range of ecosystems and environments, working to make the world a better, safer place. We are hiring an Ubuntu Security Engineer to join an industry-leading security engineering team and help protect the open source community and Ubuntu users from emerging threats. We are looking for candidates across all levels of experience, from Graduate to Senior. As part of the Ubuntu Security Team, you will work with some of the best and brightest people in technology to monitor, triage, respond to, and document new and existing vulnerabilities in open source software. You will collaborate with internal teams and external partners to identify issues, prioritize them, and coordinate remediation. This is an engineering-focused role that may also involve activities such as producing security assessments, building features, conducting code reviews, developing internal tools, engaging with the open source community, and participating in industry initiatives and events. This role requires international travel at least twice a year, usually for one week. It also requires the ability to be productive in a globally distributed team through self-discipline and self-motivation. Location: Worldwide, this is a globally remote role The role entails Analyzing, fixing, and testing vulnerabilities in open source packages Keeping track of vulnerabilities in the Ubuntu ecosystem as they are discovered, researched, and fixed, leveraging internal tools Collaborating with other teams in the Ubuntu community and upstream developers, as needed, to exchange or develop vulnerability patches and ensure that Ubuntu includes the most robust security features Auditing source code for vulnerabilities Building features and tools to help teams strengthen the security of their products and contribute to the overall security of Ubuntu What we are looking for in you You have a thorough understanding of the common categories of security vulnerabilities and techniques for fixing them You are familiar with coordinated disclosure practices You are familiar with open source development tools and methodologies You are skilled in one or more of C, Python, Go, Rust, Java, Ruby, PHP or JavaScript/TypeScript You have excellent logic, problem-solving, troubleshooting, and decision-making skills You can clearly and effectively communicate with the team and Ubuntu community members Experience with Linux (Debian or Ubuntu preferred) Excellent interpersonal skills, curiosity, flexibility, and accountability Appreciative of diversity, polite, and effective in a multi-cultural, multi-national organization Thoughtfulness and self-motivation Result-oriented, with a personal drive to meet commitments What we offer colleagues We consider geographical location, experience, and performance in shaping compensation worldwide. We revisit compensation annually (and more often for graduates and associates) to ensure we recognize outstanding performance. In addition to base pay, we offer a performance-driven annual bonus or commission. We provide all team members with additional benefits which reflect our values and ideals. We balance our programs to meet local needs and ensure fairness globally. Distributed work environment with twice-yearly team sprints in person Personal learning and development budget of USD 2,000 per year Annual compensation review Recognition rewards Annual holiday leave Maternity and paternity leave Team Member Assistance Program &amp; Wellness Platform Opportunity to travel to new locations to meet colleagues Priority Pass and travel upgrades for long-haul company events About Canonical Canonical is a pioneering tech firm at the forefront of the global move to open source. As the company that publishes Ubuntu, one of the most important open-source projects and the platform for AI, IoT, and the cloud, we are changing the world of software. We recruit on a global basis and set a very high standard for people joining the company. We expect excellence; in order to succeed, we need to be the best at what we do. Most colleagues at Canonical have worked from home since our inception in 2004.​ Working here is a step into the future and will challenge you to think differently, work smarter, learn new skills, and raise your game. Canonical is an equal opportunity employer We are proud to foster a workplace free from discrimination. Diversity of experience, perspectives, and background create a better work environment and better products. Whatever your identity, we will give your application fair consideration. #LI-remote",Anywhere,Anywhere,Remote,1,Anywhere,Cybersecurity,Cybersecurity,Full-Time,Midweight,,,,2026-08-22T17:00:05+00:00,,Cybersecurity,https://jobicy.com/jobs/149565-ubuntu-security-engineer,2026-08-24T19:35:11.523134+00:00
23ce14d0a24e49c1,Jobicy,149563,"Python and Kubernetes Software Engineer - Data, Workflows, AI/ML & Analytics",Canonical Ltd.,"Canonical is a leading provider of open source software and operating systems to the global enterprise and technology markets. Our platform, Ubuntu, is very widely used in breakthrough enterprise initiatives such as public cloud, data science, AI, engineering innovation and IoT. Our customers include the world's leading public cloud and silicon providers, and industry leaders in many sectors. The company is a pioneer of global distributed collaboration, with 1000+ colleagues in 70+ countries and very few roles based in offices. Teams meet two to four times yearly in person, in interesting locations around the world, to align on strategy and execution. The company is founder led, profitable and growing. We are hiring Python and Kubernetes Specialist Engineers focused on Data, Workflows, AI/ML and Analytics Solutions to join our teams building open source solutions for public cloud and private infrastructure. As a software engineer on the team, you'll collaborate on end-to-end data analytics and MLOps solutions composed of popular, open-source, machine learning tools, such as Kubeflow, MLFlow, DVC, and Feast. You may also work on ETL, data governance and visualization tools like Apache SuperSet, dbt, workflow orchestration tools such as Airflow and Temporal, or data warehouse solutions such as Apache Trino, or ClickHouse. These solutions may be run on servers or on the cloud, on machines or on Kubernetes, on developer desktops, or as web services. We serve the needs of individuals and community members as much as the needs of our Global 2000 and Fortune 500 customers; we make our primary work available free of charge and our Pro subscriptions are also available to individuals for personal use at no cost. Our goal is to enable more people to enjoy the benefits of open source, regardless of their circumstances. Location: This initiative spans many teams that are home-based and in multiple time zones. We believe in distributed collaboration but we also try to ensure that colleagues have company during their work hours! Successful candidates will join a team where most members and your manager are broadly in the same time zone so that you have the benefits of constant collaboration and discussion. What your day will look like Develop your understanding of the entire Linux stack, from kernel, networking, and storage, to the application layer Design, build and maintain solutions that will be deployed on public and private clouds and local workstations Master distributed systems concepts such as observability, identity, tracing Work with both Kubernetes and machine-oriented open source applications Collaborate proactively with a distributed team of engineers, designers and product managers Debug issues and interact in public with upstream and Ubuntu communities Generate and discuss ideas, and collaborate on finding good solutions What we are looking for in you Professional or academic software delivery using Python Exceptional academic track record from both high school and university Undergraduate degree in a technical subject or a compelling narrative about your alternative chosen path Confidence to respectfully speak up, exchange feedback, and share ideas without hesitation Track record of going above-and-beyond expectations to achieve outstanding results Passion for technology evidenced by personal projects and initiatives The work ethic and confidence to shine alongside motivated colleagues Professional written and spoken English with excellent presentation skills Experience with Linux (Debian or Ubuntu preferred) Excellent interpersonal skills, curiosity, flexibility, and accountability Appreciative of diversity, polite and effective in a multi-cultural, multi-national organisation Thoughtfulness and self-motivation Result-oriented, with a personal drive to meet commitments Ability to travel twice a year, for company events up to two weeks long Additional skills that would be nice to have The following skills may be helpful to you in the role, but we don't expect everyone to bring all of them. Proven track record of building highly automated machine learning solutions, data pipelines, or orchestrating workflows for the cloud. Hands-on experience with machine learning libraries, or tools. Experience with container technologies (Docker, LXD, Kubernetes, etc.) Experience with public clouds (AWS, Azure, Google Cloud) Working knowledge of cloud computing Passionate about software quality and testing Experience working on an open source project What we offer colleagues We consider geographical location, experience, and performance in shaping compensation worldwide. We revisit compensation annually (and more often for graduates and associates) to ensure we recognise outstanding performance. In addition to base pay, we offer a performance-driven annual bonus or commission. We provide all team members with additional benefits, which reflect our values and ideals. We balance our programs to meet local needs and ensure fairness globally. Distributed work environment with twice-yearly team sprints in person Personal learning and development budget of USD 2,000 per year Annual compensation review Recognition rewards Annual holiday leave Maternity and paternity leave Employee Assistance Programme Opportunity to travel to new locations to meet colleagues Priority Pass, and travel upgrades for long haul company events About Canonical Canonical is a pioneering tech firm at the forefront of the global move to open source. As the company that publishes Ubuntu, one of the most important open source projects and the platform for AI, IoT and the cloud, we are changing the world of software. We recruit on a global basis and set a very high standard for people joining the company. We expect excellence - in order to succeed, we need to be the best at what we do. Most colleagues at Canonical have worked from home since its inception in 2004.​ Working here is a step into the future, and will challenge you to think differently, work smarter, learn new skills, and raise your game. Canonical is an equal opportunity employer We are proud to foster a workplace free from discrimination. Diversity of experience, perspectives, and background create a better work environment and better products. Whatever your identity, we will give your application fair consideration. #LI-remote",Anywhere,Anywhere,Remote,1,Anywhere,Software Engineering,Software Engineering,Full-Time,Any,,,,2026-08-22T17:00:04+00:00,,Software & IT,https://jobicy.com/jobs/149563-python-and-kubernetes-software-engineer-data-workflows-ai-ml-analytics,2026-08-24T19:35:11.523816+00:00
6c2f7658fce1a735,Jobicy,149567,Embedded & Desktop Linux Systems Engineer - Optimisation,Canonical Ltd.,"Work across the full Linux stack from kernel through GUI to optimise Ubuntu, the world’s most widely used Linux desktop and server, for the latest silicon. The role is a fast-paced, problem-solving role that’s challenging yet very exciting. The right candidate must be resourceful, articulate, and able to deliver on a wide variety of solutions across PC and IoT technologies. Our teams partner with specialist engineers from major silicon companies to integrate next-generation features and performance enhancements for upcoming hardware. Location: This is a Globally remote role What your day will look like Design and implement the best Ubuntu integration for the latest IoT and server-class hardware platforms and software stacks Work with partners to deliver a delightful, optimised, first class Ubuntu experience on their platforms Take a holistic approach to the Ubuntu experience on partner platforms with inputs on technical plans, testing strategy, quality metrics Participate as technical lead on complex customer engagements involving complete system architectures from cloud to edge Help our customers integrate their apps, SDKs, build device OS images, optimize applications with Ubuntu Core, Desktop and Server Work with the most advanced operating systems and application technologies available in the enterprise world. Joining Canonical, you will partner with bright minds from all over the world, and work with an exciting set of new technologies in a fast growing company with a truly unique and ambitious vision to build a better platform with free software. You will work with customers on exciting IoT and server platforms and technologies, built to support different verticals: from robots to data centers, from telco to retail. What we are looking for in you You love technology and working with brilliant people You have a Bachelor’s degree in Computer Science, STEM or similar You have experience with Linux packaging (Debian, RPM, Yocto) You have experience working with open source communities and licences You have experience working with C, C++ You can work in a globally distributed team through self-discipline and self-motivation. Additional skills that you might also bring Experience with graphics stacks Good understanding of networking - TCP/IP, DHCP, HTTP/REST Basic understanding of security best practices in IoT or server environments Good communication skills, ideally public speaking experience IoT / Embedded experience – from board and SoC, BMCs, bootloaders and firmware to OS, through apps and services Some experience with Docker/OCI containers/K8s What we offer you Your base pay will depend on various factors including your geographical location, level of experience, knowledge and skills. In addition to the benefits above, certain roles are also eligible for additional benefits and rewards including annual bonuses and sales incentives based on revenue or utilisation. Our compensation philosophy is to ensure equity right across our global workforce. In addition to a competitive base pay, we provide all team members with additional benefits, which reflect our values and ideals. Please note that additional benefits may apply depending on the work location and, for more information on these, you can ask in the later stages of the recruitment process. Fully remote working environment - we’ve been working remotely since 2004! Personal learning and development budget of 2,000USD per annum Annual compensation review Recognition rewards Annual holiday leave Parental Leave Employee Assistance Programme Opportunity to travel to new locations to meet colleagues at ‘sprints’ Priority Pass for travel and travel upgrades for long haul company events About Canonical Canonical is a pioneering tech firm that is at the forefront of the global move to open source. As the company that publishes Ubuntu, one of the most important open source projects and the platform for AI, IoT and the cloud, we are changing the world on a daily basis. We recruit on a global basis and set a very high standard for people joining the company. We expect excellence - in order to succeed, we need to be the best at what we do. Canonical has been a remote-first company since its inception in 2004.​ Work at Canonical is a step into the future, and will challenge you to think differently, work smarter, learn new skills, and raise your game. Canonical provides a unique window into the world of 21st-century digital business. Canonical is an equal opportunity employer We are proud to foster a workplace free from discrimination. Diversity of experience, perspectives, and background create a better work environment and better products. Whatever your identity, we will give your application fair consideration. #LI-remote",Anywhere,Anywhere,Remote,1,Anywhere,Software Engineering,Software Engineering,Full-Time,Senior,,,,2026-08-22T17:00:02+00:00,,Software & IT,https://jobicy.com/jobs/149567-embedded-desktop-linux-systems-engineer-optimisation,2026-08-24T19:35:11.524326+00:00
ee9fd4f7e0c348c3,Jobicy,149570,Engineering Manager - Ubuntu Linux Kernel,Canonical Ltd.,"Canonical, the company behind the Ubuntu Linux distribution, is searching for highly skilled senior software engineers, tech leads, or team leads who are ready to take the next step in their careers by transitioning into engineering management. As a Kernel Engineering Manager, you will step into a pivotal leadership role overseeing the engineers who build, maintain, and optimize the Linux kernel that powers millions of systems globally. Our platform, Ubuntu, is in widespread use in breakthrough enterprise initiatives such as public cloud, data science, AI, engineering innovation, and IoT. You will collaborate closely with the world's leading public cloud and silicon providers to deliver a world-class operating system. We do not require prior direct people management experience for this role. Instead, we are looking for individuals who possess a solid technical foundation, a proven track record of technical leadership or project delivery, and a strong desire to learn how to lead complex, system-level projects and the engineers who build them. The company is founder-led, profitable, and growing, making this an exceptional opportunity to grow your career into the core of open-source technology leadership. Location: Working from home, worldwide. We have kernel teams and openings in every time zone and with the notable exception of Taipei, Taiwan, have no offices and therefore no pressure to work from an office. The role entails Transition from individual contribution or technical leadership into full-time people and project management. Lead and mentor a globally distributed team of talented Linux kernel engineers. Manage the delivery, testing, and maintenance of Ubuntu kernels across various platforms (cloud, server, desktop, and IoT). Drive engineering excellence, ensuring code quality, security, and performance standards are met consistently. Develop and execute team strategies, aligning with broader company goals and product roadmaps. Collaborate with silicon vendors, cloud partners, and internal Canonical teams to enable new hardware and features. Own the release cycles and update cadence for your team's kernel portfolios. Foster a culture of continuous learning, feedback, open-source collaboration, and accountability within the team. What we are looking for in you Proven experience as a Senior Software Engineer, Tech Lead, or similar role with a strong desire to transition into a formal management position (no prior direct management experience required). Solid technical background in systems software, C programming, or operating systems concepts. Direct experience with the Linux or other operating system kernels would be highly regarded, but is not essential. Prior experience developing with software packaging formats, with direct Ubuntu/Debian/Snap experience being highly regarded. Demonstrated ability to mentor junior engineers, guide complex technical projects, or drive architectural decisions. Leadership potential and a commitment to skills development and mentorship. Confidence to respectfully speak up, exchange feedback, and share ideas without hesitation. Professional written and spoken English with excellent presentation skills. Ability to travel internationally twice a year for company events up to two weeks long. Nice-to-have skills Experience acting as a scrum master, project lead, or informal mentor for remote teams. Direct experience contributing to or participating in the Linux kernel community. Familiarity with continuous integration (CI) and automated testing frameworks for systems software. What we offer colleagues We consider geographical location, experience, and performance in shaping compensation worldwide. We revisit compensation annually (and more often for graduates and associates) to ensure we recognize outstanding performance. In addition to base pay, we offer a performance-driven annual bonus or commission. We provide all team members with additional benefits which reflect our values and ideals. We balance our programs to meet local needs and ensure fairness globally. Distributed work environment with twice-yearly team sprints in person Personal learning and development budget of USD 2,000 per year Annual compensation review Recognition rewards Annual holiday leave Maternity and paternity leave Team Member Assistance Program &amp; Wellness Platform Opportunity to travel to new locations to meet colleagues Priority Pass and travel upgrades for long-haul company events About Canonical Canonical is a pioneering tech firm at the forefront of the global move to open source. As the company that publishes Ubuntu, one of the most important open-source projects and the platform for AI, IoT, and the cloud, we are changing the world of software. We recruit on a global basis and set a very high standard for people joining the company. We expect excellence; in order to succeed, we need to be the best at what we do. Most colleagues at Canonical have worked from home since our inception in 2004.​ Working here is a step into the future and will challenge you to think differently, work smarter, learn new skills, and raise your game. Canonical is an equal opportunity employer We are proud to foster a workplace free from discrimination. Diversity of experience, perspectives, and background create a better work environment and better products. Whatever your identity, we will give your application fair consideration. #LI-remote",Anywhere,Anywhere,Remote,1,Anywhere,Product &amp; Operations,Product &amp; Operations,Full-Time,Midweight,,,,2026-08-22T16:55:07+00:00,,Software & IT,https://jobicy.com/jobs/149570-engineering-manager-ubuntu-linux-kernel,2026-08-24T19:35:11.524892+00:00
318330f0278092d2,Jobicy,149572,Engineering Manager - Ubuntu Security,Canonical Ltd.,"As the most widely used Linux distribution, Ubuntu underpins the security of the entire internet. The role of Security Engineering Manager directly impacts the safety and security of millions of users worldwide. Join a team of security experts dedicated to protecting the open-source ecosystem and driving innovation. Your leadership will be instrumental in addressing emerging threats, developing robust security measures, and ensuring the continued integrity of Ubuntu. This is an opportunity to make a tangible difference and leave a lasting legacy on the digital landscape. The security engineering team's first responsibility is to respond to emerging threats and aim to secure the open source ecosystem for community and enterprise use. Your work will improve the security of millions of people, by addressing potential CVEs and vulnerabilities alongside the lifecycle of Canonical products such as Ubuntu. You will engage directly with our community and customers, as well as coordinating efforts across multiple engineering teams and projects to make this happen. An Engineering Manager is responsible for line management and career guidance. The ability to develop engineering talent, to represent your team and product from a technical perspective, and to drive collaboration with other teams and customers are all critical to success in this role. What you will do in this role Lead and develop a team of engineers, ranging from graduate to senior Provide technical guidance on vulnerability remediation Drive the development of new security engineering projects Work with upstream open source projects on vulnerability lifecycle handling Coach, mentor, and offer career development feedback Identify and measure team health indicators Implement disciplined engineering processes Represent your team and product to stakeholders, partners, and customers Develop and evangelise great engineering and organisational practices Plan and manage progress on agreed goals and projects Be an active part of the security engineering leadership team, collaborating with other leaders What we are looking for in you An exceptional academic track record from both high school and university Undergraduate degree in Computer Science or STEM, or a compelling narrative about your alternative path Drive, and a track record of going above-and-beyond expectations Excellent verbal and written communication skills in English A love of developing and growing people and a track record of it Organised and able to ensure your team delivers timely, high quality results Professional manner interacting with colleagues, partners, and community Solid background in software development, including expertise in support and maintenance Mastery in any programming language (Go, Java, C, Python, ...) Knowledgeable and passionate about software and application security Solid experience working in an agile development environment A demonstrated drive for continual learning Builds trust, relationships and confidence Result-oriented, with a personal drive to meet commitments Ability to travel twice a year, for company events up to two weeks each Optional things we value Strong technical understanding of the inner-workings of Linux distributions (ideally Ubuntu or Debian) What we offer you We consider geographical location, experience, and performance in shaping compensation worldwide. We revisit compensation annually (and more often for graduates and associates) to ensure we recognise outstanding performance. In addition to base pay, we offer a performance-driven annual bonus. We provide all team members with additional benefits, which reflect our values and ideals. We balance our programs to meet local needs and ensure fairness globally. Distributed work environment with twice-yearly team sprints in person Personal learning and development budget of USD 2,000 per year Annual compensation review Recognition rewards Annual holiday leave Maternity and paternity leave Employee Assistance Programme Opportunity to travel to new locations to meet colleagues Priority Pass, and travel upgrades for long haul company events About Canonical Canonical is a pioneering tech firm at the forefront of the global move to open source. As the company that publishes Ubuntu, one of the most important open source projects and the platform for AI, IoT and the cloud, we are changing the world on a daily basis. We recruit on a global basis and set a very high standard for people joining the company. We expect excellence - in order to succeed, we need to be the best at what we do. Canonical has been a remote-first company since its inception in 2004.​ Working here is a step into the future, and will challenge you to think differently, work smarter, learn new skills, and raise your game. Canonical is an equal opportunity employer We are proud to foster a workplace free from discrimination. Diversity of experience, perspectives, and background create a better work environment and better products. Whatever your identity, we will give your application fair consideration. #LI-remote",Anywhere,Anywhere,Remote,1,Anywhere,Product &amp; Operations,Product &amp; Operations,Full-Time,Midweight,,,,2026-08-22T16:55:05+00:00,,Software & IT,https://jobicy.com/jobs/149572-engineering-manager-ubuntu-security,2026-08-24T19:35:11.525141+00:00
c7e37580cb4fc738,Jobicy,149569,Cloud Engineering Manager,Canonical Ltd.,"Canonical is a leading provider of open source software and operating systems to the global enterprise and technology markets. Our platform, Ubuntu, is very widely used in breakthrough enterprise initiatives such as public cloud, data science, AI, engineering innovation, and IoT. Our customers include the world's leading public cloud and silicon providers, and industry leaders in many sectors. The company is a pioneer of global distributed collaboration, with 1200+ colleagues in 75+ countries and very few office-based roles. Teams meet two to four times yearly in person, in interesting locations around the world, to align on strategy and execution. The company is founder-led, profitable, and growing. We are hiring an Engineering Manager ... This role is an opportunity for a technologist with a passion for Linux and Cloud technologies to build a career with Canonical and drive the success with those leveraging Ubuntu and open source products. If you have an affinity for open source development and a passion for technology, then you will enjoy working with some of the best people in the industry at Canonical. The BootStack team designs, builds, and operates modern distributed systems on private infrastructure for customers. From Kubernetes to OpenStack and everything in-between, you’ll be working with the latest technology in a fast-paced engineering environment. As a Cloud Engineering Manager for the BootStack team, you will be responsible for managing the engineers that oversee day-to-day Managed Service of customer environments, including customer service management, managed services operations and consistent product improvement engineering. Collaboration with customers, product engineering, and operations is critical to success. Location: This is a globally remote role. The role entails Manage a growing engineering team to optimise the quality and velocity of both development and operations Identify and measure team health indicators Implement disciplined engineering and operations processes Represent the BootStack team with respect to stakeholders, customers, and external teams Ensure proper team focus on priorities, milestones, and deliverables Work to meet service level agreements with customer deployments around the globe Deliver quality managed services in a consistent, timely manner What we are looking for in you Bachelors (or equivalent) education in a technology field Proven track record of professional experience of either software delivery using Python, Go, C, C++, Java, or similar and/or managing operations teams Proven experience with OpenStack Demonstrated strong commitment to testing methodologies and maintainable code quality Experience with Linux system administration, Ubuntu/Debian a plus Strong communication and cooperation skills Experience with agile software development methodologies Experience working in and managing distributed teams Technical aptitude for understanding complex distributed systems Experience with cloud topologies and technologies Travel to team and company events and customer meetings, roughly 20% or less What we offer colleagues We consider geographical location, experience, and performance in shaping compensation worldwide. We revisit compensation annually (and more often for graduates and associates) to ensure we recognize outstanding performance. In addition to base pay, we offer a performance-driven annual bonus or commission. We provide all team members with additional benefits which reflect our values and ideals. We balance our programs to meet local needs and ensure fairness globally. Distributed work environment with twice-yearly team sprints in person Personal learning and development budget of USD 2,000 per year Annual compensation review Recognition rewards Annual holiday leave Maternity and paternity leave Team Member Assistance Program &amp; Wellness Platform Opportunity to travel to new locations to meet colleagues Priority Pass and travel upgrades for long-haul company events About Canonical Canonical is a pioneering tech firm at the forefront of the global move to open source. As the company that publishes Ubuntu, one of the most important open-source projects and the platform for AI, IoT, and the cloud, we are changing the world of software. We recruit on a global basis and set a very high standard for people joining the company. We expect excellence; in order to succeed, we need to be the best at what we do. Most colleagues at Canonical have worked from home since our inception in 2004.​ Working here is a step into the future and will challenge you to think differently, work smarter, learn new skills, and raise your game. Canonical is an equal opportunity employer We are proud to foster a workplace free from discrimination. Diversity of experience, perspectives, and background create a better work environment and better products. Whatever your identity, we will give your application fair consideration. #LI-remote",Anywhere,Anywhere,Remote,1,Anywhere,DevOps &amp; Infrastructure,DevOps &amp; Infrastructure,Full-Time,Midweight,,,,2026-08-22T16:55:04+00:00,,Cloud & DevOps,https://jobicy.com/jobs/149569-cloud-engineering-manager,2026-08-24T19:35:11.525355+00:00
110b0c3326ff3fd4,Jobicy,149571,Software Engineering Director,Canonical Ltd.,"This is the general track for Engineering Director at Canonical, apply here if you are confident to run a project which spans teams and time zones, hiring and managing engineering managers and staff engineers. Canonical’s largest software products are built by multiple teams working together under a single director of engineering. Once you have passed the first round of interviews we will discuss specific software products which would be a good fit for your interests. We believe that open source is just starting to transform the tech sector and enterprise compute. Our goal is to make open source easier, more reliable and more secure for deployment and development. We strive to be the provider of ‘most software to most companies’. To deliver on that ambition, our engineers are carefully selected from the applicants across the globe. We select for brilliance and motivation to take open source to the next level. Our engineering directors set the pace and the direction to help teams achieve more than they realised they could, and feel proud of the result. Even though this is a senior management position, managing managers, we expect Engineering Directors to be outstanding developers with the confidence to lead by example across the full range of activities in their teams. You need to understand what great code looks like in the language and genre of your product - whether that is a web service, or a system daemon, or a desktop application, or a distributed system. You’ll need to know how to drive testing and benchmarking to improve the clarity in your teams around quality and performance. You’ll also need to be confident to set and defend high expectations of work ethic, consistency, focus and learning. We have director level roles across a wide range of engineering domains, including: Python and Golang C / C++ / Rust Data infrastructure HTML / CSS / JavaScript / Typescript / React Flutter Distro packaging and systems SAAS and web microservices Kernel Servers Graphics, Browser and Desktop Silicon enablement and embedded devices Product Security If your domain of expertise isn’t listed above, yet you feel it’s relevant to Canonical, then feel free to apply anyway. We will route you to the most suitable team. Location: The role is remote, with positions available in all time zones. It includes a requirement for global travel for twice per year, for trips up to two weeks long. What you’ll do Lead multiple teams of engineers, ranging from graduate to senior Develop your engineering managers and maintain Canonical culture Hire staff level engineers for specific roles like performance and quality Coach, mentor, and offer career development feedback Identify and measure indicators of team health and productivity Ensure rounded delivery including community participation and docs Implement disciplined engineering processes and defend them Set and measure progress against benchmark goals for speed and efficiency Represent your product to stakeholders, partners, and customers Develop and evangelise great engineering and organisational practices Plan and manage progress on agreed goals and projects Be an active part of the leadership team, collaborating with other leaders Collaborate with leads for related or dependent products What we’re looking for in you An exceptional academic track record from both high school and university Undergraduate degree in Computer Science or STEM, or a compelling narrative about your alternative path Extensive management experience and confidence to set high expectations Outstanding Linux based software engineering track record Drive and a track record of going above-and-beyond expectations Excellent verbal and written communication skills in English Public speaking and presentation skills A love of developing and growing people and a track record of it Experience in leading, coaching and mentoring software developers Organised and able to ensure your team delivers timely, high quality results Well-organised, self-starting and able to deliver to schedule Professional manner interacting with colleagues, partners, and community You have advanced expertise in your own domain You are knowledgeable and passionate about software development You have solid experience working in an agile development environment You have a demonstrated drive for continual learning Builds trust, relationships and confidence Result-oriented, with a personal drive to meet commitments Ability to travel twice a year, for company events up to two weeks each Additional skills we value Experience in a developer advocacy or community role Open source community engagement and leadership Ops and system administration experience Performance engineering and security experience What we offer you We consider geographical location, experience, and performance in shaping compensation worldwide. We revisit compensation annually (and more often for graduates and associates) to ensure we recognise outstanding performance. In addition to base pay, we offer a performance-driven annual bonus. We provide all team members with additional benefits, which reflect our values and ideals. We balance our programs to meet local needs and ensure fairness globally. Distributed work environment with twice-yearly team sprints in person Personal learning and development budget of USD 2,000 per year Annual compensation review Recognition rewards Annual holiday leave Maternity and paternity leave Employee Assistance Programme Opportunity to travel to new locations to meet colleagues Priority Pass, and travel upgrades for long haul company events About Canonical Canonical is a pioneering tech firm at the forefront of the global move to open source. As the company that publishes Ubuntu, one of the most important open source projects and the platform for AI, IoT and the cloud, we are changing the world on a daily basis. We recruit on a global basis and set a very high standard for people joining the company. We expect excellence - in order to succeed, we need to be the best at what we do. Canonical has been a remote-first company since its inception in 2004.​ Working here is a step into the future, and will challenge you to think differently, work smarter, learn new skills, and raise your game. Canonical is an equal opportunity employer We are proud to foster a workplace free from discrimination. Diversity of experience, perspectives, and background create a better work environment and better products. Whatever your identity, we will give your application fair consideration. #LI-remote",Anywhere,Anywhere,Remote,1,Anywhere,Product &amp; Operations,Product &amp; Operations,Full-Time,Director,,,,2026-08-22T16:55:03+00:00,,Software & IT,https://jobicy.com/jobs/149571-software-engineering-director,2026-08-24T19:35:11.525643+00:00
8e878b7d6c4b2c12,Jobicy,149568,Cloud Solutions Architect - Alliances,Canonical Ltd.,"Canonical is a leading provider of open source software and operating systems to the global enterprise and technology markets. Our platform, Ubuntu, is very widely used in breakthrough enterprise initiatives such as public cloud, data science, AI, engineering innovation and IoT. Our customers include the world's leading public cloud and silicon providers, and industry leaders in many sectors. The company is a pioneer of global distributed collaboration, with 1000+ colleagues in 70+ countries and very few roles based in offices. Teams meet two to four times yearly in person, in interesting locations around the world, to align on strategy and execution. The company is founder led, profitable and growing. We are hiring an Cloud Solutions Architect in our Alliances team to help our biggest partners (companies like Intel, Nvidia, Google, Dell, HP, Accenture, Tata and the like) understand and embrace our open source platform for themselves and their customers. Our worldwide field engineering team apply expert insights to real-world customer problems, enabling the enterprise adoption of Ubuntu, OpenStack, Kubernetes, AI/MLOps and a wide range of associated technologies. We are experts in the whole open source stack, from kernel to desktop, from cloud to the edge. Our team is also interested in business problems - building things reliably, efficiently and cost-effectively, and we have to learn to speak the language of our customers and their industries. We help global companies embrace public and private cloud infrastructure, cloud native operations, and open source applications. For this team we are looking for several Alliances Engineers to support OEM (hardware manufacturers), GSI (global system integrators), ISV (independent software vendors), Channel partners and Public Cloud alliance partners. You will support various alliances and partners of Canonical to adopt our products and technologies, help business leaders to define joint go-to-market programs with partners from the technical standpoint. We often say that our field engineers have 'the hardest job at Canonical' because customers can ask about any aspect of our solutions and products and expect a thoughtful, well-informed answer. We always want to do the best thing for our partners and customers, regardless of our company interests, and field engineers are the people we trust to ensure that is true. Location : This is a home-based role, we are hiring worldwide. What your day will look like Understand Ubuntu, Linux, networking and services in real-world environments Architect cloud infrastructure solutions like Kubernetes, Kubeflow, OpenStack, Ceph, and Spark either On-Premises or in Public Cloud (AWS, Azure, Google Cloud) Architect and integrate popular open source software such as PostgreSQL, MongoDB, Kafka, Cassandra and NGINX Help partners to offer and architect joint solutions utilizing Canonical’s technologies on top of the public clouds and in the data center Design and publish joint Reference Architectures and perform technical validations with various partners Prepare and run onboarding sessions/workshops with various partners’ teams to promote Canonical products and solutions If you have a passion for the latest open source technologies, cloud-native development, data center technologies such as Kubernetes and computer networking, you will love the Alliances Architect role at Canonical. What we are looking for in you Extensive experience with Linux (Ubuntu preferred), Kubernetes, Ceph, software automation Experience designing and implementing solutions on top of public or private clouds Python and bash understanding, troubleshooting skills Fluent written and spoken English Excellent communication and presentation skills High motivation, ability to multi-task and follow-up reliably on commitments Interest in customer-facing engagement, including pitching, demonstrating and understanding customer environment and needs Interest in new technologies like LXD, Juju and Snaps Ability to travel globally up to 30% of the time Degree in Computer Science, Mathematics, Physics or related technical field experience What we offer you We consider geographical location, experience, and performance in shaping compensation worldwide. We revisit compensation annually (and more often for graduates and associates) to ensure we recognise outstanding performance. In addition to base pay, we offer a performance-driven annual bonus. We provide all team members with additional benefits, which reflect our values and ideals. We balance our programs to meet local needs and ensure fairness globally. Distributed work environment with twice-yearly team sprints in person - we’ve been working remotely since 2004! Personal learning and development budget of USD 2,000 per year Annual compensation review Recognition rewards Annual holiday leave Maternity and paternity leave Employee Assistance Programme Opportunity to travel to new locations to meet colleagues from your team and others Priority Pass for travel and travel upgrades for long haul company events About Canonical Canonical is a pioneering tech firm that is at the forefront of the global move to open source. As the company that publishes Ubuntu, one of the most important open source projects and the platform for AI, IoT and the cloud, we are changing the world on a daily basis. We recruit on a global basis and set a very high standard for people joining the company. We expect excellence - in order to succeed, we need to be the best at what we do. Canonical has been a remote-first company since its inception in 2004.​ Work at Canonical is a step into the future, and will challenge you to think differently, work smarter, learn new skills, and raise your game. Canonical provides a unique window into the world of 21st-century digital business. Canonical is an equal opportunity employer We are proud to foster a workplace free from discrimination. Diversity of experience, perspectives, and background create a better work environment and better products. Whatever your identity, we will give your application fair consideration. #LI-Remote",Anywhere,Anywhere,Remote,1,Anywhere,Business Development,Business Development,Full-Time,Senior,,,,2026-08-22T16:55:02+00:00,,Software & IT,https://jobicy.com/jobs/149568-cloud-solutions-architect-alliances,2026-08-24T19:35:11.525911+00:00
796b7eb1654e6acd,Jobicy,151408,Senior Customer Success Engineer,Veeam Software,"Veeam is the Data and AI Trust Company, specializing in helping organizations ensure their data and AI are fully understood, secured, and resilient to enable the acceleration of safe AI at scale. As the market leader in both data resilience and data security posture management, Veeam is built for the convergence of identity, data, security, and AI risk. Headquartered in Seattle with offices in more than 30 countries, Veeam protects over 550,000 customers worldwide, who trust Veeam to keep their businesses running. Join us as we go fearlessly forward together, growing, learning, and making a real impact for some of the world’s biggest brands. About the Role The ideal candidate will be naturally collaborative, articulate, extremely organized, have a solid technical understanding of Veeam products, and motivated by maximizing customer success and outcomes. Soft skills combined with technical skills are key in this role. As a Customer Success Engineer, you are the primary technical owner driving long-term customer outcomes across the Veeam Data Platform. You’ll lead onboarding, adoption, and optimization; proactively identify churn risk, migrations, and upsell opportunities; and apply deep disaster recovery and resilience (DR&amp;R) expertise to conduct recovery simulations, DRMM assessments, and quarterly resilience reporting for measurable customer value What You’ll Do Configure customer accounts; customize backup policies and storage; facilitate onboarding; orient stakeholders; walk through admin portals; introduce support channels. Identify migration opportunities; analyze usage and environment; conduct success planning and strategy sessions; align business outcomes with product adoption. Conduct assessments; build protection plans; recommend software products and architectures across the Veeam Data Platform. Run recovery simulations; apply the Veeam Data Resilience Maturity Model (DRMM) to track and report resilience posture; deliver quarterly resilience reports. Monitor signals to detect churn risk early; define mitigation plans; partner on renewal strategy with actionable technical insights. Build business cases; define TCO; articulate value propositions for expansion; schedule checkpoint reviews with stakeholders. Engage CISO/CIO stakeholders with clear risk, status, and opportunity updates; support context for executive discussions and roadmap alignment. Collaborate on marketing-informed campaigns and plays to drive adoption and expansion. Operate with a long-term account assignment model tied to ARR and growth potential, typically covering 5–50 Enterprise and Commercial-Named accounts with $100K+ ARR. Own the technical success plan and adoption roadmap; influence pricing, commercial terms, and renewal terms in partnership with Sales and CS leadership What You’ll Bring 5+ years in customer-facing engineering roles focused on data backup and recovery (e.g., Technical Consulting, Pre-Sales SE, Technical Account Manager); this is a mid-level role. Advanced level of English Hands-on expertise across operating systems, virtualization, storage, scripting/automation, cloud platforms, and DR&amp;R best practices. Strong experience designing and executing protection plans, migrations, and recovery simulations; familiarity with Veeam platform capabilities is a plus. VMCE certification required (may be completed post-hire within an agreed timeframe). Preferred industry certifications: AWS Solutions Architect (Associate/Professional), Microsoft Azure Administrator or Solutions Architect Expert Proven ability to translate business outcomes into technical adoption roadmaps and measurable value. Executive stakeholder engagement skills (CISO/CIO) with the ability to synthesize technical, business, and risk signals into clear recommendations. Excellent communication, cross-functional collaboration, and stakeholder management skills. What You’ll Get 24 days for first 2 years, increasing to 30 days after 2 years of service, plus 4 extra global VeeaMe Days for self-care and 24 paid volunteer hours annually through Veeam Cares Private medical insurance for employees, spouses, and dependents Life and Disability insurance with AD&amp;D coverage equal to 3x annual salary. Free Employee Assistance Program (EAP) with up to 12 therapy sessions, plus legal and financial advice Housing allowance to help cover rental costs Education allowance for up to three dependent children Annual flight allowance for employees and their families Opportunities to learn and grow through on-demand libraries (LinkedIn Learning, O’Reilly), mentoring, workshops, and learning events like our annual Global Day of Learning #LI-AP1 Veeam Software is an equal opportunity employer and does not tolerate discrimination in any form on the basis of race, color, religion, gender, age, national origin, citizenship, disability, veteran status or any other classification protected by federal, state or local law. All your information will be kept confidential. Personal data collected during the recruitment process will be processed in accordance with our Recruiting Privacy Notice , which explains how your information is collected, used, and handled in connection with hiring activities. By applying for this position, you consent to this processing. By submitting your application, you confirm that the information provided, including any supporting documents, is complete and accurate to the best of your knowledge. Any misrepresentation, omission, or falsification may result in disqualification from consideration or, if discovered after employment begins, termination of employment.",UAE,UAE,Remote,1,UAE,Technical Support,Technical Support,Full-Time,Senior,,100000 -,USD,2026-08-22T16:51:36+00:00,,Software & IT,https://jobicy.com/jobs/151408-senior-customer-success-engineer,2026-08-24T19:35:11.526151+00:00
a739c9c46199f670,Jobicy,151406,Customer Success Engineer (Scaled),Deepgram,"Company Overview Deepgram is the leading platform underpinning the emerging trillion-dollar Voice AI economy, providing real-time APIs for speech-to-text (STT), text-to-speech (TTS), and building production-grade voice agents at scale. More than 200,000 developers and 1,300+ organizations build voice offerings that are ‘Powered by Deepgram’, including Twilio, Cloudflare, Sierra, Decagon, Vapi, Daily, Cresta, Granola, and Jack in the Box. Deepgram’s voice-native foundation models are accessed through cloud APIs or as self-hosted and on-premises software, with unmatched accuracy, low latency, and cost efficiency. Backed by a recent Series C led by leading global investors and strategic partners, Deepgram has processed over 50,000 years of audio and transcribed more than 1 trillion words. There is no organization in the world that understands voice better than Deepgram. Company Operating Rhythm At Deepgram, we expect an AI-first mindset—AI use and comfort aren’t optional, they’re core to how we operate, innovate, and measure performance. Every team member who works at Deepgram is expected to actively use and experiment with advanced AI tools, and even build your own into your everyday work. We measure how effectively AI is applied to deliver results, and consistent, creative use of the latest AI capabilities is key to success here. Candidates should be comfortable adopting new models and modes quickly, integrating AI into their workflows, and continuously pushing the boundaries of what these technologies can do. Additionally, we move at the pace of AI. Change is rapid, and you can expect your day-to-day work to evolve just as quickly. This may not be the right role if you’re not excited to experiment, adapt, think on your feet, and learn constantly, or if you’re seeking something highly prescriptive with a traditional 9-to-5. The Opportunity The Scaled Team is how Deepgram delivers world-class customer success to our fastest-growing segment — at scale. Instead of one CSE per account, you'll drive adoption, retention, and expansion across a large, pooled portfolio through a digital-first, one-to-many motion: automated customer journeys, programmatic outreach, self-serve enablement, and well-timed human touchpoints at the moments that matter most. This is a role for a deeply technical systems builder. You'll be as comfortable troubleshooting an API integration as designing the onboarding sequence, webinar, or automated workflow that helps hundreds of customers hit value faster. Your leverage doesn't come from how many meetings you take — it comes from the repeatable systems you build that make every customer feel like they have a dedicated engineer in their corner. Who You Are You're not a traditional CSM. You're a Customer Success Engineer who works at the intersection of APIs, customer outcomes, and scale — credible running demos, guiding integration and architecture decisions, and helping customers get from prototype to production. What sets you apart is the instinct to turn a one-off fix into something scalable: a playbook, an automation, a self-serve resource that solves the same problem for every customer who comes after. You've shipped something — an internal tool, an agent, a script, a pipeline, a customer-facing program — that permanently eliminated a class of problems for you, your team, or your customers. You're energized by serving a high volume of customers without dropping the quality bar. You ramp quickly on unfamiliar accounts, prioritize ruthlessly through a business-impact lens, and are comfortable working a shared, pooled book rather than a fixed set of named accounts. You have high EQ and a high learning index — you read a customer's situation fast and absorb technical and business complexity faster. You write exceptionally well, because your writing has to scale across hundreds of customers at once. And you question the status quo: the fact that we do something a certain way isn't evidence it's the best way. AI is how you work, not a tool you reach for occasionally. You've rebuilt a meaningful part of your workflow around it, and going back to the old way would feel like working with one hand tied behind your back. You'd refuse to. What You'll Do Own adoption, retention, and expansion across a large, pooled portfolio of Scaled-segment customers — through a one-to-many motion, not dedicated 1:1 coverage. Design and execute scalable customer journeys — digital onboarding sequences, automated lifecycle touchpoints, in-app guidance, self-serve resources — that drive fast time-to-first-value and consistent activation. Show up in person at the moments that matter: activation, technical blockers, expansion signals, renewal, and risk. Provide hands-on technical guidance — run and record demos, guide API integrations and architecture decisions, troubleshoot L1/L2 issues — for developer and technical audiences, backed by deep, current knowledge of Deepgram's APIs and how customers build on them. Build and maintain reusable enablement assets (demo scripts, integration guides, sample code, evaluation kits, playbooks, micro-videos) that customers and GTM teams can run without live support. Run one-to-many programs — webinars, office hours, education campaigns — that drive product adoption and surface expansion across the segment. Monitor account health, usage, and churn-risk signals across the portfolio and trigger proactive, prioritized outreach off the data. Identify and scope expansion opportunities (cross-sell, upsell, multi-product) at scale, partnering with Sales on higher-value plays. Serve as the voice of the customer internally, turning digital interactions and usage data into input on product roadmap, GTM strategy, and the internal tools we build. Track, analyze, and report portfolio-level KPIs: activation, adoption, usage, health, retention, expansion. Build the systems that make scaled success compound. If you catch yourself doing something manually more than twice — research, account summaries, follow-ups, content, technical investigation — your next move is to build the thing that removes it. Your output is measured not just by the customers you serve, but by the leverage you create for the whole segment. It's Important To Us That You Have 3–5+ years in a technical, customer-facing role — Customer Success Engineering, Sales Engineering, Solutions Engineering, Implementation, Technical Account Management, or Support Engineering — at an API-driven, developer-first, or AI company. Fluency in APIs, developer workflows, and integration patterns, enough to run demos and troubleshoot L1/L2 issues. You don't need to be a software engineer, but you must be genuinely credible in technical conversations with developers. Experience serving a high volume of customers or building scaled/tech-touch programs (digital onboarding, one-to-many campaigns, webinars, self-serve enablement, automated journeys). Systems thinking and process orientation — you've built repeatable playbooks, templates, or automations that worked across many customers. A data-driven mindset: comfortable using product usage and customer health data to prioritize, measure, and refine your work. Excellent written and verbal communication, with the ability to create content that educates and drives action across a broad audience. In your application: tell us about something you built — a tool, agent, script, workflow, or customer program — that permanently eliminated recurring work. What it replaced, and what it's still doing today. A strong sense of ownership and comfort working both collaboratively and independently in a remote environment. It Would Be Great If You Had Experience in a scaled, digital, or tech-touch Customer Success motion, and/or with consumption-based business models. Working fluency with automation, scripting, or agent-building (Python, TypeScript, workflow tools, agent frameworks) — enough to ship working systems. Experience with Customer Success, customer education, or marketing-automation platforms (Gainsight, Vitally, ChurnZero, or similar) and product analytics tools. Experience in AI, ML, voice AI, cloud infrastructure, or developer-first technologies. A background in Customer Education, Scaled/Digital Success, or Customer Marketing alongside technical customer-facing work. Notice : We're aware of individuals impersonating Deepgram recruiters. All legitimate Deepgram recruiting communication comes from an @ deepgram.com email address. If you've received a message claiming to be Deepgram, please forward it to careers@deepgram.com.",USA,USA,Remote,1,USA,Technical Support,Technical Support,Full-Time,Any,,147000 - 176500,USD,2026-08-22T16:51:33+00:00,,Software & IT,https://jobicy.com/jobs/151406-customer-success-engineer-scaled,2026-08-24T19:35:11.526483+00:00
dd474ea2d6441778,Jobicy,151402,Customer Solutions Engineer,TRM Labs,"Build a Safer World. TRM Labs provides AI-powered intelligence solutions that help public and private sector agencies investigate and disrupt crime. TRM's platforms enable investigators to trace illicit activity, build cases, and construct operating pictures of threat networks. Leading agencies and businesses worldwide rely on TRM to make the world safer and more secure. Team &amp; Job Summary: As a Customer Solutions Engineer at TRM Labs, you own the technical relationship with our US federal and national-security customers — from the first discovery call through live deployment. You will propose business processes and technical architectures, demonstrate and customize the TRM platform, integrate TRM APIs into mission workflows, and support customers in succeeding with our solutions. Your success is measured both by the outcomes customers achieve on the platform and by the expertise you feed back into the Solutions Engineering team. The impact you will have: Own and deliver end-to-end TRM solutions, from understanding complex customer requirements to designing advanced business processes, customizing the platform, integrating TRM APIs, and conducting testing and training for maximum customer impact. Act as the go-to technical consultant during discovery calls with key customers and prospects, documenting intricate technical requirements and guiding solution design. Present TRM's APIs and architecture, providing detailed guidance on implementation, timelines, and potential challenges, while ensuring alignment with the customer's strategic goals. Develop and maintain high-quality resources for customer integrations — API documentation, reference architectures, and implementation guides — so onboarding gets faster for every customer after this one. Cultivate strong relationships with technical stakeholders, providing expert-level support throughout the integration process and troubleshooting issues as they arise. Stay current with TRM's evolving product features and technical dependencies to keep customer needs and the product roadmap aligned, advocating for enhancements when necessary. What we’re looking for: Professional experience in pre- and post-sales roles, such as Solutions Architect, Sales Engineer, Solutions Engineer, or Customer Success Engineer. US Citizenship is required for this position (no dual citizenship), driven by our US federal customer base. Exceptional customer-facing skills, with the ability to empathize with both technical and non-technical audiences and demonstrate how complex solutions meet their business goals. Proven experience collaborating with engineering and product teams to customize API-based SaaS products at scale, including implementation, testing, and launch. Comfortable scripting in one or more languages to build PoCs for customers or prototype APIs (e.g. Python, JavaScript, TypeScript). Strong problem-solving skills, with the ability to prioritize and manage multiple complex tasks independently while maintaining attention to detail. High initiative and a proactive approach to identifying opportunities for improvement, both in technical solutions and in team processes. Bonus: previous experience in AI development is highly preferred. About the Team: Solutions Engineering at TRM is a globally distributed, fully remote team that thrives on asynchronous communication and collaboration through Slack channels and detailed documentation. As a globally distributed team, members may observe different timezones — most of the team overlaps between 8:00am and 5:00pm ET for meetings and collaboration. We are on the front lines of TRM: experts in our craft, focused on providing support, driving value, and building meaningful relationships with our customers as trusted advisors. What we learn in the field goes back into the product — this team is a primary source of customer insight for engineering and product. Team Operating Rhythms: Weekly Customer Syncs Bi-weekly health syncs Associated POD calls with the account team Regular direct engagement with customers Required online and collaboration hours: Schedule: core overlap 8:00am–5:00pm ET On-Call Responsibilities: Schedule: No formal on-call rotation. Occasional off-hours availability during live mission operations. Frequency: Ad hoc — no pager and no 24/7 obligation. Onsite Requirements: Schedule: Remote-first, US-based Learn about TRM Speed in this position: Timely documentation: You will deliver integration documents within 1–2 days by prioritizing tasks, reusing existing content, and focusing strictly on the document's goal. Immediate contingency solutions: You will resolve urgent customer issues by quickly assessing the situation and providing immediate alternatives — like manually exporting critical data if a fix takes longer. Fast proof of concept: You will put a working scripted PoC in front of a customer within days of understanding the requirement, rather than waiting on an engineering cycle. Life at TRM We are building a safer world. That promise shows up in how we work every day. TRM moves quickly. We are a high velocity, high ownership team that expects clarity, follow-through, and impact. People who thrive here are energized by hard problems, experimentation, and continuous feedback. If something takes months elsewhere, it will ship here in days. Our work sits at the intersection of AI, national security, and fighting crime. The problems are complex, the stakes are real, and the environment evolves quickly. The pace and intensity of the work reflect the importance of the mission. As a result, the way we operate requires a high level of ownership, adaptability, collaboration, and creative problem-solving. At TRM, you should expect: Priorities and targets to change quickly as we experiment and iterate Work that often requires operating with a high degree of ambiguity A high level of personal ownership and accountability Close collaboration across teams and functions Frequent, high-touch communication Creative problem solving and out-of-the-box thinking A pace that rewards urgency, adaptability, and outcomes This environment is energizing for people who enjoy building, solving hard problems, and making progress in situations that are not always fully defined. It also requires comfort navigating ambiguity, adjusting course as new information emerges, and maintaining focus and positivity in a fast-moving and intense environment. We also recognize that this style of operating is not for everyone. If you are primarily optimizing for predictability or a consistently balanced workload, we encourage you to use the interview process to pressure test whether this environment is truly the right fit. We want teammates who thrive here, not just survive here. At the same time, many people find this work deeply rewarding. If you are excited by meaningful problems, motivated by ambitious goals, and energized by working alongside mission-driven colleagues, there is a good chance you will find TRM to be an exceptional place to grow and contribute. Learn more: Interviewing at TRM: How We Hire and What Success Looks Like AI Fluency at TRM AI fluency is a baseline expectation at TRM. We believe AI meaningfully changes how top performers operate. We expect every team member to use AI to accelerate and reimagine their craft, not just automate surface tasks. At TRM, AI fluency means you are among the top 10 percent of operators in your function in how you apply AI to: Accelerate repeatable workflows Structure and solve problems Improve output quality Increase speed and leverage You will be evaluated on applied AI fluency during the interview process. Leadership Principles We hire and grow against three leadership principles. They’re the standards for how we operate, treat each other, and make decisions. Impact-Oriented Trailblazer: We put customers first and move with speed, focus, and adaptability. We treat every plan like an experiment – test, ship, measure, and iterate quickly. Master Craftsperson: We care deeply about our craft. We balance speed with high standards, own outcomes end‑to‑end, and invest in getting better everyday. Inspiring Colleague: We add clarity and energy, not noise. We bring humility, candor, and a one‑team mindset — giving and receiving feedback to make the team stronger. Join our Mission At TRM we care deeply about our craft. We are looking for individuals who want their work to matter, who experiment with speed and rigor, and who take pride in building a safer world for billions of people. If you’re excited by TRM’s mission but don’t check every box, we encourage you to apply — we hire for slope, judgment, and the will to learn fast. TRM is a Series C company with $220M in total funding, backed by Goldman Sachs, Bessemer, Y Combinator, Thoma Bravo, and others. Headquartered in San Francisco, TRM operates as a distributed-first company with hubs in Los Angeles, San Francisco, New York, Washington D.C., London, and Singapore. Privacy Policy and Additional Information By submitting your application, you agree to allow TRM Labs to process your personal information in accordance with our Privacy Policy . We collect the information you provide (such as your resume, work history, and contact details) solely for the purpose of evaluating your candidacy for current and future roles at TRM. Because our hiring cycles for certain positions may span 24 to 36 months, we retain your personal information for up to 36 months from the date of your application. After that period, your data is deleted unless a different retention period is required or permitted by law. If you are located in the European Economic Area, the United Kingdom, or another jurisdiction with applicable data protection laws, you have the right to access, correct, or request deletion of your personal data at any time before that period ends. To exercise any of these rights, contact us at privacy@trmlabs.com . To notify TRM Labs that you believe this job posting is non-compliant, please submit a report through this form . No response will be provided to inquiries unrelated to job posting compliance. The use of AI tools of any kind (including but not limited to notetakers, interview assistants, and real-time coaching tools such as Otter.ai, Fireflies, Fathom, Cluey, or similar) during TRM interviews is not permitted without prior approval from TRM. TRM uses its own internal tools for note-taking to ensure a consistent and confidential experience for all candidates. We are committed to providing reasonable accommodations to applicants with disabilities, and requests can be made via this form . Recruitment agencies TRM Labs does not accept unsolicited agency resumes. Please do not forward resumes to TRM employees. TRM Labs is not responsible for any fees related to unsolicited resumes and will not pay fees to any third-party agency or company without a signed agreement. Learn More : Company Values | Interviewing | FAQs",USA,USA,Remote,1,USA,Technical Support,Technical Support,Full-Time,Senior,,,,2026-08-22T16:51:27+00:00,,Software & IT,https://jobicy.com/jobs/151402-customer-solutions-engineer-3,2026-08-24T19:35:11.526975+00:00
938910b65dff5e94,Jobicy,149575,Engineering Manager,Canonical Ltd.,"Canonical is a leading provider of open source software and operating systems to the global enterprise and technology markets. Our platform, Ubuntu, is very widely used in breakthrough enterprise initiatives such as public cloud, data science, AI, engineering innovation, and IoT. Our customers include the world's leading public cloud and silicon providers, and industry leaders in many sectors. The company is a pioneer of global distributed collaboration, with 1200+ colleagues in 75+ countries and very few office-based roles. Teams meet two to four times yearly in person, in interesting locations around the world, to align on strategy and execution. The company is founder-led, profitable, and growing. This is a general track for first-level engineering management positions at Canonical. We believe that open source is just starting to transform the tech sector and enterprise compute. Our goal is to make open source easier, more reliable, and more secure for deployment and development. We strive to be the provider of ‘most software to most companies’. To deliver on that ambition, our engineers are carefully selected from the applicants across the globe. We select for brilliance and motivation to take open source to the next level. Our engineering managers help teams achieve more than they realised they could, and feel proud of the result. We believe that Engineering Managers should be outstanding developers themselves. They should be completely at home reviewing a patch or a software design spec. They are trusted engineers who understand the importance of a whole-team effort in creating great products and who enjoy seeing colleagues develop. They should contribute code themselves to set the standard for coding, but know that the code they write is far less significant than their ability to shape the whole team’s direction, focus, and delivery. We grow management skills and train engineers who are interested in soft skills to be managers. A typical first-level software engineering team is based in a single time zone, such as EMEA or Americas, or APAC, with an Engineering Manager and a Senior Engineer dedicated to a single product, who work as a team to shape the roadmap, technical strategy, code, documentation, and community engagement. They are both capable of coding, and are both leaders comfortable assigning work and maintaining expectations of delivery. They will both be expected to take management training at Canonical so they speak the same language when it comes to team behaviours, habits, routines, norms, and standards, but they focus on different sides of the problem. An Engineering Manager is responsible for line management and career guidance. The ability to develop engineering talent, to represent your team and product from a technical perspective, and to drive collaboration with other teams and customers are all critical to success in this role. We have open manager roles across a wide range of engineering domains, including: Python and Golang C / C++ / Rust Data infrastructure HTML / CSS / JavaScript / Typescript / React Flutter Distro packaging and systems SAAS and web microservices Kernel Servers Graphics, Browser and Desktop Silicon enablement and embedded devices Product Security If your domain of expertise isn’t listed above, yet you feel it’s relevant to Canonical, then feel free to apply anyway. We will route you to the most suitable team. Location: we have engineering management positions open in every time zone What you’ll do Lead and develop a team of engineers, ranging from graduate to senior Work remotely in a single major time zone, sometimes two Coach, mentor, and offer career development feedback Identify and measure team health indicators Implement disciplined engineering processes Represent your team and product to stakeholders, partners, and customers Develop and evangelise great engineering and organisational practices Plan and manage progress on agreed goals and projects Be an active part of the leadership team, collaborating with other leaders What we’re looking for in you An exceptional academic track record from both high school and university Undergraduate degree in Computer Science or STEM, or a compelling narrative about your alternative path Drive and a track record of going above and beyond expectations Excellent verbal and written communication skills in English A love of developing and growing people and a track record of it Experience in leading, coaching, and mentoring software developers Organised and able to ensure your team delivers timely, high-quality results Well-organised, self-starting, and able to deliver to schedule Professional manner of interacting with colleagues, partners, and the community You have advanced expertise in your domain You are knowledgeable and passionate about software development You have solid experience working in an agile development environment You have a demonstrated drive for continual learning Builds trust, relationships, and confidence Result-oriented, with a personal drive to meet commitments Ability to travel twice a year, for company events up to two weeks each Additional skills we value Experience in a developer advocacy or community role Ops and system administration experience Performance engineering and security experience What we offer colleagues We consider geographical location, experience, and performance in shaping compensation worldwide. We revisit compensation annually (and more often for graduates and associates) to ensure we recognise outstanding performance. In addition to base pay, we offer a performance-driven annual bonus. We provide all team members with additional benefits, which reflect our values and ideals. We balance our programs to meet local needs and ensure fairness globally. Distributed work environment with twice-yearly team sprints in person Personal learning and development budget of USD 2,000 per year Annual compensation review Recognition rewards Annual holiday leave Maternity and paternity leave Employee Assistance Programme Opportunity to travel to new locations to meet colleagues Priority Pass and travel upgrades for long haul company events About Canonical Canonical is a pioneering tech firm at the forefront of the global move to open source. As the company that publishes Ubuntu, one of the most important open-source projects and the platform for AI, IoT, and the cloud, we are changing the world of software. We recruit on a global basis and set a very high standard for people joining the company. We expect excellence; in order to succeed, we need to be the best at what we do. Most colleagues at Canonical have worked from home since our inception in 2004.​ Working here is a step into the future and will challenge you to think differently, work smarter, learn new skills, and raise your game. Canonical is an equal opportunity employer We are proud to foster a workplace free from discrimination. Diversity of experience, perspectives, and background create a better work environment and better products. Whatever your identity, we will give your application fair consideration. #LI-remote",Anywhere,Anywhere,Remote,1,Anywhere,Product &amp; Operations,Product &amp; Operations,Full-Time,Midweight,,,,2026-08-22T16:47:11+00:00,,Software & IT,https://jobicy.com/jobs/149575-engineering-manager,2026-08-24T19:35:11.527290+00:00
338d5c4071820fb7,Jobicy,149576,Containerization & Virtualisation Engineer,Canonical Ltd.,"Canonical is a leading provider of open source software and operating systems to the global enterprise and technology markets. Our platform, Ubuntu, is very widely used in breakthrough enterprise initiatives such as public cloud, data science, AI, engineering innovation and IoT. Our customers include the world's leading public cloud and silicon providers, and industry leaders in many sectors. The company is a pioneer of global distributed collaboration, with 1000+ colleagues in 70+ countries and very few office based roles. Teams meet two to four times yearly in person, in interesting locations around the world, to align on strategy and execution. The company is founder led, profitable and growing. This is a general selection process for software engineers focused on virtualisation and container technology - from the kernel through userspace. Apply here if you are an exceptional Go, Rust, or C/C++ software engineer and want to work on next-generation open source VMM or container technology, or related open source networking and storage. Container, virtualisation and cloud infrastructure have become essentials of modern software deployments. We invest in open source related to application isolation, workload orchestration, system or OCI containers, micro service architecture or cloud infrastructure. Here are some examples of projects under way at Canonical. RustVMM has great potential as a new hypervisor for Linux. We are building a team to work on this, with an emphasis on performance, security and operability. Work in Rust and bring your expert knowledge of VMM and related kernel networking and storage capabilities. Docker images are easy to make and publish on Docker Hub and other registries, but the quality, consistency and security maintenance of those images is broadly very poor. Canonical is in a good position to publish a portfolio of outstanding Docker images. Our Rockcraft team is designing and implementing an elevated Docker image experience for the open source community. LXD is a modern system container and virtual machine manager that is widely used on Ubuntu, ChromeOS and other Linux platforms. LXD engineering spans the entire software stack from low-level kernel work on namespaces, confinement, security, filesystems, VMMs and networking, to the high level management REST API and CLI. Members of the Kubernetes product team build MicroK8s for on-rails K8s, and Charmed Kubernetes for more sophisticated integration. We work on K8s itself and on the operations tooling around it. The OpenStack team deliver Charmed OpenStack, OVN / OVS and Ceph. This work brings cloud platform technologies to large-scale computing environments. These teams hire system level C/C++, Golang, Rust and Python developers to work on security-critical, performance-critical and mission-critical code, focused on software delivery, containers, security, sandboxing, application orchestration and management. Our teams are motivated to have a meaningful impact on modern cloud computing technologies. Location : we have remote container and virt engineering roles in every time zone. What you will focus on Design and specify new features, building consensus on approach Engage with upstream communities in your area of expertise Conduct security analysis and reviews to ensure defence in depth Create and monitor performance benchmarks to optimise your product Collaborate proactively with a distributed team Write high quality code to create new features Debug issues and produce high quality code to fix them Review code produced by other engineers Discuss ideas and collaborate on finding good solutions What we are looking for in you An exceptional academic track record from both high school and university Undergraduate degree in Computer Science or STEM, or a compelling narrative about your alternative path Drive and a track record of going above-and-beyond expectations You have worked on open source virt or container tech You have experience working in the kernel or very low level system Professional written and spoken English Experience with Linux (Debian or Ubuntu preferred) Excellent interpersonal skills, curiosity, flexibility, and accountability Passion, thoughtfulness, and self-motivation Excellent communication and presentation skills Result-oriented, with a personal drive to meet commitments Ability to travel twice a year, for company events up to two weeks each Additional skills we value Performance engineering and security experience What we offer you We consider geographical location, experience, and performance in shaping compensation worldwide. We revisit compensation annually (and more often for graduates and associates) to ensure we recognise outstanding performance. In addition to base pay, we offer a performance-driven annual bonus. We provide all team members with additional benefits, which reflect our values and ideals. We balance our programs to meet local needs and ensure fairness globally. Distributed work environment with twice-yearly team sprints in person Personal learning and development budget of USD 2,000 per year Annual compensation review Recognition rewards Annual holiday leave Maternity and paternity leave Employee Assistance Programme Opportunity to travel to new locations to meet colleagues Priority Pass, and travel upgrades for long haul company events About Canonical Canonical is a pioneering tech firm at the forefront of the global move to open source. As the company that publishes Ubuntu, one of the most important open source projects and the platform for AI, IoT and the cloud, we are changing the world on a daily basis. We recruit on a global basis and set a very high standard for people joining the company. We expect excellence - in order to succeed, we need to be the best at what we do. Canonical has been a remote-first company since its inception in 2004.​ Working here is a step into the future, and will challenge you to think differently, work smarter, learn new skills, and raise your game. Canonical is an equal opportunity employer We are proud to foster a workplace free from discrimination. Diversity of experience, perspectives, and background create a better work environment and better products. Whatever your identity, we will give your application fair consideration. #LI-remote",Anywhere,Anywhere,Remote,1,Anywhere,Software Engineering,Software Engineering,Full-Time,Senior,,,,2026-08-22T16:47:10+00:00,,Software & IT,https://jobicy.com/jobs/149576-containerization-virtualisation-engineer,2026-08-24T19:35:11.527568+00:00
3b2ae709462d5df3,Jobicy,149574,Linux Platform Integration - Ubuntu Systems Senior Engineer,Canonical Ltd.,"You will work across the full Linux stack from kernel through networking, virtualization and graphics to optimise Ubuntu, the world’s most widely used Linux desktop and server, for the latest silicon. Our teams partner with specialist engineers from major silicon companies to integrate next-generation features and performance enhancements for upcoming hardware. This is an excellent opportunity for someone who wants to have a meaningful impact on the adoption of Linux across multiple industries. The right candidate must be resourceful, articulate, and able to deliver on a wide variety of solutions across server, desktop and IoT technologies. Canonical offers a fun, fast-paced team environment and a career full of learning and development opportunities. Location: This is a Globally remote role What your day will look like Design and implement the best Ubuntu integration for the latest IoT desktop and server-class hardware platforms and software stacks Work with partners to deliver an optimised, first class Ubuntu experience on their platforms Take a holistic approach to the Ubuntu experience on partner platforms with inputs on technical plans, testing strategy, quality metrics Participate as technical lead on customer engagements involving complete system architectures from cloud to edge Help our partners integrate their apps, SDKs, build device OS images, and optimize applications with Ubuntu Core, Desktop and Server Work with the most advanced operating systems and application technologies available in the enterprise world. Joining Canonical, you will partner with bright minds from all over the world, and work with an exciting set of new technologies in a fast growing company with a truly unique and ambitious vision to build a better platform with free software. You will work with customers on exciting IoT, desktop and server platforms and technologies, built to support different verticals: from robots to data centers, from telco to retail, as well as automotive. What we are looking for in you You love technology and working with brilliant people You have a Bachelor’s degree in Computer Science, STEM or similar You have experience with Linux packaging (Debian, RPM, Yocto) You have experience working with open source communities and licences You have experience working with Python, C, C++ You can work in a globally distributed team through self-discipline and self-motivation. Nice to have Experience with server technologies, including UEFI firmware, GPU computing, RDMA/Infiniband and virtualization stacks Experience with graphics stacks Good understanding of networking - TCP/IP, DHCP, HTTP/REST Basic understanding of security best practices in IoT or server environments Good communication skills, ideally public speaking experience IoT / Embedded experience – from board and SoC, BMCs, bootloaders and firmware to OS, through apps and services Experience working with CI automation platforms such as GitHub Experience with performance benchmarking and profiling Some experience with Docker/OCI containers/K8s What we offer you Learning and development opportunities Annual compensation review Recognition rewards Annual leave Priority Pass for travel Your base pay will depend on various factors including your geographical location, level of experience, knowledge and skills. In addition to the benefits above, certain roles are also eligible for additional benefits and rewards including annual bonuses and sales incentives based on revenue or utilisation. Our compensation philosophy is to ensure equity right across our global workforce. In addition to a competitive base pay, we provide all team members with additional benefits, which reflect our values and ideals. Please note that additional benefits may apply depending on the work location and, for more information on these, you can ask in the later stages of the recruitment process. Fully remote working environment - we’ve been working remotely since 2004! Personal learning and development budget of 2,000USD per annum Annual compensation review Recognition rewards Annual holiday leave Parental Leave Employee Assistance Programme Opportunity to travel to new locations to meet colleagues at ‘sprints’ Priority Pass for travel and travel upgrades for long haul company events About Canonical Canonical is a pioneering tech firm that is at the forefront of the global move to open source. As the company that publishes Ubuntu, one of the most important open source projects and the platform for AI, IoT and the cloud, we are changing the world on a daily basis. We recruit on a global basis and set a very high standard for people joining the company. We expect excellence - in order to succeed, we need to be the best at what we do. Canonical has been a remote-first company since its inception in 2004.​ Work at Canonical is a step into the future, and will challenge you to think differently, work smarter, learn new skills, and raise your game. Canonical provides a unique window into the world of 21st-century digital business. Canonical is an equal opportunity employer We are proud to foster a workplace free from discrimination. Diversity of experience, perspectives, and background create a better work environment and better products. Whatever your identity, we will give your application fair consideration. #LI-remote",Anywhere,Anywhere,Remote,1,Anywhere,Software Engineering,Software Engineering,Full-Time,Senior,,,,2026-08-22T16:47:09+00:00,,Software & IT,https://jobicy.com/jobs/149574-linux-platform-integration-ubuntu-systems-senior-engineer,2026-08-24T19:35:11.527812+00:00
0158c8be9fb21c24,Jobicy,149577,Community Engineer (multiple roles and seniority levels),Canonical Ltd.,"Our ambition is to set a standard of excellence when it comes to serving the open source ecosystem. This is your chance to be a part of that as a Community Engineer at Canonical . We are building community management at scale. We have multiple positions available, at different seniority levels. All applications and candidates are handled through this single entry point. To improve your chances of success in this application, read our advice on how to get a job at Canonical . The role of a Community Engineer The Community team at Canonical enables community leaders and participants to get things done, co-ordinating with Canonical teams and ensuring that community processes are efficient and well run. We don't do the work of the community, but we facilitate that work to ensure that energetic and ambitious community members with their own vision of open source can benefit from the work Canonical does and bring their own flavor of Ubuntu into being, to meet the needs and express the interests of their community. You will play a key role in designing, executing, and scaling initiatives that foster a thriving community. This is an exciting opportunity for a technically proficient person who is passionate about open source software, Linux, and sustainable community building. In this role, you will support community initiatives with your technical skills and strong organizational skills. You work hand in hand with developers to smooth processes and integrate community plans with Canonical plans for maximum impact. You can encourage and facilitate the creation of new technical projects that enhance the community contribution experience, and you represent community interests to Canonical teams. You will lead complex, multi-disciplinary programs from conception through launch, working closely with Developer Relations engineers, technical authors, product managers, marketing teams, engineering teams, and external partners. You will support and engage with volunteer developers in the Ubuntu community, addressing their concerns and helping them to create successful tools. You will help to ensure their success and the overall autonomy and sustainability of projects. You will provide the content and technical support to ensure the community stays engaged and informed. This will include regular blog and social media posts about community initiatives, events, accomplishments, and collaborative efforts between Canonical and the Ubuntu community. You will communicate effectively with developers and software engineers and represent not only the Ubuntu community but Canonical as a contributor to the wider Linux ecosystem. Our team attends conferences and expos, and talks about technical community projects and their development processes. Location : These are fully remote roles, open to candidates across the globe. What your day will look like Write high quality content to promote and support community initiatives Discuss ideas and collaborate on finding good solutions to community problems Work from home with global travel 2 to 4 weeks for internal and external events Potential opportunity to travel more if you wish Nurture community contributions to Ubuntu Engage with the Ubuntu community through Discourse, Matrix, social media, conferences, etc. Represent Ubuntu via speaking engagements at events and conferences Support the engagement by Canonical teams into the open source ecosystem What we are looking for in you You love technology and working with brilliant people You are curious, flexible, articulate, and accountable You value soft skills and are passionate, enterprising, thoughtful, and self-motivated You have experience with developer tools and open source projects You have a clear public record of accomplishments (talks, blog posts, GitHub, X, etc.) You have interest and experience with some of the following: Ubuntu Linux - kernel or userspace, DevOps, software development, testing and QA, package management, container technology You can work autonomously and assume full ownership of objectives as needed You can be flexible with your time and enjoy working with new technology in a fast-paced environment You are experienced working with open source communities and understand the workflow of volunteer contributors You have experience in (technical) program management and have excellent organizational, communication and interpersonal skills Additional skills that you might also bring Experience with community management Experience with Developer advocacy Experience as a software developer Examples of contributions to the Ubuntu Community Experience with contributing to open source projects What we offer colleagues We consider geographical location, experience, and performance in shaping compensation worldwide. We revisit compensation annually (and more often for graduates and associates) to ensure we recognize outstanding performance. In addition to base pay, we offer a performance-driven annual bonus or commission. We provide all team members with additional benefits, which reflect our values and ideals. We balance our programs to meet local needs and ensure fairness globally. Distributed work environment with twice-yearly team sprints in person Personal learning and development budget of USD 2,000 per year Annual compensation review Recognition rewards Annual holiday leave Maternity and paternity leave Employee Assistance Program Opportunity to travel to new locations to meet colleagues Priority Pass, and travel upgrades for long haul company events About Canonical Canonical is a pioneering tech firm at the forefront of the global move to open source. As the company that publishes Ubuntu, one of the most important open source projects and the platform for AI, IoT and the cloud, we are changing the world of software. We recruit on a global basis and set a very high standard for people joining the company. We expect excellence - in order to succeed, we need to be the best at what we do. Most colleagues at Canonical have worked from home since its inception in 2004.​ Working here is a step into the future, and will challenge you to think differently, work smarter, learn new skills, and raise your game. Canonical is an equal opportunity employer We are proud to foster a workplace free from discrimination. Diversity of experience, perspectives, and background create a better work environment and better products. Whatever your identity, we will give your application fair consideration. #LI-remote",Anywhere,Anywhere,Remote,1,Anywhere,Customer Support &amp; Success,Customer Support &amp; Success,Full-Time,Senior,,,,2026-08-22T16:47:07+00:00,,Software & IT,https://jobicy.com/jobs/149577-community-engineer-multiple-roles-and-seniority-levels,2026-08-24T19:35:11.528103+00:00
522480938c7f60e3,Jobicy,149573,OpenStack Engineering Manager,Canonical Ltd.,"Canonical is a leading provider of open source software and operating systems to the global enterprise and technology markets. Our platform, Ubuntu, is very widely used in breakthrough enterprise initiatives such as public cloud, data science, AI, engineering innovation, and IoT. Our customers include the world's leading public cloud and silicon providers, and industry leaders in many sectors. The company is a pioneer of global distributed collaboration, with 1200+ colleagues in 75+ countries and very few office-based roles. Teams meet two to four times yearly in person, in interesting locations around the world, to align on strategy and execution. The company is founder-led, profitable, and growing. We are hiring an Engineering Manager ... This role is an opportunity for a technologist with a passion for Linux and Cloud technologies to build a career with Canonical and drive the success with those leveraging Ubuntu and open source products. If you have an affinity for open source development and a passion for technology, then you will enjoy working with some of the best people in the industry at Canonical. The BootStack team designs, builds, and operates modern distributed systems on private infrastructure for customers. From Kubernetes to OpenStack and everything in-between, you’ll be working with the latest technology in a fast-paced engineering environment. As a Cloud Engineering Manager for the BootStack team, you will be responsible for managing the engineers that oversee day-to-day Managed Service of customer environments, including customer service management, managed services operations and consistent product improvement engineering. Collaboration with customers, product engineering, and operations is critical to success. Location: This is a globally remote role. The role entails Manage a growing engineering team to optimise the quality and velocity of both development and operations Identify and measure team health indicators Implement disciplined engineering and operations processes Represent the BootStack team with respect to stakeholders, customers, and external teams Ensure proper team focus on priorities, milestones, and deliverables Work to meet service level agreements with customer deployments around the globe Deliver quality managed services in a consistent, timely manner What we are looking for in you Bachelors (or equivalent) education in a technology field Proven track record of professional experience of either software delivery using Python, Go, C, C++, Java, or similar and/or managing operations teams Proven experience with OpenStack Demonstrated strong commitment to testing methodologies and maintainable code quality Experience with Linux system administration, Ubuntu/Debian a plus Strong communication and cooperation skills Experience with agile software development methodologies Experience working in and managing distributed teams Technical aptitude for understanding complex distributed systems Experience with cloud topologies and technologies Travel to team and company events and customer meetings, roughly 20% or less What we offer colleagues We consider geographical location, experience, and performance in shaping compensation worldwide. We revisit compensation annually (and more often for graduates and associates) to ensure we recognize outstanding performance. In addition to base pay, we offer a performance-driven annual bonus or commission. We provide all team members with additional benefits which reflect our values and ideals. We balance our programs to meet local needs and ensure fairness globally. Distributed work environment with twice-yearly team sprints in person Personal learning and development budget of USD 2,000 per year Annual compensation review Recognition rewards Annual holiday leave Maternity and paternity leave Team Member Assistance Program &amp; Wellness Platform Opportunity to travel to new locations to meet colleagues Priority Pass and travel upgrades for long-haul company events About Canonical Canonical is a pioneering tech firm at the forefront of the global move to open source. As the company that publishes Ubuntu, one of the most important open-source projects and the platform for AI, IoT, and the cloud, we are changing the world of software. We recruit on a global basis and set a very high standard for people joining the company. We expect excellence; in order to succeed, we need to be the best at what we do. Most colleagues at Canonical have worked from home since our inception in 2004.​ Working here is a step into the future and will challenge you to think differently, work smarter, learn new skills, and raise your game. Canonical is an equal opportunity employer We are proud to foster a workplace free from discrimination. Diversity of experience, perspectives, and background create a better work environment and better products. Whatever your identity, we will give your application fair consideration. #LI-remote",Anywhere,Anywhere,Remote,1,Anywhere,DevOps &amp; Infrastructure,DevOps &amp; Infrastructure,Full-Time,Midweight,,,,2026-08-22T16:47:06+00:00,,Cloud & DevOps,https://jobicy.com/jobs/149573-openstack-engineering-manager,2026-08-24T19:35:11.528325+00:00
99a264f8b352c474,Jobicy,149581,"Graduate Software Engineer, Open Source and Linux, Canonical Ubuntu",Canonical Ltd.,"Canonical is a leading provider of open source software and operating systems to the global enterprise and technology markets. Our platform, Ubuntu, is very widely used in breakthrough enterprise initiatives such as public cloud, data science, AI, engineering innovation, and IoT. Our customers include the world's leading public cloud and silicon providers, and industry leaders in many sectors. The company is a pioneer of global distributed collaboration, with 1200+ colleagues in 75+ countries and very few office-based roles. Teams meet two to four times yearly in person, in interesting locations around the world, to align on strategy and execution. The company is founder led, profitable and growing. We are hiring 2025 and 2026 Graduate Software Engineers into engineering teams around the world. As a global platform company we offer a wide range of software engineering challenges, in both open source products and commercial business systems. We have teams that work in a variety of languages, typically Python, Golang, Rust, C/C++, JavaScript and of course... Bash. We work from the very lowest levels of the Linux system - BIOS and boot loaders, firmware, kernel and drivers, all the way up to desktop applications and containers. We work on tiny devices like the Raspberry Pi and new RISC-V boards, all the way up to supercomputers, clouds and Kubernetes clusters. We work on compilers and toolchains, and we work on security, cryptography, performance and documentation. Some of our teams focus on packaging thousands of pieces of software, others focus on deep contributions to a single body of code. If you are excited about the potential that open source has for humanity and the enterprise, you have outstanding results in your academic career, and you are excited to contribute to the open source stack, this is the best way to apply to Canonical. We will work with you to identify teams and projects that would be interesting and a good fit for your skills and motivations. The process is highly competitive, it will require effort and excellence to succeed if you apply here. Most of our engineering teams work from home. We try to align a single team in a single time zone - EMEA (Europe, Middle East and Africa), APAC (Asia Pacific and Indian Ocean), and AMER (North, South and Central Americas). Even though you work from home, we try to ensure you always have colleagues alongside to coach and mentor you, and for the companionship of shared problem solving and pair programming. Larger projects have multiple teams and might span the globe. We work with the open source community and specialize in building teams that work well in the 'fishbowl' of open source engineering. This is full time work, five days a week, often solving hard problems with significant responsibility. We don't generally work weekends and nights and we do enjoy good holidays but we also expect productive and intense engagement Monday to Friday. We bring all our engineering teams together in person twice a year for a deep 'sprint' with other teams to stimulate discussion and enable a wide range of career development paths. This is a fantastic way to demonstrate and develop your skill in software, learn about a wide range of technologies, make a meaningful impact to open source, and see some very interesting new cities that you might never otherwise get to visit. If you find the open source stack amazing, and you have been a consistent high-performing student in your school and university, then this will be a challenging and exciting start to your career. Location: This is a Globally remote role. The role entails Shaping the roadmap for your product at global sprints every six months Focusing on design and user experience, even for developer tooling and command line apps Writing high quality, resilient and performant code, potentially serving millions of demanding daily users Working towards mastery of key programming languages and Linux system knowledge Engaging with users and the open source community through code reviews and issue trackers Responding to customer issues as a priority, develop an understanding of enterprise requirements Developing skills and awareness of security in software design and implementation What we are looking for in you Exceptional academic track record from both high school and university Undergraduate degree in Computer Science, Business Informatics, Mathematics or another STEM discipline with programming courses Confidence to get started and deliver high quality code in one of Python, Rust, C/C++, Golang, JavaScript or Java Experience with Ubuntu or another Linux distribution Track record of going above-and-beyond expectations to achieve outstanding results Result-oriented and organized, with the drive to meet commitments Personal projects in technology and software engineering beyond the curriculum Professional written and spoken English Excellent interpersonal skills, curiosity, flexibility, and accountability Personal responsibility and accountability Thoughtfulness, self-awareness and the ability to reflect and develop Ability to travel internationally twice a year for company events up to two weeks long Nice-to-have skills Upstream open source contributions Packaging and Linux distribution contributions - Debian, Fedora, Arch, Nix or another Leadership and organization skills Presentation and writing skills Business and commercial interests What we offer colleagues We consider geographical location, experience, and performance in shaping compensation worldwide. We revisit compensation annually (and more often for graduates and associates) to ensure we recognize outstanding performance. In addition to base pay, we offer a performance-driven annual bonus or commission. We provide all team members with additional benefits which reflect our values and ideals. We balance our programs to meet local needs and ensure fairness globally. Distributed work environment with twice-yearly team sprints in person Personal learning and development budget of USD 2,000 per year Annual compensation review Recognition rewards Annual holiday leave Maternity and paternity leave Team Member Assistance Program &amp; Wellness Platform Opportunity to travel to new locations to meet colleagues Priority Pass and travel upgrades for long-haul company events About Canonical Canonical is a pioneering tech firm at the forefront of the global move to open source. As the company that publishes Ubuntu, one of the most important open source projects and the platform for AI, IoT and the cloud, we are changing the world of software. We recruit on a global basis and set a very high standard for people joining the company. We expect excellence - in order to succeed, we need to be the best at what we do. Most colleagues at Canonical have worked from home since its inception in 2004.​ Working here is a step into the future, and will challenge you to think differently, work smarter, learn new skills, and raise your game. Canonical is an equal opportunity employer We are proud to foster a workplace free from discrimination. Diversity of experience, perspectives, and background create a better work environment and better products. Whatever your identity, we will give your application fair consideration. #LI-remote",Anywhere,Anywhere,Remote,1,Anywhere,Software Engineering,Software Engineering,Full-Time,"Entry-Level, Junior",,,,2026-08-22T16:45:10+00:00,,Software & IT,https://jobicy.com/jobs/149581-graduate-software-engineer-open-source-and-linux-canonical-ubuntu,2026-08-24T19:35:11.528647+00:00
f91537622f205ad1,Jobicy,149578,Senior Security Operations Engineer,Canonical Ltd.,"The Canonical Security Operations team is hiring for a Senior or Staff engineer. The Security Operations team is responsible for designing, building, and operating a world-class Security Operations Center, and the successful candidate will provide leadership, mentorship, expertise, and outstanding individual contributions towards those ends. This role involves aspects of: Traditional SOC duties - security monitoring, threat hunting, and response. Security engineering - assessing and protecting Canonical platforms and products. Software engineering - building custom tools and platforms. Site reliability engineering - deploying, maintaining, and automating security tools. We are looking for individuals with engineering and security experience, as well as a history of remarkable achievement. Senior security operations personnel with engineering experience and senior developers with security experience are equally well-suited to this role. Beyond securing Canonical’s digital estate, this position represents a unique opportunity to contribute to the open source ecosystem. Team members may present at industry conferences, share threat intelligence with the wider community, or publish open source security software. Junior positions are also available for less-experienced individuals with a compelling academic or professional background. In this role, you will: Provide operational and engineering leadership. Implement and evolve Canonical’s Security Operations Center. Design and develop security software and platforms. Monitor for, identify, respond to, and remediate security incidents. Assess and improve Canonical’s security controls. Mentor early-career Security Operations engineers. Plan and deliver work within Canonical's agile engineering framework. Contribute to open source security. Publish blog posts, whitepapers and conference presentations. We are looking for: An exceptional academic track record. Undergraduate degree in Computer Science or STEM, or a compelling narrative about your alternative path. 10+ years of relevant professional experience Professional cybersecurity experience, preferably working or leading a Security Operations Center. Professional engineering experience. An eagerness to contribute to open source security. Proficiency in common scripting languages, such as Python and Bash. Knowledge of Git, GitOps, Infrastructure-as-Code, and common orchestration platforms (e.g., Kubernetes) Though optional, we value: Familiarity with security frameworks such as the NIST CSF, CIS CSC, and ISO 27001 Knowledge of security architecture and market-leading security tools. Experience in a security operations team or a security operations center. Experience in offensive or defensive security teams with hands-on ability. Experience with advanced persistent threats. Proficiency in additional programming languages, such as Golang. What we offer you: We consider geographical location, experience, and performance in shaping compensation worldwide. We revisit compensation annually (and more often for graduates and associates) to ensure we recognise outstanding performance. In addition to base pay, we offer a performance-driven annual bonus. We provide all team members with additional benefits, which reflect our values and ideals. We balance our programs to meet local needs and ensure fairness globally. Distributed work environment with twice-yearly team sprints in person Personal learning and development budget of USD 2,000 per year Annual compensation review Recognition rewards Annual holiday leave Maternity and paternity leave Employee Assistance Programme Opportunity to travel to new locations to meet colleagues Priority Pass, and travel upgrades for long haul company events About Canonical Canonical is a pioneering tech firm at the forefront of the global move to open source. As the company that publishes Ubuntu, one of the most important open source projects and the platform for AI, IoT and the cloud, we are changing the world on a daily basis. We recruit on a global basis and set a very high standard for people joining the company. We expect excellence - in order to succeed, we need to be the best at what we do. Canonical has been a remote-first company since its inception in 2004.​ Working here is a step into the future, and will challenge you to think differently, work smarter, learn new skills, and raise your game. Canonical is an equal opportunity employer We are proud to foster a workplace free from discrimination. Diversity of experience, perspectives, and background create a better work environment and better products. Whatever your identity, we will give your application fair consideration. #LI-remote",Anywhere,Anywhere,Remote,1,Anywhere,Cybersecurity,Cybersecurity,Full-Time,Senior,,,,2026-08-22T16:45:08+00:00,,Cybersecurity,https://jobicy.com/jobs/149578-senior-security-operations-engineer,2026-08-24T19:35:11.528860+00:00
e7def0adada83a2b,Remotive,2091098,Senior Golang Developer,Lemon.io,"Are you a talented Senior Developer looking for a remote job that lets you show your skills and get decent compensation? Look no further than Lemon.io — the marketplace that connects you with hand-picked startups in the US and Europe. We are currently seeking a Senior Software Engineer for our client — a research-driven artificial intelligence company. The client’s mission is to cut the cost of modern AI by co-designing hardware, software, algorithms, and models — with the goal of making AI’s benefits accessible to society. They’re active contributors to open-source AI research and are looking for researchers and engineers to help build the next generation of AI infrastructure.Cooperation: This starts as contract work via our platform. If it goes well, you’ll transition to a direct hire, with equity, health insurance, and other competitive benefits. Locations: the EU, the US, Canada, the UK, Australia, Singapore About the role: You’d build the Go-based platform that lets research and inference teams provision, scale, repair, and tear down GPU clusters through an API - instead of filing tickets. You’d own the product end to end : shaping internal platforms, improving developer experience, and operating the systems in production. Requirements: 5+ years of software development experience 3+ years of experience with Golang and Kubernetes controllers Knowledge of Temporal is a must Strong technical skills: as a Senior Developer, you are expected to be able to create projects from scratch and have a deep understanding of application architecture. Clear and effective communication in English — advanced ability to discuss business tasks, justify decisions, and communicate issues. Good self-presentation is also essential for upcoming client calls. Strong self-organizational skills — ability to work full-time remotely with no supervision. Reliability — we want to trust you and expect that you won’t let us and the client down. Adaptability and Flexibility — the ability to onboard the project promptly after accepting it and start delivering results quickly. Sounds good for you? Apply now and join the Lemon.io community! NOT YOUR TECH STACK? We have a variety of projects, so if you have 4+ years of commercial software development experience and are proficient in AI Agent Architecture, AI Automation Architecture, AI Engineering, Site Reliability Engineering, Platform Engineering, React &amp; Python, React &amp; Golang, React &amp; Java, React &amp; Ruby, Ruby, PHP &amp; Vue, Vue &amp; Node.js, React &amp; .NET, Android &amp; iOS, iOS &amp; Swift, Flutter &amp; Dart, Blockchain (Ethereum/Ethers.js/Wagmi/Viem/Solana), Angular &amp; Node.js, Vue &amp; .NET, Python &amp; Vue, DevOps, MLOps, Data Science, Angular &amp; PHP, Angular &amp; .NET, Symfony &amp; React, Symfony &amp; Vue, Symfony &amp; Angular, Python, Symfony &amp; JavaScript &amp; Next.js &amp; TypeScript, Data Analysis, React &amp; PHP, Data Engineering, Project Management, Product Management, QA Automation, QA Manual, Embedded Software Engineering, React Native &amp; Node, React Native &amp; React, React Native &amp; Ruby, React Native &amp; Python, WordPress, Android, Data Annotation, Angular, Python &amp; Node, React &amp; Node.js, Java &amp; Spring, Svelte &amp; Python, Svelte &amp; Node.js, Svelte &amp; TypeScript, Rust, Shopify &amp; JavaScript, Vue &amp; Nuxt, PHP &amp; Laravel, UI/UX Design, Animation, Graphic Design, React &amp; Node &amp; React Native, .NET &amp; C#, Electron, Scala, C++, Unreal Engine &amp; C++, Python &amp; LLM, Unity, or Machine Learning Engineering, we would be happy to connect with you and match you with a project that fits your experience. We do not provide visa assistance, and our cooperation model does not include the benefits typically offered with direct hire. We work with developers from 75+ countries across Europe, Latin America, North America (the U.S. and Canada), selected countries in Asia (Japan, Singapore, South Korea, the Philippines, Indonesia, Malaysia, Vietnam, Thailand, and Israel), Oceania (Australia, New Zealand, and Papua New Guinea), and Africa (including Morocco and South Africa).","Europe, USA, UK, Canada, Australia, Singapore","Europe, USA, UK, Canada, Australia, Singapore",Remote,1,"Europe, USA, UK, Canada, Australia, Singapore",Software Development,,full_time,,,,,2026-08-20T13:30:47,,Software & IT,https://remotive.com/remote-jobs/software-development/senior-golang-developer-2091098,2026-08-24T19:35:12.830842+00:00
50fcb850a54c91f1,Remotive,2091097,Senior Data Engineer,Lemon.io,"Are you a talented Senior Data Engineer looking for a remote job that lets you show your skills and get decent compensation? Look no further than Lemon.io — the marketplace that connects you with hand-picked startups in the US and Europe. What we offer: The rate depends on your skills and experience. We've already paid out over $11M to our engineers. No more hunting for clients or negotiating rates — let us handle the business side of things so you can focus on what you do best. We'll manually find the best project for you according to your skills and preferences. Choose a schedule that works best for you. It’s possible to communicate async or minimally overlap within team working hours. We respect your seniority so you can expect no micromanagement or screen trackers. Communicate directly with the clients. Most of them have technical backgrounds. Sounds good, yeah? We will support you from the time you submit the application throughout all cooperation stages. Most of our projects involve working in a fast-paced startup environment. We hope you like it as much as we do. Through our community, we will connect you with the best developers from more than 75 countries. We have several different roles for Data Engineers — please check the details if you're interested. Requirements — Data Engineers: 5+ years of commercial experience as a Data Engineer 2+ years of commercial experience with Azure DevOps is a must 2+ years of commercial experience with Databricks 2+ years of experience with DBT is required Experience with Airflow is a plus Requirements — Data Engineers: 4+ years of commercial experience as a Data Engineer 3+ years of experience with Apache Airflow and 2+ years of experience with Snowflake 3+ years of experience with Python and 1+ year with SQL Experience with AWS/GCP/Microsoft Azure/Snowflake is a must Strong technical skills: as a Senior Data Engineer, you are expected to be able to create projects from scratch and have a deep understanding of application architecture. Clear and effective communication in English — advanced ability to discuss business tasks, justify decisions, and communicate issues. Good self-presentation is also essential for upcoming client calls. Strong self-organizational skills — ability to work full-time remotely with no supervision. Reliability — we want to trust you and expect that you won’t let us and the client down. Adaptability and Flexibility — the ability to onboard the project promptly after accepting it and start delivering results quickly. Sounds good for you? Apply now and join the Lemon.io community! NOT YOUR TECH STACK? We have a variety of projects, so if you have 4+ years of commercial software development experience and are proficient in AI Agent Architecture, AI Automation Architecture, AI Engineering, Site Reliability Engineering, Platform Engineering, React &amp; Python, React &amp; Golang, Golang, React &amp; Java, React &amp; Ruby, Ruby, PHP &amp; Vue, Vue &amp; Node.js, React &amp; .NET, Android &amp; iOS, iOS &amp; Swift, Flutter &amp; Dart, Blockchain (Ethereum/Ethers.js/Wagmi/Viem/Solana), Angular &amp; Node.js, Vue &amp; .NET, Python &amp; Vue, DevOps, MLOps, Data Science, Angular &amp; PHP, Angular &amp; .NET, Symfony &amp; React, Symfony &amp; Vue, Symfony &amp; Angular, Python, Symfony &amp; JavaScript &amp; Next.js &amp; TypeScript, Data Analysis, React &amp; PHP, Project Management, Product Management, QA Automation, QA Manual, Embedded Software Engineering, React Native &amp; Node, React Native &amp; React, React Native &amp; Ruby, React Native &amp; Python, WordPress, Android, Data Annotation, Angular, Python &amp; Node, React &amp; Node.js, Java &amp; Spring, Svelte &amp; Python, Svelte &amp; Node.js, Svelte &amp; TypeScript, Rust, Shopify &amp; JavaScript, Vue &amp; Nuxt, PHP &amp; Laravel, UI/UX Design, Animation, Graphic Design, React &amp; Node &amp; React Native, .NET &amp; C#, Electron, Scala, C++, Unreal Engine &amp; C++, Python &amp; LLM, Unity, or Machine Learning Engineering, we would be happy to connect with you and match you with a project that fits your experience. We do not provide visa assistance, and our cooperation model does not include the benefits typically offered with direct hire. We work with developers from 75+ countries across Europe, Latin America, North America (the U.S. and Canada), selected countries in Asia (Japan, Singapore, South Korea, the Philippines, Indonesia, Malaysia, Vietnam, Thailand, and Israel), Oceania (Australia, New Zealand, and Papua New Guinea), and Africa (including Morocco and South Africa).","LATAM, Europe, USA, Canada, APAC","LATAM, Europe, USA, Canada, APAC",Remote,1,"LATAM, Europe, USA, Canada, APAC",Software Development,,full_time,,,,,2026-08-19T12:12:11,,Data & AI,https://remotive.com/remote-jobs/software-development/senior-data-engineer-2091097,2026-08-24T19:35:12.831516+00:00
9604ca3cf59e5d55,Remotive,1919266,Senior Independent AI Engineer / Architect,A.Team,"Senior Independent AI Engineer / Architect Remote | Americas, Europe, or Israel Most AI engineers can find work. Finding work worth doing is harder. A.Team is an invite-only network of senior AI engineers, ML engineers, and AI architects building production AI systems for startups, enterprises, and global companies. Since 2020, builders in the network have earned more than $200M working with companies including Lyft, Google X, HCA, Unilever, Sightful, D-ID, and others. The Work You'll join small teams solving real problems. Not demos. Not proof-of-concepts that never ship. Not another thin wrapper around an API. Recent work has included: AI-native products built from 0→1 Agent architectures and orchestration systems Enterprise AI deployments Retrieval, evaluation, and reliability infrastructure LLM-powered workflows and products Machine learning platforms operating at scale You'll work directly with founders, CTOs, and product leaders, helping shape both technical direction and execution. Why Builders Join The best opportunities rarely make it to the open market. A.Team exists to solve that. No bidding. No prospecting. No race to the bottom. Just ambitious companies, difficult problems, and experienced peers. Who Thrives Here People who have already shipped. Engineers who have deployed AI systems into production, understand the tradeoffs behind the hype, and know how to turn technical complexity into business value. What matters is a track record of building and shipping. The Details Typical rates: $120-$170/hr Remote You keep 100% of your rate Not a Fit Early-career engineers People without production AI experience Small gig seekers Developers focused primarily on simple AI wrappers or templated implementations Apply Tell us what you've built. 👉 build.a.team/apply-ai . We'll take it from there.","Americas, Europe, Israel","Americas, Europe, Israel",Remote,1,"Americas, Europe, Israel",Software Development,,contract,,,$120 - $170 /hour,,2026-08-16T10:09:41,,Data & AI,https://remotive.com/remote-jobs/software-development/senior-independent-ai-engineer-architect-1919266,2026-08-24T19:35:12.831920+00:00
d4c7d631c9fd6479,Remotive,1919265,Senior Independent Software Developer,A.Team,"You must be located in the Americas, Europe, or Israel to apply. A·Team is a VC-backed, stealth, application-only home on the internet for senior independent software builders to team up with hand-picked, high-growth companies on their next big thing. After talking with hundreds of independent engineers, designers, and product folks, we heard over and over that finding vetted, high-quality, consistent clients is hard, and projects are often too small to be rewarding. A·Team matches small teams of the most talented builders in the world with companies backed by a16z, YC, Softbank, General Catalyst, etc. on a contract basis for many of their most important initiatives. We quietly launched in May 2020, and have helped A·Teamers earn $85+ million since. As part of A·Team, you can expect: High-paying, meaningful missions with the most audacious companies sent your way; generally $90-$150+/hr, with vetted, fascinating clients doing work that matters. We're picky about who we partner with; new clients only come in via trusted referral. We've worked with Lyft, McGraw Hill, ClearCo, Pepsi, Walmart, the former CEO of Waze, the leading vaccine production software, several new unicorns we can't say here, and dozens of startups backed by a16z/YC/Softbank/Insight/Tiger/etc. Work alongside friends old &amp; new: our niche is small/diverse product teams, since clients with larger budgets and higher-impact work tell us they want teams, not individuals. Of course, we keep friends together whenever we can. Full autonomy: say ""no"" to things that don't excite you. The most talented builders often juggle a few things at once, so there's never pressure to join an A·Team mission if you don't have the bandwidth. If we're no longer a fit, it's easy to leave or pause too. Small, curated, off-the-record gatherings: for conversations hard to have elsewhere. Long-term, we're creating micro-communities for the world's top builders to become friends around the things they care about. Keep 100% of what you earn: if you charge $120/hr, you get $120/hr. A·Team makes money by charging a small, flat, transparent platform fee on top of your rate. How to apply: Go here: https://build.a.team/remotivereferral + mention Remotive. We respect your time so the application is short. We're also much more interested in seeing what you've made, and excited to chat more if there’s a fit. What you’ll do: Once part of A.Team, you’ll regularly be invited to impactful missions that match your interests. Find the right pick from early-stage incubations with world-class founders, to fast-growing super-funded companies, to old school non-tech incumbents looking to build as a tech giant would Missions usually involve building an ambitious piece of software from 0 to 1 as part of a small 3-4 person team. You’ll be paid to scope it out, give the client options, guide strategy, and execute on the selected solution. Sometimes the client has a clear vision, sometimes not; which is why A.Team builders tend to be senior folks who can work together to find the right direction. Who A · Team is for: Senior software developers who left large companies and high-growth startups to pursue their craft with autonomy. Those who prefer consistent contract work over a full-time role, who want to create a variety of new products alongside other top-tier builders. The majority of A.Teamers spend most of their time doing independent work, but a sizeable percentage are either employed full-time (but testing out client work), bootstrapping a side project, or looking for their next big thing Who A · Team is not for: People looking for small gigs Folks looking to build simple wordpress/wix/squarespace-style websites Those still early in their careers (&lt;4 years) and recent university/bootcamp grads (at least not yet) Our long-term vision: A·Team is a new type of company for a new kind of independent software builder. We call them ""unhirables"": people who traditional companies couldn’t hire full-time even if they wanted to, but who want to do their most meaningful work with their favorite people in small, autonomous, distributed expert teams. To help us secure amazing missions, we raised $60 million+ from Insight Partenrs, Tiger Global, NFX, RocNation, along with the former CEO of Upwork, the founders of Fiverr and Lemonade, Apple's Global Head of Recruiting, YC Partner Aaron Harris, Wharton's Adam Grant, and Duke's Dan Ariely.","Americas, Europe, Israel","Americas, Europe, Israel",Remote,1,"Americas, Europe, Israel",Software Development,,contract,,,$90 - $150 /hour,,2026-08-16T10:09:34,,Software & IT,https://remotive.com/remote-jobs/software-development/senior-independent-software-developer-1919265,2026-08-24T19:35:12.832818+00:00
e3ae5bd96f16a9eb,Remotive,2069746,Tech Lead Full-Stack Rails Engineer,Mitre Media,"About Mitre Media Mitre Media is redefining FinTech with AI-driven tools that empower millions of investors. Our portfolio, including Dividend.com and MutualFunds.com, leverages LLMs to deliver novel data insights and visually rich user experiences. For over a decade, we’ve served individual investors, financial advisors, and top asset managers like BlackRock and Vanguard through our premium data, tools, and advertising solutions. Join our lean, entrepreneurial team to shape the future of AI-powered investing from your location ±3 hours from Eastern Time. Our users are deeply engaged, spending over 5 minutes per visit with a bounce rate below 10%, researching investments across hundreds of different categories. With 40 million brokerage accounts in the U.S., we take pride in building tools that make a real impact, fostering a culture of trust, innovation, and dynamism. If you’re passionate about financial technology and AI, we’d love to connect! About the Role As a Full-Stack Rails Tech Lead, you’ll architect and implement LLM-powered web applications within our microservices-based Rails 8 platform. Reporting directly to our CTO, you’ll collaborate with a small, high-impact team to deliver user experiences across Dividend.com, MutualFunds.com and other brands within our portfolio. This role combines expert Ruby on Rails skills with AI integration expertise, requiring you to leverage LLMs in your development workflow, state management and user interactions. You’ll work in a remote-first hybrid environment, which encourages in person collaboration, using ShapeUp to manage projects that trade-off on-time delivery for de-scoped outcomes. As a technical leader, you'll have a seat at the table shaping system architecture, implementing core features all while embracing an entrepreneurial mindset and a “get things done” mentality. Responsibilities Architect and maintain Rails applications (Rails 8) Integrate LLMs into our microservices architecture for state management and real-time user experiences. Enhance front-end experiences with Hotwire, StimulusJS, or React, ensuring seamless AI-driven interactions. Optimize LLM inference for low latency and cost, using caching and asynchronous processing. Required Technical Skills Back-End Ruby (5+ years, expert-level) Ruby on Rails (Rails 6-8 preferred) PostgreSQL (or MySQL) Elasticsearch Redis Docker Front-End StimulusJS or JavaScript ES6 Tailwind CSS HTML HTTP AI Integration Experience integrating AI/ML models (e.g., LLMs, NLP) with web applications Familiarity with LLM frameworks (e.g., LangChain, Hugging Face) or APIs (e.g., xAI, Anthropic) Nice-to-Have Technical Skills Kubernetes for microservices orchestration React for advanced front-end components Graph databases for complex financial data Contributions to open-source RoR or AI projects Required Soft Skills Entrepreneurial mindset with a passion for AI and FinTech Natural leader who mentors and inspires teammates Problem-solver with a “get things done” mentality Excellent communication, thriving in remote and cross-team collaboration Attention to detail, ensuring clean, maintainable code Team player comfortable as an individual contributor Why Join Us? Impactful Work : Build AI-powered tools that help millions of investors make informed decisions from data-driven insights. Cutting-Edge Tech : Work with Rails 8, LLMs, and modern tools like Hotwire, Databricks, and xAI’s API in a microservices architecture. Autonomy and Influence : Collaborate directly with our CEO and CTO to shape our AI-driven platform, with freedom to innovate. Competitive Compensation : $160,000–$200,000 CAD/USD (based on experience) and benefits. Remote Flexibility : Remote-first (±3 hours from ET) with hybrid in office collaboration in Toronto or NYC Growth Opportunities : Budget for AI and Rails conferences (e.g., NeurIPS, RailsConf), plus access to cutting-edge AI tools for experimentation. Dynamic Culture : Join a small, no-ego team passionate about trust, innovation, and making a difference in FinTech. About Mitre Media’s AI-Driven Platform Mitre Media powers premium financial brands like Dividend.com and MutualFunds.com with the Mitre Platform. This platform integrates traditional content management, financial data, first-party data, ad revenue, and subscription tools, all enhanced by LLMs for rich, user-focused experiences. Our data-derived insights delight users, while our advertising solutions deliver unmatched performance for partners like BlackRock and Vanguard, leveraging advanced targeting and first-party data. How to Apply Submit your resume, GitHub profile, and a brief note on why you’re excited about building AI-driven FinTech to jobs@mitremedia.com.","USA, Canada, USA timezones","USA, Canada, USA timezones",Remote,1,"USA, Canada, USA timezones",Software Development,,full_time,,,$170k - $200k,,2026-08-14T20:33:39,,Data & AI,https://remotive.com/remote-jobs/software-development/tech-lead-full-stack-rails-engineer-2069746,2026-08-24T19:35:12.833843+00:00
c14c8718d60545c2,Remotive,2091045,Tier III Service Desk Engineer,Unio Digital,"Unió Digital is an Arizona-based managed service provider (MSP) delivering Managed IT Services, Low Voltage Cabling, Access Control, Video Surveillance, and Intrusion Services. We believe technology should be intuitive, not intimidating. We are looking for an experienced Tier 3 Service Desk Technician with exceptional problem-solving skills. You will serve as the escalation point within the team, resolving complex technical issues while also leading client onboarding and project initiatives. You are expected to be involved in direct end-user support when required. If you have a passion for ensuring top-quality user support and thrive in a collaborative environment, this role is for you. Duties · Lead and support our helpdesk environment for managed service clients · Coordinate and manage client projects, acting as a bridge between the technical team and the client to ensure project success · Provide above and beyond support to our clients and respond to queries for technical assistance in person, via phone, or electronically as required · Provide training and support to clients during the onboarding process to ensure they understand how to effectively use their new IT systems and services. · Develop project plans for client onboarding and standardization projects, outlining tasks, resources required, and estimated timelines · Install, configure, diagnose, test and resolve technical hardware and software issues · Maintain and update written client and process documentation to ensure effective knowledge management · Provide mentorship and guidance to Tier I and Tier II service desk technicians, fostering a collaborative and knowledgeable team environment · Contribute to the development and improvement of IT service management processes and practices · Evaluate and anticipate IT trends and recommend strategies and implement improvement initiatives Our Technology Stack · Helpdesk / Ticketing – HaloPSA · Documentation – Hudu · RMM – Intune / Immybot · Networking – Meraki · Email/Calendar/Voice/AD – Microsoft 365 · Security Cameras – Rhombus / Avigilon · Door Access – Avigilon Qualification · 6+ years of experience providing IT services and end-user support · Prior experience at a managed service provider is critical to understand the fast-paced nature of the industry · Client-oriented approach with a passion for delivering high-quality customer service · Proven experience leading IT projects · A self-starter who is eager to expand their qualifications · Background in providing direct end-user support · High level of attention to detail · Excellent verbal and written communication skills · IT-related degree and/or certifications (Cisco, A+, Network+, Microsoft, or equivalent) · Advanced technical knowledge, including experience with Azure AD, Active Directory, Intune, or other RMM agents Our Core Values Dream Big, Then Make it Real We flex our imagination and challenge ourselves to a higher standard. Do, rather than talk and tell. Client Driven Results Clients trust us to find solutions that deliver exceptional results. When they succeed, we succeed. Own Your Progress We continuously improve through rapid innovation and embracing our mistakes. Own it means a relentless pursuit of the solution. We Do It Right…even when no one’s watching. Period.",Worldwide,Worldwide,Remote,1,Worldwide,Information Technology,,full_time,,,,,2026-08-07T01:10:06,,Software & IT,https://remotive.com/remote-jobs/information-technology/tier-iii-service-desk-engineer-2091045,2026-08-24T19:35:12.834456+00:00
3531ee6e1d957966,Remotive,2090903,Data Labeling Specialists,Workada,"Who We Are Workada creates high-quality labeled data for advanced technology systems. Our team reviews, organizes, categorizes, evaluates, and quality-checks digital content so those systems can better understand information and perform real-world tasks. We believe careful data work matters. Every reviewed item, categorized example, and quality-checked task helps improve how technology interprets information, follows instructions, and responds in practical settings. About You We're hiring detail-oriented individuals who are comfortable working on a computer and interested in careful, focused digital work. We're especially interested in: People who can carefully review written information, images, documents, or other digital content Strong readers and writers with good judgment People who can follow detailed instructions consistently Individuals who are comfortable using web-based tools and online platforms People who take quality seriously and can spot mistakes or inconsistencies Those who enjoy focused, independent work while contributing to a larger project Strong character matters — we value integrity, reliability, curiosity, and a commitment to high-quality work Qualifications Comfortable using a computer for extended periods Reliable internet connection Strong attention to detail Ability to follow written guidelines and project instructions Clear written communication skills Basic familiarity with spreadsheets, online forms, or web-based work tools Ability to work independently and meet deadlines Prior experience in data labeling, annotation, quality review, research, writing, customer support, operations, or administrative work is helpful but not required Compensation Compensation is $17 an hour and a max of 40 hours a week. A Place to Do Meaningful Work Data labeling may sound simple, but it plays an important role in improving the technology people use every day. At Workada, your work helps create the examples and feedback that make advanced systems more accurate, consistent, and useful. We're looking for people who care about accuracy, consistency, and careful judgment. Whether you're reviewing text, categorizing information, evaluating responses, or checking data quality, your work helps improve the way technology performs.",USA,USA,Remote,1,USA,Data and Analytics,,freelance,,,$17/hr,,2026-07-26T20:49:11,,Data & AI,https://remotive.com/remote-jobs/data/data-labeling-specialists-2090903,2026-08-24T19:35:12.834849+00:00
