job_id,source,source_job_id,job_title,company,job_description,location,country,work_mode,remote_scope,job_field,industry,employment_type,experience_required,education_required,salary,currency,date_posted,application_deadline,tech_category,vacancy_url,scraped_at
ff4b76f2ec2aee84,hotnigerianjobs,953269,Flour Mills of Nigeria Plc Job Recruitment (3 Positions),,Flour Mills of Nigeria Plc Job Recruitment (3 Positions) Addoz Integrated Resources Job Recruitment (6 Positions) Cemex Portals Job Recruitment (6 Positions) UnoCasa Consulting Job Recruitment (3 Positions) Inspire Polytechnic Job Recruitment (3 Positions) M-P Infrastructure Limited Job Recruitment (4 Positions) M.I.P Consultants Limited Job Recruitment (14 Positions) DreamCity Property & Investment Limited Job Recruitment (6 Positions) Tybtitx Services International Limited Internship & Exp. Job Recruitment (6 Positions) Kiyix Recruitment Hub Job Recruitment (10 Positions) Sunhive Job Recruitment Integrated Dairies Limited Job Recruitment (5 Positions) Westfield Consulting Limited Job Recruitment (7 Positions) Quema Consulting Job Recruitment (13 Positions) Astria Learning Job Recruitment (4 Positions) PGE Travels and Education Consulting Graduate & Exp. Job Recruitment (5 Positions) Jewels Leading Lights Academy Job Recruitment (3 Positions) Lunar Signature Hotel Job Recruitment (4 Positions) Uniccon Group of Companies Job Recruitment (5 Positions) Mega Star Technical and Construction Company Graduate Trainee & Exp. Job Recruitment (4 Positions) Dragnet Solutions Limited Job Recruitment Ponticelli Nigeria Limited (PNL) Job Recruitment (3 Positions) HNJ Exclusive Job GOODY Bag - SEPTEMBER Week ONE UPDATE! Latest Entry-level & Internship Job Recruitment in Nigeria - HNJobs (Weekly Recap) HNJobs (Recap): International Agency / NGO / Multinational Job Opportunities - HNJ Exclusive Latest Graduate & Management Trainee Job Recruitment in Nigeria - HNJobs (Weekly Recap) Latest Oil & Gas Job Opportunities in Nigeria - HNJ Exclusive 7treads Consults Job Recruitment (4 Positions) Latest Customer Service / Front Desk Job Recruitment in Nigeria - HNJobs (Weekly Recap) HNJobs (Recap): Federal / State Government Job Opportunities - HNJ Exclusive Zinance Limited Job Recruitment (5 Positions) HNJobs (Recap): Remote / Work-At-Home Job Opportunities HOP Services Job Recruitment (3 Positions) Lily Hospitals Limited Internship & Exp. Job Recruitment (7 Positions) Food Concepts Plc Trainee & Exp. Job Recruitment (6 Positions) Pages International School Job Recruitment (4 Positions) Stretch-it Concepts Limited Job Recruitment (4 Positions) iRecharge Tech-Innovations Limited Job Recruitment (3 Positions) Emerald Food & Beverage Company Limited Job Recruitment (3 Positions) ResumeSurge Consulting Job Recruitment (6 Positions) S&M Nigeria Limited Job Recruitment (3 Positions) Paystack Job Recruitment (7 Positions) Respected Solutions and Investment Limited Job Recruitment (3 Positions) Independent Project Monitoring Company Limited (IPMC) Job Recruitment (14 Positions) The Lady9ice Hair Job Recruitment (4 Positions) Skipper Eye-Q Hospitals Nigeria Limited Graduate & Exp. Job Recruitment (9 Positions) ASA Security Job Recruitment (8 Positions) Whitesoul Group Job Recruitment (4 Positions) Medecins du Monde (MdM) Job Recruitment (5 Positions) One Acre Fund Job Recruitment (9 Positions),,Nigeria,remote,Country-only,,Computer / AI / Technology / IT Services,,,,,,,,Other Tech,https://www.hotnigerianjobs.com/hotjobs/953269/flour-mills-of-nigeria-plc-job-recruitment-3-posit.html,2026-09-05T21:10:09+00:00
8398db965e9bb6a3,hotnigerianjobs,953266,Addoz Integrated Resources Job Recruitment (6 Positions),,Flour Mills of Nigeria Plc Job Recruitment (3 Positions) Addoz Integrated Resources Job Recruitment (6 Positions) Cemex Portals Job Recruitment (6 Positions) UnoCasa Consulting Job Recruitment (3 Positions) Inspire Polytechnic Job Recruitment (3 Positions) M-P Infrastructure Limited Job Recruitment (4 Positions) M.I.P Consultants Limited Job Recruitment (14 Positions) DreamCity Property & Investment Limited Job Recruitment (6 Positions) Tybtitx Services International Limited Internship & Exp. Job Recruitment (6 Positions) Kiyix Recruitment Hub Job Recruitment (10 Positions) Sunhive Job Recruitment Integrated Dairies Limited Job Recruitment (5 Positions) Westfield Consulting Limited Job Recruitment (7 Positions) Quema Consulting Job Recruitment (13 Positions) Astria Learning Job Recruitment (4 Positions) PGE Travels and Education Consulting Graduate & Exp. Job Recruitment (5 Positions) Jewels Leading Lights Academy Job Recruitment (3 Positions) Lunar Signature Hotel Job Recruitment (4 Positions) Uniccon Group of Companies Job Recruitment (5 Positions) Mega Star Technical and Construction Company Graduate Trainee & Exp. Job Recruitment (4 Positions) Dragnet Solutions Limited Job Recruitment Ponticelli Nigeria Limited (PNL) Job Recruitment (3 Positions) HNJ Exclusive Job GOODY Bag - SEPTEMBER Week ONE UPDATE! Latest Entry-level & Internship Job Recruitment in Nigeria - HNJobs (Weekly Recap) HNJobs (Recap): International Agency / NGO / Multinational Job Opportunities - HNJ Exclusive Latest Graduate & Management Trainee Job Recruitment in Nigeria - HNJobs (Weekly Recap) Latest Oil & Gas Job Opportunities in Nigeria - HNJ Exclusive 7treads Consults Job Recruitment (4 Positions) Latest Customer Service / Front Desk Job Recruitment in Nigeria - HNJobs (Weekly Recap) HNJobs (Recap): Federal / State Government Job Opportunities - HNJ Exclusive Zinance Limited Job Recruitment (5 Positions) HNJobs (Recap): Remote / Work-At-Home Job Opportunities HOP Services Job Recruitment (3 Positions) Lily Hospitals Limited Internship & Exp. Job Recruitment (7 Positions) Food Concepts Plc Trainee & Exp. Job Recruitment (6 Positions) Pages International School Job Recruitment (4 Positions) Stretch-it Concepts Limited Job Recruitment (4 Positions) iRecharge Tech-Innovations Limited Job Recruitment (3 Positions) Emerald Food & Beverage Company Limited Job Recruitment (3 Positions) ResumeSurge Consulting Job Recruitment (6 Positions) S&M Nigeria Limited Job Recruitment (3 Positions) Paystack Job Recruitment (7 Positions) Respected Solutions and Investment Limited Job Recruitment (3 Positions) Independent Project Monitoring Company Limited (IPMC) Job Recruitment (14 Positions) The Lady9ice Hair Job Recruitment (4 Positions) Skipper Eye-Q Hospitals Nigeria Limited Graduate & Exp. Job Recruitment (9 Positions) ASA Security Job Recruitment (8 Positions) Whitesoul Group Job Recruitment (4 Positions) Medecins du Monde (MdM) Job Recruitment (5 Positions) One Acre Fund Job Recruitment (9 Positions),,Nigeria,remote,Country-only,,Computer / AI / Technology / IT Services,,,,,,,,Other Tech,https://www.hotnigerianjobs.com/hotjobs/953266/addoz-integrated-resources-job-recruitment-6-posit.html,2026-09-05T21:10:09+00:00
a2dff3fcb229b3f3,hotnigerianjobs,953264,Cemex Portals Job Recruitment (6 Positions),,Flour Mills of Nigeria Plc Job Recruitment (3 Positions) Addoz Integrated Resources Job Recruitment (6 Positions) Cemex Portals Job Recruitment (6 Positions) UnoCasa Consulting Job Recruitment (3 Positions) Inspire Polytechnic Job Recruitment (3 Positions) M-P Infrastructure Limited Job Recruitment (4 Positions) M.I.P Consultants Limited Job Recruitment (14 Positions) DreamCity Property & Investment Limited Job Recruitment (6 Positions) Tybtitx Services International Limited Internship & Exp. Job Recruitment (6 Positions) Kiyix Recruitment Hub Job Recruitment (10 Positions) Sunhive Job Recruitment Integrated Dairies Limited Job Recruitment (5 Positions) Westfield Consulting Limited Job Recruitment (7 Positions) Quema Consulting Job Recruitment (13 Positions) Astria Learning Job Recruitment (4 Positions) PGE Travels and Education Consulting Graduate & Exp. Job Recruitment (5 Positions) Jewels Leading Lights Academy Job Recruitment (3 Positions) Lunar Signature Hotel Job Recruitment (4 Positions) Uniccon Group of Companies Job Recruitment (5 Positions) Mega Star Technical and Construction Company Graduate Trainee & Exp. Job Recruitment (4 Positions) Dragnet Solutions Limited Job Recruitment Ponticelli Nigeria Limited (PNL) Job Recruitment (3 Positions) HNJ Exclusive Job GOODY Bag - SEPTEMBER Week ONE UPDATE! Latest Entry-level & Internship Job Recruitment in Nigeria - HNJobs (Weekly Recap) HNJobs (Recap): International Agency / NGO / Multinational Job Opportunities - HNJ Exclusive Latest Graduate & Management Trainee Job Recruitment in Nigeria - HNJobs (Weekly Recap) Latest Oil & Gas Job Opportunities in Nigeria - HNJ Exclusive 7treads Consults Job Recruitment (4 Positions) Latest Customer Service / Front Desk Job Recruitment in Nigeria - HNJobs (Weekly Recap) HNJobs (Recap): Federal / State Government Job Opportunities - HNJ Exclusive Zinance Limited Job Recruitment (5 Positions) HNJobs (Recap): Remote / Work-At-Home Job Opportunities HOP Services Job Recruitment (3 Positions) Lily Hospitals Limited Internship & Exp. Job Recruitment (7 Positions) Food Concepts Plc Trainee & Exp. Job Recruitment (6 Positions) Pages International School Job Recruitment (4 Positions) Stretch-it Concepts Limited Job Recruitment (4 Positions) iRecharge Tech-Innovations Limited Job Recruitment (3 Positions) Emerald Food & Beverage Company Limited Job Recruitment (3 Positions) ResumeSurge Consulting Job Recruitment (6 Positions) S&M Nigeria Limited Job Recruitment (3 Positions) Paystack Job Recruitment (7 Positions) Respected Solutions and Investment Limited Job Recruitment (3 Positions) Independent Project Monitoring Company Limited (IPMC) Job Recruitment (14 Positions) The Lady9ice Hair Job Recruitment (4 Positions) Skipper Eye-Q Hospitals Nigeria Limited Graduate & Exp. Job Recruitment (9 Positions) ASA Security Job Recruitment (8 Positions) Whitesoul Group Job Recruitment (4 Positions) Medecins du Monde (MdM) Job Recruitment (5 Positions) One Acre Fund Job Recruitment (9 Positions),,Nigeria,remote,Country-only,,Computer / AI / Technology / IT Services,,,,,,,,Other Tech,https://www.hotnigerianjobs.com/hotjobs/953264/cemex-portals-job-recruitment-6-positions.html,2026-09-05T21:10:09+00:00
5ccc480804733f95,hotnigerianjobs,953262,UnoCasa Consulting Job Recruitment (3 Positions),,Flour Mills of Nigeria Plc Job Recruitment (3 Positions) Addoz Integrated Resources Job Recruitment (6 Positions) Cemex Portals Job Recruitment (6 Positions) UnoCasa Consulting Job Recruitment (3 Positions) Inspire Polytechnic Job Recruitment (3 Positions) M-P Infrastructure Limited Job Recruitment (4 Positions) M.I.P Consultants Limited Job Recruitment (14 Positions) DreamCity Property & Investment Limited Job Recruitment (6 Positions) Tybtitx Services International Limited Internship & Exp. Job Recruitment (6 Positions) Kiyix Recruitment Hub Job Recruitment (10 Positions) Sunhive Job Recruitment Integrated Dairies Limited Job Recruitment (5 Positions) Westfield Consulting Limited Job Recruitment (7 Positions) Quema Consulting Job Recruitment (13 Positions) Astria Learning Job Recruitment (4 Positions) PGE Travels and Education Consulting Graduate & Exp. Job Recruitment (5 Positions) Jewels Leading Lights Academy Job Recruitment (3 Positions) Lunar Signature Hotel Job Recruitment (4 Positions) Uniccon Group of Companies Job Recruitment (5 Positions) Mega Star Technical and Construction Company Graduate Trainee & Exp. Job Recruitment (4 Positions) Dragnet Solutions Limited Job Recruitment Ponticelli Nigeria Limited (PNL) Job Recruitment (3 Positions) HNJ Exclusive Job GOODY Bag - SEPTEMBER Week ONE UPDATE! Latest Entry-level & Internship Job Recruitment in Nigeria - HNJobs (Weekly Recap) HNJobs (Recap): International Agency / NGO / Multinational Job Opportunities - HNJ Exclusive Latest Graduate & Management Trainee Job Recruitment in Nigeria - HNJobs (Weekly Recap) Latest Oil & Gas Job Opportunities in Nigeria - HNJ Exclusive 7treads Consults Job Recruitment (4 Positions) Latest Customer Service / Front Desk Job Recruitment in Nigeria - HNJobs (Weekly Recap) HNJobs (Recap): Federal / State Government Job Opportunities - HNJ Exclusive Zinance Limited Job Recruitment (5 Positions) HNJobs (Recap): Remote / Work-At-Home Job Opportunities HOP Services Job Recruitment (3 Positions) Lily Hospitals Limited Internship & Exp. Job Recruitment (7 Positions) Food Concepts Plc Trainee & Exp. Job Recruitment (6 Positions) Pages International School Job Recruitment (4 Positions) Stretch-it Concepts Limited Job Recruitment (4 Positions) iRecharge Tech-Innovations Limited Job Recruitment (3 Positions) Emerald Food & Beverage Company Limited Job Recruitment (3 Positions) ResumeSurge Consulting Job Recruitment (6 Positions) S&M Nigeria Limited Job Recruitment (3 Positions) Paystack Job Recruitment (7 Positions) Respected Solutions and Investment Limited Job Recruitment (3 Positions) Independent Project Monitoring Company Limited (IPMC) Job Recruitment (14 Positions) The Lady9ice Hair Job Recruitment (4 Positions) Skipper Eye-Q Hospitals Nigeria Limited Graduate & Exp. Job Recruitment (9 Positions) ASA Security Job Recruitment (8 Positions) Whitesoul Group Job Recruitment (4 Positions) Medecins du Monde (MdM) Job Recruitment (5 Positions) One Acre Fund Job Recruitment (9 Positions),,Nigeria,remote,Country-only,,Computer / AI / Technology / IT Services,,,,,,,,Other Tech,https://www.hotnigerianjobs.com/hotjobs/953262/unocasa-consulting-job-recruitment-3-positions.html,2026-09-05T21:10:09+00:00
96c1e7eb3200040e,hotnigerianjobs,953261,Inspire Polytechnic Job Recruitment (3 Positions),,Flour Mills of Nigeria Plc Job Recruitment (3 Positions) Addoz Integrated Resources Job Recruitment (6 Positions) Cemex Portals Job Recruitment (6 Positions) UnoCasa Consulting Job Recruitment (3 Positions) Inspire Polytechnic Job Recruitment (3 Positions) M-P Infrastructure Limited Job Recruitment (4 Positions) M.I.P Consultants Limited Job Recruitment (14 Positions) DreamCity Property & Investment Limited Job Recruitment (6 Positions) Tybtitx Services International Limited Internship & Exp. Job Recruitment (6 Positions) Kiyix Recruitment Hub Job Recruitment (10 Positions) Sunhive Job Recruitment Integrated Dairies Limited Job Recruitment (5 Positions) Westfield Consulting Limited Job Recruitment (7 Positions) Quema Consulting Job Recruitment (13 Positions) Astria Learning Job Recruitment (4 Positions) PGE Travels and Education Consulting Graduate & Exp. Job Recruitment (5 Positions) Jewels Leading Lights Academy Job Recruitment (3 Positions) Lunar Signature Hotel Job Recruitment (4 Positions) Uniccon Group of Companies Job Recruitment (5 Positions) Mega Star Technical and Construction Company Graduate Trainee & Exp. Job Recruitment (4 Positions) Dragnet Solutions Limited Job Recruitment Ponticelli Nigeria Limited (PNL) Job Recruitment (3 Positions) HNJ Exclusive Job GOODY Bag - SEPTEMBER Week ONE UPDATE! Latest Entry-level & Internship Job Recruitment in Nigeria - HNJobs (Weekly Recap) HNJobs (Recap): International Agency / NGO / Multinational Job Opportunities - HNJ Exclusive Latest Graduate & Management Trainee Job Recruitment in Nigeria - HNJobs (Weekly Recap) Latest Oil & Gas Job Opportunities in Nigeria - HNJ Exclusive 7treads Consults Job Recruitment (4 Positions) Latest Customer Service / Front Desk Job Recruitment in Nigeria - HNJobs (Weekly Recap) HNJobs (Recap): Federal / State Government Job Opportunities - HNJ Exclusive Zinance Limited Job Recruitment (5 Positions) HNJobs (Recap): Remote / Work-At-Home Job Opportunities HOP Services Job Recruitment (3 Positions) Lily Hospitals Limited Internship & Exp. Job Recruitment (7 Positions) Food Concepts Plc Trainee & Exp. Job Recruitment (6 Positions) Pages International School Job Recruitment (4 Positions) Stretch-it Concepts Limited Job Recruitment (4 Positions) iRecharge Tech-Innovations Limited Job Recruitment (3 Positions) Emerald Food & Beverage Company Limited Job Recruitment (3 Positions) ResumeSurge Consulting Job Recruitment (6 Positions) S&M Nigeria Limited Job Recruitment (3 Positions) Paystack Job Recruitment (7 Positions) Respected Solutions and Investment Limited Job Recruitment (3 Positions) Independent Project Monitoring Company Limited (IPMC) Job Recruitment (14 Positions) The Lady9ice Hair Job Recruitment (4 Positions) Skipper Eye-Q Hospitals Nigeria Limited Graduate & Exp. Job Recruitment (9 Positions) ASA Security Job Recruitment (8 Positions) Whitesoul Group Job Recruitment (4 Positions) Medecins du Monde (MdM) Job Recruitment (5 Positions) One Acre Fund Job Recruitment (9 Positions),,Nigeria,remote,Country-only,,Computer / AI / Technology / IT Services,,,,,,,,Other Tech,https://www.hotnigerianjobs.com/hotjobs/953261/inspire-polytechnic-job-recruitment-3-positions.html,2026-09-05T21:10:09+00:00
da74adc8696e6595,hotnigerianjobs,953260,M-P Infrastructure Limited Job Recruitment (4 Positions),,Flour Mills of Nigeria Plc Job Recruitment (3 Positions) Addoz Integrated Resources Job Recruitment (6 Positions) Cemex Portals Job Recruitment (6 Positions) UnoCasa Consulting Job Recruitment (3 Positions) Inspire Polytechnic Job Recruitment (3 Positions) M-P Infrastructure Limited Job Recruitment (4 Positions) M.I.P Consultants Limited Job Recruitment (14 Positions) DreamCity Property & Investment Limited Job Recruitment (6 Positions) Tybtitx Services International Limited Internship & Exp. Job Recruitment (6 Positions) Kiyix Recruitment Hub Job Recruitment (10 Positions) Sunhive Job Recruitment Integrated Dairies Limited Job Recruitment (5 Positions) Westfield Consulting Limited Job Recruitment (7 Positions) Quema Consulting Job Recruitment (13 Positions) Astria Learning Job Recruitment (4 Positions) PGE Travels and Education Consulting Graduate & Exp. Job Recruitment (5 Positions) Jewels Leading Lights Academy Job Recruitment (3 Positions) Lunar Signature Hotel Job Recruitment (4 Positions) Uniccon Group of Companies Job Recruitment (5 Positions) Mega Star Technical and Construction Company Graduate Trainee & Exp. Job Recruitment (4 Positions) Dragnet Solutions Limited Job Recruitment Ponticelli Nigeria Limited (PNL) Job Recruitment (3 Positions) HNJ Exclusive Job GOODY Bag - SEPTEMBER Week ONE UPDATE! Latest Entry-level & Internship Job Recruitment in Nigeria - HNJobs (Weekly Recap) HNJobs (Recap): International Agency / NGO / Multinational Job Opportunities - HNJ Exclusive Latest Graduate & Management Trainee Job Recruitment in Nigeria - HNJobs (Weekly Recap) Latest Oil & Gas Job Opportunities in Nigeria - HNJ Exclusive 7treads Consults Job Recruitment (4 Positions) Latest Customer Service / Front Desk Job Recruitment in Nigeria - HNJobs (Weekly Recap) HNJobs (Recap): Federal / State Government Job Opportunities - HNJ Exclusive Zinance Limited Job Recruitment (5 Positions) HNJobs (Recap): Remote / Work-At-Home Job Opportunities HOP Services Job Recruitment (3 Positions) Lily Hospitals Limited Internship & Exp. Job Recruitment (7 Positions) Food Concepts Plc Trainee & Exp. Job Recruitment (6 Positions) Pages International School Job Recruitment (4 Positions) Stretch-it Concepts Limited Job Recruitment (4 Positions) iRecharge Tech-Innovations Limited Job Recruitment (3 Positions) Emerald Food & Beverage Company Limited Job Recruitment (3 Positions) ResumeSurge Consulting Job Recruitment (6 Positions) S&M Nigeria Limited Job Recruitment (3 Positions) Paystack Job Recruitment (7 Positions) Respected Solutions and Investment Limited Job Recruitment (3 Positions) Independent Project Monitoring Company Limited (IPMC) Job Recruitment (14 Positions) The Lady9ice Hair Job Recruitment (4 Positions) Skipper Eye-Q Hospitals Nigeria Limited Graduate & Exp. Job Recruitment (9 Positions) ASA Security Job Recruitment (8 Positions) Whitesoul Group Job Recruitment (4 Positions) Medecins du Monde (MdM) Job Recruitment (5 Positions) One Acre Fund Job Recruitment (9 Positions),,Nigeria,remote,Country-only,,Computer / AI / Technology / IT Services,,,,,,,,Other Tech,https://www.hotnigerianjobs.com/hotjobs/953260/mp-infrastructure-limited-job-recruitment-4-positi.html,2026-09-05T21:10:09+00:00
a723d6b5079e0017,hotnigerianjobs,953250,M.I.P Consultants Limited Job Recruitment (14 Positions),,Flour Mills of Nigeria Plc Job Recruitment (3 Positions) Addoz Integrated Resources Job Recruitment (6 Positions) Cemex Portals Job Recruitment (6 Positions) UnoCasa Consulting Job Recruitment (3 Positions) Inspire Polytechnic Job Recruitment (3 Positions) M-P Infrastructure Limited Job Recruitment (4 Positions) M.I.P Consultants Limited Job Recruitment (14 Positions) DreamCity Property & Investment Limited Job Recruitment (6 Positions) Tybtitx Services International Limited Internship & Exp. Job Recruitment (6 Positions) Kiyix Recruitment Hub Job Recruitment (10 Positions) Sunhive Job Recruitment Integrated Dairies Limited Job Recruitment (5 Positions) Westfield Consulting Limited Job Recruitment (7 Positions) Quema Consulting Job Recruitment (13 Positions) Astria Learning Job Recruitment (4 Positions) PGE Travels and Education Consulting Graduate & Exp. Job Recruitment (5 Positions) Jewels Leading Lights Academy Job Recruitment (3 Positions) Lunar Signature Hotel Job Recruitment (4 Positions) Uniccon Group of Companies Job Recruitment (5 Positions) Mega Star Technical and Construction Company Graduate Trainee & Exp. Job Recruitment (4 Positions) Dragnet Solutions Limited Job Recruitment Ponticelli Nigeria Limited (PNL) Job Recruitment (3 Positions) HNJ Exclusive Job GOODY Bag - SEPTEMBER Week ONE UPDATE! Latest Entry-level & Internship Job Recruitment in Nigeria - HNJobs (Weekly Recap) HNJobs (Recap): International Agency / NGO / Multinational Job Opportunities - HNJ Exclusive Latest Graduate & Management Trainee Job Recruitment in Nigeria - HNJobs (Weekly Recap) Latest Oil & Gas Job Opportunities in Nigeria - HNJ Exclusive 7treads Consults Job Recruitment (4 Positions) Latest Customer Service / Front Desk Job Recruitment in Nigeria - HNJobs (Weekly Recap) HNJobs (Recap): Federal / State Government Job Opportunities - HNJ Exclusive Zinance Limited Job Recruitment (5 Positions) HNJobs (Recap): Remote / Work-At-Home Job Opportunities HOP Services Job Recruitment (3 Positions) Lily Hospitals Limited Internship & Exp. Job Recruitment (7 Positions) Food Concepts Plc Trainee & Exp. Job Recruitment (6 Positions) Pages International School Job Recruitment (4 Positions) Stretch-it Concepts Limited Job Recruitment (4 Positions) iRecharge Tech-Innovations Limited Job Recruitment (3 Positions) Emerald Food & Beverage Company Limited Job Recruitment (3 Positions) ResumeSurge Consulting Job Recruitment (6 Positions) S&M Nigeria Limited Job Recruitment (3 Positions) Paystack Job Recruitment (7 Positions) Respected Solutions and Investment Limited Job Recruitment (3 Positions) Independent Project Monitoring Company Limited (IPMC) Job Recruitment (14 Positions) The Lady9ice Hair Job Recruitment (4 Positions) Skipper Eye-Q Hospitals Nigeria Limited Graduate & Exp. Job Recruitment (9 Positions) ASA Security Job Recruitment (8 Positions) Whitesoul Group Job Recruitment (4 Positions) Medecins du Monde (MdM) Job Recruitment (5 Positions) One Acre Fund Job Recruitment (9 Positions),,Nigeria,remote,Country-only,,Computer / AI / Technology / IT Services,,,,,,,,Other Tech,https://www.hotnigerianjobs.com/hotjobs/953250/mip-consultants-limited-job-recruitment-14-positio.html,2026-09-05T21:10:09+00:00
4fab3441db62a3ab,hotnigerianjobs,953247,DreamCity Property & Investment Limited Job Recruitment (6 Positions),,DreamCity Property & Investment Limited Job Recruitment (6 Positions),,Nigeria,unknown,,,Computer / AI / Technology / IT Services,,,,,,,,,https://www.hotnigerianjobs.com/hotjobs/953247/dreamcity-property-investment-limited-job-recruitm.html,2026-09-05T21:10:09+00:00
ee6e214dd4181f87,hotnigerianjobs,953240,Tybtitx Services International Limited Internship & Exp. Job Recruitment (6 Positions),,Tybtitx Services International Limited Internship & Exp. Job Recruitment (6 Positions),,Nigeria,unknown,,,Computer / AI / Technology / IT Services,,,,,,,,,https://www.hotnigerianjobs.com/hotjobs/953240/tybtitx-services-international-limited-internship.html,2026-09-05T21:10:09+00:00
d754aa4be945f808,hotnigerianjobs,953238,Kiyix Recruitment Hub Job Recruitment (10 Positions),,Flour Mills of Nigeria Plc Job Recruitment (3 Positions) Addoz Integrated Resources Job Recruitment (6 Positions) Cemex Portals Job Recruitment (6 Positions) UnoCasa Consulting Job Recruitment (3 Positions) Inspire Polytechnic Job Recruitment (3 Positions) M-P Infrastructure Limited Job Recruitment (4 Positions) M.I.P Consultants Limited Job Recruitment (14 Positions) DreamCity Property & Investment Limited Job Recruitment (6 Positions) Tybtitx Services International Limited Internship & Exp. Job Recruitment (6 Positions) Kiyix Recruitment Hub Job Recruitment (10 Positions) Sunhive Job Recruitment Integrated Dairies Limited Job Recruitment (5 Positions) Westfield Consulting Limited Job Recruitment (7 Positions) Quema Consulting Job Recruitment (13 Positions) Astria Learning Job Recruitment (4 Positions) PGE Travels and Education Consulting Graduate & Exp. Job Recruitment (5 Positions) Jewels Leading Lights Academy Job Recruitment (3 Positions) Lunar Signature Hotel Job Recruitment (4 Positions) Uniccon Group of Companies Job Recruitment (5 Positions) Mega Star Technical and Construction Company Graduate Trainee & Exp. Job Recruitment (4 Positions) Dragnet Solutions Limited Job Recruitment Ponticelli Nigeria Limited (PNL) Job Recruitment (3 Positions) HNJ Exclusive Job GOODY Bag - SEPTEMBER Week ONE UPDATE! Latest Entry-level & Internship Job Recruitment in Nigeria - HNJobs (Weekly Recap) HNJobs (Recap): International Agency / NGO / Multinational Job Opportunities - HNJ Exclusive Latest Graduate & Management Trainee Job Recruitment in Nigeria - HNJobs (Weekly Recap) Latest Oil & Gas Job Opportunities in Nigeria - HNJ Exclusive 7treads Consults Job Recruitment (4 Positions) Latest Customer Service / Front Desk Job Recruitment in Nigeria - HNJobs (Weekly Recap) HNJobs (Recap): Federal / State Government Job Opportunities - HNJ Exclusive Zinance Limited Job Recruitment (5 Positions) HNJobs (Recap): Remote / Work-At-Home Job Opportunities HOP Services Job Recruitment (3 Positions) Lily Hospitals Limited Internship & Exp. Job Recruitment (7 Positions) Food Concepts Plc Trainee & Exp. Job Recruitment (6 Positions) Pages International School Job Recruitment (4 Positions) Stretch-it Concepts Limited Job Recruitment (4 Positions) iRecharge Tech-Innovations Limited Job Recruitment (3 Positions) Emerald Food & Beverage Company Limited Job Recruitment (3 Positions) ResumeSurge Consulting Job Recruitment (6 Positions) S&M Nigeria Limited Job Recruitment (3 Positions) Paystack Job Recruitment (7 Positions) Respected Solutions and Investment Limited Job Recruitment (3 Positions) Independent Project Monitoring Company Limited (IPMC) Job Recruitment (14 Positions) The Lady9ice Hair Job Recruitment (4 Positions) Skipper Eye-Q Hospitals Nigeria Limited Graduate & Exp. Job Recruitment (9 Positions) ASA Security Job Recruitment (8 Positions) Whitesoul Group Job Recruitment (4 Positions) Medecins du Monde (MdM) Job Recruitment (5 Positions) One Acre Fund Job Recruitment (9 Positions),,Nigeria,remote,Country-only,,Computer / AI / Technology / IT Services,,,,,,,,Other Tech,https://www.hotnigerianjobs.com/hotjobs/953238/kiyix-recruitment-hub-job-recruitment-9-positions.html,2026-09-05T21:10:09+00:00
cb25b2010a667dc4,hotnigerianjobs,953211,Sunhive Job Recruitment,,Flour Mills of Nigeria Plc Job Recruitment (3 Positions) Addoz Integrated Resources Job Recruitment (6 Positions) Cemex Portals Job Recruitment (6 Positions) UnoCasa Consulting Job Recruitment (3 Positions) Inspire Polytechnic Job Recruitment (3 Positions) M-P Infrastructure Limited Job Recruitment (4 Positions) M.I.P Consultants Limited Job Recruitment (14 Positions) DreamCity Property & Investment Limited Job Recruitment (6 Positions) Tybtitx Services International Limited Internship & Exp. Job Recruitment (6 Positions) Kiyix Recruitment Hub Job Recruitment (10 Positions) Sunhive Job Recruitment Integrated Dairies Limited Job Recruitment (5 Positions) Westfield Consulting Limited Job Recruitment (7 Positions) Quema Consulting Job Recruitment (13 Positions) Astria Learning Job Recruitment (4 Positions) PGE Travels and Education Consulting Graduate & Exp. Job Recruitment (5 Positions) Jewels Leading Lights Academy Job Recruitment (3 Positions) Lunar Signature Hotel Job Recruitment (4 Positions) Uniccon Group of Companies Job Recruitment (5 Positions) Mega Star Technical and Construction Company Graduate Trainee & Exp. Job Recruitment (4 Positions) Dragnet Solutions Limited Job Recruitment Ponticelli Nigeria Limited (PNL) Job Recruitment (3 Positions) HNJ Exclusive Job GOODY Bag - SEPTEMBER Week ONE UPDATE! Latest Entry-level & Internship Job Recruitment in Nigeria - HNJobs (Weekly Recap) HNJobs (Recap): International Agency / NGO / Multinational Job Opportunities - HNJ Exclusive Latest Graduate & Management Trainee Job Recruitment in Nigeria - HNJobs (Weekly Recap) Latest Oil & Gas Job Opportunities in Nigeria - HNJ Exclusive 7treads Consults Job Recruitment (4 Positions) Latest Customer Service / Front Desk Job Recruitment in Nigeria - HNJobs (Weekly Recap) HNJobs (Recap): Federal / State Government Job Opportunities - HNJ Exclusive Zinance Limited Job Recruitment (5 Positions) HNJobs (Recap): Remote / Work-At-Home Job Opportunities HOP Services Job Recruitment (3 Positions) Lily Hospitals Limited Internship & Exp. Job Recruitment (7 Positions) Food Concepts Plc Trainee & Exp. Job Recruitment (6 Positions) Pages International School Job Recruitment (4 Positions) Stretch-it Concepts Limited Job Recruitment (4 Positions) iRecharge Tech-Innovations Limited Job Recruitment (3 Positions) Emerald Food & Beverage Company Limited Job Recruitment (3 Positions) ResumeSurge Consulting Job Recruitment (6 Positions) S&M Nigeria Limited Job Recruitment (3 Positions) Paystack Job Recruitment (7 Positions) Respected Solutions and Investment Limited Job Recruitment (3 Positions) Independent Project Monitoring Company Limited (IPMC) Job Recruitment (14 Positions) The Lady9ice Hair Job Recruitment (4 Positions) Skipper Eye-Q Hospitals Nigeria Limited Graduate & Exp. Job Recruitment (9 Positions) ASA Security Job Recruitment (8 Positions) Whitesoul Group Job Recruitment (4 Positions) Medecins du Monde (MdM) Job Recruitment (5 Positions) One Acre Fund Job Recruitment (9 Positions),,Nigeria,remote,Country-only,,Computer / AI / Technology / IT Services,,,,,,,,Other Tech,https://www.hotnigerianjobs.com/hotjobs/953211/sunhive-job-recruitment.html,2026-09-05T21:10:09+00:00
cb370a811928b811,hotnigerianjobs,953209,Integrated Dairies Limited Job Recruitment (5 Positions),,Flour Mills of Nigeria Plc Job Recruitment (3 Positions) Addoz Integrated Resources Job Recruitment (6 Positions) Cemex Portals Job Recruitment (6 Positions) UnoCasa Consulting Job Recruitment (3 Positions) Inspire Polytechnic Job Recruitment (3 Positions) M-P Infrastructure Limited Job Recruitment (4 Positions) M.I.P Consultants Limited Job Recruitment (14 Positions) DreamCity Property & Investment Limited Job Recruitment (6 Positions) Tybtitx Services International Limited Internship & Exp. Job Recruitment (6 Positions) Kiyix Recruitment Hub Job Recruitment (10 Positions) Sunhive Job Recruitment Integrated Dairies Limited Job Recruitment (5 Positions) Westfield Consulting Limited Job Recruitment (7 Positions) Quema Consulting Job Recruitment (13 Positions) Astria Learning Job Recruitment (4 Positions) PGE Travels and Education Consulting Graduate & Exp. Job Recruitment (5 Positions) Jewels Leading Lights Academy Job Recruitment (3 Positions) Lunar Signature Hotel Job Recruitment (4 Positions) Uniccon Group of Companies Job Recruitment (5 Positions) Mega Star Technical and Construction Company Graduate Trainee & Exp. Job Recruitment (4 Positions) Dragnet Solutions Limited Job Recruitment Ponticelli Nigeria Limited (PNL) Job Recruitment (3 Positions) HNJ Exclusive Job GOODY Bag - SEPTEMBER Week ONE UPDATE! Latest Entry-level & Internship Job Recruitment in Nigeria - HNJobs (Weekly Recap) HNJobs (Recap): International Agency / NGO / Multinational Job Opportunities - HNJ Exclusive Latest Graduate & Management Trainee Job Recruitment in Nigeria - HNJobs (Weekly Recap) Latest Oil & Gas Job Opportunities in Nigeria - HNJ Exclusive 7treads Consults Job Recruitment (4 Positions) Latest Customer Service / Front Desk Job Recruitment in Nigeria - HNJobs (Weekly Recap) HNJobs (Recap): Federal / State Government Job Opportunities - HNJ Exclusive Zinance Limited Job Recruitment (5 Positions) HNJobs (Recap): Remote / Work-At-Home Job Opportunities HOP Services Job Recruitment (3 Positions) Lily Hospitals Limited Internship & Exp. Job Recruitment (7 Positions) Food Concepts Plc Trainee & Exp. Job Recruitment (6 Positions) Pages International School Job Recruitment (4 Positions) Stretch-it Concepts Limited Job Recruitment (4 Positions) iRecharge Tech-Innovations Limited Job Recruitment (3 Positions) Emerald Food & Beverage Company Limited Job Recruitment (3 Positions) ResumeSurge Consulting Job Recruitment (6 Positions) S&M Nigeria Limited Job Recruitment (3 Positions) Paystack Job Recruitment (7 Positions) Respected Solutions and Investment Limited Job Recruitment (3 Positions) Independent Project Monitoring Company Limited (IPMC) Job Recruitment (14 Positions) The Lady9ice Hair Job Recruitment (4 Positions) Skipper Eye-Q Hospitals Nigeria Limited Graduate & Exp. Job Recruitment (9 Positions) ASA Security Job Recruitment (8 Positions) Whitesoul Group Job Recruitment (4 Positions) Medecins du Monde (MdM) Job Recruitment (5 Positions) One Acre Fund Job Recruitment (9 Positions),,Nigeria,remote,Country-only,,Computer / AI / Technology / IT Services,,,,,,,,Other Tech,https://www.hotnigerianjobs.com/hotjobs/953209/integrated-dairies-limited-job-recruitment-5-posit.html,2026-09-05T21:10:09+00:00
104141becc6e5014,hotnigerianjobs,953204,Westfield Consulting Limited Job Recruitment (7 Positions),,Flour Mills of Nigeria Plc Job Recruitment (3 Positions) Addoz Integrated Resources Job Recruitment (6 Positions) Cemex Portals Job Recruitment (6 Positions) UnoCasa Consulting Job Recruitment (3 Positions) Inspire Polytechnic Job Recruitment (3 Positions) M-P Infrastructure Limited Job Recruitment (4 Positions) M.I.P Consultants Limited Job Recruitment (14 Positions) DreamCity Property & Investment Limited Job Recruitment (6 Positions) Tybtitx Services International Limited Internship & Exp. Job Recruitment (6 Positions) Kiyix Recruitment Hub Job Recruitment (10 Positions) Sunhive Job Recruitment Integrated Dairies Limited Job Recruitment (5 Positions) Westfield Consulting Limited Job Recruitment (7 Positions) Quema Consulting Job Recruitment (13 Positions) Astria Learning Job Recruitment (4 Positions) PGE Travels and Education Consulting Graduate & Exp. Job Recruitment (5 Positions) Jewels Leading Lights Academy Job Recruitment (3 Positions) Lunar Signature Hotel Job Recruitment (4 Positions) Uniccon Group of Companies Job Recruitment (5 Positions) Mega Star Technical and Construction Company Graduate Trainee & Exp. Job Recruitment (4 Positions) Dragnet Solutions Limited Job Recruitment Ponticelli Nigeria Limited (PNL) Job Recruitment (3 Positions) HNJ Exclusive Job GOODY Bag - SEPTEMBER Week ONE UPDATE! Latest Entry-level & Internship Job Recruitment in Nigeria - HNJobs (Weekly Recap) HNJobs (Recap): International Agency / NGO / Multinational Job Opportunities - HNJ Exclusive Latest Graduate & Management Trainee Job Recruitment in Nigeria - HNJobs (Weekly Recap) Latest Oil & Gas Job Opportunities in Nigeria - HNJ Exclusive 7treads Consults Job Recruitment (4 Positions) Latest Customer Service / Front Desk Job Recruitment in Nigeria - HNJobs (Weekly Recap) HNJobs (Recap): Federal / State Government Job Opportunities - HNJ Exclusive Zinance Limited Job Recruitment (5 Positions) HNJobs (Recap): Remote / Work-At-Home Job Opportunities HOP Services Job Recruitment (3 Positions) Lily Hospitals Limited Internship & Exp. Job Recruitment (7 Positions) Food Concepts Plc Trainee & Exp. Job Recruitment (6 Positions) Pages International School Job Recruitment (4 Positions) Stretch-it Concepts Limited Job Recruitment (4 Positions) iRecharge Tech-Innovations Limited Job Recruitment (3 Positions) Emerald Food & Beverage Company Limited Job Recruitment (3 Positions) ResumeSurge Consulting Job Recruitment (6 Positions) S&M Nigeria Limited Job Recruitment (3 Positions) Paystack Job Recruitment (7 Positions) Respected Solutions and Investment Limited Job Recruitment (3 Positions) Independent Project Monitoring Company Limited (IPMC) Job Recruitment (14 Positions) The Lady9ice Hair Job Recruitment (4 Positions) Skipper Eye-Q Hospitals Nigeria Limited Graduate & Exp. Job Recruitment (9 Positions) ASA Security Job Recruitment (8 Positions) Whitesoul Group Job Recruitment (4 Positions) Medecins du Monde (MdM) Job Recruitment (5 Positions) One Acre Fund Job Recruitment (9 Positions),,Nigeria,remote,Country-only,,Computer / AI / Technology / IT Services,,,,,,,,Other Tech,https://www.hotnigerianjobs.com/hotjobs/953204/westfield-consulting-limited-job-recruitment-6-pos.html,2026-09-05T21:10:09+00:00
f5ac93c6e1d40f78,hotnigerianjobs,953196,Quema Consulting Job Recruitment (13 Positions),,Flour Mills of Nigeria Plc Job Recruitment (3 Positions) Addoz Integrated Resources Job Recruitment (6 Positions) Cemex Portals Job Recruitment (6 Positions) UnoCasa Consulting Job Recruitment (3 Positions) Inspire Polytechnic Job Recruitment (3 Positions) M-P Infrastructure Limited Job Recruitment (4 Positions) M.I.P Consultants Limited Job Recruitment (14 Positions) DreamCity Property & Investment Limited Job Recruitment (6 Positions) Tybtitx Services International Limited Internship & Exp. Job Recruitment (6 Positions) Kiyix Recruitment Hub Job Recruitment (10 Positions) Sunhive Job Recruitment Integrated Dairies Limited Job Recruitment (5 Positions) Westfield Consulting Limited Job Recruitment (7 Positions) Quema Consulting Job Recruitment (13 Positions) Astria Learning Job Recruitment (4 Positions) PGE Travels and Education Consulting Graduate & Exp. Job Recruitment (5 Positions) Jewels Leading Lights Academy Job Recruitment (3 Positions) Lunar Signature Hotel Job Recruitment (4 Positions) Uniccon Group of Companies Job Recruitment (5 Positions) Mega Star Technical and Construction Company Graduate Trainee & Exp. Job Recruitment (4 Positions) Dragnet Solutions Limited Job Recruitment Ponticelli Nigeria Limited (PNL) Job Recruitment (3 Positions) HNJ Exclusive Job GOODY Bag - SEPTEMBER Week ONE UPDATE! Latest Entry-level & Internship Job Recruitment in Nigeria - HNJobs (Weekly Recap) HNJobs (Recap): International Agency / NGO / Multinational Job Opportunities - HNJ Exclusive Latest Graduate & Management Trainee Job Recruitment in Nigeria - HNJobs (Weekly Recap) Latest Oil & Gas Job Opportunities in Nigeria - HNJ Exclusive 7treads Consults Job Recruitment (4 Positions) Latest Customer Service / Front Desk Job Recruitment in Nigeria - HNJobs (Weekly Recap) HNJobs (Recap): Federal / State Government Job Opportunities - HNJ Exclusive Zinance Limited Job Recruitment (5 Positions) HNJobs (Recap): Remote / Work-At-Home Job Opportunities HOP Services Job Recruitment (3 Positions) Lily Hospitals Limited Internship & Exp. Job Recruitment (7 Positions) Food Concepts Plc Trainee & Exp. Job Recruitment (6 Positions) Pages International School Job Recruitment (4 Positions) Stretch-it Concepts Limited Job Recruitment (4 Positions) iRecharge Tech-Innovations Limited Job Recruitment (3 Positions) Emerald Food & Beverage Company Limited Job Recruitment (3 Positions) ResumeSurge Consulting Job Recruitment (6 Positions) S&M Nigeria Limited Job Recruitment (3 Positions) Paystack Job Recruitment (7 Positions) Respected Solutions and Investment Limited Job Recruitment (3 Positions) Independent Project Monitoring Company Limited (IPMC) Job Recruitment (14 Positions) The Lady9ice Hair Job Recruitment (4 Positions) Skipper Eye-Q Hospitals Nigeria Limited Graduate & Exp. Job Recruitment (9 Positions) ASA Security Job Recruitment (8 Positions) Whitesoul Group Job Recruitment (4 Positions) Medecins du Monde (MdM) Job Recruitment (5 Positions) One Acre Fund Job Recruitment (9 Positions),,Nigeria,remote,Country-only,,Computer / AI / Technology / IT Services,,,,,,,,Other Tech,https://www.hotnigerianjobs.com/hotjobs/953196/quema-consulting-job-recruitment-9-positions.html,2026-09-05T21:10:09+00:00
2fe259c9cb345456,hotnigerianjobs,953191,Astria Learning Job Recruitment (4 Positions),,Flour Mills of Nigeria Plc Job Recruitment (3 Positions) Addoz Integrated Resources Job Recruitment (6 Positions) Cemex Portals Job Recruitment (6 Positions) UnoCasa Consulting Job Recruitment (3 Positions) Inspire Polytechnic Job Recruitment (3 Positions) M-P Infrastructure Limited Job Recruitment (4 Positions) M.I.P Consultants Limited Job Recruitment (14 Positions) DreamCity Property & Investment Limited Job Recruitment (6 Positions) Tybtitx Services International Limited Internship & Exp. Job Recruitment (6 Positions) Kiyix Recruitment Hub Job Recruitment (10 Positions) Sunhive Job Recruitment Integrated Dairies Limited Job Recruitment (5 Positions) Westfield Consulting Limited Job Recruitment (7 Positions) Quema Consulting Job Recruitment (13 Positions) Astria Learning Job Recruitment (4 Positions) PGE Travels and Education Consulting Graduate & Exp. Job Recruitment (5 Positions) Jewels Leading Lights Academy Job Recruitment (3 Positions) Lunar Signature Hotel Job Recruitment (4 Positions) Uniccon Group of Companies Job Recruitment (5 Positions) Mega Star Technical and Construction Company Graduate Trainee & Exp. Job Recruitment (4 Positions) Dragnet Solutions Limited Job Recruitment Ponticelli Nigeria Limited (PNL) Job Recruitment (3 Positions) HNJ Exclusive Job GOODY Bag - SEPTEMBER Week ONE UPDATE! Latest Entry-level & Internship Job Recruitment in Nigeria - HNJobs (Weekly Recap) HNJobs (Recap): International Agency / NGO / Multinational Job Opportunities - HNJ Exclusive Latest Graduate & Management Trainee Job Recruitment in Nigeria - HNJobs (Weekly Recap) Latest Oil & Gas Job Opportunities in Nigeria - HNJ Exclusive 7treads Consults Job Recruitment (4 Positions) Latest Customer Service / Front Desk Job Recruitment in Nigeria - HNJobs (Weekly Recap) HNJobs (Recap): Federal / State Government Job Opportunities - HNJ Exclusive Zinance Limited Job Recruitment (5 Positions) HNJobs (Recap): Remote / Work-At-Home Job Opportunities HOP Services Job Recruitment (3 Positions) Lily Hospitals Limited Internship & Exp. Job Recruitment (7 Positions) Food Concepts Plc Trainee & Exp. Job Recruitment (6 Positions) Pages International School Job Recruitment (4 Positions) Stretch-it Concepts Limited Job Recruitment (4 Positions) iRecharge Tech-Innovations Limited Job Recruitment (3 Positions) Emerald Food & Beverage Company Limited Job Recruitment (3 Positions) ResumeSurge Consulting Job Recruitment (6 Positions) S&M Nigeria Limited Job Recruitment (3 Positions) Paystack Job Recruitment (7 Positions) Respected Solutions and Investment Limited Job Recruitment (3 Positions) Independent Project Monitoring Company Limited (IPMC) Job Recruitment (14 Positions) The Lady9ice Hair Job Recruitment (4 Positions) Skipper Eye-Q Hospitals Nigeria Limited Graduate & Exp. Job Recruitment (9 Positions) ASA Security Job Recruitment (8 Positions) Whitesoul Group Job Recruitment (4 Positions) Medecins du Monde (MdM) Job Recruitment (5 Positions) One Acre Fund Job Recruitment (9 Positions),,Nigeria,remote,Country-only,,Computer / AI / Technology / IT Services,,,,,,,,Other Tech,https://www.hotnigerianjobs.com/hotjobs/953191/astria-learning-job-recruitment-4-positions.html,2026-09-05T21:10:09+00:00
b386a47ec8c669ec,hotnigerianjobs,953189,PGE Travels and Education Consulting Graduate & Exp. Job Recruitment (5 Positions),,PGE Travels and Education Consulting Graduate & Exp. Job Recruitment (5 Positions),,Nigeria,unknown,,,Computer / AI / Technology / IT Services,,,,,,,,,https://www.hotnigerianjobs.com/hotjobs/953189/pge-travels-and-education-consulting-graduate-inte.html,2026-09-05T21:10:09+00:00
361e98fd7e66bd05,hotnigerianjobs,953184,Jewels Leading Lights Academy Job Recruitment (3 Positions),,Flour Mills of Nigeria Plc Job Recruitment (3 Positions) Addoz Integrated Resources Job Recruitment (6 Positions) Cemex Portals Job Recruitment (6 Positions) UnoCasa Consulting Job Recruitment (3 Positions) Inspire Polytechnic Job Recruitment (3 Positions) M-P Infrastructure Limited Job Recruitment (4 Positions) M.I.P Consultants Limited Job Recruitment (14 Positions) DreamCity Property & Investment Limited Job Recruitment (6 Positions) Tybtitx Services International Limited Internship & Exp. Job Recruitment (6 Positions) Kiyix Recruitment Hub Job Recruitment (10 Positions) Sunhive Job Recruitment Integrated Dairies Limited Job Recruitment (5 Positions) Westfield Consulting Limited Job Recruitment (7 Positions) Quema Consulting Job Recruitment (13 Positions) Astria Learning Job Recruitment (4 Positions) PGE Travels and Education Consulting Graduate & Exp. Job Recruitment (5 Positions) Jewels Leading Lights Academy Job Recruitment (3 Positions) Lunar Signature Hotel Job Recruitment (4 Positions) Uniccon Group of Companies Job Recruitment (5 Positions) Mega Star Technical and Construction Company Graduate Trainee & Exp. Job Recruitment (4 Positions) Dragnet Solutions Limited Job Recruitment Ponticelli Nigeria Limited (PNL) Job Recruitment (3 Positions) HNJ Exclusive Job GOODY Bag - SEPTEMBER Week ONE UPDATE! Latest Entry-level & Internship Job Recruitment in Nigeria - HNJobs (Weekly Recap) HNJobs (Recap): International Agency / NGO / Multinational Job Opportunities - HNJ Exclusive Latest Graduate & Management Trainee Job Recruitment in Nigeria - HNJobs (Weekly Recap) Latest Oil & Gas Job Opportunities in Nigeria - HNJ Exclusive 7treads Consults Job Recruitment (4 Positions) Latest Customer Service / Front Desk Job Recruitment in Nigeria - HNJobs (Weekly Recap) HNJobs (Recap): Federal / State Government Job Opportunities - HNJ Exclusive Zinance Limited Job Recruitment (5 Positions) HNJobs (Recap): Remote / Work-At-Home Job Opportunities HOP Services Job Recruitment (3 Positions) Lily Hospitals Limited Internship & Exp. Job Recruitment (7 Positions) Food Concepts Plc Trainee & Exp. Job Recruitment (6 Positions) Pages International School Job Recruitment (4 Positions) Stretch-it Concepts Limited Job Recruitment (4 Positions) iRecharge Tech-Innovations Limited Job Recruitment (3 Positions) Emerald Food & Beverage Company Limited Job Recruitment (3 Positions) ResumeSurge Consulting Job Recruitment (6 Positions) S&M Nigeria Limited Job Recruitment (3 Positions) Paystack Job Recruitment (7 Positions) Respected Solutions and Investment Limited Job Recruitment (3 Positions) Independent Project Monitoring Company Limited (IPMC) Job Recruitment (14 Positions) The Lady9ice Hair Job Recruitment (4 Positions) Skipper Eye-Q Hospitals Nigeria Limited Graduate & Exp. Job Recruitment (9 Positions) ASA Security Job Recruitment (8 Positions) Whitesoul Group Job Recruitment (4 Positions) Medecins du Monde (MdM) Job Recruitment (5 Positions) One Acre Fund Job Recruitment (9 Positions),,Nigeria,remote,Country-only,,Computer / AI / Technology / IT Services,,,,,,,,Other Tech,https://www.hotnigerianjobs.com/hotjobs/953184/jewels-leading-lights-academy-job-recruitment-3-po.html,2026-09-05T21:10:09+00:00
f64e8cc8a10a9426,hotnigerianjobs,953183,Lunar Signature Hotel Job Recruitment (4 Positions),,Flour Mills of Nigeria Plc Job Recruitment (3 Positions) Addoz Integrated Resources Job Recruitment (6 Positions) Cemex Portals Job Recruitment (6 Positions) UnoCasa Consulting Job Recruitment (3 Positions) Inspire Polytechnic Job Recruitment (3 Positions) M-P Infrastructure Limited Job Recruitment (4 Positions) M.I.P Consultants Limited Job Recruitment (14 Positions) DreamCity Property & Investment Limited Job Recruitment (6 Positions) Tybtitx Services International Limited Internship & Exp. Job Recruitment (6 Positions) Kiyix Recruitment Hub Job Recruitment (10 Positions) Sunhive Job Recruitment Integrated Dairies Limited Job Recruitment (5 Positions) Westfield Consulting Limited Job Recruitment (7 Positions) Quema Consulting Job Recruitment (13 Positions) Astria Learning Job Recruitment (4 Positions) PGE Travels and Education Consulting Graduate & Exp. Job Recruitment (5 Positions) Jewels Leading Lights Academy Job Recruitment (3 Positions) Lunar Signature Hotel Job Recruitment (4 Positions) Uniccon Group of Companies Job Recruitment (5 Positions) Mega Star Technical and Construction Company Graduate Trainee & Exp. Job Recruitment (4 Positions) Dragnet Solutions Limited Job Recruitment Ponticelli Nigeria Limited (PNL) Job Recruitment (3 Positions) HNJ Exclusive Job GOODY Bag - SEPTEMBER Week ONE UPDATE! Latest Entry-level & Internship Job Recruitment in Nigeria - HNJobs (Weekly Recap) HNJobs (Recap): International Agency / NGO / Multinational Job Opportunities - HNJ Exclusive Latest Graduate & Management Trainee Job Recruitment in Nigeria - HNJobs (Weekly Recap) Latest Oil & Gas Job Opportunities in Nigeria - HNJ Exclusive 7treads Consults Job Recruitment (4 Positions) Latest Customer Service / Front Desk Job Recruitment in Nigeria - HNJobs (Weekly Recap) HNJobs (Recap): Federal / State Government Job Opportunities - HNJ Exclusive Zinance Limited Job Recruitment (5 Positions) HNJobs (Recap): Remote / Work-At-Home Job Opportunities HOP Services Job Recruitment (3 Positions) Lily Hospitals Limited Internship & Exp. Job Recruitment (7 Positions) Food Concepts Plc Trainee & Exp. Job Recruitment (6 Positions) Pages International School Job Recruitment (4 Positions) Stretch-it Concepts Limited Job Recruitment (4 Positions) iRecharge Tech-Innovations Limited Job Recruitment (3 Positions) Emerald Food & Beverage Company Limited Job Recruitment (3 Positions) ResumeSurge Consulting Job Recruitment (6 Positions) S&M Nigeria Limited Job Recruitment (3 Positions) Paystack Job Recruitment (7 Positions) Respected Solutions and Investment Limited Job Recruitment (3 Positions) Independent Project Monitoring Company Limited (IPMC) Job Recruitment (14 Positions) The Lady9ice Hair Job Recruitment (4 Positions) Skipper Eye-Q Hospitals Nigeria Limited Graduate & Exp. Job Recruitment (9 Positions) ASA Security Job Recruitment (8 Positions) Whitesoul Group Job Recruitment (4 Positions) Medecins du Monde (MdM) Job Recruitment (5 Positions) One Acre Fund Job Recruitment (9 Positions),,Nigeria,remote,Country-only,,Computer / AI / Technology / IT Services,,,,,,,,Other Tech,https://www.hotnigerianjobs.com/hotjobs/953183/lunar-signature-hotel-job-recruitment-4-positions.html,2026-09-05T21:10:09+00:00
b3f88628f20c2f6d,hotnigerianjobs,953179,Uniccon Group of Companies Job Recruitment (5 Positions),,Flour Mills of Nigeria Plc Job Recruitment (3 Positions) Addoz Integrated Resources Job Recruitment (6 Positions) Cemex Portals Job Recruitment (6 Positions) UnoCasa Consulting Job Recruitment (3 Positions) Inspire Polytechnic Job Recruitment (3 Positions) M-P Infrastructure Limited Job Recruitment (4 Positions) M.I.P Consultants Limited Job Recruitment (14 Positions) DreamCity Property & Investment Limited Job Recruitment (6 Positions) Tybtitx Services International Limited Internship & Exp. Job Recruitment (6 Positions) Kiyix Recruitment Hub Job Recruitment (10 Positions) Sunhive Job Recruitment Integrated Dairies Limited Job Recruitment (5 Positions) Westfield Consulting Limited Job Recruitment (7 Positions) Quema Consulting Job Recruitment (13 Positions) Astria Learning Job Recruitment (4 Positions) PGE Travels and Education Consulting Graduate & Exp. Job Recruitment (5 Positions) Jewels Leading Lights Academy Job Recruitment (3 Positions) Lunar Signature Hotel Job Recruitment (4 Positions) Uniccon Group of Companies Job Recruitment (5 Positions) Mega Star Technical and Construction Company Graduate Trainee & Exp. Job Recruitment (4 Positions) Dragnet Solutions Limited Job Recruitment Ponticelli Nigeria Limited (PNL) Job Recruitment (3 Positions) HNJ Exclusive Job GOODY Bag - SEPTEMBER Week ONE UPDATE! Latest Entry-level & Internship Job Recruitment in Nigeria - HNJobs (Weekly Recap) HNJobs (Recap): International Agency / NGO / Multinational Job Opportunities - HNJ Exclusive Latest Graduate & Management Trainee Job Recruitment in Nigeria - HNJobs (Weekly Recap) Latest Oil & Gas Job Opportunities in Nigeria - HNJ Exclusive 7treads Consults Job Recruitment (4 Positions) Latest Customer Service / Front Desk Job Recruitment in Nigeria - HNJobs (Weekly Recap) HNJobs (Recap): Federal / State Government Job Opportunities - HNJ Exclusive Zinance Limited Job Recruitment (5 Positions) HNJobs (Recap): Remote / Work-At-Home Job Opportunities HOP Services Job Recruitment (3 Positions) Lily Hospitals Limited Internship & Exp. Job Recruitment (7 Positions) Food Concepts Plc Trainee & Exp. Job Recruitment (6 Positions) Pages International School Job Recruitment (4 Positions) Stretch-it Concepts Limited Job Recruitment (4 Positions) iRecharge Tech-Innovations Limited Job Recruitment (3 Positions) Emerald Food & Beverage Company Limited Job Recruitment (3 Positions) ResumeSurge Consulting Job Recruitment (6 Positions) S&M Nigeria Limited Job Recruitment (3 Positions) Paystack Job Recruitment (7 Positions) Respected Solutions and Investment Limited Job Recruitment (3 Positions) Independent Project Monitoring Company Limited (IPMC) Job Recruitment (14 Positions) The Lady9ice Hair Job Recruitment (4 Positions) Skipper Eye-Q Hospitals Nigeria Limited Graduate & Exp. Job Recruitment (9 Positions) ASA Security Job Recruitment (8 Positions) Whitesoul Group Job Recruitment (4 Positions) Medecins du Monde (MdM) Job Recruitment (5 Positions) One Acre Fund Job Recruitment (9 Positions),,Nigeria,remote,Country-only,,Computer / AI / Technology / IT Services,,,,,,,,Other Tech,https://www.hotnigerianjobs.com/hotjobs/953179/uniccon-group-of-companies-job-recruitment-5-posit.html,2026-09-05T21:10:09+00:00
9277cb7eb5a61553,hotnigerianjobs,953158,Mega Star Technical and Construction Company Graduate Trainee & Exp. Job Recruitment (4 Positions),,Mega Star Technical and Construction Company Graduate Trainee & Exp. Job Recruitment (4 Positions),,Nigeria,unknown,,,Computer / AI / Technology / IT Services,,,,,,,,Other Tech,https://www.hotnigerianjobs.com/hotjobs/953158/mega-star-technical-and-construction-company-gradu.html,2026-09-05T21:10:09+00:00
7b3742b470bbefb7,hotnigerianjobs,953157,Dragnet Solutions Limited Job Recruitment,,Flour Mills of Nigeria Plc Job Recruitment (3 Positions) Addoz Integrated Resources Job Recruitment (6 Positions) Cemex Portals Job Recruitment (6 Positions) UnoCasa Consulting Job Recruitment (3 Positions) Inspire Polytechnic Job Recruitment (3 Positions) M-P Infrastructure Limited Job Recruitment (4 Positions) M.I.P Consultants Limited Job Recruitment (14 Positions) DreamCity Property & Investment Limited Job Recruitment (6 Positions) Tybtitx Services International Limited Internship & Exp. Job Recruitment (6 Positions) Kiyix Recruitment Hub Job Recruitment (10 Positions) Sunhive Job Recruitment Integrated Dairies Limited Job Recruitment (5 Positions) Westfield Consulting Limited Job Recruitment (7 Positions) Quema Consulting Job Recruitment (13 Positions) Astria Learning Job Recruitment (4 Positions) PGE Travels and Education Consulting Graduate & Exp. Job Recruitment (5 Positions) Jewels Leading Lights Academy Job Recruitment (3 Positions) Lunar Signature Hotel Job Recruitment (4 Positions) Uniccon Group of Companies Job Recruitment (5 Positions) Mega Star Technical and Construction Company Graduate Trainee & Exp. Job Recruitment (4 Positions) Dragnet Solutions Limited Job Recruitment Ponticelli Nigeria Limited (PNL) Job Recruitment (3 Positions) HNJ Exclusive Job GOODY Bag - SEPTEMBER Week ONE UPDATE! Latest Entry-level & Internship Job Recruitment in Nigeria - HNJobs (Weekly Recap) HNJobs (Recap): International Agency / NGO / Multinational Job Opportunities - HNJ Exclusive Latest Graduate & Management Trainee Job Recruitment in Nigeria - HNJobs (Weekly Recap) Latest Oil & Gas Job Opportunities in Nigeria - HNJ Exclusive 7treads Consults Job Recruitment (4 Positions) Latest Customer Service / Front Desk Job Recruitment in Nigeria - HNJobs (Weekly Recap) HNJobs (Recap): Federal / State Government Job Opportunities - HNJ Exclusive Zinance Limited Job Recruitment (5 Positions) HNJobs (Recap): Remote / Work-At-Home Job Opportunities HOP Services Job Recruitment (3 Positions) Lily Hospitals Limited Internship & Exp. Job Recruitment (7 Positions) Food Concepts Plc Trainee & Exp. Job Recruitment (6 Positions) Pages International School Job Recruitment (4 Positions) Stretch-it Concepts Limited Job Recruitment (4 Positions) iRecharge Tech-Innovations Limited Job Recruitment (3 Positions) Emerald Food & Beverage Company Limited Job Recruitment (3 Positions) ResumeSurge Consulting Job Recruitment (6 Positions) S&M Nigeria Limited Job Recruitment (3 Positions) Paystack Job Recruitment (7 Positions) Respected Solutions and Investment Limited Job Recruitment (3 Positions) Independent Project Monitoring Company Limited (IPMC) Job Recruitment (14 Positions) The Lady9ice Hair Job Recruitment (4 Positions) Skipper Eye-Q Hospitals Nigeria Limited Graduate & Exp. Job Recruitment (9 Positions) ASA Security Job Recruitment (8 Positions) Whitesoul Group Job Recruitment (4 Positions) Medecins du Monde (MdM) Job Recruitment (5 Positions) One Acre Fund Job Recruitment (9 Positions),,Nigeria,remote,Country-only,,Computer / AI / Technology / IT Services,,,,,,,,Other Tech,https://www.hotnigerianjobs.com/hotjobs/953157/dragnet-solutions-limited-job-recruitment.html,2026-09-05T21:10:09+00:00
dfe62591ebfb6528,hotnigerianjobs,953156,Ponticelli Nigeria Limited (PNL) Job Recruitment (3 Positions),,Ponticelli Nigeria Limited (PNL) Job Recruitment (3 Positions),,Nigeria,unknown,,,Computer / AI / Technology / IT Services,,,,,,,,,https://www.hotnigerianjobs.com/hotjobs/953156/ponticelli-nigeria-limited-pnl-job-recruitment-3-p.html,2026-09-05T21:10:09+00:00
3e8fe02dfceaadc8,hotnigerianjobs,953149,HNJ Exclusive Job GOODY Bag - SEPTEMBER Week ONE UPDATE!,,Flour Mills of Nigeria Plc Job Recruitment (3 Positions) Addoz Integrated Resources Job Recruitment (6 Positions) Cemex Portals Job Recruitment (6 Positions) UnoCasa Consulting Job Recruitment (3 Positions) Inspire Polytechnic Job Recruitment (3 Positions) M-P Infrastructure Limited Job Recruitment (4 Positions) M.I.P Consultants Limited Job Recruitment (14 Positions) DreamCity Property & Investment Limited Job Recruitment (6 Positions) Tybtitx Services International Limited Internship & Exp. Job Recruitment (6 Positions) Kiyix Recruitment Hub Job Recruitment (10 Positions) Sunhive Job Recruitment Integrated Dairies Limited Job Recruitment (5 Positions) Westfield Consulting Limited Job Recruitment (7 Positions) Quema Consulting Job Recruitment (13 Positions) Astria Learning Job Recruitment (4 Positions) PGE Travels and Education Consulting Graduate & Exp. Job Recruitment (5 Positions) Jewels Leading Lights Academy Job Recruitment (3 Positions) Lunar Signature Hotel Job Recruitment (4 Positions) Uniccon Group of Companies Job Recruitment (5 Positions) Mega Star Technical and Construction Company Graduate Trainee & Exp. Job Recruitment (4 Positions) Dragnet Solutions Limited Job Recruitment Ponticelli Nigeria Limited (PNL) Job Recruitment (3 Positions) HNJ Exclusive Job GOODY Bag - SEPTEMBER Week ONE UPDATE! Latest Entry-level & Internship Job Recruitment in Nigeria - HNJobs (Weekly Recap) HNJobs (Recap): International Agency / NGO / Multinational Job Opportunities - HNJ Exclusive Latest Graduate & Management Trainee Job Recruitment in Nigeria - HNJobs (Weekly Recap) Latest Oil & Gas Job Opportunities in Nigeria - HNJ Exclusive 7treads Consults Job Recruitment (4 Positions) Latest Customer Service / Front Desk Job Recruitment in Nigeria - HNJobs (Weekly Recap) HNJobs (Recap): Federal / State Government Job Opportunities - HNJ Exclusive Zinance Limited Job Recruitment (5 Positions) HNJobs (Recap): Remote / Work-At-Home Job Opportunities HOP Services Job Recruitment (3 Positions) Lily Hospitals Limited Internship & Exp. Job Recruitment (7 Positions) Food Concepts Plc Trainee & Exp. Job Recruitment (6 Positions) Pages International School Job Recruitment (4 Positions) Stretch-it Concepts Limited Job Recruitment (4 Positions) iRecharge Tech-Innovations Limited Job Recruitment (3 Positions) Emerald Food & Beverage Company Limited Job Recruitment (3 Positions) ResumeSurge Consulting Job Recruitment (6 Positions) S&M Nigeria Limited Job Recruitment (3 Positions) Paystack Job Recruitment (7 Positions) Respected Solutions and Investment Limited Job Recruitment (3 Positions) Independent Project Monitoring Company Limited (IPMC) Job Recruitment (14 Positions) The Lady9ice Hair Job Recruitment (4 Positions) Skipper Eye-Q Hospitals Nigeria Limited Graduate & Exp. Job Recruitment (9 Positions) ASA Security Job Recruitment (8 Positions) Whitesoul Group Job Recruitment (4 Positions) Medecins du Monde (MdM) Job Recruitment (5 Positions) One Acre Fund Job Recruitment (9 Positions),,Nigeria,remote,Country-only,,Computer / AI / Technology / IT Services,,,,,,,,Other Tech,https://www.hotnigerianjobs.com/hotjobs/953149/hnj-exclusive-job-goody-bag-september-week-one-upd.html,2026-09-05T21:10:09+00:00
6c0229e9b93b9c02,hotnigerianjobs,953148,Latest Entry-level & Internship Job Recruitment in Nigeria - HNJobs (Weekly Recap),,Latest Entry-level & Internship Job Recruitment in Nigeria - HNJobs (Weekly Recap),,Nigeria,unknown,,,Computer / AI / Technology / IT Services,,,,,,,,,https://www.hotnigerianjobs.com/hotjobs/953148/latest-entrylevel-internship-job-recruitment-in-ni.html,2026-09-05T21:10:09+00:00
010955e5c607b3a9,hotnigerianjobs,953147,HNJobs (Recap): International Agency / NGO / Multinational Job Opportunities - HNJ Exclusive,,HNJobs (Recap): International Agency / NGO / Multinational Job Opportunities - HNJ Exclusive,,Nigeria,unknown,,,Computer / AI / Technology / IT Services,,,,,,,,,https://www.hotnigerianjobs.com/hotjobs/953147/hnjobs-recap-international-agency-ngo-multinationa.html,2026-09-05T21:10:09+00:00
23a3418bb17179c9,hotnigerianjobs,953146,Latest Graduate & Management Trainee Job Recruitment in Nigeria - HNJobs (Weekly Recap),,Latest Graduate & Management Trainee Job Recruitment in Nigeria - HNJobs (Weekly Recap),,Nigeria,unknown,,,Computer / AI / Technology / IT Services,,,,,,,,,https://www.hotnigerianjobs.com/hotjobs/953146/latest-graduate-management-trainee-job-recruitment.html,2026-09-05T21:10:09+00:00
dd27800491172bec,hotnigerianjobs,953145,Latest Oil & Gas Job Opportunities in Nigeria - HNJ Exclusive,,Latest Oil & Gas Job Opportunities in Nigeria - HNJ Exclusive,,Nigeria,unknown,,,Computer / AI / Technology / IT Services,,,,,,,,,https://www.hotnigerianjobs.com/hotjobs/953145/latest-oil-gas-job-opportunities-in-nigeria-hnj-ex.html,2026-09-05T21:10:09+00:00
e08880fed559db39,hotnigerianjobs,953144,7treads Consults Job Recruitment (4 Positions),,Flour Mills of Nigeria Plc Job Recruitment (3 Positions) Addoz Integrated Resources Job Recruitment (6 Positions) Cemex Portals Job Recruitment (6 Positions) UnoCasa Consulting Job Recruitment (3 Positions) Inspire Polytechnic Job Recruitment (3 Positions) M-P Infrastructure Limited Job Recruitment (4 Positions) M.I.P Consultants Limited Job Recruitment (14 Positions) DreamCity Property & Investment Limited Job Recruitment (6 Positions) Tybtitx Services International Limited Internship & Exp. Job Recruitment (6 Positions) Kiyix Recruitment Hub Job Recruitment (10 Positions) Sunhive Job Recruitment Integrated Dairies Limited Job Recruitment (5 Positions) Westfield Consulting Limited Job Recruitment (7 Positions) Quema Consulting Job Recruitment (13 Positions) Astria Learning Job Recruitment (4 Positions) PGE Travels and Education Consulting Graduate & Exp. Job Recruitment (5 Positions) Jewels Leading Lights Academy Job Recruitment (3 Positions) Lunar Signature Hotel Job Recruitment (4 Positions) Uniccon Group of Companies Job Recruitment (5 Positions) Mega Star Technical and Construction Company Graduate Trainee & Exp. Job Recruitment (4 Positions) Dragnet Solutions Limited Job Recruitment Ponticelli Nigeria Limited (PNL) Job Recruitment (3 Positions) HNJ Exclusive Job GOODY Bag - SEPTEMBER Week ONE UPDATE! Latest Entry-level & Internship Job Recruitment in Nigeria - HNJobs (Weekly Recap) HNJobs (Recap): International Agency / NGO / Multinational Job Opportunities - HNJ Exclusive Latest Graduate & Management Trainee Job Recruitment in Nigeria - HNJobs (Weekly Recap) Latest Oil & Gas Job Opportunities in Nigeria - HNJ Exclusive 7treads Consults Job Recruitment (4 Positions) Latest Customer Service / Front Desk Job Recruitment in Nigeria - HNJobs (Weekly Recap) HNJobs (Recap): Federal / State Government Job Opportunities - HNJ Exclusive Zinance Limited Job Recruitment (5 Positions) HNJobs (Recap): Remote / Work-At-Home Job Opportunities HOP Services Job Recruitment (3 Positions) Lily Hospitals Limited Internship & Exp. Job Recruitment (7 Positions) Food Concepts Plc Trainee & Exp. Job Recruitment (6 Positions) Pages International School Job Recruitment (4 Positions) Stretch-it Concepts Limited Job Recruitment (4 Positions) iRecharge Tech-Innovations Limited Job Recruitment (3 Positions) Emerald Food & Beverage Company Limited Job Recruitment (3 Positions) ResumeSurge Consulting Job Recruitment (6 Positions) S&M Nigeria Limited Job Recruitment (3 Positions) Paystack Job Recruitment (7 Positions) Respected Solutions and Investment Limited Job Recruitment (3 Positions) Independent Project Monitoring Company Limited (IPMC) Job Recruitment (14 Positions) The Lady9ice Hair Job Recruitment (4 Positions) Skipper Eye-Q Hospitals Nigeria Limited Graduate & Exp. Job Recruitment (9 Positions) ASA Security Job Recruitment (8 Positions) Whitesoul Group Job Recruitment (4 Positions) Medecins du Monde (MdM) Job Recruitment (5 Positions) One Acre Fund Job Recruitment (9 Positions),,Nigeria,remote,Country-only,,Computer / AI / Technology / IT Services,,,,,,,,Other Tech,https://www.hotnigerianjobs.com/hotjobs/953144/7treads-consults-job-recruitment-4-positions.html,2026-09-05T21:10:09+00:00
168f86ccfa3f8f20,hotnigerianjobs,953141,Latest Customer Service / Front Desk Job Recruitment in Nigeria - HNJobs (Weekly Recap),,Latest Customer Service / Front Desk Job Recruitment in Nigeria - HNJobs (Weekly Recap),,Nigeria,unknown,,,Computer / AI / Technology / IT Services,,,,,,,,,https://www.hotnigerianjobs.com/hotjobs/953141/latest-customer-service-front-desk-job-recruitment.html,2026-09-05T21:10:09+00:00
ca48bb9548847e31,hotnigerianjobs,953140,HNJobs (Recap): Federal / State Government Job Opportunities - HNJ Exclusive,,HNJobs (Recap): Federal / State Government Job Opportunities - HNJ Exclusive,,Nigeria,unknown,,,Computer / AI / Technology / IT Services,,,,,,,,,https://www.hotnigerianjobs.com/hotjobs/953140/hnjobs-recap-federal-state-government-job-opportun.html,2026-09-05T21:10:09+00:00
6b2149ced57909bb,hotnigerianjobs,953136,Zinance Limited Job Recruitment (5 Positions),,Flour Mills of Nigeria Plc Job Recruitment (3 Positions) Addoz Integrated Resources Job Recruitment (6 Positions) Cemex Portals Job Recruitment (6 Positions) UnoCasa Consulting Job Recruitment (3 Positions) Inspire Polytechnic Job Recruitment (3 Positions) M-P Infrastructure Limited Job Recruitment (4 Positions) M.I.P Consultants Limited Job Recruitment (14 Positions) DreamCity Property & Investment Limited Job Recruitment (6 Positions) Tybtitx Services International Limited Internship & Exp. Job Recruitment (6 Positions) Kiyix Recruitment Hub Job Recruitment (10 Positions) Sunhive Job Recruitment Integrated Dairies Limited Job Recruitment (5 Positions) Westfield Consulting Limited Job Recruitment (7 Positions) Quema Consulting Job Recruitment (13 Positions) Astria Learning Job Recruitment (4 Positions) PGE Travels and Education Consulting Graduate & Exp. Job Recruitment (5 Positions) Jewels Leading Lights Academy Job Recruitment (3 Positions) Lunar Signature Hotel Job Recruitment (4 Positions) Uniccon Group of Companies Job Recruitment (5 Positions) Mega Star Technical and Construction Company Graduate Trainee & Exp. Job Recruitment (4 Positions) Dragnet Solutions Limited Job Recruitment Ponticelli Nigeria Limited (PNL) Job Recruitment (3 Positions) HNJ Exclusive Job GOODY Bag - SEPTEMBER Week ONE UPDATE! Latest Entry-level & Internship Job Recruitment in Nigeria - HNJobs (Weekly Recap) HNJobs (Recap): International Agency / NGO / Multinational Job Opportunities - HNJ Exclusive Latest Graduate & Management Trainee Job Recruitment in Nigeria - HNJobs (Weekly Recap) Latest Oil & Gas Job Opportunities in Nigeria - HNJ Exclusive 7treads Consults Job Recruitment (4 Positions) Latest Customer Service / Front Desk Job Recruitment in Nigeria - HNJobs (Weekly Recap) HNJobs (Recap): Federal / State Government Job Opportunities - HNJ Exclusive Zinance Limited Job Recruitment (5 Positions) HNJobs (Recap): Remote / Work-At-Home Job Opportunities HOP Services Job Recruitment (3 Positions) Lily Hospitals Limited Internship & Exp. Job Recruitment (7 Positions) Food Concepts Plc Trainee & Exp. Job Recruitment (6 Positions) Pages International School Job Recruitment (4 Positions) Stretch-it Concepts Limited Job Recruitment (4 Positions) iRecharge Tech-Innovations Limited Job Recruitment (3 Positions) Emerald Food & Beverage Company Limited Job Recruitment (3 Positions) ResumeSurge Consulting Job Recruitment (6 Positions) S&M Nigeria Limited Job Recruitment (3 Positions) Paystack Job Recruitment (7 Positions) Respected Solutions and Investment Limited Job Recruitment (3 Positions) Independent Project Monitoring Company Limited (IPMC) Job Recruitment (14 Positions) The Lady9ice Hair Job Recruitment (4 Positions) Skipper Eye-Q Hospitals Nigeria Limited Graduate & Exp. Job Recruitment (9 Positions) ASA Security Job Recruitment (8 Positions) Whitesoul Group Job Recruitment (4 Positions) Medecins du Monde (MdM) Job Recruitment (5 Positions) One Acre Fund Job Recruitment (9 Positions),,Nigeria,remote,Country-only,,Computer / AI / Technology / IT Services,,,,,,,,Other Tech,https://www.hotnigerianjobs.com/hotjobs/953136/zinance-limited-job-recruitment-8-positions.html,2026-09-05T21:10:09+00:00
a27229ee0d79c633,hotnigerianjobs,953110,HNJobs (Recap): Remote / Work-At-Home Job Opportunities,,Flour Mills of Nigeria Plc Job Recruitment (3 Positions) Addoz Integrated Resources Job Recruitment (6 Positions) Cemex Portals Job Recruitment (6 Positions) UnoCasa Consulting Job Recruitment (3 Positions) Inspire Polytechnic Job Recruitment (3 Positions) M-P Infrastructure Limited Job Recruitment (4 Positions) M.I.P Consultants Limited Job Recruitment (14 Positions) DreamCity Property & Investment Limited Job Recruitment (6 Positions) Tybtitx Services International Limited Internship & Exp. Job Recruitment (6 Positions) Kiyix Recruitment Hub Job Recruitment (10 Positions) Sunhive Job Recruitment Integrated Dairies Limited Job Recruitment (5 Positions) Westfield Consulting Limited Job Recruitment (7 Positions) Quema Consulting Job Recruitment (13 Positions) Astria Learning Job Recruitment (4 Positions) PGE Travels and Education Consulting Graduate & Exp. Job Recruitment (5 Positions) Jewels Leading Lights Academy Job Recruitment (3 Positions) Lunar Signature Hotel Job Recruitment (4 Positions) Uniccon Group of Companies Job Recruitment (5 Positions) Mega Star Technical and Construction Company Graduate Trainee & Exp. Job Recruitment (4 Positions) Dragnet Solutions Limited Job Recruitment Ponticelli Nigeria Limited (PNL) Job Recruitment (3 Positions) HNJ Exclusive Job GOODY Bag - SEPTEMBER Week ONE UPDATE! Latest Entry-level & Internship Job Recruitment in Nigeria - HNJobs (Weekly Recap) HNJobs (Recap): International Agency / NGO / Multinational Job Opportunities - HNJ Exclusive Latest Graduate & Management Trainee Job Recruitment in Nigeria - HNJobs (Weekly Recap) Latest Oil & Gas Job Opportunities in Nigeria - HNJ Exclusive 7treads Consults Job Recruitment (4 Positions) Latest Customer Service / Front Desk Job Recruitment in Nigeria - HNJobs (Weekly Recap) HNJobs (Recap): Federal / State Government Job Opportunities - HNJ Exclusive Zinance Limited Job Recruitment (5 Positions) HNJobs (Recap): Remote / Work-At-Home Job Opportunities HOP Services Job Recruitment (3 Positions) Lily Hospitals Limited Internship & Exp. Job Recruitment (7 Positions) Food Concepts Plc Trainee & Exp. Job Recruitment (6 Positions) Pages International School Job Recruitment (4 Positions) Stretch-it Concepts Limited Job Recruitment (4 Positions) iRecharge Tech-Innovations Limited Job Recruitment (3 Positions) Emerald Food & Beverage Company Limited Job Recruitment (3 Positions) ResumeSurge Consulting Job Recruitment (6 Positions) S&M Nigeria Limited Job Recruitment (3 Positions) Paystack Job Recruitment (7 Positions) Respected Solutions and Investment Limited Job Recruitment (3 Positions) Independent Project Monitoring Company Limited (IPMC) Job Recruitment (14 Positions) The Lady9ice Hair Job Recruitment (4 Positions) Skipper Eye-Q Hospitals Nigeria Limited Graduate & Exp. Job Recruitment (9 Positions) ASA Security Job Recruitment (8 Positions) Whitesoul Group Job Recruitment (4 Positions) Medecins du Monde (MdM) Job Recruitment (5 Positions) One Acre Fund Job Recruitment (9 Positions),,Nigeria,remote,Country-only,,Computer / AI / Technology / IT Services,,,,,,,,Other Tech,https://www.hotnigerianjobs.com/hotjobs/953110/hnjobs-recap-remote-workathome-job-opportunities.html,2026-09-05T21:10:09+00:00
cd6a157d7e541429,hotnigerianjobs,953102,HOP Services Job Recruitment (3 Positions),,Flour Mills of Nigeria Plc Job Recruitment (3 Positions) Addoz Integrated Resources Job Recruitment (6 Positions) Cemex Portals Job Recruitment (6 Positions) UnoCasa Consulting Job Recruitment (3 Positions) Inspire Polytechnic Job Recruitment (3 Positions) M-P Infrastructure Limited Job Recruitment (4 Positions) M.I.P Consultants Limited Job Recruitment (14 Positions) DreamCity Property & Investment Limited Job Recruitment (6 Positions) Tybtitx Services International Limited Internship & Exp. Job Recruitment (6 Positions) Kiyix Recruitment Hub Job Recruitment (10 Positions) Sunhive Job Recruitment Integrated Dairies Limited Job Recruitment (5 Positions) Westfield Consulting Limited Job Recruitment (7 Positions) Quema Consulting Job Recruitment (13 Positions) Astria Learning Job Recruitment (4 Positions) PGE Travels and Education Consulting Graduate & Exp. Job Recruitment (5 Positions) Jewels Leading Lights Academy Job Recruitment (3 Positions) Lunar Signature Hotel Job Recruitment (4 Positions) Uniccon Group of Companies Job Recruitment (5 Positions) Mega Star Technical and Construction Company Graduate Trainee & Exp. Job Recruitment (4 Positions) Dragnet Solutions Limited Job Recruitment Ponticelli Nigeria Limited (PNL) Job Recruitment (3 Positions) HNJ Exclusive Job GOODY Bag - SEPTEMBER Week ONE UPDATE! Latest Entry-level & Internship Job Recruitment in Nigeria - HNJobs (Weekly Recap) HNJobs (Recap): International Agency / NGO / Multinational Job Opportunities - HNJ Exclusive Latest Graduate & Management Trainee Job Recruitment in Nigeria - HNJobs (Weekly Recap) Latest Oil & Gas Job Opportunities in Nigeria - HNJ Exclusive 7treads Consults Job Recruitment (4 Positions) Latest Customer Service / Front Desk Job Recruitment in Nigeria - HNJobs (Weekly Recap) HNJobs (Recap): Federal / State Government Job Opportunities - HNJ Exclusive Zinance Limited Job Recruitment (5 Positions) HNJobs (Recap): Remote / Work-At-Home Job Opportunities HOP Services Job Recruitment (3 Positions) Lily Hospitals Limited Internship & Exp. Job Recruitment (7 Positions) Food Concepts Plc Trainee & Exp. Job Recruitment (6 Positions) Pages International School Job Recruitment (4 Positions) Stretch-it Concepts Limited Job Recruitment (4 Positions) iRecharge Tech-Innovations Limited Job Recruitment (3 Positions) Emerald Food & Beverage Company Limited Job Recruitment (3 Positions) ResumeSurge Consulting Job Recruitment (6 Positions) S&M Nigeria Limited Job Recruitment (3 Positions) Paystack Job Recruitment (7 Positions) Respected Solutions and Investment Limited Job Recruitment (3 Positions) Independent Project Monitoring Company Limited (IPMC) Job Recruitment (14 Positions) The Lady9ice Hair Job Recruitment (4 Positions) Skipper Eye-Q Hospitals Nigeria Limited Graduate & Exp. Job Recruitment (9 Positions) ASA Security Job Recruitment (8 Positions) Whitesoul Group Job Recruitment (4 Positions) Medecins du Monde (MdM) Job Recruitment (5 Positions) One Acre Fund Job Recruitment (9 Positions),,Nigeria,remote,Country-only,,Computer / AI / Technology / IT Services,,,,,,,,Other Tech,https://www.hotnigerianjobs.com/hotjobs/953102/hop-services-job-recruitment-3-positions.html,2026-09-05T21:10:09+00:00
eb67cef0f27ae6d8,hotnigerianjobs,953069,Lily Hospitals Limited Internship & Exp. Job Recruitment (7 Positions),,Lily Hospitals Limited Internship & Exp. Job Recruitment (7 Positions),,Nigeria,unknown,,,Computer / AI / Technology / IT Services,,,,,,,,,https://www.hotnigerianjobs.com/hotjobs/953069/lily-hospitals-limited-internship-exp-job-recruitm.html,2026-09-05T21:10:09+00:00
83066b93b568fd56,hotnigerianjobs,953068,Food Concepts Plc Trainee & Exp. Job Recruitment (6 Positions),,Food Concepts Plc Trainee & Exp. Job Recruitment (6 Positions),,Nigeria,unknown,,,Computer / AI / Technology / IT Services,,,,,,,,,https://www.hotnigerianjobs.com/hotjobs/953068/food-concepts-plc-trainee-trainee-exp-plc-job-recr.html,2026-09-05T21:10:09+00:00
d947d356dce913fb,hotnigerianjobs,953067,Pages International School Job Recruitment (4 Positions),,Flour Mills of Nigeria Plc Job Recruitment (3 Positions) Addoz Integrated Resources Job Recruitment (6 Positions) Cemex Portals Job Recruitment (6 Positions) UnoCasa Consulting Job Recruitment (3 Positions) Inspire Polytechnic Job Recruitment (3 Positions) M-P Infrastructure Limited Job Recruitment (4 Positions) M.I.P Consultants Limited Job Recruitment (14 Positions) DreamCity Property & Investment Limited Job Recruitment (6 Positions) Tybtitx Services International Limited Internship & Exp. Job Recruitment (6 Positions) Kiyix Recruitment Hub Job Recruitment (10 Positions) Sunhive Job Recruitment Integrated Dairies Limited Job Recruitment (5 Positions) Westfield Consulting Limited Job Recruitment (7 Positions) Quema Consulting Job Recruitment (13 Positions) Astria Learning Job Recruitment (4 Positions) PGE Travels and Education Consulting Graduate & Exp. Job Recruitment (5 Positions) Jewels Leading Lights Academy Job Recruitment (3 Positions) Lunar Signature Hotel Job Recruitment (4 Positions) Uniccon Group of Companies Job Recruitment (5 Positions) Mega Star Technical and Construction Company Graduate Trainee & Exp. Job Recruitment (4 Positions) Dragnet Solutions Limited Job Recruitment Ponticelli Nigeria Limited (PNL) Job Recruitment (3 Positions) HNJ Exclusive Job GOODY Bag - SEPTEMBER Week ONE UPDATE! Latest Entry-level & Internship Job Recruitment in Nigeria - HNJobs (Weekly Recap) HNJobs (Recap): International Agency / NGO / Multinational Job Opportunities - HNJ Exclusive Latest Graduate & Management Trainee Job Recruitment in Nigeria - HNJobs (Weekly Recap) Latest Oil & Gas Job Opportunities in Nigeria - HNJ Exclusive 7treads Consults Job Recruitment (4 Positions) Latest Customer Service / Front Desk Job Recruitment in Nigeria - HNJobs (Weekly Recap) HNJobs (Recap): Federal / State Government Job Opportunities - HNJ Exclusive Zinance Limited Job Recruitment (5 Positions) HNJobs (Recap): Remote / Work-At-Home Job Opportunities HOP Services Job Recruitment (3 Positions) Lily Hospitals Limited Internship & Exp. Job Recruitment (7 Positions) Food Concepts Plc Trainee & Exp. Job Recruitment (6 Positions) Pages International School Job Recruitment (4 Positions) Stretch-it Concepts Limited Job Recruitment (4 Positions) iRecharge Tech-Innovations Limited Job Recruitment (3 Positions) Emerald Food & Beverage Company Limited Job Recruitment (3 Positions) ResumeSurge Consulting Job Recruitment (6 Positions) S&M Nigeria Limited Job Recruitment (3 Positions) Paystack Job Recruitment (7 Positions) Respected Solutions and Investment Limited Job Recruitment (3 Positions) Independent Project Monitoring Company Limited (IPMC) Job Recruitment (14 Positions) The Lady9ice Hair Job Recruitment (4 Positions) Skipper Eye-Q Hospitals Nigeria Limited Graduate & Exp. Job Recruitment (9 Positions) ASA Security Job Recruitment (8 Positions) Whitesoul Group Job Recruitment (4 Positions) Medecins du Monde (MdM) Job Recruitment (5 Positions) One Acre Fund Job Recruitment (9 Positions),,Nigeria,remote,Country-only,,Computer / AI / Technology / IT Services,,,,,,,,Other Tech,https://www.hotnigerianjobs.com/hotjobs/953067/pages-international-school-job-recruitment-4-posit.html,2026-09-05T21:10:09+00:00
75040e00ca129417,hotnigerianjobs,953066,Stretch-it Concepts Limited Job Recruitment (4 Positions),,Flour Mills of Nigeria Plc Job Recruitment (3 Positions) Addoz Integrated Resources Job Recruitment (6 Positions) Cemex Portals Job Recruitment (6 Positions) UnoCasa Consulting Job Recruitment (3 Positions) Inspire Polytechnic Job Recruitment (3 Positions) M-P Infrastructure Limited Job Recruitment (4 Positions) M.I.P Consultants Limited Job Recruitment (14 Positions) DreamCity Property & Investment Limited Job Recruitment (6 Positions) Tybtitx Services International Limited Internship & Exp. Job Recruitment (6 Positions) Kiyix Recruitment Hub Job Recruitment (10 Positions) Sunhive Job Recruitment Integrated Dairies Limited Job Recruitment (5 Positions) Westfield Consulting Limited Job Recruitment (7 Positions) Quema Consulting Job Recruitment (13 Positions) Astria Learning Job Recruitment (4 Positions) PGE Travels and Education Consulting Graduate & Exp. Job Recruitment (5 Positions) Jewels Leading Lights Academy Job Recruitment (3 Positions) Lunar Signature Hotel Job Recruitment (4 Positions) Uniccon Group of Companies Job Recruitment (5 Positions) Mega Star Technical and Construction Company Graduate Trainee & Exp. Job Recruitment (4 Positions) Dragnet Solutions Limited Job Recruitment Ponticelli Nigeria Limited (PNL) Job Recruitment (3 Positions) HNJ Exclusive Job GOODY Bag - SEPTEMBER Week ONE UPDATE! Latest Entry-level & Internship Job Recruitment in Nigeria - HNJobs (Weekly Recap) HNJobs (Recap): International Agency / NGO / Multinational Job Opportunities - HNJ Exclusive Latest Graduate & Management Trainee Job Recruitment in Nigeria - HNJobs (Weekly Recap) Latest Oil & Gas Job Opportunities in Nigeria - HNJ Exclusive 7treads Consults Job Recruitment (4 Positions) Latest Customer Service / Front Desk Job Recruitment in Nigeria - HNJobs (Weekly Recap) HNJobs (Recap): Federal / State Government Job Opportunities - HNJ Exclusive Zinance Limited Job Recruitment (5 Positions) HNJobs (Recap): Remote / Work-At-Home Job Opportunities HOP Services Job Recruitment (3 Positions) Lily Hospitals Limited Internship & Exp. Job Recruitment (7 Positions) Food Concepts Plc Trainee & Exp. Job Recruitment (6 Positions) Pages International School Job Recruitment (4 Positions) Stretch-it Concepts Limited Job Recruitment (4 Positions) iRecharge Tech-Innovations Limited Job Recruitment (3 Positions) Emerald Food & Beverage Company Limited Job Recruitment (3 Positions) ResumeSurge Consulting Job Recruitment (6 Positions) S&M Nigeria Limited Job Recruitment (3 Positions) Paystack Job Recruitment (7 Positions) Respected Solutions and Investment Limited Job Recruitment (3 Positions) Independent Project Monitoring Company Limited (IPMC) Job Recruitment (14 Positions) The Lady9ice Hair Job Recruitment (4 Positions) Skipper Eye-Q Hospitals Nigeria Limited Graduate & Exp. Job Recruitment (9 Positions) ASA Security Job Recruitment (8 Positions) Whitesoul Group Job Recruitment (4 Positions) Medecins du Monde (MdM) Job Recruitment (5 Positions) One Acre Fund Job Recruitment (9 Positions),,Nigeria,remote,Country-only,,Computer / AI / Technology / IT Services,,,,,,,,Other Tech,https://www.hotnigerianjobs.com/hotjobs/953066/stretchit-concepts-limited-job-recruitment-4-posit.html,2026-09-05T21:10:09+00:00
80251e706a731d14,hotnigerianjobs,953065,iRecharge Tech-Innovations Limited Job Recruitment (3 Positions),,iRecharge Tech-Innovations Limited Job Recruitment (3 Positions),,Nigeria,unknown,,,Computer / AI / Technology / IT Services,,,,,,,,,https://www.hotnigerianjobs.com/hotjobs/953065/irecharge-techinnovations-limited-job-recruitment.html,2026-09-05T21:10:09+00:00
e44f9f15cf72c2e2,hotnigerianjobs,953064,Emerald Food & Beverage Company Limited Job Recruitment (3 Positions),,Emerald Food & Beverage Company Limited Job Recruitment (3 Positions),,Nigeria,unknown,,,Computer / AI / Technology / IT Services,,,,,,,,,https://www.hotnigerianjobs.com/hotjobs/953064/emerald-food-beverage-company-limited-job-recruitm.html,2026-09-05T21:10:09+00:00
36792dd690950035,hotnigerianjobs,953061,ResumeSurge Consulting Job Recruitment (6 Positions),,Flour Mills of Nigeria Plc Job Recruitment (3 Positions) Addoz Integrated Resources Job Recruitment (6 Positions) Cemex Portals Job Recruitment (6 Positions) UnoCasa Consulting Job Recruitment (3 Positions) Inspire Polytechnic Job Recruitment (3 Positions) M-P Infrastructure Limited Job Recruitment (4 Positions) M.I.P Consultants Limited Job Recruitment (14 Positions) DreamCity Property & Investment Limited Job Recruitment (6 Positions) Tybtitx Services International Limited Internship & Exp. Job Recruitment (6 Positions) Kiyix Recruitment Hub Job Recruitment (10 Positions) Sunhive Job Recruitment Integrated Dairies Limited Job Recruitment (5 Positions) Westfield Consulting Limited Job Recruitment (7 Positions) Quema Consulting Job Recruitment (13 Positions) Astria Learning Job Recruitment (4 Positions) PGE Travels and Education Consulting Graduate & Exp. Job Recruitment (5 Positions) Jewels Leading Lights Academy Job Recruitment (3 Positions) Lunar Signature Hotel Job Recruitment (4 Positions) Uniccon Group of Companies Job Recruitment (5 Positions) Mega Star Technical and Construction Company Graduate Trainee & Exp. Job Recruitment (4 Positions) Dragnet Solutions Limited Job Recruitment Ponticelli Nigeria Limited (PNL) Job Recruitment (3 Positions) HNJ Exclusive Job GOODY Bag - SEPTEMBER Week ONE UPDATE! Latest Entry-level & Internship Job Recruitment in Nigeria - HNJobs (Weekly Recap) HNJobs (Recap): International Agency / NGO / Multinational Job Opportunities - HNJ Exclusive Latest Graduate & Management Trainee Job Recruitment in Nigeria - HNJobs (Weekly Recap) Latest Oil & Gas Job Opportunities in Nigeria - HNJ Exclusive 7treads Consults Job Recruitment (4 Positions) Latest Customer Service / Front Desk Job Recruitment in Nigeria - HNJobs (Weekly Recap) HNJobs (Recap): Federal / State Government Job Opportunities - HNJ Exclusive Zinance Limited Job Recruitment (5 Positions) HNJobs (Recap): Remote / Work-At-Home Job Opportunities HOP Services Job Recruitment (3 Positions) Lily Hospitals Limited Internship & Exp. Job Recruitment (7 Positions) Food Concepts Plc Trainee & Exp. Job Recruitment (6 Positions) Pages International School Job Recruitment (4 Positions) Stretch-it Concepts Limited Job Recruitment (4 Positions) iRecharge Tech-Innovations Limited Job Recruitment (3 Positions) Emerald Food & Beverage Company Limited Job Recruitment (3 Positions) ResumeSurge Consulting Job Recruitment (6 Positions) S&M Nigeria Limited Job Recruitment (3 Positions) Paystack Job Recruitment (7 Positions) Respected Solutions and Investment Limited Job Recruitment (3 Positions) Independent Project Monitoring Company Limited (IPMC) Job Recruitment (14 Positions) The Lady9ice Hair Job Recruitment (4 Positions) Skipper Eye-Q Hospitals Nigeria Limited Graduate & Exp. Job Recruitment (9 Positions) ASA Security Job Recruitment (8 Positions) Whitesoul Group Job Recruitment (4 Positions) Medecins du Monde (MdM) Job Recruitment (5 Positions) One Acre Fund Job Recruitment (9 Positions),,Nigeria,remote,Country-only,,Computer / AI / Technology / IT Services,,,,,,,,Other Tech,https://www.hotnigerianjobs.com/hotjobs/953061/resumesurge-consulting-job-recruitment-6-positions.html,2026-09-05T21:10:09+00:00
45476879213762b3,hotnigerianjobs,953060,S&M Nigeria Limited Job Recruitment (3 Positions),,Flour Mills of Nigeria Plc Job Recruitment (3 Positions) Addoz Integrated Resources Job Recruitment (6 Positions) Cemex Portals Job Recruitment (6 Positions) UnoCasa Consulting Job Recruitment (3 Positions) Inspire Polytechnic Job Recruitment (3 Positions) M-P Infrastructure Limited Job Recruitment (4 Positions) M.I.P Consultants Limited Job Recruitment (14 Positions) DreamCity Property & Investment Limited Job Recruitment (6 Positions) Tybtitx Services International Limited Internship & Exp. Job Recruitment (6 Positions) Kiyix Recruitment Hub Job Recruitment (10 Positions) Sunhive Job Recruitment Integrated Dairies Limited Job Recruitment (5 Positions) Westfield Consulting Limited Job Recruitment (7 Positions) Quema Consulting Job Recruitment (13 Positions) Astria Learning Job Recruitment (4 Positions) PGE Travels and Education Consulting Graduate & Exp. Job Recruitment (5 Positions) Jewels Leading Lights Academy Job Recruitment (3 Positions) Lunar Signature Hotel Job Recruitment (4 Positions) Uniccon Group of Companies Job Recruitment (5 Positions) Mega Star Technical and Construction Company Graduate Trainee & Exp. Job Recruitment (4 Positions) Dragnet Solutions Limited Job Recruitment Ponticelli Nigeria Limited (PNL) Job Recruitment (3 Positions) HNJ Exclusive Job GOODY Bag - SEPTEMBER Week ONE UPDATE! Latest Entry-level & Internship Job Recruitment in Nigeria - HNJobs (Weekly Recap) HNJobs (Recap): International Agency / NGO / Multinational Job Opportunities - HNJ Exclusive Latest Graduate & Management Trainee Job Recruitment in Nigeria - HNJobs (Weekly Recap) Latest Oil & Gas Job Opportunities in Nigeria - HNJ Exclusive 7treads Consults Job Recruitment (4 Positions) Latest Customer Service / Front Desk Job Recruitment in Nigeria - HNJobs (Weekly Recap) HNJobs (Recap): Federal / State Government Job Opportunities - HNJ Exclusive Zinance Limited Job Recruitment (5 Positions) HNJobs (Recap): Remote / Work-At-Home Job Opportunities HOP Services Job Recruitment (3 Positions) Lily Hospitals Limited Internship & Exp. Job Recruitment (7 Positions) Food Concepts Plc Trainee & Exp. Job Recruitment (6 Positions) Pages International School Job Recruitment (4 Positions) Stretch-it Concepts Limited Job Recruitment (4 Positions) iRecharge Tech-Innovations Limited Job Recruitment (3 Positions) Emerald Food & Beverage Company Limited Job Recruitment (3 Positions) ResumeSurge Consulting Job Recruitment (6 Positions) S&M Nigeria Limited Job Recruitment (3 Positions) Paystack Job Recruitment (7 Positions) Respected Solutions and Investment Limited Job Recruitment (3 Positions) Independent Project Monitoring Company Limited (IPMC) Job Recruitment (14 Positions) The Lady9ice Hair Job Recruitment (4 Positions) Skipper Eye-Q Hospitals Nigeria Limited Graduate & Exp. Job Recruitment (9 Positions) ASA Security Job Recruitment (8 Positions) Whitesoul Group Job Recruitment (4 Positions) Medecins du Monde (MdM) Job Recruitment (5 Positions) One Acre Fund Job Recruitment (9 Positions),,Nigeria,remote,Country-only,,Computer / AI / Technology / IT Services,,,,,,,,Other Tech,https://www.hotnigerianjobs.com/hotjobs/953060/sm-nigeria-limited-job-recruitment-3-positions.html,2026-09-05T21:10:09+00:00
7f5817213ae414da,hotnigerianjobs,953058,Paystack Job Recruitment (7 Positions),,Flour Mills of Nigeria Plc Job Recruitment (3 Positions) Addoz Integrated Resources Job Recruitment (6 Positions) Cemex Portals Job Recruitment (6 Positions) UnoCasa Consulting Job Recruitment (3 Positions) Inspire Polytechnic Job Recruitment (3 Positions) M-P Infrastructure Limited Job Recruitment (4 Positions) M.I.P Consultants Limited Job Recruitment (14 Positions) DreamCity Property & Investment Limited Job Recruitment (6 Positions) Tybtitx Services International Limited Internship & Exp. Job Recruitment (6 Positions) Kiyix Recruitment Hub Job Recruitment (10 Positions) Sunhive Job Recruitment Integrated Dairies Limited Job Recruitment (5 Positions) Westfield Consulting Limited Job Recruitment (7 Positions) Quema Consulting Job Recruitment (13 Positions) Astria Learning Job Recruitment (4 Positions) PGE Travels and Education Consulting Graduate & Exp. Job Recruitment (5 Positions) Jewels Leading Lights Academy Job Recruitment (3 Positions) Lunar Signature Hotel Job Recruitment (4 Positions) Uniccon Group of Companies Job Recruitment (5 Positions) Mega Star Technical and Construction Company Graduate Trainee & Exp. Job Recruitment (4 Positions) Dragnet Solutions Limited Job Recruitment Ponticelli Nigeria Limited (PNL) Job Recruitment (3 Positions) HNJ Exclusive Job GOODY Bag - SEPTEMBER Week ONE UPDATE! Latest Entry-level & Internship Job Recruitment in Nigeria - HNJobs (Weekly Recap) HNJobs (Recap): International Agency / NGO / Multinational Job Opportunities - HNJ Exclusive Latest Graduate & Management Trainee Job Recruitment in Nigeria - HNJobs (Weekly Recap) Latest Oil & Gas Job Opportunities in Nigeria - HNJ Exclusive 7treads Consults Job Recruitment (4 Positions) Latest Customer Service / Front Desk Job Recruitment in Nigeria - HNJobs (Weekly Recap) HNJobs (Recap): Federal / State Government Job Opportunities - HNJ Exclusive Zinance Limited Job Recruitment (5 Positions) HNJobs (Recap): Remote / Work-At-Home Job Opportunities HOP Services Job Recruitment (3 Positions) Lily Hospitals Limited Internship & Exp. Job Recruitment (7 Positions) Food Concepts Plc Trainee & Exp. Job Recruitment (6 Positions) Pages International School Job Recruitment (4 Positions) Stretch-it Concepts Limited Job Recruitment (4 Positions) iRecharge Tech-Innovations Limited Job Recruitment (3 Positions) Emerald Food & Beverage Company Limited Job Recruitment (3 Positions) ResumeSurge Consulting Job Recruitment (6 Positions) S&M Nigeria Limited Job Recruitment (3 Positions) Paystack Job Recruitment (7 Positions) Respected Solutions and Investment Limited Job Recruitment (3 Positions) Independent Project Monitoring Company Limited (IPMC) Job Recruitment (14 Positions) The Lady9ice Hair Job Recruitment (4 Positions) Skipper Eye-Q Hospitals Nigeria Limited Graduate & Exp. Job Recruitment (9 Positions) ASA Security Job Recruitment (8 Positions) Whitesoul Group Job Recruitment (4 Positions) Medecins du Monde (MdM) Job Recruitment (5 Positions) One Acre Fund Job Recruitment (9 Positions),,Nigeria,remote,Country-only,,Computer / AI / Technology / IT Services,,,,,,,,Other Tech,https://www.hotnigerianjobs.com/hotjobs/953058/paystack-job-recruitment-6-positions.html,2026-09-05T21:10:09+00:00
711b671cbcd5d286,hotnigerianjobs,953053,Respected Solutions and Investment Limited Job Recruitment (3 Positions),,Respected Solutions and Investment Limited Job Recruitment (3 Positions),,Nigeria,unknown,,,Computer / AI / Technology / IT Services,,,,,,,,,https://www.hotnigerianjobs.com/hotjobs/953053/respected-solutions-and-investment-limited-job-rec.html,2026-09-05T21:10:09+00:00
1e1000649227c0e7,hotnigerianjobs,953050,Independent Project Monitoring Company Limited (IPMC) Job Recruitment (14 Positions),,Independent Project Monitoring Company Limited (IPMC) Job Recruitment (14 Positions),,Nigeria,unknown,,,Computer / AI / Technology / IT Services,,,,,,,,,https://www.hotnigerianjobs.com/hotjobs/953050/independent-project-monitoring-company-limited-ipm.html,2026-09-05T21:10:09+00:00
7277ad287964cb32,hotnigerianjobs,953015,The Lady9ice Hair Job Recruitment (4 Positions),,Flour Mills of Nigeria Plc Job Recruitment (3 Positions) Addoz Integrated Resources Job Recruitment (6 Positions) Cemex Portals Job Recruitment (6 Positions) UnoCasa Consulting Job Recruitment (3 Positions) Inspire Polytechnic Job Recruitment (3 Positions) M-P Infrastructure Limited Job Recruitment (4 Positions) M.I.P Consultants Limited Job Recruitment (14 Positions) DreamCity Property & Investment Limited Job Recruitment (6 Positions) Tybtitx Services International Limited Internship & Exp. Job Recruitment (6 Positions) Kiyix Recruitment Hub Job Recruitment (10 Positions) Sunhive Job Recruitment Integrated Dairies Limited Job Recruitment (5 Positions) Westfield Consulting Limited Job Recruitment (7 Positions) Quema Consulting Job Recruitment (13 Positions) Astria Learning Job Recruitment (4 Positions) PGE Travels and Education Consulting Graduate & Exp. Job Recruitment (5 Positions) Jewels Leading Lights Academy Job Recruitment (3 Positions) Lunar Signature Hotel Job Recruitment (4 Positions) Uniccon Group of Companies Job Recruitment (5 Positions) Mega Star Technical and Construction Company Graduate Trainee & Exp. Job Recruitment (4 Positions) Dragnet Solutions Limited Job Recruitment Ponticelli Nigeria Limited (PNL) Job Recruitment (3 Positions) HNJ Exclusive Job GOODY Bag - SEPTEMBER Week ONE UPDATE! Latest Entry-level & Internship Job Recruitment in Nigeria - HNJobs (Weekly Recap) HNJobs (Recap): International Agency / NGO / Multinational Job Opportunities - HNJ Exclusive Latest Graduate & Management Trainee Job Recruitment in Nigeria - HNJobs (Weekly Recap) Latest Oil & Gas Job Opportunities in Nigeria - HNJ Exclusive 7treads Consults Job Recruitment (4 Positions) Latest Customer Service / Front Desk Job Recruitment in Nigeria - HNJobs (Weekly Recap) HNJobs (Recap): Federal / State Government Job Opportunities - HNJ Exclusive Zinance Limited Job Recruitment (5 Positions) HNJobs (Recap): Remote / Work-At-Home Job Opportunities HOP Services Job Recruitment (3 Positions) Lily Hospitals Limited Internship & Exp. Job Recruitment (7 Positions) Food Concepts Plc Trainee & Exp. Job Recruitment (6 Positions) Pages International School Job Recruitment (4 Positions) Stretch-it Concepts Limited Job Recruitment (4 Positions) iRecharge Tech-Innovations Limited Job Recruitment (3 Positions) Emerald Food & Beverage Company Limited Job Recruitment (3 Positions) ResumeSurge Consulting Job Recruitment (6 Positions) S&M Nigeria Limited Job Recruitment (3 Positions) Paystack Job Recruitment (7 Positions) Respected Solutions and Investment Limited Job Recruitment (3 Positions) Independent Project Monitoring Company Limited (IPMC) Job Recruitment (14 Positions) The Lady9ice Hair Job Recruitment (4 Positions) Skipper Eye-Q Hospitals Nigeria Limited Graduate & Exp. Job Recruitment (9 Positions) ASA Security Job Recruitment (8 Positions) Whitesoul Group Job Recruitment (4 Positions) Medecins du Monde (MdM) Job Recruitment (5 Positions) One Acre Fund Job Recruitment (9 Positions),,Nigeria,remote,Country-only,,Computer / AI / Technology / IT Services,,,,,,,,Other Tech,https://www.hotnigerianjobs.com/hotjobs/953015/the-lady9ice-hair-job-recruitment-4-positions.html,2026-09-05T21:10:09+00:00
2b2e0fb59c69af38,hotnigerianjobs,953012,Skipper Eye-Q Hospitals Nigeria Limited Graduate & Exp. Job Recruitment (9 Positions),,Skipper Eye-Q Hospitals Nigeria Limited Graduate & Exp. Job Recruitment (9 Positions),,Nigeria,unknown,,,Computer / AI / Technology / IT Services,,,,,,,,,https://www.hotnigerianjobs.com/hotjobs/953012/skipper-eyeq-hospitals-nigeria-limited-graduate-ex.html,2026-09-05T21:10:09+00:00
9bb4baf59429b6ad,hotnigerianjobs,953007,ASA Security Job Recruitment (8 Positions),,Flour Mills of Nigeria Plc Job Recruitment (3 Positions) Addoz Integrated Resources Job Recruitment (6 Positions) Cemex Portals Job Recruitment (6 Positions) UnoCasa Consulting Job Recruitment (3 Positions) Inspire Polytechnic Job Recruitment (3 Positions) M-P Infrastructure Limited Job Recruitment (4 Positions) M.I.P Consultants Limited Job Recruitment (14 Positions) DreamCity Property & Investment Limited Job Recruitment (6 Positions) Tybtitx Services International Limited Internship & Exp. Job Recruitment (6 Positions) Kiyix Recruitment Hub Job Recruitment (10 Positions) Sunhive Job Recruitment Integrated Dairies Limited Job Recruitment (5 Positions) Westfield Consulting Limited Job Recruitment (7 Positions) Quema Consulting Job Recruitment (13 Positions) Astria Learning Job Recruitment (4 Positions) PGE Travels and Education Consulting Graduate & Exp. Job Recruitment (5 Positions) Jewels Leading Lights Academy Job Recruitment (3 Positions) Lunar Signature Hotel Job Recruitment (4 Positions) Uniccon Group of Companies Job Recruitment (5 Positions) Mega Star Technical and Construction Company Graduate Trainee & Exp. Job Recruitment (4 Positions) Dragnet Solutions Limited Job Recruitment Ponticelli Nigeria Limited (PNL) Job Recruitment (3 Positions) HNJ Exclusive Job GOODY Bag - SEPTEMBER Week ONE UPDATE! Latest Entry-level & Internship Job Recruitment in Nigeria - HNJobs (Weekly Recap) HNJobs (Recap): International Agency / NGO / Multinational Job Opportunities - HNJ Exclusive Latest Graduate & Management Trainee Job Recruitment in Nigeria - HNJobs (Weekly Recap) Latest Oil & Gas Job Opportunities in Nigeria - HNJ Exclusive 7treads Consults Job Recruitment (4 Positions) Latest Customer Service / Front Desk Job Recruitment in Nigeria - HNJobs (Weekly Recap) HNJobs (Recap): Federal / State Government Job Opportunities - HNJ Exclusive Zinance Limited Job Recruitment (5 Positions) HNJobs (Recap): Remote / Work-At-Home Job Opportunities HOP Services Job Recruitment (3 Positions) Lily Hospitals Limited Internship & Exp. Job Recruitment (7 Positions) Food Concepts Plc Trainee & Exp. Job Recruitment (6 Positions) Pages International School Job Recruitment (4 Positions) Stretch-it Concepts Limited Job Recruitment (4 Positions) iRecharge Tech-Innovations Limited Job Recruitment (3 Positions) Emerald Food & Beverage Company Limited Job Recruitment (3 Positions) ResumeSurge Consulting Job Recruitment (6 Positions) S&M Nigeria Limited Job Recruitment (3 Positions) Paystack Job Recruitment (7 Positions) Respected Solutions and Investment Limited Job Recruitment (3 Positions) Independent Project Monitoring Company Limited (IPMC) Job Recruitment (14 Positions) The Lady9ice Hair Job Recruitment (4 Positions) Skipper Eye-Q Hospitals Nigeria Limited Graduate & Exp. Job Recruitment (9 Positions) ASA Security Job Recruitment (8 Positions) Whitesoul Group Job Recruitment (4 Positions) Medecins du Monde (MdM) Job Recruitment (5 Positions) One Acre Fund Job Recruitment (9 Positions),,Nigeria,remote,Country-only,,Computer / AI / Technology / IT Services,,,,,,,,Other Tech,https://www.hotnigerianjobs.com/hotjobs/953007/asa-security-job-recruitment-6-positions.html,2026-09-05T21:10:09+00:00
5c755d727e1571bb,hotnigerianjobs,953006,Whitesoul Group Job Recruitment (4 Positions),,Flour Mills of Nigeria Plc Job Recruitment (3 Positions) Addoz Integrated Resources Job Recruitment (6 Positions) Cemex Portals Job Recruitment (6 Positions) UnoCasa Consulting Job Recruitment (3 Positions) Inspire Polytechnic Job Recruitment (3 Positions) M-P Infrastructure Limited Job Recruitment (4 Positions) M.I.P Consultants Limited Job Recruitment (14 Positions) DreamCity Property & Investment Limited Job Recruitment (6 Positions) Tybtitx Services International Limited Internship & Exp. Job Recruitment (6 Positions) Kiyix Recruitment Hub Job Recruitment (10 Positions) Sunhive Job Recruitment Integrated Dairies Limited Job Recruitment (5 Positions) Westfield Consulting Limited Job Recruitment (7 Positions) Quema Consulting Job Recruitment (13 Positions) Astria Learning Job Recruitment (4 Positions) PGE Travels and Education Consulting Graduate & Exp. Job Recruitment (5 Positions) Jewels Leading Lights Academy Job Recruitment (3 Positions) Lunar Signature Hotel Job Recruitment (4 Positions) Uniccon Group of Companies Job Recruitment (5 Positions) Mega Star Technical and Construction Company Graduate Trainee & Exp. Job Recruitment (4 Positions) Dragnet Solutions Limited Job Recruitment Ponticelli Nigeria Limited (PNL) Job Recruitment (3 Positions) HNJ Exclusive Job GOODY Bag - SEPTEMBER Week ONE UPDATE! Latest Entry-level & Internship Job Recruitment in Nigeria - HNJobs (Weekly Recap) HNJobs (Recap): International Agency / NGO / Multinational Job Opportunities - HNJ Exclusive Latest Graduate & Management Trainee Job Recruitment in Nigeria - HNJobs (Weekly Recap) Latest Oil & Gas Job Opportunities in Nigeria - HNJ Exclusive 7treads Consults Job Recruitment (4 Positions) Latest Customer Service / Front Desk Job Recruitment in Nigeria - HNJobs (Weekly Recap) HNJobs (Recap): Federal / State Government Job Opportunities - HNJ Exclusive Zinance Limited Job Recruitment (5 Positions) HNJobs (Recap): Remote / Work-At-Home Job Opportunities HOP Services Job Recruitment (3 Positions) Lily Hospitals Limited Internship & Exp. Job Recruitment (7 Positions) Food Concepts Plc Trainee & Exp. Job Recruitment (6 Positions) Pages International School Job Recruitment (4 Positions) Stretch-it Concepts Limited Job Recruitment (4 Positions) iRecharge Tech-Innovations Limited Job Recruitment (3 Positions) Emerald Food & Beverage Company Limited Job Recruitment (3 Positions) ResumeSurge Consulting Job Recruitment (6 Positions) S&M Nigeria Limited Job Recruitment (3 Positions) Paystack Job Recruitment (7 Positions) Respected Solutions and Investment Limited Job Recruitment (3 Positions) Independent Project Monitoring Company Limited (IPMC) Job Recruitment (14 Positions) The Lady9ice Hair Job Recruitment (4 Positions) Skipper Eye-Q Hospitals Nigeria Limited Graduate & Exp. Job Recruitment (9 Positions) ASA Security Job Recruitment (8 Positions) Whitesoul Group Job Recruitment (4 Positions) Medecins du Monde (MdM) Job Recruitment (5 Positions) One Acre Fund Job Recruitment (9 Positions),,Nigeria,remote,Country-only,,Computer / AI / Technology / IT Services,,,,,,,,Other Tech,https://www.hotnigerianjobs.com/hotjobs/953006/whitesoul-group-job-recruitment-4-positions.html,2026-09-05T21:10:09+00:00
0444314c8c027f05,hotnigerianjobs,952988,Medecins du Monde (MdM) Job Recruitment (5 Positions),,Flour Mills of Nigeria Plc Job Recruitment (3 Positions) Addoz Integrated Resources Job Recruitment (6 Positions) Cemex Portals Job Recruitment (6 Positions) UnoCasa Consulting Job Recruitment (3 Positions) Inspire Polytechnic Job Recruitment (3 Positions) M-P Infrastructure Limited Job Recruitment (4 Positions) M.I.P Consultants Limited Job Recruitment (14 Positions) DreamCity Property & Investment Limited Job Recruitment (6 Positions) Tybtitx Services International Limited Internship & Exp. Job Recruitment (6 Positions) Kiyix Recruitment Hub Job Recruitment (10 Positions) Sunhive Job Recruitment Integrated Dairies Limited Job Recruitment (5 Positions) Westfield Consulting Limited Job Recruitment (7 Positions) Quema Consulting Job Recruitment (13 Positions) Astria Learning Job Recruitment (4 Positions) PGE Travels and Education Consulting Graduate & Exp. Job Recruitment (5 Positions) Jewels Leading Lights Academy Job Recruitment (3 Positions) Lunar Signature Hotel Job Recruitment (4 Positions) Uniccon Group of Companies Job Recruitment (5 Positions) Mega Star Technical and Construction Company Graduate Trainee & Exp. Job Recruitment (4 Positions) Dragnet Solutions Limited Job Recruitment Ponticelli Nigeria Limited (PNL) Job Recruitment (3 Positions) HNJ Exclusive Job GOODY Bag - SEPTEMBER Week ONE UPDATE! Latest Entry-level & Internship Job Recruitment in Nigeria - HNJobs (Weekly Recap) HNJobs (Recap): International Agency / NGO / Multinational Job Opportunities - HNJ Exclusive Latest Graduate & Management Trainee Job Recruitment in Nigeria - HNJobs (Weekly Recap) Latest Oil & Gas Job Opportunities in Nigeria - HNJ Exclusive 7treads Consults Job Recruitment (4 Positions) Latest Customer Service / Front Desk Job Recruitment in Nigeria - HNJobs (Weekly Recap) HNJobs (Recap): Federal / State Government Job Opportunities - HNJ Exclusive Zinance Limited Job Recruitment (5 Positions) HNJobs (Recap): Remote / Work-At-Home Job Opportunities HOP Services Job Recruitment (3 Positions) Lily Hospitals Limited Internship & Exp. Job Recruitment (7 Positions) Food Concepts Plc Trainee & Exp. Job Recruitment (6 Positions) Pages International School Job Recruitment (4 Positions) Stretch-it Concepts Limited Job Recruitment (4 Positions) iRecharge Tech-Innovations Limited Job Recruitment (3 Positions) Emerald Food & Beverage Company Limited Job Recruitment (3 Positions) ResumeSurge Consulting Job Recruitment (6 Positions) S&M Nigeria Limited Job Recruitment (3 Positions) Paystack Job Recruitment (7 Positions) Respected Solutions and Investment Limited Job Recruitment (3 Positions) Independent Project Monitoring Company Limited (IPMC) Job Recruitment (14 Positions) The Lady9ice Hair Job Recruitment (4 Positions) Skipper Eye-Q Hospitals Nigeria Limited Graduate & Exp. Job Recruitment (9 Positions) ASA Security Job Recruitment (8 Positions) Whitesoul Group Job Recruitment (4 Positions) Medecins du Monde (MdM) Job Recruitment (5 Positions) One Acre Fund Job Recruitment (9 Positions),,Nigeria,remote,Country-only,,Computer / AI / Technology / IT Services,,,,,,,,Other Tech,https://www.hotnigerianjobs.com/hotjobs/952988/medecins-du-monde-mdm-job-recruitment-5-positions.html,2026-09-05T21:10:09+00:00
46fd761e5a218fe1,hotnigerianjobs,952982,One Acre Fund Job Recruitment (9 Positions),,Flour Mills of Nigeria Plc Job Recruitment (3 Positions) Addoz Integrated Resources Job Recruitment (6 Positions) Cemex Portals Job Recruitment (6 Positions) UnoCasa Consulting Job Recruitment (3 Positions) Inspire Polytechnic Job Recruitment (3 Positions) M-P Infrastructure Limited Job Recruitment (4 Positions) M.I.P Consultants Limited Job Recruitment (14 Positions) DreamCity Property & Investment Limited Job Recruitment (6 Positions) Tybtitx Services International Limited Internship & Exp. Job Recruitment (6 Positions) Kiyix Recruitment Hub Job Recruitment (10 Positions) Sunhive Job Recruitment Integrated Dairies Limited Job Recruitment (5 Positions) Westfield Consulting Limited Job Recruitment (7 Positions) Quema Consulting Job Recruitment (13 Positions) Astria Learning Job Recruitment (4 Positions) PGE Travels and Education Consulting Graduate & Exp. Job Recruitment (5 Positions) Jewels Leading Lights Academy Job Recruitment (3 Positions) Lunar Signature Hotel Job Recruitment (4 Positions) Uniccon Group of Companies Job Recruitment (5 Positions) Mega Star Technical and Construction Company Graduate Trainee & Exp. Job Recruitment (4 Positions) Dragnet Solutions Limited Job Recruitment Ponticelli Nigeria Limited (PNL) Job Recruitment (3 Positions) HNJ Exclusive Job GOODY Bag - SEPTEMBER Week ONE UPDATE! Latest Entry-level & Internship Job Recruitment in Nigeria - HNJobs (Weekly Recap) HNJobs (Recap): International Agency / NGO / Multinational Job Opportunities - HNJ Exclusive Latest Graduate & Management Trainee Job Recruitment in Nigeria - HNJobs (Weekly Recap) Latest Oil & Gas Job Opportunities in Nigeria - HNJ Exclusive 7treads Consults Job Recruitment (4 Positions) Latest Customer Service / Front Desk Job Recruitment in Nigeria - HNJobs (Weekly Recap) HNJobs (Recap): Federal / State Government Job Opportunities - HNJ Exclusive Zinance Limited Job Recruitment (5 Positions) HNJobs (Recap): Remote / Work-At-Home Job Opportunities HOP Services Job Recruitment (3 Positions) Lily Hospitals Limited Internship & Exp. Job Recruitment (7 Positions) Food Concepts Plc Trainee & Exp. Job Recruitment (6 Positions) Pages International School Job Recruitment (4 Positions) Stretch-it Concepts Limited Job Recruitment (4 Positions) iRecharge Tech-Innovations Limited Job Recruitment (3 Positions) Emerald Food & Beverage Company Limited Job Recruitment (3 Positions) ResumeSurge Consulting Job Recruitment (6 Positions) S&M Nigeria Limited Job Recruitment (3 Positions) Paystack Job Recruitment (7 Positions) Respected Solutions and Investment Limited Job Recruitment (3 Positions) Independent Project Monitoring Company Limited (IPMC) Job Recruitment (14 Positions) The Lady9ice Hair Job Recruitment (4 Positions) Skipper Eye-Q Hospitals Nigeria Limited Graduate & Exp. Job Recruitment (9 Positions) ASA Security Job Recruitment (8 Positions) Whitesoul Group Job Recruitment (4 Positions) Medecins du Monde (MdM) Job Recruitment (5 Positions) One Acre Fund Job Recruitment (9 Positions),,Nigeria,remote,Country-only,,Computer / AI / Technology / IT Services,,,,,,,,Other Tech,https://www.hotnigerianjobs.com/hotjobs/952982/one-acre-fund-job-recruitment-9-positions.html,2026-09-05T21:10:09+00:00
151740b47505b0ee,hotnigerianjobs,953182,"Executive Assistant to the MD/CEO at an Innovation-led, and Technology-driven Knowledge Organization - Westfield Consulting",,"Executive Assistant to the MD/CEO at an Innovation-led, and Technology-driven Knowledge Organization - Westfield Consulting",,Nigeria,unknown,,,Computer / AI / Technology / IT Services,,,,,,,,,https://www.hotnigerianjobs.com/hotjobs/953182/executive-assistant-to-the-mdceo-at-an-innovationl.html,2026-09-05T21:10:09+00:00
7be63941956c79c0,hotnigerianjobs,953128,Biologist at Zinance Limited (5 Openings),Zinance Limited,"Zinance Limited is recruiting to fill the position of: Biologist. The position is located in Ajuwon, Akute, Ikeja, Ogba, Oregun - Lagos and Ogun State. Salary: N170,000 - N230,000 per month. Interested candidates should possess relevant qualifications and strong understanding of biology, chemistry and laboratory equipment and procedures. Apply Now","Ajuwon, Akute, Ikeja, Ogba, Oregun - Lagos and Ogun State",Nigeria,unknown,,,Computer / AI / Technology / IT Services,,,,"N170,000 - N230,000 per month",,"Fri 04th Sep, 2026",,,https://www.hotnigerianjobs.com/hotjobs/953128/biologist-at-zinance-limited.html,2026-09-05T21:10:09+00:00
c06275c17de49873,hotnigerianjobs,953118,Laboratory Technician at Zinance Limited (3 Openings),Zinance Limited,"Zinance Limited is recruiting to fill the position of: Laboratory Technician. The position is located in Agege, GRA, Lekki - Lagos State. Salary: N150,000 - N200,000 monthly. Interested candidates should possess relevant qualifications with experience in operating electrical and non electrical laboratory equipment and potentially dangerous substances (flammable liquids, infectious bacteria, biohazards etc.). Apply Now","Agege, GRA, Lekki - Lagos State",Nigeria,unknown,,,Computer / AI / Technology / IT Services,,,,"N150,000 - N200,000 monthly",,"Fri 04th Sep, 2026",,,https://www.hotnigerianjobs.com/hotjobs/953118/laboratory-technician-at-zinance-limited-3-opening.html,2026-09-05T21:10:09+00:00
7ce2196d3f05f93d,hotnigerianjobs,953108,Operations Administrative Assistant at Racine Technologies Limted,,Operations Administrative Assistant at Racine Technologies Limted,,Nigeria,unknown,,,Computer / AI / Technology / IT Services,,,,,,,,,https://www.hotnigerianjobs.com/hotjobs/953108/operations-administrative-assistant-at-racine-tech.html,2026-09-05T21:10:09+00:00
6f743593616c8253,hotnigerianjobs,953105,Staff Product Designer (Remote) at Moniepoint Incorporated,Moniepoint Incorporated,Moniepoint Incorporated is recruiting to fill the position of: Staff Product Designer. The position is located in Lagos State (Remote). Interested candidates should possess a mastery of design tools and advanced prototyping with 10+ years of product design experience with demonstrated strategic impact. Apply Now,Lagos State (Remote),Nigeria,remote,Country-only,,Computer / AI / Technology / IT Services,,,,,,"Fri 04th Sep, 2026",,,https://www.hotnigerianjobs.com/hotjobs/953105/staff-product-designer-remote-at-moniepoint-incorp.html,2026-09-05T21:10:09+00:00
75a931b1662a68ed,hotnigerianjobs,953121,Chief Medical Officer at Zinance Limited,Zinance Limited,"Zinance Limited is recruiting to fill the position of: Chief Medical Officer. The position is located in Ikeja, Egbeda and Alimosho - Lagos State. Salary: N170,000 - N230,000 per month. Interested candidates should possess relevant qualifications and clinical risk management experience. Apply Now","Ikeja, Egbeda and Alimosho - Lagos State",Nigeria,unknown,,,Computer / AI / Technology / IT Services,,,,"N170,000 - N230,000 per month",,"Fri 04th Sep, 2026",,,https://www.hotnigerianjobs.com/hotjobs/953121/chief-medical-officer-at-zinance-limited-3-opening.html,2026-09-05T21:10:09+00:00
2e3a98f6145bcca8,hotnigerianjobs,953090,Solar Engineer at Mirahub Limited,Mirahub Limited,"Mirahub Limited is recruiting to fill the position of: Solar Engineer. The position is located in Berger, Lagos State. Salary: N200,000 - N250,000 monthly. Interested candidates should possess a B.Sc./HND in Electrical Engineering, Electronics Engineering, Renewable Energy Engineering, or a related field with 2–5 years of relevant experience in solar PV design, installation, commissioning, or maintenance. Apply Now","Berger, Lagos State",Nigeria,unknown,,,Computer / AI / Technology / IT Services,,,,"N200,000 - N250,000 monthly",,"Fri 04th Sep, 2026",,Other Tech,https://www.hotnigerianjobs.com/hotjobs/953090/solar-engineer-at-mirahub-limited.html,2026-09-05T21:10:09+00:00
1a96bb702a814741,hotnigerianjobs,953080,Customer Success & Front Desk Executive at Intavalto Nigeria Limited,,Customer Success & Front Desk Executive at Intavalto Nigeria Limited,,Nigeria,unknown,,,Computer / AI / Technology / IT Services,,,,,,,,,https://www.hotnigerianjobs.com/hotjobs/953080/customer-success-front-desk-executive-at-intavalto.html,2026-09-05T21:10:09+00:00
72314daf63373b92,hotnigerianjobs,953019,Content Creator at Intavalto Nigeria Limited,Intavalto Nigeria Limited,"Intavalto Nigeria Limited is recruiting to fill the position of: Content Creator. The position is located in Abuja (FCT). Salary: N150,000 - N180,000 / month. Interested candidates should possess a Bachelor’s Degree in Mass Communication, Marketing, Public Relations, Journalism, Media Studies, Communications or any related discipline with 0–1 year of relevant experience in content creation, social media management, media production, digital marketing, broadcasting, or a related role. Youth Corp members, fresh graduates with demonstrated skills or relevant experience through internships, projects, or personal platforms are welcome to apply. Apply Now",Abuja (FCT),Nigeria,unknown,,,Computer / AI / Technology / IT Services,,,,"N150,000 - N180,000 / month",,"Fri 04th Sep, 2026",,,https://www.hotnigerianjobs.com/hotjobs/953019/content-creator-at-intavalto-nigeria-limited.html,2026-09-05T21:10:09+00:00
1d51c9070512ced5,hotnigerianjobs,952993,Customer Service Officer at an IT Firm - Swift Consulting Limited,,Customer Service Officer at an IT Firm - Swift Consulting Limited,,Nigeria,unknown,,,Computer / AI / Technology / IT Services,,,,,,,,,https://www.hotnigerianjobs.com/hotjobs/952993/customer-service-officer-at-swift-consulting-limit.html,2026-09-05T21:10:09+00:00
a5c552982bfef687,hotnigerianjobs,952925,Research Manager at Ipsos,Ipsos,"Ipsos is recruiting to fill the position of: Research Manager. The position is located in Lagos State. Interested candidates should possess an Advanced Degree in Social Sciences, Public Health, Economics, or a related field with 7+ years' experience in research, evaluation, and consulting within the social development sector. Apply Now",Lagos State,Nigeria,unknown,,,Computer / AI / Technology / IT Services,,,,,,"Fri 04th Sep, 2026",,,https://www.hotnigerianjobs.com/hotjobs/952925/research-manage-at-ipsos.html,2026-09-05T21:10:09+00:00
6f79ac774033fd49,hotnigerianjobs,952943,Assistant Research Manager at Ipsos,Ipsos,Ipsos is recruiting to fill the position of: Assistant Research Manager. The position is located in Abuja. Interested candidates should possess relevant qualifications. Apply Now,Abuja,Nigeria,unknown,,,Computer / AI / Technology / IT Services,,,,,,"Fri 04th Sep, 2026",,,https://www.hotnigerianjobs.com/hotjobs/952943/assistant-research-manage-at-ipsos.html,2026-09-05T21:10:09+00:00
7b7c3dd6eb0424e0,hotnigerianjobs,952941,Logisoft Solutions Job Recruitment (4 Positions),Logisoft Solutions,Logisoft Solutions is recruiting suitable candidates to fill the following positions in Lagos State: Experienced Kitchen Assistant; Experienced Storekeeper; Experienced Barista; and Customer Service Representative (CSR). Apply Now,Lagos State,Nigeria,unknown,,,Computer / AI / Technology / IT Services,,,,,,"Fri 04th Sep, 2026",,,https://www.hotnigerianjobs.com/hotjobs/952941/logisoft-solutions-job-recruitment-4-positions.html,2026-09-05T21:10:09+00:00
eb28e4ec9956097c,hotnigerianjobs,952916,Experienced Kitchen Assistant at Logisoft Solutions,Logisoft Solutions,"Logisoft Solutions is recruiting to fill the position of: Experienced Kitchen Assistant. The position is located in Gbagada / Lekki - Lagos State. Salary: N70,000 - N85,000 / monthly. Interested candidates should possess minimum of SSCE or equivalent with previous experience in a kitchen or food service environment as an advantage. Apply Now",Gbagada / Lekki - Lagos State,Nigeria,unknown,,,Computer / AI / Technology / IT Services,,,,"N70,000 - N85,000 / monthly",,"Fri 04th Sep, 2026",,,https://www.hotnigerianjobs.com/hotjobs/952916/experienced-kitchen-assistant-at-logisoft-solution.html,2026-09-05T21:10:09+00:00
5b5d617bae933f8a,hotnigerianjobs,952908,Growth and Partnership Associate at SmartMRS,SmartMRS,"SmartMRS is recruiting to fill the position of: Growth and Partnership Associate. The position is located in Lekki Phase 2, Lagos State. Interested candidates should possess relevant qualifications. Apply Now","Lekki Phase 2, Lagos State",Nigeria,unknown,,,Computer / AI / Technology / IT Services,,,,,,"Fri 04th Sep, 2026",,,https://www.hotnigerianjobs.com/hotjobs/952908/growth-and-partnership-associate-at-smartmrs.html,2026-09-05T21:10:09+00:00
875a42790e4030a3,hotnigerianjobs,952882,Strivo Labs Job Recruitment (8 Positions),Strivo Labs,"Strivo Labs is recruiting suitably qualified candidates to fill the following positions in Abuja (FCT) / Nasarawa and Lagos States: Core Banking Application Engineer, Field Sales Supervisor, Multimedia Designer, Collection & Recovery Lead, Project Manager, Risk Manager, and Application Support Engineer. Apply Now",Abuja (FCT) / Nasarawa and Lagos States,Nigeria,unknown,,,Computer / AI / Technology / IT Services,,,,,,"Fri 04th Sep, 2026",,Other Tech,https://www.hotnigerianjobs.com/hotjobs/952882/strivo-labs-job-recruitment-7-positions.html,2026-09-05T21:10:09+00:00
4810e209a43bf32b,hotnigerianjobs,952892,Head of Strategy & Team Lead at SmartMRS,SmartMRS,"SmartMRS is recruiting to fill the position of: Head of Strategy & Team Lead. The position is located in Lagos State. Interested candidates should possess a Bachelor’s Degree in Health Informatics, Computer Science, Business/Healthcare Management or related fields with 3–5 years’ experience in HealthTech, Digital Health or Product Management. Apply Now",Lagos State,Nigeria,unknown,,,Computer / AI / Technology / IT Services,,,,,,"Fri 04th Sep, 2026",,Other Tech,https://www.hotnigerianjobs.com/hotjobs/952892/head-of-strategy-team-lead-at-smartmrs.html,2026-09-05T21:10:09+00:00
abafd20b0da1859c,hotnigerianjobs,952869,Regional Business Manager at Strivo Labs,Strivo Labs,"Strivo Labs is recruiting to fill the position of: Regional Business Manager. The position is located in Lagos State. Salary: N400,000 - N500,000 / month. Interested candidates should possess a Bachelor’s Degree or HND in Business Administration, Marketing, Economics, or a related field with 5+ years of relevant experience in sales, business development, territory management, or commercial operations. Apply Now",Lagos State,Nigeria,unknown,,,Computer / AI / Technology / IT Services,,,,"N400,000 - N500,000 / month",,"Fri 04th Sep, 2026",,,https://www.hotnigerianjobs.com/hotjobs/952869/regional-business-manager-at-strivo-labs.html,2026-09-05T21:10:09+00:00
9e4a75756d37eb05,hotnigerianjobs,952840,Field Sales Supervisor at Strivo Labs,Strivo Labs,"Strivo Labs is recruiting to fill the position of: Field Sales Supervisor. The position is located in Abuja (FCT) / Nasarawa State. Salary: N80,000 Net Monthly. Interested candidates should possess a Bachelor’s Degree or HND in Business Administration, Marketing, Economics, or a related field with proven experience in field sales or a similar sales supervisory capacity and strong knowledge of Abuja / Nasarawa retail markets. Apply Now",Abuja (FCT) / Nasarawa State,Nigeria,unknown,,,Computer / AI / Technology / IT Services,,,,"N80,000 Net Monthly",,"Fri 04th Sep, 2026",,,https://www.hotnigerianjobs.com/hotjobs/952840/field-sales-supervisor.html,2026-09-05T21:10:09+00:00
5f7b9490ed357853,hotnigerianjobs,952789,Pharmacy Technician at Applinet Technology,Applinet Technology - Our client,"Applinet Technology - Our client is recruiting to fill the position of: Pharmacy Technician. The position is located in Lagos State. Salary: N150,000 - N300,000 monthly. Interested candidates should have successfully completed a pharmacy technician program with proven experience as a pharmacy technician. Experience with an online prescription system is a plus. Apply Now",Lagos State,Nigeria,unknown,,,Computer / AI / Technology / IT Services,,,,"N150,000 - N300,000 monthly",,"Fri 04th Sep, 2026",,,https://www.hotnigerianjobs.com/hotjobs/952789/pharmacy-technician-at-a-reputable-company-appline.html,2026-09-05T21:10:09+00:00
29ebe3415eaa04cb,hotnigerianjobs,952811,Applinet Technology Job Recruitment (13 Positions),Applinet Technology,"Applinet Technology is recruiting suitable candidates to fill the following positions in Lagos State: Pharmacy Technician, Health Informaticist, Emergency Room (ER) Nurse, Lab Technician, Entrepreneur, Travel Consultant, Logistic Manager, HR Consultant, Food Scientist, Public Relations Officer, Appointment Setter, Program Analyst, and Health Information Technician. Apply Now",Lagos State,Nigeria,unknown,,,Computer / AI / Technology / IT Services,,,,,,"Fri 04th Sep, 2026",,,https://www.hotnigerianjobs.com/hotjobs/952811/applinet-technology-job-recruitment-13-positions.html,2026-09-05T21:10:09+00:00
97132077801ac71f,hotnigerianjobs,952700,System Administrator at an IT Solution Company - Stretch-it Concepts,,System Administrator at an IT Solution Company - Stretch-it Concepts,,Nigeria,unknown,,,Computer / AI / Technology / IT Services,,,,,,,,,https://www.hotnigerianjobs.com/hotjobs/952700/system-administrator-at-an-it-solution-company-str.html,2026-09-05T21:10:09+00:00
39090dcbe3dbb661,hotnigerianjobs,952609,Network Administrator in an IT Solutions Company - Stretch-it Concepts,,Network Administrator in an IT Solutions Company - Stretch-it Concepts,,Nigeria,unknown,,,Computer / AI / Technology / IT Services,,,,,,,,Other Tech,https://www.hotnigerianjobs.com/hotjobs/952609/network-administrator-in-an-it-solutions-company-s.html,2026-09-05T21:10:09+00:00
8ab9c6c0b42a0a49,hotnigerianjobs,952633,Recruitment Partner / HR Associate at Royal Resource Digital Services,,Recruitment Partner / HR Associate at Royal Resource Digital Services,,Nigeria,unknown,,,Computer / AI / Technology / IT Services,,,,,,,,,https://www.hotnigerianjobs.com/hotjobs/952633/recruitment-partner-hr-associate-at-royal-resource.html,2026-09-05T21:10:09+00:00
d88585f5f115563a,hotnigerianjobs,952505,Virtual Nation Job Recruitment (9 Positions),Virtual Nation,"Virtual Nation is recruiting suitably qualified candidates to fill the following positions in Abuja and Lagos State: UI/UX & Graphic Design Lead, Machine Learning Engineer, Immigration Writer, Customer Support Representative, Web Developer, Animator & Video Editor, Accountant & HR Officer, and Content Writer. Apply Now",Abuja and Lagos State,Nigeria,unknown,,,Computer / AI / Technology / IT Services,,,,,,"Thu 03rd Sep, 2026",,Software Development,https://www.hotnigerianjobs.com/hotjobs/952505/virtual-nation-job-recruitment-9-positions.html,2026-09-05T21:10:09+00:00
89f89352f3d7a2de,hotnigerianjobs,952479,Training Coordinator (Mid - Senior Level) at Peakware Group,Peakware Group,Peakware Group is recruiting to fill the position of: Training Coordinator (Mid - Senior Level). The position is located in Lagos State. Interested candidates should possess relevant qualifications with 2–5 years experience. Apply Now,Lagos State,Nigeria,unknown,,,Computer / AI / Technology / IT Services,,,,,,"Thu 03rd Sep, 2026",,,https://www.hotnigerianjobs.com/hotjobs/952479/training-coordinator-mid-senior-level-at-peakware.html,2026-09-05T21:10:09+00:00
e036d048ad08036d,hotnigerianjobs,952468,Enterprise Sales Manager (Temenos) at Interswitch Group,Interswitch Group,"Interswitch Group is recruiting to fill the position of: Enterprise Sales Manager (Temenos). The position is located in Lagos State. Interested candidates should possess a Bachelor’s Degree in Business, Computer Science, Engineering, Finance or a related discipline with 8–10 years of enterprise B2B technology sales experience, including at least 5 years selling core banking, digital banking, payments, enterprise software or financial technology solutions. Apply Now",Lagos State,Nigeria,unknown,,,Computer / AI / Technology / IT Services,,,,,,"Thu 03rd Sep, 2026",,Other Tech,https://www.hotnigerianjobs.com/hotjobs/952468/enterprise-sales-manager-temenos-at-interswitch-gr.html,2026-09-05T21:10:09+00:00
d7fd37cc7ec04821,hotnigerianjobs,952514,Graduate Trainee (Technical Support Engineer) at a Reputable IT Company - TeamAce Limited,,Graduate Trainee (Technical Support Engineer) at a Reputable IT Company - TeamAce Limited,,Nigeria,unknown,,,Computer / AI / Technology / IT Services,,,,,,,,Other Tech,https://www.hotnigerianjobs.com/hotjobs/952514/graduate-trainee-technical-support-engineer-at-a-r.html,2026-09-05T21:10:09+00:00
72ee31aa5213e25a,hotnigerianjobs,952542,Technical Support Engineer at a Reputable IT Company - TeamAce Limited,,Technical Support Engineer at a Reputable IT Company - TeamAce Limited,,Nigeria,unknown,,,Computer / AI / Technology / IT Services,,,,,,,,Other Tech,https://www.hotnigerianjobs.com/hotjobs/952542/technical-support-engineer-at-a-reputable-it-compa.html,2026-09-05T21:10:09+00:00
bd8fe3d3e175cfc1,hotnigerianjobs,952428,UI/UX & Graphic Design Lead at Virtual Nation - 2 Openings,Virtual Nation,"Virtual Nation is recruiting to fill the position of: UI/UX & Graphic Design Lead. The position is located in Abuja and Lagos State. Interested candidates should possess a relevant academic qualification or equivalent professional experience in a design, creative, or digital-related discipline with 4 - 7 years of proven experience in UI/UX and Graphic Design. Apply Now",Abuja and Lagos State,Nigeria,unknown,,,Computer / AI / Technology / IT Services,,,,,,"Thu 03rd Sep, 2026",,Other Tech,https://www.hotnigerianjobs.com/hotjobs/952428/uiux-graphic-design-lead-at-virtual-nation-2-openi.html,2026-09-05T21:10:09+00:00
57cf256a1f46c108,hotnigerianjobs,952452,Social Media Manager at Virtual Nation - 2 Openings,Virtual Nation,"Virtual Nation is recruiting to fill the position of: Social Media Manager. The position is located in Abuja and Lagos State. Salary: N300,000 - N400,000 / month. Interested candidates should possess relevant qualifications with proven experience managing social media across multiple platforms and multiple brands/accounts. Apply Now",Abuja and Lagos State,Nigeria,unknown,,,Computer / AI / Technology / IT Services,,,,"N300,000 - N400,000 / month",,"Thu 03rd Sep, 2026",,,https://www.hotnigerianjobs.com/hotjobs/952452/social-media-manager-at-virtual-nation-2-openings.html,2026-09-05T21:10:09+00:00
1bafafe518d411d8,hotnigerianjobs,952391,Policy Analyst at DigitA,DigitA,"DigitA is recruiting to fill the position of: Policy Analyst. The position is located in Abuja. Interested candidates should possess a Degree in Law, Public Policy, Economics, Political Science, International Development, or a related field with 2–4 years of relevant experience in policy research, legal research, public policy, regulation, consulting, or development work. Apply Now",Abuja,Nigeria,unknown,,,Computer / AI / Technology / IT Services,,,,,,"Thu 03rd Sep, 2026",,,https://www.hotnigerianjobs.com/hotjobs/952391/policy-analyst-at-digita.html,2026-09-05T21:10:09+00:00
523d9f321b145580,hotnigerianjobs,952337,Business Operations Manager at WootLab Innovations,Wootlab Innovations,Wootlab Innovations is recruiting to fill the position of: Business Operations Manager. The position is located in Abuja (FCT). Interested candidates should possess relevant qualifications. Apply Now,Abuja (FCT),Nigeria,unknown,,,Computer / AI / Technology / IT Services,,,,,,"Thu 03rd Sep, 2026",,,https://www.hotnigerianjobs.com/hotjobs/952337/business-operations-manager-at-wootlab-innovations.html,2026-09-05T21:10:09+00:00
9611cb38367160ea,hotnigerianjobs,952369,Relationship Manager - Merchant Acquisition & Revenue Generation at a Microfinance / Fintech Company - TeamAce Limited (21 Openings),,Relationship Manager - Merchant Acquisition & Revenue Generation at a Microfinance / Fintech Company - TeamAce Limited (21 Openings),,Nigeria,unknown,,,Computer / AI / Technology / IT Services,,,,,,,,,https://www.hotnigerianjobs.com/hotjobs/952369/relationship-manager-merchant-acquisition-revenue.html,2026-09-05T21:10:09+00:00
f4572a24a73d77a8,hotnigerianjobs,952364,Customer Success Account Management Manager at Microsoft Ngeria,,Customer Success Account Management Manager at Microsoft Ngeria,,Nigeria,unknown,,,Computer / AI / Technology / IT Services,,,,,,,,,https://www.hotnigerianjobs.com/hotjobs/952364/customer-success-account-management-manager-at-mic.html,2026-09-05T21:10:09+00:00
cb20577db2375472,hotnigerianjobs,952322,Real Estate Closers at Royal Resource Digital Services - 2 Openings,,Real Estate Closers at Royal Resource Digital Services - 2 Openings,,Nigeria,unknown,,,Computer / AI / Technology / IT Services,,,,,,,,,https://www.hotnigerianjobs.com/hotjobs/952322/real-estate-closers-at-a-leading-real-estate-compa.html,2026-09-05T21:10:09+00:00
c303cac0d2c59ab3,hotnigerianjobs,952176,LinkedIn Lead Generation Virtual Assistant (VA) at Impact IT (Remote),,LinkedIn Lead Generation Virtual Assistant (VA) at Impact IT (Remote),,Nigeria,remote,Country-only,,Computer / AI / Technology / IT Services,,,,,,,,,https://www.hotnigerianjobs.com/hotjobs/952176/linkedin-lead-generation-virtual-assistant-va-at-i.html,2026-09-05T21:10:09+00:00
d1dd6557b0351a4f,hotnigerianjobs,952096,Sales Manager at Arravo Global Services,Arravo Global Services,"Arravo Global Services is recruiting to fill the position of: Sales Manager. The position is located in Lagos State. Interested candidates should possess a Bachelor’s Degree in Business Administration, Marketing, or a related field and proven experience as a Sales Manager, Account Manager, or Key Account Manager, preferably within the ICT or technology solutions industry. Apply Now",Lagos State,Nigeria,unknown,,,Computer / AI / Technology / IT Services,,,,,,"Thu 03rd Sep, 2026",,Other Tech,https://www.hotnigerianjobs.com/hotjobs/952096/sales-manager-at-arravo-global-services.html,2026-09-05T21:10:09+00:00
30b312a17d25e359,hotnigerianjobs,952063,Sales Manager at Arravo Technology Limited,Arravo Technology Limited,"Arravo Technology Limited is recruiting to fill the position of: Sales Manager. The position is located in Ikoyi, Lagos State. Interested candidates should possess a Bachelor’s Degree in business administration, Marketing, or a related field with proven experience as a Sales Manager, Account Manager, or Key Account Manager, preferably within the ICT or technology solutions industry. Apply Now","Ikoyi, Lagos State",Nigeria,unknown,,,Computer / AI / Technology / IT Services,,,,,,"Thu 03rd Sep, 2026",,Other Tech,https://www.hotnigerianjobs.com/hotjobs/952063/sales-manager-at-arravo-technology-limited.html,2026-09-05T21:10:09+00:00
b28cad98b4495e9f,hotnigerianjobs,951965,Zuwah.com Limited Job Recruitment (5 Positions),Zuwah.com Limited,"Zuwah.com Limited is recruiting suitable candidates to fill the following positions in Lagos State: Chief Operating Officer (COO), Marketing Manager, Customer Service Officer, Digital Marketing & Social Media Officer, and IT Engineer. Apply Now",Lagos State,Nigeria,unknown,,,Computer / AI / Technology / IT Services,,,,,,"Wed 02nd Sep, 2026",,Other Tech,https://www.hotnigerianjobs.com/hotjobs/951965/zuwahcom-limited-job-recruitment-5-positions.html,2026-09-05T21:10:09+00:00
9b117315a603fae5,hotnigerianjobs,951959,AppClick Technology Job Recruitment (3 Positions),AppClick Technology,"AppClick Technology is recruiting suitably qualified candidates to fill the following positions in Oyo State: AI & Machine Learning Instructor, Virtual Assistant Instructor, and AI & Robotics Instructor. Apply Now",Oyo State,Nigeria,unknown,,,Computer / AI / Technology / IT Services,,,,,,"Wed 02nd Sep, 2026",,Data & AI,https://www.hotnigerianjobs.com/hotjobs/951959/appclick-technology-job-recruitment-3-positions.html,2026-09-05T21:10:09+00:00
5ef8c411786a4761,hotnigerianjobs,951962,Project Management Officer - Graduate Trainee at FinTrak Software Company Limited,,Project Management Officer - Graduate Trainee at FinTrak Software Company Limited,,Nigeria,unknown,,,Computer / AI / Technology / IT Services,,,,,,,,Other Tech,https://www.hotnigerianjobs.com/hotjobs/951962/project-management-officer-graduate-trainee-at-fin.html,2026-09-05T21:10:09+00:00
e144b865e1703c25,hotnigerianjobs,951960,Digital Marketing & Social Media Officer at Zuwah.com Limited,,Digital Marketing & Social Media Officer at Zuwah.com Limited,,Nigeria,unknown,,,Computer / AI / Technology / IT Services,,,,,,,,,https://www.hotnigerianjobs.com/hotjobs/951960/digital-marketing-social-media-officer-at-zuwahcom.html,2026-09-05T21:10:09+00:00
bbf84cdb8686222b,hotnigerianjobs,951954,Customer Service Officer at Zuwah.com Limited,Zuwah.com Limited,"Zuwah.com Limited is recruiting to fill the position of: Customer Service Officer. The position is located in Lekki Epe Expressway, Ikota - Lagos State. Interested candidates should possess OND/HND or Bachelor's Degree in any discipline with 1-3 years experience in customer service or a related role. Apply Now","Lekki Epe Expressway, Ikota - Lagos State",Nigeria,unknown,,,Computer / AI / Technology / IT Services,,,,,,"Wed 02nd Sep, 2026",,,https://www.hotnigerianjobs.com/hotjobs/951954/customer-service-officer-at-zuwahcom-limited.html,2026-09-05T21:10:09+00:00
9f777c95261fde4a,hotnigerianjobs,951948,Virtual Assistant Instructor at AppClick Technology,AppClick Technology,"AppClick Technology is recruiting to fill the position of: Virtual Assistant Instructor. The position is located in Ibadan, Oyo State. Interested candidates should possess relevant qualifications with experience. Apply Now","Ibadan, Oyo State",Nigeria,unknown,,,Computer / AI / Technology / IT Services,,,,,,"Wed 02nd Sep, 2026",,,https://www.hotnigerianjobs.com/hotjobs/951948/virtual-assistant-instructor-at-appclick-technolog.html,2026-09-05T21:10:09+00:00
de6b12a1b153d42c,hotnigerianjobs,951950,AI & Machine Learning Instructor at AppClick Technology,AppClick Technology,"AppClick Technology is recruiting to fill the position of: AI & Machine Learning Instructor. The position is located in Ibadan, Oyo State. Interested candidates should possess possess relevant qualifications with experience. Apply Now","Ibadan, Oyo State",Nigeria,unknown,,,Computer / AI / Technology / IT Services,,,,,,"Wed 02nd Sep, 2026",,Data & AI,https://www.hotnigerianjobs.com/hotjobs/951950/ai-machine-learning-instructor-at-appclick-technol.html,2026-09-05T21:10:09+00:00
f6665073095ebb45,hotnigerianjobs,951947,Marketing Manager at Zuwah.com Limited,Zuwah.com Limited,"Zuwah.com Limited is recruiting to fill the position of: Marketing Manager. The position is located in Lekki Epe Expressway, Ikota - Lagos State. Interested candidates should possess a Bachelor's Degree in Marketing or related field; MBA is a plus with 3-5 years experience in marketing with proven leadership. Apply Now","Lekki Epe Expressway, Ikota - Lagos State",Nigeria,unknown,,,Computer / AI / Technology / IT Services,,,,,,"Wed 02nd Sep, 2026",,,https://www.hotnigerianjobs.com/hotjobs/951947/marketing-manager-at-zuwahcom-limited.html,2026-09-05T21:10:09+00:00
7642e2a15fd6bd2e,hotnigerianjobs,951944,AI & Robotics Instructor at AppClick Technology,AppClick Technology,"AppClick Technology is recruiting to fill the position of: AI & Robotics Instructor. The position is located in Ibadan, Oyo State. Interested candidates should possess relevant qualifications with experience. Apply Now","Ibadan, Oyo State",Nigeria,unknown,,,Computer / AI / Technology / IT Services,,,,,,"Wed 02nd Sep, 2026",,Data & AI,https://www.hotnigerianjobs.com/hotjobs/951944/ai-robotics-instructor-at-appclick-technology.html,2026-09-05T21:10:09+00:00
ef35147ad2a20a22,hotnigerianjobs,951940,Chief Operating Officer (COO) at Zuwah.com Limited,Zuwah.com Limited,"Zuwah.com Limited is recruiting to fill the position of: Chief Operating Officer (COO). The position is located in Lekki Epe Expressway, Ikota - Lagos State. Interested candidates should possess a Bachelor's Degree in Business Administration, Management or a related field (Master's degree is an advantage) with 3-5 years of progressive leadership experience in operations or a similar role. Apply Now","Lekki Epe Expressway, Ikota - Lagos State",Nigeria,unknown,,,Computer / AI / Technology / IT Services,,,,,,"Wed 02nd Sep, 2026",,,https://www.hotnigerianjobs.com/hotjobs/951940/chief-operating-officer-coo-at-zuwahcom-limited.html,2026-09-05T21:10:09+00:00
e3e2f5d6262afb09,hotnigerianjobs,951907,Secretary at Techdoctorinnovations,Techdoctorinnovations,"Techdoctorinnovations is recruiting to fill the position of: Secretary. The position is located in Ago Palace Way, Lagos State. Salary: N40,000 monthly. Interested candidates should possess a minimum of SSCE and good communication and organizational skills. Apply Now","Ago Palace Way, Lagos State",Nigeria,unknown,,,Computer / AI / Technology / IT Services,,,,"N40,000 monthly",,"Wed 02nd Sep, 2026",,,https://www.hotnigerianjobs.com/hotjobs/951907/secretary-at-techdoctorinnovations.html,2026-09-05T21:10:13+00:00
70559be66b54dbc7,hotnigerianjobs,951906,Sales Representative at Techdoctorinnovations,Techdoctorinnovations,"Techdoctorinnovations is recruiting to fill the position of: Sales Representative. The position is located in Isolo, Lagos State. Salary: N50,000 monthly. Interested candidates should possess an SSCE / OND qualification with good communication and organizational skills. Apply Now","Isolo, Lagos State",Nigeria,unknown,,,Computer / AI / Technology / IT Services,,,,"N50,000 monthly",,"Wed 02nd Sep, 2026",,,https://www.hotnigerianjobs.com/hotjobs/951906/sales-representative-at-techdoctorinnovations.html,2026-09-05T21:10:13+00:00
45c85532a0d34436,hotnigerianjobs,951934,Code Lab IT & Engineering Services Job Recruitment (3 Positions),,Code Lab IT & Engineering Services Job Recruitment (3 Positions),,Nigeria,unknown,,,Computer / AI / Technology / IT Services,,,,,,,,Other Tech,https://www.hotnigerianjobs.com/hotjobs/951934/code-lab-it-engineering-services-job-recruitment-3.html,2026-09-05T21:10:13+00:00
12ff3c83b3515905,hotnigerianjobs,951933,IT Engineer at Zuwah.com Limited,Zuwah.com Limited,"Zuwah.com Limited is recruiting to fill the position of: IT Engineer. The position is located in Lekki Epe Expressway, Ikota - Lagos State. Interested candidates should possess a Bachelor's Degree in Computer Science, Software Engineering or related field with 3-5 years experience in software development. Apply Now","Lekki Epe Expressway, Ikota - Lagos State",Nigeria,unknown,,,Computer / AI / Technology / IT Services,,,,,,"Wed 02nd Sep, 2026",,Software Development,https://www.hotnigerianjobs.com/hotjobs/951933/it-engineer-at-zuwahcom-limited.html,2026-09-05T21:10:13+00:00
d8dcf66d75f18876,hotnigerianjobs,951901,Vennote Technologies Limited Job Recruitment (5 Positions),Vennote Technologies Limited,"Vennote Technologies Limited is recruiting to fill the following positions in Lagos State: Unix System Administrator – Rancher Specialist, NLP / AI Engineer, Conversational AI Solutions Specialist (Agentic Systems), Senior Data Scientist, and Senior Backend Developer (Node.js and Python). Apply Now",Lagos State,Nigeria,unknown,,,Computer / AI / Technology / IT Services,,,,,,"Wed 02nd Sep, 2026",,Software Development,https://www.hotnigerianjobs.com/hotjobs/951901/vennote-technologies-limited-job-recruitment-5-pos.html,2026-09-05T21:10:13+00:00
0a990c0d40609434,hotnigerianjobs,951882,Techdoctorinnovations Job Recruitment (3 Positions),Techdoctorinnovations,"Techdoctorinnovations is recruiting suitable candidates to fill the following positions in Lagos State: Baker, Sales Representative, and Secretary. Apply Now",Lagos State,Nigeria,unknown,,,Computer / AI / Technology / IT Services,,,,,,"Wed 02nd Sep, 2026",,,https://www.hotnigerianjobs.com/hotjobs/951882/techdoctorinnovations-job-recruitment-3-positions.html,2026-09-05T21:10:13+00:00
4def7a1f7a8fd915,hotnigerianjobs,951878,Solar Installer - Minigrid Project at Everlink Telesat Network Limited,,Solar Installer - Minigrid Project at Everlink Telesat Network Limited,,Nigeria,unknown,,,Computer / AI / Technology / IT Services,,,,,,,,,https://www.hotnigerianjobs.com/hotjobs/951878/solar-installer-minigrid-project-at-everlink-teles.html,2026-09-05T21:10:13+00:00
4a422bcdf8054a59,hotnigerianjobs,951847,Power BI Business Analyst at Campus Technologies Limited,Campus Technologies Limited,"Campus Technologies Limited is recruiting to fill the position of: Power BI Business Analyst. The position is located in Abuja (FCT). Interested candidates should possess a Bachelor's Degree or equivalent qualification in Computer Science, Data Science, Statistics, Mathematics, Information Technology, Engineering, or a related field with proven practical experience in Data Analytics and Power BI. Apply Now",Abuja (FCT),Nigeria,unknown,,,Computer / AI / Technology / IT Services,,,,,,"Wed 02nd Sep, 2026",,Other Tech,https://www.hotnigerianjobs.com/hotjobs/951847/business-analytics-using-powerbi-at-campus-technol.html,2026-09-05T21:10:13+00:00
2e5184c09604135c,hotnigerianjobs,951860,Baker at Techdoctorinnovations,Techdoctorinnovations,"Techdoctorinnovations is recruiting to fill the position of: Baker. The position is located in Ago Palace Way, Lagos State. Salary: N100,000 monthly. Interested candidates should possess knowledge of baking techniques and recipe scaling, and must be good in foundant and sugar craft with 1+ years bakery or commercial kitchen experience preferred. Apply Now","Ago Palace Way, Lagos State",Nigeria,unknown,,,Computer / AI / Technology / IT Services,,,,"N100,000 monthly",,"Wed 02nd Sep, 2026",,,https://www.hotnigerianjobs.com/hotjobs/951860/baker-at-techdoctorinnovations.html,2026-09-05T21:10:13+00:00
5ea28f6acac1d584,hotnigerianjobs,951801,Al Engineer at eHealth4everyone,eHealth4everyone,"eHealth4everyone is recruiting to fill the position of: Al Engineer. The position is located in Abuja (FCT). Interested candidates should possess a Degree or Coursework in Engineering, Computer Science, in a related discipline, or equivalent experience with three (3) years of experience using machine learning frameworks (Pytorch, Tensorflow,, etc). Apply Now",Abuja (FCT),Nigeria,unknown,,,Computer / AI / Technology / IT Services,,,,,,"Wed 02nd Sep, 2026",,Data & AI,https://www.hotnigerianjobs.com/hotjobs/951801/al-engineer-at-ehealth4everyone.html,2026-09-05T21:10:13+00:00
4a89ace0c5d5a6d1,hotnigerianjobs,951779,Unix System Administrator – Rancher Specialist (Hybrid) at Vennote Technologies Limited,,Unix System Administrator – Rancher Specialist (Hybrid) at Vennote Technologies Limited,,Nigeria,hybrid,,,Computer / AI / Technology / IT Services,,,,,,,,,https://www.hotnigerianjobs.com/hotjobs/951779/unix-system-administrator-rancher-specialist-hybri.html,2026-09-05T21:10:13+00:00
c0e63c36f2fd6c5a,hotnigerianjobs,951775,Junior Legal Counsel at Afripoint Group Limited,Afripoint Group Limited,"Afripoint Group Limited is recruiting to fill the position of: Junior Legal Counsel. The position is located in Lagos State. The successful candidate will assist with legal research, contract drafting and review, corporate governance, regulatory compliance, litigation management, and other legal matters arising from the Group's business operations. Interested candidates should possess an LL.B from a recognized institution, be called to the Nigerian Bar with 1–3 years post-call experience. Apply Now",Lagos State,Nigeria,unknown,,,Computer / AI / Technology / IT Services,,,,,,"Wed 02nd Sep, 2026",,,https://www.hotnigerianjobs.com/hotjobs/951775/junior-legal-counsel-at-afripoint-group-limited.html,2026-09-05T21:10:13+00:00
3c0bde34a1736632,hotnigerianjobs,951765,Engagement Assistant at eHealth4everyone,eHealth4everyone,"eHealth4everyone is recruiting to fill the position of: Engagement Assistant. The position is located in Abuja (FCT). Interested candidates should possess minimum of a Bachelor’s Degree in Marketing, Communications, Public Relations, Business Administration, or a related field. Apply Now",Abuja (FCT),Nigeria,unknown,,,Computer / AI / Technology / IT Services,,,,,,"Wed 02nd Sep, 2026",,,https://www.hotnigerianjobs.com/hotjobs/951765/engagement-assistant-at-ehealth4everyone.html,2026-09-05T21:10:13+00:00
01c468843bce92b7,hotnigerianjobs,951735,Head of Engineering at IT Horizons Limited,IT Horizons Limited,"IT Horizons Limited is recruiting to fill the position of: Head of Engineering. The position is located in Lagos State. Interested candidates should possess 10+ years in software engineering with at least 4–5 years in senior engineering leadership (VP, Director, or Head of Engineering level), managing teams of 20+ engineers across multiple product lines (is a plus). Apply Now",Lagos State,Nigeria,unknown,,,Computer / AI / Technology / IT Services,,,,,,"Wed 02nd Sep, 2026",,Software Development,https://www.hotnigerianjobs.com/hotjobs/951735/head-of-engineering-at-it-horizons-limited.html,2026-09-05T21:10:13+00:00
2d1682df3fd08cb7,hotnigerianjobs,951726,Digital Marketing & Cold Call Agent at Code Lab IT & Engineering Services,,Digital Marketing & Cold Call Agent at Code Lab IT & Engineering Services,,Nigeria,unknown,,,Computer / AI / Technology / IT Services,,,,,,,,Other Tech,https://www.hotnigerianjobs.com/hotjobs/951726/digital-marketing-cold-call-agent-at-code-lab-it-e.html,2026-09-05T21:10:13+00:00
d0ab761a0790d40e,hotnigerianjobs,951678,Finance Intern (Hybrid) at erpSoftapp,erpSoftapp,"erpSoftapp is recruiting to fill the position of: Finance Intern. The position is located in Yaba, Lagos State. Salary: N60,000 - N90,000 monthly. Interested candidates should possess a a Graduate qualification in Accountancy with at least 1 year experience. Apply Now","Yaba, Lagos State",Nigeria,hybrid,,,Computer / AI / Technology / IT Services,,,,"N60,000 - N90,000 monthly",,"Wed 02nd Sep, 2026",,Other Tech,https://www.hotnigerianjobs.com/hotjobs/951678/finance-intern-hybrid-at-erpsoftapp.html,2026-09-05T21:10:13+00:00
32dfa7cc3cd6587c,hotnigerianjobs,951690,Facility / Electrical Technician at Code Lab IT & Engineering Services,,Facility / Electrical Technician at Code Lab IT & Engineering Services,,Nigeria,unknown,,,Computer / AI / Technology / IT Services,,,,,,,,Other Tech,https://www.hotnigerianjobs.com/hotjobs/951690/facility-electrical-technician-at-code-lab-it-engi.html,2026-09-05T21:10:13+00:00
4b8a9fd59b85f6f6,hotnigerianjobs,951627,erpSOFTapp Limited Internship & Exp. Job Recruitment (4 Positions),,erpSOFTapp Limited Internship & Exp. Job Recruitment (4 Positions),,Nigeria,unknown,,,Computer / AI / Technology / IT Services,,,,,,,,Other Tech,https://www.hotnigerianjobs.com/hotjobs/951627/erpsoftapp-limited-internship-exp-job-recruitment.html,2026-09-05T21:10:13+00:00
ac1d19d89f6affab,hotnigerianjobs,951621,Project Finance Analyst (Hybrid) at erpSoftapp,erpSoftapp,"erpSoftapp is recruiting to fill the position of: Project Finance Analyst. This is a Hybrid position in Yaba, Lagos State. Salary: N200,000 - N300,000 monthly. Interested candidates should a Bachelor’s Degree in Finance, Accounting, Economics, Business Administration, or related field with 2 – 5 years of experience in project finance, corporate finance, investment banking, or financial analysis. Experience with infrastructure, energy, real estate, or construction projects is an advantage. Apply Now","Yaba, Lagos State. Salary",Nigeria,hybrid,,,Computer / AI / Technology / IT Services,,,,"N200,000 - N300,000 monthly",,"Wed 02nd Sep, 2026",,Other Tech,https://www.hotnigerianjobs.com/hotjobs/951621/project-finance-analyst-hybrid-at-erpsoftapp.html,2026-09-05T21:10:13+00:00
02a18330129cc0ef,hotnigerianjobs,951555,SEP Instructor at Green Africa Airways Limited,Green Africa Airways Limited,Green Africa Airways Limited is recruiting to fill the position of: SEP Instructor. The position is located in Lagos State. Interested candidates should possess minimum of a Bachelor’s Degree or an equivalent HND (Higher National Diploma) with at least 5 years' experience as an operating senior cabin crew member. Apply Now,Lagos State,Nigeria,unknown,,,Computer / AI / Technology / IT Services,,,,,,"Wed 02nd Sep, 2026",,,https://www.hotnigerianjobs.com/hotjobs/951555/sep-instructor-at-green-africa-airways-limited.html,2026-09-05T21:10:13+00:00
3d91f45dbfe09e48,hotnigerianjobs,951532,eHealth4everyone Job Recruitment (5 Positions),eHealth4everyone,"eHealth4everyone is recruiting suitably qualified candidates to fill the following positions in Abuja (FCT) State: Al Engineer, Engagement Assistant, UI/UX Designer, Al Engineer and Devops Engineer / Linux Administrator. Apply Now",Abuja (FCT) State,Nigeria,unknown,,,Computer / AI / Technology / IT Services,,,,,,"Wed 02nd Sep, 2026",,DevOps & Cloud,https://www.hotnigerianjobs.com/hotjobs/951532/ehealth4everyone-job-recruitment-3-positions.html,2026-09-05T21:10:13+00:00
c08606abc943a63c,hotnigerianjobs,951523,Sales & Order Fulfilment Executive at Maxitech Global Investment Limited,,Sales & Order Fulfilment Executive at Maxitech Global Investment Limited,,Nigeria,unknown,,,Computer / AI / Technology / IT Services,,,,,,,,,https://www.hotnigerianjobs.com/hotjobs/951523/sales-order-fulfilment-executive-at-maxitech-globa.html,2026-09-05T21:10:13+00:00
cc1dff5760388a7d,hotnigerianjobs,951520,UI/UX Designer at eHealth4everyone,eHealth4everyone,"eHealth4everyone is recruiting to fill the position of: UI/UX Designer. The position is located in Abuja (FCT). Interested candidates should possess minimum of a Bachelor's Degree in Design, Human-Computer Interaction, Product Design, or a related field with a minimum of three years of proven experience in UI/UX design, with a diverse portfolio. Apply Now",Abuja (FCT),Nigeria,unknown,,,Computer / AI / Technology / IT Services,,,,,,"Wed 02nd Sep, 2026",,Product & Design,https://www.hotnigerianjobs.com/hotjobs/951520/uiux-designer-at-ehealth4everyone.html,2026-09-05T21:10:13+00:00
4657e87cf7e81fbd,hotnigerianjobs,951431,Software Developer at TeKnowledge,Teknowledge,"Teknowledge is recruiting to fill the position of: Software Developer. Nigeria & West Africa. The position is located in Victoria Island, Lagos State. Interested candidates should possess relevant qualifications with 4 - 6 years of programming experience. Apply Now","Victoria Island, Lagos State",Nigeria,unknown,,,Computer / AI / Technology / IT Services,,,,,,"Wed 02nd Sep, 2026",,Software Development,https://www.hotnigerianjobs.com/hotjobs/951431/software-developer-at-teknowledge.html,2026-09-05T21:10:13+00:00
c9574bfe962ae1c5,hotnigerianjobs,951420,Personal Assistant at Bluechip Technologies Limited,Bluechip Technologies Limited,"Bluechip Technologies Limited is recruiting to fill the position of: Personal Assistant. The position is located in Maitama, Abuja (Hybrid). Interested candidates should possess a Bachelor's Degree in Business Administration, Management, Mass Communication, English, Public Relations, Social Sciences, or a related discipline with 2-3 years of relevant work experience in a Personal Assistant, Administrative Assistant, Executive Assistant, Office Administrator, or similar role. Apply Now","Maitama, Abuja (Hybrid)",Nigeria,hybrid,,,Computer / AI / Technology / IT Services,,,,,,"Wed 02nd Sep, 2026",,,https://www.hotnigerianjobs.com/hotjobs/951420/personal-assistant-at-bluechip-technologies-limite.html,2026-09-05T21:10:13+00:00
7a69eee5d9a1c681,hotnigerianjobs,951417,IT Project Manager (Hybrid) at Bluechip Technologies Limited,,IT Project Manager (Hybrid) at Bluechip Technologies Limited,,Nigeria,hybrid,,,Computer / AI / Technology / IT Services,,,,,,,,,https://www.hotnigerianjobs.com/hotjobs/951417/it-project-manager-hybrid-at-bluechip-technologies.html,2026-09-05T21:10:13+00:00
8d7b4be4a0bd4848,hotnigerianjobs,951354,Graphics Designer (NYSC) - Hybrid at Creastech Limited,Creastech Limited,"Creastech Limited is recruiting to fill the position of: Graphics Designer. The position is located in Lagos State. Salary: N50,000 monthly. Interested candidates should have a good knowledge of Canva, Adobe Photoshop, Illustrator, or similar design tools with relevant experience. Must be a Batch B Corp Member. Apply Now",Lagos State,Nigeria,hybrid,,,Computer / AI / Technology / IT Services,,,,"N50,000 monthly",,"Wed 02nd Sep, 2026",,,https://www.hotnigerianjobs.com/hotjobs/951354/graphics-designer-nysc-hybrid-at-creastech-limited.html,2026-09-05T21:10:13+00:00
7eb5b6c4a723c8ca,hotnigerianjobs,951297,Tezza Business Solutions Limited Internship & Exp. Job Recruitment (5 Positions),,Tezza Business Solutions Limited Internship & Exp. Job Recruitment (5 Positions),,Nigeria,unknown,,,Computer / AI / Technology / IT Services,,,,,,,,,https://www.hotnigerianjobs.com/hotjobs/951297/tezza-business-solutions-limited-internship-exp-jo.html,2026-09-05T21:10:13+00:00
344d36aaa2d15b81,hotnigerianjobs,951294,Virtual Assistant – Reddit Growth & Engagement at Lioness Agency LLC (Remote),,Virtual Assistant – Reddit Growth & Engagement at Lioness Agency LLC (Remote),,Nigeria,remote,Country-only,,Computer / AI / Technology / IT Services,,,,,,,,,https://www.hotnigerianjobs.com/hotjobs/951294/virtual-assistant-reddit-growth-engagement-at-lion.html,2026-09-05T21:10:13+00:00
913660292faf8077,hotnigerianjobs,951283,IT Specialist (Supervisor 2 - Supervisor 3) at Unified Payment Services Limited,,IT Specialist (Supervisor 2 - Supervisor 3) at Unified Payment Services Limited,,Nigeria,unknown,,,Computer / AI / Technology / IT Services,,,,,,,,,https://www.hotnigerianjobs.com/hotjobs/951283/it-specialist-supervisor-2-supervisor-3-at-unified.html,2026-09-05T21:10:13+00:00
82f0a837afab86d8,hotnigerianjobs,951282,IT Specialist (Supervisor 1) at Unified Payment Services Limited,,IT Specialist (Supervisor 1) at Unified Payment Services Limited,,Nigeria,unknown,,,Computer / AI / Technology / IT Services,,,,,,,,,https://www.hotnigerianjobs.com/hotjobs/951282/it-specialist-supervisor-1-at-unified-payment-serv.html,2026-09-05T21:10:13+00:00
08ed44c27a6d0c42,hotnigerianjobs,951187,Sales Representative (Phone Screens) at Mirahub Limited - 13 Openings,,Sales Representative (Phone Screens) at Mirahub Limited - 13 Openings,,Nigeria,unknown,,,Computer / AI / Technology / IT Services,,,,,,,,,https://www.hotnigerianjobs.com/hotjobs/951187/sales-representative-phone-screens-at-mirahub-limi.html,2026-09-05T21:10:13+00:00
ce3cb878d74212e3,hotnigerianjobs,951178,PC Place Nigeria Limited Job Recruitment (7 Positions),PC Place Nigeria Limited,"PC Place Nigeria Limited is recruiting suitable candidates to fill the following positions in Lagos State: Telesales Executive; Software Developer, Sales Executive; Content Creator; Accountant; B2B Sales Executive; and Front Desk Officer. Apply Now",Lagos State,Nigeria,unknown,,,Computer / AI / Technology / IT Services,,,,,,"Tue 01st Sep, 2026",,Software Development,https://www.hotnigerianjobs.com/hotjobs/951178/pc-place-nigeria-limited-job-recruitment-7-positio.html,2026-09-05T21:10:13+00:00
7696d45305d24c8b,hotnigerianjobs,951164,Technician (Mobile Phone) at Mirahub Limited,Mirahub Limited,"Mirahub Limited is recruiting to fill the position of: Technician (Mobile Phone). The position is located in Lagos State. Salary: N70,000 monthly. Interested candidates should possess an SSCE / WAEC / NECO / OND, HND, or Bachelor's Degree in Electrical / Electronics Engineering, Computer Engineering, Information Technology, or a related field as an added advantage with proven experience as a mobile phone technician or in a similar device repair role. Apply Now",Lagos State,Nigeria,unknown,,,Computer / AI / Technology / IT Services,,,,"N70,000 monthly",,"Tue 01st Sep, 2026",,Other Tech,https://www.hotnigerianjobs.com/hotjobs/951164/technician-mobile-phone-at-mirahub-limited.html,2026-09-05T21:10:13+00:00
dafc46ac081ceaa9,hotnigerianjobs,951108,Telesales Executive at PC Place Nigeria Limited,PC Place Nigeria Limited,"PC Place Nigeria Limited is recruiting to fill the position of: Telesales Executive. The position is located in Ikeja, Lagos State. Salary: N200,000 - N500,000 monthly. Interested candidates should possess a Bachelor’s Degree or equivalent experience in Business, Marketing, or related field (preferred) with proven experience in telesales, telemarketing, or customer service, and should be females only. Apply Now","Ikeja, Lagos State",Nigeria,unknown,,,Computer / AI / Technology / IT Services,,,,"N200,000 - N500,000 monthly",,"Tue 01st Sep, 2026",,,https://www.hotnigerianjobs.com/hotjobs/951108/telesales-executive-at-pc-place-nigeria-limited.html,2026-09-05T21:10:13+00:00
60aadfa3c6c780c9,hotnigerianjobs,951170,Unified Payment Services Limited Job Recruitment (31 Positions),,Unified Payment Services Limited Job Recruitment (31 Positions),,Nigeria,unknown,,,Computer / AI / Technology / IT Services,,,,,,,,,https://www.hotnigerianjobs.com/hotjobs/951170/unified-payment-services-limited-job-recruitment-2.html,2026-09-05T21:10:13+00:00
1b45b1e592923ded,hotnigerianjobs,951044,Graphic Designer (Remote) at Corporately Lucid,Corporately Lucid,"Corporately Lucid is recruiting to fill the position of: Graphic Designer. This is a Remote job. As a Graphic Designer, you will be responsible for creating captivating and effective graphics for various media and purposes. Apply Now",,Nigeria,remote,Country-only,,Computer / AI / Technology / IT Services,,,,,,"Tue 01st Sep, 2026",,,https://www.hotnigerianjobs.com/hotjobs/951044/graphic-designer-remote-at-corporately-lucid.html,2026-09-05T21:10:13+00:00
e36876ae45a8dce8,hotnigerianjobs,951043,Web Developer (Remote) at Corporately Lucid,Corporately Lucid,"Corporately Lucid is recruiting to fill the position of: Web Developer. This is a remote role. Interested candidates should possess a Bachelor's Degree in a related field with a minimum of 2 years experience with content management systems (e.g., WordPress, Drupal) and web frameworks (e.g., React, Angular). Apply Now",,Nigeria,remote,Country-only,,Computer / AI / Technology / IT Services,,,,,,"Tue 01st Sep, 2026",,Software Development,https://www.hotnigerianjobs.com/hotjobs/951043/web-developer-remote-at-corporately-lucid.html,2026-09-05T21:10:13+00:00
d5f79299a4024caa,hotnigerianjobs,950981,Reputable Computer and Telecommunication Company Job Recruitment,,Reputable Computer and Telecommunication Company Job Recruitment,,Nigeria,unknown,,,Computer / AI / Technology / IT Services,,,,,,,,Other Tech,https://www.hotnigerianjobs.com/hotjobs/950981/reputable-computer-and-telecommunication-company-j.html,2026-09-05T21:10:13+00:00
ada9a245e76f5358,hotnigerianjobs,950945,Database Administrator at Crown Interactive,Crown Interactive,"Crown Interactive is recruiting to fill the position of: Database Administrator. The position is located in Lagos State. Interested candidates should possess a Bachelor's Degree in Computer Science, Information Technology, Computer Engineering, Software Engineering, or a related field with 7 – 8 years' relevant experience in database administration or database engineering and relevant professional certifications in database administration, cloud computing, or information technology are an advantage. Apply Now",Lagos State,Nigeria,unknown,,,Computer / AI / Technology / IT Services,,,,,,"Tue 01st Sep, 2026",,Software Development,https://www.hotnigerianjobs.com/hotjobs/950945/database-administrator-at-crown-interactive.html,2026-09-05T21:10:13+00:00
1db9f1f57281eb47,hotnigerianjobs,950908,Sales Executive (Enrol Web Services) at Velvot Nigeria Limited,,Sales Executive (Enrol Web Services) at Velvot Nigeria Limited,,Nigeria,unknown,,,Computer / AI / Technology / IT Services,,,,,,,,,https://www.hotnigerianjobs.com/hotjobs/950908/sales-executive-enrol-web-services-at-velvot-niger.html,2026-09-05T21:10:13+00:00
810a6cddb00bc46c,hotnigerianjobs,950846,Sales Intern at erpSOFTapp Limited,erpSOFTapp Limited,"erpSOFTapp Limited is recruiting to fill the position of: Sales Intern. The position is located in Yaba, Lagos State. Salary: N500,000 - N800,000 monthly. Interested candidates should possess relevant qualifications. Apply Now","Yaba, Lagos State",Nigeria,unknown,,,Computer / AI / Technology / IT Services,,,,"N500,000 - N800,000 monthly",,"Tue 01st Sep, 2026",,Other Tech,https://www.hotnigerianjobs.com/hotjobs/950846/sales-intern-at-erpsoftapp-limited.html,2026-09-05T21:10:13+00:00
ae94b1297e0fa533,hotnigerianjobs,950902,Product Manager – Cross-Border Payments & Remittance at IT Horizons Limited,,Product Manager – Cross-Border Payments & Remittance at IT Horizons Limited,,Nigeria,unknown,,,Computer / AI / Technology / IT Services,,,,,,,,Product & Design,https://www.hotnigerianjobs.com/hotjobs/950902/product-manager-crossborder-payments-remittance-at.html,2026-09-05T21:10:13+00:00
dcb9cbda61050449,hotnigerianjobs,950832,Virtual Assistant – Day & Night Shift at CodelabProjects,CodelabProjects,"CodelabProjects is recruiting to fill the position of: Virtual Assistant – Day & Night Shift. The position is located in Sabon-Lugbe, Airport Road, Abuja (FCT). Salary: N220,000 / month. Interested candidates should possess relevant qualifications with 2–3+ years of relevant experience in virtual assistance, administration, sales coordination, dispatching, recruitment, personal assistance, or customer support. Apply Now","Sabon-Lugbe, Airport Road, Abuja (FCT)",Nigeria,unknown,,,Computer / AI / Technology / IT Services,,,,"N220,000 / month",,"Tue 01st Sep, 2026",,,https://www.hotnigerianjobs.com/hotjobs/950832/virtual-assistant-day-night-shift-at-codelabprojec.html,2026-09-05T21:10:13+00:00
7c99ac4346a3d3aa,hotnigerianjobs,950760,Customer Success & Implementation Specialist (Remote) at NerdBug Limited,,Customer Success & Implementation Specialist (Remote) at NerdBug Limited,,Nigeria,remote,Country-only,,Computer / AI / Technology / IT Services,,,,,,,,,https://www.hotnigerianjobs.com/hotjobs/950760/customer-success-implementation-specialist-remote.html,2026-09-05T21:10:13+00:00
64efa9479ef6f9de,hotnigerianjobs,950556,Backend Developer at Noemdek Limited,Noemdek Limited,"Noemdek Limited is recruiting to fill the position of: Backend Developer. The position is located in Lagos State. Interested candidates should possess relevant qualifications with strong knowledge of database management systems (e.g., MySQL, PostgreSQL, MongoDB). Apply Now",Lagos State,Nigeria,unknown,,,Computer / AI / Technology / IT Services,,,,,,"Tue 01st Sep, 2026",,Software Development,https://www.hotnigerianjobs.com/hotjobs/950556/backend-developer-at-noemdek-limited.html,2026-09-05T21:10:13+00:00
5a1e79d343442928,hotnigerianjobs,950625,Senior Finance Personnel at Noemdek Limited,Noemdek Limited,"Noemdek Limited is recruiting to fill the position of: Senior Finance Personnel. The position is located in Lagos State. Interested candidates should possess a B.Sc. Degree in Accounting, Finance, or a related field with 5–7 years of relevant finance/accounting experience, with progressive responsibility. Apply Now",Lagos State,Nigeria,unknown,,,Computer / AI / Technology / IT Services,,,,,,"Tue 01st Sep, 2026",,,https://www.hotnigerianjobs.com/hotjobs/950625/senior-finance-personnel-at-noemdek-limited.html,2026-09-05T21:10:13+00:00
04afc38ed9b1bec4,hotnigerianjobs,950617,Sales Intern (Transport) at Noemdek Limited,Noemdek Limited,"Noemdek Limited is recruiting to fill the position of: Sales Intern (Transport). The position is located in Lagos State. Interested candidates should possess a B.Sc / B.A in Business Administration, Marketing, or a relevant field with a minimum of 1-year work experience as a Business Development Executive, Sales Executive, or a similar role. Apply Now",Lagos State,Nigeria,unknown,,,Computer / AI / Technology / IT Services,,,,,,"Tue 01st Sep, 2026",,,https://www.hotnigerianjobs.com/hotjobs/950617/sales-intern-transport-at-noemdek-limited.html,2026-09-05T21:10:13+00:00
33a76dd53586d6a1,hotnigerianjobs,950537,Clearing Specialist (3 - 5 Years Experience) at Unified Payment Services Limited,,Clearing Specialist (3 - 5 Years Experience) at Unified Payment Services Limited,,Nigeria,unknown,,,Computer / AI / Technology / IT Services,,,,,,,,,https://www.hotnigerianjobs.com/hotjobs/950537/clearing-specialist-3-5-years-experience-at-unifie.html,2026-09-05T21:10:13+00:00
7cab9d3cf03b5951,hotnigerianjobs,950535,Clearing Specialist (7 - 10 Years Experience) at Unified Payment Services Limited,,Clearing Specialist (7 - 10 Years Experience) at Unified Payment Services Limited,,Nigeria,unknown,,,Computer / AI / Technology / IT Services,,,,,,,,,https://www.hotnigerianjobs.com/hotjobs/950535/clearing-specialist-7-10-years-experience-at-unifi.html,2026-09-05T21:10:13+00:00
6aa0b7dc44c95f7e,hotnigerianjobs,950573,Operations Intern - Bidding and Sourcing (Energy) at Noemdek Limited,,Operations Intern - Bidding and Sourcing (Energy) at Noemdek Limited,,Nigeria,unknown,,,Computer / AI / Technology / IT Services,,,,,,,,,https://www.hotnigerianjobs.com/hotjobs/950573/operations-intern-bidding-and-sourcing-energy-at-n.html,2026-09-05T21:10:19+00:00
060935ee3aa1cedb,hotnigerianjobs,950533,Clearing Specialist (2–3 Years of Experience) at Unified Payment Services Limited,,Clearing Specialist (2–3 Years of Experience) at Unified Payment Services Limited,,Nigeria,unknown,,,Computer / AI / Technology / IT Services,,,,,,,,,https://www.hotnigerianjobs.com/hotjobs/950533/clearing-specialist-i-at-unified-payment-services.html,2026-09-05T21:10:19+00:00
1158478afab42958,hotnigerianjobs,950488,Clearing Specialist (4-6 Years of Experience) at Unified Payment Services Limited,,Clearing Specialist (4-6 Years of Experience) at Unified Payment Services Limited,,Nigeria,unknown,,,Computer / AI / Technology / IT Services,,,,,,,,,https://www.hotnigerianjobs.com/hotjobs/950488/clearing-specialist-at-unified-payment-services-li.html,2026-09-05T21:10:19+00:00
aaa7c92b045f770c,hotnigerianjobs,950468,Senior Finance & Accounts Officer at a Reputable Computer and Telecommunication Company,,Senior Finance & Accounts Officer at a Reputable Computer and Telecommunication Company,,Nigeria,unknown,,,Computer / AI / Technology / IT Services,,,,,,,,Other Tech,https://www.hotnigerianjobs.com/hotjobs/950468/senior-finance-accounts-officer-at-a-reputable-com.html,2026-09-05T21:10:19+00:00
93506c17b15bcbc7,hotnigerianjobs,950469,Telco Project / Product Manager (Hybrid) at a Reputable Computer and Telecommunication Company,,Telco Project / Product Manager (Hybrid) at a Reputable Computer and Telecommunication Company,,Nigeria,hybrid,,,Computer / AI / Technology / IT Services,,,,,,,,Product & Design,https://www.hotnigerianjobs.com/hotjobs/950469/telco-project-product-manager-hybrid-at-a-computer.html,2026-09-05T21:10:19+00:00
0de4a4c30bc37cc0,hotnigerianjobs,950422,Atutechs C Limited Job Recruitment (3 Positions),Atutechs C Limited,"Atutechs C Limited is recruiting suitable candidates to fill the following positions in Lagos State: Business Development Officer, Secretary, and Massage Therapist. Apply Now",Lagos State,Nigeria,unknown,,,Computer / AI / Technology / IT Services,,,,,,"Tue 01st Sep, 2026",,,https://www.hotnigerianjobs.com/hotjobs/950422/atutechs-c-limited-job-recruitment-3-positions.html,2026-09-05T21:10:19+00:00
70020a645eec836f,hotnigerianjobs,950352,Customer Relationship Manager Intern at Mercatura Online Technology,,Customer Relationship Manager Intern at Mercatura Online Technology,,Nigeria,unknown,,,Computer / AI / Technology / IT Services,,,,,,,,,https://www.hotnigerianjobs.com/hotjobs/950352/customer-relationship-manager-intern-at-mercatura.html,2026-09-05T21:10:19+00:00
b141ba22cb4197a5,hotnigerianjobs,950288,Sales Intern (NYSC) at Simba Group,Simba Group,"Simba Group is recruiting to fill the position of: Sales Intern (NYSC). The position is located in Ikeja, Lagos State. Interested candidates should possess relevant qualifications and must be a serving NYSC Corps Member seeking a PPA. Apply Now","Ikeja, Lagos State",Nigeria,unknown,,,Computer / AI / Technology / IT Services,,,,,,"Mon 31st Aug, 2026",,,https://www.hotnigerianjobs.com/hotjobs/950288/sales-intern-nysc-at-simba-group.html,2026-09-05T21:10:19+00:00
ed551afe567cf197,hotnigerianjobs,950285,IT Sales Executive at a Growing Technology Solutions Provider - Fadac Resources and Services Limited,,IT Sales Executive at a Growing Technology Solutions Provider - Fadac Resources and Services Limited,,Nigeria,unknown,,,Computer / AI / Technology / IT Services,,,,,,,,,https://www.hotnigerianjobs.com/hotjobs/950285/it-sales-executive-at-a-growing-technology-solutio.html,2026-09-05T21:10:19+00:00
57ea1c4bf5095f18,hotnigerianjobs,950279,UI Design Intern at Mitiget Assurance and Technology Services Limited,,UI Design Intern at Mitiget Assurance and Technology Services Limited,,Nigeria,unknown,,,Computer / AI / Technology / IT Services,,,,,,,,,https://www.hotnigerianjobs.com/hotjobs/950279/ui-design-intern-at-mitiget-assurance-and-technolo.html,2026-09-05T21:10:19+00:00
5700f43bb71a612a,hotnigerianjobs,950266,Velvot Nigeria Limited Job Recruitment (5 Positions),Velvot Nigeria Limited,"Velvot Nigeria Limited is recruiting suitably qualified candidates to fill the following positions in Lagos State: ales Executive (Enrol Web Services), Front Desk / Executive Assistant, Technical Support Executive (Operations Engineer), Subscription & Customer Success Executive, and Business Development / Sales Executive. Apply Now",Lagos State,Nigeria,unknown,,,Computer / AI / Technology / IT Services,,,,,,"Mon 31st Aug, 2026",,Other Tech,https://www.hotnigerianjobs.com/hotjobs/950266/velvot-nigeria-limited-job-recruitment-4-positions.html,2026-09-05T21:10:19+00:00
401365e4651b8f1d,hotnigerianjobs,950265,Nerdbug Limited Job Recruitment (4 Positions),,"Nerdbug Limited is currently recruiting suitably qualified candidates to fill the following positions in Lagos State: Lead, Product Manager; Sales Lead; Customer Success & Implementation Specialist and Marketing Lead. Apply Now",Lagos State,Nigeria,unknown,,,Computer / AI / Technology / IT Services,,,,,,"Mon 31st Aug, 2026",,Product & Design,https://www.hotnigerianjobs.com/hotjobs/950265/nerdbug-limited-job-recruitment-3-positions.html,2026-09-05T21:10:19+00:00
5b79d8e9607a6c39,hotnigerianjobs,950246,Sales Executive - Cybersecurity Solutions (Entry Level Position) at Foresight Innovative Solutions,,Sales Executive - Cybersecurity Solutions (Entry Level Position) at Foresight Innovative Solutions,,Nigeria,unknown,,,Computer / AI / Technology / IT Services,,,,,,,,Cybersecurity,https://www.hotnigerianjobs.com/hotjobs/950246/sales-executive-cybersecurity-solutions-entry-leve.html,2026-09-05T21:10:19+00:00
ebc3ac52db933d79,hotnigerianjobs,950206,Lead Product Manager (Hybrid) at NerdBug Limited,NerdBug Limited,"NerdBug Limited is recruiting to fill the position of: Lead Product Manager. This is a Hybrid role in Lagos State. Interested candidates should possess strong product strategy, customer discovery and prioritization skills with 4+ years of product management experience, with proven experience leading products or product teams. Apply Now",,Nigeria,hybrid,,,Computer / AI / Technology / IT Services,,,,,,"Mon 31st Aug, 2026",,Product & Design,https://www.hotnigerianjobs.com/hotjobs/950206/lead-product-manager-hybrid-at-nerdbug-limited.html,2026-09-05T21:10:19+00:00
157c44a5893149d9,hotnigerianjobs,950230,Anettcom Technologies Job Recruitment (4 Positions),Anettcom Technologies,"Anettcom Technologies is recruiting suitably qualified candidates to fill the following positions in Osun State: Mobile Application Instructor, Frontend Instructor; UI / UX Instructor; and Backend Instructor. Apply Now",Osun State,Nigeria,unknown,,,Computer / AI / Technology / IT Services,,,,,,"Mon 31st Aug, 2026",,Software Development,https://www.hotnigerianjobs.com/hotjobs/950230/anettcom-technologies-job-recruitment-3-positions.html,2026-09-05T21:10:19+00:00
f45ab00d530a1d54,hotnigerianjobs,950168,Sales Lead at NerdBug Limited,NerdBug Limited,"NerdBug Limited is recruiting to fill the position of: Sales Lead. The position is located in Lagos State. Interested candidates should possess a demonstrable record ofpersonally generating and closing revenue with 4+ years of proven B2B sales / business development experience, preferably in Technology, SaaS, IT Services or Consulting. Apply Now",Lagos State,Nigeria,unknown,,,Computer / AI / Technology / IT Services,,,,,,"Mon 31st Aug, 2026",,,https://www.hotnigerianjobs.com/hotjobs/950168/sales-lead-at-nerdbug-limited.html,2026-09-05T21:10:19+00:00
8f9c9414ee236fe2,hotnigerianjobs,950137,Udoba Tech Ventures Job Recruitment (3 Positions),Udoba Tech Ventures,"Udoba Tech Ventures is recruiting suitable candidates to fill the following positions in Abuja (FCT): Manager , Accountant / Bookkeeper and Professional Errand Runner / Logistics Assistant. Apply Now",Abuja (FCT),Nigeria,unknown,,,Computer / AI / Technology / IT Services,,,,,,"Mon 31st Aug, 2026",,,https://www.hotnigerianjobs.com/hotjobs/950137/udoba-tech-ventures-job-recruitment-3-positions.html,2026-09-05T21:10:19+00:00
514addddba11209b,hotnigerianjobs,950129,Caregiver at Zinance Limited (3 Openings),Zinance Limited,"Zinance Limited is recruiting to fill the position of: Caregiver. The position is located in Ikeja, Egbeda, Ajuwon - Lagos and Ogun State. Salary: N150,000 - N200,000 monthly. Interested candidates should possess relevant qualifications. Apply Now","Ikeja, Egbeda, Ajuwon - Lagos and Ogun State",Nigeria,unknown,,,Computer / AI / Technology / IT Services,,,,"N150,000 - N200,000 monthly",,"Mon 31st Aug, 2026",,,https://www.hotnigerianjobs.com/hotjobs/950129/caregiver-at-zinance-limited-3-openings.html,2026-09-05T21:10:19+00:00
96c7a548580e14f6,hotnigerianjobs,950128,Physical Therapist at Zinance Limited (2 Openings),Zinance Limited,"Zinance Limited is recruiting to fill the position of: Physical Therapist. The position is located in Ajah and Ikeja, Lagos State. Salary: N150,000 - N200,000 monthly. Interested candidates should possess relevant qualifications. Apply Now","Ajah and Ikeja, Lagos State",Nigeria,unknown,,,Computer / AI / Technology / IT Services,,,,"N150,000 - N200,000 monthly",,"Mon 31st Aug, 2026",,,https://www.hotnigerianjobs.com/hotjobs/950128/physical-therapist-at-zinance-limited-2-openings.html,2026-09-05T21:10:19+00:00
0257bcecb71c060e,hotnigerianjobs,950126,Hospital Administration Manager at Zinance Limited (4 Openings),,Hospital Administration Manager at Zinance Limited (4 Openings),,Nigeria,unknown,,,Computer / AI / Technology / IT Services,,,,,,,,,https://www.hotnigerianjobs.com/hotjobs/950126/hospital-administration-manager-at-zinance-limited.html,2026-09-05T21:10:19+00:00
b2b737faa9c9b078,hotnigerianjobs,950164,Marketing Lead at NerdBug Limited,NerdBug Limited,"NerdBug Limited is recruiting to fill the position of: Marketing Lead. The position is located in Lagos State. Interested candidates should possess relevant qualifications with 4–5+ years of hands-on marketing experience, preferably in B2B Technology, SaaS, Software or IT Services. Apply Now",Lagos State,Nigeria,unknown,,,Computer / AI / Technology / IT Services,,,,,,"Mon 31st Aug, 2026",,Other Tech,https://www.hotnigerianjobs.com/hotjobs/950164/marketing-lead-at-nerdbug-limited.html,2026-09-05T21:10:19+00:00
3afdec0b04f0abf6,hotnigerianjobs,950086,Front Desk / Executive Assistant at Velvot Nigeria Limited,Velvot Nigeria Limited,"Velvot Nigeria Limited is recruiting to fill the position of: Front Desk / Executive Assistant. The position is located in Surulere, Lagos State. Salary: N150,000 per month. Interested candidates should possess a Bachelor's Degree (B.Sc.) or Higher National Diploma (HND) in Business Administration, Office Administration, or a related field with a minimum of 2 years' experience as a Front Desk Officer, Executive Assistant, or in a similar administrative role. Apply Now","Surulere, Lagos State",Nigeria,unknown,,,Computer / AI / Technology / IT Services,,,,"N150,000 per month",,"Mon 31st Aug, 2026",,,https://www.hotnigerianjobs.com/hotjobs/950086/front-desk-executive-assistant-at-velvot-nigeria-l.html,2026-09-05T21:10:19+00:00
dd38c70471f94591,hotnigerianjobs,950151,IT Horizons Limited Job Recruitment (5 Positions),IT Horizons Limited,"IT Horizons Limited is recruiting suitably qualified candidates to fill the following positions in Lagos State: Head of Engineering, Product Manager – Cross-Border Payments & Remittance, IT Infrastructure Engineer, Business Strategy Officer, and Senior Growth & Partnership Manager. Apply Now",Lagos State,Nigeria,unknown,,,Computer / AI / Technology / IT Services,,,,,,"Mon 31st Aug, 2026",,Product & Design,https://www.hotnigerianjobs.com/hotjobs/950151/it-horizons-limited-job-recruitment-3-positions.html,2026-09-05T21:10:19+00:00
8f173963a1001f18,hotnigerianjobs,950114,"Senior Compliance Officer (Remote) at a Finance, IT, FX, Cryptocurrency, Oil & Gas Company - Future Moves Recruitment Agency (FMR Agency)",,"Senior Compliance Officer (Remote) at a Finance, IT, FX, Cryptocurrency, Oil & Gas Company - Future Moves Recruitment Agency (FMR Agency)",,Nigeria,remote,Country-only,,Computer / AI / Technology / IT Services,,,,,,,,,https://www.hotnigerianjobs.com/hotjobs/950114/senior-compliance-officer-remote-at-a-finance-it-f.html,2026-09-05T21:10:19+00:00
df4045ea54e2bf2b,hotnigerianjobs,950130,"Head, IT Audit at Unified Payment Services Limited",Unified Payment Services Limited,"Unified Payment Services Limited is recruiting to fill the position of: Head, IT Audit. The position is located in Lagos State. Interested candidates should possess a First Degree(s) in Information Technology, Computer Science, or related field with a minimum of 10 years of experience in IT Auditing or a similar role. Apply Now",Lagos State,Nigeria,unknown,,,Computer / AI / Technology / IT Services,,,,,,"Mon 31st Aug, 2026",,Other Tech,https://www.hotnigerianjobs.com/hotjobs/950130/head-it-audit-at-unified-payment-services-limited.html,2026-09-05T21:10:19+00:00
2969979452bd3c51,hotnigerianjobs,950015,Sales Executive at Enrol Web Services,Enrol Web Services,"Enrol Web Services is recruiting to fill the position of: Sales Executive. The position is located in surulere Lagos, State. Salary: N200,000 - N250,000 per month. Interested candidates should possess a B.Sc or HND in Business Administration, Marketing or related fields with 2-3 years experience. Apply Now","surulere Lagos, State",Nigeria,unknown,,,Computer / AI / Technology / IT Services,,,,"N200,000 - N250,000 per month",,"Mon 31st Aug, 2026",,,https://www.hotnigerianjobs.com/hotjobs/950015/sales-executive-at-enrol-web-services.html,2026-09-05T21:10:19+00:00
ba90a1093584e6d7,hotnigerianjobs,950003,Manager at Udoba Tech Ventures,Udoba Tech Ventures,"Udoba Tech Ventures is recruiting to fill the position of: Manager. The position is located in Abuja. Salary: N100,000 - N200,000 monthly. Interested candidates should possess a minimum of a Bachelor’s degree in Business Administration, Management, Engineering, Operations Research, or a related field (an MBA or professional management certification is an added advantage) with 2-5+ years of proven experience in operations management, process engineering, or project management, with a demonstrable track record of troubleshooting complex bottlenecks and scaling systems. Apply Now",Abuja,Nigeria,unknown,,,Computer / AI / Technology / IT Services,,,,"N100,000 - N200,000 monthly",,"Mon 31st Aug, 2026",,Other Tech,https://www.hotnigerianjobs.com/hotjobs/950003/manager-at-udoba-tech-ventures.html,2026-09-05T21:10:19+00:00
1cdf3fdb30963a95,hotnigerianjobs,949918,Sales and Marketing Executive at Marshall Point Technologies Limited,,Sales and Marketing Executive at Marshall Point Technologies Limited,,Nigeria,unknown,,,Computer / AI / Technology / IT Services,,,,,,,,,https://www.hotnigerianjobs.com/hotjobs/949918/sales-and-marketing-executive-at-marshall-point-te.html,2026-09-05T21:10:19+00:00
cdc2389d2aff606b,hotnigerianjobs,949930,Accountant / Bookkeeper at Udoba Tech Ventures,Udoba Tech Ventures,"Udoba Tech Ventures is recruiting to fill the position of: Accountant / Bookkeeper. The position is located in Abuja. Salary: N100,000 - N150,000 monthly. Interested candidates should possess a B.Sc. / HND in Accounting, Finance, Economics, or a related discipline with 1–3 years of proven experience in an accounting or finance role (fresh graduates with exceptional academic records and a strong practical grasp of bookkeeping fundamentals will be considered). Apply Now",Abuja,Nigeria,unknown,,,Computer / AI / Technology / IT Services,,,,"N100,000 - N150,000 monthly",,"Mon 31st Aug, 2026",,,https://www.hotnigerianjobs.com/hotjobs/949930/accountant-bookkeeper-at-udoba-tech-ventures.html,2026-09-05T21:10:19+00:00
6df7e48ff1dc29ad,hotnigerianjobs,949914,Accountant at Linkorgnetwork,Linkorgnetwork,"Linkorgnetwork is recruiting to fill the position of: Accountant. The position is located in Victoria Island, Lagos State. Salary: N500,000 Net monthly. Interested candidates should possess a Bachelor's Degree in Accounting, Finance, or a related field; Professional certification (ACA, ACCA, CPA, or equivalent) as an advantage with 3-5 years of accounting experience. Apply Now","Victoria Island, Lagos State",Nigeria,unknown,,,Computer / AI / Technology / IT Services,,,,"N500,000 Net monthly",,"Mon 31st Aug, 2026",,Other Tech,https://www.hotnigerianjobs.com/hotjobs/949914/accountant-at-linkorgnetwork.html,2026-09-05T21:10:19+00:00
c86ff99c0e5e2460,hotnigerianjobs,949913,Professional Errand Runner / Logistics Assistant at Udoba Tech Ventures,,Professional Errand Runner / Logistics Assistant at Udoba Tech Ventures,,Nigeria,unknown,,,Computer / AI / Technology / IT Services,,,,,,,,,https://www.hotnigerianjobs.com/hotjobs/949913/professional-errand-runner-logistics-assistant-at.html,2026-09-05T21:10:19+00:00
fef2306cd11a7607,hotnigerianjobs,949825,IT Infrastructure Engineer (Hybrid) at IT Horizons Limited,IT Horizons Limited,"IT Horizons Limited is recruiting to fill the position of: IT Infrastructure Engineer. This is a Hybrid position in Lagos State. Interested candidates should possess a University Degree in Computer Science, Computer Engineering, Software Engineering, Information Technology, or other related courses or numerate disciplines, Professional IT Certifications, such as: Microsoft MCP, Veeam, MCSA, or MCSE, RHEL VMware VCP with 1 - 3 years of experience. M.Sc will be an added advantage. Apply Now","Lagos State. Interested candidates should possess a University Degree in Computer Science, Computer Engineering, Software Engineering, Information Technology, or other related courses or numerate disciplines, Professional IT Certifications, such as",Nigeria,hybrid,,,Computer / AI / Technology / IT Services,,,,,,"Mon 31st Aug, 2026",,Software Development,https://www.hotnigerianjobs.com/hotjobs/949825/it-infrastructure-engineer-hybrid-at-it-horizons-l.html,2026-09-05T21:10:19+00:00
392494cea6a1163c,hotnigerianjobs,949809,Health Educator at a Reputable Healthcare Organization - Applinet Technology,,Health Educator at a Reputable Healthcare Organization - Applinet Technology,,Nigeria,unknown,,,Computer / AI / Technology / IT Services,,,,,,,,,https://www.hotnigerianjobs.com/hotjobs/949809/health-educator-at-applinet-technology.html,2026-09-05T21:10:19+00:00
a309564e332e6917,hotnigerianjobs,949806,Beautician at Applinet Technology,"Applinet Technology - Our client, a reputable organization","Applinet Technology - Our client, a reputable organization is recruiting to fill the position of: Beautician. The position is located in Lagos State. Salary: N150,000 - N250,000 monthly. Interested candidates should possess a High School Diploma with proven work experience as a Beautician, Cosmetologist or similar position. Applicants in Lagos State are preferable. Apply Now",Lagos State,Nigeria,unknown,,,Computer / AI / Technology / IT Services,,,,"N150,000 - N250,000 monthly",,"Mon 31st Aug, 2026",,,https://www.hotnigerianjobs.com/hotjobs/949806/beautician-at-applinet-technology.html,2026-09-05T21:10:19+00:00
4dea441cdeeea363,hotnigerianjobs,949660,Project Zonal Coordinator (Hybrid) at Krystal Digital - 6 Openings,,Project Zonal Coordinator (Hybrid) at Krystal Digital - 6 Openings,,Nigeria,hybrid,,,Computer / AI / Technology / IT Services,,,,,,,,,https://www.hotnigerianjobs.com/hotjobs/949660/project-zonal-coordinator-hybrid-at-krystal-digita.html,2026-09-05T21:10:19+00:00
963ded3672643bae,hotnigerianjobs,949596,Customer Service Officer at Traydah Global Resources Limited,,Customer Service Officer at Traydah Global Resources Limited,,Nigeria,unknown,,,Computer / AI / Technology / IT Services,,,,,,,,,https://www.hotnigerianjobs.com/hotjobs/949596/customer-service-officer-at-traydah-global-resourc.html,2026-09-05T21:10:19+00:00
50eb82e287ab5dff,hotnigerianjobs,949592,"Head, Core Banking Operations at Unified Payment Services Limited",,"Head, Core Banking Operations at Unified Payment Services Limited",,Nigeria,unknown,,,Computer / AI / Technology / IT Services,,,,,,,,,https://www.hotnigerianjobs.com/hotjobs/949592/head-core-banking-operations-at-unified-payment-se.html,2026-09-05T21:10:19+00:00
05772241c89f78ee,hotnigerianjobs,949510,RPA UiPath Engineer at Revent Technologies Limited,Revent Technologies Limited,"Revent Technologies Limited is recruiting to fill the position of: RPA UiPath Engineer. The position is located in Lagos State. Interested candidates should possess a Bachelor’s Degree in Computer Science, Information Technology, Software Engineering, or a related field with a minimum 6+ years of professional software development experience, with 4–5 years focused exclusively on enterprise-grade UiPath developments. Apply Now",Lagos State,Nigeria,unknown,,,Computer / AI / Technology / IT Services,,,,,,"Fri 28th Aug, 2026",,Software Development,https://www.hotnigerianjobs.com/hotjobs/949510/rpa-uipath-engineer-at-revent-technologies-limited.html,2026-09-05T21:10:19+00:00
dae759265b70b7f1,hotnigerianjobs,949509,Enterprise Architecture Personnel at Revent Technologies Limited,,Enterprise Architecture Personnel at Revent Technologies Limited,,Nigeria,unknown,,,Computer / AI / Technology / IT Services,,,,,,,,Other Tech,https://www.hotnigerianjobs.com/hotjobs/949509/enterprise-architecture-personnel-at-revent-techno.html,2026-09-05T21:10:19+00:00
514ad80f2042b581,hotnigerianjobs,949506,Applinet Technology Job Recruitment (12 Positions),Applinet Technology,"Applinet Technology is recruiting suitable candidates to fill the following positions in Lagos State: Health Informaticist, Emergency Room (ER) Nurse, Lab Technician, Entrepreneur, Travel Consultant, Logistic Manager, HR Consultant, Food Scientist, Public Relations Officer, Appointment Setter, Program Analyst, and Health Information Technician. Apply Now",Lagos State,Nigeria,unknown,,,Computer / AI / Technology / IT Services,,,,,,"Fri 28th Aug, 2026",,,https://www.hotnigerianjobs.com/hotjobs/949506/applinet-technology-job-recruitment-11-positions.html,2026-09-05T21:10:19+00:00
86a598a75eece8d7,hotnigerianjobs,949505,Junior Social Media Manager & Content Creator at VDL Technologies,,Junior Social Media Manager & Content Creator at VDL Technologies,,Nigeria,unknown,,,Computer / AI / Technology / IT Services,,,,,,,,,https://www.hotnigerianjobs.com/hotjobs/949505/junior-social-media-manager-content-creator-at-vdl.html,2026-09-05T21:10:19+00:00
fc9a6f449f51dcf9,hotnigerianjobs,949485,B2B Appointment Setter (Hybrid) at EasyUP Business,EasyUP Business,"EasyUP Business is recruiting to fill the position of: B2B Appointment Setter. This is a Hybrid position in Lagos State. Interested candidates should possess relevant qualifications with 2 - 4 years experience. Previous experience in cold calling, telesales, appointment setting or B2B outreach in Nigeria is an advantage with a reliable laptop, smartphone, internet connection and a suitable remote workspace. Apply Now",,Nigeria,hybrid,Country-only,,Computer / AI / Technology / IT Services,,,,,,"Fri 28th Aug, 2026",,,https://www.hotnigerianjobs.com/hotjobs/949485/b2b-appointment-setter-hybrid-at-easyup-business.html,2026-09-05T21:10:19+00:00
2ad8c8e3d8bad762,hotnigerianjobs,949449,Lab Technician at Applinet Technology,Applinet Technology,"Applinet Technology is recruiting to fill the position of: Lab Technician. The position is located in Lagos State. Salary: N150,000 - N300,000 monthly. Interested candidates should possess a Degree in Biology, Chemistry or relevant fields with proven experience as Lab Technician or relevant positions. Apply Now",Lagos State,Nigeria,unknown,,,Computer / AI / Technology / IT Services,,,,"N150,000 - N300,000 monthly",,"Fri 28th Aug, 2026",,,https://www.hotnigerianjobs.com/hotjobs/949449/lab-technician-at-applinet-technology.html,2026-09-05T21:10:19+00:00
8e611b73eb50a5dc,hotnigerianjobs,949445,Royal Resource Digital Services Job Recruitment (5 Positions),,Royal Resource Digital Services Job Recruitment (5 Positions),,Nigeria,unknown,,,Computer / AI / Technology / IT Services,,,,,,,,,https://www.hotnigerianjobs.com/hotjobs/949445/royal-resource-digital-services-job-recruitment-3.html,2026-09-05T21:10:19+00:00
121f228baefae33a,hotnigerianjobs,949482,LinkOrgNetwork Limited Job Recruitment (5 Positions),LinkOrgNetwork Limited,"LinkOrgNetwork Limited is recruiting suitably qualified candidates to fill the following positions in Lagos State: Accountant, Radio Frequency Engineer, Head of Sales IT / OEMs, Head of Sales Retail, and Sales Executive. Apply Now",Lagos State,Nigeria,unknown,,,Computer / AI / Technology / IT Services,,,,,,"Fri 28th Aug, 2026",,Other Tech,https://www.hotnigerianjobs.com/hotjobs/949482/linkorgnetwork-limited-job-recruitment-4-positions.html,2026-09-05T21:10:19+00:00
322247222773755d,hotnigerianjobs,949434,"IT Support Officer at SHS, a division of Soladia Investment Nigeria Limited,",,"IT Support Officer at SHS, a division of Soladia Investment Nigeria Limited,",,Nigeria,unknown,,,Computer / AI / Technology / IT Services,,,,,,,,IT Support & Networking,https://www.hotnigerianjobs.com/hotjobs/949434/it-support-officer-at-shs-a-division-of-soladia-in.html,2026-09-05T21:10:19+00:00
54380de5f28e7a1b,hotnigerianjobs,949390,IT Specialist (Supervisor Trainee) at Unified Payment Services Limited,,IT Specialist (Supervisor Trainee) at Unified Payment Services Limited,,Nigeria,unknown,,,Computer / AI / Technology / IT Services,,,,,,,,,https://www.hotnigerianjobs.com/hotjobs/949390/it-specialist-at-unified-payment-services-limited.html,2026-09-05T21:10:19+00:00
c4a27d3cd895f6c2,hotnigerianjobs,949394,"Head, Agency Banking Platforms at Unified Payment Services Limited",,"Head, Agency Banking Platforms at Unified Payment Services Limited",,Nigeria,unknown,,,Computer / AI / Technology / IT Services,,,,,,,,,https://www.hotnigerianjobs.com/hotjobs/949394/head-agency-banking-platforms-at-unified-payment-s.html,2026-09-05T21:10:19+00:00
c75637d614075064,hotnigerianjobs,949370,Arit of Africa Limited NYSC and Exp. Job Recruitment (3 Positions),,Arit of Africa Limited NYSC and Exp. Job Recruitment (3 Positions),,Nigeria,unknown,,,Computer / AI / Technology / IT Services,,,,,,,,,https://www.hotnigerianjobs.com/hotjobs/949370/arit-of-africa-limited-nysc-and-exp-job-recruitmen.html,2026-09-05T21:10:19+00:00
471822723c965c89,hotnigerianjobs,949395,Agency Processing Specialist at Unified Payment Services Limited,,Agency Processing Specialist at Unified Payment Services Limited,,Nigeria,unknown,,,Computer / AI / Technology / IT Services,,,,,,,,,https://www.hotnigerianjobs.com/hotjobs/949395/agency-processing-specialist-at-unified-payment-se.html,2026-09-05T21:10:19+00:00
54101c14d46b09fb,hotnigerianjobs,949397,Core Banking Officer at Unified Payment Services Limited,Unified Payment Services Limited,"Unified Payment Services Limited is recruiting to fill the position of: Core Banking Officer. The position is located in Lagos State. Interested candidates should possess a Bachelor’s Degree in Banking & Finance, Accounting, Information Technology, or a related field with 5–8 years of experience in banking operations or core banking support roles. Experience working with core banking systems (e.g., Finacle, Flexcube, Temenos) is required. Apply Now",Lagos State,Nigeria,unknown,,,Computer / AI / Technology / IT Services,,,,,,"Fri 28th Aug, 2026",,Other Tech,https://www.hotnigerianjobs.com/hotjobs/949397/core-banking-officer-at-unified-payment-services-l.html,2026-09-05T21:10:27+00:00
acf1591f566423c8,hotnigerianjobs,949288,Driver at Arit of Africa Limited,Arit of Africa Limited,Arit of Africa Limited is recruiting to fill the position of: Driver. The position is located in Lagos State. Interested candidates should possess a Driver Licence and LASDRI. Apply Now,Lagos State,Nigeria,unknown,,,Computer / AI / Technology / IT Services,,,,,,"Fri 28th Aug, 2026",,,https://www.hotnigerianjobs.com/hotjobs/949288/driver-at-arit-of-africa-limited.html,2026-09-05T21:10:27+00:00
e8a42458f24a4d05,hotnigerianjobs,949287,Radio Frequency Engineer at Linkorgnetwork,Linkorgnetwork,"Linkorgnetwork is recruiting to fill the position of: Radio Frequency Engineer. The position is located in Victoria Island, Lagos State. Salary: N275,000 - N300,000 per month. Interested candidates should possess a Bachelor’s Degree in Electrical Engineering, Telecommunications Engineering, or a related field with proven experience as an RF Engineer in telecommunications or a similar industry. Apply Now","Victoria Island, Lagos State",Nigeria,unknown,,,Computer / AI / Technology / IT Services,,,,"N275,000 - N300,000 per month",,"Fri 28th Aug, 2026",,Other Tech,https://www.hotnigerianjobs.com/hotjobs/949287/radio-frequency-engineer-at-linkorgnetwork.html,2026-09-05T21:10:27+00:00
f6c905dff8f04122,hotnigerianjobs,949274,Content Creator at Intavalto Nigeria Limited,Intavalto Nigeria Limited,"Intavalto Nigeria Limited is recruiting to fill the position of: Content Creator. The position is located in Abuja (FCT). Salary: N150,000 - N200,000 monthly. Interested candidates should possess a Bachelor’s Degree in Mass Communication, Marketing, Public Relations, Journalism, Media Studies, Communications or any related discipline with 0–1 year of relevant experience in content creation, social media management, media production, digital marketing, broadcasting, or a related role. Youth Corp members, fresh graduates with demonstrated skills or relevant experience through internships, projects, or personal platforms are welcome to apply. Apply Now",Abuja (FCT),Nigeria,unknown,,,Computer / AI / Technology / IT Services,,,,"N150,000 - N200,000 monthly",,"Fri 28th Aug, 2026",,,https://www.hotnigerianjobs.com/hotjobs/949274/content-creator-at-intavalto-nigeria-limited.html,2026-09-05T21:10:27+00:00
b9d3c09c9767b6a2,hotnigerianjobs,949162,Experienced Customer Support Executive - Real Estate at Royal Resource Digital Services,,Experienced Customer Support Executive - Real Estate at Royal Resource Digital Services,,Nigeria,unknown,,,Computer / AI / Technology / IT Services,,,,,,,,,https://www.hotnigerianjobs.com/hotjobs/949162/experienced-customer-support-executive-real-estate.html,2026-09-05T21:10:27+00:00
19465e687040867c,hotnigerianjobs,949165,"Head, Domestic Switching & Terminal Operations at Unified Payment Services Limited",,"Head, Domestic Switching & Terminal Operations at Unified Payment Services Limited",,Nigeria,unknown,,,Computer / AI / Technology / IT Services,,,,,,,,,https://www.hotnigerianjobs.com/hotjobs/949165/head-domestic-switching-terminal-operations-at-uni.html,2026-09-05T21:10:27+00:00
0f46a76dded20ce7,hotnigerianjobs,949175,E-Channels Support Specialist at Unified Payment Services Limited,,E-Channels Support Specialist at Unified Payment Services Limited,,Nigeria,unknown,,,Computer / AI / Technology / IT Services,,,,,,,,,https://www.hotnigerianjobs.com/hotjobs/949175/echannels-support-specialist-at-unified-payment-se.html,2026-09-05T21:10:27+00:00
ba4132957f6e315d,hotnigerianjobs,949160,Implementation Engineer at Unified Payment Services Limited,Unified Payment Services Limited,"Unified Payment Services Limited is recruiting to fill the position of: Implementation Engineer. The position is located in Mainland, Lagos State. Interested candidates should possess a First Degree (s) in Engineering, Computer Science, or Applied Sciences with a minimum of 3 years experience in Software development, System Integration or Application Support role. Apply Now","Mainland, Lagos State",Nigeria,unknown,,,Computer / AI / Technology / IT Services,,,,,,"Fri 28th Aug, 2026",,Other Tech,https://www.hotnigerianjobs.com/hotjobs/949160/implementation-engineer-at-unified-payment-service.html,2026-09-05T21:10:27+00:00
22ddb018abe42f17,hotnigerianjobs,949176,Domestic Switching Specialist at Unified Payment Services Limited,,Domestic Switching Specialist at Unified Payment Services Limited,,Nigeria,unknown,,,Computer / AI / Technology / IT Services,,,,,,,,,https://www.hotnigerianjobs.com/hotjobs/949176/domestic-switching-specialist-at-unified-payment-s.html,2026-09-05T21:10:27+00:00
f15d374b36b77c65,hotnigerianjobs,948954,Middleware Officer at Unified Payment Services Limited,Unified Payment Services Limited,"Unified Payment Services Limited is recruiting to fill the position of: Middleware Officer. The position is located in Lagos State. The Middleware Officer will be responsible for administering, configuring, monitoring, maintaining, and supporting the organisation’s middleware platforms and integration environments. Interested candidates should possess a Bachelor's Degree or equivalent in Computer Science, Computer Engineering, Information Technology, Software Engineering, or a related discipline with 5 - 8 years of relevant professional experience in middleware administration, application integration, systems integration, platform engineering, or a related technology environment. Apply Now",Lagos State,Nigeria,unknown,,,Computer / AI / Technology / IT Services,,,,,,"Fri 28th Aug, 2026",,Software Development,https://www.hotnigerianjobs.com/hotjobs/948954/middleware-officer-at-unified-payment-services-lim.html,2026-09-05T21:10:27+00:00
93ef93ec8d117d8f,hotnigerianjobs,948899,"Head, Middleware Platforms at Unified Payment Services Limited",,"Head, Middleware Platforms at Unified Payment Services Limited",,Nigeria,unknown,,,Computer / AI / Technology / IT Services,,,,,,,,,https://www.hotnigerianjobs.com/hotjobs/948899/head-middleware-platforms-at-unified-payment-servi.html,2026-09-05T21:10:27+00:00
49e6258e3476bbe5,hotnigerianjobs,948864,Content Creator at Tech Adventures,Tech Adventures,"Tech Adventures is recruiting to fill the position of: Content Creator. The position is located in Abuja. Salary: N200,000 - N300,000 monthly. Interested candidates should possess relevant qualifications with 1-3 years experience. Apply Now",Abuja,Nigeria,unknown,,,Computer / AI / Technology / IT Services,,,,"N200,000 - N300,000 monthly",,"Fri 28th Aug, 2026",,,https://www.hotnigerianjobs.com/hotjobs/948864/content-creator-at-tech-adventures.html,2026-09-05T21:10:27+00:00
c341a77ec3a06b6e,hotnigerianjobs,948848,Multimedia Designer at Strivo Labs,Strivo Labs,"Strivo Labs is recruiting to fill the position of: Multimedia Designer. The position is located in Lagos State. Interested candidates should possess a Bachelor’s Degree, HND, or equivalent qualification in Graphic Design, Visual Arts, Multimedia Design, Creative Arts, or a related field with 2–4 years of experience in multimedia design, graphic design, motion design, or a similar creative role. Apply Now",Lagos State,Nigeria,unknown,,,Computer / AI / Technology / IT Services,,,,,,"Fri 28th Aug, 2026",,,https://www.hotnigerianjobs.com/hotjobs/948848/multimedia-designer-at-strivo-labs.html,2026-09-05T21:10:27+00:00
a0e51a50cb47c595,hotnigerianjobs,948869,Data Center Administrator at Unified Payment Services Limited,,Data Center Administrator at Unified Payment Services Limited,,Nigeria,unknown,,,Computer / AI / Technology / IT Services,,,,,,,,Other Tech,https://www.hotnigerianjobs.com/hotjobs/948869/data-center-administrator-at-unified-payment-servi.html,2026-09-05T21:10:27+00:00
ba5489f1a4dfb09a,hotnigerianjobs,948852,IT Security Specialist at Unified Payment Services Limited,Unified Payment Services Limited,"Unified Payment Services Limited is recruiting to fill the position of: IT Security Specialist. The position is located in Lagos State. Interested candidates should possess a Bachelor's Degree (2:1 or upper credit) in Computer Science, Information Technology, Cybersecurity, Information Security, Computer Engineering, or a related discipline with a minimum of 5 years post NYSC experience. Apply Now",Lagos State,Nigeria,unknown,,,Computer / AI / Technology / IT Services,,,,,,"Fri 28th Aug, 2026",,Cybersecurity,https://www.hotnigerianjobs.com/hotjobs/948852/it-security-specialist-at-unified-payment-services.html,2026-09-05T21:10:27+00:00
069517190d274268,hotnigerianjobs,948828,"Head, IT Security at Unified Payment Services Limited",Unified Payment Services Limited,"Unified Payment Services Limited is recruiting to fill the position of: Head, IT Security. The position is located in Lagos State. Interested candidates should possess a Bachelor’s degree in Computer Science, Information Security, or a related field with a minimum of 10 years’ experience managing a security team and leading strategic security initiatives an added advantage. Apply Now",Lagos State,Nigeria,unknown,,,Computer / AI / Technology / IT Services,,,,,,"Fri 28th Aug, 2026",,Other Tech,https://www.hotnigerianjobs.com/hotjobs/948828/head-it-security-at-unified-payment-services-limit.html,2026-09-05T21:10:27+00:00
10c807f305f55334,hotnigerianjobs,948838,Network & User Administrator at Unified Payment Services Limited,,Network & User Administrator at Unified Payment Services Limited,,Nigeria,unknown,,,Computer / AI / Technology / IT Services,,,,,,,,,https://www.hotnigerianjobs.com/hotjobs/948838/network-user-administrator-at-unified-payment-serv.html,2026-09-05T21:10:27+00:00
8ebe37befa072af5,hotnigerianjobs,948843,TeKnowledge Job Recruitment (4 Positions),TeKnowledge,"TeKnowledge is recruiting suitably qualified candidates to fill the following positions in Lagos State: Software Developer, Sales Account Manager - Nigeria & West Africa, DevOps Engineer, and Network Engineer. Apply Now",Lagos State,Nigeria,unknown,,,Computer / AI / Technology / IT Services,,,,,,"Fri 28th Aug, 2026",,Software Development,https://www.hotnigerianjobs.com/hotjobs/948843/teknowledge-job-recruitment-3-positions.html,2026-09-05T21:10:27+00:00
56128213f4f85c4e,hotnigerianjobs,948833,Data Center Administrator at Unified Payment Services Limited,,Data Center Administrator at Unified Payment Services Limited,,Nigeria,unknown,,,Computer / AI / Technology / IT Services,,,,,,,,Other Tech,https://www.hotnigerianjobs.com/hotjobs/948833/data-center-administrator-at-unified-payment-servi.html,2026-09-05T21:10:27+00:00
34d533f11f4dac1b,hotnigerianjobs,948832,"Head, Clearing and Settlement Operations at Unified Payment Services Limited",,"Head, Clearing and Settlement Operations at Unified Payment Services Limited",,Nigeria,unknown,,,Computer / AI / Technology / IT Services,,,,,,,,,https://www.hotnigerianjobs.com/hotjobs/948832/head-clearing-and-settlement-operations-at-unified.html,2026-09-05T21:10:27+00:00
d64c16c875f63246,hotnigerianjobs,948802,Sales Account Manager - Nigeria & West Africa at Teknowledge,,Sales Account Manager - Nigeria & West Africa at Teknowledge,,Nigeria,unknown,,,Computer / AI / Technology / IT Services,,,,,,,,,https://www.hotnigerianjobs.com/hotjobs/948802/sales-account-manager-nigeria-west-africa-at-tekno.html,2026-09-05T21:10:27+00:00
e4a96cc82e97bcd6,hotnigerianjobs,948785,Pre-Sales & Solutions Engineer at Quali Serve Technologies Limited,,Pre-Sales & Solutions Engineer at Quali Serve Technologies Limited,,Nigeria,unknown,,,Computer / AI / Technology / IT Services,,,,,,,,Other Tech,https://www.hotnigerianjobs.com/hotjobs/948785/presales-solutions-engineer-at-quali-serve-technol.html,2026-09-05T21:10:27+00:00
ea16ac89d9daf3ce,hotnigerianjobs,948770,Implementation Engineer at Unified Payment Services Limited,Unified Payment Services Limited,"Unified Payment Services Limited is recruiting to fill the position of: Implementation Engineer. The position is located in Mainland, Lagos State. Interested candidates should possess a First Degree in Engineering, Computer Science, or Applied Sciences with 2 - 4 years’ experience in Software development, System Integration or Application Support role. Apply Now","Mainland, Lagos State",Nigeria,unknown,,,Computer / AI / Technology / IT Services,,,,,,"Fri 28th Aug, 2026",,Other Tech,https://www.hotnigerianjobs.com/hotjobs/948770/implementation-engineer-at-unified-payment-service.html,2026-09-05T21:10:27+00:00
d47af4b9dd523446,hotnigerianjobs,948761,Thronos Technologies Limited Job Recruitement (15 Openings),Thronos Technologies Limited,"Thronos Technologies Limited is recruiting suitably qualified candidates to fill the following positions in Lagos State: Project Manager, Human Resources Manager, Procurement Manager, Risk & Compliance Officer, Brand Marketer, Business Development Manager, Supply Chain Manager, Internal Auditor, Legal Officer / Legal Counsel, Accountant, Talent Acquisition Specialist, Data Analyst, IT Support / Systems Officer, Sales Manager, Senior Truck Driver, Junior Truck Driver. Apply Now",Lagos State,Nigeria,unknown,,,Computer / AI / Technology / IT Services,,,,,,"Thu 27th Aug, 2026",,Data & AI,https://www.hotnigerianjobs.com/hotjobs/948761/thronos-technologies-limited-job-recruitement-15-o.html,2026-09-05T21:10:27+00:00
62c95118362ba9a4,hotnigerianjobs,948755,Project Manager at Thronos Technologies Limited,Thronos Technologies Limited,"Thronos Technologies Limited is recruiting to fill the position of: Project Manager. The position is located in Lagos State. Salary: N250,000 - N400,000 Monthly. Interested candidates should possess a B.Sc./HND in Project Management, Business Administration, Engineering, Management or a related discipline, with 3–7 years' project management experience. PMP, PRINCE2, CAPM, or equivalent certification is strongly preferred depending on seniority. Apply Now",Lagos State,Nigeria,unknown,,,Computer / AI / Technology / IT Services,,,,"N250,000 - N400,000 Monthly",,"Thu 27th Aug, 2026",,Other Tech,https://www.hotnigerianjobs.com/hotjobs/948755/project-manager-at-thronos-technologies-limited.html,2026-09-05T21:10:27+00:00
f9ddf1b43fa3d5b0,hotnigerianjobs,948749,Human Resources Manager (Hybrid) at Thronos Technologies Limited,,Human Resources Manager (Hybrid) at Thronos Technologies Limited,,Nigeria,hybrid,,,Computer / AI / Technology / IT Services,,,,,,,,,https://www.hotnigerianjobs.com/hotjobs/948749/human-resources-manager-hybrid-at-thronos-technolo.html,2026-09-05T21:10:27+00:00
c07e16bd6390a9e6,hotnigerianjobs,948748,Procurement Manager at Thronos Technologies Limited,Thronos Technologies Limited,"Thronos Technologies Limited is recruiting to fill the position of: Procurement Manager. The position is located in Lagos State. Salary: N300,000 - N400,000 monthly. Interested candidates should possess a B.Sc Degree / HND in Procurement, Supply Chain Management, Business Administration, Logistics or related field with 5+ years' procurement experience. Apply Now",Lagos State,Nigeria,unknown,,,Computer / AI / Technology / IT Services,,,,"N300,000 - N400,000 monthly",,"Thu 27th Aug, 2026",,,https://www.hotnigerianjobs.com/hotjobs/948748/procurement-manager-at-thronos-technologies-limite.html,2026-09-05T21:10:27+00:00
612abff35940a35f,hotnigerianjobs,948747,Risk & Compliance Officer at Thronos Technologies Limited,Thronos Technologies Limited,"Thronos Technologies Limited is recruiting to fill the position of: Risk & Compliance Officer. The position is located in Lagos State. Salary: N250,000 - N400,000 per month. Interested candidates should possess a B.Sc./HND/LL.B. in a relevant discipline with 2–5 years' risk, compliance, audit or regulatory experience. Apply Now",Lagos State,Nigeria,unknown,,,Computer / AI / Technology / IT Services,,,,"N250,000 - N400,000 per month",,"Thu 27th Aug, 2026",,,https://www.hotnigerianjobs.com/hotjobs/948747/risk-compliance-officer-at-thronos-technologies-li.html,2026-09-05T21:10:27+00:00
efcfae964e2fbe4d,hotnigerianjobs,948746,Brand Marketer (Hybrid) at Thronos Technologies Limited,Thronos Technologies Limited,"Thronos Technologies Limited is recruiting to fill the position of: Brand Marketer. This is a Hybrid role in Lagos State. Interested candidates should possess a B.Sc./HND/OND in Marketing, Mass Communication, Business Administration or related field. CIM, CMI, MBA or relevant professional certification is an advantage with 5+ years' marketing experience, preferably with management responsibility. Apply Now",,Nigeria,hybrid,,,Computer / AI / Technology / IT Services,,,,,,"Thu 27th Aug, 2026",,,https://www.hotnigerianjobs.com/hotjobs/948746/brand-marketer-hybrid-at-thronos-technologies-limi.html,2026-09-05T21:10:27+00:00
02e7e92ca95f9b4c,hotnigerianjobs,948745,Business Development Manager (Hybrid) at Thronos Technologies Limited,,Business Development Manager (Hybrid) at Thronos Technologies Limited,,Nigeria,hybrid,,,Computer / AI / Technology / IT Services,,,,,,,,,https://www.hotnigerianjobs.com/hotjobs/948745/business-development-manager-at-thronos-technologi.html,2026-09-05T21:10:27+00:00
6090581f56508268,hotnigerianjobs,948739,Data Analyst (Hybrid) at Thronos Technologies Limited,Thronos Technologies Limited,"Thronos Technologies Limited is recruiting to fill the position of: Data Analyst. This is a Hybrid position in Lagos State. Salary: N250,000 - N300,000 / month. Interested candidates should possess a B.Sc. in Statistics, Mathematics, Economics, Computer Science, Data Science or related field with 2–5 years' data-analysis experience. Apply Now",Lagos State. Salary,Nigeria,hybrid,,,Computer / AI / Technology / IT Services,,,,"N250,000 - N300,000 / month",,"Thu 27th Aug, 2026",,Data & AI,https://www.hotnigerianjobs.com/hotjobs/948739/data-analyst-at-hybrid-thronos-technologies-limite.html,2026-09-05T21:10:27+00:00
09be83c7803de806,hotnigerianjobs,948738,IT Support / Systems Officer (Hybrid) at Thronos Technologies Limited,,IT Support / Systems Officer (Hybrid) at Thronos Technologies Limited,,Nigeria,hybrid,,,Computer / AI / Technology / IT Services,,,,,,,,IT Support & Networking,https://www.hotnigerianjobs.com/hotjobs/948738/it-support-systems-officer-hybrid-at-thronos-techn.html,2026-09-05T21:10:27+00:00
d7a36a32e04e20e3,hotnigerianjobs,948737,Sales Manager (Hybrid) at Thronos Technologies Limited,Thronos Technologies Limited,"Thronos Technologies Limited is recruiting to fill the position of: Sales Manager. This is a Hybrid role in Lagos State. Salary: N250,000 - N350,000 monthly. Interested candidates should possess a B.Sc. / HND in Marketing, Business Administration, Economics or related fields with 5+ years' sales experience, including supervisory / management responsibility. Apply Now",,Nigeria,hybrid,,,Computer / AI / Technology / IT Services,,,,"N250,000 - N350,000 monthly",,"Thu 27th Aug, 2026",,,https://www.hotnigerianjobs.com/hotjobs/948737/sales-manager-hybrid-at-thronos-technologies-limit.html,2026-09-05T21:10:27+00:00
df45477227821fba,hotnigerianjobs,948736,Senior Truck Drivers at Thronos Technologies Limited,Thronos Technologies Limited,"Thronos Technologies Limited is recruiting to fill the position of: Senior Truck Driver. The position is located in Lagos State. Salary: N220,000 - N250,000 / month. Interested candidates should possess a minimum of SSCE / WAEC / NECO or equivalent and Valid Nigerian driver's licence appropriate for the vehicle category with 5–6 years of driving experience. Apply Now",Lagos State,Nigeria,unknown,,,Computer / AI / Technology / IT Services,,,,"N220,000 - N250,000 / month",,"Thu 27th Aug, 2026",,,https://www.hotnigerianjobs.com/hotjobs/948736/senior-truck-drivers-at-thronos-technologies-limit.html,2026-09-05T21:10:27+00:00
b5be02d2763c0011,hotnigerianjobs,948744,Supply Chain Manager at Thronos technologies Limited,Thronos technologies Limited,"Thronos technologies Limited is recruiting to fill the position of: Supply Chain Manager. The position is located in Lagos State. Salary: N600,000 - N800,000 / month. Interested candidates should possess a B.Sc. / HND in Supply Chain Management, Procurement, Logistics, Business Administration or related field; CIPS, CSCP, CPSM or related professional certification is preferred with 5+ years' supply-chain experience. Apply Now",Lagos State,Nigeria,unknown,,,Computer / AI / Technology / IT Services,,,,"N600,000 - N800,000 / month",,"Thu 27th Aug, 2026",,,https://www.hotnigerianjobs.com/hotjobs/948744/supply-chain-manager-at-thronos-technologies-limit.html,2026-09-05T21:10:27+00:00
46eec9549ec0f535,hotnigerianjobs,948743,Internal Auditor at Thronos Technologies Limited,Thronos Technologies Limited,"Thronos Technologies Limited is recruiting to fill the position of: Internal Auditor. The position is located in Lagos State. Salary: N300,000 - N450,000 per month. Interested candidates should possess a B.Sc./ HND in Accounting, Finance, Economics or related discipline with 2–5 years' internal / external audit experience. Apply Now",Lagos State,Nigeria,unknown,,,Computer / AI / Technology / IT Services,,,,"N300,000 - N450,000 per month",,"Thu 27th Aug, 2026",,,https://www.hotnigerianjobs.com/hotjobs/948743/internal-auditor-at-thronos-technologies-limited.html,2026-09-05T21:10:27+00:00
697acd8b3d1f1dcd,hotnigerianjobs,948742,Legal Officer / Legal Counsel (Hybrid) at Thronos Technologies Limited,,Legal Officer / Legal Counsel (Hybrid) at Thronos Technologies Limited,,Nigeria,hybrid,,,Computer / AI / Technology / IT Services,,,,,,,,,https://www.hotnigerianjobs.com/hotjobs/948742/legal-officer-legal-counsel-at-thronos-technologie.html,2026-09-05T21:10:27+00:00
0a273345d6a8ca59,hotnigerianjobs,948741,Accountant at Thronos Technologies Limited (2 Openings),Thronos Technologies Limited,"Thronos Technologies Limited is recruiting to fill the position of: Accountant. The position is located in Abuja (FCT) and Lagos State. Salary: N200,000 - N250,000 monthly. The successful candidate will support management with accurate financial information and ensure that accounting activities are performed in accordance with applicable accounting standards, regulatory requirements and internal financial policies. Interested candidates should possess a B.Sc. / HND in Accounting, Finance, Economics or a related discipline with 2 – 5 years' relevant accounting experience depending on level. ICAN qualification/part-qualification is strongly preferred, with full professional qualification particularly desirable for senior accounting roles. Apply Now",Abuja (FCT) and Lagos State,Nigeria,unknown,,,Computer / AI / Technology / IT Services,,,,"N200,000 - N250,000 monthly",,"Thu 27th Aug, 2026",,,https://www.hotnigerianjobs.com/hotjobs/948741/accountant-at-thronos-technologies-limited-2-openi.html,2026-09-05T21:10:27+00:00
ea119ae1e67f4b43,hotnigerianjobs,948750,"Head, Security Operations Center at Unified Payment Services Limited",,"Head, Security Operations Center at Unified Payment Services Limited",,Nigeria,unknown,,,Computer / AI / Technology / IT Services,,,,,,,,,https://www.hotnigerianjobs.com/hotjobs/948750/head-security-operations-center-at-unified-payment.html,2026-09-05T21:10:27+00:00
24a665a64d61c7ff,hotnigerianjobs,948740,Talent Acquisition Specialist (Hybrid) at Thronos Technologies Limited,,Talent Acquisition Specialist (Hybrid) at Thronos Technologies Limited,,Nigeria,hybrid,,,Computer / AI / Technology / IT Services,,,,,,,,,https://www.hotnigerianjobs.com/hotjobs/948740/talent-acquisition-specialist-at-thronos-technolog.html,2026-09-05T21:10:27+00:00
e9063db981d6357e,hotnigerianjobs,948647,Logistics Assistant at a Leading Information Technology Services Company - Peridot Forte Solutions Consulting,,Logistics Assistant at a Leading Information Technology Services Company - Peridot Forte Solutions Consulting,,Nigeria,unknown,,,Computer / AI / Technology / IT Services,,,,,,,,Other Tech,https://www.hotnigerianjobs.com/hotjobs/948647/logistics-assistant-at-a-leading-information-techn.html,2026-09-05T21:10:27+00:00
839ffa7766b703eb,hotnigerianjobs,948628,Devops Intern at Afripoint Group Limited,Afripoint Group Limited,"Afripoint Group Limited is recruiting to fill the position of: Devops Intern. The position is located in Lagos State. Interested candidates should possess a B.Sc in Computer Science, Information Technology, Computer Engineering, Software Engineering, or a related field. Apply Now",Lagos State,Nigeria,unknown,,,Computer / AI / Technology / IT Services,,,,,,"Thu 27th Aug, 2026",,Software Development,https://www.hotnigerianjobs.com/hotjobs/948628/devops-intern-at-afripoint-group-limited.html,2026-09-05T21:10:27+00:00
ef772b2a6d640358,hotnigerianjobs,948626,Collection & Recovery Lead at Strivo Labs,Strivo Labs,"Strivo Labs is recruiting to fill the position of: Project Manager. The position is located in Lagos State. Interested candidates should possess a Bachelor’s Degree in Finance, Economics, Business Administration, Accounting, or a related discipline with 5–7 years of relevant experience in collections, recovery, credit risk, or debt recovery. Apply Now",Lagos State,Nigeria,unknown,,,Computer / AI / Technology / IT Services,,,,,,"Thu 27th Aug, 2026",,,https://www.hotnigerianjobs.com/hotjobs/948626/collection-recovery-lead-at-strivo-labs.html,2026-09-05T21:10:27+00:00
ad6a1b06b856caa8,hotnigerianjobs,948616,Head of Operations at Strivo Labs,Strivo Labs,"Strivo Labs is recruiting to fill the position of: Head of Operations. The position is located in Lagos State. The ideal candidate must have personally worked in the field with telematics and IoT device installations, maintenance, troubleshooting, and deployments before moving into management. Interested candidates should possess a Bachelor’s Degree (B.Sc) / HND in Engineering, Operations Management, Business Administration, Supply Chain Management, Information Technology, or a related discipline with 8 – 10 years of progressive operational management experience. Apply Now",Lagos State,Nigeria,unknown,,,Computer / AI / Technology / IT Services,,,,,,"Thu 27th Aug, 2026",,Other Tech,https://www.hotnigerianjobs.com/hotjobs/948616/head-of-operations-at-strivo-labs.html,2026-09-05T21:10:27+00:00
d7eeb84fdbb804a5,hotnigerianjobs,948624,Leading ICT Solutions Provider Job Recruitment,A Leading ICT Solutions Provider,"A Leading ICT Solutions Provider is recruiting suitably qualified candidates to fill the following positions in Lagos State: Network Administrator, and System Administrator. Apply Now",Lagos State,Nigeria,unknown,,,Computer / AI / Technology / IT Services,,,,,,"Thu 27th Aug, 2026",,Other Tech,https://www.hotnigerianjobs.com/hotjobs/948624/leading-ict-solutions-provider-job-recruitment.html,2026-09-05T21:10:27+00:00
8f52d987f064b2b3,hotnigerianjobs,948620,Project Manager at Strivo Labs,Strivo Labs,"Strivo Labs is recruiting to fill the position of: Project Manager. The position is located in Lagos State. Interested candidates should possess a Bachelor’s Degree in Business Administration, Management, Computer Science, Information Technology, Engineering, or a related field with 4–7 years of proven project management experience. Apply Now",Lagos State,Nigeria,unknown,,,Computer / AI / Technology / IT Services,,,,,,"Thu 27th Aug, 2026",,Other Tech,https://www.hotnigerianjobs.com/hotjobs/948620/project-manager-at-strivo-labs.html,2026-09-05T21:10:27+00:00
4d8cb007b0f1e2e0,hotnigerianjobs,948613,Social Media Manager at Applinet Technology,Applinet Technology,"Applinet Technology is recruiting to fill the position of: Social Media Manager. The position is located in Lagos State. Salary: N150,000 - N300,000 monthly. Interested candidates should possess a B.Sc Degree in Marketing or relevant field with relevant experience. Apply Now",Lagos State,Nigeria,unknown,,,Computer / AI / Technology / IT Services,,,,"N150,000 - N300,000 monthly",,"Thu 27th Aug, 2026",,,https://www.hotnigerianjobs.com/hotjobs/948613/social-media-manager-at-applinet-technology.html,2026-09-05T21:10:27+00:00
08cde5da68c59a56,hotnigerianjobs,948589,Video Editor at Applinet Technology,Applinet Technology,"Applinet Technology is recruiting to fill the position of: Video Editor. The position is located in Lagos State. Salary: N150,000 - N300,000 per month. Interested candidates should possess a BSc Degree in Film Studies, Cinematography or related fields with proven work experience as a Video Editor Apply Now",Lagos State,Nigeria,unknown,,,Computer / AI / Technology / IT Services,,,,"N150,000 - N300,000 per month",,"Thu 27th Aug, 2026",,,https://www.hotnigerianjobs.com/hotjobs/948589/video-editor-at-applinet-technology.html,2026-09-05T21:10:27+00:00
a6b70aea67eb69e0,hotnigerianjobs,948638,"Head, Revenue Assurance at Unified Payment Services Limited",Unified Payment Services Limited,"Unified Payment Services Limited is recruiting to fill the position of: Head, Revenue Assurance. The position is located in Lagos State. Interested candidates should possess a Bachelor’s Degree in Accounting, Finance, Economics, or related field and ACA, ACCA, CPA, CISA, CIA, or equivalent with a minimum of 10 years relevant experience in audit leadership roles focused on revenue assurance, risk management, or financial controls. Apply Now",Lagos State,Nigeria,unknown,,,Computer / AI / Technology / IT Services,,,,,,"Thu 27th Aug, 2026",,,https://www.hotnigerianjobs.com/hotjobs/948638/head-revenue-assurance-at-unified-payment-services.html,2026-09-05T21:10:27+00:00
3e6a3cbfa412a672,hotnigerianjobs,948639,IT Audit Specialist at Unified Payment Services Limited,Unified Payment Services Limited,"Unified Payment Services Limited is recruiting to fill the position of: IT Audit Specialist. The position is located in Lagos State. Interested candidates should possess a University: First Degree(s) in Information Technology, Computer Science, or related fields with a minimum of 7 years’ experience in IT Auditing or a similar role. Understanding of the key technology and general controls around enterprise Applications and information systems. Apply Now",Lagos State,Nigeria,unknown,,,Computer / AI / Technology / IT Services,,,,,,"Thu 27th Aug, 2026",,Other Tech,https://www.hotnigerianjobs.com/hotjobs/948639/it-audit-specialist-at-unified-payment-services-li.html,2026-09-05T21:10:27+00:00
4b6fecd3c22d99c2,hotnigerianjobs,948560,Dinsanj Ventures Limited Job Recruitment (5 Positions),Dinsanj Ventures Limited,"Dinsanj Ventures Limited is recruiting to fill the following positions in Lagos State: Business Development Manager, Office Manager, Commercial Officer, Accounts & Administrative Officer, and Export Officer. Apply Now",Lagos State,Nigeria,unknown,,,Computer / AI / Technology / IT Services,,,,,,"Thu 27th Aug, 2026",,,https://www.hotnigerianjobs.com/hotjobs/948560/dinsanj-ventures-limited-job-recruitment-5-positio.html,2026-09-05T21:10:32+00:00
36e1f50412f9fe09,hotnigerianjobs,948552,BravoTechMedia Group Job Recruitment (5 Positions),BravoTechMedia Group,"BravoTechMedia Group is recruiting suitably qualified candidates to fill the following positions in Enugu State: Front Desk Officer, Brand Promoter, Developer, Data Scientist, and Video Editor. Apply Now",Enugu State,Nigeria,unknown,,,Computer / AI / Technology / IT Services,,,,,,"Thu 27th Aug, 2026",,Software Development,https://www.hotnigerianjobs.com/hotjobs/948552/bravotechmedia-group-job-recruitment-5-positions.html,2026-09-05T21:10:32+00:00
03097fcb2be06ac3,hotnigerianjobs,948540,Front Desk Officer at BravoTechMedia Group,BravoTechMedia Group,BravoTechMedia Group is recruiting to fill the position of: Front Desk Officer. The position is located in Enugu State. Interested candidates should possess relevant qualifications with experience. Apply Now,Enugu State,Nigeria,unknown,,,Computer / AI / Technology / IT Services,,,,,,"Thu 27th Aug, 2026",,,https://www.hotnigerianjobs.com/hotjobs/948540/front-desk-officer-at-bravotechmedia-group.html,2026-09-05T21:10:32+00:00
e00369c86e3808cf,hotnigerianjobs,948614,Unified Payment Services Limited Job Recruitment (29 Positions),,Unified Payment Services Limited Job Recruitment (29 Positions),,Nigeria,unknown,,,Computer / AI / Technology / IT Services,,,,,,,,,https://www.hotnigerianjobs.com/hotjobs/948614/unified-payment-services-limited-job-recruitment-4.html,2026-09-05T21:10:32+00:00
801402516a7a574b,hotnigerianjobs,948615,System Administrator at a Leading ICT Solutions Provider,A leading ICT Solutions Provider,"A leading ICT Solutions Provider is recruiting to fill the position of: System Administrator. The position is located in Lagos State. Interested candidates should possess a Bachelor's Degree / HND in Computer Engineering, Computer Science, Information Technology, or a related field with 2–4 years' hands-on experience in system administration or IT hardware support. Apply Now",Lagos State,Nigeria,unknown,,,Computer / AI / Technology / IT Services,,,,,,"Thu 27th Aug, 2026",,Other Tech,https://www.hotnigerianjobs.com/hotjobs/948615/system-administrator-at-a-leading-ict-solutions-pr.html,2026-09-05T21:10:32+00:00
14b72ccb2b9dc22d,hotnigerianjobs,948609,Network Administrator at a Leading ICT Solutions Provider,A leading ICT Solutions Provider,"A leading ICT Solutions Provider is recruiting to fill the position of: Network Administrator. The position is located in Lagos State. Interested candidates should possess a Bachelor's Degree / HND in Computer Engineering, Computer Science, Information Technology, or a related field with 2–4 years' hands-on experience in network administration, ideally across multi-site environments. Apply Now",Lagos State,Nigeria,unknown,,,Computer / AI / Technology / IT Services,,,,,,"Thu 27th Aug, 2026",,Other Tech,https://www.hotnigerianjobs.com/hotjobs/948609/network-administrator-at-a-leading-ict-solutions-p.html,2026-09-05T21:10:32+00:00
dd090dbdd1a9159e,hotnigerianjobs,948606,"Head, People & Culture at Unified Payment Services Limited",Unified Payment Services Limited,"Unified Payment Services Limited is recruiting to fill the position of: Head, People & Culture. The position is located in Lagos State. Interested candidates should possess a Bachelor's Degree in Human Resources, Industrial Relations, Psychology, Business Administration, or a related discipline; Master's Degree in Human Resources, Business Administration, or a related field is an added advantage with a minimum of 10 years of progressive HR experience, with at least 5 years in a senior HR leadership role. CIPM, SHRM-SCP, SHRM-CP, HRCI, CIPD, or equivalent professional certification. Apply Now",Lagos State,Nigeria,unknown,,,Computer / AI / Technology / IT Services,,,,,,"Thu 27th Aug, 2026",,,https://www.hotnigerianjobs.com/hotjobs/948606/head-people-culture-at-unified-payment-services-li.html,2026-09-05T21:10:32+00:00
e9bcbffae35c2d71,hotnigerianjobs,948590,"Head, IT Audit at Unified Payment Services Limited",Unified Payment Services Limited,"Unified Payment Services Limited is recruiting to fill the position of: Head, IT Audit. The position is located in Lagos State. Interested candidates should possess a First Degree(s) in Information Technology, Computer Science, or related field; Certified Information Systems Auditor (CISA), Certified Information Security Manager (CISM), ISO/IEC 27001 Lead Auditor or related professional certifications would be an added advantage with a minimum of 10 years’ experience in IT Auditing or a similar role. Apply Now",Lagos State,Nigeria,unknown,,,Computer / AI / Technology / IT Services,,,,,,"Thu 27th Aug, 2026",,Other Tech,https://www.hotnigerianjobs.com/hotjobs/948590/head-it-audit-at-unified-payment-services-limited.html,2026-09-05T21:10:32+00:00
88b6610d03315cf3,hotnigerianjobs,948533,Developers at BravoTechMedia Group,BravoTechMedia Group,BravoTechMedia Group is recruiting to fill the position of: Developer. The position is located in Enugu State. Interested candidates should possess relevant qualifications with experience. Apply Now,Enugu State,Nigeria,unknown,,,Computer / AI / Technology / IT Services,,,,,,"Thu 27th Aug, 2026",,Software Development,https://www.hotnigerianjobs.com/hotjobs/948533/developers-at-bravotechmedia-group.html,2026-09-05T21:10:32+00:00
838c502436b24bd5,hotnigerianjobs,948532,Data Scientists at BravoTechMedia Group,BravoTechMedia Group,BravoTechMedia Group is recruiting to fill the position of: Data Scientist. The position is located in Enugu State. Interested candidates should possess relevant qualifications with experience. Apply Now,Enugu State,Nigeria,unknown,,,Computer / AI / Technology / IT Services,,,,,,"Thu 27th Aug, 2026",,Data & AI,https://www.hotnigerianjobs.com/hotjobs/948532/data-scientists-at-bravotechmedia-group.html,2026-09-05T21:10:32+00:00
13e8c7dbdecf4dc6,hotnigerianjobs,948549,Sales Executive at Soft Intelligent Machines Limited,Soft Intelligent Machines Limited,"Soft Intelligent Machines Limited is recruiting to fill the position of: Sales Executive. The position is located in Ikeja, Lagos State. Interested candidates should possess a Bachelor’s Degree in Marketing, Computer Science, or any related field, a valid NYSC Certificate or Exemption Certificate is required with 1 - 3 years of experience in IT, sales, marketing, or technical support. Apply Now","Ikeja, Lagos State",Nigeria,unknown,,,Computer / AI / Technology / IT Services,,,,,,"Thu 27th Aug, 2026",,Other Tech,https://www.hotnigerianjobs.com/hotjobs/948549/sales-executive-at-soft-intelligent-machines-limit.html,2026-09-05T21:10:32+00:00
712fb702e35c233f,hotnigerianjobs,948535,Brand Promoters at BravoTechMedia Group,BravoTechMedia Group,BravoTechMedia Group is recruiting to fill the position of: Brand Promoter. The position is located in Enugu State. Interested candidates should possess relevant qualifications with experience. Apply Now,Enugu State,Nigeria,unknown,,,Computer / AI / Technology / IT Services,,,,,,"Thu 27th Aug, 2026",,,https://www.hotnigerianjobs.com/hotjobs/948535/brand-promoters-at-bravotechmedia-group.html,2026-09-05T21:10:32+00:00
aea7b2c4e139170b,hotnigerianjobs,948529,Video Editors at BravoTechMedia Group,BravoTechMedia Group,BravoTechMedia Group is recruiting to fill the position of: Video Editor. The position is located in Enugu State. Interested candidates should possess relevant qualifications with experience. Apply Now,Enugu State,Nigeria,unknown,,,Computer / AI / Technology / IT Services,,,,,,"Thu 27th Aug, 2026",,,https://www.hotnigerianjobs.com/hotjobs/948529/video-editors-at-bravotechmedia-group.html,2026-09-05T21:10:32+00:00
28508613a951b4b9,hotnigerianjobs,948525,Software Developer at PC Place Nigeria Limited,PC Place Nigeria Limited,"PC Place Nigeria Limited is recruiting to fill the position of: Software Developer. The position is located in Ikeja, Lagos State. Salary: N300,000 - N700,000 monthly. Interested candidates should possess a Bachelor’s Degree in Computer Science, Software Engineering, or related field with 4-6 years experience. Apply Now","Ikeja, Lagos State",Nigeria,unknown,,,Computer / AI / Technology / IT Services,,,,"N300,000 - N700,000 monthly",,"Thu 27th Aug, 2026",,Software Development,https://www.hotnigerianjobs.com/hotjobs/948525/software-developer-at-pc-place-nigeria-limited.html,2026-09-05T21:10:32+00:00
9cb6776da29efac4,hotnigerianjobs,948516,Credit Control Assistant at Codix Pharma Limited,Codix Pharma Limited,"Codix Pharma Limited is recruiting to fill the position of: Credit Control Assistant. The position is located in Lagos State. Interested candidates should possess an OND qualification in Accounting, Finance, Economics, Statistics or related field with excellent communication skills. Apply Now",Lagos State,Nigeria,unknown,,,Computer / AI / Technology / IT Services,,,,,,"Thu 27th Aug, 2026",,,https://www.hotnigerianjobs.com/hotjobs/948516/credit-control-assistant-at-codix-pharma-limited.html,2026-09-05T21:10:32+00:00
c1c50a0d9aab49a5,hotnigerianjobs,948482,AI Process Automation Intern at Uridium Technologies Limited,,AI Process Automation Intern at Uridium Technologies Limited,,Nigeria,unknown,,,Computer / AI / Technology / IT Services,,,,,,,,Data & AI,https://www.hotnigerianjobs.com/hotjobs/948482/ai-process-automation-intern-at-uridium-technologi.html,2026-09-05T21:10:32+00:00
c3321ba73f94c2ed,hotnigerianjobs,948474,Soft Intelligent Machines Limited Job Recruitment (5 Positions),,Soft Intelligent Machines Limited Job Recruitment (5 Positions),,Nigeria,unknown,,,Computer / AI / Technology / IT Services,,,,,,,,,https://www.hotnigerianjobs.com/hotjobs/948474/soft-intelligent-machines-limited-job-recruitment.html,2026-09-05T21:10:32+00:00
654d0b346b51365d,hotnigerianjobs,948451,Procurement & Administrative Officer at Soft Intelligent Machines Limited,,Procurement & Administrative Officer at Soft Intelligent Machines Limited,,Nigeria,unknown,,,Computer / AI / Technology / IT Services,,,,,,,,,https://www.hotnigerianjobs.com/hotjobs/948451/procurement-administrative-officer-at-soft-intelli.html,2026-09-05T21:10:32+00:00
ba7cc7570795be23,hotnigerianjobs,948442,Human Resources Officer at Soft Intelligent Machines Limited,,Human Resources Officer at Soft Intelligent Machines Limited,,Nigeria,unknown,,,Computer / AI / Technology / IT Services,,,,,,,,,https://www.hotnigerianjobs.com/hotjobs/948442/human-resources-officer-at-soft-intelligent-machin.html,2026-09-05T21:10:32+00:00
0ff3155374263626,hotnigerianjobs,948237,Bluechip Technologies Limited Job Recruitment (5 Positions),,"Bluechip Technologies Limited is currently recruiting suitable candidates to fill the following positions in Abuja and Lagos State: Personal Assistant, IT Project Manager, Senior BI Developer, Social Media Manager, and Java & C# Software Engineer. Apply Now",Abuja and Lagos State,Nigeria,unknown,,,Computer / AI / Technology / IT Services,,,,,,"Thu 27th Aug, 2026",,Software Development,https://www.hotnigerianjobs.com/hotjobs/948237/bluechip-technologies-limited-job-recruitment-3-po.html,2026-09-05T21:10:32+00:00
c129e7e2cf98ddba,hotnigerianjobs,948194,Senior BI Developer at Bluechip Technologies Limited,Bluechip Technologies Limited,"Bluechip Technologies Limited is recruiting to fill the position of: Senior BI Developer. The position is located in Lagos State. Interested candidates should possess a Bachelor's Degree (or equivalent) in Computer Science, Information Systems, Data/Business Analytics, Statistics, Engineering, or a related discipline with 5–7 years' hands-on experience in Business Intelligence and reporting development, including at least 2 years in a senior or lead capacity. Apply Now",Lagos State,Nigeria,unknown,,,Computer / AI / Technology / IT Services,,,,,,"Thu 27th Aug, 2026",,Software Development,https://www.hotnigerianjobs.com/hotjobs/948194/senior-bi-developer-at-bluechip-technologies-limit.html,2026-09-05T21:10:32+00:00
ce07ae699d589ad3,hotnigerianjobs,948190,Social Media Manager (Hybrid) at Bluechip Technologies Limited,,Social Media Manager (Hybrid) at Bluechip Technologies Limited,,Nigeria,hybrid,,,Computer / AI / Technology / IT Services,,,,,,,,,https://www.hotnigerianjobs.com/hotjobs/948190/social-media-manager-hybrid-at-bluechip-technologi.html,2026-09-05T21:10:32+00:00
2cd4eb1b3e7df2bc,hotnigerianjobs,947851,Senior Solution Sales Executive - Business AI Platform at SAP Nigeria,,Senior Solution Sales Executive - Business AI Platform at SAP Nigeria,,Nigeria,unknown,,,Computer / AI / Technology / IT Services,,,,,,,,Data & AI,https://www.hotnigerianjobs.com/hotjobs/947851/senior-solution-sales-executive-business-ai-platfo.html,2026-09-05T21:10:32+00:00
fcbabc2a9443ddd8,hotnigerianjobs,947656,NLP / AI Engineer (Hybrid) at Vennote Technologies Limited,Vennote Technologies Limited,"Vennote Technologies Limited is recruiting to fill the position of: NLP / AI Engineer. This is a Hybrid position in Lagos State. Interested candidates should possess a Degree in Data Science, Computer Science, or similar field with more than 7 years of experience ➢ Proficient in English, both verbal and written. Apply Now",,Nigeria,hybrid,,,Computer / AI / Technology / IT Services,,,,,,"Wed 26th Aug, 2026",,Data & AI,https://www.hotnigerianjobs.com/hotjobs/947656/nlp-ai-engineer-at-vennote-technologies-limited.html,2026-09-05T21:10:32+00:00
a11ee20823202708,hotnigerianjobs,947654,Conversational AI Solutions Specialist (Agentic Systems) at Vennote Technologies Limited (Hybrid),,Conversational AI Solutions Specialist (Agentic Systems) at Vennote Technologies Limited (Hybrid),,Nigeria,hybrid,,,Computer / AI / Technology / IT Services,,,,,,,,Data & AI,https://www.hotnigerianjobs.com/hotjobs/947654/conversational-ai-solutions-specialist-agentic-sys.html,2026-09-05T21:10:32+00:00
0f07e99fd98fb564,hotnigerianjobs,947603,Product and User Interface Designer (Hybrid) at Apex Network,,Product and User Interface Designer (Hybrid) at Apex Network,,Nigeria,hybrid,,,Computer / AI / Technology / IT Services,,,,,,,,,https://www.hotnigerianjobs.com/hotjobs/947603/senior-lecturer-political-science-at-christopher-u.html,2026-09-05T21:10:32+00:00
e399bb111065a844,hotnigerianjobs,947334,Senior Data Scientist (Hybrid) at Vennote Technologies Limited,,Senior Data Scientist (Hybrid) at Vennote Technologies Limited,,Nigeria,hybrid,,,Computer / AI / Technology / IT Services,,,,,,,,Data & AI,https://www.hotnigerianjobs.com/hotjobs/947334/senior-data-scientist-hybrid-at-vennote-technologi.html,2026-09-05T21:10:32+00:00
805b815b3aadf1fb,hotnigerianjobs,947309,Accountant at Jetlink Limited,Jetlink Limited,"Jetlink Limited is recruiting to fill the position of: Accountant. The position is located in Oniru, Lagos State. Interested candidates should possess a B.Sc. / HND in Accounting, Finance, or related field; ICAN (Institute of Chartered Accountants of Nigeria) certification with a minimum of 5 years' relevant accounting experience Apply Now","Oniru, Lagos State",Nigeria,unknown,,,Computer / AI / Technology / IT Services,,,,,,"Wed 26th Aug, 2026",,,https://www.hotnigerianjobs.com/hotjobs/947309/accountant-at-jetlink-limited.html,2026-09-05T21:10:32+00:00
1f4570146a32e8dc,hotnigerianjobs,947299,Business Development Executive at OneVERIFY Limited (2 Openings),,Business Development Executive at OneVERIFY Limited (2 Openings),,Nigeria,unknown,,,Computer / AI / Technology / IT Services,,,,,,,,,https://www.hotnigerianjobs.com/hotjobs/947299/business-development-executive-at-oneverify-limite.html,2026-09-05T21:10:32+00:00
241bf3fdc7a0cca2,hotnigerianjobs,947205,Strivo Labs Job Recruitment (7 Positions),Strivo Labs,"Strivo Labs is recruiting suitably qualified candidates to fill the following positions in Lagos State: Risk Manager, Application Support Engineer, Head of Operations, Project Manager, Collection & Recovery Lead, and Social Media Lead. Apply Now",Lagos State,Nigeria,unknown,,,Computer / AI / Technology / IT Services,,,,,,"Wed 26th Aug, 2026",,Other Tech,https://www.hotnigerianjobs.com/hotjobs/947205/strivo-labs-job-recruitment-3-positions.html,2026-09-05T21:10:32+00:00
526933edd3954e8e,hotnigerianjobs,947199,IT Trainer at Applinet Technology,Applinet Technology,"Applinet Technology is recruiting to fill the position of: IT Trainer. The position is located in Lagos State. Salary: N150,000 - N300,000 per month. Interested candidates should possess a relevant qualification with proven work experience as an IT Trainer, Technical Trainer or similar role. Apply Now",Lagos State,Nigeria,unknown,,,Computer / AI / Technology / IT Services,,,,"N150,000 - N300,000 per month",,"Wed 26th Aug, 2026",,Other Tech,https://www.hotnigerianjobs.com/hotjobs/947199/it-trainer-at-applinet-technology.html,2026-09-05T21:10:32+00:00
88a0f4280829796e,hotnigerianjobs,947196,Entrepreneurs at Applinet Technology,Applinet Technology,"Applinet Technology is recruiting to fill the position of: Entrepreneur. The position is located in Lagos State. Salary: N150,000 - N300,000 monthly. Interested candidates should possess relevant training and/or certifications as an Entrepreneur with proven work experience as an Entrepreneur or similar role, and understanding of systems and processes to ensure the department grows as projected. Apply Now",Lagos State,Nigeria,unknown,,,Computer / AI / Technology / IT Services,,,,"N150,000 - N300,000 monthly",,"Wed 26th Aug, 2026",,,https://www.hotnigerianjobs.com/hotjobs/947196/entrepreneurs-at-applinet-technology.html,2026-09-05T21:10:32+00:00
fc973b330319a3e0,hotnigerianjobs,947189,Risk Manager at Strivo Labs,Strivo Labs,"Strivo Labs is recruiting to fill the position of: Risk Manager. The position is located in Ikeja, Lagos State. Interested candidates should possess a Bachelor’s Degree in Finance, Economics, Accounting, Business Administration, Risk Management, Mathematics, Statistics, or a related field with 5 – 8 years of progressive experience in Risk Management, Credit Risk, Enterprise Risk, Audit, or Compliance within a Fintech, Digital Lending, Banking, Financial Services, or Payment Services environment. Apply Now","Ikeja, Lagos State",Nigeria,unknown,,,Computer / AI / Technology / IT Services,,,,,,"Wed 26th Aug, 2026",,Other Tech,https://www.hotnigerianjobs.com/hotjobs/947189/risk-manager-at-strivo-labs.html,2026-09-05T21:10:32+00:00
b5b582c8141da935,hotnigerianjobs,947201,Application Support Engineer at Strivo Labs,Strivo Labs,"Strivo Labs is recruiting to fill the position of: Application Support Engineer. The position is located in Ikeja, Lagos State. Interested candidates should possess minimum of 2nd Class Lower in a first Degree and / or Related Professional Qualification with strong knowledge of Enterprise Operating Systems in any of (Windows Server, Linux Operating System etc.) Apply Now","Ikeja, Lagos State",Nigeria,unknown,,,Computer / AI / Technology / IT Services,,,,,,"Wed 26th Aug, 2026",,Other Tech,https://www.hotnigerianjobs.com/hotjobs/947201/application-support-engineer-at-strivo-labs.html,2026-09-05T21:10:32+00:00
8183078aa0b9f4b5,hotnigerianjobs,947173,DevOps Engineer at Teknowledge,Teknowledge,"Teknowledge is recruiting to fill the position of: DevOps Engineer. The position is located in Victoria Island, Lagos State. Interested candidates should possess a Bachelor's Degree or equivalent Degree in Computer Science or another related field with knowledge of Linux OS, SQL, PL SQL, Scripting, and Container. Apply Now","Victoria Island, Lagos State",Nigeria,unknown,,,Computer / AI / Technology / IT Services,,,,,,"Wed 26th Aug, 2026",,DevOps & Cloud,https://www.hotnigerianjobs.com/hotjobs/947173/financial-shared-services-manager-at-innovations-f.html,2026-09-05T21:10:32+00:00
df18e3046bf9dce3,hotnigerianjobs,947212,Field Marketer at a Reputable Information Technology Organization - TeamAce Limited,,Field Marketer at a Reputable Information Technology Organization - TeamAce Limited,,Nigeria,unknown,,,Computer / AI / Technology / IT Services,,,,,,,,Other Tech,https://www.hotnigerianjobs.com/hotjobs/947212/field-marketer-at-a-reputable-information-technolo.html,2026-09-05T21:10:32+00:00
de17b460345c326d,hotnigerianjobs,946948,Virtual Nation Job Recruitment (7 Positions),Virtual Nation,"Virtual Nation is recruiting suitably qualified candidates to fill the following remote positions: Machine Learning Engineer, Immigration Writer, Customer Support Representative, Web Developer, Animator & Video Editor, Accountant & HR Officer, and Content Writer. Apply Now",,Nigeria,remote,Country-only,,Computer / AI / Technology / IT Services,,,,,,"Tue 25th Aug, 2026",,Software Development,https://www.hotnigerianjobs.com/hotjobs/946948/virtual-nation-job-recruitment-7-positions.html,2026-09-05T21:10:32+00:00
0f2c6a568faf6d15,hotnigerianjobs,946921,Strategic Operations Specialist at ElsaDave Consulting Limited,,Strategic Operations Specialist at ElsaDave Consulting Limited,,Nigeria,unknown,,,Computer / AI / Technology / IT Services,,,,,,,,,https://www.hotnigerianjobs.com/hotjobs/946921/strategic-operations-specialist-at-elsadave-consul.html,2026-09-05T21:10:32+00:00
c58de7635edf5728,hotnigerianjobs,946912,Customer Support Representative (Remote) at Virtual Nation,Virtual Nation,"Virtual Nation is recruiting to fill the position of: Customer Support Representative. This is a Remote Role. Interested candidates should possess strong problem-solving and conflict-resolution skills with 3+ years of experience in customer service, customer support, or a related client-facing role. Apply Now",,Nigeria,remote,Country-only,,Computer / AI / Technology / IT Services,,,,,,"Tue 25th Aug, 2026",,Other Tech,https://www.hotnigerianjobs.com/hotjobs/946912/customer-support-representative-remote-at-virtual.html,2026-09-05T21:10:32+00:00
42046e936117037b,hotnigerianjobs,946911,Web Developer (Remote) at Virtual Nation,Virtual Nation,"Virtual Nation is recruiting to fill the position of: Web Developer. This is a Remote Role. Interested candidates should possess Proficiency in HTML, CSS, JavaScript, and modern frameworks (React, Next.js, Vue.js, or similar) with 3+ years of cogent experience in web development (front-end and back-end). Apply Now",,Nigeria,remote,Country-only,,Computer / AI / Technology / IT Services,,,,,,"Tue 25th Aug, 2026",,Software Development,https://www.hotnigerianjobs.com/hotjobs/946911/web-developer-remote-at-virtual-nation.html,2026-09-05T21:10:32+00:00
5ff86d12a7e1ae5a,hotnigerianjobs,946909,Animator & Video Editor (Remote) at Virtual Nation,Virtual Nation,"Virtual Nation is recruiting to fill the position of: Animator & Video Editor. This is a Remote Role. Interested candidates should possess strong understanding of animation principles (timing, easing, motion flow) with 5+ years of overall professional experience. Apply Now",,Nigeria,remote,Country-only,,Computer / AI / Technology / IT Services,,,,,,"Tue 25th Aug, 2026",,,https://www.hotnigerianjobs.com/hotjobs/946909/animator-video-editor-remote-at-virtual-nation.html,2026-09-05T21:10:32+00:00
12fccb68738c4afa,hotnigerianjobs,946908,Accountant & HR Officer (Remote) at Virtual Nation,Virtual Nation,"Virtual Nation is recruiting to fill the position of: Accountant & HR Officer. This is a Remote Role. Interested candidates should possess minimum of a Bachelor's Degree or HND in Accounting, Finance, Business Administration, or a related field with working knowledge of both Nigerian and UK tax / regulatory requirements. Apply Now",,Nigeria,remote,Country-only,,Computer / AI / Technology / IT Services,,,,,,"Tue 25th Aug, 2026",,,https://www.hotnigerianjobs.com/hotjobs/946908/accountant-hr-officer-remote-at-virtual-nation.html,2026-09-05T21:10:32+00:00
212686e228a9d503,hotnigerianjobs,946906,Content Writer (Remote) at Veycl - Virtual Nation,"Veycl, a brand under Virtual Nation","Veycl, a brand under Virtual Nation is recruiting to fill the position of: Content Writer. This is a Remote Role. Interested candidates should possess minimum of an HND or equivalent with 5+ years of professional writing experience. Apply Now",,Nigeria,remote,Country-only,,Computer / AI / Technology / IT Services,,,,,,"Tue 25th Aug, 2026",,,https://www.hotnigerianjobs.com/hotjobs/946906/content-writer-remote-at-veycl-virtual-nation.html,2026-09-05T21:10:32+00:00
3215f7337912fb02,hotnigerianjobs,946905,Immigration Writer (Remote) at Veycl - Virtual Nation,"Veycl, a brand under Virtual Nation","Veycl, a brand under Virtual Nation is recruiting to fill the position of: Immigration Writer. This is a Remote Role. Interested candidates should possess an LL.B (Bachelor of Laws) or equivalent legal background with excellent writing and editing skills. Apply Now",,Nigeria,remote,Country-only,,Computer / AI / Technology / IT Services,,,,,,"Tue 25th Aug, 2026",,,https://www.hotnigerianjobs.com/hotjobs/946905/immigration-writer-remote-at-veycl-virtual-nation.html,2026-09-05T21:10:32+00:00
7f69794037d8306e,hotnigerianjobs,946899,Machine Learning Engineer (Remote) at Virtual Nation,Virtual Nation,"Virtual Nation is recruiting to fill the position of Machine Learning Engineer. This is a Remote Role. Interested candidates should possess strong programming skills in Python, strong knowledge of ML frameworks and libraries (TensorFlow, PyTorch, Scikit-learn) with 7+ years of overall experience in a technical role. Apply Now",,Nigeria,remote,Country-only,,Computer / AI / Technology / IT Services,,,,,,"Tue 25th Aug, 2026",,Data & AI,https://www.hotnigerianjobs.com/hotjobs/946899/machine-learning-engineer-remote-at-virtual-nation.html,2026-09-05T21:10:32+00:00
d8618ce074dd2f39,hotnigerianjobs,946579,Vennote Technologies Limited Job Recruitment (7 Positions),Vennote Technologies Limited,"Vennote Technologies Limited is recruiting to fill the following positions in Lagos State: NLP / AI Engineer, Conversational AI Solutions Specialist (Agentic Systems), Senior Data Scientist, Senior Backend Developer (Node.js and Python), IT Service Desk Engineer, Senior Data Scientist, and End User Support Engineer. Apply Now",Lagos State,Nigeria,unknown,,,Computer / AI / Technology / IT Services,,,,,,"Mon 24th Aug, 2026",,Software Development,https://www.hotnigerianjobs.com/hotjobs/946579/vennote-technologies-limited-job-recruitment-4-pos.html,2026-09-05T21:10:32+00:00
ff2f5c6f78444761,hotnigerianjobs,946565,Breezy Digital Solutions Job Recruitment (5 Positions),Breezy Digital Solutions,"Breezy Digital Solutions is recruiting to fill the following positions in Lagos State: Product Marketing Manager, React Native Developer, Key Account Officer, Data Analyst, and Legal Officer. Apply Now",Lagos State,Nigeria,unknown,,,Computer / AI / Technology / IT Services,,,,,,"Mon 24th Aug, 2026",,Software Development,https://www.hotnigerianjobs.com/hotjobs/946565/breezy-digital-solutions-job-recruitment-5-positio.html,2026-09-05T21:10:32+00:00
bd3969375a1440bb,hotnigerianjobs,946521,Project Accountant (Hybrid) at erpSoftapp,erpSoftapp,"erpSoftapp is recruiting to fill the position of: Project Accountant. The position is located in Yaba, Lagos State (Hybrid). Salary: N300,000 - N450,000 monthly. Interested candidates should possess a Degree in relevant discipline with 3 - 4 years experience. Applicant must be ICAN certified. A knowledge of IFRS is required. Apply Now","Yaba, Lagos State (Hybrid)",Nigeria,hybrid,,,Computer / AI / Technology / IT Services,,,,"N300,000 - N450,000 monthly",,"Mon 24th Aug, 2026",,Other Tech,https://www.hotnigerianjobs.com/hotjobs/946521/project-accountant-hybrid-at-erpsoftapp.html,2026-09-05T21:10:32+00:00
5b32fe344bd2a05b,hotnigerianjobs,946510,Senior Backend Developer (Node.js and Python) (Hybrid) at Vennote Technologies Limited,,Senior Backend Developer (Node.js and Python) (Hybrid) at Vennote Technologies Limited,,Nigeria,hybrid,,,Computer / AI / Technology / IT Services,,,,,,,,Software Development,https://www.hotnigerianjobs.com/hotjobs/946510/senior-backend-developer-nodejs-and-python-hybrid.html,2026-09-05T21:10:32+00:00
df77903a4e1d01e6,hotnigerianjobs,946526,erpSOFTapp Limited Internship & Exp. Job Recruitment (6 Positions),,erpSOFTapp Limited Internship & Exp. Job Recruitment (6 Positions),,Nigeria,unknown,,,Computer / AI / Technology / IT Services,,,,,,,,Other Tech,https://www.hotnigerianjobs.com/hotjobs/946526/erpsoftapp-limited-job-recruitment-6-positions.html,2026-09-05T21:10:32+00:00
