job_id,source,source_job_id,job_title,company,job_description,location,country,work_mode,remote_scope,job_field,industry,employment_type,experience_required,education_required,salary,currency,date_posted,application_deadline,tech_category,vacancy_url,scraped_at
2cfba14a9b365291,jobberman,architect-6qvx7p,Architect,,,,Nigeria,unknown,,,,,,,,,,,,https://www.jobberman.com/listings/architect-6qvx7p,2026-09-05T17:04:34+00:00
56d069f7f41707a3,jobberman,software-developer-it-specialist-m0vdzw,Software Developer / IT Specialist,,,,Nigeria,unknown,,,,,,,,,,,Software Development,https://www.jobberman.com/listings/software-developer-it-specialist-m0vdzw,2026-09-05T17:04:34+00:00
50475ac6b9054379,jobberman,senior-full-stack-software-developer-x8wvzn,Senior Full Stack Software Developer,,,,Nigeria,unknown,,,,,,,,,,,Software Development,https://www.jobberman.com/listings/senior-full-stack-software-developer-x8wvzn,2026-09-05T17:04:34+00:00
6849404e0e80d97c,jobberman,sales-and-marketing-manager-45r624,Sales and Marketing Manager,,,,Nigeria,unknown,,,,,,,,,,,,https://www.jobberman.com/listings/sales-and-marketing-manager-45r624,2026-09-05T17:04:34+00:00
7bec4c7fe60bf1ad,jobberman,software-developerit-developer-7jx2en,Software Developer,,,,Nigeria,unknown,,,,,,,,,,,Software Development,https://www.jobberman.com/listings/software-developerit-developer-7jx2en,2026-09-05T17:04:34+00:00
5e8b3241f23d16b7,jobberman,software-developer-programmer-d9dmdg,Software Developer,,,,Nigeria,unknown,,,,,,,,,,,Software Development,https://www.jobberman.com/listings/software-developer-programmer-d9dmdg,2026-09-05T17:04:34+00:00
44679ee2d9f49be4,jobberman,software-developer-2k7m7k,Software Developer,,,,Nigeria,unknown,,,,,,,,,,,Software Development,https://www.jobberman.com/listings/software-developer-2k7m7k,2026-09-05T17:04:34+00:00
5883f7147c81607d,jobberman,software-developer-z8zkj9,Software Developer,,,,Nigeria,unknown,,,,,,,,,,,Software Development,https://www.jobberman.com/listings/software-developer-z8zkj9,2026-09-05T17:04:34+00:00
3b2d9d5fc69357b0,jobberman,software-developerweb-scraper-0knx4x,Software Developer,,,,Nigeria,unknown,,,,,,,,,,,Software Development,https://www.jobberman.com/listings/software-developerweb-scraper-0knx4x,2026-09-05T17:04:34+00:00
ca1345b745a697e4,jobberman,programming-software-development-instructor-8m95g7,Programming & Software Development Instructor,,,,Nigeria,unknown,,,,,,,,,,,Other Tech,https://www.jobberman.com/listings/programming-software-development-instructor-8m95g7,2026-09-05T17:04:34+00:00
c571489dd14633e4,jobberman,junior-software-engineer-gmd92q,Junior Software Engineer,,,,Nigeria,unknown,,,,,,,,,,,Software Development,https://www.jobberman.com/listings/junior-software-engineer-gmd92q,2026-09-05T17:04:34+00:00
1cbc6e54380d404b,jobberman,software-engineer-java-z8zng9,Software Engineer,,,,Nigeria,unknown,,,,,,,,,,,Software Development,https://www.jobberman.com/listings/software-engineer-java-z8zng9,2026-09-05T17:04:34+00:00
f6be31a5e9eda1d6,jobberman,software-engineer-n904zz,Software Engineer,,,,Nigeria,unknown,,,,,,,,,,,Software Development,https://www.jobberman.com/listings/software-engineer-n904zz,2026-09-05T17:04:34+00:00
303e77a9a091a75e,jobberman,principal-software-architect-d9dvm5,Principal Software Architect,,,,Nigeria,unknown,,,,,,,,,,,Other Tech,https://www.jobberman.com/listings/principal-software-architect-d9dvm5,2026-09-05T17:04:34+00:00
ef3b9e75884cffe1,jobberman,product-officer-0k9226,Product Officer,,,,Nigeria,unknown,,,,,,,,,,,,https://www.jobberman.com/listings/product-officer-0k9226,2026-09-05T17:04:34+00:00
f6d642cedce381ee,jobberman,senior-full-stack-developer-5pre8g,Senior Full Stack Developer,,,,Nigeria,unknown,,,,,,,,,,,Software Development,https://www.jobberman.com/listings/senior-full-stack-developer-5pre8g,2026-09-05T17:04:34+00:00
0b6ed2b13889a05d,jobberman,civil-structural-engineer-z8r7w9,Civil/ Structural Engineer,,,,Nigeria,unknown,,,,,,,,,,,Other Tech,https://www.jobberman.com/listings/civil-structural-engineer-z8r7w9,2026-09-05T17:04:38+00:00
a7a349a13abf342f,jobberman,operations-manager-9krjdw,Operations Manager,,,,Nigeria,unknown,,,,,,,,,,,,https://www.jobberman.com/listings/operations-manager-9krjdw,2026-09-05T17:04:38+00:00
a5cd9093a6d18422,jobberman,business-development-executive-business-developer-wrg6xk,Business Development Executive,,,,Nigeria,unknown,,,,,,,,,,,,https://www.jobberman.com/listings/business-development-executive-business-developer-wrg6xk,2026-09-05T17:04:38+00:00
c8b0d7263035be60,jobberman,business-development-executive-7jxdwj,Business Development Executive,,,,Nigeria,unknown,,,,,,,,,,,,https://www.jobberman.com/listings/business-development-executive-7jxdwj,2026-09-05T17:04:38+00:00
9189d4d7125718f0,jobberman,software-testing-intern-8mp8n4,Software Testing Intern,,,,Nigeria,unknown,,,,,,,,,,,Other Tech,https://www.jobberman.com/listings/software-testing-intern-8mp8n4,2026-09-05T17:04:38+00:00
23a7021283b59658,jobberman,growth-partnerships-executive-vd99p2,Growth & Partnerships Executive,,,,Nigeria,unknown,,,,,,,,,,,,https://www.jobberman.com/listings/growth-partnerships-executive-vd99p2,2026-09-05T17:04:38+00:00
df8aeb8e397a232a,jobberman,technical-project-manager-wrnp95,Technical Project Manager,,,,Nigeria,unknown,,,,,,,,,,,Other Tech,https://www.jobberman.com/listings/technical-project-manager-wrnp95,2026-09-05T17:04:38+00:00
11ff1186fb457bff,jobberman,business-development-manager-j6pddd,Business Development Manager,,,,Nigeria,unknown,,,,,,,,,,,,https://www.jobberman.com/listings/business-development-manager-j6pddd,2026-09-05T17:04:38+00:00
35257bc6a90a8723,jobberman,software-engineer-internship-x8w7k0,Software Engineer (Internship),,,,Nigeria,unknown,,,,,,,,,,,Software Development,https://www.jobberman.com/listings/software-engineer-internship-x8w7k0,2026-09-05T17:04:38+00:00
843862bd07412ef5,jobberman,marketing-sales-personnel-otawise-software-9krz2n-v1,Marketing & Sales Personnel – Otawise Software,,,,Nigeria,unknown,,,,,,,,,,,Other Tech,https://www.jobberman.com/listings/marketing-sales-personnel-otawise-software-9krz2n-v1,2026-09-05T17:04:38+00:00
618c77dbca8bd137,jobberman,frontend-software-engineer-vd9rzj-v1,Frontend Software Engineer,,,,Nigeria,unknown,,,,,,,,,,,Software Development,https://www.jobberman.com/listings/frontend-software-engineer-vd9rzj-v1,2026-09-05T17:04:38+00:00
19176d2e0e01a779,jobberman,backend-software-engineer-0k86x8-v1,Backend Software Engineer,,,,Nigeria,unknown,,,,,,,,,,,Software Development,https://www.jobberman.com/listings/backend-software-engineer-0k86x8-v1,2026-09-05T17:04:38+00:00
df031fb9a8e0bb32,jobberman,professional-services-engineer-quark-remote-15000year-usd-0k8ve6-v2,"Professional Services Engineer, Quark (Remote) - $15,000/year USD",,,,Nigeria,remote,Country-only,,,,,,,,,,Other Tech,https://www.jobberman.com/listings/professional-services-engineer-quark-remote-15000year-usd-0k8ve6-v2,2026-09-05T17:04:38+00:00
91fdb57c2322ddaf,jobberman,junior-business-development-associate-8mkxzp-v2,Junior Business Development Associate,,,,Nigeria,unknown,,,,,,,,,,,,https://www.jobberman.com/listings/junior-business-development-associate-8mkxzp-v2,2026-09-05T17:04:38+00:00
e33c47260138a99d,jobberman,salesperson-d9dq75-v1,Salesperson,,,,Nigeria,unknown,,,,,,,,,,,,https://www.jobberman.com/listings/salesperson-d9dq75-v1,2026-09-05T17:04:38+00:00
aa568b817b60b5c8,jobberman,sales-executives-at-domeo-resources-international-6qrj6p-v1,Sales Executives at Domeo Resources International,,,,Nigeria,unknown,,,,,,,,,,,,https://www.jobberman.com/listings/sales-executives-at-domeo-resources-international-6qrj6p-v1,2026-09-05T17:04:38+00:00
1727f4180c316ca5,jobberman,micro-credit-loan-officer-pmkmgm-v15,Micro Credit Loan Officer,,,,Nigeria,unknown,,,,,,,,,,,,https://www.jobberman.com/listings/micro-credit-loan-officer-pmkmgm-v15,2026-09-05T17:04:41+00:00
31766cef911d7606,jobberman,finance-manager-trilogy-remote-100000year-usd-wrn490-v1,"Finance Manager, Trilogy (Remote) - $100,000/year USD",,,,Nigeria,remote,Country-only,,,,,,,,,,,https://www.jobberman.com/listings/finance-manager-trilogy-remote-100000year-usd-wrn490-v1,2026-09-05T17:04:41+00:00
b38b7d7222f88627,jobberman,senior-web-designer-fintechpayments-erppr9-v2,Senior Web Designer (Fintech/Payments),,,,Nigeria,unknown,,,,,,,,,,,,https://www.jobberman.com/listings/senior-web-designer-fintechpayments-erppr9-v2,2026-09-05T17:04:41+00:00
fcb25317af16adb2,jobberman,cctv-operative-at-domeo-resources-international-z8r049-v1,CCTV Operative at Domeo Resources International,,,,Nigeria,unknown,,,,,,,,,,,,https://www.jobberman.com/listings/cctv-operative-at-domeo-resources-international-z8r049-v1,2026-09-05T17:04:41+00:00
4dc36e781b14d984,jobberman,software-engineer-instructor-8m95d7,Software Engineer Instructor,,,,Nigeria,unknown,,,,,,,,,,,Software Development,https://www.jobberman.com/listings/software-engineer-instructor-8m95d7,2026-09-05T17:04:51+00:00
5c2725d634f3c8cf,jobberman,senior-software-engineer-head-x8wrj8,Head of Software Engineering,,,,Nigeria,unknown,,,,,,,,,,,Software Development,https://www.jobberman.com/listings/senior-software-engineer-head-x8wrj8,2026-09-05T17:04:51+00:00
066a8c3771c36720,jobberman,senior-software-engineer-m0vgq2,Senior Software Engineer,,,,Nigeria,unknown,,,,,,,,,,,Software Development,https://www.jobberman.com/listings/senior-software-engineer-m0vgq2,2026-09-05T17:04:51+00:00
ea0b6e6093d322bd,jobberman,software-engineer-php-7jp6vm,Software Engineer (PHP),,,,Nigeria,unknown,,,,,,,,,,,Software Development,https://www.jobberman.com/listings/software-engineer-php-7jp6vm,2026-09-05T17:04:51+00:00
1db082a417cdd157,jobberman,testerqa-engineer-k7x5jx,QA Engineer / Software Tester.,,,,Nigeria,unknown,,,,,,,,,,,QA & Testing,https://www.jobberman.com/listings/testerqa-engineer-k7x5jx,2026-09-05T17:04:51+00:00
0b3ffb9c2a83ac61,jobberman,software-engineer-full-stack-z8rzed,"Software Engineer, Full Stack",,,,Nigeria,unknown,,,,,,,,,,,Software Development,https://www.jobberman.com/listings/software-engineer-full-stack-z8rzed,2026-09-05T17:04:51+00:00
8306c97a3a355ef1,jobberman,senior-fullstack-software-engineer-nodejs-react-web3-pgn0pv,Senior Fullstack Software Engineer,,,,Nigeria,unknown,,,,,,,,,,,Software Development,https://www.jobberman.com/listings/senior-fullstack-software-engineer-nodejs-react-web3-pgn0pv,2026-09-05T17:04:51+00:00
0e13280661e3724c,jobberman,bim-specialist-9krj6w,BIM Specialist,,,,Nigeria,unknown,,,,,,,,,,,,https://www.jobberman.com/listings/bim-specialist-9krj6w,2026-09-05T17:04:51+00:00
3dcf4d82728adc90,jobberman,pa-to-the-managing-director-engineering-background-x8w5mw,Personal Assistance,,,,Nigeria,unknown,,,,,,,,,,,,https://www.jobberman.com/listings/pa-to-the-managing-director-engineering-background-x8w5mw,2026-09-05T17:04:54+00:00
17fc8e5035f72f24,jobberman,technical-product-manager-business-banking-7jpk68,Technical Product Manager,,,,Nigeria,unknown,,,,,,,,,,,Product & Design,https://www.jobberman.com/listings/technical-product-manager-business-banking-7jpk68,2026-09-05T17:04:54+00:00
4be859a070fbe537,jobberman,senior-ai-engineer-8mk2mx,Senior Ai Engineer,,,,Nigeria,unknown,,,,,,,,,,,Data & AI,https://www.jobberman.com/listings/senior-ai-engineer-8mk2mx,2026-09-05T17:04:54+00:00
66edafe47e12adff,jobberman,sales-operations-specialist-at-jules-construction-pgne9j,Sales Operations Specialist at Jules Construction,,,,Nigeria,unknown,,,,,,,,,,,,https://www.jobberman.com/listings/sales-operations-specialist-at-jules-construction-pgne9j,2026-09-05T17:04:54+00:00
aba975f14d3a9f55,jobberman,facility-technician-z8r57v-v1,Facility Technician,,,,Nigeria,unknown,,,,,,,,,,,,https://www.jobberman.com/listings/facility-technician-z8r57v-v1,2026-09-05T17:04:54+00:00
ca8251497a90858b,jobberman,web-developer-pgnvzr,Web Developer,,,,Nigeria,unknown,,,,,,,,,,,Software Development,https://www.jobberman.com/listings/web-developer-pgnvzr,2026-09-05T17:05:04+00:00
91fe927999518f1a,jobberman,web-developer-erpp5k,Web developer,,,,Nigeria,unknown,,,,,,,,,,,Software Development,https://www.jobberman.com/listings/web-developer-erpp5k,2026-09-05T17:05:04+00:00
11847a7a738b053d,jobberman,web-developer-intern-rrjzqn,Web Developer Intern,,,,Nigeria,unknown,,,,,,,,,,,Software Development,https://www.jobberman.com/listings/web-developer-intern-rrjzqn,2026-09-05T17:05:04+00:00
bdac74983a5804ee,jobberman,web-development-instructor-0k8q28,Web Development Instructor,,,,Nigeria,unknown,,,,,,,,,,,,https://www.jobberman.com/listings/web-development-instructor-0k8q28,2026-09-05T17:05:04+00:00
f97c8808642c1ad3,jobberman,websiteweb-developeronsite-rr6wz2,Website\Web Developer,,,,Nigeria,unknown,,,,,,,,,,,Software Development,https://www.jobberman.com/listings/websiteweb-developeronsite-rr6wz2,2026-09-05T17:05:04+00:00
6da44f61407cfee7,jobberman,web-application-developer-vd909g,Web Application Developer,,,,Nigeria,unknown,,,,,,,,,,,Software Development,https://www.jobberman.com/listings/web-application-developer-vd909g,2026-09-05T17:05:04+00:00
61c75612e10e1704,jobberman,backend-web-developer-erpqm2,Backend Web Developer,,,,Nigeria,unknown,,,,,,,,,,,Software Development,https://www.jobberman.com/listings/backend-web-developer-erpqm2,2026-09-05T17:05:04+00:00
6d0598f11b3ded4c,jobberman,mobile-app-j6p085,Web Development Instructor,,,,Nigeria,unknown,,,,,,,,,,,,https://www.jobberman.com/listings/mobile-app-j6p085,2026-09-05T17:05:04+00:00
e8aacc4a49bbb3d4,jobberman,front-end-web-developer-8m4qn6,Front-end Web Developer,,,,Nigeria,unknown,,,,,,,,,,,Software Development,https://www.jobberman.com/listings/front-end-web-developer-8m4qn6,2026-09-05T17:05:04+00:00
3c22a348fff160d9,jobberman,front-end-developer-4568ez,Front-End Developer,,,,Nigeria,unknown,,,,,,,,,,,Software Development,https://www.jobberman.com/listings/front-end-developer-4568ez,2026-09-05T17:05:04+00:00
a7402551860cb37d,jobberman,net-core-developer-n9pr2v,.NET Core Developer,,,,Nigeria,unknown,,,,,,,,,,,Software Development,https://www.jobberman.com/listings/net-core-developer-n9pr2v,2026-09-05T17:05:04+00:00
1d4532f9ccdf32bc,jobberman,senior-full-stack-developer-onsite-enugu-wrnxd5,Senior Full-Stack Developer,,,,Nigeria,unknown,,,,,,,,,,,Software Development,https://www.jobberman.com/listings/senior-full-stack-developer-onsite-enugu-wrnxd5,2026-09-05T17:05:04+00:00
15b985a04d73134c,jobberman,tech-instructor-k76rkp,Tech Instructor,,,,Nigeria,unknown,,,,,,,,,,,,https://www.jobberman.com/listings/tech-instructor-k76rkp,2026-09-05T17:05:04+00:00
4e9148705f2f36b5,jobberman,backend-developer-5prgmr,Backend Developer,,,,Nigeria,unknown,,,,,,,,,,,Software Development,https://www.jobberman.com/listings/backend-developer-5prgmr,2026-09-05T17:05:04+00:00
a991ed92207ca512,jobberman,front-end-developer-n90dwz,Front-End Developer,,,,Nigeria,unknown,,,,,,,,,,,Software Development,https://www.jobberman.com/listings/front-end-developer-n90dwz,2026-09-05T17:05:04+00:00
3a6803a4976923a4,jobberman,frontend-developer-2k8g4k,Frontend Developer,,,,Nigeria,unknown,,,,,,,,,,,Software Development,https://www.jobberman.com/listings/frontend-developer-2k8g4k,2026-09-05T17:05:11+00:00
cb64f1ea17c871c0,jobberman,uiux-designer-2k898v,UI/UX Designer,,,,Nigeria,unknown,,,,,,,,,,,Product & Design,https://www.jobberman.com/listings/uiux-designer-2k898v,2026-09-05T17:05:11+00:00
bee6e64f5147268c,jobberman,uiux-designer-j6p7w8,UI/UX Designer,,,,Nigeria,unknown,,,,,,,,,,,Product & Design,https://www.jobberman.com/listings/uiux-designer-j6p7w8,2026-09-05T17:05:11+00:00
043a6dd0ddc83c47,jobberman,business-development-manager-2k86ep-v1,Business Development Manager,,,,Nigeria,unknown,,,,,,,,,,,,https://www.jobberman.com/listings/business-development-manager-2k86ep-v1,2026-09-05T17:05:11+00:00
756f6ad55dff018f,jobberman,conversational-and-linguistic-analyst-d9dj55-v1,Conversational and linguistic analyst,,,,Nigeria,unknown,,,,,,,,,,,,https://www.jobberman.com/listings/conversational-and-linguistic-analyst-d9dj55-v1,2026-09-05T17:05:11+00:00
6b9af1c388f77fa1,jobberman,training-coordinator-at-jules-construction-rr6egm,Training Coordinator at Jules Construction,,,,Nigeria,unknown,,,,,,,,,,,,https://www.jobberman.com/listings/training-coordinator-at-jules-construction-rr6egm,2026-09-05T17:05:11+00:00
182e514bc9354287,jobberman,managed-services-noc-supervisor-at-alfred-and-victoria-associates-d9dgx8,Managed Services NOC Supervisor at Alfred and Victoria Associates,,,,Nigeria,unknown,,,,,,,,,,,Other Tech,https://www.jobberman.com/listings/managed-services-noc-supervisor-at-alfred-and-victoria-associates-d9dgx8,2026-09-05T17:05:11+00:00
03566674bb6c2693,jobberman,digital-marketing-lead-at-worknigeria-0k869j-v1,Digital Marketing Lead at Worknigeria,,,,Nigeria,unknown,,,,,,,,,,,,https://www.jobberman.com/listings/digital-marketing-lead-at-worknigeria-0k869j-v1,2026-09-05T17:05:11+00:00
93b5732310f8203a,jobberman,mobile-application-developer-2k707q,Mobile Application Developer,,,,Nigeria,unknown,,,,,,,,,,,Software Development,https://www.jobberman.com/listings/mobile-application-developer-2k707q,2026-09-05T17:05:21+00:00
8ee19ddf0ddcdfe1,jobberman,cross-platform-mobile-developer-k76kjx,Mobile Developer,,,,Nigeria,unknown,,,,,,,,,,,Software Development,https://www.jobberman.com/listings/cross-platform-mobile-developer-k76kjx,2026-09-05T17:05:21+00:00
976e5db6302946a9,jobberman,mobile-developer-z8rr49,Mobile developer,,,,Nigeria,unknown,,,,,,,,,,,Software Development,https://www.jobberman.com/listings/mobile-developer-z8rr49,2026-09-05T17:05:21+00:00
aded755a6cb3cca5,jobberman,mobile-app-developer-7j050g,Mobile App Developer,,,,Nigeria,unknown,,,,,,,,,,,Software Development,https://www.jobberman.com/listings/mobile-app-developer-7j050g,2026-09-05T17:05:21+00:00
48bcc687300fafcd,jobberman,mobile-app-engineer-pgnw7q,Mobile Application Developer,,,,Nigeria,unknown,,,,,,,,,,,Software Development,https://www.jobberman.com/listings/mobile-app-engineer-pgnw7q,2026-09-05T17:05:21+00:00
4a500207feca33f8,jobberman,project-manager-6qrprn,Project Manager,,,,Nigeria,unknown,,,,,,,,,,,,https://www.jobberman.com/listings/project-manager-6qrprn,2026-09-05T17:05:21+00:00
191ea91f1e6ff607,jobberman,head-of-marketing-and-business-development-8mk29x,Head of Marketing and Business Development,,,,Nigeria,unknown,,,,,,,,,,,,https://www.jobberman.com/listings/head-of-marketing-and-business-development-8mk29x,2026-09-05T17:05:21+00:00
840cc5f59a01e5d8,jobberman,business-development-executive-7j0w2j,Business Development Executive,,,,Nigeria,unknown,,,,,,,,,,,,https://www.jobberman.com/listings/business-development-executive-7j0w2j,2026-09-05T17:05:21+00:00
240ee9b2effdba09,jobberman,team-lead-corporate-commercial-9k5v9x,Business Development Executive,,,,Nigeria,unknown,,,,,,,,,,,,https://www.jobberman.com/listings/team-lead-corporate-commercial-9k5v9x,2026-09-05T17:05:21+00:00
696a0e19082821df,jobberman,business-development-intern-technology-partnerships-9krk45,Business Development Intern,,,,Nigeria,unknown,,,,,,,,,,,,https://www.jobberman.com/listings/business-development-intern-technology-partnerships-9krk45,2026-09-05T17:05:24+00:00
fbd839b48914754f,jobberman,partnership-manager-wrgdzz,Partnership Manager,,,,Nigeria,unknown,,,,,,,,,,,,https://www.jobberman.com/listings/partnership-manager-wrgdzz,2026-09-05T17:05:24+00:00
9c5572e148e83fd4,jobberman,state-coordinator-ogun-at-international-institute-of-tropical-agriculture-iita-45rvg4,State Coordinator (Ogun) at International Institute of Tropical Agriculture (IITA),,,,Nigeria,unknown,,,,,,,,,,,,https://www.jobberman.com/listings/state-coordinator-ogun-at-international-institute-of-tropical-agriculture-iita-45rvg4,2026-09-05T17:05:24+00:00
be122903110acabe,jobberman,field-agent-n90vzw-v2,Field Agent,,,,Nigeria,unknown,,,,,,,,,,,,https://www.jobberman.com/listings/field-agent-n90vzw-v2,2026-09-05T17:05:24+00:00
9a3edd8534bcfc3e,jobberman,monitoring-and-evaluation-officer-7wrw8g-v5,Monitoring and Evaluation Officer,,,,Nigeria,unknown,,,,,,,,,,,,https://www.jobberman.com/listings/monitoring-and-evaluation-officer-7wrw8g-v5,2026-09-05T17:05:24+00:00
9c488beebc6b683c,jobberman,junior-full-stack-developer-j65q9v,Junior Full-Stack Developer,,,,Nigeria,unknown,,,,,,,,,,,Software Development,https://www.jobberman.com/listings/junior-full-stack-developer-j65q9v,2026-09-05T17:05:36+00:00
6864554029ca6ac6,jobberman,country-manager-integrated-commercial-solutions-8mk890-v1,Country Manager | Integrated Commercial Solutions,,,,Nigeria,unknown,,,,,,,,,,,,https://www.jobberman.com/listings/country-manager-integrated-commercial-solutions-8mk890-v1,2026-09-05T17:05:36+00:00
27e5ac8c57cdb886,jobberman,data-analyst-j65n7v,Data Analyst,,,,Nigeria,unknown,,,,,,,,,,,Data & AI,https://www.jobberman.com/listings/data-analyst-j65n7v,2026-09-05T17:05:47+00:00
13b1a9bb8a0cde24,jobberman,data-analyst-gm4740,Data Analyst,,,,Nigeria,unknown,,,,,,,,,,,Data & AI,https://www.jobberman.com/listings/data-analyst-gm4740,2026-09-05T17:05:47+00:00
8d6ce0a573f130e7,jobberman,data-analyst-6qrw0n,Data Analyst,,,,Nigeria,unknown,,,,,,,,,,,Data & AI,https://www.jobberman.com/listings/data-analyst-6qrw0n,2026-09-05T17:05:47+00:00
b9c4aff89e5564b2,jobberman,data-analyst-8mkxvp,Data Analyst,,,,Nigeria,unknown,,,,,,,,,,,Data & AI,https://www.jobberman.com/listings/data-analyst-8mkxvp,2026-09-05T17:05:47+00:00
e126e5a3d21555eb,jobberman,data-analyst-0knq4w,Data Analyst,,,,Nigeria,unknown,,,,,,,,,,,Data & AI,https://www.jobberman.com/listings/data-analyst-0knq4w,2026-09-05T17:05:47+00:00
01dafd96bc3a7ec3,jobberman,data-analyst-qz9jm7,Data Analyst,,,,Nigeria,unknown,,,,,,,,,,,Data & AI,https://www.jobberman.com/listings/data-analyst-qz9jm7,2026-09-05T17:05:47+00:00
a698168de13ca0cb,jobberman,data-analyst-researchers-m06479,Research Data Analyst,,,,Nigeria,unknown,,,,,,,,,,,Data & AI,https://www.jobberman.com/listings/data-analyst-researchers-m06479,2026-09-05T17:05:47+00:00
146e10622653f990,jobberman,monitoring-evaluation-reporting-analyst-6qn458,"Monitoring, Evaluation & Reporting Analyst",,,,Nigeria,unknown,,,,,,,,,,,,https://www.jobberman.com/listings/monitoring-evaluation-reporting-analyst-6qn458,2026-09-05T17:05:47+00:00
6f2380bd18d1b981,jobberman,financial-analyst-45rwrr,Financial Analyst,,,,Nigeria,unknown,,,,,,,,,,,,https://www.jobberman.com/listings/financial-analyst-45rwrr,2026-09-05T17:05:47+00:00
136501dadd36d5b4,jobberman,quantitative-football-analyst-k7xm6j,Quantitative Football Analyst,,,,Nigeria,unknown,,,,,,,,,,,,https://www.jobberman.com/listings/quantitative-football-analyst-k7xm6j,2026-09-05T17:05:47+00:00
f733c84227f2e819,jobberman,campaign-performance-specialist-2k8492,Campaign Performance Specialist,,,,Nigeria,unknown,,,,,,,,,,,,https://www.jobberman.com/listings/campaign-performance-specialist-2k8492,2026-09-05T17:05:47+00:00
811428045899ba4a,jobberman,inventory-control-analyst-456jp2,Inventory Control Analyst,,,,Nigeria,unknown,,,,,,,,,,,,https://www.jobberman.com/listings/inventory-control-analyst-456jp2,2026-09-05T17:05:47+00:00
820ee5eb62c8eb17,jobberman,modern-trade-manager-j65dgv-v2,Modern Trade Manager,,,,Nigeria,unknown,,,,,,,,,,,,https://www.jobberman.com/listings/modern-trade-manager-j65dgv-v2,2026-09-05T17:05:47+00:00
c29d1fa69ae94afb,jobberman,data-scientist-pgnmrp,Data Scientist,,,,Nigeria,unknown,,,,,,,,,,,Data & AI,https://www.jobberman.com/listings/data-scientist-pgnmrp,2026-09-05T17:05:56+00:00
7f6c6c96e0eb2587,jobberman,natural-scientist-graduate-trainee-rr6gxn,Natural Scientist,,,,Nigeria,unknown,,,,,,,,,,,,https://www.jobberman.com/listings/natural-scientist-graduate-trainee-rr6gxn,2026-09-05T17:05:56+00:00
90ca4be43d034396,jobberman,medical-laboratory-scientist-8mpq0j,Medical Laboratory Scientist,,,,Nigeria,unknown,,,,,,,,,,,,https://www.jobberman.com/listings/medical-laboratory-scientist-8mpq0j,2026-09-05T17:05:56+00:00
993c2a3c9b896d73,jobberman,content-marketing-and-partnerships-lead-5prr6n,"Content, Marketing, and Partnerships Lead",,,,Nigeria,unknown,,,,,,,,,,,,https://www.jobberman.com/listings/content-marketing-and-partnerships-lead-5prr6n,2026-09-05T17:06:05+00:00
b0803a83e620d7c5,jobberman,petroleum-engineers-rr6k8m,Petroleum Engineers,,,,Nigeria,unknown,,,,,,,,,,,Other Tech,https://www.jobberman.com/listings/petroleum-engineers-rr6k8m,2026-09-05T17:06:05+00:00
4b23d1301b2ad6ba,jobberman,machine-learning-ml-builder-x8gvqv,Machine Learning Builder,,,,Nigeria,unknown,,,,,,,,,,,Data & AI,https://www.jobberman.com/listings/machine-learning-ml-builder-x8gvqv,2026-09-05T17:06:05+00:00
6b63919885064e6d,jobberman,assistant-office-administrator-n9jx2k,Assistant Office Administrator,,,,Nigeria,unknown,,,,,,,,,,,,https://www.jobberman.com/listings/assistant-office-administrator-n9jx2k,2026-09-05T17:06:05+00:00
2898443dd031ede8,jobberman,sales-operations-enablement-manager-gmd5de,Sales Operations & Enablement Manager,,,,Nigeria,unknown,,,,,,,,,,,,https://www.jobberman.com/listings/sales-operations-enablement-manager-gmd5de,2026-09-05T17:06:05+00:00
24090a441bb7af56,jobberman,marketing-growth-lead-music-entertainment-7jx4pn,Marketing & Growth Lead,,,,Nigeria,unknown,,,,,,,,,,,,https://www.jobberman.com/listings/marketing-growth-lead-music-entertainment-7jx4pn,2026-09-05T17:06:05+00:00
9c545aba28b39e82,jobberman,product-manager-pgn9jj-v1,Product Manager,,,,Nigeria,unknown,,,,,,,,,,,Product & Design,https://www.jobberman.com/listings/product-manager-pgn9jj-v1,2026-09-05T17:06:05+00:00
73003ff8cd303c42,jobberman,senior-well-engineer-8mk6r7,Senior Well Engineer,,,,Nigeria,unknown,,,,,,,,,,,Other Tech,https://www.jobberman.com/listings/senior-well-engineer-8mk6r7,2026-09-05T17:06:05+00:00
ee20cdad40dd2203,jobberman,senior-electrical-design-engineer-gm4k5m-v2,Senior Electrical Design Engineer,,,,Nigeria,unknown,,,,,,,,,,,Other Tech,https://www.jobberman.com/listings/senior-electrical-design-engineer-gm4k5m-v2,2026-09-05T17:06:05+00:00
0035fe2d7339a608,jobberman,digital-lead-specialist-at-jules-construction-n90eg9,Digital Lead Specialist at Jules Construction,,,,Nigeria,unknown,,,,,,,,,,,,https://www.jobberman.com/listings/digital-lead-specialist-at-jules-construction-n90eg9,2026-09-05T17:06:05+00:00
c7665c0798a39ed2,jobberman,aml-transaction-monitoring-specialist-fintechpayments-pg6rrj-v5,AML Transaction Monitoring Specialist (Fintech/Payments),,,,Nigeria,unknown,,,,,,,,,,,,https://www.jobberman.com/listings/aml-transaction-monitoring-specialist-fintechpayments-pg6rrj-v5,2026-09-05T17:06:05+00:00
c11c2c105c1c8d21,jobberman,community-health-officer-at-jules-construction-gm4erm,Community Health Officer at Jules Construction,,,,Nigeria,unknown,,,,,,,,,,,,https://www.jobberman.com/listings/community-health-officer-at-jules-construction-gm4erm,2026-09-05T17:06:08+00:00
e4e9e87f588cddfb,jobberman,ehs-officer-qzwn9p-v2,EHS Officer,,,,Nigeria,unknown,,,,,,,,,,,,https://www.jobberman.com/listings/ehs-officer-qzwn9p-v2,2026-09-05T17:06:08+00:00
16ab78a3068a86bf,jobberman,business-head-oil-feed-water-8mkwz9,"Business Head- Oil, Feed & Water",,,,Nigeria,unknown,,,,,,,,,,,,https://www.jobberman.com/listings/business-head-oil-feed-water-8mkwz9,2026-09-05T17:06:08+00:00
0a29e96445101a75,jobberman,senior-ai-engineer-machine-learning-engineer-rr6jkq,Senior AI Engineer / Machine Learning Engineer,,,,Nigeria,unknown,,,,,,,,,,,Data & AI,https://www.jobberman.com/listings/senior-ai-engineer-machine-learning-engineer-rr6jkq,2026-09-05T17:06:19+00:00
b9c1890b576fd84e,jobberman,ai-engineer-er9k0j,AI Engineer,,,,Nigeria,unknown,,,,,,,,,,,Data & AI,https://www.jobberman.com/listings/ai-engineer-er9k0j,2026-09-05T17:06:19+00:00
94405c4d5854692e,jobberman,devops-engineer-z8rnvx,DevOps Engineer,,,,Nigeria,unknown,,,,,,,,,,,DevOps & Cloud,https://www.jobberman.com/listings/devops-engineer-z8rnvx,2026-09-05T17:06:27+00:00
08dcfb6fa25efd07,jobberman,technical-growth-product-manager-9k58m6,Technical Growth Product Manager,,,,Nigeria,unknown,,,,,,,,,,,Product & Design,https://www.jobberman.com/listings/technical-growth-product-manager-9k58m6,2026-09-05T17:06:27+00:00
0d45bfd66a6a8301,jobberman,cloud-infrastructure-engineer-k7p4jw,Cloud Infrastructure Engineer,,,,Nigeria,unknown,,,,,,,,,,,Other Tech,https://www.jobberman.com/listings/cloud-infrastructure-engineer-k7p4jw,2026-09-05T17:06:36+00:00
519bf8e19037048d,jobberman,senior-cybersecurity-cloud-implementation-engineer-er9k8d,Senior Cybersecurity & Cloud Implementation Engineer,,,,Nigeria,unknown,,,,,,,,,,,Cybersecurity,https://www.jobberman.com/listings/senior-cybersecurity-cloud-implementation-engineer-er9k8d,2026-09-05T17:06:36+00:00
8815f0540d033386,jobberman,development-security-and-operations-engineer-devsecops-6qnwqn,Engineer,,,,Nigeria,unknown,,,,,,,,,,,Other Tech,https://www.jobberman.com/listings/development-security-and-operations-engineer-devsecops-6qnwqn,2026-09-05T17:06:36+00:00
2c4696f487c3c517,jobberman,field-services-engineer-k76kqj-v2,Field Services Engineer,,,,Nigeria,unknown,,,,,,,,,,,Other Tech,https://www.jobberman.com/listings/field-services-engineer-k76kqj-v2,2026-09-05T17:06:49+00:00
016773f4abdbab0f,jobberman,system-administrator-6qv6wd,System Administrator,,,,Nigeria,unknown,,,,,,,,,,,,https://www.jobberman.com/listings/system-administrator-6qv6wd,2026-09-05T17:06:58+00:00
6511444999f0247b,jobberman,senior-administrator-remote-nigeria-qzwp9e,Administrator,,,,Nigeria,unknown,,,,,,,,,,,,https://www.jobberman.com/listings/senior-administrator-remote-nigeria-qzwp9e,2026-09-05T17:06:58+00:00
854673ccdfd7ece6,jobberman,senior-virtual-assistantbookeeper-9kkqej,Senior Virtual Assistant/Bookkeeper,,,,Nigeria,unknown,,,,,,,,,,,,https://www.jobberman.com/listings/senior-virtual-assistantbookeeper-9kkqej,2026-09-05T17:06:58+00:00
23e0509b2dfe7254,jobberman,system-administrator-2k8r22,System Administrator,,,,Nigeria,unknown,,,,,,,,,,,,https://www.jobberman.com/listings/system-administrator-2k8r22,2026-09-05T17:06:58+00:00
05e759a8ea89afc0,jobberman,systems-administrator-45rj89,Systems Administrator,,,,Nigeria,unknown,,,,,,,,,,,IT Support & Networking,https://www.jobberman.com/listings/systems-administrator-45rj89,2026-09-05T17:06:58+00:00
a4b7129d75900383,jobberman,school-administrator-z8j25k,School Administrator,,,,Nigeria,unknown,,,,,,,,,,,,https://www.jobberman.com/listings/school-administrator-z8j25k,2026-09-05T17:06:58+00:00
b30e5cae38c1a97a,jobberman,it-systems-manager-erp6kk,IT System Manager,,,,Nigeria,unknown,,,,,,,,,,,,https://www.jobberman.com/listings/it-systems-manager-erp6kk,2026-09-05T17:06:58+00:00
94c36f264995896a,jobberman,church-administrative-officer-n90r9v,Church Administrative Officer,,,,Nigeria,unknown,,,,,,,,,,,,https://www.jobberman.com/listings/church-administrative-officer-n90r9v,2026-09-05T17:06:58+00:00
c208ac943b4190bf,jobberman,admin-staff-7jxd5q,Administrative Officer,,,,Nigeria,unknown,,,,,,,,,,,,https://www.jobberman.com/listings/admin-staff-7jxd5q,2026-09-05T17:06:58+00:00
f2030959f36a3954,jobberman,technology-lms-portal-administrator-7jpene,"Technology, LMS & Portal Administrator",,,,Nigeria,unknown,,,,,,,,,,,,https://www.jobberman.com/listings/technology-lms-portal-administrator-7jpene,2026-09-05T17:06:58+00:00
942ac7ddce751079,jobberman,it-officer-k7x85n,IT Officer,,,,Nigeria,unknown,,,,,,,,,,,Other Tech,https://www.jobberman.com/listings/it-officer-k7x85n,2026-09-05T17:06:58+00:00
effa2d87e3c11110,jobberman,it-administrator-456jq8,IT Administrator,,,,Nigeria,unknown,,,,,,,,,,,,https://www.jobberman.com/listings/it-administrator-456jq8,2026-09-05T17:06:58+00:00
6fd78065ede530ce,jobberman,office-administrator-z8rp58,Office Administrator,,,,Nigeria,unknown,,,,,,,,,,,,https://www.jobberman.com/listings/office-administrator-z8rp58,2026-09-05T17:06:58+00:00
59715175f607dacb,jobberman,front-deskadmin-executive-j65kpv,Front Desk/Admin Executive,,,,Nigeria,unknown,,,,,,,,,,,,https://www.jobberman.com/listings/front-deskadmin-executive-j65kpv,2026-09-05T17:06:58+00:00
382b2b906868a987,jobberman,it-specialist-gm40k8,IT Specialist,,,,Nigeria,unknown,,,,,,,,,,,,https://www.jobberman.com/listings/it-specialist-gm40k8,2026-09-05T17:06:58+00:00
2308007f2fde3b88,jobberman,facility-manager-at-domeo-resources-international-7jx67e-v1,Facility Manager at Domeo Resources International,,,,Nigeria,unknown,,,,,,,,,,,,https://www.jobberman.com/listings/facility-manager-at-domeo-resources-international-7jx67e-v1,2026-09-05T17:07:01+00:00
fff770ba62d7d84a,jobberman,clinical-operations-coordinator-and-head-of-lagos-clinic-45rk65,Clinical Operations Coordinator and Head of Lagos Clinic,,,,Nigeria,unknown,,,,,,,,,,,,https://www.jobberman.com/listings/clinical-operations-coordinator-and-head-of-lagos-clinic-45rk65,2026-09-05T17:07:01+00:00
c5677f7047c74772,jobberman,job-position-8mkpzn-v1,Job Position,,,,Nigeria,unknown,,,,,,,,,,,,https://www.jobberman.com/listings/job-position-8mkpzn-v1,2026-09-05T17:07:01+00:00
442c581ca10c4059,jobberman,human-resources-business-partner-k7pj5v-v4,Human Resources Business Partner,,,,Nigeria,unknown,,,,,,,,,,,,https://www.jobberman.com/listings/human-resources-business-partner-k7pj5v-v4,2026-09-05T17:07:01+00:00
7adbfb13485ebddf,jobberman,school-principal-vd9j5m-v1,School Principal,,,,Nigeria,unknown,,,,,,,,,,,,https://www.jobberman.com/listings/school-principal-vd9j5m-v1,2026-09-05T17:07:01+00:00
e0027b8e4bdd5ee2,jobberman,financial-advisor-vwnmew-v16,Financial Advisor,,,,Nigeria,unknown,,,,,,,,,,,,https://www.jobberman.com/listings/financial-advisor-vwnmew-v16,2026-09-05T17:07:01+00:00
47164d849d94c089,jobberman,student-success-manager-7jx26n-v1,Student Success Manager,,,,Nigeria,unknown,,,,,,,,,,,,https://www.jobberman.com/listings/student-success-manager-7jx26n-v1,2026-09-05T17:07:01+00:00
ac554e126f215cb8,jobberman,marketing-and-sales-manager-at-domeo-resources-international-erpk5k-v1,Marketing and Sales Manager at Domeo Resources International,,,,Nigeria,unknown,,,,,,,,,,,,https://www.jobberman.com/listings/marketing-and-sales-manager-at-domeo-resources-international-erpk5k-v1,2026-09-05T17:07:01+00:00
bc999eb0dafe752d,jobberman,field-sales-ambassador-network-manager-8m9470,Field Sales & Ambassador Network Manager,,,,Nigeria,unknown,,,,,,,,,,,,https://www.jobberman.com/listings/field-sales-ambassador-network-manager-8m9470,2026-09-05T17:07:12+00:00
caf3d12bb6536dff,jobberman,community-and-growth-manager-5pzwv6,Community and Growth Manager,,,,Nigeria,unknown,,,,,,,,,,,,https://www.jobberman.com/listings/community-and-growth-manager-5pzwv6,2026-09-05T17:07:12+00:00
dc727f8891b0d97c,jobberman,it-network-engineer-qzwrnz,IT Network Engineer,,,,Nigeria,unknown,,,,,,,,,,,IT Support & Networking,https://www.jobberman.com/listings/it-network-engineer-qzwrnz,2026-09-05T17:07:12+00:00
425134225a042a06,jobberman,network-engineer-0k86p6,Network Engineer,,,,Nigeria,unknown,,,,,,,,,,,IT Support & Networking,https://www.jobberman.com/listings/network-engineer-0k86p6,2026-09-05T17:07:12+00:00
76fb6def4b95d01a,jobberman,senior-network-engineer-j655jw,Senior Network Engineer,,,,Nigeria,unknown,,,,,,,,,,,IT Support & Networking,https://www.jobberman.com/listings/senior-network-engineer-j655jw,2026-09-05T17:07:12+00:00
c2ebbf69ac844d2c,jobberman,network-support-engineer-erp5jk,Network Support Engineer,,,,Nigeria,unknown,,,,,,,,,,,Other Tech,https://www.jobberman.com/listings/network-support-engineer-erp5jk,2026-09-05T17:07:12+00:00
3800374917afe0ce,jobberman,senior-core-network-engineer-5prq6p,Senior Core Network Engineer,,,,Nigeria,unknown,,,,,,,,,,,IT Support & Networking,https://www.jobberman.com/listings/senior-core-network-engineer-5prq6p,2026-09-05T17:07:12+00:00
4dc091d96c1cd8d0,jobberman,telecom-field-engineer-8mp2vr,Field Engineer,,,,Nigeria,unknown,,,,,,,,,,,Other Tech,https://www.jobberman.com/listings/telecom-field-engineer-8mp2vr,2026-09-05T17:07:12+00:00
93fb981807ced585,jobberman,senior-noc-engineer-qz5drv,NOC Engineer,,,,Nigeria,unknown,,,,,,,,,,,Other Tech,https://www.jobberman.com/listings/senior-noc-engineer-qz5drv,2026-09-05T17:07:12+00:00
e6932fd585379b61,jobberman,project-manager-isp-network-infrastructure-wrn70d,Project Manager,,,,Nigeria,unknown,,,,,,,,,,,,https://www.jobberman.com/listings/project-manager-isp-network-infrastructure-wrn70d,2026-09-05T17:07:12+00:00
2c351d4400e1e213,jobberman,fiber-implementation-engineer-9kr0j0,Fiber Implementation Engineer,,,,Nigeria,unknown,,,,,,,,,,,Other Tech,https://www.jobberman.com/listings/fiber-implementation-engineer-9kr0j0,2026-09-05T17:07:12+00:00
7852b4807bc6fa0e,jobberman,2027-graduate-programme-nigeria-n90e6w-v1,2027 Graduate Programme - Nigeria,,,,Nigeria,unknown,,,,,,,,,,,,https://www.jobberman.com/listings/2027-graduate-programme-nigeria-n90e6w-v1,2026-09-05T17:07:12+00:00
1a3bb213d1ded4eb,jobberman,network-administrator-7jx86q,Network Administrator,,,,Nigeria,unknown,,,,,,,,,,,Other Tech,https://www.jobberman.com/listings/network-administrator-7jx86q,2026-09-05T17:07:16+00:00
4e2fe55fb3cf19da,jobberman,networking-instructor-4568mv,Networking Instructors,,,,Nigeria,unknown,,,,,,,,,,,,https://www.jobberman.com/listings/networking-instructor-4568mv,2026-09-05T17:07:16+00:00
57f8563fa8a5ddf9,jobberman,team-lead-deal-origination-client-coverage-investment-banking-6qrpjv,"Team Lead, Deal Origination & Client Coverage (Investment Banking)",,,,Nigeria,unknown,,,,,,,,,,,,https://www.jobberman.com/listings/team-lead-deal-origination-client-coverage-investment-banking-6qrpjv,2026-09-05T17:07:16+00:00
c72fb96a8b2ab035,jobberman,buisness-sales-executive-wrngek-v3,Buisness sales Executive,,,,Nigeria,unknown,,,,,,,,,,,,https://www.jobberman.com/listings/buisness-sales-executive-wrngek-v3,2026-09-05T17:07:16+00:00
7dc34d5de96f223e,jobberman,senior-tax-manager-rr6eq5-v1,Senior Tax Manager,,,,Nigeria,unknown,,,,,,,,,,,,https://www.jobberman.com/listings/senior-tax-manager-rr6eq5-v1,2026-09-05T17:07:16+00:00
94267a683dbfa1ac,jobberman,social-media-content-creator-7j059g,Social Media / Content Creator,,,,Nigeria,unknown,,,,,,,,,,,,https://www.jobberman.com/listings/social-media-content-creator-7j059g,2026-09-05T17:07:25+00:00
fd927caec0c513b7,jobberman,game-support-specialist-j6x47r,Game Support Specialist,,,,Nigeria,unknown,,,,,,,,,,,,https://www.jobberman.com/listings/game-support-specialist-j6x47r,2026-09-05T17:07:25+00:00
cb3fe69888e9a3d0,jobberman,business-development-operations-executive-z8j4pv,Business Development & Operations Executive,,,,Nigeria,unknown,,,,,,,,,,,,https://www.jobberman.com/listings/business-development-operations-executive-z8j4pv,2026-09-05T17:07:25+00:00
3c1df9823b37093d,jobberman,dental-nurse-aesthetic-nurse-rrj89q,Dental / Aesthetic Nurse,,,,Nigeria,unknown,,,,,,,,,,,,https://www.jobberman.com/listings/dental-nurse-aesthetic-nurse-rrj89q,2026-09-05T17:07:25+00:00
d52473582144d231,jobberman,organization-representative-45rg6v,Organization Representative,,,,Nigeria,unknown,,,,,,,,,,,,https://www.jobberman.com/listings/organization-representative-45rg6v,2026-09-05T17:07:25+00:00
822343f88878719e,jobberman,campus-representative-8mk797,Campus Representative,,,,Nigeria,unknown,,,,,,,,,,,,https://www.jobberman.com/listings/campus-representative-8mk797,2026-09-05T17:07:25+00:00
e0a40355773d177c,jobberman,accountant-8m95n7,Accountant,,,,Nigeria,unknown,,,,,,,,,,,,https://www.jobberman.com/listings/accountant-8m95n7,2026-09-05T17:07:25+00:00
b364927db4c9291a,jobberman,accountant-6qvkrp,Accountant,,,,Nigeria,unknown,,,,,,,,,,,,https://www.jobberman.com/listings/accountant-6qvkrp,2026-09-05T17:07:25+00:00
9a29ca9f24b0c75b,jobberman,sales-representative-gmdg7e,Sales Representative,,,,Nigeria,unknown,,,,,,,,,,,,https://www.jobberman.com/listings/sales-representative-gmdg7e,2026-09-05T17:07:25+00:00
434219b8d1f04eb5,jobberman,content-creator-videographer-qz5ddj,Content Creator & Videographer,,,,Nigeria,unknown,,,,,,,,,,,,https://www.jobberman.com/listings/content-creator-videographer-qz5ddj,2026-09-05T17:07:25+00:00
eadc3b80a4ff560f,jobberman,office-assistant-cleaner-rrj27m,Cleaner / Office Assistant,,,,Nigeria,unknown,,,,,,,,,,,,https://www.jobberman.com/listings/office-assistant-cleaner-rrj27m,2026-09-05T17:07:25+00:00
3e58ed583fed34b4,jobberman,sales-assistant-m0jmjw,Sales Assistant,,,,Nigeria,unknown,,,,,,,,,,,,https://www.jobberman.com/listings/sales-assistant-m0jmjw,2026-09-05T17:07:25+00:00
dfc2c1f9ed962aab,jobberman,office-clerk-n90mdv,Office Clerk,,,,Nigeria,unknown,,,,,,,,,,,,https://www.jobberman.com/listings/office-clerk-n90mdv,2026-09-05T17:07:25+00:00
3acbcc1435a9b6a3,jobberman,executive-assistant-6qvk0z,Executive Assistant,,,,Nigeria,unknown,,,,,,,,,,,,https://www.jobberman.com/listings/executive-assistant-6qvk0z,2026-09-05T17:07:25+00:00
0dff30cf8e0bf99c,jobberman,plc-scada-teacher-tutor-hiring-urgent-z8r799,PLC Programming and Industrial Automation Tutor,,,,Nigeria,unknown,,,,,,,,,,,Other Tech,https://www.jobberman.com/listings/plc-scada-teacher-tutor-hiring-urgent-z8r799,2026-09-05T17:07:25+00:00
053c5fe06699ba2f,jobberman,loan-officer-x8wr8v,Loan Officer,,,,Nigeria,unknown,,,,,,,,,,,,https://www.jobberman.com/listings/loan-officer-x8wr8v,2026-09-05T17:07:25+00:00
92e9af2066d63a67,jobberman,customer-support-store-assistant-gm4mv9,Customer Support & Store Assistant.,,,,Nigeria,unknown,,,,,,,,,,,,https://www.jobberman.com/listings/customer-support-store-assistant-gm4mv9,2026-09-05T17:07:27+00:00
9349d12f8dc1b6ad,jobberman,logistics-assistant-assistant-store-keeper-m0vq8r,Logistics Assistant / Assistant store keeper,,,,Nigeria,unknown,,,,,,,,,,,,https://www.jobberman.com/listings/logistics-assistant-assistant-store-keeper-m0vq8r,2026-09-05T17:07:27+00:00
38a44b8b0002814f,jobberman,assitant-office-manager-6qnqk4,Assistant Office Manager,,,,Nigeria,unknown,,,,,,,,,,,,https://www.jobberman.com/listings/assitant-office-manager-6qnqk4,2026-09-05T17:07:27+00:00
0b960a17ed6dd1ee,jobberman,human-resources-administration-manager-n994je,Human Resources & Administration Manager,,,,Nigeria,unknown,,,,,,,,,,,,https://www.jobberman.com/listings/human-resources-administration-manager-n994je,2026-09-05T17:07:27+00:00
90679a7464f449f2,jobberman,us-immigration-paralegal-j65826,U.S. Immigration Paralegal,,,,Nigeria,unknown,,,,,,,,,,,,https://www.jobberman.com/listings/us-immigration-paralegal-j65826,2026-09-05T17:07:27+00:00
31fdb13d61af268c,jobberman,technical-assistant-programmatic-vdgj6j,Technical Assistant,,,,Nigeria,unknown,,,,,,,,,,,Other Tech,https://www.jobberman.com/listings/technical-assistant-programmatic-vdgj6j,2026-09-05T17:07:27+00:00
2a0829fa8941ece1,jobberman,medical-sales-representative-k7px2w,Medical Sales Representative,,,,Nigeria,unknown,,,,,,,,,,,,https://www.jobberman.com/listings/medical-sales-representative-k7px2w,2026-09-05T17:07:27+00:00
63d130005cde6ebb,jobberman,mep-project-engineer-7jx9eq,MEP Project Engineer,,,,Nigeria,unknown,,,,,,,,,,,Other Tech,https://www.jobberman.com/listings/mep-project-engineer-7jx9eq,2026-09-05T17:07:27+00:00
362968270ed742bd,jobberman,technical-commercial-supervisor-wrnwvp,Technical & Commercial Supervisor,,,,Nigeria,unknown,,,,,,,,,,,Other Tech,https://www.jobberman.com/listings/technical-commercial-supervisor-wrnwvp,2026-09-05T17:07:27+00:00
c3eb2c85f4ac427e,jobberman,assistant-inventory-officer-vddnmg,Assistant / Inventory Officer,,,,Nigeria,unknown,,,,,,,,,,,,https://www.jobberman.com/listings/assistant-inventory-officer-vddnmg,2026-09-05T17:07:27+00:00
7f36719863ea32eb,jobberman,farmranch-manager-qz962e,Farm/Ranch Manager,,,,Nigeria,unknown,,,,,,,,,,,,https://www.jobberman.com/listings/farmranch-manager-qz962e,2026-09-05T17:07:27+00:00
77cfffd54e565368,jobberman,office-management-officer-450rk4,Office Management Officer,,,,Nigeria,unknown,,,,,,,,,,,,https://www.jobberman.com/listings/office-management-officer-450rk4,2026-09-05T17:07:27+00:00
0a8bad7a1761404c,jobberman,account-officer-x8g8jj,Account Officer,,,,Nigeria,unknown,,,,,,,,,,,,https://www.jobberman.com/listings/account-officer-x8g8jj,2026-09-05T17:07:27+00:00
963870fe5c860cdc,jobberman,hr-officer-z8jvdr,HR Officer,,,,Nigeria,unknown,,,,,,,,,,,,https://www.jobberman.com/listings/hr-officer-z8jvdr,2026-09-05T17:07:32+00:00
0073ed5dc0c9f621,jobberman,bus-coordinator-pgnw5q,Fleet Coordinator,,,,Nigeria,unknown,,,,,,,,,,,,https://www.jobberman.com/listings/bus-coordinator-pgnw5q,2026-09-05T17:07:32+00:00
d5675fe09d6fec23,jobberman,secondary-school-teacher-gmpv7q,Primary and Secondary School Teacher,,,,Nigeria,unknown,,,,,,,,,,,,https://www.jobberman.com/listings/secondary-school-teacher-gmpv7q,2026-09-05T17:07:32+00:00
58446f2a6e7d6dd3,jobberman,junior-account-officer-4505je,Junior Account Officer,,,,Nigeria,unknown,,,,,,,,,,,,https://www.jobberman.com/listings/junior-account-officer-4505je,2026-09-05T17:07:32+00:00
872c6c0210645672,jobberman,accountant-x88mnz,Accountant,,,,Nigeria,unknown,,,,,,,,,,,,https://www.jobberman.com/listings/accountant-x88mnz,2026-09-05T17:07:32+00:00
3d84ba80b4faf7ba,jobberman,cashier-6qnv8p,Cashier,,,,Nigeria,unknown,,,,,,,,,,,,https://www.jobberman.com/listings/cashier-6qnv8p,2026-09-05T17:07:32+00:00
3835c7f69ca989e8,jobberman,it-offcer-7j08ve,IT Officer,,,,Nigeria,unknown,,,,,,,,,,,Other Tech,https://www.jobberman.com/listings/it-offcer-7j08ve,2026-09-05T17:07:32+00:00
91c0b5e06d65c372,jobberman,customer-service-officer-d9dzdr,Customer Service Officer,,,,Nigeria,unknown,,,,,,,,,,,,https://www.jobberman.com/listings/customer-service-officer-d9dzdr,2026-09-05T17:07:32+00:00
271662c2388f0e8f,jobberman,esg-researcher-contract-position-8mmr5x,ESG Researcher,,,,Nigeria,unknown,,,,,,,,,,,,https://www.jobberman.com/listings/esg-researcher-contract-position-8mmr5x,2026-09-05T17:07:32+00:00
5981969255c65721,jobberman,property-deal-sourcer-fully-remote-uk-qzwd87,Property Deal Sourcer,,,,Nigeria,unknown,,,,,,,,,,,,https://www.jobberman.com/listings/property-deal-sourcer-fully-remote-uk-qzwd87,2026-09-05T17:07:32+00:00
b25fa5f09c4bf8a0,jobberman,chartist-junior-trader-vdgm6w,Junior Trader/Chartist,,,,Nigeria,unknown,,,,,,,,,,,,https://www.jobberman.com/listings/chartist-junior-trader-vdgm6w,2026-09-05T17:07:32+00:00
83701b2d6e8e4411,jobberman,executive-assistant-0k87rm,Executive Assistant and Social Media Manager,,,,Nigeria,unknown,,,,,,,,,,,,https://www.jobberman.com/listings/executive-assistant-0k87rm,2026-09-05T17:07:32+00:00
36c395bd2cc5cc5e,jobberman,accounting-staff-pg0wz0,Accountant,,,,Nigeria,unknown,,,,,,,,,,,,https://www.jobberman.com/listings/accounting-staff-pg0wz0,2026-09-05T17:07:32+00:00
a55e9b1e043d8a7d,jobberman,accountant-450k6z,Accountant,,,,Nigeria,unknown,,,,,,,,,,,,https://www.jobberman.com/listings/accountant-450k6z,2026-09-05T17:07:32+00:00
f3eadeafc3290333,jobberman,software-consultant-n9745g,Software Consultant,,,,Nigeria,unknown,,,,,,,,,,,Other Tech,https://www.jobberman.com/listings/software-consultant-n9745g,2026-09-05T17:07:32+00:00
d66f4313eb2a7f43,jobberman,secretary-j65eze,Secretary,,,,Nigeria,unknown,,,,,,,,,,,,https://www.jobberman.com/listings/secretary-j65eze,2026-09-05T17:07:32+00:00
a322a949e0280374,jobberman,loan-recovery-officer-er9e2v,Loan Recovery Officer,,,,Nigeria,unknown,,,,,,,,,,,,https://www.jobberman.com/listings/loan-recovery-officer-er9e2v,2026-09-05T17:07:34+00:00
d9940343071f9718,jobberman,head-warehouse-logistics-management-6qrd8n,"Head, Warehouse & Logistics Management",,,,Nigeria,unknown,,,,,,,,,,,,https://www.jobberman.com/listings/head-warehouse-logistics-management-6qrd8n,2026-09-05T17:07:34+00:00
0520bcbcae532d3b,jobberman,assistant-workshop-manager-rrnkwj,Assistant Workshop Manager,,,,Nigeria,unknown,,,,,,,,,,,,https://www.jobberman.com/listings/assistant-workshop-manager-rrnkwj,2026-09-05T17:07:34+00:00
10d50e5925276dc1,jobberman,community-partnerships-engagement-officer-45re0z,Community Partnership & Engagement Officer,,,,Nigeria,unknown,,,,,,,,,,,,https://www.jobberman.com/listings/community-partnerships-engagement-officer-45re0z,2026-09-05T17:07:34+00:00
8d59b79beee7d861,jobberman,country-representative-healthcare-education-mfd-0kn09j,Country Representative,,,,Nigeria,unknown,,,,,,,,,,,,https://www.jobberman.com/listings/country-representative-healthcare-education-mfd-0kn09j,2026-09-05T17:07:34+00:00
616c07d9f3b1a580,jobberman,sales-floor-inventory-assistant-wrg29m,Sales Floor / Inventory Assistant,,,,Nigeria,unknown,,,,,,,,,,,,https://www.jobberman.com/listings/sales-floor-inventory-assistant-wrg29m,2026-09-05T17:07:34+00:00
e37b74d5da4da872,jobberman,executive-assistant-8mkp7z,Executive Assistant,,,,Nigeria,unknown,,,,,,,,,,,,https://www.jobberman.com/listings/executive-assistant-8mkp7z,2026-09-05T17:07:34+00:00
633d01735225ddc7,jobberman,internal-control-audit-executive-m0626m,Internal Control / Audit Executive,,,,Nigeria,unknown,,,,,,,,,,,,https://www.jobberman.com/listings/internal-control-audit-executive-m0626m,2026-09-05T17:07:34+00:00
0a5035410e54524f,jobberman,sales-manager-aftermarket-esp-bag-filter-gmp56r,Sales Manager,,,,Nigeria,unknown,,,,,,,,,,,,https://www.jobberman.com/listings/sales-manager-aftermarket-esp-bag-filter-gmp56r,2026-09-05T17:07:34+00:00
bb9b3fda7967f908,jobberman,hradmin-officer-0knjzd,HR/Admin Officer,,,,Nigeria,unknown,,,,,,,,,,,,https://www.jobberman.com/listings/hradmin-officer-0knjzd,2026-09-05T17:07:34+00:00
e85169fe3995c6e5,jobberman,front-desk-executive-rrnwdg,Front Desk Executive,,,,Nigeria,unknown,,,,,,,,,,,,https://www.jobberman.com/listings/front-desk-executive-rrnwdg,2026-09-05T17:07:34+00:00
aba83ebb31ae78b1,jobberman,electrical-reliability-engineer-m0vq6d,Electrical Reliability Engineer,,,,Nigeria,unknown,,,,,,,,,,,Other Tech,https://www.jobberman.com/listings/electrical-reliability-engineer-m0vq6d,2026-09-05T17:07:34+00:00
cc02a445f38a04fc,jobberman,auto-ac-technician-45029r,AC Technician,,,,Nigeria,unknown,,,,,,,,,,,,https://www.jobberman.com/listings/auto-ac-technician-45029r,2026-09-05T17:07:34+00:00
9d213bfc6d863c04,jobberman,content-editorial-operations-manager-n975dv,Content & Editorial Operations Manager,,,,Nigeria,unknown,,,,,,,,,,,,https://www.jobberman.com/listings/content-editorial-operations-manager-n975dv,2026-09-05T17:07:34+00:00
2184d9e6956825fd,jobberman,maintenance-and-inventory-officer-rrren9,Maintenance and Inventory Officer,,,,Nigeria,unknown,,,,,,,,,,,,https://www.jobberman.com/listings/maintenance-and-inventory-officer-rrren9,2026-09-05T17:07:34+00:00
99dfe1a82856133b,jobberman,head-growth-and-strategy-er9k5x,"Head, Growth and Strategy",,,,Nigeria,unknown,,,,,,,,,,,,https://www.jobberman.com/listings/head-growth-and-strategy-er9k5x,2026-09-05T17:07:38+00:00
b235ba01eb7e4633,jobberman,production-planning-execution-coordinator-9k5nx0,Production Planning & Execution Coordinator,,,,Nigeria,unknown,,,,,,,,,,,,https://www.jobberman.com/listings/production-planning-execution-coordinator-9k5nx0,2026-09-05T17:07:38+00:00
b188b6d282885dbf,jobberman,digital-operations-and-customer-lead-7jjzpn,Digital Operations and Customer Lead,,,,Nigeria,unknown,,,,,,,,,,,,https://www.jobberman.com/listings/digital-operations-and-customer-lead-7jjzpn,2026-09-05T17:07:38+00:00
4eb347cf5a182bd4,jobberman,accountant-6qq9ng,Accountant,,,,Nigeria,unknown,,,,,,,,,,,,https://www.jobberman.com/listings/accountant-6qq9ng,2026-09-05T17:07:38+00:00
bbb68dd151db6d39,jobberman,b2b-account-manager-vdd69m,B2B Account Manager,,,,Nigeria,unknown,,,,,,,,,,,,https://www.jobberman.com/listings/b2b-account-manager-vdd69m,2026-09-05T17:07:38+00:00
d0bc66672c529187,jobberman,merchandiser-x8kpr2,Merchandiser,,,,Nigeria,unknown,,,,,,,,,,,,https://www.jobberman.com/listings/merchandiser-x8kpr2,2026-09-05T17:07:38+00:00
11cba9d70de85fed,jobberman,local-and-continental-chef-k769p5,Chef,,,,Nigeria,unknown,,,,,,,,,,,,https://www.jobberman.com/listings/local-and-continental-chef-k769p5,2026-09-05T17:07:38+00:00
f5abd6cac3c892ab,jobberman,server-shop-assistant-restaurant-45rxd2,Server / Shop Assistant,,,,Nigeria,unknown,,,,,,,,,,,,https://www.jobberman.com/listings/server-shop-assistant-restaurant-45rxd2,2026-09-05T17:07:38+00:00
610474f8dfdca224,jobberman,head-of-call-center-unit-z8rmvk,Head of Call Center Unit,,,,Nigeria,unknown,,,,,,,,,,,,https://www.jobberman.com/listings/head-of-call-center-unit-z8rmvk,2026-09-05T17:07:38+00:00
349b9ce48f546cdd,jobberman,growth-specialist-pgnrmw,Growth Specialist,,,,Nigeria,unknown,,,,,,,,,,,,https://www.jobberman.com/listings/growth-specialist-pgnrmw,2026-09-05T17:07:38+00:00
455ae98606d666a9,jobberman,investment-officer-n90wex,Investment Officer,,,,Nigeria,unknown,,,,,,,,,,,,https://www.jobberman.com/listings/investment-officer-n90wex,2026-09-05T17:07:38+00:00
21b740159dfeae41,jobberman,crane-maintenance-supervisors-wrnk0j,Crane Maintenance Supervisor,,,,Nigeria,unknown,,,,,,,,,,,,https://www.jobberman.com/listings/crane-maintenance-supervisors-wrnk0j,2026-09-05T17:07:38+00:00
9bed85a5bf89ac67,jobberman,digital-business-and-growth-specialist-9krnd7,Digital Business and Growth Specialist,,,,Nigeria,unknown,,,,,,,,,,,,https://www.jobberman.com/listings/digital-business-and-growth-specialist-9krnd7,2026-09-05T17:07:38+00:00
9a9ca1234543fc11,jobberman,sales-assistant-graduate-trainee-agriculture-wrngwj,Sales Assistant,,,,Nigeria,unknown,,,,,,,,,,,,https://www.jobberman.com/listings/sales-assistant-graduate-trainee-agriculture-wrngwj,2026-09-05T17:07:38+00:00
dbb221d29c3bb6ca,jobberman,litigation-clerk-x8wpev,Litigation Clerk,,,,Nigeria,unknown,,,,,,,,,,,,https://www.jobberman.com/listings/litigation-clerk-x8wpev,2026-09-05T17:07:38+00:00
67d96a8288cc6b65,jobberman,digital-sales-and-partnership-supervisor-rr6808,Digital Sales and Partnership Supervisor,,,,Nigeria,unknown,,,,,,,,,,,,https://www.jobberman.com/listings/digital-sales-and-partnership-supervisor-rr6808,2026-09-05T17:07:38+00:00
46bd2d55a0110b7e,jobberman,passenger-relations-officer-erxvej,Passenger Relations Officer,,,,Nigeria,unknown,,,,,,,,,,,,https://www.jobberman.com/listings/passenger-relations-officer-erxvej,2026-09-05T17:07:40+00:00
0e499d7d14def6d3,jobberman,data-entry-and-tracking-officer-8m946x,Data Entry and Tracking Officer,,,,Nigeria,unknown,,,,,,,,,,,Other Tech,https://www.jobberman.com/listings/data-entry-and-tracking-officer-8m946x,2026-09-05T17:07:40+00:00
5957ec47ad520c70,jobberman,relationship-manager-pgjmvx,Relationship Manager,,,,Nigeria,unknown,,,,,,,,,,,,https://www.jobberman.com/listings/relationship-manager-pgjmvx,2026-09-05T17:07:40+00:00
731b48efa246b086,jobberman,collection-officer-456dnm,Collection Officer,,,,Nigeria,unknown,,,,,,,,,,,,https://www.jobberman.com/listings/collection-officer-456dnm,2026-09-05T17:07:40+00:00
0c5e247d90ae11b5,jobberman,admin-officer-0k8qvm,Admin Officer,,,,Nigeria,unknown,,,,,,,,,,,,https://www.jobberman.com/listings/admin-officer-0k8qvm,2026-09-05T17:07:40+00:00
e99a2919605f9433,jobberman,sales-and-marketing-0k8qxd,Sales and Marketing Officer,,,,Nigeria,unknown,,,,,,,,,,,,https://www.jobberman.com/listings/sales-and-marketing-0k8qxd,2026-09-05T17:07:40+00:00
adf6ec02ae886b97,jobberman,operations-officer-vd9jj5,Operations Officer,,,,Nigeria,unknown,,,,,,,,,,,,https://www.jobberman.com/listings/operations-officer-vd9jj5,2026-09-05T17:07:40+00:00
f516c39991ed40d5,jobberman,marketing-officer-9krx96,Marketing Officer,,,,Nigeria,unknown,,,,,,,,,,,,https://www.jobberman.com/listings/marketing-officer-9krx96,2026-09-05T17:07:40+00:00
4b3e098effc9733e,jobberman,finance-officer-z8rpw8,Finance Officer,,,,Nigeria,unknown,,,,,,,,,,,,https://www.jobberman.com/listings/finance-officer-z8rpw8,2026-09-05T17:07:40+00:00
9ab4c849f7eb16ed,jobberman,operations-officer-erp5mk,Operations Officer,,,,Nigeria,unknown,,,,,,,,,,,,https://www.jobberman.com/listings/operations-officer-erp5mk,2026-09-05T17:07:40+00:00
5b68c2e2171dac9a,jobberman,account-officer-wrgddg,Account Officer,,,,Nigeria,unknown,,,,,,,,,,,,https://www.jobberman.com/listings/account-officer-wrgddg,2026-09-05T17:07:44+00:00
4d371594d82fbb85,jobberman,sales-officer-j6p8vw,Sales Officer,,,,Nigeria,unknown,,,,,,,,,,,,https://www.jobberman.com/listings/sales-officer-j6p8vw,2026-09-05T17:07:44+00:00
53abc30f371f8adf,jobberman,credit-officer-vdgqmx,Credit Officer,,,,Nigeria,unknown,,,,,,,,,,,Other Tech,https://www.jobberman.com/listings/credit-officer-vdgqmx,2026-09-05T17:07:44+00:00
e54e9ee53fd96a6c,jobberman,office-assistance-secretary-z8rgzx,Office Assistance / Secretary,,,,Nigeria,unknown,,,,,,,,,,,,https://www.jobberman.com/listings/office-assistance-secretary-z8rgzx,2026-09-05T17:07:44+00:00
c42cd16f5aa8f5b7,jobberman,sales-commercial-pgnvmp,Sales Commercial Officer,,,,Nigeria,unknown,,,,,,,,,,,,https://www.jobberman.com/listings/sales-commercial-pgnvmp,2026-09-05T17:07:44+00:00
61dfd97f18c7e16e,jobberman,business-development-officer-9krzew,Business Development Officer,,,,Nigeria,unknown,,,,,,,,,,,,https://www.jobberman.com/listings/business-development-officer-9krzew,2026-09-05T17:07:44+00:00
101e7ce59834c182,jobberman,client-relations-officer-2k89p8,Client Relations Officer,,,,Nigeria,unknown,,,,,,,,,,,,https://www.jobberman.com/listings/client-relations-officer-2k89p8,2026-09-05T17:07:44+00:00
816480830ced240a,jobberman,business-development-officer-8mkk76,Business Development Officer,,,,Nigeria,unknown,,,,,,,,,,,,https://www.jobberman.com/listings/business-development-officer-8mkk76,2026-09-05T17:07:44+00:00
61896c96c9c0a6c4,jobberman,marketing-and-field-officer-k77dv8,Marketing and Field Officer,,,,Nigeria,unknown,,,,,,,,,,,,https://www.jobberman.com/listings/marketing-and-field-officer-k77dv8,2026-09-05T17:07:44+00:00
f26b0878d3a6f1f7,jobberman,health-records-officer-8mmq24,Health Records Officer,,,,Nigeria,unknown,,,,,,,,,,,,https://www.jobberman.com/listings/health-records-officer-8mmq24,2026-09-05T17:07:44+00:00
7da6a9e34023f23b,jobberman,human-resource-officer-7jjnre,Human Resource Officer,,,,Nigeria,unknown,,,,,,,,,,,,https://www.jobberman.com/listings/human-resource-officer-7jjnre,2026-09-05T17:07:47+00:00
447401e0ad6d16eb,jobberman,account-business-development-officer-5pz6xp,Account & Business Development Officer,,,,Nigeria,unknown,,,,,,,,,,,,https://www.jobberman.com/listings/account-business-development-officer-5pz6xp,2026-09-05T17:07:47+00:00
f021639c3e8983d8,jobberman,hse-dock-operations-officer-pg0r2v,HSE & Dock Operations Officer,,,,Nigeria,unknown,,,,,,,,,,,,https://www.jobberman.com/listings/hse-dock-operations-officer-pg0r2v,2026-09-05T17:07:47+00:00
0d52c84895942ae2,jobberman,legal-adviser-n90qmv,Legal Adviser,,,,Nigeria,unknown,,,,,,,,,,,,https://www.jobberman.com/listings/legal-adviser-n90qmv,2026-09-05T17:07:47+00:00
d16ed7f50b859558,jobberman,kyc-know-your-customer-officer-vd9p02,KYC (Know-Your-Customer) Officer,,,,Nigeria,unknown,,,,,,,,,,,,https://www.jobberman.com/listings/kyc-know-your-customer-officer-vd9p02,2026-09-05T17:07:47+00:00
6b171bca90138c8f,jobberman,office-tools-data-analysis-instructor-d90vxm,Office Tools & Data Analysis Instructor,,,,Nigeria,unknown,,,,,,,,,,,Other Tech,https://www.jobberman.com/listings/office-tools-data-analysis-instructor-d90vxm,2026-09-05T17:07:47+00:00
cd0354d0b08c1700,jobberman,account-and-admin-manager-rrnwdj,Account and Admin Manager,,,,Nigeria,unknown,,,,,,,,,,,,https://www.jobberman.com/listings/account-and-admin-manager-rrnwdj,2026-09-05T17:07:47+00:00
78ae8fa1b7af3a41,jobberman,accountstax-senior-2k886k,Accounts/Tax Senior,,,,Nigeria,unknown,,,,,,,,,,,,https://www.jobberman.com/listings/accountstax-senior-2k886k,2026-09-05T17:07:47+00:00
74169d6e59ea2b9c,jobberman,ticketer-vdk4m2,Ticketer,,,,Nigeria,unknown,,,,,,,,,,,,https://www.jobberman.com/listings/ticketer-vdk4m2,2026-09-05T17:07:47+00:00
0969855956efe800,jobberman,finance-administration-manager-erpqj2,Finance & Administration Manager,,,,Nigeria,unknown,,,,,,,,,,,,https://www.jobberman.com/listings/finance-administration-manager-erpqj2,2026-09-05T17:07:47+00:00
b0f05f214176b4bc,jobberman,project-manager-8mkqen,IT Officer,,,,Nigeria,unknown,,,,,,,,,,,Other Tech,https://www.jobberman.com/listings/project-manager-8mkqen,2026-09-05T17:07:51+00:00
8fbd6bba27f40f59,jobberman,it-officer-rr6e54,IT Officer,,,,Nigeria,unknown,,,,,,,,,,,Other Tech,https://www.jobberman.com/listings/it-officer-rr6e54,2026-09-05T17:07:51+00:00
4cf43d20fe009c63,jobberman,loan-officer-relationship-officer-6qr7kn,Loan Officer / Relationship Officer,,,,Nigeria,unknown,,,,,,,,,,,,https://www.jobberman.com/listings/loan-officer-relationship-officer-6qr7kn,2026-09-05T17:07:51+00:00
ba59ba42f743d29d,jobberman,inventory-officer-rrj8pm,Inventory Officer,,,,Nigeria,unknown,,,,,,,,,,,,https://www.jobberman.com/listings/inventory-officer-rrj8pm,2026-09-05T17:07:51+00:00
d400044fdb19f0af,jobberman,school-accounting-officer-0k97e8,Accounting Officer,,,,Nigeria,unknown,,,,,,,,,,,,https://www.jobberman.com/listings/school-accounting-officer-0k97e8,2026-09-05T17:07:51+00:00
fdf3f3371fd1c6b9,jobberman,purchasing-officer-8m94w0,Procurement Officer,,,,Nigeria,unknown,,,,,,,,,,,,https://www.jobberman.com/listings/purchasing-officer-8m94w0,2026-09-05T17:07:51+00:00
14a52763a8b528d5,jobberman,hse-officer-roving-external-works-and-critical-operations-2kw0q6,HSE Officer,,,,Nigeria,unknown,,,,,,,,,,,,https://www.jobberman.com/listings/hse-officer-roving-external-works-and-critical-operations-2kw0q6,2026-09-05T17:07:51+00:00
3efa7f482e7d5227,jobberman,loan-officer-financial-institution-m0jgwg,Loan Officer,,,,Nigeria,unknown,,,,,,,,,,,,https://www.jobberman.com/listings/loan-officer-financial-institution-m0jgwg,2026-09-05T17:07:51+00:00
124536b4d4a847d4,jobberman,office-assistant-k7x878,Office Assistant,,,,Nigeria,unknown,,,,,,,,,,,,https://www.jobberman.com/listings/office-assistant-k7x878,2026-09-05T17:07:51+00:00
8d76e84ce99c2b70,jobberman,accounts-officer-n9jppe,Accounts Officer,,,,Nigeria,unknown,,,,,,,,,,,,https://www.jobberman.com/listings/accounts-officer-n9jppe,2026-09-05T17:07:51+00:00
808de7af1fee7d20,jobberman,credit-officer-9kn87p,Credit Officer,,,,Nigeria,unknown,,,,,,,,,,,Other Tech,https://www.jobberman.com/listings/credit-officer-9kn87p,2026-09-05T17:07:51+00:00
0ade43330b65ca4a,jobberman,hse-officer-j6xqjg,HSE Officer,,,,Nigeria,unknown,,,,,,,,,,,,https://www.jobberman.com/listings/hse-officer-j6xqjg,2026-09-05T17:07:51+00:00
d3ec2686578cfddd,jobberman,operation-officer-real-estate-administration-z8j40d,Operation Officer,,,,Nigeria,unknown,,,,,,,,,,,,https://www.jobberman.com/listings/operation-officer-real-estate-administration-z8j40d,2026-09-05T17:07:51+00:00
0adb91a594621dfc,jobberman,account-officer-wrkpeg,Account Officer,,,,Nigeria,unknown,,,,,,,,,,,,https://www.jobberman.com/listings/account-officer-wrkpeg,2026-09-05T17:07:51+00:00
2c49ae0559ce6e8d,jobberman,audit-officer-vdkw4p,Audit Officer,,,,Nigeria,unknown,,,,,,,,,,,Other Tech,https://www.jobberman.com/listings/audit-officer-vdkw4p,2026-09-05T17:07:51+00:00
75801d3b608f5253,jobberman,payment-officerbetting-industry-2kw0z6,Payment Officer,,,,Nigeria,unknown,,,,,,,,,,,,https://www.jobberman.com/listings/payment-officerbetting-industry-2kw0z6,2026-09-05T17:07:55+00:00
763c6cffaba8efb9,jobberman,sales-officer-gmdw5k,Sales Officer,,,,Nigeria,unknown,,,,,,,,,,,,https://www.jobberman.com/listings/sales-officer-gmdw5k,2026-09-05T17:07:55+00:00
5140719f7e70fd4a,jobberman,commercial-officer-real-estate-business-development-9knj0j,Commercial Officer,,,,Nigeria,unknown,,,,,,,,,,,,https://www.jobberman.com/listings/commercial-officer-real-estate-business-development-9knj0j,2026-09-05T17:07:55+00:00
823c3c8ff86fac95,jobberman,inventory-officer-rrjvdg,Inventory Officer,,,,Nigeria,unknown,,,,,,,,,,,,https://www.jobberman.com/listings/inventory-officer-rrjvdg,2026-09-05T17:07:55+00:00
4bd88f36eb3e4264,jobberman,cashier-erxq29,Cashier Officer,,,,Nigeria,unknown,,,,,,,,,,,,https://www.jobberman.com/listings/cashier-erxq29,2026-09-05T17:07:55+00:00
deed6f87c1072785,jobberman,admin-officer-0k9wdz,Admin Officer,,,,Nigeria,unknown,,,,,,,,,,,,https://www.jobberman.com/listings/admin-officer-0k9wdz,2026-09-05T17:07:55+00:00
35855fe72f3903e3,jobberman,account-officer-j6xrz4,Account Officer,,,,Nigeria,unknown,,,,,,,,,,,,https://www.jobberman.com/listings/account-officer-j6xrz4,2026-09-05T17:07:55+00:00
df7bdb209e6596ba,jobberman,administrative-officer-0k9w9z,Administrative Officer,,,,Nigeria,unknown,,,,,,,,,,,,https://www.jobberman.com/listings/administrative-officer-0k9w9z,2026-09-05T17:07:55+00:00
df7b40bd25781634,jobberman,hr-officer-gmdgn4,HR Officer,,,,Nigeria,unknown,,,,,,,,,,,,https://www.jobberman.com/listings/hr-officer-gmdgn4,2026-09-05T17:07:55+00:00
dfe2f513b84358f7,jobberman,procurement-officer-2kwrmd,Procurement Officer,,,,Nigeria,unknown,,,,,,,,,,,,https://www.jobberman.com/listings/procurement-officer-2kwrmd,2026-09-05T17:07:55+00:00
3ae3413bcbbaa5b1,jobberman,operation-officer-rrjq98,Operation Officer,,,,Nigeria,unknown,,,,,,,,,,,,https://www.jobberman.com/listings/operation-officer-rrjq98,2026-09-05T17:07:55+00:00
37c033a4dec8f8d8,jobberman,cash-officer-abakaliki-vdkpj8,Cash officer,,,,Nigeria,unknown,,,,,,,,,,,,https://www.jobberman.com/listings/cash-officer-abakaliki-vdkpj8,2026-09-05T17:07:55+00:00
3bede3ae2aa81092,jobberman,ticketing-officer-rrjqe8,Ticketing Officer,,,,Nigeria,unknown,,,,,,,,,,,,https://www.jobberman.com/listings/ticketing-officer-rrjqe8,2026-09-05T17:07:55+00:00
ee9e04d548a9eca9,jobberman,logistics-officer-j6xj98,Logistics Officer,,,,Nigeria,unknown,,,,,,,,,,,,https://www.jobberman.com/listings/logistics-officer-j6xj98,2026-09-05T17:07:55+00:00
48d55c87586b2a5d,jobberman,administrative-officer-x8k6wn,Administrative Officer,,,,Nigeria,unknown,,,,,,,,,,,,https://www.jobberman.com/listings/administrative-officer-x8k6wn,2026-09-05T17:07:55+00:00
448965965c85d43f,jobberman,urgent-hiring-accounts-officer-8m9zkn,Accounts Officer,,,,Nigeria,unknown,,,,,,,,,,,,https://www.jobberman.com/listings/urgent-hiring-accounts-officer-8m9zkn,2026-09-05T17:07:55+00:00
2335a75ff519eb28,jobberman,business-development-manager-gmdgpr,Business Development Manager,,,,Nigeria,unknown,,,,,,,,,,,,https://www.jobberman.com/listings/business-development-manager-gmdgpr,2026-09-05T17:07:59+00:00
dabd8bee52115083,jobberman,general-manger-retailconsumer-banking-uyo-akwa-ibom-state-2k869g,"General Manager, Business Development & Consumer/Retail Banking",,,,Nigeria,unknown,,,,,,,,,,,,https://www.jobberman.com/listings/general-manger-retailconsumer-banking-uyo-akwa-ibom-state-2k869g,2026-09-05T17:07:59+00:00
3f8dc5b6407e5b6c,jobberman,growth-community-executive-n9046g,Growth and Community Executive,,,,Nigeria,unknown,,,,,,,,,,,,https://www.jobberman.com/listings/growth-community-executive-n9046g,2026-09-05T17:07:59+00:00
7538ac27649f7f7d,jobberman,partnership-executive-wrn6k0,Partnership Executive,,,,Nigeria,unknown,,,,,,,,,,,,https://www.jobberman.com/listings/partnership-executive-wrn6k0,2026-09-05T17:07:59+00:00
5bdb4e92c6bd1d5d,jobberman,production-manager-wrk2w0,Production Manager,,,,Nigeria,unknown,,,,,,,,,,,,https://www.jobberman.com/listings/production-manager-wrk2w0,2026-09-05T17:07:59+00:00
947c5e92e5bc6834,jobberman,chef-manager-with-baking-skills-9kn8j5,Chef Manager,,,,Nigeria,unknown,,,,,,,,,,,,https://www.jobberman.com/listings/chef-manager-with-baking-skills-9kn8j5,2026-09-05T17:07:59+00:00
19a52a118ca5f896,jobberman,senior-store-manager-rrjq84,Senior Store Manager,,,,Nigeria,unknown,,,,,,,,,,,,https://www.jobberman.com/listings/senior-store-manager-rrjq84,2026-09-05T17:07:59+00:00
1eef16a1effc34ae,jobberman,operations-supervisor-2kwrvp,Operations Supervisor,,,,Nigeria,unknown,,,,,,,,,,,,https://www.jobberman.com/listings/operations-supervisor-2kwrvp,2026-09-05T17:07:59+00:00
e1e81de9619662a7,jobberman,accountant-x8k6gn,Accountant,,,,Nigeria,unknown,,,,,,,,,,,,https://www.jobberman.com/listings/accountant-x8k6gn,2026-09-05T17:07:59+00:00
2d71b2163009c24f,jobberman,human-resources-manager-n9jdx0,Human Resources Manager,,,,Nigeria,unknown,,,,,,,,,,,,https://www.jobberman.com/listings/human-resources-manager-n9jdx0,2026-09-05T17:07:59+00:00
98ada193450f8948,jobberman,digital-community-marketing-coordinator-456dde,Digital & Community Marketing Coordinator,,,,Nigeria,unknown,,,,,,,,,,,,https://www.jobberman.com/listings/digital-community-marketing-coordinator-456dde,2026-09-05T17:08:03+00:00
9f26fa0d765be362,jobberman,restaurant-manager-erxndk,Restaurant Manager,,,,Nigeria,unknown,,,,,,,,,,,,https://www.jobberman.com/listings/restaurant-manager-erxndk,2026-09-05T17:08:03+00:00
689710fe05beac46,jobberman,sales-coordinator-456j62,Sales Coordinator,,,,Nigeria,unknown,,,,,,,,,,,,https://www.jobberman.com/listings/sales-coordinator-456j62,2026-09-05T17:08:03+00:00
d97efe4fb7f60433,jobberman,shipping-clearance-assistant-5pzwg6,Shipping / Clearance Assistant,,,,Nigeria,unknown,,,,,,,,,,,,https://www.jobberman.com/listings/shipping-clearance-assistant-5pzwg6,2026-09-05T17:08:03+00:00
2f2b13be879ceb15,jobberman,retail-sales-manager-9kn0wn,Retail Sales Manager,,,,Nigeria,unknown,,,,,,,,,,,,https://www.jobberman.com/listings/retail-sales-manager-9kn0wn,2026-09-05T17:08:03+00:00
1cf4b12b728b96dc,jobberman,restaurant-supervisor-assistant-restaurant-manager-0k9pd8,Restaurant Supervisor / Assistant Restaurant Manager,,,,Nigeria,unknown,,,,,,,,,,,,https://www.jobberman.com/listings/restaurant-supervisor-assistant-restaurant-manager-0k9pd8,2026-09-05T17:08:03+00:00
f3168e8c0bb03c32,jobberman,lead-facilitator-video-editor-j6xmz8,Lead Facilitator & Video Editor,,,,Nigeria,unknown,,,,,,,,,,,,https://www.jobberman.com/listings/lead-facilitator-video-editor-j6xmz8,2026-09-05T17:08:03+00:00
13f5092aee22001b,jobberman,business-growth-onboarding-associate-x8wznw,Field Sales & Onboarding Associate,,,,Nigeria,unknown,,,,,,,,,,,,https://www.jobberman.com/listings/business-growth-onboarding-associate-x8wznw,2026-09-05T17:08:03+00:00
6980cc9a6dc9337d,jobberman,branch-manager-z8r7k9,Branch Manager,,,,Nigeria,unknown,,,,,,,,,,,,https://www.jobberman.com/listings/branch-manager-z8r7k9,2026-09-05T17:08:03+00:00
97b434a1332db5fe,jobberman,marketing-sales-expert-pggzpp,Marketing & Sales Expert,,,,Nigeria,unknown,,,,,,,,,,,,https://www.jobberman.com/listings/marketing-sales-expert-pggzpp,2026-09-05T17:08:03+00:00
683f8c4ab02458e6,jobberman,manager-d9ddem,Manager,,,,Nigeria,unknown,,,,,,,,,,,,https://www.jobberman.com/listings/manager-d9ddem,2026-09-05T17:08:03+00:00
ca0b3ad0f6043f9d,jobberman,manager-0knrkx,Manager,,,,Nigeria,unknown,,,,,,,,,,,,https://www.jobberman.com/listings/manager-0knrkx,2026-09-05T17:08:03+00:00
514d2b1013642b72,jobberman,center-manager-6qvded,Center Manager,,,,Nigeria,unknown,,,,,,,,,,,,https://www.jobberman.com/listings/center-manager-6qvded,2026-09-05T17:08:03+00:00
535a3e9f86d39500,jobberman,project-manager-project-lead-project-engineer-2k8m8j,Project Manager,,,,Nigeria,unknown,,,,,,,,,,,,https://www.jobberman.com/listings/project-manager-project-lead-project-engineer-2k8m8j,2026-09-05T17:08:06+00:00
9a054f37b692c637,jobberman,commercial-manager-j6x44w,Commercial Manager,,,,Nigeria,unknown,,,,,,,,,,,,https://www.jobberman.com/listings/commercial-manager-j6x44w,2026-09-05T17:08:06+00:00
ee22e9a79725d7c0,jobberman,sales-manager-8mkj84,Sales Manager,,,,Nigeria,unknown,,,,,,,,,,,,https://www.jobberman.com/listings/sales-manager-8mkj84,2026-09-05T17:08:06+00:00
e04e9f133ae9560d,jobberman,finance-manager-0k86je,Finance Manager,,,,Nigeria,unknown,,,,,,,,,,,,https://www.jobberman.com/listings/finance-manager-0k86je,2026-09-05T17:08:06+00:00
3151565f86b9d8b5,jobberman,production-manager-0k844x,Production Manager,,,,Nigeria,unknown,,,,,,,,,,,,https://www.jobberman.com/listings/production-manager-0k844x,2026-09-05T17:08:06+00:00
bc1b0dbd629568c9,jobberman,technical-manager-m0v9d9,Technical Manager,,,,Nigeria,unknown,,,,,,,,,,,Other Tech,https://www.jobberman.com/listings/technical-manager-m0v9d9,2026-09-05T17:08:06+00:00
49293a2960656bb3,jobberman,operations-manager-45r5xe,Operations Manager,,,,Nigeria,unknown,,,,,,,,,,,,https://www.jobberman.com/listings/operations-manager-45r5xe,2026-09-05T17:08:06+00:00
594518d2336d5ace,jobberman,store-manager-9krje0,Store Manager,,,,Nigeria,unknown,,,,,,,,,,,,https://www.jobberman.com/listings/store-manager-9krje0,2026-09-05T17:08:06+00:00
518b9db699edca55,jobberman,facility-manager-vd9e5v,Facility Manager,,,,Nigeria,unknown,,,,,,,,,,,,https://www.jobberman.com/listings/facility-manager-vd9e5v,2026-09-05T17:08:06+00:00
7720f933fa10dbf2,jobberman,finance-manager-erpnej,Finance Manager,,,,Nigeria,unknown,,,,,,,,,,,,https://www.jobberman.com/listings/finance-manager-erpnej,2026-09-05T17:08:06+00:00
e36bc316a25b439b,jobberman,hr-manager-m0vr9j,HR Manager,,,,Nigeria,unknown,,,,,,,,,,,,https://www.jobberman.com/listings/hr-manager-m0vr9j,2026-09-05T17:08:06+00:00
237d7c3e48eeb523,jobberman,marketing-manager-0knmp6,Marketing Manager,,,,Nigeria,unknown,,,,,,,,,,,,https://www.jobberman.com/listings/marketing-manager-0knmp6,2026-09-05T17:08:06+00:00
572443de7af59484,jobberman,community-manager-gmpv29,Community Manager,,,,Nigeria,unknown,,,,,,,,,,,,https://www.jobberman.com/listings/community-manager-gmpv29,2026-09-05T17:08:06+00:00
3391423c4aa4e3b5,jobberman,content-manager-m06z8r,Content Manager,,,,Nigeria,unknown,,,,,,,,,,,,https://www.jobberman.com/listings/content-manager-m06z8r,2026-09-05T17:08:06+00:00
fb316ff90b96e85e,jobberman,brand-manager-x8g54j,Brand Manager,,,,Nigeria,unknown,,,,,,,,,,,,https://www.jobberman.com/listings/brand-manager-x8g54j,2026-09-05T17:08:06+00:00
6d50adb79fb4447c,jobberman,sales-manager-9k5e40,Sales Manager,,,,Nigeria,unknown,,,,,,,,,,,,https://www.jobberman.com/listings/sales-manager-9k5e40,2026-09-05T17:08:06+00:00
7e4d9250fb6426eb,jobberman,sales-manager-x8gm4q,Sales Manager,,,,Nigeria,unknown,,,,,,,,,,,,https://www.jobberman.com/listings/sales-manager-x8gm4q,2026-09-05T17:08:09+00:00
faa92c1fd5bdd3aa,jobberman,workshop-manager-8mp28p,Workshop Manager,,,,Nigeria,unknown,,,,,,,,,,,,https://www.jobberman.com/listings/workshop-manager-8mp28p,2026-09-05T17:08:09+00:00
9b7f9c879186820d,jobberman,operations-manager-9k5gnj,Operations Manager,,,,Nigeria,unknown,,,,,,,,,,,,https://www.jobberman.com/listings/operations-manager-9k5gnj,2026-09-05T17:08:09+00:00
ba6fc9a3e8ebec3b,jobberman,housekeeping-manager-m064w9,Housekeeping Manager,,,,Nigeria,unknown,,,,,,,,,,,,https://www.jobberman.com/listings/housekeeping-manager-m064w9,2026-09-05T17:08:09+00:00
1f1e306e35a8771d,jobberman,tax-manager-m064q9,Tax Manager,,,,Nigeria,unknown,,,,,,,,,,,,https://www.jobberman.com/listings/tax-manager-m064q9,2026-09-05T17:08:09+00:00
1937910a7da94ae9,jobberman,housekeeping-manager-x8gq5n,Housekeeping Manager,,,,Nigeria,unknown,,,,,,,,,,,,https://www.jobberman.com/listings/housekeeping-manager-x8gq5n,2026-09-05T17:08:09+00:00
d1420a7b7fb0c055,jobberman,sales-manager-gmpdzn,Sales Manager,,,,Nigeria,unknown,,,,,,,,,,,,https://www.jobberman.com/listings/sales-manager-gmpdzn,2026-09-05T17:08:09+00:00
7722ab8bc8bbd1a3,jobberman,bakery-manager-5p9drp,Bakery Manager,,,,Nigeria,unknown,,,,,,,,,,,,https://www.jobberman.com/listings/bakery-manager-5p9drp,2026-09-05T17:08:09+00:00
8328c32cbb975cb2,jobberman,hotel-manager-450n5v,Hotel Manager,,,,Nigeria,unknown,,,,,,,,,,,,https://www.jobberman.com/listings/hotel-manager-450n5v,2026-09-05T17:08:09+00:00
1cb7762365c3efac,jobberman,production-in-charge-pg0wdw,Production Manager,,,,Nigeria,unknown,,,,,,,,,,,,https://www.jobberman.com/listings/production-in-charge-pg0wdw,2026-09-05T17:08:09+00:00
1c545a3612f1ab1f,jobberman,farm-manager-m008qz,Farm Manager,,,,Nigeria,unknown,,,,,,,,,,,,https://www.jobberman.com/listings/farm-manager-m008qz,2026-09-05T17:08:09+00:00
e89cb2a66904dcf6,jobberman,real-estate-sales-manager-k77jxp,Sales Manager,,,,Nigeria,unknown,,,,,,,,,,,,https://www.jobberman.com/listings/real-estate-sales-manager-k77jxp,2026-09-05T17:08:09+00:00
e7f9ec29fc1f35ee,jobberman,senior-business-manager-metering-m0vz92,Senior Business Manager,,,,Nigeria,unknown,,,,,,,,,,,,https://www.jobberman.com/listings/senior-business-manager-metering-m0vz92,2026-09-05T17:08:09+00:00
0f0f6291aedbcf3d,jobberman,regional-sales-manager-7jx25x,Regional Sales Manager,,,,Nigeria,unknown,,,,,,,,,,,,https://www.jobberman.com/listings/regional-sales-manager-7jx25x,2026-09-05T17:08:09+00:00
ff6c9efa174f1f67,jobberman,business-development-manager-8mkrjj,Business Development Manager,,,,Nigeria,unknown,,,,,,,,,,,,https://www.jobberman.com/listings/business-development-manager-8mkrjj,2026-09-05T17:08:09+00:00
9253fa30df600996,jobberman,social-media-manager-0k808x,Social Media Manager,,,,Nigeria,unknown,,,,,,,,,,,,https://www.jobberman.com/listings/social-media-manager-0k808x,2026-09-05T17:08:20+00:00
a76fc8a0b2b0102b,jobberman,deputy-project-manager-assistant-project-cordinator-telecoms-j65qv4,Deputy Project Manager,,,,Nigeria,unknown,,,,,,,,,,,,https://www.jobberman.com/listings/deputy-project-manager-assistant-project-cordinator-telecoms-j65qv4,2026-09-05T17:08:20+00:00
b2f79a6786fc41ab,jobberman,property-inspection-manager-7jxw9z,Property Inspection Manager,,,,Nigeria,unknown,,,,,,,,,,,,https://www.jobberman.com/listings/property-inspection-manager-7jxw9z,2026-09-05T17:08:20+00:00
f227ce884c4aeceb,jobberman,shortlet-property-manager-9krmv7,Shortlet Property Manager,,,,Nigeria,unknown,,,,,,,,,,,,https://www.jobberman.com/listings/shortlet-property-manager-9krmv7,2026-09-05T17:08:20+00:00
13bfb85b985d2d67,jobberman,technical-project-manager-wrnp55,Technical Project Manager,,,,Nigeria,unknown,,,,,,,,,,,Other Tech,https://www.jobberman.com/listings/technical-project-manager-wrnp55,2026-09-05T17:08:20+00:00
cef9f08cd322ad68,jobberman,business-development-manager-6qrk44,Business Development Manager,,,,Nigeria,unknown,,,,,,,,,,,,https://www.jobberman.com/listings/business-development-manager-6qrk44,2026-09-05T17:08:20+00:00
3ca7530b285c7fcf,jobberman,assistant-general-manager-pg0zvp,Assistant General Manager,,,,Nigeria,unknown,,,,,,,,,,,,https://www.jobberman.com/listings/assistant-general-manager-pg0zvp,2026-09-05T17:08:20+00:00
d6e3e3d3201956aa,jobberman,business-development-manager-x8g79n,Business Development Manager,,,,Nigeria,unknown,,,,,,,,,,,,https://www.jobberman.com/listings/business-development-manager-x8g79n,2026-09-05T17:08:20+00:00
1a7dd40c8074896e,jobberman,social-media-manager-8mp8q6,Social Media Manager,,,,Nigeria,unknown,,,,,,,,,,,,https://www.jobberman.com/listings/social-media-manager-8mp8q6,2026-09-05T17:08:20+00:00
cf8bd878456c8598,jobberman,maintenance-technician-electrical-general-rrrg54,Maintenance Technician,,,,Nigeria,unknown,,,,,,,,,,,,https://www.jobberman.com/listings/maintenance-technician-electrical-general-rrrg54,2026-09-05T17:08:25+00:00
bef293d2990c5f7a,jobberman,technician-qzw0mz,Industrial Refrigeration Technician,,,,Nigeria,unknown,,,,,,,,,,,,https://www.jobberman.com/listings/technician-qzw0mz,2026-09-05T17:08:25+00:00
c009c63d2ea7e223,jobberman,elv-technician-d90820,Technician,,,,Nigeria,unknown,,,,,,,,,,,,https://www.jobberman.com/listings/elv-technician-d90820,2026-09-05T17:08:25+00:00
fae4260565d31b5f,jobberman,pharmacy-technician-d92k47,Pharmacy Technician,,,,Nigeria,unknown,,,,,,,,,,,,https://www.jobberman.com/listings/pharmacy-technician-d92k47,2026-09-05T17:08:25+00:00
1bb3cd58d1fff62c,jobberman,in-house-electronic-technician-7j07zz,Electronics Technician,,,,Nigeria,unknown,,,,,,,,,,,,https://www.jobberman.com/listings/in-house-electronic-technician-7j07zz,2026-09-05T17:08:25+00:00
0b2396188dc08644,jobberman,automobile-technician-pdiev-x8k6v8,Automobile Technician,,,,Nigeria,unknown,,,,,,,,,,,,https://www.jobberman.com/listings/automobile-technician-pdiev-x8k6v8,2026-09-05T17:08:25+00:00
05d4ba7b3f69e87a,jobberman,nail-technician-0k92wk,Nail Technician,,,,Nigeria,unknown,,,,,,,,,,,,https://www.jobberman.com/listings/nail-technician-0k92wk,2026-09-05T17:08:25+00:00
e3b32a1104457af4,jobberman,pharmacy-technician-5pzw82,Pharmacy Technician,,,,Nigeria,unknown,,,,,,,,,,,,https://www.jobberman.com/listings/pharmacy-technician-5pzw82,2026-09-05T17:08:25+00:00
1e8e0ef69f5d55d1,jobberman,nail-technician-x8kdwm,Nail Technician,,,,Nigeria,unknown,,,,,,,,,,,,https://www.jobberman.com/listings/nail-technician-x8kdwm,2026-09-05T17:08:25+00:00
060503c27dc642f6,jobberman,pharmacy-assistant-2k8p7k,Pharmacy Technician,,,,Nigeria,unknown,,,,,,,,,,,,https://www.jobberman.com/listings/pharmacy-assistant-2k8p7k,2026-09-05T17:08:25+00:00
c873659cb99b3ed7,jobberman,maintenance-mechanical-8mkj74,Maintenance Technician,,,,Nigeria,unknown,,,,,,,,,,,,https://www.jobberman.com/listings/maintenance-mechanical-8mkj74,2026-09-05T17:08:25+00:00
abb79c6192e719c4,jobberman,elv-technician-45rx29,ELV Technician,,,,Nigeria,unknown,,,,,,,,,,,,https://www.jobberman.com/listings/elv-technician-45rx29,2026-09-05T17:08:25+00:00
64c4f4abfab5f43f,jobberman,electrical-technician-m0vzj6,Electrical Technician,,,,Nigeria,unknown,,,,,,,,,,,,https://www.jobberman.com/listings/electrical-technician-m0vzj6,2026-09-05T17:08:25+00:00
efd07fa12a384b8c,jobberman,pharmacy-technician-z8rm88,Pharmacy Technician,,,,Nigeria,unknown,,,,,,,,,,,,https://www.jobberman.com/listings/pharmacy-technician-z8rm88,2026-09-05T17:08:25+00:00
50c5f270cda9e008,jobberman,maintenance-technician-2k865e,Maintenance Technician,,,,Nigeria,unknown,,,,,,,,,,,,https://www.jobberman.com/listings/maintenance-technician-2k865e,2026-09-05T17:08:29+00:00
e55ed55c92dea096,jobberman,electrical-technician-45r9je,Electrical Technician,,,,Nigeria,unknown,,,,,,,,,,,,https://www.jobberman.com/listings/electrical-technician-45r9je,2026-09-05T17:08:29+00:00
ef3672d57fea8796,jobberman,medical-technician-0k86wk,Medical Technician,,,,Nigeria,unknown,,,,,,,,,,,,https://www.jobberman.com/listings/medical-technician-0k86wk,2026-09-05T17:08:29+00:00
f2b8deefcfd8a594,jobberman,mechanical-technicians-vd9595,Mechanical Technicians,,,,Nigeria,unknown,,,,,,,,,,,,https://www.jobberman.com/listings/mechanical-technicians-vd9595,2026-09-05T17:08:29+00:00
4cf04acc4a73d872,jobberman,valve-technician-psv-gm44xk,Valve Technician,,,,Nigeria,unknown,,,,,,,,,,,,https://www.jobberman.com/listings/valve-technician-psv-gm44xk,2026-09-05T17:08:29+00:00
fb40268220d8f529,jobberman,hvac-technician-qzw96v,HVAC Technician,,,,Nigeria,unknown,,,,,,,,,,,,https://www.jobberman.com/listings/hvac-technician-qzw96v,2026-09-05T17:08:29+00:00
c143b24c5a244b87,jobberman,pharmacy-technician-x8wpz8,Pharmacy Technician,,,,Nigeria,unknown,,,,,,,,,,,,https://www.jobberman.com/listings/pharmacy-technician-x8wpz8,2026-09-05T17:08:29+00:00
992a8b4a53893c11,jobberman,electrical-technician-d9dkz2,Electrical Technician,,,,Nigeria,unknown,,,,,,,,,,,,https://www.jobberman.com/listings/electrical-technician-d9dkz2,2026-09-05T17:08:29+00:00
3f4a3463187dbf64,jobberman,maintenance-technician-m0v5eg,Maintenance Technician,,,,Nigeria,unknown,,,,,,,,,,,,https://www.jobberman.com/listings/maintenance-technician-m0v5eg,2026-09-05T17:08:29+00:00
31acaeebb35ae468,jobberman,pharmacy-technician-pgnp6p,Pharmacy Technician,,,,Nigeria,unknown,,,,,,,,,,,,https://www.jobberman.com/listings/pharmacy-technician-pgnp6p,2026-09-05T17:08:29+00:00
0312c5d867be03fb,jobberman,maintenance-facilities-technician-0knq2z,Facility Technician,,,,Nigeria,unknown,,,,,,,,,,,,https://www.jobberman.com/listings/maintenance-facilities-technician-0knq2z,2026-09-05T17:08:29+00:00
a0885a25ac0ab5df,jobberman,ndt-technician-6qneen,NDT Technician,,,,Nigeria,unknown,,,,,,,,,,,,https://www.jobberman.com/listings/ndt-technician-6qneen,2026-09-05T17:08:29+00:00
20181b1ffc25a37f,jobberman,phone-technician-9k5zjw,Phone Technician,,,,Nigeria,unknown,,,,,,,,,,,,https://www.jobberman.com/listings/phone-technician-9k5zjw,2026-09-05T17:08:29+00:00
ec9da9091b534a4f,jobberman,generator-technician-7jpz9x,Generator Technician,,,,Nigeria,unknown,,,,,,,,,,,,https://www.jobberman.com/listings/generator-technician-7jpz9x,2026-09-05T17:08:29+00:00
9d9cc1b87e64beba,jobberman,electrical-technician-6qnj86,Electrical Technician,,,,Nigeria,unknown,,,,,,,,,,,,https://www.jobberman.com/listings/electrical-technician-6qnj86,2026-09-05T17:08:29+00:00
8ecc5fb22f266393,jobberman,automobile-technician-wrgxqp,Automobile Technician,,,,Nigeria,unknown,,,,,,,,,,,,https://www.jobberman.com/listings/automobile-technician-wrgxqp,2026-09-05T17:08:29+00:00
ebd242a7b0992afb,jobberman,utility-technician-x8g948,Utility Technician,,,,Nigeria,unknown,,,,,,,,,,,,https://www.jobberman.com/listings/utility-technician-x8g948,2026-09-05T17:08:32+00:00
fa838f440c093a18,jobberman,pharmacy-technician-e-health-digital-support-9k5dev,Pharmacy Technician,,,,Nigeria,unknown,,,,,,,,,,,,https://www.jobberman.com/listings/pharmacy-technician-e-health-digital-support-9k5dev,2026-09-05T17:08:32+00:00
84e22b4fbab387a1,jobberman,jobmanfacility-maintenance-technician-d909w2,Maintenance Technician,,,,Nigeria,unknown,,,,,,,,,,,,https://www.jobberman.com/listings/jobmanfacility-maintenance-technician-d909w2,2026-09-05T17:08:32+00:00
a5f8672d621bd32b,jobberman,ink-matcher-ink-technician-8mmezr,Ink Technician,,,,Nigeria,unknown,,,,,,,,,,,,https://www.jobberman.com/listings/ink-matcher-ink-technician-8mmezr,2026-09-05T17:08:32+00:00
ccaf8e8cdee435d3,jobberman,urgent-hiring-it-officer-it-network-technician-wrkznk,IT Officer / IT & Network Technician,,,,Nigeria,unknown,,,,,,,,,,,Other Tech,https://www.jobberman.com/listings/urgent-hiring-it-officer-it-network-technician-wrkznk,2026-09-05T17:08:32+00:00
184ca8aeef354bc6,jobberman,cad-technician-draughtsman-pgjdpq,CAD Technician/ Draughtsman,,,,Nigeria,unknown,,,,,,,,,,,,https://www.jobberman.com/listings/cad-technician-draughtsman-pgjdpq,2026-09-05T17:08:32+00:00
8b85ed2db1b08899,jobberman,lash-extension-technician-vdkmkg,Lash Extension Technician,,,,Nigeria,unknown,,,,,,,,,,,,https://www.jobberman.com/listings/lash-extension-technician-vdkmkg,2026-09-05T17:08:32+00:00
5c5feacbba4eb135,jobberman,instrument-maintenance-technician-i-d9dx82,Instrument Maintenance Technician,,,,Nigeria,unknown,,,,,,,,,,,,https://www.jobberman.com/listings/instrument-maintenance-technician-i-d9dx82,2026-09-05T17:08:32+00:00
90b5445135d142fa,jobberman,heavy-duty-mechanical-field-technician-j65ve6,Mechanical Field Technician,,,,Nigeria,unknown,,,,,,,,,,,,https://www.jobberman.com/listings/heavy-duty-mechanical-field-technician-j65ve6,2026-09-05T17:08:32+00:00
ef47d0ae64bdf4e3,jobberman,fiber-optics-technician-gm46d2,Fiber Optics Technician,,,,Nigeria,unknown,,,,,,,,,,,,https://www.jobberman.com/listings/fiber-optics-technician-gm46d2,2026-09-05T17:08:32+00:00
97e3368e6360079c,jobberman,electrical-and-maintenance-technician-qzwrqk,Electrical and Maintenance Technician,,,,Nigeria,unknown,,,,,,,,,,,,https://www.jobberman.com/listings/electrical-and-maintenance-technician-qzwrqk,2026-09-05T17:08:32+00:00
d9e1fb355ac75f47,jobberman,electrical-electronics-technician-7jxrxm,Electrical & Electronics Technician,,,,Nigeria,unknown,,,,,,,,,,,,https://www.jobberman.com/listings/electrical-electronics-technician-7jxrxm,2026-09-05T17:08:32+00:00
8d4ac26b11d915af,jobberman,medical-laboratory-technician-7jx5dd,Medical Laboratory Technician,,,,Nigeria,unknown,,,,,,,,,,,,https://www.jobberman.com/listings/medical-laboratory-technician-7jx5dd,2026-09-05T17:08:32+00:00
a8f96472a71b9fa5,jobberman,field-solar-installationelectrical-installation-technicians-x8w6wv,Electrical Installation Technician,,,,Nigeria,unknown,,,,,,,,,,,,https://www.jobberman.com/listings/field-solar-installationelectrical-installation-technicians-x8w6wv,2026-09-05T17:08:32+00:00
8aa76afd19c18127,jobberman,medical-laboratory-technician-5p9mwn,Medical Laboratory Technician,,,,Nigeria,unknown,,,,,,,,,,,,https://www.jobberman.com/listings/medical-laboratory-technician-5p9mwn,2026-09-05T17:08:32+00:00
8bca1d6bcdc60a89,jobberman,machine-repair-technician-z8z0mq,Machine Repair Technician,,,,Nigeria,unknown,,,,,,,,,,,,https://www.jobberman.com/listings/machine-repair-technician-z8z0mq,2026-09-05T17:08:32+00:00
7216f6a7636311e3,jobberman,mechanical-engineerstechnicians-7jp4m5,Mechanical Engineering Technicians,,,,Nigeria,unknown,,,,,,,,,,,Other Tech,https://www.jobberman.com/listings/mechanical-engineerstechnicians-7jp4m5,2026-09-05T17:08:35+00:00
04f442f4f528f60c,jobberman,electrical-engineerstechnicians-vdgvqw,Electrical Engineering Technicians,,,,Nigeria,unknown,,,,,,,,,,,Other Tech,https://www.jobberman.com/listings/electrical-engineerstechnicians-vdgvqw,2026-09-05T17:08:35+00:00
352ce3ef179a8bcd,jobberman,air-conditioning-technician-hvac-technician-9k56dn,Air Conditioning Technician,,,,Nigeria,unknown,,,,,,,,,,,,https://www.jobberman.com/listings/air-conditioning-technician-hvac-technician-9k56dn,2026-09-05T17:08:35+00:00
16ed091ea734bb06,jobberman,nail-technician-spa-attendant-0k846x,Nail Technician / Spa Attendant,,,,Nigeria,unknown,,,,,,,,,,,,https://www.jobberman.com/listings/nail-technician-spa-attendant-0k846x,2026-09-05T17:08:35+00:00
0d45abb3626b476a,jobberman,techinician-phone-repair-pgngx0,Techinician,,,,Nigeria,unknown,,,,,,,,,,,,https://www.jobberman.com/listings/techinician-phone-repair-pgngx0,2026-09-05T17:08:35+00:00
56322edc2bf54c78,jobberman,heavy-duty-electrical-field-technician-5pr70g,Heavy-Duty Electrical Field Technician,,,,Nigeria,unknown,,,,,,,,,,,,https://www.jobberman.com/listings/heavy-duty-electrical-field-technician-5pr70g,2026-09-05T17:08:35+00:00
e7d3b444526bd9b5,jobberman,inverter-solar-installer-technicianengineer-wrnndg,Inverter Solar Installer Technician/Engineer,,,,Nigeria,unknown,,,,,,,,,,,Other Tech,https://www.jobberman.com/listings/inverter-solar-installer-technicianengineer-wrnndg,2026-09-05T17:08:35+00:00
6065a5d9fcfd353a,jobberman,quality-control-analyst-m0vjqw,Quality Control Analyst,,,,Nigeria,unknown,,,,,,,,,,,,https://www.jobberman.com/listings/quality-control-analyst-m0vjqw,2026-09-05T17:08:35+00:00
035c5ed14693065a,jobberman,plantprocess-operator-ii-6qne0p,Plant/Process Operator,,,,Nigeria,unknown,,,,,,,,,,,,https://www.jobberman.com/listings/plantprocess-operator-ii-6qne0p,2026-09-05T17:08:35+00:00
7e041c9f4f07b2cb,jobberman,service-manager-rr6xwj,Service Manager,,,,Nigeria,unknown,,,,,,,,,,,,https://www.jobberman.com/listings/service-manager-rr6xwj,2026-09-05T17:08:35+00:00
b8bede2c114bd34e,jobberman,workshop-manager-6qv7mj,Workshop Manager,,,,Nigeria,unknown,,,,,,,,,,,,https://www.jobberman.com/listings/workshop-manager-6qv7mj,2026-09-05T17:08:35+00:00
457580973abdfa3e,jobberman,administrative-officer-x8wxr2,Administrative Officer,,,,Nigeria,unknown,,,,,,,,,,,,https://www.jobberman.com/listings/administrative-officer-x8wxr2,2026-09-05T17:08:35+00:00
e2f1c31a6708e474,jobberman,workshop-manager-0k8nd8,Workshop Manager,,,,Nigeria,unknown,,,,,,,,,,,,https://www.jobberman.com/listings/workshop-manager-0k8nd8,2026-09-05T17:08:35+00:00
01be4c33ac441e5d,jobberman,automotive-service-writer-456d0m,Automotive Service Writer,,,,Nigeria,unknown,,,,,,,,,,,,https://www.jobberman.com/listings/automotive-service-writer-456d0m,2026-09-05T17:08:35+00:00
4920eea32a76984e,jobberman,workshop-supervisor-z8rjqq,Workshop Supervisor,,,,Nigeria,unknown,,,,,,,,,,,,https://www.jobberman.com/listings/workshop-supervisor-z8rjqq,2026-09-05T17:08:35+00:00
39249830e23c89ee,jobberman,quality-control-laboratory-qc-rr6689,Quality Control & Laboratory (QC),,,,Nigeria,unknown,,,,,,,,,,,,https://www.jobberman.com/listings/quality-control-laboratory-qc-rr6689,2026-09-05T17:08:35+00:00
801765b338423d4b,jobberman,quality-control-laboratory-qc-45rrnv,Quality Control & Laboratory Officer,,,,Nigeria,unknown,,,,,,,,,,,,https://www.jobberman.com/listings/quality-control-laboratory-qc-45rrnv,2026-09-05T17:08:39+00:00
e4d9f58ee3183fd1,jobberman,facility-manager-associate-intern-vd9r4w,Facility Manager Associate,,,,Nigeria,unknown,,,,,,,,,,,,https://www.jobberman.com/listings/facility-manager-associate-intern-vd9r4w,2026-09-05T17:08:39+00:00
ee7fd7b1177f4400,jobberman,automotive-fleet-technician-8mk6wp-v1,Automotive Fleet Technician,,,,Nigeria,unknown,,,,,,,,,,,,https://www.jobberman.com/listings/automotive-fleet-technician-8mk6wp-v1,2026-09-05T17:08:39+00:00
69da791cc515de05,jobberman,medical-laboratory-technician-at-eha-clinics-x8w9z4-v1,Medical Laboratory Technician at EHA Clinics,,,,Nigeria,unknown,,,,,,,,,,,,https://www.jobberman.com/listings/medical-laboratory-technician-at-eha-clinics-x8w9z4-v1,2026-09-05T17:08:39+00:00
f2b11f0f9104d6a0,jobberman,fleet-officer-6qrvk4-v2,Fleet Officer,,,,Nigeria,unknown,,,,,,,,,,,,https://www.jobberman.com/listings/fleet-officer-6qrvk4-v2,2026-09-05T17:08:39+00:00
4874e93dd0f4deb5,jobberman,soc-analyst-erp0nx,Soc Analyst,,,,Nigeria,unknown,,,,,,,,,,,,https://www.jobberman.com/listings/soc-analyst-erp0nx,2026-09-05T17:08:41+00:00
8781fbca5be10ae3,jobberman,information-system-engineer-2kwq82,Information System Engineer,,,,Nigeria,unknown,,,,,,,,,,,Other Tech,https://www.jobberman.com/listings/information-system-engineer-2kwq82,2026-09-05T17:09:00+00:00
41df080ea9864ba5,jobberman,product-manager-vd9njv,Product Manager,,,,Nigeria,unknown,,,,,,,,,,,Product & Design,https://www.jobberman.com/listings/product-manager-vd9njv,2026-09-05T17:09:00+00:00
5ae4ed58e1d6abe5,jobberman,pre-sales-engineer-7jx9kj,Pre-Sales Engineer,,,,Nigeria,unknown,,,,,,,,,,,Other Tech,https://www.jobberman.com/listings/pre-sales-engineer-7jx9kj,2026-09-05T17:09:00+00:00
3a0bb3d56d3efffd,jobberman,2-mechanical-engineer-automated-door-manufacturing-n978z0,Mechanical Engineer,,,,Nigeria,unknown,,,,,,,,,,,Other Tech,https://www.jobberman.com/listings/2-mechanical-engineer-automated-door-manufacturing-n978z0,2026-09-05T17:09:00+00:00
262d7d7016b983db,jobberman,admin-officer-9k596p,Administrative Officer,,,,Nigeria,unknown,,,,,,,,,,,,https://www.jobberman.com/listings/admin-officer-9k596p,2026-09-05T17:09:14+00:00
458c0d5d778435c8,jobberman,hr-officer-at-elizabeth-maddeux-limited-d9dpk2,HR Officer at Elizabeth Maddeux Limited,,,,Nigeria,unknown,,,,,,,,,,,Other Tech,https://www.jobberman.com/listings/hr-officer-at-elizabeth-maddeux-limited-d9dpk2,2026-09-05T17:09:14+00:00
65cda10d5b2e84d1,jobberman,ai-solutions-architect-m06en2,AI Solutions Architect,,,,Nigeria,unknown,,,,,,,,,,,Data & AI,https://www.jobberman.com/listings/ai-solutions-architect-m06en2,2026-09-05T17:09:28+00:00
0a8f99f1083a75be,jobberman,architect-k7pk8w,Architect,,,,Nigeria,unknown,,,,,,,,,,,,https://www.jobberman.com/listings/architect-k7pk8w,2026-09-05T17:09:28+00:00
7e116c8f2400ff71,jobberman,experience-architect-erpqz2,Architect,,,,Nigeria,unknown,,,,,,,,,,,,https://www.jobberman.com/listings/experience-architect-erpqz2,2026-09-05T17:09:28+00:00
2e7c7e356368c5b9,jobberman,business-development-and-partnerships-executive-5p98x7-v2,BUSINESS DEVELOPMENT AND PARTNERSHIPS EXECUTIVE,,,,Nigeria,unknown,,,,,,,,,,,,https://www.jobberman.com/listings/business-development-and-partnerships-executive-5p98x7-v2,2026-09-05T17:09:28+00:00
73ce284081b17344,jobberman,qaqc-engineer-0k887z,QA/QC Engineer,,,,Nigeria,unknown,,,,,,,,,,,Other Tech,https://www.jobberman.com/listings/qaqc-engineer-0k887z,2026-09-05T17:09:39+00:00
a104488c68e6d85f,jobberman,qaqc-civil-engineer-z8rjeq,QA/QC Civil Engineer,,,,Nigeria,unknown,,,,,,,,,,,Other Tech,https://www.jobberman.com/listings/qaqc-civil-engineer-z8rjeq,2026-09-05T17:09:39+00:00
79546025c46735a0,jobberman,quality-assurancequality-control-8mpe6r,Quality Assurance/Quality Control,,,,Nigeria,unknown,,,,,,,,,,,QA & Testing,https://www.jobberman.com/listings/quality-assurancequality-control-8mpe6r,2026-09-05T17:09:39+00:00
13311f940e2daa47,jobberman,field-support-engineer-mech-vdg2v5,Field Support Engineer,,,,Nigeria,unknown,,,,,,,,,,,Other Tech,https://www.jobberman.com/listings/field-support-engineer-mech-vdg2v5,2026-09-05T17:09:39+00:00
a4b1978cb273c4b4,jobberman,senior-quality-assurance-engineer-7jpgnq,Senior Quality Assurance Engineer,,,,Nigeria,unknown,,,,,,,,,,,QA & Testing,https://www.jobberman.com/listings/senior-quality-assurance-engineer-7jpgnq,2026-09-05T17:09:39+00:00
0ccb27953ba7f7d9,jobberman,quality-assurance-analyst-6qn92n,Quality Assurance Analyst,,,,Nigeria,unknown,,,,,,,,,,,QA & Testing,https://www.jobberman.com/listings/quality-assurance-analyst-6qn92n,2026-09-05T17:09:51+00:00
a659c1d0492ffd99,jobberman,hardware-engineer-0k9p98,Hardware Engineer,,,,Nigeria,unknown,,,,,,,,,,,Other Tech,https://www.jobberman.com/listings/hardware-engineer-0k9p98,2026-09-05T17:10:02+00:00
3b282834bbd4dc53,jobberman,fibre-optic-engineer-6qrwk6,Fibre Optic Engineer,,,,Nigeria,unknown,,,,,,,,,,,Other Tech,https://www.jobberman.com/listings/fibre-optic-engineer-6qrwk6,2026-09-05T17:10:02+00:00
b3006ba026ae4260,jobberman,electrical-engineer-renewable-energy-wrg5q5,Electrical Engineer,,,,Nigeria,unknown,,,,,,,,,,,Other Tech,https://www.jobberman.com/listings/electrical-engineer-renewable-energy-wrg5q5,2026-09-05T17:10:02+00:00
45f3071e0130b608,jobberman,hvac-engineer-gm4rx4,HVAC Engineer,,,,Nigeria,unknown,,,,,,,,,,,Other Tech,https://www.jobberman.com/listings/hvac-engineer-gm4rx4,2026-09-05T17:10:02+00:00
4e2e4794f5965f2f,jobberman,electrical-engineer-5pr85e,Electrical Engineer,,,,Nigeria,unknown,,,,,,,,,,,Other Tech,https://www.jobberman.com/listings/electrical-engineer-5pr85e,2026-09-05T17:10:02+00:00
091029746ffe8329,jobberman,electrical-enginneer-8mkge6,Electrical Enginneer,,,,Nigeria,unknown,,,,,,,,,,,,https://www.jobberman.com/listings/electrical-enginneer-8mkge6,2026-09-05T17:10:02+00:00
d6ce022db382d7aa,jobberman,electrical-engineer-d905q0,Electrical Engineer,,,,Nigeria,unknown,,,,,,,,,,,Other Tech,https://www.jobberman.com/listings/electrical-engineer-d905q0,2026-09-05T17:10:02+00:00
29f416ea23ee8a87,jobberman,electrical-engineer-k7pdz5,Electrical Engineer,,,,Nigeria,unknown,,,,,,,,,,,Other Tech,https://www.jobberman.com/listings/electrical-engineer-k7pdz5,2026-09-05T17:10:02+00:00
d302fac01352b1b3,jobberman,electrical-engineer-er9786,Electrical Engineer,,,,Nigeria,unknown,,,,,,,,,,,Other Tech,https://www.jobberman.com/listings/electrical-engineer-er9786,2026-09-05T17:10:02+00:00
1acc763f7215d073,jobberman,quality-assurance-engineer-n9767v,Quality Assurance Engineer,,,,Nigeria,unknown,,,,,,,,,,,QA & Testing,https://www.jobberman.com/listings/quality-assurance-engineer-n9767v,2026-09-05T17:10:02+00:00
fb8496ab9169fd8e,jobberman,electrical-engineer-8mp7v6,Electrical Engineer,,,,Nigeria,unknown,,,,,,,,,,,Other Tech,https://www.jobberman.com/listings/electrical-engineer-8mp7v6,2026-09-05T17:10:02+00:00
ecd954a1dec5ab83,jobberman,uiux-designer-rr6w84-v1,UI/UX Designer,,,,Nigeria,unknown,,,,,,,,,,,Product & Design,https://www.jobberman.com/listings/uiux-designer-rr6w84-v1,2026-09-05T17:10:05+00:00
c262123602b1d78f,jobberman,production-coordinator-export-branding-gmpd78,"Production Coordinator, Export & Branding",,,,Nigeria,unknown,,,,,,,,,,,,https://www.jobberman.com/listings/production-coordinator-export-branding-gmpd78,2026-09-05T17:10:16+00:00
d978031d264b45ab,jobberman,production-supervisor-injection-moulding-blow-moulding-5p9zqn,"Production Supervisor, Injection Moulding / Blow Moulding",,,,Nigeria,unknown,,,,,,,,,,,,https://www.jobberman.com/listings/production-supervisor-injection-moulding-blow-moulding-5p9zqn,2026-09-05T17:10:16+00:00
b14ad04294ae811a,jobberman,business-development-executive-vdg0j5,Business Development Executive,,,,Nigeria,unknown,,,,,,,,,,,,https://www.jobberman.com/listings/business-development-executive-vdg0j5,2026-09-05T17:10:16+00:00
3ec3dd1c9a9d4f54,jobberman,full-stack-product-engineer-gm4xq4,Full-Stack Product Engineer,,,,Nigeria,unknown,,,,,,,,,,,Other Tech,https://www.jobberman.com/listings/full-stack-product-engineer-gm4xq4,2026-09-05T17:10:16+00:00
ee85c993f7c317e1,jobberman,ux-specialist-5p908x,UX Specialist,,,,Nigeria,unknown,,,,,,,,,,,Other Tech,https://www.jobberman.com/listings/ux-specialist-5p908x,2026-09-05T17:10:19+00:00
da2bc07b2bcaed5e,jobberman,client-engagement-conversion-specialist-0k8xn8,Client Engagement & Conversion Specialist,,,,Nigeria,unknown,,,,,,,,,,,,https://www.jobberman.com/listings/client-engagement-conversion-specialist-0k8xn8,2026-09-05T17:10:19+00:00
c129260d49684043,jobberman,product-manager-m0jg59,Product Manager,,,,Nigeria,unknown,,,,,,,,,,,Product & Design,https://www.jobberman.com/listings/product-manager-m0jg59,2026-09-05T17:10:19+00:00
25ed3b89eaf510b2,jobberman,assembly-plant-production-manager-k7x8mn,Production Manager,,,,Nigeria,unknown,,,,,,,,,,,,https://www.jobberman.com/listings/assembly-plant-production-manager-k7x8mn,2026-09-05T17:10:19+00:00
a2da9123c2a6af3b,jobberman,production-manager-x8k2x0,Production Manager,,,,Nigeria,unknown,,,,,,,,,,,,https://www.jobberman.com/listings/production-manager-x8k2x0,2026-09-05T17:10:19+00:00
84e1c2ac19da3ef7,jobberman,production-manager-0k9248,Production Manager,,,,Nigeria,unknown,,,,,,,,,,,,https://www.jobberman.com/listings/production-manager-0k9248,2026-09-05T17:10:19+00:00
eba6f96e57655758,jobberman,production-manager-erxn46,Production Manager,,,,Nigeria,unknown,,,,,,,,,,,,https://www.jobberman.com/listings/production-manager-erxn46,2026-09-05T17:10:19+00:00
982b1e7d769b2163,jobberman,production-manager-z8j446,Production Manager,,,,Nigeria,unknown,,,,,,,,,,,,https://www.jobberman.com/listings/production-manager-z8j446,2026-09-05T17:10:19+00:00
64f69fa195801760,jobberman,productionkitchen-manager-7jxkmx,Production Manager,,,,Nigeria,unknown,,,,,,,,,,,,https://www.jobberman.com/listings/productionkitchen-manager-7jxkmx,2026-09-05T17:10:19+00:00
47c2288e3a538044,jobberman,product-manager-45rk59,Product Manager,,,,Nigeria,unknown,,,,,,,,,,,Product & Design,https://www.jobberman.com/listings/product-manager-45rk59,2026-09-05T17:10:23+00:00
c104f2be833f70c3,jobberman,production-manager-gm4jdk,Production Manager,,,,Nigeria,unknown,,,,,,,,,,,,https://www.jobberman.com/listings/production-manager-gm4jdk,2026-09-05T17:10:23+00:00
207571cb6eb5cbc0,jobberman,product-manager-8mknqx,Product Manager,,,,Nigeria,unknown,,,,,,,,,,,Product & Design,https://www.jobberman.com/listings/product-manager-8mknqx,2026-09-05T17:10:23+00:00
861c00b65187397c,jobberman,product-manager-d9d0r5,Product Manager,,,,Nigeria,unknown,,,,,,,,,,,Product & Design,https://www.jobberman.com/listings/product-manager-d9d0r5,2026-09-05T17:10:23+00:00
c67747a0b3cbb65f,jobberman,production-manager-fashion-house-5pr4np,Production Manager,,,,Nigeria,unknown,,,,,,,,,,,,https://www.jobberman.com/listings/production-manager-fashion-house-5pr4np,2026-09-05T17:10:23+00:00
4ba5147d05e9f290,jobberman,product-manager-0k825m,Product Manager,,,,Nigeria,unknown,,,,,,,,,,,Product & Design,https://www.jobberman.com/listings/product-manager-0k825m,2026-09-05T17:10:23+00:00
f15fea332fbdf346,jobberman,product-manager-n90g8m,Product Manager,,,,Nigeria,unknown,,,,,,,,,,,Product & Design,https://www.jobberman.com/listings/product-manager-n90g8m,2026-09-05T17:10:23+00:00
7551510dea21b779,jobberman,female-fashion-production-manager-can-sew-wrnmgz,Production Manager,,,,Nigeria,unknown,,,,,,,,,,,,https://www.jobberman.com/listings/female-fashion-production-manager-can-sew-wrnmgz,2026-09-05T17:10:23+00:00
37d709b8b381758f,jobberman,print-production-manager-wrgdez,Production Manager,,,,Nigeria,unknown,,,,,,,,,,,,https://www.jobberman.com/listings/print-production-manager-wrgdez,2026-09-05T17:10:23+00:00
cf5801b9e84a3c0f,jobberman,production-manager-rrnxx4,Production Manager,,,,Nigeria,unknown,,,,,,,,,,,,https://www.jobberman.com/listings/production-manager-rrnxx4,2026-09-05T17:10:23+00:00
3233b8a53415053a,jobberman,production-manager-furniture-wrg5jj,Production Manager,,,,Nigeria,unknown,,,,,,,,,,,,https://www.jobberman.com/listings/production-manager-furniture-wrg5jj,2026-09-05T17:10:23+00:00
3292eb54855d7e25,jobberman,shift-production-manager-m0vdxg,Shift Production Manager,,,,Nigeria,unknown,,,,,,,,,,,,https://www.jobberman.com/listings/shift-production-manager-m0vdxg,2026-09-05T17:10:23+00:00
102607c3f3eca99e,jobberman,product-marketing-manager-6qrd4n,Product Marketing Manager,,,,Nigeria,unknown,,,,,,,,,,,,https://www.jobberman.com/listings/product-marketing-manager-6qrd4n,2026-09-05T17:10:23+00:00
a379deebde5e8e49,jobberman,print-production-manager-z8rd56,Print Production Manager,,,,Nigeria,unknown,,,,,,,,,,,,https://www.jobberman.com/listings/print-production-manager-z8rd56,2026-09-05T17:10:23+00:00
38cda740246b9816,jobberman,product-marketing-manager-m0vr7z,Product Marketing Manager,,,,Nigeria,unknown,,,,,,,,,,,,https://www.jobberman.com/listings/product-marketing-manager-m0vr7z,2026-09-05T17:10:23+00:00
dbae48a443ef9a74,jobberman,fintech-productapp-manager-with-bank-or-fintech-experience-8mkv70,Product/App Manager,,,,Nigeria,unknown,,,,,,,,,,,,https://www.jobberman.com/listings/fintech-productapp-manager-with-bank-or-fintech-experience-8mkv70,2026-09-05T17:10:23+00:00
0f0abdd1ca8014c0,jobberman,growth-product-manager-er90ev,Growth Product Manager,,,,Nigeria,unknown,,,,,,,,,,,Product & Design,https://www.jobberman.com/listings/growth-product-manager-er90ev,2026-09-05T17:10:26+00:00
f524d5de05ff126d,jobberman,technical-production-manager-k7pv9w,Technical Production Manager,,,,Nigeria,unknown,,,,,,,,,,,Other Tech,https://www.jobberman.com/listings/technical-production-manager-k7pv9w,2026-09-05T17:10:26+00:00
ccbca4bb77c743ef,jobberman,operational-manager-production-manager-0k890j,Operations Manager,,,,Nigeria,unknown,,,,,,,,,,,,https://www.jobberman.com/listings/operational-manager-production-manager-0k890j,2026-09-05T17:10:26+00:00
bdee977bb74ec78d,jobberman,retail-manager-wrn4g5,Retail Manager,,,,Nigeria,unknown,,,,,,,,,,,,https://www.jobberman.com/listings/retail-manager-wrn4g5,2026-09-05T17:10:26+00:00
c6014df00766552c,jobberman,hr-manager-pgnz20,Hr manager,,,,Nigeria,unknown,,,,,,,,,,,,https://www.jobberman.com/listings/hr-manager-pgnz20,2026-09-05T17:10:26+00:00
47179680112b907c,jobberman,product-owner-z8r4e9,Product Owner,,,,Nigeria,unknown,,,,,,,,,,,Product & Design,https://www.jobberman.com/listings/product-owner-z8r4e9,2026-09-05T17:10:26+00:00
aef6c20a99a81533,jobberman,product-sales-officer-n90prk,Product Sales Officer,,,,Nigeria,unknown,,,,,,,,,,,,https://www.jobberman.com/listings/product-sales-officer-n90prk,2026-09-05T17:10:26+00:00
988fa692bd4a360c,jobberman,fmcg-production-supervisor-z8r00x,Production Supervisor,,,,Nigeria,unknown,,,,,,,,,,,,https://www.jobberman.com/listings/fmcg-production-supervisor-z8r00x,2026-09-05T17:10:26+00:00
c695c5f702b8ebe1,jobberman,depot-sales-manager-0k86qd,Depot Sales Manager,,,,Nigeria,unknown,,,,,,,,,,,,https://www.jobberman.com/listings/depot-sales-manager-0k86qd,2026-09-05T17:10:26+00:00
11c3762067a24106,jobberman,junior-studio-manager-2kwrke,Studio Manager,,,,Nigeria,unknown,,,,,,,,,,,,https://www.jobberman.com/listings/junior-studio-manager-2kwrke,2026-09-05T17:10:26+00:00
3445bbe9154be932,jobberman,van-sales-representative-5pz6wn,Sales Representative,,,,Nigeria,unknown,,,,,,,,,,,,https://www.jobberman.com/listings/van-sales-representative-5pz6wn,2026-09-05T17:10:26+00:00
8cb992f687da5f84,jobberman,monogram-operator-k7624p,Monogram Operator,,,,Nigeria,unknown,,,,,,,,,,,,https://www.jobberman.com/listings/monogram-operator-k7624p,2026-09-05T17:10:26+00:00
e2bbb8e1bf591cce,jobberman,marketing-officer-6qr0e6,Marketing Officer,,,,Nigeria,unknown,,,,,,,,,,,,https://www.jobberman.com/listings/marketing-officer-6qr0e6,2026-09-05T17:10:26+00:00
117c31f9c2a1a477,jobberman,senior-factory-operations-manager-vdg7mw,Senior Factory Operations Manager,,,,Nigeria,unknown,,,,,,,,,,,,https://www.jobberman.com/listings/senior-factory-operations-manager-vdg7mw,2026-09-05T17:10:30+00:00
484b34af17223e18,jobberman,e-commerce-manager-rr6gwn,E Commerce Manager,,,,Nigeria,unknown,,,,,,,,,,,,https://www.jobberman.com/listings/e-commerce-manager-rr6gwn,2026-09-05T17:10:30+00:00
8ec93c74ee893a0a,jobberman,we-are-hiring-project-manager-scrum-master-8mkq7j,Project Manager/ Scrum Master,,,,Nigeria,unknown,,,,,,,,,,,Other Tech,https://www.jobberman.com/listings/we-are-hiring-project-manager-scrum-master-8mkq7j,2026-09-05T17:10:30+00:00
b449aecaaf292573,jobberman,inventory-officer-vdg772,Inventory officer,,,,Nigeria,unknown,,,,,,,,,,,,https://www.jobberman.com/listings/inventory-officer-vdg772,2026-09-05T17:10:30+00:00
81c16d96e5c0e39f,jobberman,on-trade-manger-m0vxrm,On Trade Manager,,,,Nigeria,unknown,,,,,,,,,,,,https://www.jobberman.com/listings/on-trade-manger-m0vxrm,2026-09-05T17:10:30+00:00
8aa6370d19364301,jobberman,merchandiser-6qngxp,Merchandiser,,,,Nigeria,unknown,,,,,,,,,,,,https://www.jobberman.com/listings/merchandiser-6qngxp,2026-09-05T17:10:30+00:00
2f0146aaa0cbbc13,jobberman,supply-chain-procurement-officer-n97z5k,Procurement Officer,,,,Nigeria,unknown,,,,,,,,,,,,https://www.jobberman.com/listings/supply-chain-procurement-officer-n97z5k,2026-09-05T17:10:30+00:00
d697c2cdbd342ed7,jobberman,production-operations-manager-luxury-fashion-n97vpz,Operations Manager,,,,Nigeria,unknown,,,,,,,,,,,,https://www.jobberman.com/listings/production-operations-manager-luxury-fashion-n97vpz,2026-09-05T17:10:30+00:00
018c5490d717cf77,jobberman,merchandiser-z8znn8,Merchandiser,,,,Nigeria,unknown,,,,,,,,,,,,https://www.jobberman.com/listings/merchandiser-z8znn8,2026-09-05T17:10:30+00:00
c22f0ce2e1a0f396,jobberman,brand-activation-manager-erxnjx,Brand Activation Manager,,,,Nigeria,unknown,,,,,,,,,,,,https://www.jobberman.com/listings/brand-activation-manager-erxnjx,2026-09-05T17:10:30+00:00
5433d13f7e79ceda,jobberman,sales-representaive-in-a-feed-mill-j650mv,Sales Representative,,,,Nigeria,unknown,,,,,,,,,,,,https://www.jobberman.com/listings/sales-representaive-in-a-feed-mill-j650mv,2026-09-05T17:10:30+00:00
d60b5026e143468a,jobberman,brand-and-design-manager-k7pzm5,Brand and Design Manager,,,,Nigeria,unknown,,,,,,,,,,,,https://www.jobberman.com/listings/brand-and-design-manager-k7pzm5,2026-09-05T17:10:30+00:00
350bc4df7c7bbd83,jobberman,employee-relations-lead-6qrzp8,Employee Relations Lead,,,,Nigeria,unknown,,,,,,,,,,,,https://www.jobberman.com/listings/employee-relations-lead-6qrzp8,2026-09-05T17:10:30+00:00
191c6fcf89e0206f,jobberman,operation-manger-n90qgz,Operation Manger,,,,Nigeria,unknown,,,,,,,,,,,,https://www.jobberman.com/listings/operation-manger-n90qgz,2026-09-05T17:10:30+00:00
591cb65474bef3f6,jobberman,uiux-designer-vd9pzk,UI/UX Designer,,,,Nigeria,unknown,,,,,,,,,,,Product & Design,https://www.jobberman.com/listings/uiux-designer-vd9pzk,2026-09-05T17:10:34+00:00
89e784cd3413081f,jobberman,investment-portfolio-manager-d9dn50,Investment & Portfolio Manager,,,,Nigeria,unknown,,,,,,,,,,,,https://www.jobberman.com/listings/investment-portfolio-manager-d9dn50,2026-09-05T17:10:46+00:00
9456abc940c77bee,jobberman,sales-executive-n90rm0,Sales Executive,,,,Nigeria,unknown,,,,,,,,,,,,https://www.jobberman.com/listings/sales-executive-n90rm0,2026-09-05T17:10:46+00:00
4ccf0083f9e61ecf,jobberman,soffware-application-developer-vd92v2,Soffware & Application Developer,,,,Nigeria,unknown,,,,,,,,,,,Software Development,https://www.jobberman.com/listings/soffware-application-developer-vd92v2,2026-09-05T17:10:56+00:00
d21f3ecec004e736,jobberman,technical-support-n9jd00,Technical Support,,,,Nigeria,unknown,,,,,,,,,,,Other Tech,https://www.jobberman.com/listings/technical-support-n9jd00,2026-09-05T17:11:06+00:00
ef49798ff46687de,jobberman,technical-support-engineer-wrkp6d,Technical Support Engineer,,,,Nigeria,unknown,,,,,,,,,,,Other Tech,https://www.jobberman.com/listings/technical-support-engineer-wrkp6d,2026-09-05T17:11:06+00:00
de02c8c2591ad896,jobberman,technical-sales-support-bsc-civil-engineer-building-technology-architecture-x8gz20,Technical Sales Support,,,,Nigeria,unknown,,,,,,,,,,,Other Tech,https://www.jobberman.com/listings/technical-sales-support-bsc-civil-engineer-building-technology-architecture-x8gz20,2026-09-05T17:11:06+00:00
2853f7c2149bf2cb,jobberman,senior-technical-lead-45rzme,Senior Technical Lead,,,,Nigeria,unknown,,,,,,,,,,,Other Tech,https://www.jobberman.com/listings/senior-technical-lead-45rzme,2026-09-05T17:11:06+00:00
1d3a300b40add03b,jobberman,technical-sales-engineer-rrj885,Technical sales engineer,,,,Nigeria,unknown,,,,,,,,,,,Other Tech,https://www.jobberman.com/listings/technical-sales-engineer-rrj885,2026-09-05T17:11:06+00:00
59d161671e0502cb,jobberman,it-support-officer-j65644,IT Support Officer,,,,Nigeria,unknown,,,,,,,,,,,IT Support & Networking,https://www.jobberman.com/listings/it-support-officer-j65644,2026-09-05T17:11:09+00:00
f930a703847d3ec8,jobberman,it-support-officer-k76z45,IT Support Officer,,,,Nigeria,unknown,,,,,,,,,,,IT Support & Networking,https://www.jobberman.com/listings/it-support-officer-k76z45,2026-09-05T17:11:09+00:00
b832aee9c20972d0,jobberman,aqua-technical-officer-vdg8nw,Aqua Technical Officer,,,,Nigeria,unknown,,,,,,,,,,,Other Tech,https://www.jobberman.com/listings/aqua-technical-officer-vdg8nw,2026-09-05T17:11:09+00:00
1a219f2b7b69bec4,jobberman,it-support-systems-officer-8mkrkp,IT Support/Systems Officer,,,,Nigeria,unknown,,,,,,,,,,,IT Support & Networking,https://www.jobberman.com/listings/it-support-systems-officer-8mkrkp,2026-09-05T17:11:09+00:00
adc6ab2eb3ef029f,jobberman,technical-assistant-rr659q,Technical Assistant,,,,Nigeria,unknown,,,,,,,,,,,Other Tech,https://www.jobberman.com/listings/technical-assistant-rr659q,2026-09-05T17:11:09+00:00
64458ed903dd7353,jobberman,technical-site-architect-qzwq97,Technical Site Architect,,,,Nigeria,unknown,,,,,,,,,,,Other Tech,https://www.jobberman.com/listings/technical-site-architect-qzwq97,2026-09-05T17:11:09+00:00
1c3f4765e019ccfd,jobberman,maintenance-officer-6qr8qg,Maintenance Officer,,,,Nigeria,unknown,,,,,,,,,,,,https://www.jobberman.com/listings/maintenance-officer-6qr8qg,2026-09-05T17:11:09+00:00
b4311c541eb11b37,jobberman,field-support-officer-fso-8m95j6,Field Support Officer,,,,Nigeria,unknown,,,,,,,,,,,,https://www.jobberman.com/listings/field-support-officer-fso-8m95j6,2026-09-05T17:11:09+00:00
e76fec4d8b0c3dee,jobberman,poultry-technical-officer-x8gr4n,Poultry Technical Officer,,,,Nigeria,unknown,,,,,,,,,,,Other Tech,https://www.jobberman.com/listings/poultry-technical-officer-x8gr4n,2026-09-05T17:11:09+00:00
4de23ded62fbac66,jobberman,it-support-entry-level-j6pkne,IT Support Specialists,,,,Nigeria,unknown,,,,,,,,,,,IT Support & Networking,https://www.jobberman.com/listings/it-support-entry-level-j6pkne,2026-09-05T17:11:09+00:00
d8e7c4a397444402,jobberman,it-personnel-2k8m4v,IT Personnel,,,,Nigeria,unknown,,,,,,,,,,,,https://www.jobberman.com/listings/it-personnel-2k8m4v,2026-09-05T17:11:20+00:00
13f71806afc5ec3b,jobberman,it-support-officer-x8kdkm,IT Support Officer,,,,Nigeria,unknown,,,,,,,,,,,IT Support & Networking,https://www.jobberman.com/listings/it-support-officer-x8kdkm,2026-09-05T17:11:20+00:00
7807ad0d99fdb9ff,jobberman,junior-engineer-7jxed5,Junior Engineer,,,,Nigeria,unknown,,,,,,,,,,,Other Tech,https://www.jobberman.com/listings/junior-engineer-7jxed5,2026-09-05T17:11:20+00:00
93208b5b605e97fa,jobberman,equipment-mate-2k8gmv,Equipment Mate,,,,Nigeria,unknown,,,,,,,,,,,,https://www.jobberman.com/listings/equipment-mate-2k8gmv,2026-09-05T17:11:20+00:00
7f46f906330678ac,jobberman,biomedical-engineer-qzwnj4,Biomedical Engineer,,,,Nigeria,unknown,,,,,,,,,,,Other Tech,https://www.jobberman.com/listings/biomedical-engineer-qzwnj4,2026-09-05T17:11:20+00:00
5a88dde453945b6a,jobberman,office-administrator-m0v8zq,Office Administrator,,,,Nigeria,unknown,,,,,,,,,,,,https://www.jobberman.com/listings/office-administrator-m0v8zq,2026-09-05T17:11:20+00:00
43de3e5d3bb08147,jobberman,mechanical-engineer-x8wnpm,Mechanical Engineer,,,,Nigeria,unknown,,,,,,,,,,,Other Tech,https://www.jobberman.com/listings/mechanical-engineer-x8wnpm,2026-09-05T17:11:20+00:00
bad8d17a1a21a266,jobberman,implementation-field-specialists-0k8pwm,Implementation & Field Specialist,,,,Nigeria,unknown,,,,,,,,,,,,https://www.jobberman.com/listings/implementation-field-specialists-0k8pwm,2026-09-05T17:11:20+00:00
21deaec96f6583e6,jobberman,network-cloud-cybersecurity-n9jd70,"Network, Cloud & Cybersecurity",,,,Nigeria,unknown,,,,,,,,,,,Cybersecurity,https://www.jobberman.com/listings/network-cloud-cybersecurity-n9jd70,2026-09-05T17:11:20+00:00
0cdddb990577cbf2,jobberman,crm-specialist-6qrdpp,CRM Specialist,,,,Nigeria,unknown,,,,,,,,,,,,https://www.jobberman.com/listings/crm-specialist-6qrdpp,2026-09-05T17:11:20+00:00
bf5207adaf0511a7,jobberman,implementation-field-specialists-gm45w8,Implementation & Field Specialist,,,,Nigeria,unknown,,,,,,,,,,,,https://www.jobberman.com/listings/implementation-field-specialists-gm45w8,2026-09-05T17:11:20+00:00
866507081fcbd1b3,jobberman,implementation-field-specialists-qzwq27,Implementation & Field Specialist,,,,Nigeria,unknown,,,,,,,,,,,,https://www.jobberman.com/listings/implementation-field-specialists-qzwq27,2026-09-05T17:11:24+00:00
95383004da7f1e64,jobberman,field-electrical-engineer-rrnrwm,Field Electrical Engineer,,,,Nigeria,unknown,,,,,,,,,,,Other Tech,https://www.jobberman.com/listings/field-electrical-engineer-rrnrwm,2026-09-05T17:11:24+00:00
c10bef39e53865e2,jobberman,ai-operation-associate-450vp9,AI Operation Associate,,,,Nigeria,unknown,,,,,,,,,,,Data & AI,https://www.jobberman.com/listings/ai-operation-associate-450vp9,2026-09-05T17:11:24+00:00
3409c636c6ecdf14,jobberman,business-development-manager-gm4edr,Business Development Manager,,,,Nigeria,unknown,,,,,,,,,,,,https://www.jobberman.com/listings/business-development-manager-gm4edr,2026-09-05T17:11:24+00:00
0f7080591b99e8c7,jobberman,architect-n9094e,Architect,,,,Nigeria,unknown,,,,,,,,,,,,https://www.jobberman.com/listings/architect-n9094e,2026-09-05T17:11:24+00:00
f99a19b4b3051dde,jobberman,egineering-graduate-trainee-rr6jmm,Engineering Graduate Trainee,,,,Nigeria,unknown,,,,,,,,,,,Other Tech,https://www.jobberman.com/listings/egineering-graduate-trainee-rr6jmm,2026-09-05T17:11:24+00:00
7ef882da1310f741,jobberman,interior-design-assistant-0knzq6,Interior Design Assistant,,,,Nigeria,unknown,,,,,,,,,,,,https://www.jobberman.com/listings/interior-design-assistant-0knzq6,2026-09-05T17:11:24+00:00
1c525a228698b84d,jobberman,medical-laboratory-scientist-qzwmvk,Medical Laboratory Scientist,,,,Nigeria,unknown,,,,,,,,,,,,https://www.jobberman.com/listings/medical-laboratory-scientist-qzwmvk,2026-09-05T17:11:24+00:00
26529ffe4140b182,jobberman,mining-engineer-6qnezj,Mining Engineer,,,,Nigeria,unknown,,,,,,,,,,,Other Tech,https://www.jobberman.com/listings/mining-engineer-6qnezj,2026-09-05T17:11:24+00:00
fab99b61a468745e,jobberman,pre-sale-engineer-9kr7jw,Pre-Sale Engineer,,,,Nigeria,unknown,,,,,,,,,,,Other Tech,https://www.jobberman.com/listings/pre-sale-engineer-9kr7jw,2026-09-05T17:11:24+00:00
d59f73bcf3847b17,jobberman,finance-accounts-manager-6qrn5d,Finance & Accounts Manager,,,,Nigeria,unknown,,,,,,,,,,,,https://www.jobberman.com/listings/finance-accounts-manager-6qrn5d,2026-09-05T17:11:24+00:00
d3f067f59442f47a,jobberman,customer-care-representative-qz52qw,Customer Care Representative,,,,Nigeria,unknown,,,,,,,,,,,,https://www.jobberman.com/listings/customer-care-representative-qz52qw,2026-09-05T17:11:27+00:00
a50547ea971a08f0,jobberman,finance-manager-asset-management-company-7jxp85,Finance Manager,,,,Nigeria,unknown,,,,,,,,,,,,https://www.jobberman.com/listings/finance-manager-asset-management-company-7jxp85,2026-09-05T17:11:27+00:00
cc3a01bfa38616a2,jobberman,junior-technology-project-supervisor-rrnw5n,Technology Project Supervisor,,,,Nigeria,unknown,,,,,,,,,,,,https://www.jobberman.com/listings/junior-technology-project-supervisor-rrnw5n,2026-09-05T17:11:27+00:00
d3027deeec073d4b,jobberman,it-digital-operations-assistant-m0vzwj,IT & Digital Operations Assistant,,,,Nigeria,unknown,,,,,,,,,,,,https://www.jobberman.com/listings/it-digital-operations-assistant-m0vzwj,2026-09-05T17:11:27+00:00
1d928b32a37828b5,jobberman,civil-engineer-power-energy-epc-wrnzn5,Civil Engineer,,,,Nigeria,unknown,,,,,,,,,,,Other Tech,https://www.jobberman.com/listings/civil-engineer-power-energy-epc-wrnzn5,2026-09-05T17:11:27+00:00
74bcd3e694aafc6f,jobberman,nysc-ppa-opportunity-computer-engineer-technical-support-logistics-erpdrk,Computer Engineer,,,,Nigeria,unknown,,,,,,,,,,,Other Tech,https://www.jobberman.com/listings/nysc-ppa-opportunity-computer-engineer-technical-support-logistics-erpdrk,2026-09-05T17:11:27+00:00
a60013e55a5a0181,jobberman,plr-design-engineer-expatriate-8mkx46-v1,PLR Design Engineer - Expatriate,,,,Nigeria,unknown,,,,,,,,,,,Other Tech,https://www.jobberman.com/listings/plr-design-engineer-expatriate-8mkx46-v1,2026-09-05T17:11:27+00:00
bcc91ae2bf50c872,jobberman,technical-sales-engineer-k7gwxm-v2,Technical Sales Engineer,,,,Nigeria,unknown,,,,,,,,,,,Other Tech,https://www.jobberman.com/listings/technical-sales-engineer-k7gwxm-v2,2026-09-05T17:11:27+00:00
41227acc59661649,jobberman,solar-sales-engineer-qzw8pp-v2,Solar Sales Engineer,,,,Nigeria,unknown,,,,,,,,,,,Other Tech,https://www.jobberman.com/listings/solar-sales-engineer-qzw8pp-v2,2026-09-05T17:11:27+00:00
05ab6b27ad18c13b,jobberman,bid-tender-specialist-erp8xj-v2,Bid & Tender Specialist,,,,Nigeria,unknown,,,,,,,,,,,,https://www.jobberman.com/listings/bid-tender-specialist-erp8xj-v2,2026-09-05T17:11:27+00:00
22b3f3c02aa500ae,jobberman,business-development-and-project-specialist-wrn9dz-v2,Business Development and Project Specialist,,,,Nigeria,unknown,,,,,,,,,,,,https://www.jobberman.com/listings/business-development-and-project-specialist-wrn9dz-v2,2026-09-05T17:11:27+00:00
65e720dfaf0a3f0c,jobberman,sap-s4hana-cloud-functional-consultant-pg04dm,Cloud Functional Consultant,,,,Nigeria,unknown,,,,,,,,,,,Other Tech,https://www.jobberman.com/listings/sap-s4hana-cloud-functional-consultant-pg04dm,2026-09-05T17:11:31+00:00
b76b27279fabfba7,jobberman,portfolio-manager-investment-analyst-9krzpw,Portfolio Manager / Investment Analyst,,,,Nigeria,unknown,,,,,,,,,,,,https://www.jobberman.com/listings/portfolio-manager-investment-analyst-9krzpw,2026-09-05T17:11:40+00:00
3ecbfb6f20ada59f,jobberman,business-analyst-iii-z8rg06,Business Analyst,,,,Nigeria,unknown,,,,,,,,,,,Other Tech,https://www.jobberman.com/listings/business-analyst-iii-z8rg06,2026-09-05T17:11:40+00:00
f6e5bc2fbd9d78f0,jobberman,business-analyst-wrnd85,Business Analyst,,,,Nigeria,unknown,,,,,,,,,,,Other Tech,https://www.jobberman.com/listings/business-analyst-wrnd85,2026-09-05T17:11:40+00:00
a04e9ea1ba51190a,jobberman,business-analyst-k76n6v,Business Analyst,,,,Nigeria,unknown,,,,,,,,,,,Other Tech,https://www.jobberman.com/listings/business-analyst-k76n6v,2026-09-05T17:11:41+00:00
f72a6fbf2693b174,jobberman,business-analystintern-rr6xj9,Business Analyst,,,,Nigeria,unknown,,,,,,,,,,,Other Tech,https://www.jobberman.com/listings/business-analystintern-rr6xj9,2026-09-05T17:11:41+00:00
b73758c86d152b32,jobberman,junior-business-development-analyst-456445,Business Development Analyst,,,,Nigeria,unknown,,,,,,,,,,,,https://www.jobberman.com/listings/junior-business-development-analyst-456445,2026-09-05T17:11:41+00:00
8550cbf5c817b8b7,jobberman,business-development-analyst-0k8vng,Business Development Analyst,,,,Nigeria,unknown,,,,,,,,,,,,https://www.jobberman.com/listings/business-development-analyst-0k8vng,2026-09-05T17:11:41+00:00
657fe4eb31a4e285,jobberman,business-process-analyst-part-time-0kneqm,Business Process Analyst,,,,Nigeria,unknown,,,,,,,,,,,,https://www.jobberman.com/listings/business-process-analyst-part-time-0kneqm,2026-09-05T17:11:41+00:00
e29b8da39d080f4c,jobberman,user-engagement-analyst-rrjqv2,User Engagement Analyst,,,,Nigeria,unknown,,,,,,,,,,,,https://www.jobberman.com/listings/user-engagement-analyst-rrjqv2,2026-09-05T17:11:41+00:00
e00f85c3c06d5b04,jobberman,legal-analyst-z8r0wn,Legal Analyst,,,,Nigeria,unknown,,,,,,,,,,,,https://www.jobberman.com/listings/legal-analyst-z8r0wn,2026-09-05T17:11:41+00:00
1160574d095d7b8d,jobberman,senior-operations-analyst-6qr2dd,Senior Operations Analyst,,,,Nigeria,unknown,,,,,,,,,,,,https://www.jobberman.com/listings/senior-operations-analyst-6qr2dd,2026-09-05T17:11:41+00:00
432903e4e052d208,jobberman,tender-manager-wrn7zg-v1,Tender Manager,,,,Nigeria,unknown,,,,,,,,,,,,https://www.jobberman.com/listings/tender-manager-wrn7zg-v1,2026-09-05T17:11:43+00:00
8eca56264a7ff821,jobberman,junior-software-developer-9j74kn,Junior Software Developer,,,,Ghana,unknown,,,,,,,,,,,Software Development,https://www.jobberman.com.gh/listings/junior-software-developer-9j74kn,2026-09-05T17:11:54+00:00
cb9fe77f82f78810,jobberman,ai-focused-software-developer-vw8ng8,AI-Focused Software Developer,,,,Ghana,unknown,,,,,,,,,,,Software Development,https://www.jobberman.com.gh/listings/ai-focused-software-developer-vw8ng8,2026-09-05T17:11:54+00:00
2ea68fd0c5cc212e,jobberman,software-engineer-technical-sales-pmzpdw,Software Engineer – Technical Sales,,,,Ghana,unknown,,,,,,,,,,,Software Development,https://www.jobberman.com.gh/listings/software-engineer-technical-sales-pmzpdw,2026-09-05T17:11:54+00:00
48baca6830d5a9d6,jobberman,application-software-sales-officer-npm5v9,Application & Software Sales Officer,,,,Ghana,unknown,,,,,,,,,,,Other Tech,https://www.jobberman.com.gh/listings/application-software-sales-officer-npm5v9,2026-09-05T17:11:54+00:00
08cbe1fee714eccf,jobberman,achievers-in-technology-ait-program-5djm5g-v1,Achievers In Technology (ait) Program,,,,Ghana,unknown,,,,,,,,,,,,https://www.jobberman.com.gh/listings/achievers-in-technology-ait-program-5djm5g-v1,2026-09-05T17:11:54+00:00
fbc8aaa86b5d8afe,jobberman,business-development-executive-mg22zw-v1,Business Development Executive,,,,Ghana,unknown,,,,,,,,,,,,https://www.jobberman.com.gh/listings/business-development-executive-mg22zw-v1,2026-09-05T17:11:54+00:00
37eadbab66883262,jobberman,forward-deployed-software-engineer-84e096,Forward Deployed Software Engineer,,,,Ghana,unknown,,,,,,,,,,,Software Development,https://www.jobberman.com.gh/listings/forward-deployed-software-engineer-84e096,2026-09-05T17:11:54+00:00
bdf5f01652bcf080,jobberman,warehouse-manager-07rqkx-v1,Warehouse Manager,,,,Ghana,unknown,,,,,,,,,,,,https://www.jobberman.com.gh/listings/warehouse-manager-07rqkx-v1,2026-09-05T17:11:54+00:00
b0c01f08100951e8,jobberman,full-stack-engineer-react-native-ev44r2-v1,Full Stack Engineer (react Native),,,,Ghana,unknown,,,,,,,,,,,Software Development,https://www.jobberman.com.gh/listings/full-stack-engineer-react-native-ev44r2-v1,2026-09-05T17:11:54+00:00
cba3572a6011db60,jobberman,sales-and-marketing-executive-5dj77p-v1,Sales And Marketing Executive,,,,Ghana,unknown,,,,,,,,,,,,https://www.jobberman.com.gh/listings/sales-and-marketing-executive-5dj77p-v1,2026-09-05T17:11:54+00:00
702f8cb365db936f,jobberman,warehouse-shipping-manager-np649v-v1,Warehouse Shipping Manager,,,,Ghana,unknown,,,,,,,,,,,,https://www.jobberman.com.gh/listings/warehouse-shipping-manager-np649v-v1,2026-09-05T17:11:54+00:00
386127fd2f4b6c08,jobberman,auto-service-engineer-auto-electrical-vw87vx-v1,Auto Service Engineer (auto-electrical),,,,Ghana,unknown,,,,,,,,,,,Other Tech,https://www.jobberman.com.gh/listings/auto-service-engineer-auto-electrical-vw87vx-v1,2026-09-05T17:11:54+00:00
502625fef36ebb74,jobberman,analyst-system-architect-mobile-bss-07eppz-v1,"Analyst, System Architect - Mobile & Bss",,,,Ghana,unknown,,,,,,,,,,,,https://www.jobberman.com.gh/listings/analyst-system-architect-mobile-bss-07eppz-v1,2026-09-05T17:11:54+00:00
49e546a9dd5a1ded,jobberman,business-development-executive-7w2n6e-v1,Business Development Executive,,,,Ghana,unknown,,,,,,,,,,,,https://www.jobberman.com.gh/listings/business-development-executive-7w2n6e-v1,2026-09-05T17:11:54+00:00
64bb6a733355919c,jobberman,construction-manager-846j46-v1,Construction Manager,,,,Ghana,unknown,,,,,,,,,,,,https://www.jobberman.com.gh/listings/construction-manager-846j46-v1,2026-09-05T17:11:54+00:00
4e087d801693211d,jobberman,quantity-surveyor-k8j9j2-v1,Quantity Surveyor,,,,Ghana,unknown,,,,,,,,,,,,https://www.jobberman.com.gh/listings/quantity-surveyor-k8j9j2-v1,2026-09-05T17:11:54+00:00
9cd1d3d29c2c798f,jobberman,technical-solutions-engineer-07ep9x,Technical Solutions Engineer,,,,Ghana,unknown,,,,,,,,,,,Other Tech,https://www.jobberman.com.gh/listings/technical-solutions-engineer-07ep9x,2026-09-05T17:11:56+00:00
5effe9df2fd662c6,jobberman,senior-accountant-xpr42m-v1,Senior Accountant,,,,Ghana,unknown,,,,,,,,,,,,https://www.jobberman.com.gh/listings/senior-accountant-xpr42m-v1,2026-09-05T17:11:56+00:00
1ae31d4a3cb1e211,jobberman,mechanical-engineer-20m4n8-v1,Mechanical Engineer,,,,Ghana,unknown,,,,,,,,,,,Other Tech,https://www.jobberman.com.gh/listings/mechanical-engineer-20m4n8-v1,2026-09-05T17:11:56+00:00
e5b3ab7168242a09,jobberman,senior-business-developer-ghana-846qj4-v1,Senior Business Developer (ghana),,,,Ghana,unknown,,,,,,,,,,,Software Development,https://www.jobberman.com.gh/listings/senior-business-developer-ghana-846qj4-v1,2026-09-05T17:11:56+00:00
6084942c9022493c,jobberman,mining-engineer-q20m4z-v1,Mining Engineer,,,,Ghana,unknown,,,,,,,,,,,Other Tech,https://www.jobberman.com.gh/listings/mining-engineer-q20m4z-v1,2026-09-05T17:11:56+00:00
865aa89144b2a968,jobberman,deputy-director-of-internal-audit-np64gv-v2,Deputy Director Of Internal Audit,,,,Ghana,unknown,,,,,,,,,,,,https://www.jobberman.com.gh/listings/deputy-director-of-internal-audit-np64gv-v2,2026-09-05T17:11:56+00:00
9f6b5d33f61ca803,jobberman,school-librarian-k8jwn8-v1,School Librarian,,,,Ghana,unknown,,,,,,,,,,,,https://www.jobberman.com.gh/listings/school-librarian-k8jwn8-v1,2026-09-05T17:11:56+00:00
7729df1edcea6f39,jobberman,data-manager-6de7xv-v1,Data Manager,,,,Ghana,unknown,,,,,,,,,,,Other Tech,https://www.jobberman.com.gh/listings/data-manager-6de7xv-v1,2026-09-05T17:11:56+00:00
b9c159049ac21f7c,jobberman,quantity-surveyor-846qzx-v1,Quantity Surveyor,,,,Ghana,unknown,,,,,,,,,,,,https://www.jobberman.com.gh/listings/quantity-surveyor-846qzx-v1,2026-09-05T17:11:56+00:00
655fc4dd5c810a13,jobberman,engineer-control-systems-npm5zv,"Engineer, Control Systems",,,,Ghana,unknown,,,,,,,,,,,Other Tech,https://www.jobberman.com.gh/listings/engineer-control-systems-npm5zv,2026-09-05T17:11:56+00:00
2a5d749c4b735f12,jobberman,test-automation-engineer-4nzj6z,Test Automation Engineer,,,,Ghana,unknown,,,,,,,,,,,Other Tech,https://www.jobberman.com.gh/listings/test-automation-engineer-4nzj6z,2026-09-05T17:11:56+00:00
a041b4e83492ec51,jobberman,application-security-engineer-npm5jv,Application Security Engineer,,,,Ghana,unknown,,,,,,,,,,,Cybersecurity,https://www.jobberman.com.gh/listings/application-security-engineer-npm5jv,2026-09-05T17:11:56+00:00
f97303fbbcac2c8e,jobberman,graphic-designer-ev4456-v1,Graphic Designer,,,,Ghana,unknown,,,,,,,,,,,,https://www.jobberman.com.gh/listings/graphic-designer-ev4456-v1,2026-09-05T17:11:56+00:00
4740e144a5ab8fad,jobberman,revenue-assurance-specialist-mg28xj-v1,Revenue Assurance Specialist,,,,Ghana,unknown,,,,,,,,,,,,https://www.jobberman.com.gh/listings/revenue-assurance-specialist-mg28xj-v1,2026-09-05T17:11:56+00:00
9b82c50c172a4252,jobberman,senior-finance-officer-q20pg4-v1,Senior Finance Officer,,,,Ghana,unknown,,,,,,,,,,,,https://www.jobberman.com.gh/listings/senior-finance-officer-q20pg4-v1,2026-09-05T17:11:56+00:00
40e038adbf0bf2b2,jobberman,content-designer-9j74zw-v1,Content Designer,,,,Ghana,unknown,,,,,,,,,,,,https://www.jobberman.com.gh/listings/content-designer-9j74zw-v1,2026-09-05T17:11:56+00:00
4dccdde4286fe120,jobberman,senior-customer-portfolio-manager-cs-9j74xw-v1,Senior Customer Portfolio Manager-cs,,,,Ghana,unknown,,,,,,,,,,,,https://www.jobberman.com.gh/listings/senior-customer-portfolio-manager-cs-9j74xw-v1,2026-09-05T17:12:01+00:00
b3000f832e1bfe8a,jobberman,national-service-personnel-4nzj2p,National Service Personnel,,,,Ghana,unknown,,,,,,,,,,,,https://www.jobberman.com.gh/listings/national-service-personnel-4nzj2p,2026-09-05T17:12:01+00:00
c523f1fe43863a45,jobberman,chinese-translator-7w2ede-v1,Chinese Translator,,,,Ghana,unknown,,,,,,,,,,,,https://www.jobberman.com.gh/listings/chinese-translator-7w2ede-v1,2026-09-05T17:12:01+00:00
467775f3eccf1bda,jobberman,mine-captain-production-xpr0xw-v2,Mine Captain – Production,,,,Ghana,unknown,,,,,,,,,,,,https://www.jobberman.com.gh/listings/mine-captain-production-xpr0xw-v2,2026-09-05T17:12:01+00:00
3d3eb421485af115,jobberman,fleet-operations-manager-zpm7zg-v1,Fleet Operations Manager,,,,Ghana,unknown,,,,,,,,,,,,https://www.jobberman.com.gh/listings/fleet-operations-manager-zpm7zg-v1,2026-09-05T17:12:01+00:00
d1b00202a0f09bc3,jobberman,deputy-director-of-finance-q20r6p-v2,Deputy Director Of Finance,,,,Ghana,unknown,,,,,,,,,,,,https://www.jobberman.com.gh/listings/deputy-director-of-finance-q20r6p-v2,2026-09-05T17:12:01+00:00
f368a4539c1a5edd,jobberman,finance-manager-expat-5djerx-v1,Finance Manager (expat),,,,Ghana,unknown,,,,,,,,,,,,https://www.jobberman.com.gh/listings/finance-manager-expat-5djerx-v1,2026-09-05T17:12:01+00:00
a9e9f5b9086e19b2,jobberman,sales-partner-5dew4p-v1,Sales Partner,,,,Ghana,unknown,,,,,,,,,,,,https://www.jobberman.com.gh/listings/sales-partner-5dew4p-v1,2026-09-05T17:12:01+00:00
db6c67a1d9337bdc,jobberman,web-developer-zpmmwq-v1,Web Developer,,,,Ghana,unknown,,,,,,,,,,,Software Development,https://www.jobberman.com.gh/listings/web-developer-zpmmwq-v1,2026-09-05T17:12:01+00:00
7b4bd7bd5a29ead4,jobberman,contracts-associate-gwx2e8-v1,Contracts Associate,,,,Ghana,unknown,,,,,,,,,,,,https://www.jobberman.com.gh/listings/contracts-associate-gwx2e8-v1,2026-09-05T17:12:01+00:00
131faa6d0ec5408a,jobberman,noc-it-support-engineer-ghana-vw7m95,Noc & It Support Engineer - Ghana,,,,Ghana,unknown,,,,,,,,,,,IT Support & Networking,https://www.jobberman.com.gh/listings/noc-it-support-engineer-ghana-vw7m95,2026-09-05T17:12:01+00:00
2ea9efea683ea8e5,jobberman,noc-it-support-engineer-ghana-q2jqwz,Noc & It Support Engineer - Ghana,,,,Ghana,unknown,,,,,,,,,,,IT Support & Networking,https://www.jobberman.com.gh/listings/noc-it-support-engineer-ghana-q2jqwz,2026-09-05T17:12:01+00:00
7498768f387482f6,jobberman,senior-forester-9j7e9p-v1,Senior Forester,,,,Ghana,unknown,,,,,,,,,,,,https://www.jobberman.com.gh/listings/senior-forester-9j7e9p-v1,2026-09-05T17:12:01+00:00
2bd1f49c1d6c8687,jobberman,intership-at-rootech-pmvk5p-v1,Intership At Rootech,,,,Ghana,unknown,,,,,,,,,,,,https://www.jobberman.com.gh/listings/intership-at-rootech-pmvk5p-v1,2026-09-05T17:12:01+00:00
4772884b2bce0965,jobberman,full-stack-engineering-lead-net-react-gwn5kk,"Full-stack Engineering Lead (.net, React)",,,,Ghana,unknown,,,,,,,,,,,Other Tech,https://www.jobberman.com.gh/listings/full-stack-engineering-lead-net-react-gwn5kk,2026-09-05T17:12:01+00:00
1df8b3d06773ca54,jobberman,technical-lead-react-net-7wevd8,"Technical Lead (react, .net)",,,,Ghana,unknown,,,,,,,,,,,Other Tech,https://www.jobberman.com.gh/listings/technical-lead-react-net-7wevd8,2026-09-05T17:12:01+00:00
5c08cf7b6ec859bb,jobberman,commercial-analyst-20ez0v,Commercial Analyst,,,,Ghana,unknown,,,,,,,,,,,,https://www.jobberman.com.gh/listings/commercial-analyst-20ez0v,2026-09-05T17:12:04+00:00
1a664a9dff6fda66,jobberman,national-gender-specialist-q20p8k-v1,National Gender Specialist,,,,Ghana,unknown,,,,,,,,,,,,https://www.jobberman.com.gh/listings/national-gender-specialist-q20p8k-v1,2026-09-05T17:12:04+00:00
f47958a6dfd84640,jobberman,head-of-workplace-it-r8p2k5,Head Of Workplace It,,,,Ghana,unknown,,,,,,,,,,,,https://www.jobberman.com.gh/listings/head-of-workplace-it-r8p2k5,2026-09-05T17:12:04+00:00
4aee65b9a1a45fa5,jobberman,senior-ai-applications-engineer-mgxmnm,Senior Ai Applications Engineer,,,,Ghana,unknown,,,,,,,,,,,Data & AI,https://www.jobberman.com.gh/listings/senior-ai-applications-engineer-mgxmnm,2026-09-05T17:12:04+00:00
0f629478dbb7dc55,jobberman,tech-sales-executive-ghana-6dp0gv-v1,Tech Sales Executive - Ghana,,,,Ghana,unknown,,,,,,,,,,,,https://www.jobberman.com.gh/listings/tech-sales-executive-ghana-6dp0gv-v1,2026-09-05T17:12:04+00:00
05edd777fa582307,jobberman,business-development-managerhr-consultancy-services-84e029,Business Development Manager(hr Consultancy Services),,,,Ghana,unknown,,,,,,,,,,,,https://www.jobberman.com.gh/listings/business-development-managerhr-consultancy-services-84e029,2026-09-05T17:12:04+00:00
c128faaa943bd7b2,jobberman,electronic-maintenance-technician-for-direct-to-garment-print-machine-jqkke5-v1,Electronic Maintenance Technician For Direct-to-garment Print Machine,,,,Ghana,unknown,,,,,,,,,,,,https://www.jobberman.com.gh/listings/electronic-maintenance-technician-for-direct-to-garment-print-machine-jqkke5-v1,2026-09-05T17:12:04+00:00
c8fa4cbd13589370,jobberman,technical-content-marketing-manager-wpvmk6,Technical Content Marketing Manager,,,,Ghana,unknown,,,,,,,,,,,Other Tech,https://www.jobberman.com.gh/listings/technical-content-marketing-manager-wpvmk6,2026-09-05T17:12:04+00:00
80ba0adb68df629c,jobberman,ict-assistant-6de787,Ict Assistant,,,,Ghana,unknown,,,,,,,,,,,Other Tech,https://www.jobberman.com.gh/listings/ict-assistant-6de787,2026-09-05T17:12:04+00:00
e20247d3329c8e8e,jobberman,analyst-commercial-performance-business-intelligence-data-mining-7wevq8,Analyst Commercial Performance & Business Intelligence (data Mining),,,,Ghana,unknown,,,,,,,,,,,Data & AI,https://www.jobberman.com.gh/listings/analyst-commercial-performance-business-intelligence-data-mining-7wevq8,2026-09-05T17:12:04+00:00
5d7c4434a603f3d6,jobberman,applied-ai-engineer-q2jq5e,Applied Ai Engineer,,,,Ghana,unknown,,,,,,,,,,,Data & AI,https://www.jobberman.com.gh/listings/applied-ai-engineer-q2jq5e,2026-09-05T17:12:04+00:00
0256b3778b6c9232,jobberman,taxi-driver-scout-xpr5jq-v1,Taxi Driver Scout,,,,Ghana,unknown,,,,,,,,,,,,https://www.jobberman.com.gh/listings/taxi-driver-scout-xpr5jq-v1,2026-09-05T17:12:04+00:00
738820c7fc8e17c5,jobberman,enterprise-solutions-architect-20ezgk,Enterprise Solutions Architect,,,,Ghana,unknown,,,,,,,,,,,Other Tech,https://www.jobberman.com.gh/listings/enterprise-solutions-architect-20ezgk,2026-09-05T17:12:04+00:00
748446018897fe55,jobberman,enterprise-solutions-architect-gwn58q,Enterprise Solutions Architect,,,,Ghana,unknown,,,,,,,,,,,Other Tech,https://www.jobberman.com.gh/listings/enterprise-solutions-architect-gwn58q,2026-09-05T17:12:04+00:00
13eb71aff1dcc4fa,jobberman,factory-manager-rigid-packaging-products-pet-preform-closers-iml-thinwall-blow-gallons-crates-offset-printing-07rmvd-v1,"Factory Manager - Rigid Packaging (products: Pet Preform, Closers, Iml, Thinwall, Blow Gallons, Crates, Offset Printing)",,,,Ghana,unknown,,,,,,,,,,,,https://www.jobberman.com.gh/listings/factory-manager-rigid-packaging-products-pet-preform-closers-iml-thinwall-blow-gallons-crates-offset-printing-07rmvd-v1,2026-09-05T17:12:04+00:00
6dd3883931599dee,jobberman,project-manager-wp4v70-v1,Project Manager,,,,Ghana,unknown,,,,,,,,,,,,https://www.jobberman.com.gh/listings/project-manager-wp4v70-v1,2026-09-05T17:12:04+00:00
51643f3072deeb76,jobberman,fleet-manager-ev44ej-v1,Fleet Manager,,,,Ghana,unknown,,,,,,,,,,,,https://www.jobberman.com.gh/listings/fleet-manager-ev44ej-v1,2026-09-05T17:12:06+00:00
6b7b1505ec395e0e,jobberman,senior-executive-assistant-to-the-chief-executive-officer-ceo-4nkzvv-v1,Senior Executive Assistant To The Chief Executive Officer (ceo),,,,Ghana,unknown,,,,,,,,,,,,https://www.jobberman.com.gh/listings/senior-executive-assistant-to-the-chief-executive-officer-ceo-4nkzvv-v1,2026-09-05T17:12:06+00:00
62149a2fa993b968,jobberman,electrical-field-engineer-renewables-zpmnq9-v1,Electrical Field Engineer (renewables),,,,Ghana,unknown,,,,,,,,,,,Other Tech,https://www.jobberman.com.gh/listings/electrical-field-engineer-renewables-zpmnq9-v1,2026-09-05T17:12:10+00:00
9bcb72becd6adcd4,jobberman,engine-field-service-engine-workshop-technician-q2jq6e,Engine Field Service / Engine Workshop Technician,,,,Ghana,unknown,,,,,,,,,,,,https://www.jobberman.com.gh/listings/engine-field-service-engine-workshop-technician-q2jq6e,2026-09-05T17:12:10+00:00
9ebf63e914d5f4a1,jobberman,civil-engineer-ev0d94,Civil Engineer,,,,Ghana,unknown,,,,,,,,,,,Other Tech,https://www.jobberman.com.gh/listings/civil-engineer-ev0d94,2026-09-05T17:12:10+00:00
cee3a0b5c76b56db,jobberman,mep-processing-maintenance-manager-gwx2me-v1,Mep & Processing Maintenance Manager,,,,Ghana,unknown,,,,,,,,,,,,https://www.jobberman.com.gh/listings/mep-processing-maintenance-manager-gwx2me-v1,2026-09-05T17:12:14+00:00
946a9ff9285005a2,jobberman,office-manager-exp-in-engineering-construction-architecture-space-wp4q85-v1,Office Manager- Exp In Engineering/ Construction/ Architecture Space,,,,Ghana,unknown,,,,,,,,,,,Other Tech,https://www.jobberman.com.gh/listings/office-manager-exp-in-engineering-construction-architecture-space-wp4q85-v1,2026-09-05T17:12:22+00:00
93a0e924982973dd,jobberman,fullstack-web-and-mobile-app-developer-r89dqq,Fullstack web and mobile app developer,,,,Ghana,unknown,,,,,,,,,,,Software Development,https://www.jobberman.com.gh/listings/fullstack-web-and-mobile-app-developer-r89dqq,2026-09-05T17:12:32+00:00
fbe04a07de165865,jobberman,business-development-representative-20m46e-v1,Business Development Representative,,,,Ghana,unknown,,,,,,,,,,,,https://www.jobberman.com.gh/listings/business-development-representative-20m46e-v1,2026-09-05T17:12:32+00:00
71d4bc0701f1942c,jobberman,customer-care-personnel-on-site-7w2ndx-v1,Customer Care Personnel- (on Site),,,,Ghana,onsite,,,,,,,,,,,,https://www.jobberman.com.gh/listings/customer-care-personnel-on-site-7w2ndx-v1,2026-09-05T17:12:32+00:00
a22210fd26d0a797,jobberman,customer-care-personnel-on-site-xpr4nv-v1,Customer Care Personnel- (on Site.),,,,Ghana,onsite,,,,,,,,,,,,https://www.jobberman.com.gh/listings/customer-care-personnel-on-site-xpr4nv-v1,2026-09-05T17:12:32+00:00
3c9265089947f5c1,jobberman,customer-care-personnelon-site-07rm6m-v1,Customer Care Personnel(on Site).,,,,Ghana,onsite,,,,,,,,,,,,https://www.jobberman.com.gh/listings/customer-care-personnelon-site-07rm6m-v1,2026-09-05T17:12:32+00:00
f1ef9d06f428e983,jobberman,ptp-specialist-wpvm86,Ptp Specialist,,,,Ghana,unknown,,,,,,,,,,,,https://www.jobberman.com.gh/listings/ptp-specialist-wpvm86,2026-09-05T17:12:32+00:00
9bb50ede902dc0d3,jobberman,credit-collections-ev0dn9-v1,Credit & Collections,,,,Ghana,unknown,,,,,,,,,,,,https://www.jobberman.com.gh/listings/credit-collections-ev0dn9-v1,2026-09-05T17:12:32+00:00
1149ff7e0742668e,jobberman,social-media-and-retail-assistant-ananse-studios-accra-npm50x,"Social Media And Retail Assistant, Ananse Studios Accra",,,,Ghana,unknown,,,,,,,,,,,Software Development,https://www.jobberman.com.gh/listings/social-media-and-retail-assistant-ananse-studios-accra-npm50x,2026-09-05T17:12:32+00:00
ce77fdd34986ff3a,jobberman,sales-manager-2-vacancies-q20ppn,Sales Manager,,,,Ghana,unknown,,,,,,,,,,,,https://www.jobberman.com.gh/listings/sales-manager-2-vacancies-q20ppn,2026-09-05T17:12:42+00:00
4b8f296bca82f36d,jobberman,-6de7zz,地区销售经理,,,,Ghana,unknown,,,,,,,,,,,,https://www.jobberman.com.gh/listings/-6de7zz,2026-09-05T17:12:42+00:00
b1efc1ec7ef0c341,jobberman,relationship-manager-asset-management-pmvvrj-v1,"Relationship Manager, Asset Management",,,,Ghana,unknown,,,,,,,,,,,,https://www.jobberman.com.gh/listings/relationship-manager-asset-management-pmvvrj-v1,2026-09-05T17:12:42+00:00
79b5d55dd040bb2c,jobberman,account-manager-r89972-v1,Account Manager,,,,Ghana,unknown,,,,,,,,,,,,https://www.jobberman.com.gh/listings/account-manager-r89972-v1,2026-09-05T17:12:42+00:00
0f3951276561e36b,jobberman,partnerships-specialist-7w2n4x-v1,Partnerships Specialist,,,,Ghana,unknown,,,,,,,,,,,,https://www.jobberman.com.gh/listings/partnerships-specialist-7w2n4x-v1,2026-09-05T17:12:42+00:00
a7ca0bd793948980,jobberman,country-director-atlantic-cluster-ghana-sierra-leone-and-liberia-4nke82,"Country Director Atlantic Cluster (ghana, Sierra Leone And Liberia)",,,,Ghana,unknown,,,,,,,,,,,,https://www.jobberman.com.gh/listings/country-director-atlantic-cluster-ghana-sierra-leone-and-liberia-4nke82,2026-09-05T17:12:42+00:00
fec106d2c7cc78df,jobberman,corporate-ehs-manager-building-construction-projects-d7vrz8,Corporate Ehs Manager- Building / Construction Projects,,,,Ghana,unknown,,,,,,,,,,,,https://www.jobberman.com.gh/listings/corporate-ehs-manager-building-construction-projects-d7vrz8,2026-09-05T17:12:46+00:00
e7d14eff6cdce868,jobberman,msmes-associate-84e0kp,Msme's Associate,,,,Ghana,unknown,,,,,,,,,,,,https://www.jobberman.com.gh/listings/msmes-associate-84e0kp,2026-09-05T17:12:46+00:00
8cce72cc4d6f6706,jobberman,senior-project-officer-west-africa-7wevjn,"Senior Project Officer, West Africa",,,,Ghana,unknown,,,,,,,,,,,,https://www.jobberman.com.gh/listings/senior-project-officer-west-africa-7wevjn,2026-09-05T17:12:46+00:00
4a71293cd45396ae,jobberman,associate-professor-faculty-of-computing-and-information-systems-gwxx8r-v3,Associate Professor — Faculty Of Computing And Information Systems,,,,Ghana,unknown,,,,,,,,,,,,https://www.jobberman.com.gh/listings/associate-professor-faculty-of-computing-and-information-systems-gwxx8r-v3,2026-09-05T17:12:46+00:00
a35fde27ce9809b3,jobberman,professor-faculty-of-computing-and-information-systems-07re2e-v1,Professor — Faculty Of Computing And Information Systems,,,,Ghana,unknown,,,,,,,,,,,,https://www.jobberman.com.gh/listings/professor-faculty-of-computing-and-information-systems-07re2e-v1,2026-09-05T17:12:46+00:00
59369b5d9ac6716a,jobberman,micro-insurance-coordinator-milife-insurance-d78xx7-v1,"Micro Insurance Coordinator, Milife Insurance",,,,Ghana,unknown,,,,,,,,,,,,https://www.jobberman.com.gh/listings/micro-insurance-coordinator-milife-insurance-d78xx7-v1,2026-09-05T17:12:46+00:00
289d328fbb01e86f,jobberman,technical-sales-engineer-radio-communications-846649-v1,Technical Sales Engineer – Radio Communications,,,,Ghana,unknown,,,,,,,,,,,Other Tech,https://www.jobberman.com.gh/listings/technical-sales-engineer-radio-communications-846649-v1,2026-09-05T17:12:46+00:00
c2c9c96453da2e13,jobberman,digital-content-creative-media-specialist-jq8mdg,Digital Content & Creative Media Specialist,,,,Ghana,unknown,,,,,,,,,,,,https://www.jobberman.com.gh/listings/digital-content-creative-media-specialist-jq8mdg,2026-09-05T17:12:46+00:00
0ef22bb08187c562,jobberman,business-manager-jq8mwr,Business Manager,,,,Ghana,unknown,,,,,,,,,,,,https://www.jobberman.com.gh/listings/business-manager-jq8mwr,2026-09-05T17:12:46+00:00
da439ecc682c6d0a,jobberman,field-service-technician-grinding-mills-mgxm99,Field Service Technician-grinding Mills,,,,Ghana,unknown,,,,,,,,,,,,https://www.jobberman.com.gh/listings/field-service-technician-grinding-mills-mgxm99,2026-09-05T17:12:48+00:00
ca089e2b31610a50,jobberman,people-solutions-generalist-i-vw7m4x-v1,People Solutions Generalist I,,,,Ghana,unknown,,,,,,,,,,,,https://www.jobberman.com.gh/listings/people-solutions-generalist-i-vw7m4x-v1,2026-09-05T17:12:48+00:00
de2b05bfa6bc03a0,jobberman,robotics-data-collector-ghana-vw82d5-v1,Robotics Data Collector (ghana),,,,Ghana,unknown,,,,,,,,,,,Other Tech,https://www.jobberman.com.gh/listings/robotics-data-collector-ghana-vw82d5-v1,2026-09-05T17:12:48+00:00
50da62cd56a4aef9,jobberman,field-service-technician-crushing-screening-20ezn6,Field Service Technician- Crushing & Screening,,,,Ghana,unknown,,,,,,,,,,,,https://www.jobberman.com.gh/listings/field-service-technician-crushing-screening-20ezn6,2026-09-05T17:12:48+00:00
d0eb5f35ac6761ad,jobberman,deputy-representative-operations-p-4-fixed-term-accra-ghana-5974-wpvmxg,"Deputy Representative Operations, (p-4) Fixed Term – Accra, Ghana # 5974",,,,Ghana,unknown,,,,,,,,,,,,https://www.jobberman.com.gh/listings/deputy-representative-operations-p-4-fixed-term-accra-ghana-5974-wpvmxg,2026-09-05T17:12:48+00:00
3daf87b58ac9cb47,jobberman,supervisor-electrical-energy-management-07epzx,"Supervisor, Electrical & Energy Management",,,,Ghana,unknown,,,,,,,,,,,,https://www.jobberman.com.gh/listings/supervisor-electrical-energy-management-07epzx,2026-09-05T17:12:48+00:00
693c20daf5027171,jobberman,ai-platform-engineer-vw7mk5,Ai Platform Engineer,,,,Ghana,unknown,,,,,,,,,,,Data & AI,https://www.jobberman.com.gh/listings/ai-platform-engineer-vw7mk5,2026-09-05T17:12:59+00:00
1100d2e537e049f4,jobberman,senior-devops-engineer-jq8mzr,Senior Devops Engineer,,,,Ghana,unknown,,,,,,,,,,,DevOps & Cloud,https://www.jobberman.com.gh/listings/senior-devops-engineer-jq8mzr,2026-09-05T17:12:59+00:00
c1c0256c3d02b952,jobberman,monitoring-evaluation-research-and-learning-merl-associate-20m4me,"Monitoring, Evaluation, Research, and Learning (MERL) Associate & Data Analyst",,,,Ghana,unknown,,,,,,,,,,,Data & AI,https://www.jobberman.com.gh/listings/monitoring-evaluation-research-and-learning-merl-associate-20m4me,2026-09-05T17:13:10+00:00
1e67838d7b5b244b,jobberman,credit-analyst-gwxnmn-v1,Credit Analyst,,,,Ghana,unknown,,,,,,,,,,,,https://www.jobberman.com.gh/listings/credit-analyst-gwxnmn-v1,2026-09-05T17:13:10+00:00
5af73574d70c2463,jobberman,part-time-data-analytics-tutor-q20pkk-v1,Part-time Data Analytics Tutor,,,,Ghana,unknown,,,,,,,,,,,Other Tech,https://www.jobberman.com.gh/listings/part-time-data-analytics-tutor-q20pkk-v1,2026-09-05T17:13:10+00:00
53e62d0e96517f07,jobberman,analyst-commercial-planning-k84mpv,"Analyst, Commercial Planning",,,,Ghana,unknown,,,,,,,,,,,,https://www.jobberman.com.gh/listings/analyst-commercial-planning-k84mpv,2026-09-05T17:13:10+00:00
11289c52fc9d6791,jobberman,bank-of-baroda-so-recruitment-2026-out-apply-now-for-1100-posts-07ep6w,Bank Of Baroda So Recruitment 2026 Out – Apply Now For 1100 Posts,,,,Ghana,unknown,,,,,,,,,,,,https://www.jobberman.com.gh/listings/bank-of-baroda-so-recruitment-2026-out-apply-now-for-1100-posts-07ep6w,2026-09-05T17:13:10+00:00
054ed12fce36b7e6,jobberman,customer-experience-analyst-zpmg09-v1,Customer Experience Analyst,,,,Ghana,unknown,,,,,,,,,,,,https://www.jobberman.com.gh/listings/customer-experience-analyst-zpmg09-v1,2026-09-05T17:13:10+00:00
981a34f4486fa395,jobberman,coordinator-enterprise-value-management-mgxm6d,"Coordinator, Enterprise Value Management",,,,Ghana,unknown,,,,,,,,,,,Other Tech,https://www.jobberman.com.gh/listings/coordinator-enterprise-value-management-mgxm6d,2026-09-05T17:13:10+00:00
906960603a8ea4a9,jobberman,quality-assurance-officer-vw82kp-v1,Quality Assurance Officer,,,,Ghana,unknown,,,,,,,,,,,QA & Testing,https://www.jobberman.com.gh/listings/quality-assurance-officer-vw82kp-v1,2026-09-05T17:13:10+00:00
480c379afa28f765,jobberman,research-chemist-scientist-polymer-innovation-product-development-vw872m-v1,Research Chemist / Scientist – Polymer Innovation & Product Development,,,,Ghana,unknown,,,,,,,,,,,,https://www.jobberman.com.gh/listings/research-chemist-scientist-polymer-innovation-product-development-vw872m-v1,2026-09-05T17:13:18+00:00
effaad7c7fde5b55,jobberman,marketing-executive-5djmqg,Marketing Executive,,,,Ghana,unknown,,,,,,,,,,,,https://www.jobberman.com.gh/listings/marketing-executive-5djmqg,2026-09-05T17:13:27+00:00
3afae9b312dd68e0,jobberman,dyno-operator-9j74p0-v1,Dyno Operator,,,,Ghana,unknown,,,,,,,,,,,,https://www.jobberman.com.gh/listings/dyno-operator-9j74p0-v1,2026-09-05T17:13:27+00:00
efbef44fb746baf5,jobberman,manager-senior-site-reliability-engineer-sre-vw8nj2-v1,Manager: Senior Site Reliability Engineer (sre),,,,Ghana,unknown,,,,,,,,,,,DevOps & Cloud,https://www.jobberman.com.gh/listings/manager-senior-site-reliability-engineer-sre-vw8nj2-v1,2026-09-05T17:13:27+00:00
11e48ea4b2825fac,jobberman,quality-control-officers-9j7ex0,Quality Control Officers,,,,Ghana,unknown,,,,,,,,,,,,https://www.jobberman.com.gh/listings/quality-control-officers-9j7ex0,2026-09-05T17:13:27+00:00
4844fd6b7f65489c,jobberman,specialist-metallurgy-wp4q7z-v1,"Specialist, Metallurgy",,,,Ghana,unknown,,,,,,,,,,,,https://www.jobberman.com.gh/listings/specialist-metallurgy-wp4q7z-v1,2026-09-05T17:13:27+00:00
c4a7a3dbf9bc9282,jobberman,electrical-supervisor-underground-4nzjqp,Electrical Supervisor – Underground,,,,Ghana,unknown,,,,,,,,,,,,https://www.jobberman.com.gh/listings/electrical-supervisor-underground-4nzjqp,2026-09-05T17:13:31+00:00
88a388774d3b3e52,jobberman,digital-marketing-investor-relations-specialist-wp4vqp-v1,Digital Marketing & Investor Relations Specialist,,,,Ghana,unknown,,,,,,,,,,,,https://www.jobberman.com.gh/listings/digital-marketing-investor-relations-specialist-wp4vqp-v1,2026-09-05T17:13:31+00:00
6bb6d619c80ddae5,jobberman,head-of-operations-ev4gzv-v1,Head Of Operations,,,,Ghana,unknown,,,,,,,,,,,,https://www.jobberman.com.gh/listings/head-of-operations-ev4gzv-v1,2026-09-05T17:13:31+00:00
96ccc4ae188fc4b1,jobberman,research-assistant-mechanical-product-design-engineer-6-months-vw8nvk-v1,Research Assistant – Mechanical / Product Design Engineer (6 Months),,,,Ghana,unknown,,,,,,,,,,,Other Tech,https://www.jobberman.com.gh/listings/research-assistant-mechanical-product-design-engineer-6-months-vw8nvk-v1,2026-09-05T17:13:31+00:00
df9a66fe9b5e75ab,jobberman,winder-engine-driver-5djee0-v2,Winder Engine Driver,,,,Ghana,unknown,,,,,,,,,,,,https://www.jobberman.com.gh/listings/winder-engine-driver-5djee0-v2,2026-09-05T17:13:31+00:00
25a6bb5926f9fdd7,jobberman,control-instrumentation-ci-reliability-engineer-d7vr9g,Control & Instrumentation (c&i) Reliability Engineer,,,,Ghana,unknown,,,,,,,,,,,Other Tech,https://www.jobberman.com.gh/listings/control-instrumentation-ci-reliability-engineer-d7vr9g,2026-09-05T17:13:31+00:00
8f502b2fd73e1c98,jobberman,winder-engineer-electrical-pmvzxr-v2,Winder Engineer – Electrical,,,,Ghana,unknown,,,,,,,,,,,Other Tech,https://www.jobberman.com.gh/listings/winder-engineer-electrical-pmvzxr-v2,2026-09-05T17:13:31+00:00
e6a4305581f307c0,jobberman,chief-executiv-office-r89d4x-v1,Chief Executiv Office,,,,Ghana,unknown,,,,,,,,,,,,https://www.jobberman.com.gh/listings/chief-executiv-office-r89d4x-v1,2026-09-05T17:13:31+00:00
c64c5191cebbc0ed,jobberman,mechanical-supervisor-processing-plant-846eqp-v1,Mechanical Supervisor – Processing Plant,,,,Ghana,unknown,,,,,,,,,,,,https://www.jobberman.com.gh/listings/mechanical-supervisor-processing-plant-846eqp-v1,2026-09-05T17:13:31+00:00
d18b1f6e430cb4dd,jobberman,material-handling-supervisor-07rep8-v1,Material Handling Supervisor,,,,Ghana,unknown,,,,,,,,,,,,https://www.jobberman.com.gh/listings/material-handling-supervisor-07rep8-v1,2026-09-05T17:13:31+00:00
72ea678d0c6f5ea5,jobberman,private-equity-investment-analyst-national-service-personnel-cardinalstone-capital-advisors-ghana-vw8nr2-v1,Private Equity Investment Analyst (national Service Personnel) - Cardinalstone Capital Advisors (ghana),,,,Ghana,unknown,,,,,,,,,,,,https://www.jobberman.com.gh/listings/private-equity-investment-analyst-national-service-personnel-cardinalstone-capital-advisors-ghana-vw8nr2-v1,2026-09-05T17:13:33+00:00
e89c2ff34db75a95,jobberman,procurement-coordinator-npm5dk,Procurement Coordinator,,,,Ghana,unknown,,,,,,,,,,,,https://www.jobberman.com.gh/listings/procurement-coordinator-npm5dk,2026-09-05T17:13:33+00:00
bcee59d699bc8126,jobberman,cofounder-ceo-equityonly-small-monthly-allowance-9je098,Co‑founder & Ceo (equity‑only + Small Monthly Allowance),,,,Ghana,unknown,,,,,,,,,,,,https://www.jobberman.com.gh/listings/cofounder-ceo-equityonly-small-monthly-allowance-9je098,2026-09-05T17:13:33+00:00
d72427b45be16c69,jobberman,room-divisions-manager-4nke99-v1,Room Divisions Manager,,,,Ghana,unknown,,,,,,,,,,,,https://www.jobberman.com.gh/listings/room-divisions-manager-4nke99-v1,2026-09-05T17:13:33+00:00
e18c7c25233c5fd1,jobberman,junior-electrical-mechanical-engineers-mg2xez-v1,Junior Electrical/ Mechanical Engineers,,,,Ghana,unknown,,,,,,,,,,,Other Tech,https://www.jobberman.com.gh/listings/junior-electrical-mechanical-engineers-mg2xez-v1,2026-09-05T17:13:42+00:00
e41d72fb57187625,jobberman,hse-manager-pmzppw-v1,Hse Manager,,,,Ghana,unknown,,,,,,,,,,,,https://www.jobberman.com.gh/listings/hse-manager-pmzppw-v1,2026-09-05T17:13:42+00:00
ea8dccd7ee7e1f26,jobberman,ip-network-services-planning-specialist-7w2ejx-v1,Ip Network & Services Planning Specialist,,,,Ghana,unknown,,,,,,,,,,,,https://www.jobberman.com.gh/listings/ip-network-services-planning-specialist-7w2ejx-v1,2026-09-05T17:13:53+00:00
25089cd2b0cbcbf3,jobberman,manager-senior-service-monitoring-analyst-np6reg-v1,Manager: Senior Service Monitoring Analyst,,,,Ghana,unknown,,,,,,,,,,,,https://www.jobberman.com.gh/listings/manager-senior-service-monitoring-analyst-np6reg-v1,2026-09-05T17:13:53+00:00
6bb9949fb72b86f9,jobberman,sales-specialist-medicallaboratory-devices-and-consumables-gwx2v2-v1,Sales Specialist ( Medical/laboratory Devices And Consumables),,,,Ghana,unknown,,,,,,,,,,,,https://www.jobberman.com.gh/listings/sales-specialist-medicallaboratory-devices-and-consumables-gwx2v2-v1,2026-09-05T17:14:05+00:00
5e62a599ccb6f38c,jobberman,regulatory-compliance-administration-officer-wp448k-v1,"Regulatory, Compliance & Administration Officer",,,,Ghana,unknown,,,,,,,,,,,,https://www.jobberman.com.gh/listings/regulatory-compliance-administration-officer-wp448k-v1,2026-09-05T17:14:09+00:00
ede02fcbf90b1bb1,jobberman,data-entry-clerk-gh-zpn2wg,Data Entry Clerk Gh,,,,Ghana,unknown,,,,,,,,,,,Other Tech,https://www.jobberman.com.gh/listings/data-entry-clerk-gh-zpn2wg,2026-09-05T17:14:09+00:00
7dfaf498f65b5b20,jobberman,administrative-specialist-gh-vw7mrp,Administrative Specialist Gh,,,,Ghana,unknown,,,,,,,,,,,,https://www.jobberman.com.gh/listings/administrative-specialist-gh-vw7mrp,2026-09-05T17:14:09+00:00
9efa948da74535c8,jobberman,administration-and-training-manager-9j774n-v1,Administration And Training Manager,,,,Ghana,unknown,,,,,,,,,,,,https://www.jobberman.com.gh/listings/administration-and-training-manager-9j774n-v1,2026-09-05T17:14:09+00:00
a9cdc1c9fa8d5009,jobberman,6-months-internship-corporate-admin-assistance-zpn26x,6 Months Internship-corporate Admin Assistance,,,,Ghana,unknown,,,,,,,,,,,,https://www.jobberman.com.gh/listings/6-months-internship-corporate-admin-assistance-zpn26x,2026-09-05T17:14:09+00:00
ae093d506a843a9c,jobberman,human-resource-officer-school-setting-experience-9je0gx,Human Resource Officer- School Setting Experience,,,,Ghana,unknown,,,,,,,,,,,,https://www.jobberman.com.gh/listings/human-resource-officer-school-setting-experience-9je0gx,2026-09-05T17:14:09+00:00
313603880e82747c,jobberman,director-of-allied-health-mg2xdj-v1,Director Of Allied Health,,,,Ghana,unknown,,,,,,,,,,,,https://www.jobberman.com.gh/listings/director-of-allied-health-mg2xdj-v1,2026-09-05T17:14:09+00:00
57c4e93ff2fd824e,jobberman,human-resource-administrative-assistant-20mpvj-v1,Human Resource Administrative Assistant,,,,Ghana,unknown,,,,,,,,,,,,https://www.jobberman.com.gh/listings/human-resource-administrative-assistant-20mpvj-v1,2026-09-05T17:14:09+00:00
13d5e55454ea1073,jobberman,project-assistant-gh-5dewqe,Project Assistant Gh,,,,Ghana,unknown,,,,,,,,,,,,https://www.jobberman.com.gh/listings/project-assistant-gh-5dewqe,2026-09-05T17:14:09+00:00
dc9c190f4bbc2f10,jobberman,operations-assistant-gh-ev0dm6,Operations Assistant Gh,,,,Ghana,unknown,,,,,,,,,,,,https://www.jobberman.com.gh/listings/operations-assistant-gh-ev0dm6,2026-09-05T17:14:09+00:00
4230b195650649ed,jobberman,onsite-manager-6dpp46-v1,Onsite Manager,,,,Ghana,onsite,,,,,,,,,,,,https://www.jobberman.com.gh/listings/onsite-manager-6dpp46-v1,2026-09-05T17:14:09+00:00
84f08ae6b8d277c3,jobberman,territory-sales-manager-mg2zkr-v1,Territory Sales Manager,,,,Ghana,unknown,,,,,,,,,,,,https://www.jobberman.com.gh/listings/territory-sales-manager-mg2zkr-v1,2026-09-05T17:14:09+00:00
9c5133139449710a,jobberman,issuing-officer-r8p245,Issuing Officer,,,,Ghana,unknown,,,,,,,,,,,,https://www.jobberman.com.gh/listings/issuing-officer-r8p245,2026-09-05T17:14:09+00:00
fa1f0ee99fc6cc78,jobberman,general-manager-4nzjrr,General Manager,,,,Ghana,unknown,,,,,,,,,,,,https://www.jobberman.com.gh/listings/general-manager-4nzjrr,2026-09-05T17:14:12+00:00
3450df25bfc00cd9,jobberman,sales-officer-jq8m7g,Sales Officer,,,,Ghana,unknown,,,,,,,,,,,,https://www.jobberman.com.gh/listings/sales-officer-jq8m7g,2026-09-05T17:14:12+00:00
84cb90909f21e202,jobberman,national-service-personnel-np6rrk-v1,National Service Personnel,,,,Ghana,unknown,,,,,,,,,,,,https://www.jobberman.com.gh/listings/national-service-personnel-np6rrk-v1,2026-09-05T17:14:12+00:00
710a7414bf5ca5aa,jobberman,data-processing-specialist-gh-ev0dz6,Data Processing Specialist Gh,,,,Ghana,unknown,,,,,,,,,,,Other Tech,https://www.jobberman.com.gh/listings/data-processing-specialist-gh-ev0dz6,2026-09-05T17:14:12+00:00
1a8e2a496bc2676b,jobberman,scheduling-coordinator-gh-9je0zj,Scheduling Coordinator Gh,,,,Ghana,unknown,,,,,,,,,,,,https://www.jobberman.com.gh/listings/scheduling-coordinator-gh-9je0zj,2026-09-05T17:14:12+00:00
ad9a18aee87b9a78,jobberman,field-sales-agent-k8j9vw-v1,Field Sales Agent,,,,Ghana,unknown,,,,,,,,,,,,https://www.jobberman.com.gh/listings/field-sales-agent-k8j9vw-v1,2026-09-05T17:14:12+00:00
41e14cfbf8508420,jobberman,warehouse-manager-9j7pmx-v1,Warehouse Manager,,,,Ghana,unknown,,,,,,,,,,,,https://www.jobberman.com.gh/listings/warehouse-manager-9j7pmx-v1,2026-09-05T17:14:12+00:00
fa98887a1f4be04a,jobberman,records-specialist-gh-6de7w7,Records Specialist Gh,,,,Ghana,unknown,,,,,,,,,,,,https://www.jobberman.com.gh/listings/records-specialist-gh-6de7w7,2026-09-05T17:14:12+00:00
fda689196a175483,jobberman,hwf-warehouse-specialist-mj002050-jqknxg-v1,Hwf (warehouse Specialist) (mj002050),,,,Ghana,unknown,,,,,,,,,,,,https://www.jobberman.com.gh/listings/hwf-warehouse-specialist-mj002050-jqknxg-v1,2026-09-05T17:14:12+00:00
20c98ddcb58530d6,jobberman,director-route-to-market-xpr552-v1,"Director, Route To Market",,,,Ghana,unknown,,,,,,,,,,,,https://www.jobberman.com.gh/listings/director-route-to-market-xpr552-v1,2026-09-05T17:14:12+00:00
dbd115442c4591f6,jobberman,finished-product-warehouse-issuing-manager-k8jwv8-v1,Finished Product Warehouse Issuing Manager,,,,Ghana,unknown,,,,,,,,,,,,https://www.jobberman.com.gh/listings/finished-product-warehouse-issuing-manager-k8jwv8-v1,2026-09-05T17:14:12+00:00
bddd25299f281b86,jobberman,procurement-officer-wp4q05-v1,Procurement Officer,,,,Ghana,unknown,,,,,,,,,,,,https://www.jobberman.com.gh/listings/procurement-officer-wp4q05-v1,2026-09-05T17:14:12+00:00
7ceaf7c787147455,jobberman,sales-consultant-ghana-accra-gwxegn-v1,Sales Consultant- Ghana (accra),,,,Ghana,unknown,,,,,,,,,,,,https://www.jobberman.com.gh/listings/sales-consultant-ghana-accra-gwxegn-v1,2026-09-05T17:14:15+00:00
d8e311acc2c9b540,jobberman,patient-growth-coordinator-7w2kkq-v1,Patient Growth Coordinator,,,,Ghana,unknown,,,,,,,,,,,,https://www.jobberman.com.gh/listings/patient-growth-coordinator-7w2kkq-v1,2026-09-05T17:14:15+00:00
f85638c55be30c71,jobberman,recruitment-manager-7w2nng-v1,Recruitment Manager,,,,Ghana,unknown,,,,,,,,,,,,https://www.jobberman.com.gh/listings/recruitment-manager-7w2nng-v1,2026-09-05T17:14:15+00:00
fc44b0e6de7b22e7,jobberman,sales-executive-heavy-machinery-ev40xv-v1,Sales Executive - Heavy Machinery,,,,Ghana,unknown,,,,,,,,,,,,https://www.jobberman.com.gh/listings/sales-executive-heavy-machinery-ev40xv-v1,2026-09-05T17:14:15+00:00
de0796edd57364bf,jobberman,account-assistant-20me6q-v1,Account Assistant,,,,Ghana,unknown,,,,,,,,,,,,https://www.jobberman.com.gh/listings/account-assistant-20me6q-v1,2026-09-05T17:14:15+00:00
19ca3b075ef006ed,jobberman,real-estate-associate-vw7mq5,Real Estate Associate,,,,Ghana,unknown,,,,,,,,,,,,https://www.jobberman.com.gh/listings/real-estate-associate-vw7mq5,2026-09-05T17:14:15+00:00
11064963508ef66c,jobberman,real-estate-associate-pmzp7m,Real Estate Associate,,,,Ghana,unknown,,,,,,,,,,,,https://www.jobberman.com.gh/listings/real-estate-associate-pmzp7m,2026-09-05T17:14:15+00:00
7bba5ed7789ab42e,jobberman,taxi-fleet-specialist-9j7egw-v1,Taxi Fleet Specialist,,,,Ghana,unknown,,,,,,,,,,,,https://www.jobberman.com.gh/listings/taxi-fleet-specialist-9j7egw-v1,2026-09-05T17:14:15+00:00
441fd6c65afdf1aa,jobberman,training-officer-4nkev5-v1,Training Officer,,,,Ghana,unknown,,,,,,,,,,,,https://www.jobberman.com.gh/listings/training-officer-4nkev5-v1,2026-09-05T17:14:15+00:00
ce0ac627a7dab44f,jobberman,human-resources-manager-gwxver-v1,Human Resources Manager,,,,Ghana,unknown,,,,,,,,,,,,https://www.jobberman.com.gh/listings/human-resources-manager-gwxver-v1,2026-09-05T17:14:15+00:00
4256642030974e42,jobberman,executive-secretary-ghana-7wevxm,Executive Secretary - Ghana,,,,Ghana,unknown,,,,,,,,,,,,https://www.jobberman.com.gh/listings/executive-secretary-ghana-7wevxm,2026-09-05T17:14:15+00:00
9ea0954e9a68e57d,jobberman,executive-secretary-ghana-7wevpn,Executive Secretary - Ghana,,,,Ghana,unknown,,,,,,,,,,,,https://www.jobberman.com.gh/listings/executive-secretary-ghana-7wevpn,2026-09-05T17:14:15+00:00
4579f82160d816f1,jobberman,chief-operating-officer-k8jj2z-v1,Chief Operating Officer,,,,Ghana,unknown,,,,,,,,,,,,https://www.jobberman.com.gh/listings/chief-operating-officer-k8jj2z-v1,2026-09-05T17:14:19+00:00
cf30b7ce9f9d8d9f,jobberman,front-office-manager-k8j4wv-v1,Front Office Manager,,,,Ghana,unknown,,,,,,,,,,,,https://www.jobberman.com.gh/listings/front-office-manager-k8j4wv-v1,2026-09-05T17:14:19+00:00
e1fe4b0c7520bcac,jobberman,recruitment-supervisor-mg22r9-v2,Recruitment Supervisor,,,,Ghana,unknown,,,,,,,,,,,,https://www.jobberman.com.gh/listings/recruitment-supervisor-mg22r9-v2,2026-09-05T17:14:19+00:00
7d947801886fcd8d,jobberman,sales-supervisor-alternative-business-markets-20m40k-v1,Sales Supervisor (alternative Business Markets),,,,Ghana,unknown,,,,,,,,,,,,https://www.jobberman.com.gh/listings/sales-supervisor-alternative-business-markets-20m40k-v1,2026-09-05T17:14:19+00:00
f18287533305d32b,jobberman,personal-assistant-human-resource-9je0wx,Personal Assistant - Human Resource,,,,Ghana,unknown,,,,,,,,,,,,https://www.jobberman.com.gh/listings/personal-assistant-human-resource-9je0wx,2026-09-05T17:14:19+00:00
b669808cb24cc1a5,jobberman,project-assistant-07rqqj-v1,Project Assistant,,,,Ghana,unknown,,,,,,,,,,,,https://www.jobberman.com.gh/listings/project-assistant-07rqqj-v1,2026-09-05T17:14:19+00:00
7b6f05d2482cb4c9,jobberman,project-coordinator-gh-5dew2e,Project Coordinator Gh,,,,Ghana,unknown,,,,,,,,,,,,https://www.jobberman.com.gh/listings/project-coordinator-gh-5dew2e,2026-09-05T17:14:19+00:00
4bf8ea775df7ee32,jobberman,project-coordinator-gh-20ez26,Project Coordinator Gh,,,,Ghana,unknown,,,,,,,,,,,,https://www.jobberman.com.gh/listings/project-coordinator-gh-20ez26,2026-09-05T17:14:19+00:00
054c3ca17d19fe1c,jobberman,sales-program-executive-5dew90,Sales & Program Executive,,,,Ghana,unknown,,,,,,,,,,,,https://www.jobberman.com.gh/listings/sales-program-executive-5dew90,2026-09-05T17:14:19+00:00
738673364c84d0f7,jobberman,librarian-6dpemp-v1,Librarian,,,,Ghana,unknown,,,,,,,,,,,,https://www.jobberman.com.gh/listings/librarian-6dpemp-v1,2026-09-05T17:14:19+00:00
4c3c7d12cead389b,jobberman,director-of-operations-b-5dew5r,Director Of Operations-b,,,,Ghana,unknown,,,,,,,,,,,,https://www.jobberman.com.gh/listings/director-of-operations-b-5dew5r,2026-09-05T17:14:19+00:00
a82aea45c1d8e7ba,jobberman,business-development-lead-ghana-b2b-saas-telecommunications-4nkex5-v1,Business Development Lead - Ghana | B2b Saas |telecommunications,,,,Ghana,unknown,,,,,,,,,,,Other Tech,https://www.jobberman.com.gh/listings/business-development-lead-ghana-b2b-saas-telecommunications-4nkex5-v1,2026-09-05T17:14:19+00:00
c0beb1fa55478cb2,jobberman,head-of-communications-and-public-relations-hcpr-5dj7jn-v1,Head Of Communications And Public Relations (hcpr),,,,Ghana,unknown,,,,,,,,,,,,https://www.jobberman.com.gh/listings/head-of-communications-and-public-relations-hcpr-5dj7jn-v1,2026-09-05T17:14:22+00:00
866f355b9074ff91,jobberman,head-of-grants-and-consultancy-hgc-d78x8m-v1,Head Of Grants And Consultancy (hgc),,,,Ghana,unknown,,,,,,,,,,,,https://www.jobberman.com.gh/listings/head-of-grants-and-consultancy-hgc-d78x8m-v1,2026-09-05T17:14:22+00:00
2277aefddab0756e,jobberman,gynecologist-4nkx4r-v1,Gynecologist,,,,Ghana,unknown,,,,,,,,,,,,https://www.jobberman.com.gh/listings/gynecologist-4nkx4r-v1,2026-09-05T17:14:22+00:00
b120cffff1900862,jobberman,it-field-service-field-support-engineer-07rmqz,IT Field Service / Field Support Engineer,,,,Ghana,unknown,,,,,,,,,,,Other Tech,https://www.jobberman.com.gh/listings/it-field-service-field-support-engineer-07rmqz,2026-09-05T17:14:25+00:00
786e52f00ae156cd,jobberman,engineer-networks-field-service-vw7mgm,"Engineer, Networks Field Service",,,,Ghana,unknown,,,,,,,,,,,Other Tech,https://www.jobberman.com.gh/listings/engineer-networks-field-service-vw7mgm,2026-09-05T17:14:25+00:00
c9f802e6fafa0d01,jobberman,operations-manager-r8p2jg,Operations Manager,,,,Ghana,unknown,,,,,,,,,,,,https://www.jobberman.com.gh/listings/operations-manager-r8p2jg,2026-09-05T17:14:25+00:00
cc242b260a6a49cf,jobberman,business-developer-intrapreneur-ghana-d788xr-v1,🇬🇭 Business Developer / Intrapreneur – Ghana,,,,Ghana,unknown,,,,,,,,,,,Software Development,https://www.jobberman.com.gh/listings/business-developer-intrapreneur-ghana-d788xr-v1,2026-09-05T17:14:25+00:00
b5df3d0c6ebef157,jobberman,general-manager-9je0rx,General Manager,,,,Ghana,unknown,,,,,,,,,,,,https://www.jobberman.com.gh/listings/general-manager-9je0rx,2026-09-05T17:14:25+00:00
78cde26a0c51c42f,jobberman,sales-engineer-6dp0pp-v1,Sales Engineer,,,,Ghana,unknown,,,,,,,,,,,Other Tech,https://www.jobberman.com.gh/listings/sales-engineer-6dp0pp-v1,2026-09-05T17:14:25+00:00
c909bb41ce535b8e,jobberman,electrical-technician-7w2nee-v1,Electrical Technician,,,,Ghana,unknown,,,,,,,,,,,,https://www.jobberman.com.gh/listings/electrical-technician-7w2nee-v1,2026-09-05T17:14:28+00:00
e012536b24bd2ec0,jobberman,project-manager-field-support-services-project-fssp-ghana-zpmgk8-v1,"Project Manager - Field Support Services Project (fssp), Ghana",,,,Ghana,unknown,,,,,,,,,,,,https://www.jobberman.com.gh/listings/project-manager-field-support-services-project-fssp-ghana-zpmgk8-v1,2026-09-05T17:14:28+00:00
8807aa6306048833,jobberman,office-assistant-846qmx,Office Assistant,,,,Ghana,unknown,,,,,,,,,,,,https://www.jobberman.com.gh/listings/office-assistant-846qmx,2026-09-05T17:14:37+00:00
8a3c4a5bb7ba38eb,jobberman,volunteer-wpvm2p,Volunteer,,,,Ghana,unknown,,,,,,,,,,,,https://www.jobberman.com.gh/listings/volunteer-wpvm2p,2026-09-05T17:14:37+00:00
a022b0ff51472633,jobberman,dean-school-of-performing-arts-mg26w9-v5,"Dean, School Of Performing Arts",,,,Ghana,unknown,,,,,,,,,,,,https://www.jobberman.com.gh/listings/dean-school-of-performing-arts-mg26w9-v5,2026-09-05T17:14:37+00:00
96e3eef59f7a99e2,jobberman,marketer-mg2892-v1,Marketer,,,,Ghana,unknown,,,,,,,,,,,,https://www.jobberman.com.gh/listings/marketer-mg2892-v1,2026-09-05T17:14:37+00:00
d3c136bd05484298,jobberman,marketer-846qxr-v1,Marketer,,,,Ghana,unknown,,,,,,,,,,,,https://www.jobberman.com.gh/listings/marketer-846qxr-v1,2026-09-05T17:14:37+00:00
3681baeb87374793,jobberman,sales-executive-steel-industry-5djj4e,Sales Executive - Steel Industry,,,,Ghana,unknown,,,,,,,,,,,,https://www.jobberman.com.gh/listings/sales-executive-steel-industry-5djj4e,2026-09-05T17:14:37+00:00
93de0d211cf65073,jobberman,corporate-relations-marketing-officer-vw8nwg-v1,Corporate Relations & Marketing Officer,,,,Ghana,unknown,,,,,,,,,,,,https://www.jobberman.com.gh/listings/corporate-relations-marketing-officer-vw8nwg-v1,2026-09-05T17:14:37+00:00
fd7213790fe53dec,jobberman,business-development-telesales-consultant-7wevr8,Business Development & Telesales Consultant,,,,Ghana,unknown,,,,,,,,,,,,https://www.jobberman.com.gh/listings/business-development-telesales-consultant-7wevr8,2026-09-05T17:14:41+00:00
a637323a72bf8d68,jobberman,industrial-electrician-maintenance-technician-9je06j,Industrial Electrician / Maintenance Technician,,,,Ghana,unknown,,,,,,,,,,,,https://www.jobberman.com.gh/listings/industrial-electrician-maintenance-technician-9je06j,2026-09-05T17:14:41+00:00
7e8b3527a7383269,jobberman,quality-control-lab-technician-npm5n9,Quality Control Lab Technician,,,,Ghana,unknown,,,,,,,,,,,,https://www.jobberman.com.gh/listings/quality-control-lab-technician-npm5n9,2026-09-05T17:14:41+00:00
f642e9d37ba87a3c,jobberman,live-in-domestic-assistant-childcare-support-4nkek5,Live-in House-Help & Childcare Support,,,,Ghana,unknown,,,,,,,,,,,,https://www.jobberman.com.gh/listings/live-in-domestic-assistant-childcare-support-4nkek5,2026-09-05T17:14:41+00:00
d2397558510fc37d,jobberman,proposal-project-coordinator-zpmgvq,Proposal-Project Coordinator,,,,Ghana,unknown,,,,,,,,,,,,https://www.jobberman.com.gh/listings/proposal-project-coordinator-zpmgvq,2026-09-05T17:14:41+00:00
c560a5e1c0248e71,jobberman,administrative-secretary-officer-6dpg96,Administrative & Secretary Officer,,,,Ghana,unknown,,,,,,,,,,,,https://www.jobberman.com.gh/listings/administrative-secretary-officer-6dpg96,2026-09-05T17:14:41+00:00
65e5fc4bdf5d0084,jobberman,accounts-assistant-7w2kq5,Accounts Assistant,,,,Ghana,unknown,,,,,,,,,,,,https://www.jobberman.com.gh/listings/accounts-assistant-7w2kq5,2026-09-05T17:14:41+00:00
ddad8d0f1f9d3f6a,jobberman,human-resource-officer-school-based-84e05p,Human Resource Officer (School-based),,,,Ghana,unknown,,,,,,,,,,,,https://www.jobberman.com.gh/listings/human-resource-officer-school-based-84e05p,2026-09-05T17:14:41+00:00
b39cb69e4e13061c,jobberman,principal-marketing-advertising-officer-07rmw8,Principal Marketing & Advertising Officer,,,,Ghana,unknown,,,,,,,,,,,,https://www.jobberman.com.gh/listings/principal-marketing-advertising-officer-07rmw8,2026-09-05T17:14:41+00:00
5cf7fef48725c50f,jobberman,special-needs-teacher-r89d9n,Special needs teacher,,,,Ghana,unknown,,,,,,,,,,,,https://www.jobberman.com.gh/listings/special-needs-teacher-r89d9n,2026-09-05T17:14:41+00:00
43a094fc6b75ff22,jobberman,accountant-vw828w,Accountant,,,,Ghana,unknown,,,,,,,,,,,,https://www.jobberman.com.gh/listings/accountant-vw828w,2026-09-05T17:14:41+00:00
f2ea07e4b8727ecd,jobberman,project-manager-d78xmw,Project Manager,,,,Ghana,unknown,,,,,,,,,,,,https://www.jobberman.com.gh/listings/project-manager-d78xmw,2026-09-05T17:14:41+00:00
1051433ba809d060,jobberman,mechanical-engineer-xpr49v,Mechanical Engineer,,,,Ghana,unknown,,,,,,,,,,,Other Tech,https://www.jobberman.com.gh/listings/mechanical-engineer-xpr49v,2026-09-05T17:14:41+00:00
c7616e55b9f822b4,jobberman,accountant-mg28q2,Accountant,,,,Ghana,unknown,,,,,,,,,,,,https://www.jobberman.com.gh/listings/accountant-mg28q2,2026-09-05T17:14:41+00:00
70ff656fea01feca,jobberman,site-engineer-np6rmg,Site Engineer,,,,Ghana,unknown,,,,,,,,,,,Other Tech,https://www.jobberman.com.gh/listings/site-engineer-np6rmg,2026-09-05T17:14:41+00:00
798f7bb09e967cbf,jobberman,civil-engineer-q20pj7,Civil Engineer,,,,Ghana,unknown,,,,,,,,,,,Other Tech,https://www.jobberman.com.gh/listings/civil-engineer-q20pj7,2026-09-05T17:14:44+00:00
1b901bea83b05414,jobberman,office-administrator-ev460d,Office Administrator,,,,Ghana,unknown,,,,,,,,,,,,https://www.jobberman.com.gh/listings/office-administrator-ev460d,2026-09-05T17:14:44+00:00
0fd0f046a3fddef0,jobberman,customer-service-manager-communications-relation-6de747,Customer Service Manager & Communications Relation,,,,Ghana,unknown,,,,,,,,,,,,https://www.jobberman.com.gh/listings/customer-service-manager-communications-relation-6de747,2026-09-05T17:14:44+00:00
949dbc5dc6762b6a,jobberman,customer-service-communications-manager-r89drm,Customer Service & Communications Manager,,,,Ghana,unknown,,,,,,,,,,,,https://www.jobberman.com.gh/listings/customer-service-communications-manager-r89drm,2026-09-05T17:14:44+00:00
fb23f6357d01fb8b,jobberman,administrative-officer-gwn5m0,Administrative Officer,,,,Ghana,unknown,,,,,,,,,,,,https://www.jobberman.com.gh/listings/administrative-officer-gwn5m0,2026-09-05T17:14:44+00:00
28ce0422c061da48,jobberman,accountant-r8p28j,Accountant,,,,Ghana,unknown,,,,,,,,,,,,https://www.jobberman.com.gh/listings/accountant-r8p28j,2026-09-05T17:14:44+00:00
f2bf5d993691a09b,jobberman,reconciliation-accountant-mgxmgd,Reconciliation Accountant,,,,Ghana,unknown,,,,,,,,,,,,https://www.jobberman.com.gh/listings/reconciliation-accountant-mgxmgd,2026-09-05T17:14:44+00:00
1df9469f40a53d97,jobberman,student-success-manager-07rmrm,Student Success Manager,,,,Ghana,unknown,,,,,,,,,,,,https://www.jobberman.com.gh/listings/student-success-manager-07rmrm,2026-09-05T17:14:44+00:00
ebe4ef4c268782e0,jobberman,finance-manager-xp0dpq,Finance Manager,,,,Ghana,unknown,,,,,,,,,,,,https://www.jobberman.com.gh/listings/finance-manager-xp0dpq,2026-09-05T17:14:44+00:00
7d5cf43b6f4c84a9,jobberman,account-officer-stock-sales-7w2kz5,Account Officer (Stock & Sales),,,,Ghana,unknown,,,,,,,,,,,,https://www.jobberman.com.gh/listings/account-officer-stock-sales-7w2kz5,2026-09-05T17:14:44+00:00
adaaeaf1a633790d,jobberman,hr-manager-4nzjnr,HR Manager,,,,Ghana,unknown,,,,,,,,,,,,https://www.jobberman.com.gh/listings/hr-manager-4nzjnr,2026-09-05T17:14:44+00:00
25635594a5655df5,jobberman,corporate-ehs-manager-ehqs-manager-ehs-discipline-5dewzr,Corporate EHS Manager (EHQS Manager - EHS Discipline),,,,Ghana,unknown,,,,,,,,,,,,https://www.jobberman.com.gh/listings/corporate-ehs-manager-ehqs-manager-ehs-discipline-5dewzr,2026-09-05T17:14:44+00:00
605cab271f828ee5,jobberman,visa-officer-zpm79v,Visa Officer,,,,Ghana,unknown,,,,,,,,,,,,https://www.jobberman.com.gh/listings/visa-officer-zpm79v,2026-09-05T17:14:44+00:00
76ab3b5e4e398051,jobberman,finance-and-administration-manager-20ezwk,Finance and Administration Manager,,,,Ghana,unknown,,,,,,,,,,,,https://www.jobberman.com.gh/listings/finance-and-administration-manager-20ezwk,2026-09-05T17:14:44+00:00
72960a1579345f92,jobberman,country-engagement-team-cet-administrative-assistant-5dj7qx,Country Engagement Team (CET) - Administrative Assistant,,,,Ghana,unknown,,,,,,,,,,,,https://www.jobberman.com.gh/listings/country-engagement-team-cet-administrative-assistant-5dj7qx,2026-09-05T17:14:44+00:00
e1e157163a27a723,jobberman,accountant-gwn5zq,Accountant,,,,Ghana,unknown,,,,,,,,,,,,https://www.jobberman.com.gh/listings/accountant-gwn5zq,2026-09-05T17:14:44+00:00
ac6712da88e8b6dd,jobberman,accountant-xpr440,Accountant,,,,Ghana,unknown,,,,,,,,,,,,https://www.jobberman.com.gh/listings/accountant-xpr440,2026-09-05T17:14:47+00:00
8cc25a08ff19f3c9,jobberman,sales-marketing-operations-officer-6dp0zj,Sales & Marketing Operations Officer,,,,Ghana,unknown,,,,,,,,,,,,https://www.jobberman.com.gh/listings/sales-marketing-operations-officer-6dp0zj,2026-09-05T17:14:47+00:00
a1206e149561c171,jobberman,driver-20mpwd,Company Driver,,,,Ghana,unknown,,,,,,,,,,,,https://www.jobberman.com.gh/listings/driver-20mpwd,2026-09-05T17:14:47+00:00
4c06a8a2c69680f1,jobberman,studio-manager-wp4qnm,Office Manager,,,,Ghana,unknown,,,,,,,,,,,,https://www.jobberman.com.gh/listings/studio-manager-wp4qnm,2026-09-05T17:14:47+00:00
b594a4ee4af86265,jobberman,junior-architect-4nke52,Junior Architect,,,,Ghana,unknown,,,,,,,,,,,,https://www.jobberman.com.gh/listings/junior-architect-4nke52,2026-09-05T17:14:47+00:00
ee1690c3e5edd46e,jobberman,technical-sales-specialist-poultry-livestock-wp4djg,Technical Sales Specialist (Poultry & Livestock),,,,Ghana,unknown,,,,,,,,,,,Other Tech,https://www.jobberman.com.gh/listings/technical-sales-specialist-poultry-livestock-wp4djg,2026-09-05T17:14:47+00:00
d6f6d3e788a90b16,jobberman,recruiter-q20pr7,Recruiter,,,,Ghana,unknown,,,,,,,,,,,,https://www.jobberman.com.gh/listings/recruiter-q20pr7,2026-09-05T17:14:47+00:00
40fb1816c7ca9ec6,jobberman,human-resource-generalistoutsourcing-wp4q6z,Human Resource Generalist(Outsourcing),,,,Ghana,unknown,,,,,,,,,,,,https://www.jobberman.com.gh/listings/human-resource-generalistoutsourcing-wp4q6z,2026-09-05T17:14:47+00:00
9cd61950b6a8f4e3,jobberman,project-coordinator-jq8mxr,Project Coordinator,,,,Ghana,unknown,,,,,,,,,,,,https://www.jobberman.com.gh/listings/project-coordinator-jq8mxr,2026-09-05T17:14:47+00:00
c2201f23ca9bf2ed,jobberman,plant-and-equipment-manager-k84mx5,Plant and Equipment Manager,,,,Ghana,unknown,,,,,,,,,,,,https://www.jobberman.com.gh/listings/plant-and-equipment-manager-k84mx5,2026-09-05T17:14:47+00:00
ed442f7c163ebfab,jobberman,credit-control-collections-r89dg9,Credit Control & Collections Officer,,,,Ghana,unknown,,,,,,,,,,,,https://www.jobberman.com.gh/listings/credit-control-collections-r89dg9,2026-09-05T17:14:47+00:00
27582d8c417c992d,jobberman,chemistry-teacher-cambridge-igcse-cambridge-international-a-level-6dp0kd,Chemistry Teacher (Cambridge IGCSE & Cambridge International A Level),,,,Ghana,unknown,,,,,,,,,,,,https://www.jobberman.com.gh/listings/chemistry-teacher-cambridge-igcse-cambridge-international-a-level-6dp0kd,2026-09-05T17:14:47+00:00
260537f42ff332a6,jobberman,ict-teacher-cambridge-igcse-cambridge-international-a-level-7w2n5j,ICT Teacher (Cambridge IGCSE & Cambridge International A Level),,,,Ghana,unknown,,,,,,,,,,,Other Tech,https://www.jobberman.com.gh/listings/ict-teacher-cambridge-igcse-cambridge-international-a-level-7w2n5j,2026-09-05T17:14:47+00:00
ec6f499413c42ac1,jobberman,technical-office-manager-wpvmn6,Technical Office Manager,,,,Ghana,unknown,,,,,,,,,,,Other Tech,https://www.jobberman.com.gh/listings/technical-office-manager-wpvmn6,2026-09-05T17:14:47+00:00
bda4616b7b42e88b,jobberman,project-coordinator-6de7ng,Project Coordinator,,,,Ghana,unknown,,,,,,,,,,,,https://www.jobberman.com.gh/listings/project-coordinator-6de7ng,2026-09-05T17:14:47+00:00
ad087acd3cc9ed01,jobberman,executive-manager-r89dd9,Executive Manager,,,,Ghana,unknown,,,,,,,,,,,,https://www.jobberman.com.gh/listings/executive-manager-r89dd9,2026-09-05T17:14:47+00:00
7b6a349b187e2f66,jobberman,business-manager-846qpx,Business Manager,,,,Ghana,unknown,,,,,,,,,,,,https://www.jobberman.com.gh/listings/business-manager-846qpx,2026-09-05T17:14:51+00:00
5d175665d3ae5593,jobberman,field-sales-and-training-manager-zpn2zn,Field Sales and Training Manager,,,,Ghana,unknown,,,,,,,,,,,,https://www.jobberman.com.gh/listings/field-sales-and-training-manager-zpn2zn,2026-09-05T17:14:51+00:00
cc667bc6a3eacaf1,jobberman,junior-accountant-accounts-procurement-846qdz,Junior Accountant (Accounts & Procurement),,,,Ghana,unknown,,,,,,,,,,,,https://www.jobberman.com.gh/listings/junior-accountant-accounts-procurement-846qdz,2026-09-05T17:14:51+00:00
af4d6e4a0d0fb87f,jobberman,customer-service-app-support-agent-q20p9v,Customer Service & App Support Agent,,,,Ghana,unknown,,,,,,,,,,,,https://www.jobberman.com.gh/listings/customer-service-app-support-agent-q20p9v,2026-09-05T17:14:51+00:00
04a70454a4ec9da5,jobberman,early-childhoodelementary-school-teacherspreschool-teaching-assistants-q20mgw,Early Childhood/Elementary school teachers/Preschool Teaching Assistants,,,,Ghana,unknown,,,,,,,,,,,,https://www.jobberman.com.gh/listings/early-childhoodelementary-school-teacherspreschool-teaching-assistants-q20mgw,2026-09-05T17:14:51+00:00
06f108cc65ec7d2b,jobberman,conservation-program-associate-avu-lagoon-wi-ghana-07ep7g,Conservation Program Associate -(Avu Lagoon),,,,Ghana,unknown,,,,,,,,,,,,https://www.jobberman.com.gh/listings/conservation-program-associate-avu-lagoon-wi-ghana-07ep7g,2026-09-05T17:14:51+00:00
e2b1a796bbdf6d05,jobberman,conservation-program-associate-7wev5n,Conservation Program Associate-(Wechiau),,,,Ghana,unknown,,,,,,,,,,,,https://www.jobberman.com.gh/listings/conservation-program-associate-7wev5n,2026-09-05T17:14:51+00:00
2c54bbf871467ebf,jobberman,business-development-officer-wechiau-wpvmpp,Business Development Officer - (Wechiau),,,,Ghana,unknown,,,,,,,,,,,,https://www.jobberman.com.gh/listings/business-development-officer-wechiau-wpvmpp,2026-09-05T17:14:51+00:00
550062588cdddff4,jobberman,administrator-20mpzg,Administrator,,,,Ghana,unknown,,,,,,,,,,,,https://www.jobberman.com.gh/listings/administrator-20mpzg,2026-09-05T17:14:51+00:00
e20c4a9c01639fc8,jobberman,administrative-assistant-gwx27n,Administrative Assistant,,,,Ghana,unknown,,,,,,,,,,,,https://www.jobberman.com.gh/listings/administrative-assistant-gwx27n,2026-09-05T17:14:51+00:00
b19ff2406c230db2,jobberman,administrator-pmvkpj,Administrator,,,,Ghana,unknown,,,,,,,,,,,,https://www.jobberman.com.gh/listings/administrator-pmvkpj,2026-09-05T17:14:51+00:00
246223f0619613b8,jobberman,front-office-executive-office-coordinator-female-candidate-only-20mp9j,Front Office Executive / Office Coordinator - Female Candidate Only.,,,,Ghana,unknown,,,,,,,,,,,,https://www.jobberman.com.gh/listings/front-office-executive-office-coordinator-female-candidate-only-20mp9j,2026-09-05T17:14:51+00:00
82ee03e044774e59,jobberman,marketing-client-relations-officer-6dp0nj,Marketing & Client Relations Officer,,,,Ghana,unknown,,,,,,,,,,,,https://www.jobberman.com.gh/listings/marketing-client-relations-officer-6dp0nj,2026-09-05T17:14:51+00:00
1d847d96f2c47ff1,jobberman,utility-supervisor-wp4d04,Utility Supervisor,,,,Ghana,unknown,,,,,,,,,,,,https://www.jobberman.com.gh/listings/utility-supervisor-wp4d04,2026-09-05T17:14:51+00:00
b5c2f0c077f8b5d9,jobberman,legal-officer-9j7pxv,Legal Officer,,,,Ghana,unknown,,,,,,,,,,,,https://www.jobberman.com.gh/listings/legal-officer-9j7pxv,2026-09-05T17:14:51+00:00
d63eab33f382876a,jobberman,capacity-development-officer-avu-lagoon-wi-ghana-84e04p,Capacity Development Officer - (Avu Lagoon ),,,,Ghana,unknown,,,,,,,,,,,,https://www.jobberman.com.gh/listings/capacity-development-officer-avu-lagoon-wi-ghana-84e04p,2026-09-05T17:14:55+00:00
340e11ce4994973b,jobberman,capacity-development-officer-wechiau-vw7mwm,Capacity Development Officer - (Wechiau),,,,Ghana,unknown,,,,,,,,,,,,https://www.jobberman.com.gh/listings/capacity-development-officer-wechiau-vw7mwm,2026-09-05T17:14:55+00:00
22c8debe674475db,jobberman,account-clerk-4nke68,Account Clerk,,,,Ghana,unknown,,,,,,,,,,,,https://www.jobberman.com.gh/listings/account-clerk-4nke68,2026-09-05T17:14:55+00:00
ff777614bdc1f5a1,jobberman,human-resource-business-partner-4nkxwe,Human Resource Business Partner,,,,Ghana,unknown,,,,,,,,,,,,https://www.jobberman.com.gh/listings/human-resource-business-partner-4nkxwe,2026-09-05T17:14:55+00:00
2b7ddf5fe9764719,jobberman,program-transport-and-logistics-officer-6de7kg,Program Transport and Logistics Officer,,,,Ghana,unknown,,,,,,,,,,,,https://www.jobberman.com.gh/listings/program-transport-and-logistics-officer-6de7kg,2026-09-05T17:14:55+00:00
1b51dcbb9fbcc7f1,jobberman,national-service-personnel-20ez5k,National Service Personnel,,,,Ghana,unknown,,,,,,,,,,,,https://www.jobberman.com.gh/listings/national-service-personnel-20ez5k,2026-09-05T17:14:55+00:00
0c27ea2508804d4f,jobberman,executive-assistant-secretary-to-director-female-candidates-only-846q74,Executive Assistant / Secretary to Director – Female Candidates Only,,,,Ghana,unknown,,,,,,,,,,,,https://www.jobberman.com.gh/listings/executive-assistant-secretary-to-director-female-candidates-only-846q74,2026-09-05T17:14:55+00:00
faa2714cd8cf236c,jobberman,chemical-or-civil-engineer-mg2z2q,Chemical or Civil Engineer,,,,Ghana,unknown,,,,,,,,,,,Other Tech,https://www.jobberman.com.gh/listings/chemical-or-civil-engineer-mg2z2q,2026-09-05T17:14:55+00:00
94d75e5cfe683128,jobberman,hse-assistant-wp4q8m,HSE Assistant,,,,Ghana,unknown,,,,,,,,,,,,https://www.jobberman.com.gh/listings/hse-assistant-wp4q8m,2026-09-05T17:14:55+00:00
ccf3ab977e4b586a,jobberman,shop-attendant-kitchen-assistant-gwn50q,Shop Attendant / Kitchen Assistant,,,,Ghana,unknown,,,,,,,,,,,,https://www.jobberman.com.gh/listings/shop-attendant-kitchen-assistant-gwn50q,2026-09-05T17:14:55+00:00
24bb25d2a1d2ea6c,jobberman,waitress-k8j9z2,Waitress,,,,Ghana,unknown,,,,,,,,,,,,https://www.jobberman.com.gh/listings/waitress-k8j9z2,2026-09-05T17:14:55+00:00
20ad32035c7b5885,jobberman,kitchen-assistant-gwx268,Kitchen Assistant,,,,Ghana,unknown,,,,,,,,,,,,https://www.jobberman.com.gh/listings/kitchen-assistant-gwx268,2026-09-05T17:14:55+00:00
cc9fe221154b26b2,jobberman,warehouse-staff-4nkeev,Warehouse Staff,,,,Ghana,unknown,,,,,,,,,,,,https://www.jobberman.com.gh/listings/warehouse-staff-4nkeev,2026-09-05T17:14:55+00:00
5853a146cd8d9d67,jobberman,assistant-time-attendance-r89dxn,Assistant - Time & Attendance,,,,Ghana,unknown,,,,,,,,,,,,https://www.jobberman.com.gh/listings/assistant-time-attendance-r89dxn,2026-09-05T17:14:55+00:00
102d32328acdd1ba,jobberman,human-resources-officer-7w2ke5,Human Resources Officer,,,,Ghana,unknown,,,,,,,,,,,,https://www.jobberman.com.gh/listings/human-resources-officer-7w2ke5,2026-09-05T17:14:55+00:00
c76aaa1952268b26,jobberman,kitchen-assistant-20ezqv,Kitchen Assistant,,,,Ghana,unknown,,,,,,,,,,,,https://www.jobberman.com.gh/listings/kitchen-assistant-20ezqv,2026-09-05T17:14:55+00:00
95fa0b95ae0d35c8,jobberman,environment-health-safety-compliance-officer-07ep0w,"Environment, Health, Safety & Compliance Officer",,,,Ghana,unknown,,,,,,,,,,,,https://www.jobberman.com.gh/listings/environment-health-safety-compliance-officer-07ep0w,2026-09-05T17:14:58+00:00
f20ad2eccdc8aac5,jobberman,transport-officer-wpvm9g,Transport Officer,,,,Ghana,unknown,,,,,,,,,,,,https://www.jobberman.com.gh/listings/transport-officer-wpvm9g,2026-09-05T17:14:58+00:00
1bc3286eaa3c65aa,jobberman,purchasing-officer-9j74v0,Purchasing Officer,,,,Ghana,unknown,,,,,,,,,,,,https://www.jobberman.com.gh/listings/purchasing-officer-9j74v0,2026-09-05T17:14:58+00:00
573c37fe0779dfca,jobberman,quality-control-officer-20mp62,Quality Control Officer,,,,Ghana,unknown,,,,,,,,,,,,https://www.jobberman.com.gh/listings/quality-control-officer-20mp62,2026-09-05T17:14:58+00:00
c121eb5e98756c48,jobberman,people-operations-officer-xpr5rn,People Operations Officer,,,,Ghana,unknown,,,,,,,,,,,,https://www.jobberman.com.gh/listings/people-operations-officer-xpr5rn,2026-09-05T17:14:58+00:00
5a8b95114959641a,jobberman,credit-field-officer-ev464d,Credit and Recovery Officer,,,,Ghana,unknown,,,,,,,,,,,,https://www.jobberman.com.gh/listings/credit-field-officer-ev464d,2026-09-05T17:14:58+00:00
5cbf504563362a1b,jobberman,wholesale-sales-marketing-officer-pmzp2m,Wholesale Sales & Marketing Officer,,,,Ghana,unknown,,,,,,,,,,,,https://www.jobberman.com.gh/listings/wholesale-sales-marketing-officer-pmzp2m,2026-09-05T17:14:58+00:00
691a3587db6f4f4d,jobberman,sales-manager-jqkvxz,Sales Manager,,,,Ghana,unknown,,,,,,,,,,,,https://www.jobberman.com.gh/listings/sales-manager-jqkvxz,2026-09-05T17:15:00+00:00
b791225f5e8fce80,jobberman,senior-property-sales-executive-zpmgjk,Senior Property Sales Executive,,,,Ghana,unknown,,,,,,,,,,,,https://www.jobberman.com.gh/listings/senior-property-sales-executive-zpmgjk,2026-09-05T17:15:00+00:00
455aab196b99a861,jobberman,senior-cost-estimator-84e0k6,Senior Cost Estimator,,,,Ghana,unknown,,,,,,,,,,,,https://www.jobberman.com.gh/listings/senior-cost-estimator-84e0k6,2026-09-05T17:15:00+00:00
f318c53a9871588b,jobberman,store-officer-mgxmdm,Store Officer,,,,Ghana,unknown,,,,,,,,,,,,https://www.jobberman.com.gh/listings/store-officer-mgxmdm,2026-09-05T17:15:00+00:00
1e84f3ee6740cd77,jobberman,sales-officer-q2jq2z,Sales Officer,,,,Ghana,unknown,,,,,,,,,,,,https://www.jobberman.com.gh/listings/sales-officer-q2jq2z,2026-09-05T17:15:00+00:00
f25d365d2f410e2f,jobberman,accounts-officer-jq8m44,Accounts Officer,,,,Ghana,unknown,,,,,,,,,,,,https://www.jobberman.com.gh/listings/accounts-officer-jq8m44,2026-09-05T17:15:00+00:00
6f4c0f1985de97c3,jobberman,sales-officer-gwn552,Sales Officer,,,,Ghana,unknown,,,,,,,,,,,,https://www.jobberman.com.gh/listings/sales-officer-gwn552,2026-09-05T17:15:00+00:00
28272e4124953d40,jobberman,administrative-officer-9j74p6,Administrative Officer,,,,Ghana,unknown,,,,,,,,,,,,https://www.jobberman.com.gh/listings/administrative-officer-9j74p6,2026-09-05T17:15:00+00:00
2a20648254bfd89e,jobberman,facility-officer-vw8nx8,Facility Officer,,,,Ghana,unknown,,,,,,,,,,,,https://www.jobberman.com.gh/listings/facility-officer-vw8nx8,2026-09-05T17:15:00+00:00
c67a548f5bcaffcf,jobberman,security-officer-4nker8,Security Officer,,,,Ghana,unknown,,,,,,,,,,,,https://www.jobberman.com.gh/listings/security-officer-4nker8,2026-09-05T17:15:00+00:00
25f12145ba93337f,jobberman,security-officer-9j7407,Security Officer,,,,Ghana,unknown,,,,,,,,,,,,https://www.jobberman.com.gh/listings/security-officer-9j7407,2026-09-05T17:15:03+00:00
840befa47083e12b,jobberman,stores-officer-6dpge6,Stores Officer,,,,Ghana,unknown,,,,,,,,,,,,https://www.jobberman.com.gh/listings/stores-officer-6dpge6,2026-09-05T17:15:03+00:00
e23f82f4af7c74ae,jobberman,communications-officer-5djm07,Communications Officer,,,,Ghana,unknown,,,,,,,,,,,,https://www.jobberman.com.gh/listings/communications-officer-5djm07,2026-09-05T17:15:03+00:00
7d2c7031a3b857d7,jobberman,maintenance-officer-np64e0,Maintenance Officer,,,,Ghana,unknown,,,,,,,,,,,,https://www.jobberman.com.gh/listings/maintenance-officer-np64e0,2026-09-05T17:15:03+00:00
96869308db62bc18,jobberman,sales-officer-np648e,Sales Officer,,,,Ghana,unknown,,,,,,,,,,,,https://www.jobberman.com.gh/listings/sales-officer-np648e,2026-09-05T17:15:03+00:00
ddc6e8ea4b8c884f,jobberman,stock-procurement-officer-k84mgv,Stock & Procurement Officer,,,,Ghana,unknown,,,,,,,,,,,,https://www.jobberman.com.gh/listings/stock-procurement-officer-k84mgv,2026-09-05T17:15:03+00:00
096ae34c7f32bb90,jobberman,marketing-sales-officer-vw8n82,Marketing & Sales Officer,,,,Ghana,unknown,,,,,,,,,,,,https://www.jobberman.com.gh/listings/marketing-sales-officer-vw8n82,2026-09-05T17:15:03+00:00
bdc588d72e68d88a,jobberman,marketing-and-sales-officer-6dp04n,Marketing and Sales Officer,,,,Ghana,unknown,,,,,,,,,,,,https://www.jobberman.com.gh/listings/marketing-and-sales-officer-6dp04n,2026-09-05T17:15:03+00:00
a67f75fe9d3127a4,jobberman,events-and-activation-officer-vw82vv,Events and Activation Officer,,,,Ghana,unknown,,,,,,,,,,,,https://www.jobberman.com.gh/listings/events-and-activation-officer-vw82vv,2026-09-05T17:15:03+00:00
491314ba00bcfadb,jobberman,results-based-management-officer-9je0j8,Results-Based Management Officer,,,,Ghana,unknown,,,,,,,,,,,,https://www.jobberman.com.gh/listings/results-based-management-officer-9je0j8,2026-09-05T17:15:03+00:00
c4e3bef76625e913,jobberman,human-resource-hr-officer-k84mrm,Human Resource (HR) officer,,,,Ghana,unknown,,,,,,,,,,,,https://www.jobberman.com.gh/listings/human-resource-hr-officer-k84mrm,2026-09-05T17:15:05+00:00
fbfe0ce756b1ff1c,jobberman,corporate-account-audit-officer-7w2k4d,Corporate Account & Audit Officer,,,,Ghana,unknown,,,,,,,,,,,Other Tech,https://www.jobberman.com.gh/listings/corporate-account-audit-officer-7w2k4d,2026-09-05T17:15:05+00:00
5eaa36ee724615a4,jobberman,business-development-officer-avu-lagoon-wi-ghana-npm5px,Business Development Officer - (Avu Lagoon),,,,Ghana,unknown,,,,,,,,,,,,https://www.jobberman.com.gh/listings/business-development-officer-avu-lagoon-wi-ghana-npm5px,2026-09-05T17:15:05+00:00
e9beeb879ca90545,jobberman,customer-service-phone-order-officer-vw827w,Customer Service & Phone Order Officer,,,,Ghana,unknown,,,,,,,,,,,,https://www.jobberman.com.gh/listings/customer-service-phone-order-officer-vw827w,2026-09-05T17:15:05+00:00
e28ff24c0bebf67d,jobberman,digital-marketing-officer-wp4dwg,Digital Marketing Officer & AI Animation Designer,,,,Ghana,unknown,,,,,,,,,,,Data & AI,https://www.jobberman.com.gh/listings/digital-marketing-officer-wp4dwg,2026-09-05T17:15:05+00:00
4e664f684cab1057,jobberman,estate-and-transport-5dj70n,Estate and Transport,,,,Ghana,unknown,,,,,,,,,,,,https://www.jobberman.com.gh/listings/estate-and-transport-5dj70n,2026-09-05T17:15:05+00:00
73eb4fba94491252,jobberman,pharmaceutical-service-assistants-2-positions-wp4qd0,Pharmaceutical Service Assistants,,,,Ghana,unknown,,,,,,,,,,,,https://www.jobberman.com.gh/listings/pharmaceutical-service-assistants-2-positions-wp4qd0,2026-09-05T17:15:05+00:00
d4ec752e34bc1194,jobberman,physiotherapist-4nkez5,Physiotherapist,,,,Ghana,unknown,,,,,,,,,,,,https://www.jobberman.com.gh/listings/physiotherapist-4nkez5,2026-09-05T17:15:05+00:00
73c0920e5b213d27,jobberman,personal-assistant-xpr4z8,Personal Assistant,,,,Ghana,unknown,,,,,,,,,,,,https://www.jobberman.com.gh/listings/personal-assistant-xpr4z8,2026-09-05T17:15:05+00:00
4b16e34559c127ca,jobberman,maintenance-safeguarding-officer-mg280w,Project Manager,,,,Ghana,unknown,,,,,,,,,,,,https://www.jobberman.com.gh/listings/maintenance-safeguarding-officer-mg280w,2026-09-05T17:15:05+00:00
bb65516daed8039c,jobberman,project-officer-xp0dgq,Project Officer,,,,Ghana,unknown,,,,,,,,,,,,https://www.jobberman.com.gh/listings/project-officer-xp0dgq,2026-09-05T17:15:09+00:00
68119a98dd7cba75,jobberman,security-officer-r8999q-v2,Security Officer,,,,Ghana,unknown,,,,,,,,,,,,https://www.jobberman.com.gh/listings/security-officer-r8999q-v2,2026-09-05T17:15:09+00:00
728d2e4d553dfcc7,jobberman,office-assistant-ev0d59-v1,Office Assistant,,,,Ghana,unknown,,,,,,,,,,,,https://www.jobberman.com.gh/listings/office-assistant-ev0d59-v1,2026-09-05T17:15:09+00:00
b1c2126d9a743449,jobberman,finance-officer-mg28n6-v1,Finance Officer,,,,Ghana,unknown,,,,,,,,,,,,https://www.jobberman.com.gh/listings/finance-officer-mg28n6-v1,2026-09-05T17:15:09+00:00
8bdc0d33a9cdba68,jobberman,office-staff-xpr4rw-v1,Office Staff,,,,Ghana,unknown,,,,,,,,,,,,https://www.jobberman.com.gh/listings/office-staff-xpr4rw-v1,2026-09-05T17:15:09+00:00
a509b11dc525b870,jobberman,transport-officer-4nkep8-v1,Transport Officer,,,,Ghana,unknown,,,,,,,,,,,,https://www.jobberman.com.gh/listings/transport-officer-4nkep8-v1,2026-09-05T17:15:09+00:00
5f38b7d8cabce179,jobberman,medical-officers-5dj7nx-v1,Medical Officers,,,,Ghana,unknown,,,,,,,,,,,,https://www.jobberman.com.gh/listings/medical-officers-5dj7nx-v1,2026-09-05T17:15:09+00:00
9b3ed273c7f00161,jobberman,estate-officer-7w2eme-v1,Estate Officer,,,,Ghana,unknown,,,,,,,,,,,,https://www.jobberman.com.gh/listings/estate-officer-7w2eme-v1,2026-09-05T17:15:09+00:00
e3547d5fe4c53ddc,jobberman,sales-officer-wp457z-v2,Sales Officer,,,,Ghana,unknown,,,,,,,,,,,,https://www.jobberman.com.gh/listings/sales-officer-wp457z-v2,2026-09-05T17:15:09+00:00
aeb79d831506ff82,jobberman,security-officer-gwn5q2-v1,Security Officer,,,,Ghana,unknown,,,,,,,,,,,,https://www.jobberman.com.gh/listings/security-officer-gwn5q2-v1,2026-09-05T17:15:09+00:00
9100e8b6c732f1f2,jobberman,office-assistant-gh-pmzp54,Office Assistant Gh,,,,Ghana,unknown,,,,,,,,,,,,https://www.jobberman.com.gh/listings/office-assistant-gh-pmzp54,2026-09-05T17:15:09+00:00
081800ae0bcc0d48,jobberman,office-assistant-gh-xp0dnz,Office Assistant Gh,,,,Ghana,unknown,,,,,,,,,,,,https://www.jobberman.com.gh/listings/office-assistant-gh-xp0dnz,2026-09-05T17:15:09+00:00
56d9f6aa1918fce9,jobberman,communications-specialist-5dewvr,Communications Specialist,,,,Ghana,unknown,,,,,,,,,,,,https://www.jobberman.com.gh/listings/communications-specialist-5dewvr,2026-09-05T17:15:11+00:00
de8cd9b4a578aafe,jobberman,agency-growth-creative-lead-4nzj7z,Agency growth & Creative Lead,,,,Ghana,unknown,,,,,,,,,,,,https://www.jobberman.com.gh/listings/agency-growth-creative-lead-4nzj7z,2026-09-05T17:15:11+00:00
b0d175e61b9aa6d8,jobberman,admissions-counselor-tele-sales-representative-9j74e0,Admissions Counselor/ Tele-Sales Representative,,,,Ghana,unknown,,,,,,,,,,,,https://www.jobberman.com.gh/listings/admissions-counselor-tele-sales-representative-9j74e0,2026-09-05T17:15:11+00:00
f4c5dd65cc35aed7,jobberman,operations-manager-pmzpjm,Operations Manager,,,,Ghana,unknown,,,,,,,,,,,,https://www.jobberman.com.gh/listings/operations-manager-pmzpjm,2026-09-05T17:15:11+00:00
61db4b55a52f2246,jobberman,project-manager-mgxm0d,Project Manager,,,,Ghana,unknown,,,,,,,,,,,,https://www.jobberman.com.gh/listings/project-manager-mgxm0d,2026-09-05T17:15:11+00:00
cfe68b8092c7fad8,jobberman,sales-manager-gwn5w0,Sales Manager,,,,Ghana,unknown,,,,,,,,,,,,https://www.jobberman.com.gh/listings/sales-manager-gwn5w0,2026-09-05T17:15:11+00:00
02f5ad5c0a1671f7,jobberman,programs-manager-xp0dd0,Programs Manager,,,,Ghana,unknown,,,,,,,,,,,,https://www.jobberman.com.gh/listings/programs-manager-xp0dd0,2026-09-05T17:15:11+00:00
04dae48a7ffbf7e5,jobberman,warehouse-manager-846qq7,Warehouse Manager,,,,Ghana,unknown,,,,,,,,,,,,https://www.jobberman.com.gh/listings/warehouse-manager-846qq7,2026-09-05T17:15:11+00:00
ba023a27ec127592,jobberman,project-manager-846qe4,Project Manager,,,,Ghana,unknown,,,,,,,,,,,,https://www.jobberman.com.gh/listings/project-manager-846qe4,2026-09-05T17:15:11+00:00
2ac75f6d6466a348,jobberman,operations-manager-r89dmx,Operations Manager,,,,Ghana,unknown,,,,,,,,,,,,https://www.jobberman.com.gh/listings/operations-manager-r89dmx,2026-09-05T17:15:11+00:00
aac5e986acfc980a,jobberman,hr-manager-workplace-near-kwame-nkrumahcircle-accra-xpr4gm,HR Manager,,,,Ghana,unknown,,,,,,,,,,,,https://www.jobberman.com.gh/listings/hr-manager-workplace-near-kwame-nkrumahcircle-accra-xpr4gm,2026-09-05T17:15:15+00:00
167a90081aa99721,jobberman,restaurant-manager-9j749n,Restaurant Manager,,,,Ghana,unknown,,,,,,,,,,,,https://www.jobberman.com.gh/listings/restaurant-manager-9j749n,2026-09-05T17:15:15+00:00
9b7881db61a5f013,jobberman,sales-manager-jqknke,Sales Manager,,,,Ghana,unknown,,,,,,,,,,,,https://www.jobberman.com.gh/listings/sales-manager-jqknke,2026-09-05T17:15:15+00:00
0ce2ec4e3d45ce71,jobberman,sales-manager-6dpgp6,Sales Manager,,,,Ghana,unknown,,,,,,,,,,,,https://www.jobberman.com.gh/listings/sales-manager-6dpgp6,2026-09-05T17:15:15+00:00
bc57c339b2553b47,jobberman,branch-manager-9j7pq5,Branch Manager,,,,Ghana,unknown,,,,,,,,,,,,https://www.jobberman.com.gh/listings/branch-manager-9j7pq5,2026-09-05T17:15:15+00:00
21d71eddf53d32ee,jobberman,operations-facility-manager-jqkvew,Operations / Facility Manager,,,,Ghana,unknown,,,,,,,,,,,,https://www.jobberman.com.gh/listings/operations-facility-manager-jqkvew,2026-09-05T17:15:15+00:00
094b021c9f9e56b3,jobberman,assistant-planning-manager-4nkem8,Assistant Planning Manager,,,,Ghana,unknown,,,,,,,,,,,,https://www.jobberman.com.gh/listings/assistant-planning-manager-4nkem8,2026-09-05T17:15:15+00:00
8703da102736148e,jobberman,brand-marketing-manager-pmvxvv,Brand & Marketing Manager,,,,Ghana,unknown,,,,,,,,,,,,https://www.jobberman.com.gh/listings/brand-marketing-manager-pmvxvv,2026-09-05T17:15:15+00:00
f48c2fe7b45130e7,jobberman,operations-manager-k8jwjz,Logistics and Supply Chain Manager,,,,Ghana,unknown,,,,,,,,,,,,https://www.jobberman.com.gh/listings/operations-manager-k8jwjz,2026-09-05T17:15:20+00:00
ecbdf382165bb18f,jobberman,travel-content-creator-and-social-media-manager-mgxmq9,Travel Content Creator and Social Media Manager,,,,Ghana,unknown,,,,,,,,,,,,https://www.jobberman.com.gh/listings/travel-content-creator-and-social-media-manager-mgxmq9,2026-09-05T17:15:20+00:00
bac0116c6464cbdb,jobberman,business-development-manager-vw7m5p,Business Development Manager- HR Consultancy Services,,,,Ghana,unknown,,,,,,,,,,,,https://www.jobberman.com.gh/listings/business-development-manager-vw7m5p,2026-09-05T17:15:20+00:00
cca49712067668fd,jobberman,corporate-qaqc-manager-corporate-quality-function-ev0dxx,Corporate QA/QC Manager (Corporate Quality Function),,,,Ghana,unknown,,,,,,,,,,,,https://www.jobberman.com.gh/listings/corporate-qaqc-manager-corporate-quality-function-ev0dxx,2026-09-05T17:15:20+00:00
94fda815a412c4e6,jobberman,supply-chain-logistics-manager-r89d08,Supply Chain & Logistics Manager (Retail Industry Experience),,,,Ghana,unknown,,,,,,,,,,,,https://www.jobberman.com.gh/listings/supply-chain-logistics-manager-r89d08,2026-09-05T17:15:20+00:00
482a66368b9e855b,jobberman,portfolio-manager-zpmg99,Investment Analyst,,,,Ghana,unknown,,,,,,,,,,,,https://www.jobberman.com.gh/listings/portfolio-manager-zpmg99,2026-09-05T17:15:20+00:00
1bdb891e6b59a436,jobberman,commercial-executive-b2b-sales-np6rgm,Commercial Executive (B2B Sales),,,,Ghana,unknown,,,,,,,,,,,,https://www.jobberman.com.gh/listings/commercial-executive-b2b-sales-np6rgm,2026-09-05T17:15:20+00:00
9408c45eac65a516,jobberman,lettings-supervisor-xpr450,Property Rental / Reservations Supervisor,,,,Ghana,unknown,,,,,,,,,,,,https://www.jobberman.com.gh/listings/lettings-supervisor-xpr450,2026-09-05T17:15:25+00:00
bd5028bdd54e3c27,jobberman,sale-executive-np6r4k,Sale Executive,,,,Ghana,unknown,,,,,,,,,,,,https://www.jobberman.com.gh/listings/sale-executive-np6r4k,2026-09-05T17:15:25+00:00
823c74729448208b,jobberman,administrative-assistant-us-licensing-compliance-zpm7mv,Administrative Assistant — U.S. Licensing & Compliance,,,,Ghana,unknown,,,,,,,,,,,,https://www.jobberman.com.gh/listings/administrative-assistant-us-licensing-compliance-zpm7mv,2026-09-05T17:15:25+00:00
8f065067b654307a,jobberman,head-of-internal-audit-7w2n9z,Head of Internal Audit,,,,Ghana,unknown,,,,,,,,,,,,https://www.jobberman.com.gh/listings/head-of-internal-audit-7w2n9z,2026-09-05T17:15:25+00:00
0333dc53b70b75c4,jobberman,marketing-brand-executive-wp4qmd,Marketing & Brand Executive,,,,Ghana,unknown,,,,,,,,,,,,https://www.jobberman.com.gh/listings/marketing-brand-executive-wp4qmd,2026-09-05T17:15:25+00:00
1647a5a85de6a0fc,jobberman,ac-technician-k84m7v,AC Technician,,,,Ghana,unknown,,,,,,,,,,,,https://www.jobberman.com.gh/listings/ac-technician-k84m7v,2026-09-05T17:15:25+00:00
488cbe35d116e226,jobberman,mep-coordinator-wp4ddd,MEP Coordinator,,,,Ghana,unknown,,,,,,,,,,,,https://www.jobberman.com.gh/listings/mep-coordinator-wp4ddd,2026-09-05T17:15:25+00:00
8f80216edb9d1c27,jobberman,production-quality-control-associate-07rm0d,Production & Quality Control Associate,,,,Ghana,unknown,,,,,,,,,,,,https://www.jobberman.com.gh/listings/production-quality-control-associate-07rm0d,2026-09-05T17:15:27+00:00
bc8908c0c97c0121,jobberman,operations-manager-pest-management-company-np6460,Operations Manager (Pest Management Company),,,,Ghana,unknown,,,,,,,,,,,,https://www.jobberman.com.gh/listings/operations-manager-pest-management-company-np6460,2026-09-05T17:15:27+00:00
20d92d3721388bec,jobberman,production-manager-07epxw,Production Manager,,,,Ghana,unknown,,,,,,,,,,,,https://www.jobberman.com.gh/listings/production-manager-07epxw,2026-09-05T17:15:27+00:00
97330a691186549d,jobberman,shop-manager-vw7m0p,Shop Manager,,,,Ghana,unknown,,,,,,,,,,,,https://www.jobberman.com.gh/listings/shop-manager-vw7m0p,2026-09-05T17:15:27+00:00
c974f5ed8cda5db9,jobberman,operations-manager-npm50v,Operations Manager,,,,Ghana,unknown,,,,,,,,,,,,https://www.jobberman.com.gh/listings/operations-manager-npm50v,2026-09-05T17:15:27+00:00
7520a7c67fa24369,jobberman,shop-manager-q2jqzz,Shop Manager,,,,Ghana,unknown,,,,,,,,,,,,https://www.jobberman.com.gh/listings/shop-manager-q2jqzz,2026-09-05T17:15:27+00:00
93999a3d950d8b89,jobberman,hotel-manager-xp0d2q,Hotel Manager,,,,Ghana,unknown,,,,,,,,,,,,https://www.jobberman.com.gh/listings/hotel-manager-xp0d2q,2026-09-05T17:15:27+00:00
2fba6cf01cd46549,jobberman,spa-manager-mgxmmz,Spa Manager,,,,Ghana,unknown,,,,,,,,,,,,https://www.jobberman.com.gh/listings/spa-manager-mgxmmz,2026-09-05T17:15:27+00:00
f21730491def7bfc,jobberman,sales-manager-mg288z,Sales Manager,,,,Ghana,unknown,,,,,,,,,,,,https://www.jobberman.com.gh/listings/sales-manager-mg288z,2026-09-05T17:15:27+00:00
103b1fe38c9534e9,jobberman,project-manager-846qz0,Project Manager,,,,Ghana,unknown,,,,,,,,,,,,https://www.jobberman.com.gh/listings/project-manager-846qz0,2026-09-05T17:15:27+00:00
d32b8753bb169d3f,jobberman,general-manager-red-chilli-restaurant-zpm7nv,General Manager,,,,Ghana,unknown,,,,,,,,,,,,https://www.jobberman.com.gh/listings/general-manager-red-chilli-restaurant-zpm7nv,2026-09-05T17:15:27+00:00
9f816c00f40ca92c,jobberman,quality-control-and-assembling-technician-vw8n2x,Quality Control and Assembling Technician,,,,Ghana,unknown,,,,,,,,,,,,https://www.jobberman.com.gh/listings/quality-control-and-assembling-technician-vw8n2x,2026-09-05T17:15:31+00:00
3f419acd5be0acd7,jobberman,mobile-phone-repair-technician-5dj7z2,Mobile Phone Repair Technician,,,,Ghana,unknown,,,,,,,,,,,,https://www.jobberman.com.gh/listings/mobile-phone-repair-technician-5dj7z2,2026-09-05T17:15:31+00:00
1a0379589d7df226,jobberman,group-handyman-maintenance-technician-07rqek,Group Handyman / Maintenance Technician,,,,Ghana,unknown,,,,,,,,,,,,https://www.jobberman.com.gh/listings/group-handyman-maintenance-technician-07rqek,2026-09-05T17:15:31+00:00
b6dec106e4237486,jobberman,mortuary-technician-r89pq8-v1,Mortuary Technician,,,,Ghana,unknown,,,,,,,,,,,,https://www.jobberman.com.gh/listings/mortuary-technician-r89pq8-v1,2026-09-05T17:15:31+00:00
9b795700abf292de,jobberman,maintenance-technician-7w2k98-v1,Maintenance Technician,,,,Ghana,unknown,,,,,,,,,,,,https://www.jobberman.com.gh/listings/maintenance-technician-7w2k98-v1,2026-09-05T17:15:31+00:00
b6785928dd1e0ff3,jobberman,renal-technician-20m4ve-v1,Renal Technician,,,,Ghana,unknown,,,,,,,,,,,,https://www.jobberman.com.gh/listings/renal-technician-20m4ve-v1,2026-09-05T17:15:31+00:00
53fda7a5b950696c,jobberman,electrical-technician-pmzpgr,Electrical Technician,,,,Ghana,unknown,,,,,,,,,,,,https://www.jobberman.com.gh/listings/electrical-technician-pmzpgr,2026-09-05T17:15:31+00:00
c1a2718ae99a9dd3,jobberman,cic-technician-underground-gwxnq4-v1,Cic Technician – Underground,,,,Ghana,unknown,,,,,,,,,,,,https://www.jobberman.com.gh/listings/cic-technician-underground-gwxnq4-v1,2026-09-05T17:15:31+00:00
cf7b5c079a20eb08,jobberman,facility-technicianwelder-5dj72x-v1,Facility Technician(welder),,,,Ghana,unknown,,,,,,,,,,,,https://www.jobberman.com.gh/listings/facility-technicianwelder-5dj72x-v1,2026-09-05T17:15:31+00:00
44d6dcd062de321b,jobberman,junior-swine-technician-9je086,Junior Swine Technician,,,,Ghana,unknown,,,,,,,,,,,,https://www.jobberman.com.gh/listings/junior-swine-technician-9je086,2026-09-05T17:15:31+00:00
768bb52671b470ee,jobberman,service-technician-apprentice-7w2nqe-v1,Service Technician Apprentice,,,,Ghana,unknown,,,,,,,,,,,,https://www.jobberman.com.gh/listings/service-technician-apprentice-7w2nqe-v1,2026-09-05T17:15:31+00:00
15c6cb61d1e6131e,jobberman,electrical-hvac-mechanical-technicians-mg2z0m-v1,"Electrical, Hvac, Mechanical Technicians",,,,Ghana,unknown,,,,,,,,,,,,https://www.jobberman.com.gh/listings/electrical-hvac-mechanical-technicians-mg2z0m-v1,2026-09-05T17:15:31+00:00
839c93b44a5cd35c,jobberman,lab-technician-accra-tema-9j7p47-v1,Lab Technician-accra/ Tema,,,,Ghana,unknown,,,,,,,,,,,,https://www.jobberman.com.gh/listings/lab-technician-accra-tema-9j7p47-v1,2026-09-05T17:15:34+00:00
635864806d072412,jobberman,technician-br-ghana-takoradi-6de7dg,Technician - Br Ghana (takoradi),,,,Ghana,unknown,,,,,,,,,,,,https://www.jobberman.com.gh/listings/technician-br-ghana-takoradi-6de7dg,2026-09-05T17:15:34+00:00
d06842a99bddfc7d,jobberman,hwf-forklift-maintenance-technician-mj002062-d785n8-v1,Hwf (forklift Maintenance Technician) (mj002062),,,,Ghana,unknown,,,,,,,,,,,,https://www.jobberman.com.gh/listings/hwf-forklift-maintenance-technician-mj002062-d785n8-v1,2026-09-05T17:15:34+00:00
dc82fdb79bcbb1d0,jobberman,electrical-technician-mv-surface-mine-infrastructure-vw82jw-v1,Electrical Technician (mv) – Surface Mine Infrastructure,,,,Ghana,unknown,,,,,,,,,,,,https://www.jobberman.com.gh/listings/electrical-technician-mv-surface-mine-infrastructure-vw82jw-v1,2026-09-05T17:15:34+00:00
548076748e57bb0b,jobberman,tower-crane-operator-9je0m6-v1,Tower Crane Operator,,,,Ghana,unknown,,,,,,,,,,,,https://www.jobberman.com.gh/listings/tower-crane-operator-9je0m6-v1,2026-09-05T17:15:34+00:00
cc68e1cd29eb4206,jobberman,fleet-maintenance-supervisor-9je0r8,Fleet Maintenance Supervisor,,,,Ghana,unknown,,,,,,,,,,,,https://www.jobberman.com.gh/listings/fleet-maintenance-supervisor-9je0r8,2026-09-05T17:15:34+00:00
835c75fbff69ff80,jobberman,heavy-duty-mechanic-team-leader-20mppq-v1,Heavy Duty Mechanic Team Leader,,,,Ghana,unknown,,,,,,,,,,,,https://www.jobberman.com.gh/listings/heavy-duty-mechanic-team-leader-20mppq-v1,2026-09-05T17:15:34+00:00
9d24759b382ca4d2,jobberman,sampler-k8j942-v1,Sampler,,,,Ghana,unknown,,,,,,,,,,,,https://www.jobberman.com.gh/listings/sampler-k8j942-v1,2026-09-05T17:15:36+00:00
02333f48779c7e0b,jobberman,electrical-instrumentation-supervisor-process-plant-r89gx4-v1,Electrical & Instrumentation Supervisor – Process Plant,,,,Ghana,unknown,,,,,,,,,,,,https://www.jobberman.com.gh/listings/electrical-instrumentation-supervisor-process-plant-r89gx4-v1,2026-09-05T17:15:36+00:00
0c15db0844b4cb90,jobberman,materials-handling-supervisor-pmzpq4,Materials Handling Supervisor,,,,Ghana,unknown,,,,,,,,,,,,https://www.jobberman.com.gh/listings/materials-handling-supervisor-pmzpq4,2026-09-05T17:15:36+00:00
2eaad5feeb7c5c5a,jobberman,foreman-instrumentation-r89dpn-v1,Foreman-instrumentation,,,,Ghana,unknown,,,,,,,,,,,,https://www.jobberman.com.gh/listings/foreman-instrumentation-r89dpn-v1,2026-09-05T17:15:47+00:00
8f8df23cbe2f6be4,jobberman,business-unit-head-pss08076-mg28zz-v1,Business Unit Head (pss08076),,,,Ghana,unknown,,,,,,,,,,,,https://www.jobberman.com.gh/listings/business-unit-head-pss08076-mg28zz-v1,2026-09-05T17:15:49+00:00
2e825248d53e839f,jobberman,security-guard-6dppd7-v2,Security Guard,,,,Ghana,unknown,,,,,,,,,,,,https://www.jobberman.com.gh/listings/security-guard-6dppd7-v2,2026-09-05T17:15:58+00:00
945a0835d17ab533,jobberman,electrical-engineer-trainee-4nkeg5,Electrical Engineer Trainee,,,,Ghana,unknown,,,,,,,,,,,Other Tech,https://www.jobberman.com.gh/listings/electrical-engineer-trainee-4nkeg5,2026-09-05T17:16:10+00:00
90324bfed15ae04f,jobberman,mechanical-engineer-07rm5e,Mechanical Engineer,,,,Ghana,unknown,,,,,,,,,,,Other Tech,https://www.jobberman.com.gh/listings/mechanical-engineer-07rm5e,2026-09-05T17:16:10+00:00
d7409a1f0c56d8f2,jobberman,site-engineer-trunk-road-upgrade-d78x2j,Site Engineer - Trunk Road Upgrade,,,,Ghana,unknown,,,,,,,,,,,Other Tech,https://www.jobberman.com.gh/listings/site-engineer-trunk-road-upgrade-d78x2j,2026-09-05T17:16:10+00:00
7d58926afe781573,jobberman,quantitative-researcher-microstructure-np6r8z-v1,Quantitative Researcher — Microstructure,,,,Ghana,unknown,,,,,,,,,,,,https://www.jobberman.com.gh/listings/quantitative-researcher-microstructure-np6r8z-v1,2026-09-05T17:16:13+00:00
4d570a7210557bfc,jobberman,cci-recruitment-2026-notification-out-apply-now-for-15-posts-k84m5m-v1,Cci Recruitment 2026 Notification Out – Apply Now For 15 Posts,,,,Ghana,unknown,,,,,,,,,,,,https://www.jobberman.com.gh/listings/cci-recruitment-2026-notification-out-apply-now-for-15-posts-k84m5m-v1,2026-09-05T17:16:13+00:00
f4a2db05f1dddf01,jobberman,quality-engineer-plastics-recycling-07redd-v1,Quality Engineer (plastics & Recycling),,,,Ghana,unknown,,,,,,,,,,,Other Tech,https://www.jobberman.com.gh/listings/quality-engineer-plastics-recycling-07redd-v1,2026-09-05T17:16:13+00:00
4fb0176094bda1c2,jobberman,managerproduction-supervisor-zpn2dn,Manager/Production Supervisor,,,,Ghana,unknown,,,,,,,,,,,,https://www.jobberman.com.gh/listings/managerproduction-supervisor-zpn2dn,2026-09-05T17:16:17+00:00
626db1e3e3a10801,jobberman,store-production-manager-jqkv0w,Store & Production Manager,,,,Ghana,unknown,,,,,,,,,,,,https://www.jobberman.com.gh/listings/store-production-manager-jqkv0w,2026-09-05T17:16:17+00:00
b4d619954394eb94,jobberman,b2b-sales-operations-manager-gwxvxr,B2B Sales & Operations Manager,,,,Ghana,unknown,,,,,,,,,,,,https://www.jobberman.com.gh/listings/b2b-sales-operations-manager-gwxvxr,2026-09-05T17:16:17+00:00
59a106bddd068648,jobberman,category-marketing-manager-q20mxj,Category Marketing Manager,,,,Ghana,unknown,,,,,,,,,,,,https://www.jobberman.com.gh/listings/category-marketing-manager-q20mxj,2026-09-05T17:16:17+00:00
f3c9e301b6db52d6,jobberman,furniture-production-manager-9j7470-v1,Furniture Production Manager,,,,Ghana,unknown,,,,,,,,,,,,https://www.jobberman.com.gh/listings/furniture-production-manager-9j7470-v1,2026-09-05T17:16:20+00:00
fbb5f037b2e3ce5b,jobberman,head-of-underground-mining-q20jnn-v1,Head Of Underground Mining,,,,Ghana,unknown,,,,,,,,,,,,https://www.jobberman.com.gh/listings/head-of-underground-mining-q20jnn-v1,2026-09-05T17:16:20+00:00
637ff6fb6dc72ace,jobberman,head-of-mine-operations-7w2eqg-v1,Head Of Mine Operations,,,,Ghana,unknown,,,,,,,,,,,,https://www.jobberman.com.gh/listings/head-of-mine-operations-7w2eqg-v1,2026-09-05T17:16:20+00:00
06f7180a57ed74f6,jobberman,underground-mine-manager-pmvz9w-v1,Underground Mine Manager,,,,Ghana,unknown,,,,,,,,,,,,https://www.jobberman.com.gh/listings/underground-mine-manager-pmvz9w-v1,2026-09-05T17:16:20+00:00
448f2e5776380481,jobberman,general-manager-mining-vw87rx,General Manager – Mining,,,,Ghana,unknown,,,,,,,,,,,,https://www.jobberman.com.gh/listings/general-manager-mining-vw87rx,2026-09-05T17:16:20+00:00
ed7bdf87379fa66f,jobberman,mine-manager-underground-20mevq,Mine Manager – Underground,,,,Ghana,unknown,,,,,,,,,,,,https://www.jobberman.com.gh/listings/mine-manager-underground-20mevq,2026-09-05T17:16:20+00:00
c5965b4be9b9762b,jobberman,field-sales-manager-np6r6g-v1,Field Sales Manager,,,,Ghana,unknown,,,,,,,,,,,,https://www.jobberman.com.gh/listings/field-sales-manager-np6r6g-v1,2026-09-05T17:16:20+00:00
f5b8b7b41a6c0b9a,jobberman,territory-sales-manager-mj002141-d78x7r-v1,Territory Sales Manager (mj002141),,,,Ghana,unknown,,,,,,,,,,,,https://www.jobberman.com.gh/listings/territory-sales-manager-mj002141-d78x7r-v1,2026-09-05T17:16:20+00:00
35ec866f9effe1d8,jobberman,farm-manager-20mp5d-v1,Farm Manager,,,,Ghana,unknown,,,,,,,,,,,,https://www.jobberman.com.gh/listings/farm-manager-20mp5d-v1,2026-09-05T17:16:20+00:00
80ec9f7a9d3c531e,jobberman,marketing-specialist-r8p2w5,Marketing Specialist,,,,Ghana,unknown,,,,,,,,,,,,https://www.jobberman.com.gh/listings/marketing-specialist-r8p2w5,2026-09-05T17:16:22+00:00
0e48f8aea1b2dcaa,jobberman,western-steel-sales-officer-6de7qg,Western Steel Sales Officer,,,,Ghana,unknown,,,,,,,,,,,,https://www.jobberman.com.gh/listings/western-steel-sales-officer-6de7qg,2026-09-05T17:16:22+00:00
f1f12849f68496e6,jobberman,general-manager-4nkxdz-v1,General Manager,,,,Ghana,unknown,,,,,,,,,,,,https://www.jobberman.com.gh/listings/general-manager-4nkxdz-v1,2026-09-05T17:16:22+00:00
b505b1dfa5266ddd,jobberman,brand-manager-6dpp26-v1,Brand Manager,,,,Ghana,unknown,,,,,,,,,,,,https://www.jobberman.com.gh/listings/brand-manager-6dpp26-v1,2026-09-05T17:16:22+00:00
4b698a2b812301b1,jobberman,head-of-debt-working-capital-07rmjm-v1,Head Of Debt & Working Capital,,,,Ghana,unknown,,,,,,,,,,,,https://www.jobberman.com.gh/listings/head-of-debt-working-capital-07rmjm-v1,2026-09-05T17:16:22+00:00
3f157cf0525b1294,jobberman,art-director-vw8n72-v1,Art Director,,,,Ghana,unknown,,,,,,,,,,,,https://www.jobberman.com.gh/listings/art-director-vw8n72-v1,2026-09-05T17:16:22+00:00
20a663556cdc9a51,jobberman,bakery-sales-executive-84e0g6,Bakery Sales Executive,,,,Ghana,unknown,,,,,,,,,,,,https://www.jobberman.com.gh/listings/bakery-sales-executive-84e0g6,2026-09-05T17:16:22+00:00
2e828537fba1b5a8,jobberman,sales-and-marketing-manager-pmvkkw-v1,Sales And Marketing Manager,,,,Ghana,unknown,,,,,,,,,,,,https://www.jobberman.com.gh/listings/sales-and-marketing-manager-pmvkkw-v1,2026-09-05T17:16:22+00:00
c268cc250f2235d6,jobberman,sales-and-marketing-specialist-zpm7jg-v1,Sales And Marketing Specialist,,,,Ghana,unknown,,,,,,,,,,,,https://www.jobberman.com.gh/listings/sales-and-marketing-specialist-zpm7jg-v1,2026-09-05T17:16:22+00:00
442e96d77fa7a3c8,jobberman,sales-executive-wpvmw6,Sales Executive,,,,Ghana,unknown,,,,,,,,,,,,https://www.jobberman.com.gh/listings/sales-executive-wpvmw6,2026-09-05T17:16:22+00:00
9bbf1688e90f61a5,jobberman,sales-and-marketing-executive-7wevmm,Sales And Marketing Executive,,,,Ghana,unknown,,,,,,,,,,,,https://www.jobberman.com.gh/listings/sales-and-marketing-executive-7wevmm,2026-09-05T17:16:22+00:00
0ff2a76400027193,jobberman,maintenance-manager-np68zr-v3,Maintenance Manager,,,,Ghana,unknown,,,,,,,,,,,,https://www.jobberman.com.gh/listings/maintenance-manager-np68zr-v3,2026-09-05T17:16:25+00:00
399117223a058588,jobberman,bm-marketing-executive-7w224q-v1,Bm Marketing Executive,,,,Ghana,unknown,,,,,,,,,,,,https://www.jobberman.com.gh/listings/bm-marketing-executive-7w224q-v1,2026-09-05T17:16:25+00:00
267e361c9193fe47,jobberman,sales-marketing-officer-20mpe2-v1,Sales Marketing Officer,,,,Ghana,unknown,,,,,,,,,,,,https://www.jobberman.com.gh/listings/sales-marketing-officer-20mpe2-v1,2026-09-05T17:16:25+00:00
55a9511ea8dcff5b,jobberman,sales-manager-ghana-r8p2nj,Sales Manager - Ghana,,,,Ghana,unknown,,,,,,,,,,,,https://www.jobberman.com.gh/listings/sales-manager-ghana-r8p2nj,2026-09-05T17:16:26+00:00
d381ca731afb8a33,jobberman,sales-manager-ghana-d7vr0g,Sales Manager - Ghana,,,,Ghana,unknown,,,,,,,,,,,,https://www.jobberman.com.gh/listings/sales-manager-ghana-d7vr0g,2026-09-05T17:16:26+00:00
fb6d94c6148ae24e,jobberman,regional-sales-manager-07ep5x,Regional Sales Manager,,,,Ghana,unknown,,,,,,,,,,,,https://www.jobberman.com.gh/listings/regional-sales-manager-07ep5x,2026-09-05T17:16:26+00:00
e8249231cd026cf0,jobberman,project-manager-fruit-processing-20m4qk-v1,Project Manager – Fruit Processing,,,,Ghana,unknown,,,,,,,,,,,,https://www.jobberman.com.gh/listings/project-manager-fruit-processing-20m4qk-v1,2026-09-05T17:16:26+00:00
27687b6410bf921a,jobberman,tiktok-live-producer-6dp00v-v1,Tiktok Live Producer,,,,Ghana,unknown,,,,,,,,,,,,https://www.jobberman.com.gh/listings/tiktok-live-producer-6dp00v-v1,2026-09-05T17:16:26+00:00
16de45619ed2019b,jobberman,life-insurance-agent-20ezkv,Life Insurance Agent,,,,Ghana,unknown,,,,,,,,,,,,https://www.jobberman.com.gh/listings/life-insurance-agent-20ezkv,2026-09-05T17:16:26+00:00
cc8b4f17693ccc2f,jobberman,growth-content-associate-nss-personnel-only-k84mdn,Growth & Content Associate (nss Personnel Only),,,,Ghana,unknown,,,,,,,,,,,,https://www.jobberman.com.gh/listings/growth-content-associate-nss-personnel-only-k84mdn,2026-09-05T17:16:28+00:00
fd128252c4574df8,jobberman,chef-cook-d78v0w-v1,Chef / Cook,,,,Ghana,unknown,,,,,,,,,,,,https://www.jobberman.com.gh/listings/chef-cook-d78v0w-v1,2026-09-05T17:16:28+00:00
fc4821bc905bc4de,jobberman,supply-chain-parts-operations-coordinator-7wev9m,Supply Chain & Parts Operations Coordinator,,,,Ghana,unknown,,,,,,,,,,,,https://www.jobberman.com.gh/listings/supply-chain-parts-operations-coordinator-7wev9m,2026-09-05T17:16:28+00:00
1518ffdc00280999,jobberman,warehouse-specialist-vw8692-v2,Warehouse Specialist,,,,Ghana,unknown,,,,,,,,,,,,https://www.jobberman.com.gh/listings/warehouse-specialist-vw8692-v2,2026-09-05T17:16:28+00:00
0409f763c20c2297,jobberman,hwf4warehouse-supervisor-mj002214-r89dwx-v1,Hwf4(warehouse Supervisor) (mj002214),,,,Ghana,unknown,,,,,,,,,,,,https://www.jobberman.com.gh/listings/hwf4warehouse-supervisor-mj002214-r89dwx-v1,2026-09-05T17:16:28+00:00
20b158246f8dd709,jobberman,social-media-manager-4nzjpz,Social Media Manager,,,,Ghana,unknown,,,,,,,,,,,,https://www.jobberman.com.gh/listings/social-media-manager-4nzjpz,2026-09-05T17:16:28+00:00
88e723b8cc5be330,jobberman,insurance-sales-officer-wp4q4z-v1,Insurance Sales Officer,,,,Ghana,unknown,,,,,,,,,,,,https://www.jobberman.com.gh/listings/insurance-sales-officer-wp4q4z-v1,2026-09-05T17:16:28+00:00
a0f1c5a2d4e9d065,jobberman,salesperson-zpn28n,Salesperson,,,,Ghana,unknown,,,,,,,,,,,,https://www.jobberman.com.gh/listings/salesperson-zpn28n,2026-09-05T17:16:28+00:00
77e77d6f2926c3d4,jobberman,sales-executive-it-solutions-office-equipment-r8p26j,Sales Executive (it Solutions & Office Equipment),,,,Ghana,unknown,,,,,,,,,,,,https://www.jobberman.com.gh/listings/sales-executive-it-solutions-office-equipment-r8p26j,2026-09-05T17:16:28+00:00
4f8fb83c2f6e69f3,jobberman,robotics-ai-educator-20mpkp-v1,Robotics & Ai Educator,,,,Ghana,unknown,,,,,,,,,,,Data & AI,https://www.jobberman.com.gh/listings/robotics-ai-educator-20mpkp-v1,2026-09-05T17:16:32+00:00
3b8e4bb45700c999,jobberman,developer-relations-engineer-7wev0m,Developer Relations Engineer,,,,Ghana,unknown,,,,,,,,,,,Software Development,https://www.jobberman.com.gh/listings/developer-relations-engineer-7wev0m,2026-09-05T17:16:32+00:00
83339e1aec7a572c,jobberman,react-native-expo-developer-interns-k84mvn,React Native / Expo Developer Interns,,,,Ghana,unknown,,,,,,,,,,,Software Development,https://www.jobberman.com.gh/listings/react-native-expo-developer-interns-k84mvn,2026-09-05T17:16:44+00:00
d39b35569b1a9f26,jobberman,react-native-expo-developer-interns-84e0x9,React Native / Expo Developer Interns,,,,Ghana,unknown,,,,,,,,,,,Software Development,https://www.jobberman.com.gh/listings/react-native-expo-developer-interns-84e0x9,2026-09-05T17:16:44+00:00
ba566a841e54d9dc,jobberman,sales-and-marketing-executive-hospitality-r89085-v2,Sales And Marketing Executive (hospitality),,,,Ghana,unknown,,,,,,,,,,,,https://www.jobberman.com.gh/listings/sales-and-marketing-executive-hospitality-r89085-v2,2026-09-05T17:16:56+00:00
6174588cc3a8bc04,jobberman,project-engineer-ev0dq4,Project Engineer,,,,Ghana,unknown,,,,,,,,,,,Other Tech,https://www.jobberman.com.gh/listings/project-engineer-ev0dq4,2026-09-05T17:17:06+00:00
41e09aa5bd5c843b,jobberman,consultancy-technical-and-operational-support-to-the-merl-unit-4nkew9-v1,[consultancy] Technical And Operational Support To The Merl Unit,,,,Ghana,unknown,,,,,,,,,,,Other Tech,https://www.jobberman.com.gh/listings/consultancy-technical-and-operational-support-to-the-merl-unit-4nkew9-v1,2026-09-05T17:17:06+00:00
5094c88deb299ac6,jobberman,expat-structural-engineer-high-rise-residential-projects-npm5gk-v1,Expat Structural Engineer- High Rise Residential Projects,,,,Ghana,unknown,,,,,,,,,,,Other Tech,https://www.jobberman.com.gh/listings/expat-structural-engineer-high-rise-residential-projects-npm5gk-v1,2026-09-05T17:17:06+00:00
7c9c0981720a6c05,jobberman,senior-gp-q2jqdn,Senior Gp,,,,Ghana,unknown,,,,,,,,,,,,https://www.jobberman.com.gh/listings/senior-gp-q2jqdn,2026-09-05T17:17:09+00:00
2c5976176ac77efa,jobberman,product-support-and-service-engineer-screening-solutions-5dj7kn-v1,Product Support And Service Engineer - Screening Solutions,,,,Ghana,unknown,,,,,,,,,,,Other Tech,https://www.jobberman.com.gh/listings/product-support-and-service-engineer-screening-solutions-5dj7kn-v1,2026-09-05T17:17:13+00:00
0395b8d6dfb49b3c,jobberman,sales-executive-np66mw-v1,Sales Executive,,,,Ghana,unknown,,,,,,,,,,,,https://www.jobberman.com.gh/listings/sales-executive-np66mw-v1,2026-09-05T17:17:13+00:00
5f9131b2376dabfa,jobberman,interior-designer-9j77jj-v1,Interior Designer,,,,Ghana,unknown,,,,,,,,,,,,https://www.jobberman.com.gh/listings/interior-designer-9j77jj-v1,2026-09-05T17:17:13+00:00
b63f02661a0567e7,jobberman,nss-personnel-20262027-7wev48,Nss Personnel 2026/2027,,,,Ghana,unknown,,,,,,,,,,,,https://www.jobberman.com.gh/listings/nss-personnel-20262027-7wev48,2026-09-05T17:17:20+00:00
896f04f83ee6baa8,jobberman,it-support-based-in-ghana-07rq9w-v1,It Support (based In Ghana),,,,Ghana,unknown,,,,,,,,,,,IT Support & Networking,https://www.jobberman.com.gh/listings/it-support-based-in-ghana-07rq9w-v1,2026-09-05T17:17:20+00:00
76de24f72f387329,jobberman,commercial-manager-west-africa-q2jq4n-v1,Commercial Manager - West Africa,,,,Ghana,unknown,,,,,,,,,,,,https://www.jobberman.com.gh/listings/commercial-manager-west-africa-q2jq4n-v1,2026-09-05T17:17:20+00:00
7fadb34b067b9082,jobberman,senior-assistant-internal-auditor-mg2xg6-v2,Senior Assistant Internal Auditor,,,,Ghana,unknown,,,,,,,,,,,,https://www.jobberman.com.gh/listings/senior-assistant-internal-auditor-mg2xg6-v2,2026-09-05T17:17:20+00:00
c316a975cc194d5f,jobberman,senior-assistant-development-officer-jqk8qz-v2,Senior Assistant Development Officer,,,,Ghana,unknown,,,,,,,,,,,,https://www.jobberman.com.gh/listings/senior-assistant-development-officer-jqk8qz-v2,2026-09-05T17:17:20+00:00
fde763f11b6ba45b,jobberman,natuonal-service-person-sales-marketing-coordinator-vw7mem,Natuonal Service Person: Sales & Marketing Coordinator,,,,Ghana,unknown,,,,,,,,,,,,https://www.jobberman.com.gh/listings/natuonal-service-person-sales-marketing-coordinator-vw7mem,2026-09-05T17:17:25+00:00
56084701a5eed6f1,jobberman,customer-support-specialist-gh-ev0dwx,Customer Support Specialist Gh,,,,Ghana,unknown,,,,,,,,,,,,https://www.jobberman.com.gh/listings/customer-support-specialist-gh-ev0dwx,2026-09-05T17:17:25+00:00
b2c8a515d753e1e4,jobberman,information-systems-business-analyst-9j7765-v1,Information Systems Business Analyst,,,,Ghana,unknown,,,,,,,,,,,Other Tech,https://www.jobberman.com.gh/listings/information-systems-business-analyst-9j7765-v1,2026-09-05T17:17:25+00:00
9dc3bab3e9bb1b34,jobberman,architectural-draughtsperson-q2jq8w,Architectural Draughtsperson,,,,Ghana,unknown,,,,,,,,,,,,https://www.jobberman.com.gh/listings/architectural-draughtsperson-q2jq8w,2026-09-05T17:17:25+00:00
6fb428e26aaa8d2f,jobberman,dean-faculty-of-engineering-at-ghana-technology-university-college-d78mw4-v1,"Dean, Faculty Of Engineering At Ghana Technology University College",,,,Ghana,unknown,,,,,,,,,,,Other Tech,https://www.jobberman.com.gh/listings/dean-faculty-of-engineering-at-ghana-technology-university-college-d78mw4-v1,2026-09-05T17:17:33+00:00
