job_id,source,source_job_id,job_title,company,job_description,location,country,work_mode,remote_scope,job_field,industry,employment_type,experience_required,education_required,salary,currency,date_posted,application_deadline,tech_category,vacancy_url,scraped_at
4424bf28fc5a8319,hotnigerianjobs,957460,Chabash Development and Health Initiative (CDHI) Job Recruitment (7 Positions),,Chabash Development and Health Initiative (CDHI) Job Recruitment (7 Positions),,Nigeria,unknown,,,Computer / AI / Technology / IT Services,,,,,,,,,https://www.hotnigerianjobs.com/hotjobs/957460/chabash-development-and-health-initiative-cdhi-job.html,2026-09-12T21:59:25+00:00
a4ef9de5880969bb,hotnigerianjobs,957457,News Central TV Job Recruitment (4 Positions),,Chabash Development and Health Initiative (CDHI) Job Recruitment (7 Positions) News Central TV Job Recruitment (4 Positions) Raybond Technical Limited Job Recruitment (3 Positions) Desire British Standard School Job Recruitment (4 Positions) Medbury Healthcare Group Job Recruitment (4 Positions) Custom Gifts & Designs Limited Job Recruitment (3 Positions) Online Foodstuff Store Limited Job Recruitment (5 Positions) Lightread Consulting Job Recruitment (7 Positions) Malaria Consortium Job Recruitment (5 Positions) Pallyshop Discount Job Recruitment (3 Postions) DESAC Energy Nigeria Limited Job Recruitment (13 Positions) Work Dey HR Services Job Recruitment (12 Positions) Food and Agriculture Organization Of the United Nations (FAO-UN) Job Recruitment (4 Positions) Party Supplies & More Job Recruitment (3 Positions) EBA (Eni Brand Architect Limited) Internship & Exp. Job Recruitment (7 Positions) Colton Group Job Recruitment (4 Positions) DM Holdings Limited Trainee & Exp. Job Recruitment (6 Positions) Fokes Consult Job Recruitment (6 Positions) J-Six Group Job Recruitment (7 Positions) Officemakers International Limited Job Recruitment (3 Positions) Excellent Jobs Job Recruitment (9 Positions) Marvel Advisory Limited Job Recruitment (3 Positions) Zetile Stores Limited Job Recruitment (3 Positions) Open Hospital Limited Job Recruitment HoneyTreat Group Graduate & Exp. Job Recruitment (5 Positions) Stylzimagery Studios Job Recruitment (7 Positions) ResumeSurge Consulting Job Recruitment (6 Positions) Cobranet Limited Job Recruitment (7 Positions) Jules Construction Job Recruitment (6 Positions) Eye Foundation Hospital Job Recruitment (3 Positions) HNJ Exclusive Job GOODY Bag - SEPTEMBER Week TWO UPDATE! Isalu Hospital Limited Job Recruitment (3 Positions) NoemDek Limited Internship & Exp. Job Recruitment (124 Positions) Holy Child College Job Recruitment (7 Positions) Latest Entry-level & Internship Job Recruitment in Nigeria - HNJobs (Weekly Recap) Latest Graduate & Management Trainee Job Recruitment in Nigeria - HNJobs (Weekly Recap) HNJobs (Recap): Federal / State Government Job Opportunities - HNJ Exclusive Latest Customer Service / Front Desk Job Recruitment in Nigeria - HNJobs (Weekly Recap) Latest Oil & Gas Job Opportunities in Nigeria - HNJ Exclusive HNJobs (Recap): International Agency / NGO / Multinational Job Opportunities - HNJ Exclusive HNJobs (Recap): Remote / Work-At-Home Job Opportunities Oxymon Solutions Limited Exp. Job Recruitment Globalclique HR Job Recruitment (5 Positions) OPEC Fund for International Development Job Recruitment (6 Positions) Abuja Clinics Limited Job Recruitment (8 Positions) Olam International Job Recruitment (4 Positions) Olam Agri Job Recruitment (6 Positions) Positivia Consult Job Recruitment (5 Positions) Stufenstein International School Job Recruitment (4 Positions) Promasidor Nigeria Job Recruitment (5 Positions),,Nigeria,remote,Global,,Computer / AI / Technology / IT Services,,,,,,,,Software Development,https://www.hotnigerianjobs.com/hotjobs/957457/news-central-tv-job-recruitment-4-positions.html,2026-09-12T21:59:25+00:00
ce153e4cf8db9edb,hotnigerianjobs,957456,Raybond Technical Limited Job Recruitment (3 Positions),,Chabash Development and Health Initiative (CDHI) Job Recruitment (7 Positions) News Central TV Job Recruitment (4 Positions) Raybond Technical Limited Job Recruitment (3 Positions) Desire British Standard School Job Recruitment (4 Positions) Medbury Healthcare Group Job Recruitment (4 Positions) Custom Gifts & Designs Limited Job Recruitment (3 Positions) Online Foodstuff Store Limited Job Recruitment (5 Positions) Lightread Consulting Job Recruitment (7 Positions) Malaria Consortium Job Recruitment (5 Positions) Pallyshop Discount Job Recruitment (3 Postions) DESAC Energy Nigeria Limited Job Recruitment (13 Positions) Work Dey HR Services Job Recruitment (12 Positions) Food and Agriculture Organization Of the United Nations (FAO-UN) Job Recruitment (4 Positions) Party Supplies & More Job Recruitment (3 Positions) EBA (Eni Brand Architect Limited) Internship & Exp. Job Recruitment (7 Positions) Colton Group Job Recruitment (4 Positions) DM Holdings Limited Trainee & Exp. Job Recruitment (6 Positions) Fokes Consult Job Recruitment (6 Positions) J-Six Group Job Recruitment (7 Positions) Officemakers International Limited Job Recruitment (3 Positions) Excellent Jobs Job Recruitment (9 Positions) Marvel Advisory Limited Job Recruitment (3 Positions) Zetile Stores Limited Job Recruitment (3 Positions) Open Hospital Limited Job Recruitment HoneyTreat Group Graduate & Exp. Job Recruitment (5 Positions) Stylzimagery Studios Job Recruitment (7 Positions) ResumeSurge Consulting Job Recruitment (6 Positions) Cobranet Limited Job Recruitment (7 Positions) Jules Construction Job Recruitment (6 Positions) Eye Foundation Hospital Job Recruitment (3 Positions) HNJ Exclusive Job GOODY Bag - SEPTEMBER Week TWO UPDATE! Isalu Hospital Limited Job Recruitment (3 Positions) NoemDek Limited Internship & Exp. Job Recruitment (124 Positions) Holy Child College Job Recruitment (7 Positions) Latest Entry-level & Internship Job Recruitment in Nigeria - HNJobs (Weekly Recap) Latest Graduate & Management Trainee Job Recruitment in Nigeria - HNJobs (Weekly Recap) HNJobs (Recap): Federal / State Government Job Opportunities - HNJ Exclusive Latest Customer Service / Front Desk Job Recruitment in Nigeria - HNJobs (Weekly Recap) Latest Oil & Gas Job Opportunities in Nigeria - HNJ Exclusive HNJobs (Recap): International Agency / NGO / Multinational Job Opportunities - HNJ Exclusive HNJobs (Recap): Remote / Work-At-Home Job Opportunities Oxymon Solutions Limited Exp. Job Recruitment Globalclique HR Job Recruitment (5 Positions) OPEC Fund for International Development Job Recruitment (6 Positions) Abuja Clinics Limited Job Recruitment (8 Positions) Olam International Job Recruitment (4 Positions) Olam Agri Job Recruitment (6 Positions) Positivia Consult Job Recruitment (5 Positions) Stufenstein International School Job Recruitment (4 Positions) Promasidor Nigeria Job Recruitment (5 Positions),,Nigeria,remote,Global,,Computer / AI / Technology / IT Services,,,,,,,,Software Development,https://www.hotnigerianjobs.com/hotjobs/957456/raybond-technical-limited-job-recruitment-3-positi.html,2026-09-12T21:59:25+00:00
40e21dd2ba5a5dd8,hotnigerianjobs,957455,Desire British Standard School Job Recruitment (4 Positions),,Desire British Standard School Job Recruitment (4 Positions),,Nigeria,unknown,,,Computer / AI / Technology / IT Services,,,,,,,,,https://www.hotnigerianjobs.com/hotjobs/957455/desire-british-standard-school-job-recruitment-4-p.html,2026-09-12T21:59:25+00:00
c73217d89276dc19,hotnigerianjobs,957450,Medbury Healthcare Group Job Recruitment (4 Positions),,Chabash Development and Health Initiative (CDHI) Job Recruitment (7 Positions) News Central TV Job Recruitment (4 Positions) Raybond Technical Limited Job Recruitment (3 Positions) Desire British Standard School Job Recruitment (4 Positions) Medbury Healthcare Group Job Recruitment (4 Positions) Custom Gifts & Designs Limited Job Recruitment (3 Positions) Online Foodstuff Store Limited Job Recruitment (5 Positions) Lightread Consulting Job Recruitment (7 Positions) Malaria Consortium Job Recruitment (5 Positions) Pallyshop Discount Job Recruitment (3 Postions) DESAC Energy Nigeria Limited Job Recruitment (13 Positions) Work Dey HR Services Job Recruitment (12 Positions) Food and Agriculture Organization Of the United Nations (FAO-UN) Job Recruitment (4 Positions) Party Supplies & More Job Recruitment (3 Positions) EBA (Eni Brand Architect Limited) Internship & Exp. Job Recruitment (7 Positions) Colton Group Job Recruitment (4 Positions) DM Holdings Limited Trainee & Exp. Job Recruitment (6 Positions) Fokes Consult Job Recruitment (6 Positions) J-Six Group Job Recruitment (7 Positions) Officemakers International Limited Job Recruitment (3 Positions) Excellent Jobs Job Recruitment (9 Positions) Marvel Advisory Limited Job Recruitment (3 Positions) Zetile Stores Limited Job Recruitment (3 Positions) Open Hospital Limited Job Recruitment HoneyTreat Group Graduate & Exp. Job Recruitment (5 Positions) Stylzimagery Studios Job Recruitment (7 Positions) ResumeSurge Consulting Job Recruitment (6 Positions) Cobranet Limited Job Recruitment (7 Positions) Jules Construction Job Recruitment (6 Positions) Eye Foundation Hospital Job Recruitment (3 Positions) HNJ Exclusive Job GOODY Bag - SEPTEMBER Week TWO UPDATE! Isalu Hospital Limited Job Recruitment (3 Positions) NoemDek Limited Internship & Exp. Job Recruitment (124 Positions) Holy Child College Job Recruitment (7 Positions) Latest Entry-level & Internship Job Recruitment in Nigeria - HNJobs (Weekly Recap) Latest Graduate & Management Trainee Job Recruitment in Nigeria - HNJobs (Weekly Recap) HNJobs (Recap): Federal / State Government Job Opportunities - HNJ Exclusive Latest Customer Service / Front Desk Job Recruitment in Nigeria - HNJobs (Weekly Recap) Latest Oil & Gas Job Opportunities in Nigeria - HNJ Exclusive HNJobs (Recap): International Agency / NGO / Multinational Job Opportunities - HNJ Exclusive HNJobs (Recap): Remote / Work-At-Home Job Opportunities Oxymon Solutions Limited Exp. Job Recruitment Globalclique HR Job Recruitment (5 Positions) OPEC Fund for International Development Job Recruitment (6 Positions) Abuja Clinics Limited Job Recruitment (8 Positions) Olam International Job Recruitment (4 Positions) Olam Agri Job Recruitment (6 Positions) Positivia Consult Job Recruitment (5 Positions) Stufenstein International School Job Recruitment (4 Positions) Promasidor Nigeria Job Recruitment (5 Positions),,Nigeria,remote,Global,,Computer / AI / Technology / IT Services,,,,,,,,Software Development,https://www.hotnigerianjobs.com/hotjobs/957450/medbury-healthcare-group-graduate-entrylevel-exp-j.html,2026-09-12T21:59:25+00:00
3bc96784537c706d,hotnigerianjobs,957443,Custom Gifts & Designs Limited Job Recruitment (3 Positions),,Custom Gifts & Designs Limited Job Recruitment (3 Positions),,Nigeria,unknown,,,Computer / AI / Technology / IT Services,,,,,,,,,https://www.hotnigerianjobs.com/hotjobs/957443/custom-gifts-designs-limited-job-recruitment-3-pos.html,2026-09-12T21:59:25+00:00
d7561f85e0254514,hotnigerianjobs,957441,Online Foodstuff Store Limited Job Recruitment (5 Positions),,Online Foodstuff Store Limited Job Recruitment (5 Positions),,Nigeria,unknown,,,Computer / AI / Technology / IT Services,,,,,,,,,https://www.hotnigerianjobs.com/hotjobs/957441/online-foodstuff-store-limited-job-recruitment-5-p.html,2026-09-12T21:59:25+00:00
c98969b68835dbda,hotnigerianjobs,957438,Lightread Consulting Job Recruitment (7 Positions),,Chabash Development and Health Initiative (CDHI) Job Recruitment (7 Positions) News Central TV Job Recruitment (4 Positions) Raybond Technical Limited Job Recruitment (3 Positions) Desire British Standard School Job Recruitment (4 Positions) Medbury Healthcare Group Job Recruitment (4 Positions) Custom Gifts & Designs Limited Job Recruitment (3 Positions) Online Foodstuff Store Limited Job Recruitment (5 Positions) Lightread Consulting Job Recruitment (7 Positions) Malaria Consortium Job Recruitment (5 Positions) Pallyshop Discount Job Recruitment (3 Postions) DESAC Energy Nigeria Limited Job Recruitment (13 Positions) Work Dey HR Services Job Recruitment (12 Positions) Food and Agriculture Organization Of the United Nations (FAO-UN) Job Recruitment (4 Positions) Party Supplies & More Job Recruitment (3 Positions) EBA (Eni Brand Architect Limited) Internship & Exp. Job Recruitment (7 Positions) Colton Group Job Recruitment (4 Positions) DM Holdings Limited Trainee & Exp. Job Recruitment (6 Positions) Fokes Consult Job Recruitment (6 Positions) J-Six Group Job Recruitment (7 Positions) Officemakers International Limited Job Recruitment (3 Positions) Excellent Jobs Job Recruitment (9 Positions) Marvel Advisory Limited Job Recruitment (3 Positions) Zetile Stores Limited Job Recruitment (3 Positions) Open Hospital Limited Job Recruitment HoneyTreat Group Graduate & Exp. Job Recruitment (5 Positions) Stylzimagery Studios Job Recruitment (7 Positions) ResumeSurge Consulting Job Recruitment (6 Positions) Cobranet Limited Job Recruitment (7 Positions) Jules Construction Job Recruitment (6 Positions) Eye Foundation Hospital Job Recruitment (3 Positions) HNJ Exclusive Job GOODY Bag - SEPTEMBER Week TWO UPDATE! Isalu Hospital Limited Job Recruitment (3 Positions) NoemDek Limited Internship & Exp. Job Recruitment (124 Positions) Holy Child College Job Recruitment (7 Positions) Latest Entry-level & Internship Job Recruitment in Nigeria - HNJobs (Weekly Recap) Latest Graduate & Management Trainee Job Recruitment in Nigeria - HNJobs (Weekly Recap) HNJobs (Recap): Federal / State Government Job Opportunities - HNJ Exclusive Latest Customer Service / Front Desk Job Recruitment in Nigeria - HNJobs (Weekly Recap) Latest Oil & Gas Job Opportunities in Nigeria - HNJ Exclusive HNJobs (Recap): International Agency / NGO / Multinational Job Opportunities - HNJ Exclusive HNJobs (Recap): Remote / Work-At-Home Job Opportunities Oxymon Solutions Limited Exp. Job Recruitment Globalclique HR Job Recruitment (5 Positions) OPEC Fund for International Development Job Recruitment (6 Positions) Abuja Clinics Limited Job Recruitment (8 Positions) Olam International Job Recruitment (4 Positions) Olam Agri Job Recruitment (6 Positions) Positivia Consult Job Recruitment (5 Positions) Stufenstein International School Job Recruitment (4 Positions) Promasidor Nigeria Job Recruitment (5 Positions),,Nigeria,remote,Global,,Computer / AI / Technology / IT Services,,,,,,,,Software Development,https://www.hotnigerianjobs.com/hotjobs/957438/lightread-consulting-job-recruitment-7-positions.html,2026-09-12T21:59:25+00:00
e1e80d2e939a0243,hotnigerianjobs,957430,Malaria Consortium Job Recruitment (5 Positions),,Chabash Development and Health Initiative (CDHI) Job Recruitment (7 Positions) News Central TV Job Recruitment (4 Positions) Raybond Technical Limited Job Recruitment (3 Positions) Desire British Standard School Job Recruitment (4 Positions) Medbury Healthcare Group Job Recruitment (4 Positions) Custom Gifts & Designs Limited Job Recruitment (3 Positions) Online Foodstuff Store Limited Job Recruitment (5 Positions) Lightread Consulting Job Recruitment (7 Positions) Malaria Consortium Job Recruitment (5 Positions) Pallyshop Discount Job Recruitment (3 Postions) DESAC Energy Nigeria Limited Job Recruitment (13 Positions) Work Dey HR Services Job Recruitment (12 Positions) Food and Agriculture Organization Of the United Nations (FAO-UN) Job Recruitment (4 Positions) Party Supplies & More Job Recruitment (3 Positions) EBA (Eni Brand Architect Limited) Internship & Exp. Job Recruitment (7 Positions) Colton Group Job Recruitment (4 Positions) DM Holdings Limited Trainee & Exp. Job Recruitment (6 Positions) Fokes Consult Job Recruitment (6 Positions) J-Six Group Job Recruitment (7 Positions) Officemakers International Limited Job Recruitment (3 Positions) Excellent Jobs Job Recruitment (9 Positions) Marvel Advisory Limited Job Recruitment (3 Positions) Zetile Stores Limited Job Recruitment (3 Positions) Open Hospital Limited Job Recruitment HoneyTreat Group Graduate & Exp. Job Recruitment (5 Positions) Stylzimagery Studios Job Recruitment (7 Positions) ResumeSurge Consulting Job Recruitment (6 Positions) Cobranet Limited Job Recruitment (7 Positions) Jules Construction Job Recruitment (6 Positions) Eye Foundation Hospital Job Recruitment (3 Positions) HNJ Exclusive Job GOODY Bag - SEPTEMBER Week TWO UPDATE! Isalu Hospital Limited Job Recruitment (3 Positions) NoemDek Limited Internship & Exp. Job Recruitment (124 Positions) Holy Child College Job Recruitment (7 Positions) Latest Entry-level & Internship Job Recruitment in Nigeria - HNJobs (Weekly Recap) Latest Graduate & Management Trainee Job Recruitment in Nigeria - HNJobs (Weekly Recap) HNJobs (Recap): Federal / State Government Job Opportunities - HNJ Exclusive Latest Customer Service / Front Desk Job Recruitment in Nigeria - HNJobs (Weekly Recap) Latest Oil & Gas Job Opportunities in Nigeria - HNJ Exclusive HNJobs (Recap): International Agency / NGO / Multinational Job Opportunities - HNJ Exclusive HNJobs (Recap): Remote / Work-At-Home Job Opportunities Oxymon Solutions Limited Exp. Job Recruitment Globalclique HR Job Recruitment (5 Positions) OPEC Fund for International Development Job Recruitment (6 Positions) Abuja Clinics Limited Job Recruitment (8 Positions) Olam International Job Recruitment (4 Positions) Olam Agri Job Recruitment (6 Positions) Positivia Consult Job Recruitment (5 Positions) Stufenstein International School Job Recruitment (4 Positions) Promasidor Nigeria Job Recruitment (5 Positions),,Nigeria,remote,Global,,Computer / AI / Technology / IT Services,,,,,,,,Software Development,https://www.hotnigerianjobs.com/hotjobs/957430/malaria-consortium-job-recruitment-5-positions.html,2026-09-12T21:59:25+00:00
3f206e4f328c754c,hotnigerianjobs,957428,Pallyshop Discount Job Recruitment (3 Postions),,Chabash Development and Health Initiative (CDHI) Job Recruitment (7 Positions) News Central TV Job Recruitment (4 Positions) Raybond Technical Limited Job Recruitment (3 Positions) Desire British Standard School Job Recruitment (4 Positions) Medbury Healthcare Group Job Recruitment (4 Positions) Custom Gifts & Designs Limited Job Recruitment (3 Positions) Online Foodstuff Store Limited Job Recruitment (5 Positions) Lightread Consulting Job Recruitment (7 Positions) Malaria Consortium Job Recruitment (5 Positions) Pallyshop Discount Job Recruitment (3 Postions) DESAC Energy Nigeria Limited Job Recruitment (13 Positions) Work Dey HR Services Job Recruitment (12 Positions) Food and Agriculture Organization Of the United Nations (FAO-UN) Job Recruitment (4 Positions) Party Supplies & More Job Recruitment (3 Positions) EBA (Eni Brand Architect Limited) Internship & Exp. Job Recruitment (7 Positions) Colton Group Job Recruitment (4 Positions) DM Holdings Limited Trainee & Exp. Job Recruitment (6 Positions) Fokes Consult Job Recruitment (6 Positions) J-Six Group Job Recruitment (7 Positions) Officemakers International Limited Job Recruitment (3 Positions) Excellent Jobs Job Recruitment (9 Positions) Marvel Advisory Limited Job Recruitment (3 Positions) Zetile Stores Limited Job Recruitment (3 Positions) Open Hospital Limited Job Recruitment HoneyTreat Group Graduate & Exp. Job Recruitment (5 Positions) Stylzimagery Studios Job Recruitment (7 Positions) ResumeSurge Consulting Job Recruitment (6 Positions) Cobranet Limited Job Recruitment (7 Positions) Jules Construction Job Recruitment (6 Positions) Eye Foundation Hospital Job Recruitment (3 Positions) HNJ Exclusive Job GOODY Bag - SEPTEMBER Week TWO UPDATE! Isalu Hospital Limited Job Recruitment (3 Positions) NoemDek Limited Internship & Exp. Job Recruitment (124 Positions) Holy Child College Job Recruitment (7 Positions) Latest Entry-level & Internship Job Recruitment in Nigeria - HNJobs (Weekly Recap) Latest Graduate & Management Trainee Job Recruitment in Nigeria - HNJobs (Weekly Recap) HNJobs (Recap): Federal / State Government Job Opportunities - HNJ Exclusive Latest Customer Service / Front Desk Job Recruitment in Nigeria - HNJobs (Weekly Recap) Latest Oil & Gas Job Opportunities in Nigeria - HNJ Exclusive HNJobs (Recap): International Agency / NGO / Multinational Job Opportunities - HNJ Exclusive HNJobs (Recap): Remote / Work-At-Home Job Opportunities Oxymon Solutions Limited Exp. Job Recruitment Globalclique HR Job Recruitment (5 Positions) OPEC Fund for International Development Job Recruitment (6 Positions) Abuja Clinics Limited Job Recruitment (8 Positions) Olam International Job Recruitment (4 Positions) Olam Agri Job Recruitment (6 Positions) Positivia Consult Job Recruitment (5 Positions) Stufenstein International School Job Recruitment (4 Positions) Promasidor Nigeria Job Recruitment (5 Positions),,Nigeria,remote,Global,,Computer / AI / Technology / IT Services,,,,,,,,Software Development,https://www.hotnigerianjobs.com/hotjobs/957428/pallyshop-discount-job-recruitment-3-postions.html,2026-09-12T21:59:25+00:00
00c66937c7cea04e,hotnigerianjobs,957427,DESAC Energy Nigeria Limited Job Recruitment (13 Positions),,Chabash Development and Health Initiative (CDHI) Job Recruitment (7 Positions) News Central TV Job Recruitment (4 Positions) Raybond Technical Limited Job Recruitment (3 Positions) Desire British Standard School Job Recruitment (4 Positions) Medbury Healthcare Group Job Recruitment (4 Positions) Custom Gifts & Designs Limited Job Recruitment (3 Positions) Online Foodstuff Store Limited Job Recruitment (5 Positions) Lightread Consulting Job Recruitment (7 Positions) Malaria Consortium Job Recruitment (5 Positions) Pallyshop Discount Job Recruitment (3 Postions) DESAC Energy Nigeria Limited Job Recruitment (13 Positions) Work Dey HR Services Job Recruitment (12 Positions) Food and Agriculture Organization Of the United Nations (FAO-UN) Job Recruitment (4 Positions) Party Supplies & More Job Recruitment (3 Positions) EBA (Eni Brand Architect Limited) Internship & Exp. Job Recruitment (7 Positions) Colton Group Job Recruitment (4 Positions) DM Holdings Limited Trainee & Exp. Job Recruitment (6 Positions) Fokes Consult Job Recruitment (6 Positions) J-Six Group Job Recruitment (7 Positions) Officemakers International Limited Job Recruitment (3 Positions) Excellent Jobs Job Recruitment (9 Positions) Marvel Advisory Limited Job Recruitment (3 Positions) Zetile Stores Limited Job Recruitment (3 Positions) Open Hospital Limited Job Recruitment HoneyTreat Group Graduate & Exp. Job Recruitment (5 Positions) Stylzimagery Studios Job Recruitment (7 Positions) ResumeSurge Consulting Job Recruitment (6 Positions) Cobranet Limited Job Recruitment (7 Positions) Jules Construction Job Recruitment (6 Positions) Eye Foundation Hospital Job Recruitment (3 Positions) HNJ Exclusive Job GOODY Bag - SEPTEMBER Week TWO UPDATE! Isalu Hospital Limited Job Recruitment (3 Positions) NoemDek Limited Internship & Exp. Job Recruitment (124 Positions) Holy Child College Job Recruitment (7 Positions) Latest Entry-level & Internship Job Recruitment in Nigeria - HNJobs (Weekly Recap) Latest Graduate & Management Trainee Job Recruitment in Nigeria - HNJobs (Weekly Recap) HNJobs (Recap): Federal / State Government Job Opportunities - HNJ Exclusive Latest Customer Service / Front Desk Job Recruitment in Nigeria - HNJobs (Weekly Recap) Latest Oil & Gas Job Opportunities in Nigeria - HNJ Exclusive HNJobs (Recap): International Agency / NGO / Multinational Job Opportunities - HNJ Exclusive HNJobs (Recap): Remote / Work-At-Home Job Opportunities Oxymon Solutions Limited Exp. Job Recruitment Globalclique HR Job Recruitment (5 Positions) OPEC Fund for International Development Job Recruitment (6 Positions) Abuja Clinics Limited Job Recruitment (8 Positions) Olam International Job Recruitment (4 Positions) Olam Agri Job Recruitment (6 Positions) Positivia Consult Job Recruitment (5 Positions) Stufenstein International School Job Recruitment (4 Positions) Promasidor Nigeria Job Recruitment (5 Positions),,Nigeria,remote,Global,,Computer / AI / Technology / IT Services,,,,,,,,Software Development,https://www.hotnigerianjobs.com/hotjobs/957427/desac-energy-nigeria-limited-job-recruitment-13-po.html,2026-09-12T21:59:25+00:00
c38cbcea79c49a78,hotnigerianjobs,957426,Work Dey HR Services Job Recruitment (12 Positions),,Chabash Development and Health Initiative (CDHI) Job Recruitment (7 Positions) News Central TV Job Recruitment (4 Positions) Raybond Technical Limited Job Recruitment (3 Positions) Desire British Standard School Job Recruitment (4 Positions) Medbury Healthcare Group Job Recruitment (4 Positions) Custom Gifts & Designs Limited Job Recruitment (3 Positions) Online Foodstuff Store Limited Job Recruitment (5 Positions) Lightread Consulting Job Recruitment (7 Positions) Malaria Consortium Job Recruitment (5 Positions) Pallyshop Discount Job Recruitment (3 Postions) DESAC Energy Nigeria Limited Job Recruitment (13 Positions) Work Dey HR Services Job Recruitment (12 Positions) Food and Agriculture Organization Of the United Nations (FAO-UN) Job Recruitment (4 Positions) Party Supplies & More Job Recruitment (3 Positions) EBA (Eni Brand Architect Limited) Internship & Exp. Job Recruitment (7 Positions) Colton Group Job Recruitment (4 Positions) DM Holdings Limited Trainee & Exp. Job Recruitment (6 Positions) Fokes Consult Job Recruitment (6 Positions) J-Six Group Job Recruitment (7 Positions) Officemakers International Limited Job Recruitment (3 Positions) Excellent Jobs Job Recruitment (9 Positions) Marvel Advisory Limited Job Recruitment (3 Positions) Zetile Stores Limited Job Recruitment (3 Positions) Open Hospital Limited Job Recruitment HoneyTreat Group Graduate & Exp. Job Recruitment (5 Positions) Stylzimagery Studios Job Recruitment (7 Positions) ResumeSurge Consulting Job Recruitment (6 Positions) Cobranet Limited Job Recruitment (7 Positions) Jules Construction Job Recruitment (6 Positions) Eye Foundation Hospital Job Recruitment (3 Positions) HNJ Exclusive Job GOODY Bag - SEPTEMBER Week TWO UPDATE! Isalu Hospital Limited Job Recruitment (3 Positions) NoemDek Limited Internship & Exp. Job Recruitment (124 Positions) Holy Child College Job Recruitment (7 Positions) Latest Entry-level & Internship Job Recruitment in Nigeria - HNJobs (Weekly Recap) Latest Graduate & Management Trainee Job Recruitment in Nigeria - HNJobs (Weekly Recap) HNJobs (Recap): Federal / State Government Job Opportunities - HNJ Exclusive Latest Customer Service / Front Desk Job Recruitment in Nigeria - HNJobs (Weekly Recap) Latest Oil & Gas Job Opportunities in Nigeria - HNJ Exclusive HNJobs (Recap): International Agency / NGO / Multinational Job Opportunities - HNJ Exclusive HNJobs (Recap): Remote / Work-At-Home Job Opportunities Oxymon Solutions Limited Exp. Job Recruitment Globalclique HR Job Recruitment (5 Positions) OPEC Fund for International Development Job Recruitment (6 Positions) Abuja Clinics Limited Job Recruitment (8 Positions) Olam International Job Recruitment (4 Positions) Olam Agri Job Recruitment (6 Positions) Positivia Consult Job Recruitment (5 Positions) Stufenstein International School Job Recruitment (4 Positions) Promasidor Nigeria Job Recruitment (5 Positions),,Nigeria,remote,Global,,Computer / AI / Technology / IT Services,,,,,,,,Software Development,https://www.hotnigerianjobs.com/hotjobs/957426/work-dey-hr-services-job-recruitment-11-positions.html,2026-09-12T21:59:25+00:00
dcc6c6428a47192c,hotnigerianjobs,957425,Food and Agriculture Organization Of the United Nations (FAO-UN) Job Recruitment (4 Positions),,Food and Agriculture Organization Of the United Nations (FAO-UN) Job Recruitment (4 Positions),,Nigeria,unknown,,,Computer / AI / Technology / IT Services,,,,,,,,,https://www.hotnigerianjobs.com/hotjobs/957425/food-and-agriculture-organization-of-the-united-na.html,2026-09-12T21:59:25+00:00
a6da423ca3fe161b,hotnigerianjobs,957424,Party Supplies & More Job Recruitment (3 Positions),,Chabash Development and Health Initiative (CDHI) Job Recruitment (7 Positions) News Central TV Job Recruitment (4 Positions) Raybond Technical Limited Job Recruitment (3 Positions) Desire British Standard School Job Recruitment (4 Positions) Medbury Healthcare Group Job Recruitment (4 Positions) Custom Gifts & Designs Limited Job Recruitment (3 Positions) Online Foodstuff Store Limited Job Recruitment (5 Positions) Lightread Consulting Job Recruitment (7 Positions) Malaria Consortium Job Recruitment (5 Positions) Pallyshop Discount Job Recruitment (3 Postions) DESAC Energy Nigeria Limited Job Recruitment (13 Positions) Work Dey HR Services Job Recruitment (12 Positions) Food and Agriculture Organization Of the United Nations (FAO-UN) Job Recruitment (4 Positions) Party Supplies & More Job Recruitment (3 Positions) EBA (Eni Brand Architect Limited) Internship & Exp. Job Recruitment (7 Positions) Colton Group Job Recruitment (4 Positions) DM Holdings Limited Trainee & Exp. Job Recruitment (6 Positions) Fokes Consult Job Recruitment (6 Positions) J-Six Group Job Recruitment (7 Positions) Officemakers International Limited Job Recruitment (3 Positions) Excellent Jobs Job Recruitment (9 Positions) Marvel Advisory Limited Job Recruitment (3 Positions) Zetile Stores Limited Job Recruitment (3 Positions) Open Hospital Limited Job Recruitment HoneyTreat Group Graduate & Exp. Job Recruitment (5 Positions) Stylzimagery Studios Job Recruitment (7 Positions) ResumeSurge Consulting Job Recruitment (6 Positions) Cobranet Limited Job Recruitment (7 Positions) Jules Construction Job Recruitment (6 Positions) Eye Foundation Hospital Job Recruitment (3 Positions) HNJ Exclusive Job GOODY Bag - SEPTEMBER Week TWO UPDATE! Isalu Hospital Limited Job Recruitment (3 Positions) NoemDek Limited Internship & Exp. Job Recruitment (124 Positions) Holy Child College Job Recruitment (7 Positions) Latest Entry-level & Internship Job Recruitment in Nigeria - HNJobs (Weekly Recap) Latest Graduate & Management Trainee Job Recruitment in Nigeria - HNJobs (Weekly Recap) HNJobs (Recap): Federal / State Government Job Opportunities - HNJ Exclusive Latest Customer Service / Front Desk Job Recruitment in Nigeria - HNJobs (Weekly Recap) Latest Oil & Gas Job Opportunities in Nigeria - HNJ Exclusive HNJobs (Recap): International Agency / NGO / Multinational Job Opportunities - HNJ Exclusive HNJobs (Recap): Remote / Work-At-Home Job Opportunities Oxymon Solutions Limited Exp. Job Recruitment Globalclique HR Job Recruitment (5 Positions) OPEC Fund for International Development Job Recruitment (6 Positions) Abuja Clinics Limited Job Recruitment (8 Positions) Olam International Job Recruitment (4 Positions) Olam Agri Job Recruitment (6 Positions) Positivia Consult Job Recruitment (5 Positions) Stufenstein International School Job Recruitment (4 Positions) Promasidor Nigeria Job Recruitment (5 Positions),,Nigeria,remote,Global,,Computer / AI / Technology / IT Services,,,,,,,,Software Development,https://www.hotnigerianjobs.com/hotjobs/957424/party-supplies-more-job-recruitment-3-positions.html,2026-09-12T21:59:25+00:00
38433d66ae6c68a6,hotnigerianjobs,957423,EBA (Eni Brand Architect Limited) Internship & Exp. Job Recruitment (7 Positions),,EBA (Eni Brand Architect Limited) Internship & Exp. Job Recruitment (7 Positions),,Nigeria,unknown,,,Computer / AI / Technology / IT Services,,,,,,,,,https://www.hotnigerianjobs.com/hotjobs/957423/eba-eni-brand-architect-limited-internship-exp-job.html,2026-09-12T21:59:25+00:00
b284dddd8160becb,hotnigerianjobs,957422,Colton Group Job Recruitment (4 Positions),,Chabash Development and Health Initiative (CDHI) Job Recruitment (7 Positions) News Central TV Job Recruitment (4 Positions) Raybond Technical Limited Job Recruitment (3 Positions) Desire British Standard School Job Recruitment (4 Positions) Medbury Healthcare Group Job Recruitment (4 Positions) Custom Gifts & Designs Limited Job Recruitment (3 Positions) Online Foodstuff Store Limited Job Recruitment (5 Positions) Lightread Consulting Job Recruitment (7 Positions) Malaria Consortium Job Recruitment (5 Positions) Pallyshop Discount Job Recruitment (3 Postions) DESAC Energy Nigeria Limited Job Recruitment (13 Positions) Work Dey HR Services Job Recruitment (12 Positions) Food and Agriculture Organization Of the United Nations (FAO-UN) Job Recruitment (4 Positions) Party Supplies & More Job Recruitment (3 Positions) EBA (Eni Brand Architect Limited) Internship & Exp. Job Recruitment (7 Positions) Colton Group Job Recruitment (4 Positions) DM Holdings Limited Trainee & Exp. Job Recruitment (6 Positions) Fokes Consult Job Recruitment (6 Positions) J-Six Group Job Recruitment (7 Positions) Officemakers International Limited Job Recruitment (3 Positions) Excellent Jobs Job Recruitment (9 Positions) Marvel Advisory Limited Job Recruitment (3 Positions) Zetile Stores Limited Job Recruitment (3 Positions) Open Hospital Limited Job Recruitment HoneyTreat Group Graduate & Exp. Job Recruitment (5 Positions) Stylzimagery Studios Job Recruitment (7 Positions) ResumeSurge Consulting Job Recruitment (6 Positions) Cobranet Limited Job Recruitment (7 Positions) Jules Construction Job Recruitment (6 Positions) Eye Foundation Hospital Job Recruitment (3 Positions) HNJ Exclusive Job GOODY Bag - SEPTEMBER Week TWO UPDATE! Isalu Hospital Limited Job Recruitment (3 Positions) NoemDek Limited Internship & Exp. Job Recruitment (124 Positions) Holy Child College Job Recruitment (7 Positions) Latest Entry-level & Internship Job Recruitment in Nigeria - HNJobs (Weekly Recap) Latest Graduate & Management Trainee Job Recruitment in Nigeria - HNJobs (Weekly Recap) HNJobs (Recap): Federal / State Government Job Opportunities - HNJ Exclusive Latest Customer Service / Front Desk Job Recruitment in Nigeria - HNJobs (Weekly Recap) Latest Oil & Gas Job Opportunities in Nigeria - HNJ Exclusive HNJobs (Recap): International Agency / NGO / Multinational Job Opportunities - HNJ Exclusive HNJobs (Recap): Remote / Work-At-Home Job Opportunities Oxymon Solutions Limited Exp. Job Recruitment Globalclique HR Job Recruitment (5 Positions) OPEC Fund for International Development Job Recruitment (6 Positions) Abuja Clinics Limited Job Recruitment (8 Positions) Olam International Job Recruitment (4 Positions) Olam Agri Job Recruitment (6 Positions) Positivia Consult Job Recruitment (5 Positions) Stufenstein International School Job Recruitment (4 Positions) Promasidor Nigeria Job Recruitment (5 Positions),,Nigeria,remote,Global,,Computer / AI / Technology / IT Services,,,,,,,,Software Development,https://www.hotnigerianjobs.com/hotjobs/957422/colton-group-job-recruitment-4-positions.html,2026-09-12T21:59:25+00:00
7a5a31750538d8b5,hotnigerianjobs,957418,DM Holdings Limited Trainee & Exp. Job Recruitment (6 Positions),,DM Holdings Limited Trainee & Exp. Job Recruitment (6 Positions),,Nigeria,unknown,,,Computer / AI / Technology / IT Services,,,,,,,,,https://www.hotnigerianjobs.com/hotjobs/957418/dm-holdings-limited-job-recruitment-6-positions.html,2026-09-12T21:59:25+00:00
f8424ed0c9f5eaa9,hotnigerianjobs,957416,Fokes Consult Job Recruitment (6 Positions),,Chabash Development and Health Initiative (CDHI) Job Recruitment (7 Positions) News Central TV Job Recruitment (4 Positions) Raybond Technical Limited Job Recruitment (3 Positions) Desire British Standard School Job Recruitment (4 Positions) Medbury Healthcare Group Job Recruitment (4 Positions) Custom Gifts & Designs Limited Job Recruitment (3 Positions) Online Foodstuff Store Limited Job Recruitment (5 Positions) Lightread Consulting Job Recruitment (7 Positions) Malaria Consortium Job Recruitment (5 Positions) Pallyshop Discount Job Recruitment (3 Postions) DESAC Energy Nigeria Limited Job Recruitment (13 Positions) Work Dey HR Services Job Recruitment (12 Positions) Food and Agriculture Organization Of the United Nations (FAO-UN) Job Recruitment (4 Positions) Party Supplies & More Job Recruitment (3 Positions) EBA (Eni Brand Architect Limited) Internship & Exp. Job Recruitment (7 Positions) Colton Group Job Recruitment (4 Positions) DM Holdings Limited Trainee & Exp. Job Recruitment (6 Positions) Fokes Consult Job Recruitment (6 Positions) J-Six Group Job Recruitment (7 Positions) Officemakers International Limited Job Recruitment (3 Positions) Excellent Jobs Job Recruitment (9 Positions) Marvel Advisory Limited Job Recruitment (3 Positions) Zetile Stores Limited Job Recruitment (3 Positions) Open Hospital Limited Job Recruitment HoneyTreat Group Graduate & Exp. Job Recruitment (5 Positions) Stylzimagery Studios Job Recruitment (7 Positions) ResumeSurge Consulting Job Recruitment (6 Positions) Cobranet Limited Job Recruitment (7 Positions) Jules Construction Job Recruitment (6 Positions) Eye Foundation Hospital Job Recruitment (3 Positions) HNJ Exclusive Job GOODY Bag - SEPTEMBER Week TWO UPDATE! Isalu Hospital Limited Job Recruitment (3 Positions) NoemDek Limited Internship & Exp. Job Recruitment (124 Positions) Holy Child College Job Recruitment (7 Positions) Latest Entry-level & Internship Job Recruitment in Nigeria - HNJobs (Weekly Recap) Latest Graduate & Management Trainee Job Recruitment in Nigeria - HNJobs (Weekly Recap) HNJobs (Recap): Federal / State Government Job Opportunities - HNJ Exclusive Latest Customer Service / Front Desk Job Recruitment in Nigeria - HNJobs (Weekly Recap) Latest Oil & Gas Job Opportunities in Nigeria - HNJ Exclusive HNJobs (Recap): International Agency / NGO / Multinational Job Opportunities - HNJ Exclusive HNJobs (Recap): Remote / Work-At-Home Job Opportunities Oxymon Solutions Limited Exp. Job Recruitment Globalclique HR Job Recruitment (5 Positions) OPEC Fund for International Development Job Recruitment (6 Positions) Abuja Clinics Limited Job Recruitment (8 Positions) Olam International Job Recruitment (4 Positions) Olam Agri Job Recruitment (6 Positions) Positivia Consult Job Recruitment (5 Positions) Stufenstein International School Job Recruitment (4 Positions) Promasidor Nigeria Job Recruitment (5 Positions),,Nigeria,remote,Global,,Computer / AI / Technology / IT Services,,,,,,,,Software Development,https://www.hotnigerianjobs.com/hotjobs/957416/fokes-consult-job-recruitment-6-positions.html,2026-09-12T21:59:25+00:00
b8071fbf4a43df64,hotnigerianjobs,957415,J-Six Group Job Recruitment (7 Positions),,Chabash Development and Health Initiative (CDHI) Job Recruitment (7 Positions) News Central TV Job Recruitment (4 Positions) Raybond Technical Limited Job Recruitment (3 Positions) Desire British Standard School Job Recruitment (4 Positions) Medbury Healthcare Group Job Recruitment (4 Positions) Custom Gifts & Designs Limited Job Recruitment (3 Positions) Online Foodstuff Store Limited Job Recruitment (5 Positions) Lightread Consulting Job Recruitment (7 Positions) Malaria Consortium Job Recruitment (5 Positions) Pallyshop Discount Job Recruitment (3 Postions) DESAC Energy Nigeria Limited Job Recruitment (13 Positions) Work Dey HR Services Job Recruitment (12 Positions) Food and Agriculture Organization Of the United Nations (FAO-UN) Job Recruitment (4 Positions) Party Supplies & More Job Recruitment (3 Positions) EBA (Eni Brand Architect Limited) Internship & Exp. Job Recruitment (7 Positions) Colton Group Job Recruitment (4 Positions) DM Holdings Limited Trainee & Exp. Job Recruitment (6 Positions) Fokes Consult Job Recruitment (6 Positions) J-Six Group Job Recruitment (7 Positions) Officemakers International Limited Job Recruitment (3 Positions) Excellent Jobs Job Recruitment (9 Positions) Marvel Advisory Limited Job Recruitment (3 Positions) Zetile Stores Limited Job Recruitment (3 Positions) Open Hospital Limited Job Recruitment HoneyTreat Group Graduate & Exp. Job Recruitment (5 Positions) Stylzimagery Studios Job Recruitment (7 Positions) ResumeSurge Consulting Job Recruitment (6 Positions) Cobranet Limited Job Recruitment (7 Positions) Jules Construction Job Recruitment (6 Positions) Eye Foundation Hospital Job Recruitment (3 Positions) HNJ Exclusive Job GOODY Bag - SEPTEMBER Week TWO UPDATE! Isalu Hospital Limited Job Recruitment (3 Positions) NoemDek Limited Internship & Exp. Job Recruitment (124 Positions) Holy Child College Job Recruitment (7 Positions) Latest Entry-level & Internship Job Recruitment in Nigeria - HNJobs (Weekly Recap) Latest Graduate & Management Trainee Job Recruitment in Nigeria - HNJobs (Weekly Recap) HNJobs (Recap): Federal / State Government Job Opportunities - HNJ Exclusive Latest Customer Service / Front Desk Job Recruitment in Nigeria - HNJobs (Weekly Recap) Latest Oil & Gas Job Opportunities in Nigeria - HNJ Exclusive HNJobs (Recap): International Agency / NGO / Multinational Job Opportunities - HNJ Exclusive HNJobs (Recap): Remote / Work-At-Home Job Opportunities Oxymon Solutions Limited Exp. Job Recruitment Globalclique HR Job Recruitment (5 Positions) OPEC Fund for International Development Job Recruitment (6 Positions) Abuja Clinics Limited Job Recruitment (8 Positions) Olam International Job Recruitment (4 Positions) Olam Agri Job Recruitment (6 Positions) Positivia Consult Job Recruitment (5 Positions) Stufenstein International School Job Recruitment (4 Positions) Promasidor Nigeria Job Recruitment (5 Positions),,Nigeria,remote,Global,,Computer / AI / Technology / IT Services,,,,,,,,Software Development,https://www.hotnigerianjobs.com/hotjobs/957415/jsix-group-job-recruitment-7-positions.html,2026-09-12T21:59:25+00:00
251c9b8a5971c5c7,hotnigerianjobs,957411,Officemakers International Limited Job Recruitment (3 Positions),,Officemakers International Limited Job Recruitment (3 Positions),,Nigeria,unknown,,,Computer / AI / Technology / IT Services,,,,,,,,,https://www.hotnigerianjobs.com/hotjobs/957411/officemakers-international-limited-job-recruitment.html,2026-09-12T21:59:25+00:00
07fdcb19f448426a,hotnigerianjobs,957409,Excellent Jobs Job Recruitment (9 Positions),,Chabash Development and Health Initiative (CDHI) Job Recruitment (7 Positions) News Central TV Job Recruitment (4 Positions) Raybond Technical Limited Job Recruitment (3 Positions) Desire British Standard School Job Recruitment (4 Positions) Medbury Healthcare Group Job Recruitment (4 Positions) Custom Gifts & Designs Limited Job Recruitment (3 Positions) Online Foodstuff Store Limited Job Recruitment (5 Positions) Lightread Consulting Job Recruitment (7 Positions) Malaria Consortium Job Recruitment (5 Positions) Pallyshop Discount Job Recruitment (3 Postions) DESAC Energy Nigeria Limited Job Recruitment (13 Positions) Work Dey HR Services Job Recruitment (12 Positions) Food and Agriculture Organization Of the United Nations (FAO-UN) Job Recruitment (4 Positions) Party Supplies & More Job Recruitment (3 Positions) EBA (Eni Brand Architect Limited) Internship & Exp. Job Recruitment (7 Positions) Colton Group Job Recruitment (4 Positions) DM Holdings Limited Trainee & Exp. Job Recruitment (6 Positions) Fokes Consult Job Recruitment (6 Positions) J-Six Group Job Recruitment (7 Positions) Officemakers International Limited Job Recruitment (3 Positions) Excellent Jobs Job Recruitment (9 Positions) Marvel Advisory Limited Job Recruitment (3 Positions) Zetile Stores Limited Job Recruitment (3 Positions) Open Hospital Limited Job Recruitment HoneyTreat Group Graduate & Exp. Job Recruitment (5 Positions) Stylzimagery Studios Job Recruitment (7 Positions) ResumeSurge Consulting Job Recruitment (6 Positions) Cobranet Limited Job Recruitment (7 Positions) Jules Construction Job Recruitment (6 Positions) Eye Foundation Hospital Job Recruitment (3 Positions) HNJ Exclusive Job GOODY Bag - SEPTEMBER Week TWO UPDATE! Isalu Hospital Limited Job Recruitment (3 Positions) NoemDek Limited Internship & Exp. Job Recruitment (124 Positions) Holy Child College Job Recruitment (7 Positions) Latest Entry-level & Internship Job Recruitment in Nigeria - HNJobs (Weekly Recap) Latest Graduate & Management Trainee Job Recruitment in Nigeria - HNJobs (Weekly Recap) HNJobs (Recap): Federal / State Government Job Opportunities - HNJ Exclusive Latest Customer Service / Front Desk Job Recruitment in Nigeria - HNJobs (Weekly Recap) Latest Oil & Gas Job Opportunities in Nigeria - HNJ Exclusive HNJobs (Recap): International Agency / NGO / Multinational Job Opportunities - HNJ Exclusive HNJobs (Recap): Remote / Work-At-Home Job Opportunities Oxymon Solutions Limited Exp. Job Recruitment Globalclique HR Job Recruitment (5 Positions) OPEC Fund for International Development Job Recruitment (6 Positions) Abuja Clinics Limited Job Recruitment (8 Positions) Olam International Job Recruitment (4 Positions) Olam Agri Job Recruitment (6 Positions) Positivia Consult Job Recruitment (5 Positions) Stufenstein International School Job Recruitment (4 Positions) Promasidor Nigeria Job Recruitment (5 Positions),,Nigeria,remote,Global,,Computer / AI / Technology / IT Services,,,,,,,,Software Development,https://www.hotnigerianjobs.com/hotjobs/957409/excellent-jobs-job-recruitment-9-positions.html,2026-09-12T21:59:25+00:00
b9157944e7fa8558,hotnigerianjobs,957407,Marvel Advisory Limited Job Recruitment (3 Positions),,Chabash Development and Health Initiative (CDHI) Job Recruitment (7 Positions) News Central TV Job Recruitment (4 Positions) Raybond Technical Limited Job Recruitment (3 Positions) Desire British Standard School Job Recruitment (4 Positions) Medbury Healthcare Group Job Recruitment (4 Positions) Custom Gifts & Designs Limited Job Recruitment (3 Positions) Online Foodstuff Store Limited Job Recruitment (5 Positions) Lightread Consulting Job Recruitment (7 Positions) Malaria Consortium Job Recruitment (5 Positions) Pallyshop Discount Job Recruitment (3 Postions) DESAC Energy Nigeria Limited Job Recruitment (13 Positions) Work Dey HR Services Job Recruitment (12 Positions) Food and Agriculture Organization Of the United Nations (FAO-UN) Job Recruitment (4 Positions) Party Supplies & More Job Recruitment (3 Positions) EBA (Eni Brand Architect Limited) Internship & Exp. Job Recruitment (7 Positions) Colton Group Job Recruitment (4 Positions) DM Holdings Limited Trainee & Exp. Job Recruitment (6 Positions) Fokes Consult Job Recruitment (6 Positions) J-Six Group Job Recruitment (7 Positions) Officemakers International Limited Job Recruitment (3 Positions) Excellent Jobs Job Recruitment (9 Positions) Marvel Advisory Limited Job Recruitment (3 Positions) Zetile Stores Limited Job Recruitment (3 Positions) Open Hospital Limited Job Recruitment HoneyTreat Group Graduate & Exp. Job Recruitment (5 Positions) Stylzimagery Studios Job Recruitment (7 Positions) ResumeSurge Consulting Job Recruitment (6 Positions) Cobranet Limited Job Recruitment (7 Positions) Jules Construction Job Recruitment (6 Positions) Eye Foundation Hospital Job Recruitment (3 Positions) HNJ Exclusive Job GOODY Bag - SEPTEMBER Week TWO UPDATE! Isalu Hospital Limited Job Recruitment (3 Positions) NoemDek Limited Internship & Exp. Job Recruitment (124 Positions) Holy Child College Job Recruitment (7 Positions) Latest Entry-level & Internship Job Recruitment in Nigeria - HNJobs (Weekly Recap) Latest Graduate & Management Trainee Job Recruitment in Nigeria - HNJobs (Weekly Recap) HNJobs (Recap): Federal / State Government Job Opportunities - HNJ Exclusive Latest Customer Service / Front Desk Job Recruitment in Nigeria - HNJobs (Weekly Recap) Latest Oil & Gas Job Opportunities in Nigeria - HNJ Exclusive HNJobs (Recap): International Agency / NGO / Multinational Job Opportunities - HNJ Exclusive HNJobs (Recap): Remote / Work-At-Home Job Opportunities Oxymon Solutions Limited Exp. Job Recruitment Globalclique HR Job Recruitment (5 Positions) OPEC Fund for International Development Job Recruitment (6 Positions) Abuja Clinics Limited Job Recruitment (8 Positions) Olam International Job Recruitment (4 Positions) Olam Agri Job Recruitment (6 Positions) Positivia Consult Job Recruitment (5 Positions) Stufenstein International School Job Recruitment (4 Positions) Promasidor Nigeria Job Recruitment (5 Positions),,Nigeria,remote,Global,,Computer / AI / Technology / IT Services,,,,,,,,Software Development,https://www.hotnigerianjobs.com/hotjobs/957407/marvel-advisory-limited-job-recruitment-3-position.html,2026-09-12T21:59:25+00:00
64c01e3b432f4093,hotnigerianjobs,957405,Zetile Stores Limited Job Recruitment (3 Positions),,Chabash Development and Health Initiative (CDHI) Job Recruitment (7 Positions) News Central TV Job Recruitment (4 Positions) Raybond Technical Limited Job Recruitment (3 Positions) Desire British Standard School Job Recruitment (4 Positions) Medbury Healthcare Group Job Recruitment (4 Positions) Custom Gifts & Designs Limited Job Recruitment (3 Positions) Online Foodstuff Store Limited Job Recruitment (5 Positions) Lightread Consulting Job Recruitment (7 Positions) Malaria Consortium Job Recruitment (5 Positions) Pallyshop Discount Job Recruitment (3 Postions) DESAC Energy Nigeria Limited Job Recruitment (13 Positions) Work Dey HR Services Job Recruitment (12 Positions) Food and Agriculture Organization Of the United Nations (FAO-UN) Job Recruitment (4 Positions) Party Supplies & More Job Recruitment (3 Positions) EBA (Eni Brand Architect Limited) Internship & Exp. Job Recruitment (7 Positions) Colton Group Job Recruitment (4 Positions) DM Holdings Limited Trainee & Exp. Job Recruitment (6 Positions) Fokes Consult Job Recruitment (6 Positions) J-Six Group Job Recruitment (7 Positions) Officemakers International Limited Job Recruitment (3 Positions) Excellent Jobs Job Recruitment (9 Positions) Marvel Advisory Limited Job Recruitment (3 Positions) Zetile Stores Limited Job Recruitment (3 Positions) Open Hospital Limited Job Recruitment HoneyTreat Group Graduate & Exp. Job Recruitment (5 Positions) Stylzimagery Studios Job Recruitment (7 Positions) ResumeSurge Consulting Job Recruitment (6 Positions) Cobranet Limited Job Recruitment (7 Positions) Jules Construction Job Recruitment (6 Positions) Eye Foundation Hospital Job Recruitment (3 Positions) HNJ Exclusive Job GOODY Bag - SEPTEMBER Week TWO UPDATE! Isalu Hospital Limited Job Recruitment (3 Positions) NoemDek Limited Internship & Exp. Job Recruitment (124 Positions) Holy Child College Job Recruitment (7 Positions) Latest Entry-level & Internship Job Recruitment in Nigeria - HNJobs (Weekly Recap) Latest Graduate & Management Trainee Job Recruitment in Nigeria - HNJobs (Weekly Recap) HNJobs (Recap): Federal / State Government Job Opportunities - HNJ Exclusive Latest Customer Service / Front Desk Job Recruitment in Nigeria - HNJobs (Weekly Recap) Latest Oil & Gas Job Opportunities in Nigeria - HNJ Exclusive HNJobs (Recap): International Agency / NGO / Multinational Job Opportunities - HNJ Exclusive HNJobs (Recap): Remote / Work-At-Home Job Opportunities Oxymon Solutions Limited Exp. Job Recruitment Globalclique HR Job Recruitment (5 Positions) OPEC Fund for International Development Job Recruitment (6 Positions) Abuja Clinics Limited Job Recruitment (8 Positions) Olam International Job Recruitment (4 Positions) Olam Agri Job Recruitment (6 Positions) Positivia Consult Job Recruitment (5 Positions) Stufenstein International School Job Recruitment (4 Positions) Promasidor Nigeria Job Recruitment (5 Positions),,Nigeria,remote,Global,,Computer / AI / Technology / IT Services,,,,,,,,Software Development,https://www.hotnigerianjobs.com/hotjobs/957405/zetile-stores-limited-job-recruitment-3-positions.html,2026-09-12T21:59:25+00:00
ef83f794322fccc8,hotnigerianjobs,957394,Open Hospital Limited Job Recruitment,,Chabash Development and Health Initiative (CDHI) Job Recruitment (7 Positions) News Central TV Job Recruitment (4 Positions) Raybond Technical Limited Job Recruitment (3 Positions) Desire British Standard School Job Recruitment (4 Positions) Medbury Healthcare Group Job Recruitment (4 Positions) Custom Gifts & Designs Limited Job Recruitment (3 Positions) Online Foodstuff Store Limited Job Recruitment (5 Positions) Lightread Consulting Job Recruitment (7 Positions) Malaria Consortium Job Recruitment (5 Positions) Pallyshop Discount Job Recruitment (3 Postions) DESAC Energy Nigeria Limited Job Recruitment (13 Positions) Work Dey HR Services Job Recruitment (12 Positions) Food and Agriculture Organization Of the United Nations (FAO-UN) Job Recruitment (4 Positions) Party Supplies & More Job Recruitment (3 Positions) EBA (Eni Brand Architect Limited) Internship & Exp. Job Recruitment (7 Positions) Colton Group Job Recruitment (4 Positions) DM Holdings Limited Trainee & Exp. Job Recruitment (6 Positions) Fokes Consult Job Recruitment (6 Positions) J-Six Group Job Recruitment (7 Positions) Officemakers International Limited Job Recruitment (3 Positions) Excellent Jobs Job Recruitment (9 Positions) Marvel Advisory Limited Job Recruitment (3 Positions) Zetile Stores Limited Job Recruitment (3 Positions) Open Hospital Limited Job Recruitment HoneyTreat Group Graduate & Exp. Job Recruitment (5 Positions) Stylzimagery Studios Job Recruitment (7 Positions) ResumeSurge Consulting Job Recruitment (6 Positions) Cobranet Limited Job Recruitment (7 Positions) Jules Construction Job Recruitment (6 Positions) Eye Foundation Hospital Job Recruitment (3 Positions) HNJ Exclusive Job GOODY Bag - SEPTEMBER Week TWO UPDATE! Isalu Hospital Limited Job Recruitment (3 Positions) NoemDek Limited Internship & Exp. Job Recruitment (124 Positions) Holy Child College Job Recruitment (7 Positions) Latest Entry-level & Internship Job Recruitment in Nigeria - HNJobs (Weekly Recap) Latest Graduate & Management Trainee Job Recruitment in Nigeria - HNJobs (Weekly Recap) HNJobs (Recap): Federal / State Government Job Opportunities - HNJ Exclusive Latest Customer Service / Front Desk Job Recruitment in Nigeria - HNJobs (Weekly Recap) Latest Oil & Gas Job Opportunities in Nigeria - HNJ Exclusive HNJobs (Recap): International Agency / NGO / Multinational Job Opportunities - HNJ Exclusive HNJobs (Recap): Remote / Work-At-Home Job Opportunities Oxymon Solutions Limited Exp. Job Recruitment Globalclique HR Job Recruitment (5 Positions) OPEC Fund for International Development Job Recruitment (6 Positions) Abuja Clinics Limited Job Recruitment (8 Positions) Olam International Job Recruitment (4 Positions) Olam Agri Job Recruitment (6 Positions) Positivia Consult Job Recruitment (5 Positions) Stufenstein International School Job Recruitment (4 Positions) Promasidor Nigeria Job Recruitment (5 Positions),,Nigeria,remote,Global,,Computer / AI / Technology / IT Services,,,,,,,,Software Development,https://www.hotnigerianjobs.com/hotjobs/957394/open-hospital-limited-job-recruitment.html,2026-09-12T21:59:25+00:00
2cfee2b4eb404edd,hotnigerianjobs,957378,HoneyTreat Group Graduate & Exp. Job Recruitment (5 Positions),,HoneyTreat Group Graduate & Exp. Job Recruitment (5 Positions),,Nigeria,unknown,,,Computer / AI / Technology / IT Services,,,,,,,,,https://www.hotnigerianjobs.com/hotjobs/957378/honeytreat-group-graduate-exp-job-recruitment-5-po.html,2026-09-12T21:59:25+00:00
810ed4ee33612c35,hotnigerianjobs,957368,Stylzimagery Studios Job Recruitment (7 Positions),,Chabash Development and Health Initiative (CDHI) Job Recruitment (7 Positions) News Central TV Job Recruitment (4 Positions) Raybond Technical Limited Job Recruitment (3 Positions) Desire British Standard School Job Recruitment (4 Positions) Medbury Healthcare Group Job Recruitment (4 Positions) Custom Gifts & Designs Limited Job Recruitment (3 Positions) Online Foodstuff Store Limited Job Recruitment (5 Positions) Lightread Consulting Job Recruitment (7 Positions) Malaria Consortium Job Recruitment (5 Positions) Pallyshop Discount Job Recruitment (3 Postions) DESAC Energy Nigeria Limited Job Recruitment (13 Positions) Work Dey HR Services Job Recruitment (12 Positions) Food and Agriculture Organization Of the United Nations (FAO-UN) Job Recruitment (4 Positions) Party Supplies & More Job Recruitment (3 Positions) EBA (Eni Brand Architect Limited) Internship & Exp. Job Recruitment (7 Positions) Colton Group Job Recruitment (4 Positions) DM Holdings Limited Trainee & Exp. Job Recruitment (6 Positions) Fokes Consult Job Recruitment (6 Positions) J-Six Group Job Recruitment (7 Positions) Officemakers International Limited Job Recruitment (3 Positions) Excellent Jobs Job Recruitment (9 Positions) Marvel Advisory Limited Job Recruitment (3 Positions) Zetile Stores Limited Job Recruitment (3 Positions) Open Hospital Limited Job Recruitment HoneyTreat Group Graduate & Exp. Job Recruitment (5 Positions) Stylzimagery Studios Job Recruitment (7 Positions) ResumeSurge Consulting Job Recruitment (6 Positions) Cobranet Limited Job Recruitment (7 Positions) Jules Construction Job Recruitment (6 Positions) Eye Foundation Hospital Job Recruitment (3 Positions) HNJ Exclusive Job GOODY Bag - SEPTEMBER Week TWO UPDATE! Isalu Hospital Limited Job Recruitment (3 Positions) NoemDek Limited Internship & Exp. Job Recruitment (124 Positions) Holy Child College Job Recruitment (7 Positions) Latest Entry-level & Internship Job Recruitment in Nigeria - HNJobs (Weekly Recap) Latest Graduate & Management Trainee Job Recruitment in Nigeria - HNJobs (Weekly Recap) HNJobs (Recap): Federal / State Government Job Opportunities - HNJ Exclusive Latest Customer Service / Front Desk Job Recruitment in Nigeria - HNJobs (Weekly Recap) Latest Oil & Gas Job Opportunities in Nigeria - HNJ Exclusive HNJobs (Recap): International Agency / NGO / Multinational Job Opportunities - HNJ Exclusive HNJobs (Recap): Remote / Work-At-Home Job Opportunities Oxymon Solutions Limited Exp. Job Recruitment Globalclique HR Job Recruitment (5 Positions) OPEC Fund for International Development Job Recruitment (6 Positions) Abuja Clinics Limited Job Recruitment (8 Positions) Olam International Job Recruitment (4 Positions) Olam Agri Job Recruitment (6 Positions) Positivia Consult Job Recruitment (5 Positions) Stufenstein International School Job Recruitment (4 Positions) Promasidor Nigeria Job Recruitment (5 Positions),,Nigeria,remote,Global,,Computer / AI / Technology / IT Services,,,,,,,,Software Development,https://www.hotnigerianjobs.com/hotjobs/957368/stylzimagery-studios-job-recruitment-7-positions.html,2026-09-12T21:59:25+00:00
7d99f820a788a694,hotnigerianjobs,957335,ResumeSurge Consulting Job Recruitment (6 Positions),,Chabash Development and Health Initiative (CDHI) Job Recruitment (7 Positions) News Central TV Job Recruitment (4 Positions) Raybond Technical Limited Job Recruitment (3 Positions) Desire British Standard School Job Recruitment (4 Positions) Medbury Healthcare Group Job Recruitment (4 Positions) Custom Gifts & Designs Limited Job Recruitment (3 Positions) Online Foodstuff Store Limited Job Recruitment (5 Positions) Lightread Consulting Job Recruitment (7 Positions) Malaria Consortium Job Recruitment (5 Positions) Pallyshop Discount Job Recruitment (3 Postions) DESAC Energy Nigeria Limited Job Recruitment (13 Positions) Work Dey HR Services Job Recruitment (12 Positions) Food and Agriculture Organization Of the United Nations (FAO-UN) Job Recruitment (4 Positions) Party Supplies & More Job Recruitment (3 Positions) EBA (Eni Brand Architect Limited) Internship & Exp. Job Recruitment (7 Positions) Colton Group Job Recruitment (4 Positions) DM Holdings Limited Trainee & Exp. Job Recruitment (6 Positions) Fokes Consult Job Recruitment (6 Positions) J-Six Group Job Recruitment (7 Positions) Officemakers International Limited Job Recruitment (3 Positions) Excellent Jobs Job Recruitment (9 Positions) Marvel Advisory Limited Job Recruitment (3 Positions) Zetile Stores Limited Job Recruitment (3 Positions) Open Hospital Limited Job Recruitment HoneyTreat Group Graduate & Exp. Job Recruitment (5 Positions) Stylzimagery Studios Job Recruitment (7 Positions) ResumeSurge Consulting Job Recruitment (6 Positions) Cobranet Limited Job Recruitment (7 Positions) Jules Construction Job Recruitment (6 Positions) Eye Foundation Hospital Job Recruitment (3 Positions) HNJ Exclusive Job GOODY Bag - SEPTEMBER Week TWO UPDATE! Isalu Hospital Limited Job Recruitment (3 Positions) NoemDek Limited Internship & Exp. Job Recruitment (124 Positions) Holy Child College Job Recruitment (7 Positions) Latest Entry-level & Internship Job Recruitment in Nigeria - HNJobs (Weekly Recap) Latest Graduate & Management Trainee Job Recruitment in Nigeria - HNJobs (Weekly Recap) HNJobs (Recap): Federal / State Government Job Opportunities - HNJ Exclusive Latest Customer Service / Front Desk Job Recruitment in Nigeria - HNJobs (Weekly Recap) Latest Oil & Gas Job Opportunities in Nigeria - HNJ Exclusive HNJobs (Recap): International Agency / NGO / Multinational Job Opportunities - HNJ Exclusive HNJobs (Recap): Remote / Work-At-Home Job Opportunities Oxymon Solutions Limited Exp. Job Recruitment Globalclique HR Job Recruitment (5 Positions) OPEC Fund for International Development Job Recruitment (6 Positions) Abuja Clinics Limited Job Recruitment (8 Positions) Olam International Job Recruitment (4 Positions) Olam Agri Job Recruitment (6 Positions) Positivia Consult Job Recruitment (5 Positions) Stufenstein International School Job Recruitment (4 Positions) Promasidor Nigeria Job Recruitment (5 Positions),,Nigeria,remote,Global,,Computer / AI / Technology / IT Services,,,,,,,,Software Development,https://www.hotnigerianjobs.com/hotjobs/957335/resumesurge-consulting-job-recruitment-6-positions.html,2026-09-12T21:59:25+00:00
1a691a69f6ab02b5,hotnigerianjobs,957325,Cobranet Limited Job Recruitment (7 Positions),,Chabash Development and Health Initiative (CDHI) Job Recruitment (7 Positions) News Central TV Job Recruitment (4 Positions) Raybond Technical Limited Job Recruitment (3 Positions) Desire British Standard School Job Recruitment (4 Positions) Medbury Healthcare Group Job Recruitment (4 Positions) Custom Gifts & Designs Limited Job Recruitment (3 Positions) Online Foodstuff Store Limited Job Recruitment (5 Positions) Lightread Consulting Job Recruitment (7 Positions) Malaria Consortium Job Recruitment (5 Positions) Pallyshop Discount Job Recruitment (3 Postions) DESAC Energy Nigeria Limited Job Recruitment (13 Positions) Work Dey HR Services Job Recruitment (12 Positions) Food and Agriculture Organization Of the United Nations (FAO-UN) Job Recruitment (4 Positions) Party Supplies & More Job Recruitment (3 Positions) EBA (Eni Brand Architect Limited) Internship & Exp. Job Recruitment (7 Positions) Colton Group Job Recruitment (4 Positions) DM Holdings Limited Trainee & Exp. Job Recruitment (6 Positions) Fokes Consult Job Recruitment (6 Positions) J-Six Group Job Recruitment (7 Positions) Officemakers International Limited Job Recruitment (3 Positions) Excellent Jobs Job Recruitment (9 Positions) Marvel Advisory Limited Job Recruitment (3 Positions) Zetile Stores Limited Job Recruitment (3 Positions) Open Hospital Limited Job Recruitment HoneyTreat Group Graduate & Exp. Job Recruitment (5 Positions) Stylzimagery Studios Job Recruitment (7 Positions) ResumeSurge Consulting Job Recruitment (6 Positions) Cobranet Limited Job Recruitment (7 Positions) Jules Construction Job Recruitment (6 Positions) Eye Foundation Hospital Job Recruitment (3 Positions) HNJ Exclusive Job GOODY Bag - SEPTEMBER Week TWO UPDATE! Isalu Hospital Limited Job Recruitment (3 Positions) NoemDek Limited Internship & Exp. Job Recruitment (124 Positions) Holy Child College Job Recruitment (7 Positions) Latest Entry-level & Internship Job Recruitment in Nigeria - HNJobs (Weekly Recap) Latest Graduate & Management Trainee Job Recruitment in Nigeria - HNJobs (Weekly Recap) HNJobs (Recap): Federal / State Government Job Opportunities - HNJ Exclusive Latest Customer Service / Front Desk Job Recruitment in Nigeria - HNJobs (Weekly Recap) Latest Oil & Gas Job Opportunities in Nigeria - HNJ Exclusive HNJobs (Recap): International Agency / NGO / Multinational Job Opportunities - HNJ Exclusive HNJobs (Recap): Remote / Work-At-Home Job Opportunities Oxymon Solutions Limited Exp. Job Recruitment Globalclique HR Job Recruitment (5 Positions) OPEC Fund for International Development Job Recruitment (6 Positions) Abuja Clinics Limited Job Recruitment (8 Positions) Olam International Job Recruitment (4 Positions) Olam Agri Job Recruitment (6 Positions) Positivia Consult Job Recruitment (5 Positions) Stufenstein International School Job Recruitment (4 Positions) Promasidor Nigeria Job Recruitment (5 Positions),,Nigeria,remote,Global,,Computer / AI / Technology / IT Services,,,,,,,,Software Development,https://www.hotnigerianjobs.com/hotjobs/957325/cobranet-limited-job-recruitment-4-positions.html,2026-09-12T21:59:25+00:00
697c9a978908c86c,hotnigerianjobs,957321,Jules Construction Job Recruitment (6 Positions),,Chabash Development and Health Initiative (CDHI) Job Recruitment (7 Positions) News Central TV Job Recruitment (4 Positions) Raybond Technical Limited Job Recruitment (3 Positions) Desire British Standard School Job Recruitment (4 Positions) Medbury Healthcare Group Job Recruitment (4 Positions) Custom Gifts & Designs Limited Job Recruitment (3 Positions) Online Foodstuff Store Limited Job Recruitment (5 Positions) Lightread Consulting Job Recruitment (7 Positions) Malaria Consortium Job Recruitment (5 Positions) Pallyshop Discount Job Recruitment (3 Postions) DESAC Energy Nigeria Limited Job Recruitment (13 Positions) Work Dey HR Services Job Recruitment (12 Positions) Food and Agriculture Organization Of the United Nations (FAO-UN) Job Recruitment (4 Positions) Party Supplies & More Job Recruitment (3 Positions) EBA (Eni Brand Architect Limited) Internship & Exp. Job Recruitment (7 Positions) Colton Group Job Recruitment (4 Positions) DM Holdings Limited Trainee & Exp. Job Recruitment (6 Positions) Fokes Consult Job Recruitment (6 Positions) J-Six Group Job Recruitment (7 Positions) Officemakers International Limited Job Recruitment (3 Positions) Excellent Jobs Job Recruitment (9 Positions) Marvel Advisory Limited Job Recruitment (3 Positions) Zetile Stores Limited Job Recruitment (3 Positions) Open Hospital Limited Job Recruitment HoneyTreat Group Graduate & Exp. Job Recruitment (5 Positions) Stylzimagery Studios Job Recruitment (7 Positions) ResumeSurge Consulting Job Recruitment (6 Positions) Cobranet Limited Job Recruitment (7 Positions) Jules Construction Job Recruitment (6 Positions) Eye Foundation Hospital Job Recruitment (3 Positions) HNJ Exclusive Job GOODY Bag - SEPTEMBER Week TWO UPDATE! Isalu Hospital Limited Job Recruitment (3 Positions) NoemDek Limited Internship & Exp. Job Recruitment (124 Positions) Holy Child College Job Recruitment (7 Positions) Latest Entry-level & Internship Job Recruitment in Nigeria - HNJobs (Weekly Recap) Latest Graduate & Management Trainee Job Recruitment in Nigeria - HNJobs (Weekly Recap) HNJobs (Recap): Federal / State Government Job Opportunities - HNJ Exclusive Latest Customer Service / Front Desk Job Recruitment in Nigeria - HNJobs (Weekly Recap) Latest Oil & Gas Job Opportunities in Nigeria - HNJ Exclusive HNJobs (Recap): International Agency / NGO / Multinational Job Opportunities - HNJ Exclusive HNJobs (Recap): Remote / Work-At-Home Job Opportunities Oxymon Solutions Limited Exp. Job Recruitment Globalclique HR Job Recruitment (5 Positions) OPEC Fund for International Development Job Recruitment (6 Positions) Abuja Clinics Limited Job Recruitment (8 Positions) Olam International Job Recruitment (4 Positions) Olam Agri Job Recruitment (6 Positions) Positivia Consult Job Recruitment (5 Positions) Stufenstein International School Job Recruitment (4 Positions) Promasidor Nigeria Job Recruitment (5 Positions),,Nigeria,remote,Global,,Computer / AI / Technology / IT Services,,,,,,,,Software Development,https://www.hotnigerianjobs.com/hotjobs/957321/jules-construction-job-recruitment-5-positions.html,2026-09-12T21:59:25+00:00
d13c23bc54eef38b,hotnigerianjobs,957310,Eye Foundation Hospital Job Recruitment (3 Positions),,Chabash Development and Health Initiative (CDHI) Job Recruitment (7 Positions) News Central TV Job Recruitment (4 Positions) Raybond Technical Limited Job Recruitment (3 Positions) Desire British Standard School Job Recruitment (4 Positions) Medbury Healthcare Group Job Recruitment (4 Positions) Custom Gifts & Designs Limited Job Recruitment (3 Positions) Online Foodstuff Store Limited Job Recruitment (5 Positions) Lightread Consulting Job Recruitment (7 Positions) Malaria Consortium Job Recruitment (5 Positions) Pallyshop Discount Job Recruitment (3 Postions) DESAC Energy Nigeria Limited Job Recruitment (13 Positions) Work Dey HR Services Job Recruitment (12 Positions) Food and Agriculture Organization Of the United Nations (FAO-UN) Job Recruitment (4 Positions) Party Supplies & More Job Recruitment (3 Positions) EBA (Eni Brand Architect Limited) Internship & Exp. Job Recruitment (7 Positions) Colton Group Job Recruitment (4 Positions) DM Holdings Limited Trainee & Exp. Job Recruitment (6 Positions) Fokes Consult Job Recruitment (6 Positions) J-Six Group Job Recruitment (7 Positions) Officemakers International Limited Job Recruitment (3 Positions) Excellent Jobs Job Recruitment (9 Positions) Marvel Advisory Limited Job Recruitment (3 Positions) Zetile Stores Limited Job Recruitment (3 Positions) Open Hospital Limited Job Recruitment HoneyTreat Group Graduate & Exp. Job Recruitment (5 Positions) Stylzimagery Studios Job Recruitment (7 Positions) ResumeSurge Consulting Job Recruitment (6 Positions) Cobranet Limited Job Recruitment (7 Positions) Jules Construction Job Recruitment (6 Positions) Eye Foundation Hospital Job Recruitment (3 Positions) HNJ Exclusive Job GOODY Bag - SEPTEMBER Week TWO UPDATE! Isalu Hospital Limited Job Recruitment (3 Positions) NoemDek Limited Internship & Exp. Job Recruitment (124 Positions) Holy Child College Job Recruitment (7 Positions) Latest Entry-level & Internship Job Recruitment in Nigeria - HNJobs (Weekly Recap) Latest Graduate & Management Trainee Job Recruitment in Nigeria - HNJobs (Weekly Recap) HNJobs (Recap): Federal / State Government Job Opportunities - HNJ Exclusive Latest Customer Service / Front Desk Job Recruitment in Nigeria - HNJobs (Weekly Recap) Latest Oil & Gas Job Opportunities in Nigeria - HNJ Exclusive HNJobs (Recap): International Agency / NGO / Multinational Job Opportunities - HNJ Exclusive HNJobs (Recap): Remote / Work-At-Home Job Opportunities Oxymon Solutions Limited Exp. Job Recruitment Globalclique HR Job Recruitment (5 Positions) OPEC Fund for International Development Job Recruitment (6 Positions) Abuja Clinics Limited Job Recruitment (8 Positions) Olam International Job Recruitment (4 Positions) Olam Agri Job Recruitment (6 Positions) Positivia Consult Job Recruitment (5 Positions) Stufenstein International School Job Recruitment (4 Positions) Promasidor Nigeria Job Recruitment (5 Positions),,Nigeria,remote,Global,,Computer / AI / Technology / IT Services,,,,,,,,Software Development,https://www.hotnigerianjobs.com/hotjobs/957310/eye-foundation-hospital-job-recruitment-3-position.html,2026-09-12T21:59:25+00:00
e4297e5e11e265ca,hotnigerianjobs,957293,HNJ Exclusive Job GOODY Bag - SEPTEMBER Week TWO UPDATE!,,Chabash Development and Health Initiative (CDHI) Job Recruitment (7 Positions) News Central TV Job Recruitment (4 Positions) Raybond Technical Limited Job Recruitment (3 Positions) Desire British Standard School Job Recruitment (4 Positions) Medbury Healthcare Group Job Recruitment (4 Positions) Custom Gifts & Designs Limited Job Recruitment (3 Positions) Online Foodstuff Store Limited Job Recruitment (5 Positions) Lightread Consulting Job Recruitment (7 Positions) Malaria Consortium Job Recruitment (5 Positions) Pallyshop Discount Job Recruitment (3 Postions) DESAC Energy Nigeria Limited Job Recruitment (13 Positions) Work Dey HR Services Job Recruitment (12 Positions) Food and Agriculture Organization Of the United Nations (FAO-UN) Job Recruitment (4 Positions) Party Supplies & More Job Recruitment (3 Positions) EBA (Eni Brand Architect Limited) Internship & Exp. Job Recruitment (7 Positions) Colton Group Job Recruitment (4 Positions) DM Holdings Limited Trainee & Exp. Job Recruitment (6 Positions) Fokes Consult Job Recruitment (6 Positions) J-Six Group Job Recruitment (7 Positions) Officemakers International Limited Job Recruitment (3 Positions) Excellent Jobs Job Recruitment (9 Positions) Marvel Advisory Limited Job Recruitment (3 Positions) Zetile Stores Limited Job Recruitment (3 Positions) Open Hospital Limited Job Recruitment HoneyTreat Group Graduate & Exp. Job Recruitment (5 Positions) Stylzimagery Studios Job Recruitment (7 Positions) ResumeSurge Consulting Job Recruitment (6 Positions) Cobranet Limited Job Recruitment (7 Positions) Jules Construction Job Recruitment (6 Positions) Eye Foundation Hospital Job Recruitment (3 Positions) HNJ Exclusive Job GOODY Bag - SEPTEMBER Week TWO UPDATE! Isalu Hospital Limited Job Recruitment (3 Positions) NoemDek Limited Internship & Exp. Job Recruitment (124 Positions) Holy Child College Job Recruitment (7 Positions) Latest Entry-level & Internship Job Recruitment in Nigeria - HNJobs (Weekly Recap) Latest Graduate & Management Trainee Job Recruitment in Nigeria - HNJobs (Weekly Recap) HNJobs (Recap): Federal / State Government Job Opportunities - HNJ Exclusive Latest Customer Service / Front Desk Job Recruitment in Nigeria - HNJobs (Weekly Recap) Latest Oil & Gas Job Opportunities in Nigeria - HNJ Exclusive HNJobs (Recap): International Agency / NGO / Multinational Job Opportunities - HNJ Exclusive HNJobs (Recap): Remote / Work-At-Home Job Opportunities Oxymon Solutions Limited Exp. Job Recruitment Globalclique HR Job Recruitment (5 Positions) OPEC Fund for International Development Job Recruitment (6 Positions) Abuja Clinics Limited Job Recruitment (8 Positions) Olam International Job Recruitment (4 Positions) Olam Agri Job Recruitment (6 Positions) Positivia Consult Job Recruitment (5 Positions) Stufenstein International School Job Recruitment (4 Positions) Promasidor Nigeria Job Recruitment (5 Positions),,Nigeria,remote,Global,,Computer / AI / Technology / IT Services,,,,,,,,Software Development,https://www.hotnigerianjobs.com/hotjobs/957293/hnj-exclusive-job-goody-bag-september-week-two-upd.html,2026-09-12T21:59:25+00:00
ef1359762266e470,hotnigerianjobs,957284,Isalu Hospital Limited Job Recruitment (3 Positions),,Chabash Development and Health Initiative (CDHI) Job Recruitment (7 Positions) News Central TV Job Recruitment (4 Positions) Raybond Technical Limited Job Recruitment (3 Positions) Desire British Standard School Job Recruitment (4 Positions) Medbury Healthcare Group Job Recruitment (4 Positions) Custom Gifts & Designs Limited Job Recruitment (3 Positions) Online Foodstuff Store Limited Job Recruitment (5 Positions) Lightread Consulting Job Recruitment (7 Positions) Malaria Consortium Job Recruitment (5 Positions) Pallyshop Discount Job Recruitment (3 Postions) DESAC Energy Nigeria Limited Job Recruitment (13 Positions) Work Dey HR Services Job Recruitment (12 Positions) Food and Agriculture Organization Of the United Nations (FAO-UN) Job Recruitment (4 Positions) Party Supplies & More Job Recruitment (3 Positions) EBA (Eni Brand Architect Limited) Internship & Exp. Job Recruitment (7 Positions) Colton Group Job Recruitment (4 Positions) DM Holdings Limited Trainee & Exp. Job Recruitment (6 Positions) Fokes Consult Job Recruitment (6 Positions) J-Six Group Job Recruitment (7 Positions) Officemakers International Limited Job Recruitment (3 Positions) Excellent Jobs Job Recruitment (9 Positions) Marvel Advisory Limited Job Recruitment (3 Positions) Zetile Stores Limited Job Recruitment (3 Positions) Open Hospital Limited Job Recruitment HoneyTreat Group Graduate & Exp. Job Recruitment (5 Positions) Stylzimagery Studios Job Recruitment (7 Positions) ResumeSurge Consulting Job Recruitment (6 Positions) Cobranet Limited Job Recruitment (7 Positions) Jules Construction Job Recruitment (6 Positions) Eye Foundation Hospital Job Recruitment (3 Positions) HNJ Exclusive Job GOODY Bag - SEPTEMBER Week TWO UPDATE! Isalu Hospital Limited Job Recruitment (3 Positions) NoemDek Limited Internship & Exp. Job Recruitment (124 Positions) Holy Child College Job Recruitment (7 Positions) Latest Entry-level & Internship Job Recruitment in Nigeria - HNJobs (Weekly Recap) Latest Graduate & Management Trainee Job Recruitment in Nigeria - HNJobs (Weekly Recap) HNJobs (Recap): Federal / State Government Job Opportunities - HNJ Exclusive Latest Customer Service / Front Desk Job Recruitment in Nigeria - HNJobs (Weekly Recap) Latest Oil & Gas Job Opportunities in Nigeria - HNJ Exclusive HNJobs (Recap): International Agency / NGO / Multinational Job Opportunities - HNJ Exclusive HNJobs (Recap): Remote / Work-At-Home Job Opportunities Oxymon Solutions Limited Exp. Job Recruitment Globalclique HR Job Recruitment (5 Positions) OPEC Fund for International Development Job Recruitment (6 Positions) Abuja Clinics Limited Job Recruitment (8 Positions) Olam International Job Recruitment (4 Positions) Olam Agri Job Recruitment (6 Positions) Positivia Consult Job Recruitment (5 Positions) Stufenstein International School Job Recruitment (4 Positions) Promasidor Nigeria Job Recruitment (5 Positions),,Nigeria,remote,Global,,Computer / AI / Technology / IT Services,,,,,,,,Software Development,https://www.hotnigerianjobs.com/hotjobs/957284/isalu-hospital-limited-job-recruitment-3-positions.html,2026-09-12T21:59:25+00:00
918f515c1d8d5fc7,hotnigerianjobs,957281,NoemDek Limited Internship & Exp. Job Recruitment (124 Positions),,NoemDek Limited Internship & Exp. Job Recruitment (124 Positions),,Nigeria,unknown,,,Computer / AI / Technology / IT Services,,,,,,,,,https://www.hotnigerianjobs.com/hotjobs/957281/noemdek-limited-internship-exp-job-recruitment-10.html,2026-09-12T21:59:25+00:00
5bb5e16e1fd3c12b,hotnigerianjobs,957278,Holy Child College Job Recruitment (7 Positions),,Chabash Development and Health Initiative (CDHI) Job Recruitment (7 Positions) News Central TV Job Recruitment (4 Positions) Raybond Technical Limited Job Recruitment (3 Positions) Desire British Standard School Job Recruitment (4 Positions) Medbury Healthcare Group Job Recruitment (4 Positions) Custom Gifts & Designs Limited Job Recruitment (3 Positions) Online Foodstuff Store Limited Job Recruitment (5 Positions) Lightread Consulting Job Recruitment (7 Positions) Malaria Consortium Job Recruitment (5 Positions) Pallyshop Discount Job Recruitment (3 Postions) DESAC Energy Nigeria Limited Job Recruitment (13 Positions) Work Dey HR Services Job Recruitment (12 Positions) Food and Agriculture Organization Of the United Nations (FAO-UN) Job Recruitment (4 Positions) Party Supplies & More Job Recruitment (3 Positions) EBA (Eni Brand Architect Limited) Internship & Exp. Job Recruitment (7 Positions) Colton Group Job Recruitment (4 Positions) DM Holdings Limited Trainee & Exp. Job Recruitment (6 Positions) Fokes Consult Job Recruitment (6 Positions) J-Six Group Job Recruitment (7 Positions) Officemakers International Limited Job Recruitment (3 Positions) Excellent Jobs Job Recruitment (9 Positions) Marvel Advisory Limited Job Recruitment (3 Positions) Zetile Stores Limited Job Recruitment (3 Positions) Open Hospital Limited Job Recruitment HoneyTreat Group Graduate & Exp. Job Recruitment (5 Positions) Stylzimagery Studios Job Recruitment (7 Positions) ResumeSurge Consulting Job Recruitment (6 Positions) Cobranet Limited Job Recruitment (7 Positions) Jules Construction Job Recruitment (6 Positions) Eye Foundation Hospital Job Recruitment (3 Positions) HNJ Exclusive Job GOODY Bag - SEPTEMBER Week TWO UPDATE! Isalu Hospital Limited Job Recruitment (3 Positions) NoemDek Limited Internship & Exp. Job Recruitment (124 Positions) Holy Child College Job Recruitment (7 Positions) Latest Entry-level & Internship Job Recruitment in Nigeria - HNJobs (Weekly Recap) Latest Graduate & Management Trainee Job Recruitment in Nigeria - HNJobs (Weekly Recap) HNJobs (Recap): Federal / State Government Job Opportunities - HNJ Exclusive Latest Customer Service / Front Desk Job Recruitment in Nigeria - HNJobs (Weekly Recap) Latest Oil & Gas Job Opportunities in Nigeria - HNJ Exclusive HNJobs (Recap): International Agency / NGO / Multinational Job Opportunities - HNJ Exclusive HNJobs (Recap): Remote / Work-At-Home Job Opportunities Oxymon Solutions Limited Exp. Job Recruitment Globalclique HR Job Recruitment (5 Positions) OPEC Fund for International Development Job Recruitment (6 Positions) Abuja Clinics Limited Job Recruitment (8 Positions) Olam International Job Recruitment (4 Positions) Olam Agri Job Recruitment (6 Positions) Positivia Consult Job Recruitment (5 Positions) Stufenstein International School Job Recruitment (4 Positions) Promasidor Nigeria Job Recruitment (5 Positions),,Nigeria,remote,Global,,Computer / AI / Technology / IT Services,,,,,,,,Software Development,https://www.hotnigerianjobs.com/hotjobs/957278/holy-child-college-job-recruitment-7-positions.html,2026-09-12T21:59:25+00:00
1aff19ce3839bf22,hotnigerianjobs,957276,Latest Entry-level & Internship Job Recruitment in Nigeria - HNJobs (Weekly Recap),,Latest Entry-level & Internship Job Recruitment in Nigeria - HNJobs (Weekly Recap),,Nigeria,unknown,,,Computer / AI / Technology / IT Services,,,,,,,,,https://www.hotnigerianjobs.com/hotjobs/957276/latest-entrylevel-internship-job-recruitment-in-ni.html,2026-09-12T21:59:25+00:00
de98c8cb5d48ce72,hotnigerianjobs,957275,Latest Graduate & Management Trainee Job Recruitment in Nigeria - HNJobs (Weekly Recap),,Latest Graduate & Management Trainee Job Recruitment in Nigeria - HNJobs (Weekly Recap),,Nigeria,unknown,,,Computer / AI / Technology / IT Services,,,,,,,,,https://www.hotnigerianjobs.com/hotjobs/957275/latest-graduate-management-trainee-job-recruitment.html,2026-09-12T21:59:25+00:00
79cc331015418f24,hotnigerianjobs,957273,HNJobs (Recap): Federal / State Government Job Opportunities - HNJ Exclusive,,HNJobs (Recap): Federal / State Government Job Opportunities - HNJ Exclusive,,Nigeria,unknown,,,Computer / AI / Technology / IT Services,,,,,,,,,https://www.hotnigerianjobs.com/hotjobs/957273/hnjobs-recap-federal-state-government-job-opportun.html,2026-09-12T21:59:25+00:00
59271002a49b5c80,hotnigerianjobs,957271,Latest Customer Service / Front Desk Job Recruitment in Nigeria - HNJobs (Weekly Recap),,Latest Customer Service / Front Desk Job Recruitment in Nigeria - HNJobs (Weekly Recap),,Nigeria,unknown,,,Computer / AI / Technology / IT Services,,,,,,,,,https://www.hotnigerianjobs.com/hotjobs/957271/latest-customer-service-front-desk-job-recruitment.html,2026-09-12T21:59:25+00:00
8f8901595529985a,hotnigerianjobs,957270,Latest Oil & Gas Job Opportunities in Nigeria - HNJ Exclusive,,Latest Oil & Gas Job Opportunities in Nigeria - HNJ Exclusive,,Nigeria,unknown,,,Computer / AI / Technology / IT Services,,,,,,,,,https://www.hotnigerianjobs.com/hotjobs/957270/latest-oil-gas-job-opportunities-in-nigeria-hnj-ex.html,2026-09-12T21:59:25+00:00
f5deb2abd01d7bb4,hotnigerianjobs,957268,HNJobs (Recap): International Agency / NGO / Multinational Job Opportunities - HNJ Exclusive,,HNJobs (Recap): International Agency / NGO / Multinational Job Opportunities - HNJ Exclusive,,Nigeria,unknown,,,Computer / AI / Technology / IT Services,,,,,,,,,https://www.hotnigerianjobs.com/hotjobs/957268/hnjobs-recap-international-agency-ngo-multinationa.html,2026-09-12T21:59:25+00:00
abe3e778c8d393fa,hotnigerianjobs,957267,HNJobs (Recap): Remote / Work-At-Home Job Opportunities,,Chabash Development and Health Initiative (CDHI) Job Recruitment (7 Positions) News Central TV Job Recruitment (4 Positions) Raybond Technical Limited Job Recruitment (3 Positions) Desire British Standard School Job Recruitment (4 Positions) Medbury Healthcare Group Job Recruitment (4 Positions) Custom Gifts & Designs Limited Job Recruitment (3 Positions) Online Foodstuff Store Limited Job Recruitment (5 Positions) Lightread Consulting Job Recruitment (7 Positions) Malaria Consortium Job Recruitment (5 Positions) Pallyshop Discount Job Recruitment (3 Postions) DESAC Energy Nigeria Limited Job Recruitment (13 Positions) Work Dey HR Services Job Recruitment (12 Positions) Food and Agriculture Organization Of the United Nations (FAO-UN) Job Recruitment (4 Positions) Party Supplies & More Job Recruitment (3 Positions) EBA (Eni Brand Architect Limited) Internship & Exp. Job Recruitment (7 Positions) Colton Group Job Recruitment (4 Positions) DM Holdings Limited Trainee & Exp. Job Recruitment (6 Positions) Fokes Consult Job Recruitment (6 Positions) J-Six Group Job Recruitment (7 Positions) Officemakers International Limited Job Recruitment (3 Positions) Excellent Jobs Job Recruitment (9 Positions) Marvel Advisory Limited Job Recruitment (3 Positions) Zetile Stores Limited Job Recruitment (3 Positions) Open Hospital Limited Job Recruitment HoneyTreat Group Graduate & Exp. Job Recruitment (5 Positions) Stylzimagery Studios Job Recruitment (7 Positions) ResumeSurge Consulting Job Recruitment (6 Positions) Cobranet Limited Job Recruitment (7 Positions) Jules Construction Job Recruitment (6 Positions) Eye Foundation Hospital Job Recruitment (3 Positions) HNJ Exclusive Job GOODY Bag - SEPTEMBER Week TWO UPDATE! Isalu Hospital Limited Job Recruitment (3 Positions) NoemDek Limited Internship & Exp. Job Recruitment (124 Positions) Holy Child College Job Recruitment (7 Positions) Latest Entry-level & Internship Job Recruitment in Nigeria - HNJobs (Weekly Recap) Latest Graduate & Management Trainee Job Recruitment in Nigeria - HNJobs (Weekly Recap) HNJobs (Recap): Federal / State Government Job Opportunities - HNJ Exclusive Latest Customer Service / Front Desk Job Recruitment in Nigeria - HNJobs (Weekly Recap) Latest Oil & Gas Job Opportunities in Nigeria - HNJ Exclusive HNJobs (Recap): International Agency / NGO / Multinational Job Opportunities - HNJ Exclusive HNJobs (Recap): Remote / Work-At-Home Job Opportunities Oxymon Solutions Limited Exp. Job Recruitment Globalclique HR Job Recruitment (5 Positions) OPEC Fund for International Development Job Recruitment (6 Positions) Abuja Clinics Limited Job Recruitment (8 Positions) Olam International Job Recruitment (4 Positions) Olam Agri Job Recruitment (6 Positions) Positivia Consult Job Recruitment (5 Positions) Stufenstein International School Job Recruitment (4 Positions) Promasidor Nigeria Job Recruitment (5 Positions),,Nigeria,remote,Global,,Computer / AI / Technology / IT Services,,,,,,,,Software Development,https://www.hotnigerianjobs.com/hotjobs/957267/hnjobs-recap-remote-workathome-job-opportunities.html,2026-09-12T21:59:25+00:00
0743082c1d45f37a,hotnigerianjobs,957259,Oxymon Solutions Limited Exp. Job Recruitment,,Chabash Development and Health Initiative (CDHI) Job Recruitment (7 Positions) News Central TV Job Recruitment (4 Positions) Raybond Technical Limited Job Recruitment (3 Positions) Desire British Standard School Job Recruitment (4 Positions) Medbury Healthcare Group Job Recruitment (4 Positions) Custom Gifts & Designs Limited Job Recruitment (3 Positions) Online Foodstuff Store Limited Job Recruitment (5 Positions) Lightread Consulting Job Recruitment (7 Positions) Malaria Consortium Job Recruitment (5 Positions) Pallyshop Discount Job Recruitment (3 Postions) DESAC Energy Nigeria Limited Job Recruitment (13 Positions) Work Dey HR Services Job Recruitment (12 Positions) Food and Agriculture Organization Of the United Nations (FAO-UN) Job Recruitment (4 Positions) Party Supplies & More Job Recruitment (3 Positions) EBA (Eni Brand Architect Limited) Internship & Exp. Job Recruitment (7 Positions) Colton Group Job Recruitment (4 Positions) DM Holdings Limited Trainee & Exp. Job Recruitment (6 Positions) Fokes Consult Job Recruitment (6 Positions) J-Six Group Job Recruitment (7 Positions) Officemakers International Limited Job Recruitment (3 Positions) Excellent Jobs Job Recruitment (9 Positions) Marvel Advisory Limited Job Recruitment (3 Positions) Zetile Stores Limited Job Recruitment (3 Positions) Open Hospital Limited Job Recruitment HoneyTreat Group Graduate & Exp. Job Recruitment (5 Positions) Stylzimagery Studios Job Recruitment (7 Positions) ResumeSurge Consulting Job Recruitment (6 Positions) Cobranet Limited Job Recruitment (7 Positions) Jules Construction Job Recruitment (6 Positions) Eye Foundation Hospital Job Recruitment (3 Positions) HNJ Exclusive Job GOODY Bag - SEPTEMBER Week TWO UPDATE! Isalu Hospital Limited Job Recruitment (3 Positions) NoemDek Limited Internship & Exp. Job Recruitment (124 Positions) Holy Child College Job Recruitment (7 Positions) Latest Entry-level & Internship Job Recruitment in Nigeria - HNJobs (Weekly Recap) Latest Graduate & Management Trainee Job Recruitment in Nigeria - HNJobs (Weekly Recap) HNJobs (Recap): Federal / State Government Job Opportunities - HNJ Exclusive Latest Customer Service / Front Desk Job Recruitment in Nigeria - HNJobs (Weekly Recap) Latest Oil & Gas Job Opportunities in Nigeria - HNJ Exclusive HNJobs (Recap): International Agency / NGO / Multinational Job Opportunities - HNJ Exclusive HNJobs (Recap): Remote / Work-At-Home Job Opportunities Oxymon Solutions Limited Exp. Job Recruitment Globalclique HR Job Recruitment (5 Positions) OPEC Fund for International Development Job Recruitment (6 Positions) Abuja Clinics Limited Job Recruitment (8 Positions) Olam International Job Recruitment (4 Positions) Olam Agri Job Recruitment (6 Positions) Positivia Consult Job Recruitment (5 Positions) Stufenstein International School Job Recruitment (4 Positions) Promasidor Nigeria Job Recruitment (5 Positions),,Nigeria,remote,Global,,Computer / AI / Technology / IT Services,,,,,,,,Software Development,https://www.hotnigerianjobs.com/hotjobs/957259/oxymon-solutions-limited-exp-job-recruitment.html,2026-09-12T21:59:25+00:00
636bd7d43e09d6c0,hotnigerianjobs,957258,Globalclique HR Job Recruitment (5 Positions),,Chabash Development and Health Initiative (CDHI) Job Recruitment (7 Positions) News Central TV Job Recruitment (4 Positions) Raybond Technical Limited Job Recruitment (3 Positions) Desire British Standard School Job Recruitment (4 Positions) Medbury Healthcare Group Job Recruitment (4 Positions) Custom Gifts & Designs Limited Job Recruitment (3 Positions) Online Foodstuff Store Limited Job Recruitment (5 Positions) Lightread Consulting Job Recruitment (7 Positions) Malaria Consortium Job Recruitment (5 Positions) Pallyshop Discount Job Recruitment (3 Postions) DESAC Energy Nigeria Limited Job Recruitment (13 Positions) Work Dey HR Services Job Recruitment (12 Positions) Food and Agriculture Organization Of the United Nations (FAO-UN) Job Recruitment (4 Positions) Party Supplies & More Job Recruitment (3 Positions) EBA (Eni Brand Architect Limited) Internship & Exp. Job Recruitment (7 Positions) Colton Group Job Recruitment (4 Positions) DM Holdings Limited Trainee & Exp. Job Recruitment (6 Positions) Fokes Consult Job Recruitment (6 Positions) J-Six Group Job Recruitment (7 Positions) Officemakers International Limited Job Recruitment (3 Positions) Excellent Jobs Job Recruitment (9 Positions) Marvel Advisory Limited Job Recruitment (3 Positions) Zetile Stores Limited Job Recruitment (3 Positions) Open Hospital Limited Job Recruitment HoneyTreat Group Graduate & Exp. Job Recruitment (5 Positions) Stylzimagery Studios Job Recruitment (7 Positions) ResumeSurge Consulting Job Recruitment (6 Positions) Cobranet Limited Job Recruitment (7 Positions) Jules Construction Job Recruitment (6 Positions) Eye Foundation Hospital Job Recruitment (3 Positions) HNJ Exclusive Job GOODY Bag - SEPTEMBER Week TWO UPDATE! Isalu Hospital Limited Job Recruitment (3 Positions) NoemDek Limited Internship & Exp. Job Recruitment (124 Positions) Holy Child College Job Recruitment (7 Positions) Latest Entry-level & Internship Job Recruitment in Nigeria - HNJobs (Weekly Recap) Latest Graduate & Management Trainee Job Recruitment in Nigeria - HNJobs (Weekly Recap) HNJobs (Recap): Federal / State Government Job Opportunities - HNJ Exclusive Latest Customer Service / Front Desk Job Recruitment in Nigeria - HNJobs (Weekly Recap) Latest Oil & Gas Job Opportunities in Nigeria - HNJ Exclusive HNJobs (Recap): International Agency / NGO / Multinational Job Opportunities - HNJ Exclusive HNJobs (Recap): Remote / Work-At-Home Job Opportunities Oxymon Solutions Limited Exp. Job Recruitment Globalclique HR Job Recruitment (5 Positions) OPEC Fund for International Development Job Recruitment (6 Positions) Abuja Clinics Limited Job Recruitment (8 Positions) Olam International Job Recruitment (4 Positions) Olam Agri Job Recruitment (6 Positions) Positivia Consult Job Recruitment (5 Positions) Stufenstein International School Job Recruitment (4 Positions) Promasidor Nigeria Job Recruitment (5 Positions),,Nigeria,remote,Global,,Computer / AI / Technology / IT Services,,,,,,,,Software Development,https://www.hotnigerianjobs.com/hotjobs/957258/globalclique-hr-job-recruitment-5-positions.html,2026-09-12T21:59:25+00:00
15c135c7e33dda12,hotnigerianjobs,957163,OPEC Fund for International Development Job Recruitment (6 Positions),,OPEC Fund for International Development Job Recruitment (6 Positions),,Nigeria,unknown,,,Computer / AI / Technology / IT Services,,,,,,,,,https://www.hotnigerianjobs.com/hotjobs/957163/opec-fund-for-international-development-job-recrui.html,2026-09-12T21:59:25+00:00
5d8ee7e6e31aa461,hotnigerianjobs,957158,Abuja Clinics Limited Job Recruitment (8 Positions),,Chabash Development and Health Initiative (CDHI) Job Recruitment (7 Positions) News Central TV Job Recruitment (4 Positions) Raybond Technical Limited Job Recruitment (3 Positions) Desire British Standard School Job Recruitment (4 Positions) Medbury Healthcare Group Job Recruitment (4 Positions) Custom Gifts & Designs Limited Job Recruitment (3 Positions) Online Foodstuff Store Limited Job Recruitment (5 Positions) Lightread Consulting Job Recruitment (7 Positions) Malaria Consortium Job Recruitment (5 Positions) Pallyshop Discount Job Recruitment (3 Postions) DESAC Energy Nigeria Limited Job Recruitment (13 Positions) Work Dey HR Services Job Recruitment (12 Positions) Food and Agriculture Organization Of the United Nations (FAO-UN) Job Recruitment (4 Positions) Party Supplies & More Job Recruitment (3 Positions) EBA (Eni Brand Architect Limited) Internship & Exp. Job Recruitment (7 Positions) Colton Group Job Recruitment (4 Positions) DM Holdings Limited Trainee & Exp. Job Recruitment (6 Positions) Fokes Consult Job Recruitment (6 Positions) J-Six Group Job Recruitment (7 Positions) Officemakers International Limited Job Recruitment (3 Positions) Excellent Jobs Job Recruitment (9 Positions) Marvel Advisory Limited Job Recruitment (3 Positions) Zetile Stores Limited Job Recruitment (3 Positions) Open Hospital Limited Job Recruitment HoneyTreat Group Graduate & Exp. Job Recruitment (5 Positions) Stylzimagery Studios Job Recruitment (7 Positions) ResumeSurge Consulting Job Recruitment (6 Positions) Cobranet Limited Job Recruitment (7 Positions) Jules Construction Job Recruitment (6 Positions) Eye Foundation Hospital Job Recruitment (3 Positions) HNJ Exclusive Job GOODY Bag - SEPTEMBER Week TWO UPDATE! Isalu Hospital Limited Job Recruitment (3 Positions) NoemDek Limited Internship & Exp. Job Recruitment (124 Positions) Holy Child College Job Recruitment (7 Positions) Latest Entry-level & Internship Job Recruitment in Nigeria - HNJobs (Weekly Recap) Latest Graduate & Management Trainee Job Recruitment in Nigeria - HNJobs (Weekly Recap) HNJobs (Recap): Federal / State Government Job Opportunities - HNJ Exclusive Latest Customer Service / Front Desk Job Recruitment in Nigeria - HNJobs (Weekly Recap) Latest Oil & Gas Job Opportunities in Nigeria - HNJ Exclusive HNJobs (Recap): International Agency / NGO / Multinational Job Opportunities - HNJ Exclusive HNJobs (Recap): Remote / Work-At-Home Job Opportunities Oxymon Solutions Limited Exp. Job Recruitment Globalclique HR Job Recruitment (5 Positions) OPEC Fund for International Development Job Recruitment (6 Positions) Abuja Clinics Limited Job Recruitment (8 Positions) Olam International Job Recruitment (4 Positions) Olam Agri Job Recruitment (6 Positions) Positivia Consult Job Recruitment (5 Positions) Stufenstein International School Job Recruitment (4 Positions) Promasidor Nigeria Job Recruitment (5 Positions),,Nigeria,remote,Global,,Computer / AI / Technology / IT Services,,,,,,,,Software Development,https://www.hotnigerianjobs.com/hotjobs/957158/abuja-clinics-limited-job-recruitment-9-positions.html,2026-09-12T21:59:25+00:00
0d01a733923bcbae,hotnigerianjobs,957154,Olam International Job Recruitment (4 Positions),,Chabash Development and Health Initiative (CDHI) Job Recruitment (7 Positions) News Central TV Job Recruitment (4 Positions) Raybond Technical Limited Job Recruitment (3 Positions) Desire British Standard School Job Recruitment (4 Positions) Medbury Healthcare Group Job Recruitment (4 Positions) Custom Gifts & Designs Limited Job Recruitment (3 Positions) Online Foodstuff Store Limited Job Recruitment (5 Positions) Lightread Consulting Job Recruitment (7 Positions) Malaria Consortium Job Recruitment (5 Positions) Pallyshop Discount Job Recruitment (3 Postions) DESAC Energy Nigeria Limited Job Recruitment (13 Positions) Work Dey HR Services Job Recruitment (12 Positions) Food and Agriculture Organization Of the United Nations (FAO-UN) Job Recruitment (4 Positions) Party Supplies & More Job Recruitment (3 Positions) EBA (Eni Brand Architect Limited) Internship & Exp. Job Recruitment (7 Positions) Colton Group Job Recruitment (4 Positions) DM Holdings Limited Trainee & Exp. Job Recruitment (6 Positions) Fokes Consult Job Recruitment (6 Positions) J-Six Group Job Recruitment (7 Positions) Officemakers International Limited Job Recruitment (3 Positions) Excellent Jobs Job Recruitment (9 Positions) Marvel Advisory Limited Job Recruitment (3 Positions) Zetile Stores Limited Job Recruitment (3 Positions) Open Hospital Limited Job Recruitment HoneyTreat Group Graduate & Exp. Job Recruitment (5 Positions) Stylzimagery Studios Job Recruitment (7 Positions) ResumeSurge Consulting Job Recruitment (6 Positions) Cobranet Limited Job Recruitment (7 Positions) Jules Construction Job Recruitment (6 Positions) Eye Foundation Hospital Job Recruitment (3 Positions) HNJ Exclusive Job GOODY Bag - SEPTEMBER Week TWO UPDATE! Isalu Hospital Limited Job Recruitment (3 Positions) NoemDek Limited Internship & Exp. Job Recruitment (124 Positions) Holy Child College Job Recruitment (7 Positions) Latest Entry-level & Internship Job Recruitment in Nigeria - HNJobs (Weekly Recap) Latest Graduate & Management Trainee Job Recruitment in Nigeria - HNJobs (Weekly Recap) HNJobs (Recap): Federal / State Government Job Opportunities - HNJ Exclusive Latest Customer Service / Front Desk Job Recruitment in Nigeria - HNJobs (Weekly Recap) Latest Oil & Gas Job Opportunities in Nigeria - HNJ Exclusive HNJobs (Recap): International Agency / NGO / Multinational Job Opportunities - HNJ Exclusive HNJobs (Recap): Remote / Work-At-Home Job Opportunities Oxymon Solutions Limited Exp. Job Recruitment Globalclique HR Job Recruitment (5 Positions) OPEC Fund for International Development Job Recruitment (6 Positions) Abuja Clinics Limited Job Recruitment (8 Positions) Olam International Job Recruitment (4 Positions) Olam Agri Job Recruitment (6 Positions) Positivia Consult Job Recruitment (5 Positions) Stufenstein International School Job Recruitment (4 Positions) Promasidor Nigeria Job Recruitment (5 Positions),,Nigeria,remote,Global,,Computer / AI / Technology / IT Services,,,,,,,,Software Development,https://www.hotnigerianjobs.com/hotjobs/957154/olam-international-job-recruitment-4-positions.html,2026-09-12T21:59:25+00:00
0950dd1ec6c27635,hotnigerianjobs,957153,Olam Agri Job Recruitment (6 Positions),,Chabash Development and Health Initiative (CDHI) Job Recruitment (7 Positions) News Central TV Job Recruitment (4 Positions) Raybond Technical Limited Job Recruitment (3 Positions) Desire British Standard School Job Recruitment (4 Positions) Medbury Healthcare Group Job Recruitment (4 Positions) Custom Gifts & Designs Limited Job Recruitment (3 Positions) Online Foodstuff Store Limited Job Recruitment (5 Positions) Lightread Consulting Job Recruitment (7 Positions) Malaria Consortium Job Recruitment (5 Positions) Pallyshop Discount Job Recruitment (3 Postions) DESAC Energy Nigeria Limited Job Recruitment (13 Positions) Work Dey HR Services Job Recruitment (12 Positions) Food and Agriculture Organization Of the United Nations (FAO-UN) Job Recruitment (4 Positions) Party Supplies & More Job Recruitment (3 Positions) EBA (Eni Brand Architect Limited) Internship & Exp. Job Recruitment (7 Positions) Colton Group Job Recruitment (4 Positions) DM Holdings Limited Trainee & Exp. Job Recruitment (6 Positions) Fokes Consult Job Recruitment (6 Positions) J-Six Group Job Recruitment (7 Positions) Officemakers International Limited Job Recruitment (3 Positions) Excellent Jobs Job Recruitment (9 Positions) Marvel Advisory Limited Job Recruitment (3 Positions) Zetile Stores Limited Job Recruitment (3 Positions) Open Hospital Limited Job Recruitment HoneyTreat Group Graduate & Exp. Job Recruitment (5 Positions) Stylzimagery Studios Job Recruitment (7 Positions) ResumeSurge Consulting Job Recruitment (6 Positions) Cobranet Limited Job Recruitment (7 Positions) Jules Construction Job Recruitment (6 Positions) Eye Foundation Hospital Job Recruitment (3 Positions) HNJ Exclusive Job GOODY Bag - SEPTEMBER Week TWO UPDATE! Isalu Hospital Limited Job Recruitment (3 Positions) NoemDek Limited Internship & Exp. Job Recruitment (124 Positions) Holy Child College Job Recruitment (7 Positions) Latest Entry-level & Internship Job Recruitment in Nigeria - HNJobs (Weekly Recap) Latest Graduate & Management Trainee Job Recruitment in Nigeria - HNJobs (Weekly Recap) HNJobs (Recap): Federal / State Government Job Opportunities - HNJ Exclusive Latest Customer Service / Front Desk Job Recruitment in Nigeria - HNJobs (Weekly Recap) Latest Oil & Gas Job Opportunities in Nigeria - HNJ Exclusive HNJobs (Recap): International Agency / NGO / Multinational Job Opportunities - HNJ Exclusive HNJobs (Recap): Remote / Work-At-Home Job Opportunities Oxymon Solutions Limited Exp. Job Recruitment Globalclique HR Job Recruitment (5 Positions) OPEC Fund for International Development Job Recruitment (6 Positions) Abuja Clinics Limited Job Recruitment (8 Positions) Olam International Job Recruitment (4 Positions) Olam Agri Job Recruitment (6 Positions) Positivia Consult Job Recruitment (5 Positions) Stufenstein International School Job Recruitment (4 Positions) Promasidor Nigeria Job Recruitment (5 Positions),,Nigeria,remote,Global,,Computer / AI / Technology / IT Services,,,,,,,,Software Development,https://www.hotnigerianjobs.com/hotjobs/957153/olam-agrijob-recruitment-6-positions.html,2026-09-12T21:59:25+00:00
ec3bf2ee147001e8,hotnigerianjobs,957145,Positivia Consult Job Recruitment (5 Positions),,Chabash Development and Health Initiative (CDHI) Job Recruitment (7 Positions) News Central TV Job Recruitment (4 Positions) Raybond Technical Limited Job Recruitment (3 Positions) Desire British Standard School Job Recruitment (4 Positions) Medbury Healthcare Group Job Recruitment (4 Positions) Custom Gifts & Designs Limited Job Recruitment (3 Positions) Online Foodstuff Store Limited Job Recruitment (5 Positions) Lightread Consulting Job Recruitment (7 Positions) Malaria Consortium Job Recruitment (5 Positions) Pallyshop Discount Job Recruitment (3 Postions) DESAC Energy Nigeria Limited Job Recruitment (13 Positions) Work Dey HR Services Job Recruitment (12 Positions) Food and Agriculture Organization Of the United Nations (FAO-UN) Job Recruitment (4 Positions) Party Supplies & More Job Recruitment (3 Positions) EBA (Eni Brand Architect Limited) Internship & Exp. Job Recruitment (7 Positions) Colton Group Job Recruitment (4 Positions) DM Holdings Limited Trainee & Exp. Job Recruitment (6 Positions) Fokes Consult Job Recruitment (6 Positions) J-Six Group Job Recruitment (7 Positions) Officemakers International Limited Job Recruitment (3 Positions) Excellent Jobs Job Recruitment (9 Positions) Marvel Advisory Limited Job Recruitment (3 Positions) Zetile Stores Limited Job Recruitment (3 Positions) Open Hospital Limited Job Recruitment HoneyTreat Group Graduate & Exp. Job Recruitment (5 Positions) Stylzimagery Studios Job Recruitment (7 Positions) ResumeSurge Consulting Job Recruitment (6 Positions) Cobranet Limited Job Recruitment (7 Positions) Jules Construction Job Recruitment (6 Positions) Eye Foundation Hospital Job Recruitment (3 Positions) HNJ Exclusive Job GOODY Bag - SEPTEMBER Week TWO UPDATE! Isalu Hospital Limited Job Recruitment (3 Positions) NoemDek Limited Internship & Exp. Job Recruitment (124 Positions) Holy Child College Job Recruitment (7 Positions) Latest Entry-level & Internship Job Recruitment in Nigeria - HNJobs (Weekly Recap) Latest Graduate & Management Trainee Job Recruitment in Nigeria - HNJobs (Weekly Recap) HNJobs (Recap): Federal / State Government Job Opportunities - HNJ Exclusive Latest Customer Service / Front Desk Job Recruitment in Nigeria - HNJobs (Weekly Recap) Latest Oil & Gas Job Opportunities in Nigeria - HNJ Exclusive HNJobs (Recap): International Agency / NGO / Multinational Job Opportunities - HNJ Exclusive HNJobs (Recap): Remote / Work-At-Home Job Opportunities Oxymon Solutions Limited Exp. Job Recruitment Globalclique HR Job Recruitment (5 Positions) OPEC Fund for International Development Job Recruitment (6 Positions) Abuja Clinics Limited Job Recruitment (8 Positions) Olam International Job Recruitment (4 Positions) Olam Agri Job Recruitment (6 Positions) Positivia Consult Job Recruitment (5 Positions) Stufenstein International School Job Recruitment (4 Positions) Promasidor Nigeria Job Recruitment (5 Positions),,Nigeria,remote,Global,,Computer / AI / Technology / IT Services,,,,,,,,Software Development,https://www.hotnigerianjobs.com/hotjobs/957145/positivia-consult-job-recruitment-5-positions.html,2026-09-12T21:59:25+00:00
8cb3c39f543c6c2b,hotnigerianjobs,957143,Stufenstein International School Job Recruitment (4 Positions),,Stufenstein International School Job Recruitment (4 Positions),,Nigeria,unknown,,,Computer / AI / Technology / IT Services,,,,,,,,,https://www.hotnigerianjobs.com/hotjobs/957143/stufenstein-international-school-job-recruitment-4.html,2026-09-12T21:59:25+00:00
0f15bfbd63fe6b2e,hotnigerianjobs,957142,Promasidor Nigeria Job Recruitment (5 Positions),,Chabash Development and Health Initiative (CDHI) Job Recruitment (7 Positions) News Central TV Job Recruitment (4 Positions) Raybond Technical Limited Job Recruitment (3 Positions) Desire British Standard School Job Recruitment (4 Positions) Medbury Healthcare Group Job Recruitment (4 Positions) Custom Gifts & Designs Limited Job Recruitment (3 Positions) Online Foodstuff Store Limited Job Recruitment (5 Positions) Lightread Consulting Job Recruitment (7 Positions) Malaria Consortium Job Recruitment (5 Positions) Pallyshop Discount Job Recruitment (3 Postions) DESAC Energy Nigeria Limited Job Recruitment (13 Positions) Work Dey HR Services Job Recruitment (12 Positions) Food and Agriculture Organization Of the United Nations (FAO-UN) Job Recruitment (4 Positions) Party Supplies & More Job Recruitment (3 Positions) EBA (Eni Brand Architect Limited) Internship & Exp. Job Recruitment (7 Positions) Colton Group Job Recruitment (4 Positions) DM Holdings Limited Trainee & Exp. Job Recruitment (6 Positions) Fokes Consult Job Recruitment (6 Positions) J-Six Group Job Recruitment (7 Positions) Officemakers International Limited Job Recruitment (3 Positions) Excellent Jobs Job Recruitment (9 Positions) Marvel Advisory Limited Job Recruitment (3 Positions) Zetile Stores Limited Job Recruitment (3 Positions) Open Hospital Limited Job Recruitment HoneyTreat Group Graduate & Exp. Job Recruitment (5 Positions) Stylzimagery Studios Job Recruitment (7 Positions) ResumeSurge Consulting Job Recruitment (6 Positions) Cobranet Limited Job Recruitment (7 Positions) Jules Construction Job Recruitment (6 Positions) Eye Foundation Hospital Job Recruitment (3 Positions) HNJ Exclusive Job GOODY Bag - SEPTEMBER Week TWO UPDATE! Isalu Hospital Limited Job Recruitment (3 Positions) NoemDek Limited Internship & Exp. Job Recruitment (124 Positions) Holy Child College Job Recruitment (7 Positions) Latest Entry-level & Internship Job Recruitment in Nigeria - HNJobs (Weekly Recap) Latest Graduate & Management Trainee Job Recruitment in Nigeria - HNJobs (Weekly Recap) HNJobs (Recap): Federal / State Government Job Opportunities - HNJ Exclusive Latest Customer Service / Front Desk Job Recruitment in Nigeria - HNJobs (Weekly Recap) Latest Oil & Gas Job Opportunities in Nigeria - HNJ Exclusive HNJobs (Recap): International Agency / NGO / Multinational Job Opportunities - HNJ Exclusive HNJobs (Recap): Remote / Work-At-Home Job Opportunities Oxymon Solutions Limited Exp. Job Recruitment Globalclique HR Job Recruitment (5 Positions) OPEC Fund for International Development Job Recruitment (6 Positions) Abuja Clinics Limited Job Recruitment (8 Positions) Olam International Job Recruitment (4 Positions) Olam Agri Job Recruitment (6 Positions) Positivia Consult Job Recruitment (5 Positions) Stufenstein International School Job Recruitment (4 Positions) Promasidor Nigeria Job Recruitment (5 Positions),,Nigeria,remote,Global,,Computer / AI / Technology / IT Services,,,,,,,,Software Development,https://www.hotnigerianjobs.com/hotjobs/957142/promasidor-nigeria-job-recruitment-5-positions.html,2026-09-12T21:59:25+00:00
6c10acbbeac622ac,hotnigerianjobs,957406,Engineering Manager at Seismic Consulting Group Limited,Seismic Consulting Group Limited,"Seismic Consulting Group Limited is recruiting to fill the position of: Engineering Manager. The position is located in Abuja (FCT). Interested candidates should possess relevant qualifications with 7+ years of software engineering experience, with experience leading engineering teams and a strong background in backend or full-stack software development. Apply Now",Abuja (FCT),Nigeria,unknown,,,Computer / AI / Technology / IT Services,,,,,,"Fri 11th Sep, 2026",,Software Development,https://www.hotnigerianjobs.com/hotjobs/957406/engineering-manager-at-seismic-consulting-group-li.html,2026-09-12T21:59:25+00:00
40790fd5a6b5793a,hotnigerianjobs,957329,Sales Executive - Cybersecurity Solutions (Entry Level) at Foresight Innovative Solutions,,Sales Executive - Cybersecurity Solutions (Entry Level) at Foresight Innovative Solutions,,Nigeria,unknown,,,Computer / AI / Technology / IT Services,,,,,,,,Cybersecurity,https://www.hotnigerianjobs.com/hotjobs/957329/sales-executive-cybersecurity-solutions-entry-leve.html,2026-09-12T21:59:25+00:00
be0d2be641a175c9,hotnigerianjobs,957274,Growth Marketing Manager (Student Acquisition & Revenue Growth) at a Leading EdTech and Workforce Development Company - Damolak Technologies Limited,,Growth Marketing Manager (Student Acquisition & Revenue Growth) at a Leading EdTech and Workforce Development Company - Damolak Technologies Limited,,Nigeria,unknown,,,Computer / AI / Technology / IT Services,,,,,,,,,https://www.hotnigerianjobs.com/hotjobs/957274/growth-marketing-manager-student-acquisition-reven.html,2026-09-12T21:59:25+00:00
5494bbc362fda69f,hotnigerianjobs,957200,Procurement Assistant at PC Place Nigeria Limited,PC Place Nigeria Limited,"PC Place Nigeria Limited is recruiting to fill the position of: Procurement Assistant. The position is located in Lagos State. Salary: N150,000 monthly. Interested candidates should possess a Bachelor’s Degree in Business Administration, Supply Chain Management, or related fields with 1–2 years of experience in procurement or administrative support (preferred). Apply Now",Lagos State,Nigeria,unknown,,,Computer / AI / Technology / IT Services,,,,"N150,000 monthly",,"Fri 11th Sep, 2026",,,https://www.hotnigerianjobs.com/hotjobs/957200/procurement-assistant-at-pc-place-nigeria-limited.html,2026-09-12T21:59:25+00:00
d2a6d0056d6004d2,hotnigerianjobs,957048,Zinance Limited Job Recruitment (6 Positions),Zinance Limited,Zinance Limited is recruiting suitably qualified candidates to fill the following positions in Lagos and Ogun States: Medical Administrative Assistant; Nurse Practitioner; Nurse Manager; Chief Medical Officer; Laboratory Technician; Biologist. Apply Now,Lagos and Ogun States,Nigeria,unknown,,,Computer / AI / Technology / IT Services,,,,,,"Fri 11th Sep, 2026",,,https://www.hotnigerianjobs.com/hotjobs/957048/zinance-limited-job-recruitment-6-positions.html,2026-09-12T21:59:25+00:00
2160b7f8b9689fa7,hotnigerianjobs,957019,Nurse Practitioner at Zinance Limited,Zinance Limited,"Zinance Limited is recruiting to fill the position of: Nurse Practitioner. The position is located in Ikeja, Lagos State. Salary: N140,000 - N170,000 per month. Interested candidates should possess relevant qualifications. Apply Now","Ikeja, Lagos State",Nigeria,unknown,,,Computer / AI / Technology / IT Services,,,,"N140,000 - N170,000 per month",,"Fri 11th Sep, 2026",,,https://www.hotnigerianjobs.com/hotjobs/957019/nurse-practitioner-at-zinance-limited.html,2026-09-12T21:59:25+00:00
d63e71451ffd41ec,hotnigerianjobs,957031,Medical Administrative Assistant at Zinance Limited (6 Openings),,Medical Administrative Assistant at Zinance Limited (6 Openings),,Nigeria,unknown,,,Computer / AI / Technology / IT Services,,,,,,,,,https://www.hotnigerianjobs.com/hotjobs/957031/medical-administrative-assistant-at-zinance-limite.html,2026-09-12T21:59:25+00:00
08d12250408aeb03,hotnigerianjobs,957017,Nurse Manager at Zinance Limited (6 OPenings),Zinance Limited,"Zinance Limited is recruiting to fill the position of: Nurse Manager. The position is located in Agege, Ikorodu, Isolo, Victoria Island - Lagos & Abeokuta, Alagbole - Ogun States. Salary: N135,000 - N170,000 per month. Interested candidates should possess relevant qualifications. Apply Now","Agege, Ikorodu, Isolo, Victoria Island - Lagos & Abeokuta, Alagbole - Ogun States",Nigeria,unknown,,,Computer / AI / Technology / IT Services,,,,"N135,000 - N170,000 per month",,"Fri 11th Sep, 2026",,Other Tech,https://www.hotnigerianjobs.com/hotjobs/957017/nurse-manager-at-zinance-limited.html,2026-09-12T21:59:25+00:00
438e19d07e7f380e,hotnigerianjobs,957006,Senior Electronics Technician at Schlumberger Limited,Schlumberger Limited,"Schlumberger Limited is recruiting to fill the position of: Senior Electronics Technician. The position is located in Port-Harcourt, Rivers State. Interested candidates should possess a Diploma or Higher National Diploma (HND) in Electrical & Electronics Engineering with 7 years of relevant working experience. Apply Now","Port-Harcourt, Rivers State",Nigeria,unknown,,,Computer / AI / Technology / IT Services,,,,,,"Fri 11th Sep, 2026",,Other Tech,https://www.hotnigerianjobs.com/hotjobs/957006/senior-electronics-technician-at-slb-company.html,2026-09-12T21:59:25+00:00
ba4cece005346672,hotnigerianjobs,956928,Corporate Training Partnerships Manager – B2B Business Development at Damolak Technologies Limited,,Corporate Training Partnerships Manager – B2B Business Development at Damolak Technologies Limited,,Nigeria,unknown,,,Computer / AI / Technology / IT Services,,,,,,,,,https://www.hotnigerianjobs.com/hotjobs/956928/corporate-training-partnerships-manager-b2b-busine.html,2026-09-12T21:59:25+00:00
36542d7a60609e42,hotnigerianjobs,956919,Accounts Officer at Fibrehub Internetworking Services Limited,,Accounts Officer at Fibrehub Internetworking Services Limited,,Nigeria,unknown,,,Computer / AI / Technology / IT Services,,,,,,,,,https://www.hotnigerianjobs.com/hotjobs/956919/accounts-officer-at-fibrehub-internetworking-servi.html,2026-09-12T21:59:25+00:00
a54864d48f7acd70,hotnigerianjobs,956905,Administrative Officer at Fibrehub Internetworking Services Limited,,Administrative Officer at Fibrehub Internetworking Services Limited,,Nigeria,unknown,,,Computer / AI / Technology / IT Services,,,,,,,,,https://www.hotnigerianjobs.com/hotjobs/956905/administrative-officer-at-fibrehub-internetworking.html,2026-09-12T21:59:25+00:00
a5c6a11a92db091e,hotnigerianjobs,956813,Sales & Growth Manager – Technology & Digital Products (Remote) at ATOD Tech,,Sales & Growth Manager – Technology & Digital Products (Remote) at ATOD Tech,,Nigeria,remote,Country-only,,Computer / AI / Technology / IT Services,,,,,,,,,https://www.hotnigerianjobs.com/hotjobs/956813/sales-growth-manager-technology-digital-products-r.html,2026-09-12T21:59:25+00:00
34fd8ddd00ec83b2,hotnigerianjobs,956810,Accountant / Admin Officer at Digitalents HUB Limited,Digitalents HUB Limited,"Digitalents HUB Limited is recruiting to fill the position of: Accountant / Admin Officer. The position is located in Ikeja, Lagos State. Salary: N150,000 - N350,000 / month. Interested candidates should possess a Bachelor's Degree or HND in Accounting, Finance, Business Administration, or a related field with 1 - 5 years of proven experience in a combined accounting and administrative role. Apply Now","Ikeja, Lagos State",Nigeria,unknown,,,Computer / AI / Technology / IT Services,,,,"N150,000 - N350,000 / month",,"Fri 11th Sep, 2026",,,https://www.hotnigerianjobs.com/hotjobs/956810/accountant-admin-officer-at-digitalents-hub-limite.html,2026-09-12T21:59:25+00:00
b074efba40a61bee,hotnigerianjobs,956795,0 Emission Technologies Limited Job Recruitment (3 Positions),,0 Emission Technologies Limited Job Recruitment (3 Positions),,Nigeria,unknown,,,Computer / AI / Technology / IT Services,,,,,,,,,https://www.hotnigerianjobs.com/hotjobs/956795/0-emission-technologies-limited-job-recruitment-3.html,2026-09-12T21:59:25+00:00
95c1bcaf0f061e32,hotnigerianjobs,956717,Driver at Sambus Geospatial Limited,Sambus Geospatial Limited,"Sambus Geospatial Limited is recruiting to fill the position of: Driver. The position is located in Victoria Island, Lagos State. Salary: N150,000 - N170,000 monthly. Interested candidates should possess minimum of an SHS certificate with a minimum of 5 years’ experience as a driver. Apply Now","Victoria Island, Lagos State",Nigeria,unknown,,,Computer / AI / Technology / IT Services,,,,"N150,000 - N170,000 monthly",,"Thu 10th Sep, 2026",,Other Tech,https://www.hotnigerianjobs.com/hotjobs/956717/driver-at-sambus-geospatial-limited.html,2026-09-12T21:59:25+00:00
20ec48ce1e12e41f,hotnigerianjobs,956608,IT Support at NimbleByte Global,NimbleByte Global,"NimbleByte Global is recruiting to fill the position of: IT Support. The position is located in Yaba, Lagos State. Salary: $120 - $180 per month based on performance. Interested candidates should possess a relevant qualification and experience. Be fresh graduate from Computer Science Apply Now","Yaba, Lagos State",Nigeria,unknown,,,Computer / AI / Technology / IT Services,,,,$120 - $180 per month based on performance,USD,"Thu 10th Sep, 2026",,IT Support & Networking,https://www.hotnigerianjobs.com/hotjobs/956608/it-support-at-nimblebyte-global.html,2026-09-12T21:59:25+00:00
3616aa1f48f80b2c,hotnigerianjobs,956587,Merchant Acquisition Executive at Intelligent Innovations Limited (5 Openings),,Merchant Acquisition Executive at Intelligent Innovations Limited (5 Openings),,Nigeria,unknown,,,Computer / AI / Technology / IT Services,,,,,,,,,https://www.hotnigerianjobs.com/hotjobs/956587/merchant-acquisition-executive-at-intelligent-inno.html,2026-09-12T21:59:25+00:00
fd0a77edf1d87576,hotnigerianjobs,956638,Business Development Associate at an Innovative and Fast-growing LegalTech Company - Genius Brand and Media Enterprises,,Business Development Associate at an Innovative and Fast-growing LegalTech Company - Genius Brand and Media Enterprises,,Nigeria,unknown,,,Computer / AI / Technology / IT Services,,,,,,,,Other Tech,https://www.hotnigerianjobs.com/hotjobs/956638/business-development-associate-at-an-innovative-an.html,2026-09-12T21:59:25+00:00
118771fc1cee6f9a,hotnigerianjobs,956571,Commercial Strategy and Growth Lead at Structured Energy Systems Limited,,Commercial Strategy and Growth Lead at Structured Energy Systems Limited,,Nigeria,unknown,,,Computer / AI / Technology / IT Services,,,,,,,,,https://www.hotnigerianjobs.com/hotjobs/956571/commercial-strategy-and-growth-lead-at-structured.html,2026-09-12T21:59:25+00:00
b4d0d8dbc2c384cb,hotnigerianjobs,956536,Media Broadcaster at Mybizpush Solutions Limited,Mybizpush Solutions Limited,Mybizpush Solutions Limited is recruiting to fill the position of: Corporate Driver. The position is located in Abuja(FCT). Interested candidates should possess relevant qualifications and experience. Apply Now,Abuja(FCT),Nigeria,unknown,,,Computer / AI / Technology / IT Services,,,,,,"Thu 10th Sep, 2026",,,https://www.hotnigerianjobs.com/hotjobs/956536/media-broadcaster-at-mybizpush-solutions-limited.html,2026-09-12T21:59:25+00:00
17e598020d5f2064,hotnigerianjobs,956457,Flutter & Whatsapp Chatbot Engineer at HelpMum,HelpMum,"HelpMum is recruiting to fill the position of: Flutter & Whatsapp Chatbot Engineer. the position is located in Lekki Phase 2, Lagos State. Interested candidates should possess a Bachelor’s Degree in Computer Science, Management information systems, Engineering Certification is an added advantage and must reside on Lagos Island. Apply Now","Lekki Phase 2, Lagos State",Nigeria,unknown,,,Computer / AI / Technology / IT Services,,,,,,"Thu 10th Sep, 2026",,Other Tech,https://www.hotnigerianjobs.com/hotjobs/956457/flutter-whatsapp-chatbot-engineer-at-helpmum.html,2026-09-12T21:59:25+00:00
386941e92f43e641,hotnigerianjobs,956455,AI Engineer at HelpMum,HelpMum,"HelpMum is recruiting to fill the position of: AI Engineer. the position is located in Lekki Phase 2, Lagos State. Interested candidates should possess a Bachelor’s or Master’s Degree in Computer Science, Data Science, AI, or a related technical field with 3+ years of experience in AI/Machine Learning engineering, preferably within health-tech or social impact sectors. Apply Now","Lekki Phase 2, Lagos State",Nigeria,unknown,,,Computer / AI / Technology / IT Services,,,,,,"Thu 10th Sep, 2026",,Data & AI,https://www.hotnigerianjobs.com/hotjobs/956455/ai-engineer-at-helpmum.html,2026-09-12T21:59:25+00:00
2c568fde9ec61239,hotnigerianjobs,956449,Content Creator at Rise Networks,Rise Networks,Rise Networks is recruiting to fill the position of: Content Creator. The position is located in Lagos State. Interested candidates should possess relevant qualifications with proven experience creating content for social media (portfolio or samples required). Apply Now,Lagos State,Nigeria,unknown,,,Computer / AI / Technology / IT Services,,,,,,"Thu 10th Sep, 2026",,,https://www.hotnigerianjobs.com/hotjobs/956449/content-creator-at-rise-networks.html,2026-09-12T21:59:25+00:00
e0834ea0176e4e58,hotnigerianjobs,956441,House Cleaner at Maxitech Global Investment Limited,Maxitech Global Investment Limited,"Maxitech Global Investment Limited is recruiting to fill the position of: House Cleaner. The position is located in Lagos State. Salary: N100,000 per month. Interested candidates should possess a minimum of an HND from a recognised institution, be well-spoken and able to communicate clearly and confidently in English, and have 3 years' previous experience as a house cleaner, housekeeper, domestic staff, or in a similar role is strongly preferred. Apply Now",Lagos State,Nigeria,unknown,,,Computer / AI / Technology / IT Services,,,,"N100,000 per month",,"Thu 10th Sep, 2026",,,https://www.hotnigerianjobs.com/hotjobs/956441/house-cleaner-at-maxitech-global-investement-limit.html,2026-09-12T21:59:25+00:00
fb1c796b702899c9,hotnigerianjobs,956404,Robotics and Automation Associate at Rise Networks,Rise Networks,"Rise Networks is recruiting to fill the position of: Robotics and Automation Associate. The position is located in Lagos State. Interested candidates should possess relevant qualifications and experience, with basic knowledge of robotics systems, sensors, and automation technologies. Apply Now",Lagos State,Nigeria,unknown,,,Computer / AI / Technology / IT Services,,,,,,"Thu 10th Sep, 2026",,Other Tech,https://www.hotnigerianjobs.com/hotjobs/956404/robotics-and-automation-associate-at-rise-networks.html,2026-09-12T21:59:25+00:00
6a1607ee34d391f2,hotnigerianjobs,956232,Senior IT Sales Manager at Ouranos Technologies,Ouranos Technologies,"Ouranos Technologies is recruiting to fill the position of: Senior IT Sales Manager. The position is located in Lagos State. In this role, you will be responsible for driving business growth by identifying, developing, and closing strategic enterprise opportunities across multiple industries. Interested candidates should possess relevant qualifications. Apply Now",Lagos State,Nigeria,unknown,,,Computer / AI / Technology / IT Services,,,,,,"Thu 10th Sep, 2026",,Other Tech,https://www.hotnigerianjobs.com/hotjobs/956232/senior-it-sales-manager-at-ouranos-technologies.html,2026-09-12T21:59:25+00:00
1f8bf54c696c29b0,hotnigerianjobs,956199,Human Resources Business Partner (HRBP) at Recruit with Adenike,,Human Resources Business Partner (HRBP) at Recruit with Adenike,,Nigeria,unknown,,,Computer / AI / Technology / IT Services,,,,,,,,,https://www.hotnigerianjobs.com/hotjobs/956199/human-resources-business-partner-hrbp-at-recruit-w.html,2026-09-12T21:59:25+00:00
de6ccafa6e0a3f6f,hotnigerianjobs,956204,"Head, Database Administration at Unified Payment Services Limited",,"Head, Database Administration at Unified Payment Services Limited",,Nigeria,unknown,,,Computer / AI / Technology / IT Services,,,,,,,,Other Tech,https://www.hotnigerianjobs.com/hotjobs/956204/head-database-administration-at-unified-payment-se.html,2026-09-12T21:59:25+00:00
75043023a2cf9dd9,hotnigerianjobs,956103,Cavista Job Recruitment (6 Positions),Cavista,Cavista is recruiting suitably qualified candidates to fill the following positions in Lagos State: Frontend Engineer II; QA Engineer II; Backend C#.NET Engineer II; Android Engineer II; iOS Engineer II; and Executive Assistant. Apply Now,Lagos State,Nigeria,unknown,,,Computer / AI / Technology / IT Services,,,,,,"Wed 09th Sep, 2026",,Software Development,https://www.hotnigerianjobs.com/hotjobs/956103/cavista-job-recruitment-6-positions.html,2026-09-12T21:59:25+00:00
42bb6d8b1231b3a1,hotnigerianjobs,956088,Executive Assistant (Hybrid) at Cavista,Cavista,"Cavista is recruiting to fill the position of: Executive Assistant. This is a Hybrid position in Ilupeju, Lagos State. Interested candidates should possess a Bachelor's Degree in Business Administration, Secretarial Studies, or a related field (required for Senior Specialist level); OND/HND acceptable for Specialist level with relevant experience with 5 years prior experience supporting executives in a fast-paced, corporate or financial-services environment preferred. Apply Now",,Nigeria,hybrid,,,Computer / AI / Technology / IT Services,,,,,,"Wed 09th Sep, 2026",,,https://www.hotnigerianjobs.com/hotjobs/956088/executive-assistant-hybrid-at-cavista.html,2026-09-12T21:59:25+00:00
e7a364a9f684f5f0,hotnigerianjobs,956079,Frontend Engineer II (Hybrid) at Cavista,Cavista,"Cavista is recruiting to fill the position of: Frontend Engineer II. This is a Hybrid position located in Ilupeju, Lagos State. Interested candidates should possess a Bachelor's or Master's Degree in Computer Science, Software Engineering, or a related technical field with 5 years of experience building mobile apps in fintech or a regulated environment. Apply Now","Ilupeju, Lagos State",Nigeria,hybrid,,,Computer / AI / Technology / IT Services,,,,,,"Wed 09th Sep, 2026",,Software Development,https://www.hotnigerianjobs.com/hotjobs/956079/frontend-engineer-ii-hybrid-at-cavista.html,2026-09-12T21:59:25+00:00
49230f28659e3132,hotnigerianjobs,956069,iOS Engineer II (Hybrid) at Cavista,Cavista,"Cavista is recruiting to fill the position of: iOS Engineer II. This is a Hybrid position located in Ilupeju, Lagos State. Interested candidates should possess a Bachelor's or Master's Degree in Computer Science, Software Engineering, or a related technical field with 5 years of experience building mobile apps in fintech or a regulated environment. Apply Now","Ilupeju, Lagos State",Nigeria,hybrid,,,Computer / AI / Technology / IT Services,,,,,,"Wed 09th Sep, 2026",,Software Development,https://www.hotnigerianjobs.com/hotjobs/956069/ios-engineer-ii-hybrid-at-cavista.html,2026-09-12T21:59:25+00:00
85f86e567b7ab553,hotnigerianjobs,956074,QA Engineer II (Hybrid) at Cavista,Cavista,"Cavista is recruiting to fill the position of: QA Engineer II. This is a Hybrid position located in Ilupeju, Lagos State. Interested candidates should possess a Bachelor's or Master's Degree in Computer Science, Software Engineering, or a related technical field with 5+ years of experience building and delivering complex native Android applications in production environments. Apply Now","Ilupeju, Lagos State",Nigeria,hybrid,,,Computer / AI / Technology / IT Services,,,,,,"Wed 09th Sep, 2026",,Software Development,https://www.hotnigerianjobs.com/hotjobs/956074/qa-engineer-ii-hybrid-at-cavista.html,2026-09-12T21:59:25+00:00
78f20d20571f1e72,hotnigerianjobs,956073,Backend C#.NET Engineer II (Hybrid) at Cavista,Cavista,"Cavista is recruiting to fill the position of: Backend C#.NET Engineer II. This is a Hybrid position located in Ilupeju, Lagos State. Interested candidates should possess a Bachelor's or Master's Degree in Computer Science, Software Engineering, or a related technical field with 5 years of experience building mobile apps in fintech. Apply Now","Ilupeju, Lagos State",Nigeria,hybrid,,,Computer / AI / Technology / IT Services,,,,,,"Wed 09th Sep, 2026",,Software Development,https://www.hotnigerianjobs.com/hotjobs/956073/backend-engineer-ii-hybrid-at-cavista.html,2026-09-12T21:59:25+00:00
c7477a73f82cf41b,hotnigerianjobs,956071,Android Engineer II (Hybrid) at Cavista,Cavista,"Cavista is recruiting to fill the position of: Android Engineer II. This is a Hybrid position located in Ilupeju, Lagos State. Interested candidates should possess a Bachelor's or Master's Degree in Computer Science, Software Engineering, or a related technical field with 5+ years of experience working within FinTech, Digital Banking, Payments, Financial Services, Lending, or related domains. Apply Now","Ilupeju, Lagos State",Nigeria,hybrid,,,Computer / AI / Technology / IT Services,,,,,,"Wed 09th Sep, 2026",,Software Development,https://www.hotnigerianjobs.com/hotjobs/956071/android-engineer-ii-hybrid-at-cavista.html,2026-09-12T21:59:25+00:00
3ee32228faf7dd97,hotnigerianjobs,955918,Business Development Manager at Alfred and Victoria Associates,,Business Development Manager at Alfred and Victoria Associates,,Nigeria,unknown,,,Computer / AI / Technology / IT Services,,,,,,,,Other Tech,https://www.hotnigerianjobs.com/hotjobs/955918/business-development-manager-at-alfred-and-victori.html,2026-09-12T21:59:25+00:00
5b28a899817b6b7b,hotnigerianjobs,955898,Business Development Associate at SENRI Limited,SENRI Limited,"SENRI Limited is recruiting to fill the position of: Business Development Associate. The position is located in Lagos State. Interested candidates should possess a Bachelor's Degree in Business Administration, Marketing, Economics, or a related discipline with 3+ years of B2B sales experience in Enterprise Sales, Saas Sales, FMCG, Pharmaceuticals, Medical Equipment industry. Apply Now",Lagos State,Nigeria,unknown,,,Computer / AI / Technology / IT Services,,,,,,"Wed 09th Sep, 2026",,Other Tech,https://www.hotnigerianjobs.com/hotjobs/955898/business-development-associate-at-senri-limited.html,2026-09-12T21:59:25+00:00
0cb3b1aec899f0b9,hotnigerianjobs,955884,Chief Executive Officer at Alfred and Victoria Associates,Alfred and Victoria Associates,"Alfred and Victoria Associates is recruiting to fill the position of: Chief Executive Officer. The position is located in Ikeja, Lagos State. Interested candidates should possess a Bachelor’s Degree in a relevant or related field with 15 – 20 years’ experience, including 5 – 10 years in senior leadership roles. Apply Now","Ikeja, Lagos State",Nigeria,unknown,,,Computer / AI / Technology / IT Services,,,,,,"Wed 09th Sep, 2026",,Other Tech,https://www.hotnigerianjobs.com/hotjobs/955884/chief-executive-officer-at-alfred-and-victoria-ass.html,2026-09-12T21:59:25+00:00
49175e2222a595c2,hotnigerianjobs,955883,"Solutions Architect, SSA at Amazon Web Services Nigeria Limited",,"Solutions Architect, SSA at Amazon Web Services Nigeria Limited",,Nigeria,unknown,,,Computer / AI / Technology / IT Services,,,,,,,,Other Tech,https://www.hotnigerianjobs.com/hotjobs/955883/solutions-architect-ssa-at-amazon-web-services-nig.html,2026-09-12T21:59:25+00:00
981411ae4c445e1f,hotnigerianjobs,955886,"Enterprise Account Manager, Nigeria - AWS Account Management, SSA at Amazon Web Services Nigeria Limited",,"Enterprise Account Manager, Nigeria - AWS Account Management, SSA at Amazon Web Services Nigeria Limited",,Nigeria,unknown,,,Computer / AI / Technology / IT Services,,,,,,,,Other Tech,https://www.hotnigerianjobs.com/hotjobs/955886/enterprise-account-manager-nigeria-aws-account-man.html,2026-09-12T21:59:25+00:00
4c547dc7d3563ae3,hotnigerianjobs,955854,Driver at Arit of Africa Limited,Arit of Africa Limited,"Arit of Africa Limited is recruiting to fill the position of: Driver. The position is located in Ajah, Lagos State. Interested candidates should possess a driver's licence and LASDRI. Apply Now","Ajah, Lagos State",Nigeria,unknown,,,Computer / AI / Technology / IT Services,,,,,,"Wed 09th Sep, 2026",,,https://www.hotnigerianjobs.com/hotjobs/955854/driver-at-arit-of-africa-limited.html,2026-09-12T21:59:25+00:00
6e5ed6ae0cbe2856,hotnigerianjobs,955858,Fiber Engineer at Timeless Telecoms Limited,Timeless Telecoms Limited,"Timeless Telecoms Limited is recruiting to fill the position of: Fiber Engineer. The position is located in Ikeja, Lagos State. Salary: N200,000 monthly. Interested candidates should possess an HND, B.Tech, or Bachelor's Degree in Electrical Engineering or a relevant field with a minimum 2 years of relevant work experience. Apply Now","Ikeja, Lagos State",Nigeria,unknown,,,Computer / AI / Technology / IT Services,,,,"N200,000 monthly",,"Wed 09th Sep, 2026",,Other Tech,https://www.hotnigerianjobs.com/hotjobs/955858/fiber-engineer-at-timeless-telecoms-limited.html,2026-09-12T21:59:25+00:00
64a8ded5e592bc5e,hotnigerianjobs,955841,Senior Backend Engineer (Remote) at NimbleByte Global,NimbleByte Global,NimbleByte Global is recruiting to fill the position of: Senior Backend Engineer. This is a remote job. Interested candidates should possess relevant qualifications with 8+ years of professional backend software engineering experience. Apply Now,,Nigeria,remote,Global,,Computer / AI / Technology / IT Services,,,,,,"Wed 09th Sep, 2026",,Software Development,https://www.hotnigerianjobs.com/hotjobs/955841/senior-backend-engineer-remote-at-nimblebyte-globa.html,2026-09-12T21:59:25+00:00
c79afd966b7697c9,hotnigerianjobs,955823,Service Desk Analyst at Unified Payment Services Limited,Unified Payment Services Limited,"Unified Payment Services Limited is recruiting to fill the position of: Service Desk Analyst. The position is located in Mainland, Lagos State. Interested candidates should possess an OND in Computer Science, Information Technology, Computer Engineering, Management Information Systems, or a related discipline with a minimum of 2 years' experience in IT service desk, technical support, help desk, or a related IT support role. Apply Now","Mainland, Lagos State",Nigeria,unknown,,,Computer / AI / Technology / IT Services,,,,,,"Wed 09th Sep, 2026",,IT Support & Networking,https://www.hotnigerianjobs.com/hotjobs/955823/service-desk-analyst-at-unified-payment-services-l.html,2026-09-12T21:59:25+00:00
60545cd989f9ef94,hotnigerianjobs,955831,"Head, PTSA Operations at Unified Payment Services Limited",Unified Payment Services Limited,"Unified Payment Services Limited is recruiting to fill the position of: Head, PTSA Operations. The position is located in Lagos State. Interested candidates should possess a First Degree in Accounting, Finance, Computer Science, Business Administration, or related disciplines with a minimum of 10 years experience in payment systems, POS operations, or electronic banking, with at least 3 years in a managerial role. Apply Now",Lagos State,Nigeria,unknown,,,Computer / AI / Technology / IT Services,,,,,,"Wed 09th Sep, 2026",,Other Tech,https://www.hotnigerianjobs.com/hotjobs/955831/head-ptsa-operations-at-unified-payment-services-l.html,2026-09-12T21:59:25+00:00
dc827752aa39a697,hotnigerianjobs,955837,UP Exchange Operations Officer at Unified Payment Services Limited,,UP Exchange Operations Officer at Unified Payment Services Limited,,Nigeria,unknown,,,Computer / AI / Technology / IT Services,,,,,,,,,https://www.hotnigerianjobs.com/hotjobs/955837/up-exchange-operations-officer-at-unified-payment.html,2026-09-12T21:59:25+00:00
e17b3333f7e1d47a,hotnigerianjobs,955762,Business Development Officer at Ibhamu Limited - 4 Openings,Ibhamu Limited,"Ibhamu Limited is recruiting to fill the position of: Business Development Officer. The position is located in Abuja (FCT), Lagos, Oyo and Rivers States. Interested candidates should possess a Bachelor’s Degree in Business Administration, Marketing, Computer Science, Information Technology, Engineering, or a related discipline; relevant certifications in IT sales or relationship management (e.g., ITIL, Certified Sales Professional) are an added advantage with 3 – 5 years of proven experience as a Business Development Officer/Executive, Sales Specialist, or Account Manager within the IT, Telecommunications, or Technology infrastructure space. Apply Now","Abuja (FCT), Lagos, Oyo and Rivers States",Nigeria,unknown,,,Computer / AI / Technology / IT Services,,,,,,"Wed 09th Sep, 2026",,Other Tech,https://www.hotnigerianjobs.com/hotjobs/955762/business-development-officer-at-ibhamu-limited-4-o.html,2026-09-12T21:59:25+00:00
9e6ca04027f2ce78,hotnigerianjobs,955677,Account Manager at OneVERIFY Limited,OneVERIFY Limited,"OneVERIFY Limited is recruiting to fill the position of: Account Manager. The position is located in Abuja (FCT). Interested candidates should possess a Bachelor’s Degree in Business Administration, Marketing, Finance, or a related field with a minimum of 5 years experience in account management, client relations, or customer success, preferably in tech, fintech, or SaaS companies. Apply Now",Abuja (FCT),Nigeria,unknown,,,Computer / AI / Technology / IT Services,,,,,,"Wed 09th Sep, 2026",,,https://www.hotnigerianjobs.com/hotjobs/955677/account-manager-at-oneverify-limited.html,2026-09-12T21:59:25+00:00
dee389d94c8138b5,hotnigerianjobs,955641,Survey & Network Design Engineer at Timeless Telecoms Limited,,Survey & Network Design Engineer at Timeless Telecoms Limited,,Nigeria,unknown,,,Computer / AI / Technology / IT Services,,,,,,,,Other Tech,https://www.hotnigerianjobs.com/hotjobs/955641/survey-network-design-engineer-at-timeless-telecom.html,2026-09-12T21:59:25+00:00
ec22dd46c80f6925,hotnigerianjobs,955611,Solution Area Specialists Manager - AI Business Solutions at Microsoft Nigeria,,Solution Area Specialists Manager - AI Business Solutions at Microsoft Nigeria,,Nigeria,unknown,,,Computer / AI / Technology / IT Services,,,,,,,,Data & AI,https://www.hotnigerianjobs.com/hotjobs/955611/solution-area-specialists-manager-ai-business-solu.html,2026-09-12T21:59:28+00:00
cac3e76ad1727d16,hotnigerianjobs,955582,Bave Design Studio Job Recruitment (7 Positions),Bave Design Studio,"Bave Design Studio is recruiting suitably qualified candidates to fill the following positions in Abuja and Lagos State: Chief Technology Officer / Head of Technology, General Business Manager, Senior Accountant (Retail), Internal Auditor, Ecommerce Manager, Business Operations & Personal Assistant, and E-commerce & Brand Growth Manager. Apply Now",Abuja and Lagos State,Nigeria,unknown,,,Computer / AI / Technology / IT Services,,,,,,"Wed 09th Sep, 2026",,,https://www.hotnigerianjobs.com/hotjobs/955582/bave-design-studio-job-recruitment-5-positions.html,2026-09-12T21:59:28+00:00
6bdffe925d436333,hotnigerianjobs,955581,Nutritionist at Applinet Technology,Applinet Technology,"Applinet Technology is recruiting on behalf of a reputable organization to fill the position of: Nutritionist. The position is located in Lagos State. Salary: N150,000 - N250,000 monthly. Interested candidates should possess a Bachelor's Degree, or, HND in Nutritional Science, Dietetics, or a relevant field. Apply Now",Lagos State,Nigeria,unknown,,,Computer / AI / Technology / IT Services,,,,"N150,000 - N250,000 monthly",,"Wed 09th Sep, 2026",,,https://www.hotnigerianjobs.com/hotjobs/955581/nutritionist-at-applinet-technology.html,2026-09-12T21:59:28+00:00
90bec2b036e90eea,hotnigerianjobs,955533,PC Place Nigeria Limited Job Recruitment (9 Positions),PC Place Nigeria Limited,"PC Place Nigeria Limited is recruiting suitable candidates to fill the following positions in Lagos State: Accountant; Online Sales / Telesales Officer; Telesales Executive; Software Developer, Sales Executive; Content Creator; B2B Sales Executive; and Front Desk Officer. Apply Now",Lagos State,Nigeria,unknown,,,Computer / AI / Technology / IT Services,,,,,,"Wed 09th Sep, 2026",,Software Development,https://www.hotnigerianjobs.com/hotjobs/955533/pc-place-nigeria-limited-job-recruitment-8-positio.html,2026-09-12T21:59:28+00:00
222f69c764cf8df2,hotnigerianjobs,955545,Medical Assistant at Applinet Technology (2 Openings),"Applinet Technology - Our client, a reputable organization","Applinet Technology - Our client, a reputable organization is recruiting to fill the position of: Medical Assistant. The position is located in Lagos and Ogun States. Salary: N150,000 - N300,000 monthly. Interested candidates should possess a Degree in Medical Assistance with proven working experience as a Medical Assistant or medical secretary. Apply Now",Lagos and Ogun States,Nigeria,unknown,,,Computer / AI / Technology / IT Services,,,,"N150,000 - N300,000 monthly",,"Wed 09th Sep, 2026",,,https://www.hotnigerianjobs.com/hotjobs/955545/medical-assistant-at-applinet-technology-2-opening.html,2026-09-12T21:59:28+00:00
54d5517cd6f568db,hotnigerianjobs,955462,Online Sales / Telesales Officers at PC Place Nigeria Limited,,Online Sales / Telesales Officers at PC Place Nigeria Limited,,Nigeria,unknown,,,Computer / AI / Technology / IT Services,,,,,,,,,https://www.hotnigerianjobs.com/hotjobs/955462/online-sales-telesales-officers-at-pc-place-nigeri.html,2026-09-12T21:59:28+00:00
b5417d756e22f65d,hotnigerianjobs,955288,Brand & Communications Officer at Innov8 Hub,Innov8 Hub,"Innov8 Hub is recruiting to fill the position of: Brand & Communications Officer. The position is located in Abuja (FCT). The Brand & Communications Officer will support the Brand Manager in implementing Innov8 Hub’s brand, communications, content and digital marketing activities. Interested candidates should possess relevant qualifications. Apply Now",Abuja (FCT),Nigeria,unknown,,,Computer / AI / Technology / IT Services,,,,,,"Wed 09th Sep, 2026",,,https://www.hotnigerianjobs.com/hotjobs/955288/brand-communications-officer-at-innov8-hub.html,2026-09-12T21:59:28+00:00
5ebb091ee7cc531e,hotnigerianjobs,955384,Lease Officer (Vehicle Lease) at Concept Nova - Hybrid,Concept Nova,"Concept Nova is recruiting to fill the position of: Lease Officer (Vehicle Lease). This is a Hybrid role in Lagos State. Interested candidates should possess a BSc Degree in Business Administration, Marketing, or related fields, with proven work experience as a Lease Officer. Apply Now",,Nigeria,hybrid,,,Computer / AI / Technology / IT Services,,,,,,"Wed 09th Sep, 2026",,,https://www.hotnigerianjobs.com/hotjobs/955384/lease-officer-vehicle-lease-at-concept-nova-hybrid.html,2026-09-12T21:59:28+00:00
76c95970607a1fc8,hotnigerianjobs,955292,Senior Systems Administrator (Managed Enterprise) / Senior IT Support Engineer at Jireh Technologies Limited,,Senior Systems Administrator (Managed Enterprise) / Senior IT Support Engineer at Jireh Technologies Limited,,Nigeria,unknown,,,Computer / AI / Technology / IT Services,,,,,,,,IT Support & Networking,https://www.hotnigerianjobs.com/hotjobs/955292/senior-systems-administrator-managed-enterprise-se.html,2026-09-12T21:59:28+00:00
f878a4dd36e8cd63,hotnigerianjobs,955245,Project Manager - Financial Institution at Strivo Labs,Strivo Labs,"Strivo Labs is recruiting to fill the position of: Project Manager - Financial Institution. The position is located in Ikeja, Lagos State. Salary: N600,000 - N700,000 per month. Interested candidates should possess a Bachelor’s Degree in Business Administration, Management, Computer Science, Information Technology, Engineering, or a related field with 4–7 years of proven project management experience. Apply Now","Ikeja, Lagos State",Nigeria,unknown,,,Computer / AI / Technology / IT Services,,,,"N600,000 - N700,000 per month",,"Wed 09th Sep, 2026",,Other Tech,https://www.hotnigerianjobs.com/hotjobs/955245/project-manager-financial-institution-at-strivo-la.html,2026-09-12T21:59:28+00:00
5761793a4342bc72,hotnigerianjobs,955276,Backend Developer at Zhongxin Network Technology Company Limited,,Backend Developer at Zhongxin Network Technology Company Limited,,Nigeria,unknown,,,Computer / AI / Technology / IT Services,,,,,,,,Software Development,https://www.hotnigerianjobs.com/hotjobs/955276/backend-developer-at-zhongxin-network-technology-c.html,2026-09-12T21:59:28+00:00
ab7237a6573e1772,hotnigerianjobs,955261,QA Automation Engineer (N8N) at Strivo Labs,Strivo Labs,Strivo Labs is recruiting to fill the position of: QA Automation Engineer (N8N). The position is located in Lagos State. Interested candidates should possess relevant qualifications with 3+ years of QA experience. Apply Now,Lagos State,Nigeria,unknown,,,Computer / AI / Technology / IT Services,,,,,,"Wed 09th Sep, 2026",,Other Tech,https://www.hotnigerianjobs.com/hotjobs/955261/qa-automation-engineer-n8n-at-strivo-labs.html,2026-09-12T21:59:28+00:00
9520a30cf7073973,hotnigerianjobs,955194,IT Sales Officer at Global Concept Emerge Technologies Limited,,IT Sales Officer at Global Concept Emerge Technologies Limited,,Nigeria,unknown,,,Computer / AI / Technology / IT Services,,,,,,,,,https://www.hotnigerianjobs.com/hotjobs/955194/it-sales-officer-at-global-concept-emerge-technolo.html,2026-09-12T21:59:28+00:00
f49d6360dd0e98fe,hotnigerianjobs,955121,Senior SQL Developer (Financial Systems) at Charisol Limited - Remote,,Senior SQL Developer (Financial Systems) at Charisol Limited - Remote,,Nigeria,remote,Country-only,,Computer / AI / Technology / IT Services,,,,,,,,Software Development,https://www.hotnigerianjobs.com/hotjobs/955121/senior-sql-developer-financial-systems-at-charisol.html,2026-09-12T21:59:28+00:00
4b7f43473dd9b818,hotnigerianjobs,955089,Project Zonal Coordinator (Hybrid) at Krystal Digital - 6 Openings,,Project Zonal Coordinator (Hybrid) at Krystal Digital - 6 Openings,,Nigeria,hybrid,,,Computer / AI / Technology / IT Services,,,,,,,,,https://www.hotnigerianjobs.com/hotjobs/955089/project-zonal-coordinator-hybrid-at-krystal-digita.html,2026-09-12T21:59:28+00:00
4b596f717f74e8f6,hotnigerianjobs,955088,Portal Data Administrator (Hybrid) at Krystal Digital,Krystal Digital,"Krystal Digital is recruiting to fill the position of: Portal Data Administrator. The position is located in Lagos State (Hybrid). Salary: N120,000 monthly. Interested candidates should possess a Bachelor’s Degree or HND in any field with 1 – 2 years of relevant experience. Internships and NYSC experience are welcome. Apply Now",Lagos State (Hybrid),Nigeria,hybrid,,,Computer / AI / Technology / IT Services,,,,"N120,000 monthly",,"Tue 08th Sep, 2026",,Other Tech,https://www.hotnigerianjobs.com/hotjobs/955088/portal-data-administrator-hybrid-at-krystal-digita.html,2026-09-12T21:59:28+00:00
6c83ba7654533a53,hotnigerianjobs,955103,IT Horizons Limited Job Recruitment (7 Positions),IT Horizons Limited,"IT Horizons Limited is recruiting suitably qualified candidates to fill the following positions in Lagos State: Head - Brand, Marketing & Communications; Male Finance Officer; Head of Engineering; Product Manager – Cross-Border Payments & Remittance; IT Infrastructure Engineer; Business Strategy Officer; and Senior Growth & Partnership Manager. Apply Now",Lagos State,Nigeria,unknown,,,Computer / AI / Technology / IT Services,,,,,,"Tue 08th Sep, 2026",,Product & Design,https://www.hotnigerianjobs.com/hotjobs/955103/it-horizons-limited-job-recruitment-7-positions.html,2026-09-12T21:59:28+00:00
93a5612bbfc71fab,hotnigerianjobs,955090,Krystal Digital Job Recruitment (3 Positions),Krystal Digital,"Krystal Digital is recruiting suitably qualified candidates to fill the following positions in Lagos State: Project Zonal Coordinator, Portal Data Administrator, and Quality Assurance (QA) Engineer. Apply Now",Lagos State,Nigeria,unknown,,,Computer / AI / Technology / IT Services,,,,,,"Tue 08th Sep, 2026",,QA & Testing,https://www.hotnigerianjobs.com/hotjobs/955090/krystal-digital-job-recruitment-3-positions.html,2026-09-12T21:59:28+00:00
629aa008f110b902,hotnigerianjobs,955044,Product Manager at SterlingPRO Business Application Limited,SterlingPRO Business Application Limited,"SterlingPRO Business Application Limited is recruiting to fill the position of: Product Manager. The position is located in Maryland (Mende), Lagos State. Interested candidates should possess a B.Sc Degree with relevant years of experience in Product Management particularly in Fintech Industry with 5-10 years experience. Apply Now","Maryland (Mende), Lagos State",Nigeria,unknown,,,Computer / AI / Technology / IT Services,,,,,,"Tue 08th Sep, 2026",,Product & Design,https://www.hotnigerianjobs.com/hotjobs/955044/product-manager-at-sterlingpro-business-applicatio.html,2026-09-12T21:59:28+00:00
7f4478f690e35c4c,hotnigerianjobs,954989,Male Finance Officer at IT Horizons Limited,IT Horizons Limited,IT Horizons Limited is recruiting to fill the position of: Male Finance Officer. The position is located in Lagos State. Interested candidates should possess minimum of a first Degree in Finance / Accounting / Business Administration / Economics or any related discipline with a minimum of four (4) years cognate experience in the IT industry or a similar organization. Apply Now,Lagos State,Nigeria,unknown,,,Computer / AI / Technology / IT Services,,,,,,"Tue 08th Sep, 2026",,,https://www.hotnigerianjobs.com/hotjobs/954989/male-finance-officer-at-it-horizons-limited.html,2026-09-12T21:59:28+00:00
9b894d96fe5b970f,hotnigerianjobs,954801,AI Automation Course Instructor at HiiT Plc,HiiT Plc,"HiiT Plc is recruiting to fill the position of: AI Automation Course Instructor. The position is located in Lagos State. Interested candidates should possess a First Degree in Computer Science, Information Technology, Engineering, Data Science, or a closely related discipline (or equivalent practical experience) with Experience designing and delivering technical training, workshops, or courses, preferably in AI, automation, data science, or related fields. Apply Now",Lagos State,Nigeria,unknown,,,Computer / AI / Technology / IT Services,,,,,,"Tue 08th Sep, 2026",,Data & AI,https://www.hotnigerianjobs.com/hotjobs/954801/ai-automation-course-instructor-at-hiit-plc.html,2026-09-12T21:59:28+00:00
8c0a7c0c4d1a107e,hotnigerianjobs,954772,Lease Officer (Vehicle Lease) at Concept Nova,Concept Nova,"Concept Nova is recruiting to fill the position of: Lease Officer (Vehicle Lease). This is a hybrid position in Lagos State. Interested candidates should possess a BSc Degree in Business Administration, Marketing, or related fields, with proven work experience as a Lease Officer. Apply Now",,Nigeria,hybrid,,,Computer / AI / Technology / IT Services,,,,,,"Tue 08th Sep, 2026",,,https://www.hotnigerianjobs.com/hotjobs/954772/lease-officer-vehicle-lease-at-concept-nova.html,2026-09-12T21:59:28+00:00
9c0bed486fcd3104,hotnigerianjobs,954669,Fitness Trainer at a Reputable Company - Applinet Technology,,Fitness Trainer at a Reputable Company - Applinet Technology,,Nigeria,unknown,,,Computer / AI / Technology / IT Services,,,,,,,,,https://www.hotnigerianjobs.com/hotjobs/954669/fitness-trainer-at-a-reputable-company-applinet-te.html,2026-09-12T21:59:28+00:00
2ae523e89132957d,hotnigerianjobs,954523,Business Analyst Intern (Hybrid) at erpSoftapp,erpSoftapp,"erpSoftapp is recruiting to fill the position of: Business Analyst Intern. This is a Hybrid position in Yaba, Lagos State. Salary: N60,000 - N90,000 monthly. Interested candidates should currently be pursuing or recently completed a Degree in Business Administration, Economics, Finance, Information Technology, Computer Science, or a related field. Apply Now","Yaba, Lagos State. Salary",Nigeria,hybrid,,,Computer / AI / Technology / IT Services,,,,"N60,000 - N90,000 monthly",,"Tue 08th Sep, 2026",,Other Tech,https://www.hotnigerianjobs.com/hotjobs/954523/business-analyst-intern-at-erpsoftapp-hybrid.html,2026-09-12T21:59:28+00:00
7ea6295e4408178f,hotnigerianjobs,954427,Uleval Technology Job Recruitment (3 Positions),,"Uleval Technology is currently recruiting suitably qualified candidates to fill the following positions in Lagos State: Housekeeper, Arcade Game Attendant and Hotel Supervisor. Apply Now",Lagos State,Nigeria,unknown,,,Computer / AI / Technology / IT Services,,,,,,"Tue 08th Sep, 2026",,,https://www.hotnigerianjobs.com/hotjobs/954427/uleval-technology-job-recruitment-3-positions.html,2026-09-12T21:59:28+00:00
d27ea7d809eba759,hotnigerianjobs,954460,Quality Assurance (QA) Engineer at Krystal Digital,Krystal Digital,"Krystal Digital is recruiting to fill the position of: Quality Assurance (QA) Engineer. This is a Hybrid role in Wuse Zone 7, Abuja (FCT). Interested candidates should possess a Bachelor's Degree with 2 to 4 years of professional experience in Quality Assurance or Software Testing. Apply Now",,Nigeria,hybrid,,,Computer / AI / Technology / IT Services,,,,,,"Tue 08th Sep, 2026",,QA & Testing,https://www.hotnigerianjobs.com/hotjobs/954460/quality-assurance-qa-engineer-at-krystal-digital.html,2026-09-12T21:59:28+00:00
83acbf36bc93b015,hotnigerianjobs,954404,eHealth4everyone Internship & Exp. Job Recruitment (4 Positions),,eHealth4everyone Internship & Exp. Job Recruitment (4 Positions),,Nigeria,unknown,,,Computer / AI / Technology / IT Services,,,,,,,,,https://www.hotnigerianjobs.com/hotjobs/954404/ehealth4everyone-job-recruitment-4-positions.html,2026-09-12T21:59:28+00:00
9ba8099bda42f4ce,hotnigerianjobs,954272,Logistics Officer at a Reputable Fintech Company - TeamAce Limited,,Logistics Officer at a Reputable Fintech Company - TeamAce Limited,,Nigeria,unknown,,,Computer / AI / Technology / IT Services,,,,,,,,,https://www.hotnigerianjobs.com/hotjobs/954272/logistics-officer-at-a-reputable-fintech-company-t.html,2026-09-12T21:59:28+00:00
33c75cd48bb4d144,hotnigerianjobs,954249,Housekeeper at Uleval Technology,Uleval Technology,Uleval Technology is recruiting to fill the position of: Housekeeper. The position is located in Ikeja Lagos State. Interested candidates should possess relevant qualifications with experience. Apply Now,Ikeja Lagos State,Nigeria,unknown,,,Computer / AI / Technology / IT Services,,,,,,"Tue 08th Sep, 2026",,,https://www.hotnigerianjobs.com/hotjobs/954249/housekeeper-at-uleval-technology.html,2026-09-12T21:59:28+00:00
10d8bd6c8d609fad,hotnigerianjobs,954246,AI Video Creation Intern at eHealth4everyone,eHealth4everyone,"eHealth4everyone is recruiting to fill the position of: AI Video Creation Intern. The position is located in Abuja (FCT). Interested candidates should possess relevant qualifications, have basic experience using AI tools to create videos, and be creative and interested in video content creation. Apply Now",Abuja (FCT),Nigeria,unknown,,,Computer / AI / Technology / IT Services,,,,,,"Tue 08th Sep, 2026",,Data & AI,https://www.hotnigerianjobs.com/hotjobs/954246/ai-video-creation-intern-at-ehealth4everyone.html,2026-09-12T21:59:28+00:00
14d92e782fc2d330,hotnigerianjobs,954244,Arcade Game Attendants at Uleval Technology,Uleval Technology,"Uleval Technology is recruiting to fill the position of: Arcade Game Attendant. The position is located in Ikeja, Lagos State. Interested candidates should possess a High School Diploma or equivalent with 2-5 years of experience. Applicants should reside in the Ikeja, Oshodi, or Maryland axis. Apply Now","Ikeja, Lagos State",Nigeria,unknown,,,Computer / AI / Technology / IT Services,,,,,,"Tue 08th Sep, 2026",,,https://www.hotnigerianjobs.com/hotjobs/954244/arcade-game-attendants-at-uleval-technology.html,2026-09-12T21:59:28+00:00
1022107ca68549f4,hotnigerianjobs,954228,Hotel Supervisor at Uleval Technology,Uleval Technology,"Uleval Technology is recruiting to fill the position of: Hotel Supervisor. The position is located in Oshodi, Lagos State. Interested candidates should possess a High school diploma; a degree in hospitality management is a plus, and Willingness to work varied shifts, including weekends and holidays. Apply Now","Oshodi, Lagos State",Nigeria,unknown,,,Computer / AI / Technology / IT Services,,,,,,"Tue 08th Sep, 2026",,,https://www.hotnigerianjobs.com/hotjobs/954228/hotel-supervisor-at-uleval-technology.html,2026-09-12T21:59:28+00:00
6b443861736d6852,hotnigerianjobs,954191,"Head, Brand, Marketing & Communications at IT Horizons Limited",,"Head, Brand, Marketing & Communications at IT Horizons Limited",,Nigeria,unknown,,,Computer / AI / Technology / IT Services,,,,,,,,,https://www.hotnigerianjobs.com/hotjobs/954191/head-brand-marketing-communications-at-it-horizons.html,2026-09-12T21:59:28+00:00
d3998cc8223151d9,hotnigerianjobs,954156,Web Developer & IT Systems Administrator at Primly Premium Solutions Limited,,Web Developer & IT Systems Administrator at Primly Premium Solutions Limited,,Nigeria,unknown,,,Computer / AI / Technology / IT Services,,,,,,,,Software Development,https://www.hotnigerianjobs.com/hotjobs/954156/web-developer-it-systems-administrator-at-primly-p.html,2026-09-12T21:59:28+00:00
20644e2a352765a3,hotnigerianjobs,954005,Graduate Trainee - Sales at Tranter IT Infrastructure Services Limited,,Graduate Trainee - Sales at Tranter IT Infrastructure Services Limited,,Nigeria,unknown,,,Computer / AI / Technology / IT Services,,,,,,,,,https://www.hotnigerianjobs.com/hotjobs/954005/graduate-trainee-sales-at-tranter-it-infrastructur.html,2026-09-12T21:59:28+00:00
46da70a9c345f42e,hotnigerianjobs,953965,Driver at Whassan Nigeria Limited,Whassan Nigeria Limited,"Whassan Nigeria Limited is recruiting to fill the position of: Driver. The position is located in Victoria Island, Lagos State. Salary: N200,000 - N250,000 monthly. The candidate must live within the Island, well detailed, coordinated and a clean person. Interested candidates should possess relevant qualifications and experience. Apply Now","Victoria Island, Lagos State",Nigeria,unknown,,,Computer / AI / Technology / IT Services,,,,"N200,000 - N250,000 monthly",,"Mon 07th Sep, 2026",,Other Tech,https://www.hotnigerianjobs.com/hotjobs/953965/driver-at-whassan-nigeria-limited.html,2026-09-12T21:59:28+00:00
fb66d3c47622f035,hotnigerianjobs,954003,Sales & Marketing Representative at Process Pro Tech Enterprises (2 Openings),,Sales & Marketing Representative at Process Pro Tech Enterprises (2 Openings),,Nigeria,unknown,,,Computer / AI / Technology / IT Services,,,,,,,,Other Tech,https://www.hotnigerianjobs.com/hotjobs/954003/sales-marketing-representative-at-process-pro-tech.html,2026-09-12T21:59:28+00:00
200c4a9e0f26d016,hotnigerianjobs,953949,Technical Product Manager (Presales) at Ouranos Technologies,,Technical Product Manager (Presales) at Ouranos Technologies,,Nigeria,unknown,,,Computer / AI / Technology / IT Services,,,,,,,,Product & Design,https://www.hotnigerianjobs.com/hotjobs/953949/technical-product-manager-presales-at-ouranos-tech.html,2026-09-12T21:59:28+00:00
5b93c57fd2d6d47d,hotnigerianjobs,953918,Customer Service Representative at Compovine Technologies Limited,,Customer Service Representative at Compovine Technologies Limited,,Nigeria,unknown,,,Computer / AI / Technology / IT Services,,,,,,,,,https://www.hotnigerianjobs.com/hotjobs/953918/customer-service-representative-at-compovine-techn.html,2026-09-12T21:59:28+00:00
d298695c04c8c8d2,hotnigerianjobs,953915,Inventory & Warehouse Assistant at Maxitech Global Investment Limited,,Inventory & Warehouse Assistant at Maxitech Global Investment Limited,,Nigeria,unknown,,,Computer / AI / Technology / IT Services,,,,,,,,,https://www.hotnigerianjobs.com/hotjobs/953915/inventory-warehouse-assistant-at-maxitech-global-i.html,2026-09-12T21:59:28+00:00
aa3b61f918e6db19,hotnigerianjobs,953930,Vehicle Maintenance Officer at Compovine Technologies Limited,,Vehicle Maintenance Officer at Compovine Technologies Limited,,Nigeria,unknown,,,Computer / AI / Technology / IT Services,,,,,,,,,https://www.hotnigerianjobs.com/hotjobs/953930/vehicle-maintenance-officer-at-compovine-technolog.html,2026-09-12T21:59:28+00:00
aed0e7a06204b3f6,hotnigerianjobs,953860,Corporately Lucid Remote Job Recruitment (4 Positions),Corporately Lucid,"Corporately Lucid is recruiting suitably qualified candidates to fill the following positions: Video Editor / 2D Animator, Content Developer, Graphic Designer, and Web Developer. Apply Now",,Nigeria,remote,Country-only,,Computer / AI / Technology / IT Services,,,,,,"Mon 07th Sep, 2026",,Software Development,https://www.hotnigerianjobs.com/hotjobs/953860/corporately-lucid-remote-job-recruitment-4-positio.html,2026-09-12T21:59:28+00:00
853f035dd2117733,hotnigerianjobs,953837,Female Office Help / Secretary at Stoma Energy Solution,Stoma Energy Solution,"Stoma Energy Solution is recruiting to fill the position of: Female Office Help / Secretary. The position is located in Uyo, Akwa Ibom State. Salary: N50,000 - N70,000 / month. Interested candidates should have a good working experience, good communication skills and age 25 - 30 years is preferred. Apply Now","Uyo, Akwa Ibom State",Nigeria,unknown,,,Computer / AI / Technology / IT Services,,,,"N50,000 - N70,000 / month",,"Mon 07th Sep, 2026",,,https://www.hotnigerianjobs.com/hotjobs/953837/female-office-help-secretary-at-stoma-energy-solut.html,2026-09-12T21:59:28+00:00
c1e0ec7258a64d7c,hotnigerianjobs,953768,Human Resource Lead at Sambus Geospatial Limited,Sambus Geospatial Limited,"Sambus Geospatial Limited is recruiting to fill the position of: Human Resource Lead. The position is located in Victoria Island, Lagos State. Salary: N350,000 - N400,000 monthly. Interested candidates should possess a Degree with 4 - 5 years experience. Apply Now","Victoria Island, Lagos State",Nigeria,unknown,,,Computer / AI / Technology / IT Services,,,,"N350,000 - N400,000 monthly",,"Mon 07th Sep, 2026",,Other Tech,https://www.hotnigerianjobs.com/hotjobs/953768/human-resource-lead-at-sambus-geospatial-limited.html,2026-09-12T21:59:28+00:00
068f9d36fbcb1faa,hotnigerianjobs,953766,Junior Accountant / Credit Control Officer at Alphacom,Alphacom,"Alphacom is recruiting to fill the position of: Junior Accountant / Credit Control Officer. The position is located in Computer Village, Ikeja, Lagos State. Salary: N150,000 Monthly. Interested candidates should possess an OND, HND, or Bachelor’s Degree in Accounting, Finance, or a related field, with 1–3 years of relevant experience in accounting, bookkeeping, credit control, accounts receivable, or a similar role as an advantage. Fresh graduates are also encouraged to apply, and Applicants must be 28 years old or younger at the time of application. Apply Now","Computer Village, Ikeja, Lagos State",Nigeria,unknown,,,Computer / AI / Technology / IT Services,,,,"N150,000 Monthly",,"Mon 07th Sep, 2026",,,https://www.hotnigerianjobs.com/hotjobs/953766/junior-accountant-credit-control-officer-at-alphac.html,2026-09-12T21:59:28+00:00
ef32e8f9475bd266,hotnigerianjobs,953754,Compovine Technologies Limited (7 Positions),Compovine Technologies Limited,"Compovine Technologies Limited is recruiting suitably qualified candidates to fill the following positions in Lagos State: Marketing Officer, Head of Marketing, Human Resources Officer, Human Resources Manager, Accountant, Account Clerk and Account Officer. Apply Now",Lagos State,Nigeria,unknown,,,Computer / AI / Technology / IT Services,,,,,,"Mon 07th Sep, 2026",,,https://www.hotnigerianjobs.com/hotjobs/953754/compovine-technologies-limited-7-positions.html,2026-09-12T21:59:28+00:00
0a675e51d0328aba,hotnigerianjobs,953738,Video Editor / 2D Animator (Remote) at Corporately Lucid,Corporately Lucid,"Corporately Lucid is recruiting to fill the position of: Video Editor / 2D Animator. This is a remote job. Interested candidates should possess a Bachelor's Degree with proven experience as a video editor and a strong portfolio/showreel with demonstrated 2D animation skills (character animation, kinetic typography, motion graphics). Apply Now",,Nigeria,remote,Country-only,,Computer / AI / Technology / IT Services,,,,,,"Mon 07th Sep, 2026",,,https://www.hotnigerianjobs.com/hotjobs/953738/video-editor-2d-animator-remote-at-corporately-luc.html,2026-09-12T21:59:28+00:00
38d8d976773f7bb3,hotnigerianjobs,953736,Content Developer (Remote) at Corporately Lucid,Corporately Lucid,Corporately Lucid is recruiting to fill the position of: Content Developer. This is a remote role. Interested candidates should possess relevant qualifications with experience. Apply Now,,Nigeria,remote,Country-only,,Computer / AI / Technology / IT Services,,,,,,"Mon 07th Sep, 2026",,Software Development,https://www.hotnigerianjobs.com/hotjobs/953736/content-developer-remote-at-corporately-lucid.html,2026-09-12T21:59:28+00:00
c488f942ed76c737,hotnigerianjobs,953661,Executive Assistant (DMAS) at Unified Payment Services Limited - Victoria Island,,Executive Assistant (DMAS) at Unified Payment Services Limited - Victoria Island,,Nigeria,unknown,,,Computer / AI / Technology / IT Services,,,,,,,,Other Tech,https://www.hotnigerianjobs.com/hotjobs/953661/executive-assistant-dmas-at-unified-payment-servic.html,2026-09-12T21:59:28+00:00
dbc3a1549b6390e8,hotnigerianjobs,953663,Executive Assistant (DCS) at Unified Payment Services Limited - Ilupeju,,Executive Assistant (DCS) at Unified Payment Services Limited - Ilupeju,,Nigeria,unknown,,,Computer / AI / Technology / IT Services,,,,,,,,,https://www.hotnigerianjobs.com/hotjobs/953663/executive-assistant-dcs-at-unified-payment-service.html,2026-09-12T21:59:28+00:00
3e09b62cb5d52ca7,hotnigerianjobs,953589,Social Media Manager / Ads Strategist at Lance Trend Limited,,Social Media Manager / Ads Strategist at Lance Trend Limited,,Nigeria,unknown,,,Computer / AI / Technology / IT Services,,,,,,,,,https://www.hotnigerianjobs.com/hotjobs/953589/social-media-manager-ads-strategist-at-lance-trend.html,2026-09-12T21:59:31+00:00
09ac109d03f3824d,hotnigerianjobs,953575,Account Clerk at Compovine Technologies Limited,Compovine Technologies Limited,"Compovine Technologies Limited is recruiting to fill the position of: Account Clerk. The position is located in Ikeja, Lagos State. Interested candidates should possess relevant qualifications and experience. Apply Now","Ikeja, Lagos State",Nigeria,unknown,,,Computer / AI / Technology / IT Services,,,,,,"Mon 07th Sep, 2026",,,https://www.hotnigerianjobs.com/hotjobs/953575/account-clerk-at-compovine-technologies-limited.html,2026-09-12T21:59:31+00:00
b40e522fb346df68,hotnigerianjobs,953524,Field Sales Agent at Strivo Labs,Strivo Labs,"Strivo Labs is recruiting to fill the position of: Field Sales Agent. The position is located in Abuja and Nasarawa State. Interested candidates should possess a Bachelor’s Degree or HND in Business Administration, Marketing, Economics, or a related field with proven experience in field sales or a similar sales supervisory capacity. Apply Now",Abuja and Nasarawa State,Nigeria,unknown,,,Computer / AI / Technology / IT Services,,,,,,"Mon 07th Sep, 2026",,,https://www.hotnigerianjobs.com/hotjobs/953524/field-sales-agent-at-strivo-labs.html,2026-09-12T21:59:31+00:00
8040ff1dbe834d42,hotnigerianjobs,953511,Account Officer at Compovine Technologies Limited,Compovine Technologies Limited,"Compovine Technologies Limited is recruiting to fill the position of: Account Officer. The position is located in Ikeja, Lagos State. Interested candidates should possess relevant qualifications and experience. Apply Now","Ikeja, Lagos State",Nigeria,unknown,,,Computer / AI / Technology / IT Services,,,,,,"Mon 07th Sep, 2026",,,https://www.hotnigerianjobs.com/hotjobs/953511/account-officer-at-compovine-technologies-limited.html,2026-09-12T21:59:31+00:00
3571a8c643817bb1,hotnigerianjobs,953502,Human Resources Manager at Compovine Technologies Limited,Compovine Technologies Limited,"Compovine Technologies Limited is recruiting to fill the position of: Human Resources Manager. The position is located in Ikeja, Lagos State. Interested candidates should possess an HND / Bachelor's Degree or HND with 5-15 years experience. Apply Now","Ikeja, Lagos State",Nigeria,unknown,,,Computer / AI / Technology / IT Services,,,,,,"Mon 07th Sep, 2026",,,https://www.hotnigerianjobs.com/hotjobs/953502/human-resources-manager-at-compovine-technologies.html,2026-09-12T21:59:31+00:00
a7ea62b93f870abc,hotnigerianjobs,953501,Human Resources Officer at Compovine Technologies Limited,Compovine Technologies Limited,"Compovine Technologies Limited is recruiting to fill the position of: Human Resources Officer. The position is located in Ikeja, Lagos State. Interested candidates should possess relevant qualifications and experience. Apply Now","Ikeja, Lagos State",Nigeria,unknown,,,Computer / AI / Technology / IT Services,,,,,,"Mon 07th Sep, 2026",,,https://www.hotnigerianjobs.com/hotjobs/953501/human-resources-officer-at-compovine-technologies.html,2026-09-12T21:59:31+00:00
e7026e3ddc1f93ed,hotnigerianjobs,953481,Head of Marketing at Compovine Technologies Limited - 3 Openings,,Head of Marketing at Compovine Technologies Limited - 3 Openings,,Nigeria,unknown,,,Computer / AI / Technology / IT Services,,,,,,,,,https://www.hotnigerianjobs.com/hotjobs/953481/head-of-marketing-at-compovine-technologies-limite.html,2026-09-12T21:59:31+00:00
edd0bfcb80cd51f9,hotnigerianjobs,953451,Marketing Officer at Compovine Technologies Limited,Compovine Technologies Limited,"Compovine Technologies Limited is recruiting to fill the position of: Marketing Officer. The position is located in Ikeja - Lagos, Ibadan - Oyo and Enugu States. Interested candidates should possess relevant qualifications and experience. Apply Now","Ikeja - Lagos, Ibadan - Oyo and Enugu States",Nigeria,unknown,,,Computer / AI / Technology / IT Services,,,,,,"Mon 07th Sep, 2026",,,https://www.hotnigerianjobs.com/hotjobs/953451/marketing-officer-at-compovine-technologies-limite.html,2026-09-12T21:59:31+00:00
1654f4c185a9cc03,hotnigerianjobs,953547,Unified Payment Services Limited Job Recruitment (40 Positions),,Unified Payment Services Limited Job Recruitment (40 Positions),,Nigeria,unknown,,,Computer / AI / Technology / IT Services,,,,,,,,,https://www.hotnigerianjobs.com/hotjobs/953547/unified-payment-services-limited-job-recruitment-3.html,2026-09-12T21:59:31+00:00
9582568b8e8a50cb,hotnigerianjobs,953506,Accountant at Compovine Technologies Limited,Compovine Technologies Limited,"Compovine Technologies Limited is recruiting to fill the position of: Accountant. The position is located in Ikeja, Lagos State. Interested candidates should possess relevant qualifications with experience. Apply Now","Ikeja, Lagos State",Nigeria,unknown,,,Computer / AI / Technology / IT Services,,,,,,"Mon 07th Sep, 2026",,,https://www.hotnigerianjobs.com/hotjobs/953506/accountant-at-compovine-technologies-limited.html,2026-09-12T21:59:31+00:00
12ae474d6a2e5afe,hotnigerianjobs,953433,Commercial Analytics & Customer Growth Consultant at Ascentech Services Limited,,Commercial Analytics & Customer Growth Consultant at Ascentech Services Limited,,Nigeria,unknown,,,Computer / AI / Technology / IT Services,,,,,,,,,https://www.hotnigerianjobs.com/hotjobs/953433/commercial-analytics-customer-growth-consultant-at.html,2026-09-12T21:59:31+00:00
eab599220a0b1469,hotnigerianjobs,953448,Dietary Aide at Applinet Technology,Applinet Technology - Our client,"Applinet Technology - Our client is recruiting to fill the position of: Dietary Aide. The position is located in Lagos State. Salary: N150,000 - N250,000 monthly. Interested candidates should possess a relevant qualification with Proven experience as a dietary aide. Apply Now",Lagos State,Nigeria,unknown,,,Computer / AI / Technology / IT Services,,,,"N150,000 - N250,000 monthly",,"Mon 07th Sep, 2026",,,https://www.hotnigerianjobs.com/hotjobs/953448/dietary-aide-at-a-reputable-organization-applinet.html,2026-09-12T21:59:31+00:00
d0de9a72a386bb57,hotnigerianjobs,953514,"Head, Merchant Services at Unified Payment Services Limited",Unified Payment Services Limited,"Unified Payment Services Limited is recruiting to fill the position of: Head, Merchant Services. The position is located in Ilupeju, Lagos State. Interested candidates should possess a Bachelor’s Degree in Business Administration, Finance, Marketing, Economics, or a related field (MBA or advanced Degree is a plus) with a minimum of 10 years of relevant experience in fintech, banking, or payments—with at least 3 years in a senior or departmental leadership role (post-NYSC experience). Apply Now","Ilupeju, Lagos State",Nigeria,unknown,,,Computer / AI / Technology / IT Services,,,,,,"Mon 07th Sep, 2026",,,https://www.hotnigerianjobs.com/hotjobs/953514/head-merchant-services-at-unified-payment-services.html,2026-09-12T21:59:31+00:00
5624dc261d3044e1,hotnigerianjobs,953507,B2B Wholesale Account Manager (Remote) at Builden Remote Support,,B2B Wholesale Account Manager (Remote) at Builden Remote Support,,Nigeria,remote,Country-only,,Computer / AI / Technology / IT Services,,,,,,,,,https://www.hotnigerianjobs.com/hotjobs/953507/b2b-wholesale-account-manager-remote-at-builden-re.html,2026-09-12T21:59:31+00:00
f985fc2835d56bbd,hotnigerianjobs,953491,"Head, Admin at Unified Payment Services Limited",Unified Payment Services Limited,"Unified Payment Services Limited is recruiting to fill the position of: Head, Admin. The position is located in Ilupeju, Lagos State. Interested candidates should possess a B.Sc / HND in a Social Science, Business Administration, or a related field with a minimum of 10 years’ experience in administration. Apply Now","Ilupeju, Lagos State",Nigeria,unknown,,,Computer / AI / Technology / IT Services,,,,,,"Mon 07th Sep, 2026",,,https://www.hotnigerianjobs.com/hotjobs/953491/head-admin-at-unified-payment-services-limited.html,2026-09-12T21:59:31+00:00
33b637125f31f896,hotnigerianjobs,953365,Software Engineer Instructor at APTECH Computer Education,APTECH Computer Education,"APTECH Computer Education is recruiting to fill the position of: Software Engineer Instructor. The position is located in Maryland, Lagos State. Interested candidates should possess a minimum of Bachelor's Degree or HND qualification in Computer Science, Information Technology, Computer Engineering, or any related field with a minimum of 2 years of teaching or training experience or equivalent industry experience in Software Engineering etc. Apply Now","Maryland, Lagos State",Nigeria,unknown,,,Computer / AI / Technology / IT Services,,,,,,"Mon 07th Sep, 2026",,Software Development,https://www.hotnigerianjobs.com/hotjobs/953365/software-engineer-instructor-at-aptech-computer-ed.html,2026-09-12T21:59:31+00:00
20476c2444cfd532,hotnigerianjobs,953362,Networking & Cyber Security Instructor at APTECH Computer Education,,Networking & Cyber Security Instructor at APTECH Computer Education,,Nigeria,unknown,,,Computer / AI / Technology / IT Services,,,,,,,,,https://www.hotnigerianjobs.com/hotjobs/953362/networking-cyber-security-instructor-at-aptech-com.html,2026-09-12T21:59:31+00:00
e02e4d73453d60fe,hotnigerianjobs,953354,Front Desk / Administrative Assistant at Seedbuilders Innovation Hub,,Front Desk / Administrative Assistant at Seedbuilders Innovation Hub,,Nigeria,unknown,,,Computer / AI / Technology / IT Services,,,,,,,,,https://www.hotnigerianjobs.com/hotjobs/953354/front-desk-administrative-assistant-at-seedbuilder.html,2026-09-12T21:59:31+00:00
80b7807b82d6c6ee,hotnigerianjobs,953342,"Group Managing Director / Executive Manager at a Fast-growing, Diversified Business Group - Saint Tee's Empire",,"Group Managing Director / Executive Manager at a Fast-growing, Diversified Business Group - Saint Tee's Empire",,Nigeria,unknown,,,Computer / AI / Technology / IT Services,,,,,,,,,https://www.hotnigerianjobs.com/hotjobs/953342/group-managing-director-executive-manager-at-a-fas.html,2026-09-12T21:59:31+00:00
151740b47505b0ee,hotnigerianjobs,953182,"Executive Assistant to the MD/CEO at an Innovation-led, and Technology-driven Knowledge Organization - Westfield Consulting",,"Executive Assistant to the MD/CEO at an Innovation-led, and Technology-driven Knowledge Organization - Westfield Consulting",,Nigeria,unknown,,,Computer / AI / Technology / IT Services,,,,,,,,,https://www.hotnigerianjobs.com/hotjobs/953182/executive-assistant-to-the-mdceo-at-an-innovationl.html,2026-09-12T21:59:31+00:00
6b2149ced57909bb,hotnigerianjobs,953136,Zinance Limited Job Recruitment (5 Positions),Zinance Limited,Zinance Limited is recruiting suitably qualified candidates to fill the following positions in Lagos and Ogun States: Chief Medical Officer; Laboratory Technician; Care Coordinator; Biologist and Medical Administrative Assistant. Apply Now,Lagos and Ogun States,Nigeria,unknown,,,Computer / AI / Technology / IT Services,,,,,,"Fri 04th Sep, 2026",,,https://www.hotnigerianjobs.com/hotjobs/953136/zinance-limited-job-recruitment-8-positions.html,2026-09-12T21:59:31+00:00
c06275c17de49873,hotnigerianjobs,953118,Laboratory Technician at Zinance Limited (3 Openings),Zinance Limited,"Zinance Limited is recruiting to fill the position of: Laboratory Technician. The position is located in Agege, GRA, Lekki - Lagos State. Salary: N150,000 - N200,000 monthly. Interested candidates should possess relevant qualifications with experience in operating electrical and non electrical laboratory equipment and potentially dangerous substances (flammable liquids, infectious bacteria, biohazards etc.). Apply Now","Agege, GRA, Lekki - Lagos State",Nigeria,unknown,,,Computer / AI / Technology / IT Services,,,,"N150,000 - N200,000 monthly",,"Fri 04th Sep, 2026",,,https://www.hotnigerianjobs.com/hotjobs/953118/laboratory-technician-at-zinance-limited-3-opening.html,2026-09-12T21:59:31+00:00
6f743593616c8253,hotnigerianjobs,953105,Staff Product Designer (Remote) at Moniepoint Incorporated,Moniepoint Incorporated,Moniepoint Incorporated is recruiting to fill the position of: Staff Product Designer. The position is located in Lagos State (Remote). Interested candidates should possess a mastery of design tools and advanced prototyping with 10+ years of product design experience with demonstrated strategic impact. Apply Now,Lagos State (Remote),Nigeria,remote,Country-only,,Computer / AI / Technology / IT Services,,,,,,"Fri 04th Sep, 2026",,,https://www.hotnigerianjobs.com/hotjobs/953105/staff-product-designer-remote-at-moniepoint-incorp.html,2026-09-12T21:59:31+00:00
75a931b1662a68ed,hotnigerianjobs,953121,Chief Medical Officer at Zinance Limited,Zinance Limited,"Zinance Limited is recruiting to fill the position of: Chief Medical Officer. The position is located in Ikeja, Egbeda and Alimosho - Lagos State. Salary: N170,000 - N230,000 per month. Interested candidates should possess relevant qualifications and clinical risk management experience. Apply Now","Ikeja, Egbeda and Alimosho - Lagos State",Nigeria,unknown,,,Computer / AI / Technology / IT Services,,,,"N170,000 - N230,000 per month",,"Fri 04th Sep, 2026",,,https://www.hotnigerianjobs.com/hotjobs/953121/chief-medical-officer-at-zinance-limited-3-opening.html,2026-09-12T21:59:31+00:00
2e3a98f6145bcca8,hotnigerianjobs,953090,Solar Engineer at Mirahub Limited,Mirahub Limited,"Mirahub Limited is recruiting to fill the position of: Solar Engineer. The position is located in Berger, Lagos State. Salary: N200,000 - N250,000 monthly. Interested candidates should possess a B.Sc./HND in Electrical Engineering, Electronics Engineering, Renewable Energy Engineering, or a related field with 2–5 years of relevant experience in solar PV design, installation, commissioning, or maintenance. Apply Now","Berger, Lagos State",Nigeria,unknown,,,Computer / AI / Technology / IT Services,,,,"N200,000 - N250,000 monthly",,"Fri 04th Sep, 2026",,Other Tech,https://www.hotnigerianjobs.com/hotjobs/953090/solar-engineer-at-mirahub-limited.html,2026-09-12T21:59:31+00:00
1a96bb702a814741,hotnigerianjobs,953080,Customer Success & Front Desk Executive at Intavalto Nigeria Limited,,Customer Success & Front Desk Executive at Intavalto Nigeria Limited,,Nigeria,unknown,,,Computer / AI / Technology / IT Services,,,,,,,,,https://www.hotnigerianjobs.com/hotjobs/953080/customer-success-front-desk-executive-at-intavalto.html,2026-09-12T21:59:31+00:00
72314daf63373b92,hotnigerianjobs,953019,Content Creator at Intavalto Nigeria Limited,Intavalto Nigeria Limited,"Intavalto Nigeria Limited is recruiting to fill the position of: Content Creator. The position is located in Abuja (FCT). Salary: N150,000 - N180,000 / month. Interested candidates should possess a Bachelor’s Degree in Mass Communication, Marketing, Public Relations, Journalism, Media Studies, Communications or any related discipline with 0–1 year of relevant experience in content creation, social media management, media production, digital marketing, broadcasting, or a related role. Youth Corp members, fresh graduates with demonstrated skills or relevant experience through internships, projects, or personal platforms are welcome to apply. Apply Now",Abuja (FCT),Nigeria,unknown,,,Computer / AI / Technology / IT Services,,,,"N150,000 - N180,000 / month",,"Fri 04th Sep, 2026",,,https://www.hotnigerianjobs.com/hotjobs/953019/content-creator-at-intavalto-nigeria-limited.html,2026-09-12T21:59:31+00:00
1d51c9070512ced5,hotnigerianjobs,952993,Customer Service Officer at an IT Firm - Swift Consulting Limited,,Customer Service Officer at an IT Firm - Swift Consulting Limited,,Nigeria,unknown,,,Computer / AI / Technology / IT Services,,,,,,,,,https://www.hotnigerianjobs.com/hotjobs/952993/customer-service-officer-at-swift-consulting-limit.html,2026-09-12T21:59:31+00:00
7b7c3dd6eb0424e0,hotnigerianjobs,952941,Logisoft Solutions Job Recruitment (4 Positions),Logisoft Solutions,Logisoft Solutions is recruiting suitable candidates to fill the following positions in Lagos State: Experienced Kitchen Assistant; Experienced Storekeeper; Experienced Barista; and Customer Service Representative (CSR). Apply Now,Lagos State,Nigeria,unknown,,,Computer / AI / Technology / IT Services,,,,,,"Fri 04th Sep, 2026",,,https://www.hotnigerianjobs.com/hotjobs/952941/logisoft-solutions-job-recruitment-4-positions.html,2026-09-12T21:59:31+00:00
eb28e4ec9956097c,hotnigerianjobs,952916,Experienced Kitchen Assistant at Logisoft Solutions,Logisoft Solutions,"Logisoft Solutions is recruiting to fill the position of: Experienced Kitchen Assistant. The position is located in Gbagada / Lekki - Lagos State. Salary: N70,000 - N85,000 / monthly. Interested candidates should possess minimum of SSCE or equivalent with previous experience in a kitchen or food service environment as an advantage. Apply Now",Gbagada / Lekki - Lagos State,Nigeria,unknown,,,Computer / AI / Technology / IT Services,,,,"N70,000 - N85,000 / monthly",,"Fri 04th Sep, 2026",,,https://www.hotnigerianjobs.com/hotjobs/952916/experienced-kitchen-assistant-at-logisoft-solution.html,2026-09-12T21:59:31+00:00
5b5d617bae933f8a,hotnigerianjobs,952908,Growth and Partnership Associate at SmartMRS,SmartMRS,"SmartMRS is recruiting to fill the position of: Growth and Partnership Associate. The position is located in Lekki Phase 2, Lagos State. Interested candidates should possess relevant qualifications. Apply Now","Lekki Phase 2, Lagos State",Nigeria,unknown,,,Computer / AI / Technology / IT Services,,,,,,"Fri 04th Sep, 2026",,,https://www.hotnigerianjobs.com/hotjobs/952908/growth-and-partnership-associate-at-smartmrs.html,2026-09-12T21:59:31+00:00
875a42790e4030a3,hotnigerianjobs,952882,Strivo Labs Job Recruitment (11 Positions),Strivo Labs,"Strivo Labs is recruiting suitably qualified candidates to fill the following positions in Abuja (FCT) / Nasarawa and Lagos States: Core Banking Application Engineer, Field Sales Supervisor, Multimedia Designer, Collection & Recovery Lead, Project Manager, Risk Manager, and Application Support Engineer. Apply Now",Abuja (FCT) / Nasarawa and Lagos States,Nigeria,unknown,,,Computer / AI / Technology / IT Services,,,,,,"Fri 04th Sep, 2026",,Other Tech,https://www.hotnigerianjobs.com/hotjobs/952882/strivo-labs-job-recruitment-7-positions.html,2026-09-12T21:59:31+00:00
4810e209a43bf32b,hotnigerianjobs,952892,Head of Strategy & Team Lead at SmartMRS,SmartMRS,"SmartMRS is recruiting to fill the position of: Head of Strategy & Team Lead. The position is located in Lagos State. Interested candidates should possess a Bachelor’s Degree in Health Informatics, Computer Science, Business/Healthcare Management or related fields with 3–5 years’ experience in HealthTech, Digital Health or Product Management. Apply Now",Lagos State,Nigeria,unknown,,,Computer / AI / Technology / IT Services,,,,,,"Fri 04th Sep, 2026",,Other Tech,https://www.hotnigerianjobs.com/hotjobs/952892/head-of-strategy-team-lead-at-smartmrs.html,2026-09-12T21:59:31+00:00
abafd20b0da1859c,hotnigerianjobs,952869,Regional Business Manager at Strivo Labs,Strivo Labs,"Strivo Labs is recruiting to fill the position of: Regional Business Manager. The position is located in Lagos State. Salary: N400,000 - N500,000 / month. Interested candidates should possess a Bachelor’s Degree or HND in Business Administration, Marketing, Economics, or a related field with 5+ years of relevant experience in sales, business development, territory management, or commercial operations. Apply Now",Lagos State,Nigeria,unknown,,,Computer / AI / Technology / IT Services,,,,"N400,000 - N500,000 / month",,"Fri 04th Sep, 2026",,,https://www.hotnigerianjobs.com/hotjobs/952869/regional-business-manager-at-strivo-labs.html,2026-09-12T21:59:31+00:00
9e4a75756d37eb05,hotnigerianjobs,952840,Field Sales Supervisor at Strivo Labs,Strivo Labs,"Strivo Labs is recruiting to fill the position of: Field Sales Supervisor. The position is located in Abuja (FCT) / Nasarawa State. Salary: N80,000 Net Monthly. Interested candidates should possess a Bachelor’s Degree or HND in Business Administration, Marketing, Economics, or a related field with proven experience in field sales or a similar sales supervisory capacity and strong knowledge of Abuja / Nasarawa retail markets. Apply Now",Abuja (FCT) / Nasarawa State,Nigeria,unknown,,,Computer / AI / Technology / IT Services,,,,"N80,000 Net Monthly",,"Fri 04th Sep, 2026",,,https://www.hotnigerianjobs.com/hotjobs/952840/field-sales-supervisor.html,2026-09-12T21:59:31+00:00
5f7b9490ed357853,hotnigerianjobs,952789,Pharmacy Technician at Applinet Technology,Applinet Technology - Our client,"Applinet Technology - Our client is recruiting to fill the position of: Pharmacy Technician. The position is located in Lagos State. Salary: N150,000 - N300,000 monthly. Interested candidates should have successfully completed a pharmacy technician program with proven experience as a pharmacy technician. Experience with an online prescription system is a plus. Apply Now",Lagos State,Nigeria,unknown,,,Computer / AI / Technology / IT Services,,,,"N150,000 - N300,000 monthly",,"Fri 04th Sep, 2026",,,https://www.hotnigerianjobs.com/hotjobs/952789/pharmacy-technician-at-a-reputable-company-appline.html,2026-09-12T21:59:31+00:00
29ebe3415eaa04cb,hotnigerianjobs,952811,Applinet Technology Job Recruitment (17 Positions),Applinet Technology,"Applinet Technology is recruiting suitable candidates to fill the following positions in Lagos State: Fitness Trainer, Pharmacy Technician, Health Informaticist, Emergency Room (ER) Nurse, Lab Technician, Entrepreneur, Travel Consultant, Logistic Manager, HR Consultant, Food Scientist, Public Relations Officer, Appointment Setter, Program Analyst, and Health Information Technician. Apply Now",Lagos State,Nigeria,unknown,,,Computer / AI / Technology / IT Services,,,,,,"Fri 04th Sep, 2026",,,https://www.hotnigerianjobs.com/hotjobs/952811/applinet-technology-job-recruitment-13-positions.html,2026-09-12T21:59:31+00:00
97132077801ac71f,hotnigerianjobs,952700,System Administrator at an IT Solution Company - Stretch-it Concepts,,System Administrator at an IT Solution Company - Stretch-it Concepts,,Nigeria,unknown,,,Computer / AI / Technology / IT Services,,,,,,,,,https://www.hotnigerianjobs.com/hotjobs/952700/system-administrator-at-an-it-solution-company-str.html,2026-09-12T21:59:31+00:00
39090dcbe3dbb661,hotnigerianjobs,952609,Network Administrator in an IT Solutions Company - Stretch-it Concepts,,Network Administrator in an IT Solutions Company - Stretch-it Concepts,,Nigeria,unknown,,,Computer / AI / Technology / IT Services,,,,,,,,Other Tech,https://www.hotnigerianjobs.com/hotjobs/952609/network-administrator-in-an-it-solutions-company-s.html,2026-09-12T21:59:31+00:00
8ab9c6c0b42a0a49,hotnigerianjobs,952633,Recruitment Partner / HR Associate at Royal Resource Digital Services,,Recruitment Partner / HR Associate at Royal Resource Digital Services,,Nigeria,unknown,,,Computer / AI / Technology / IT Services,,,,,,,,,https://www.hotnigerianjobs.com/hotjobs/952633/recruitment-partner-hr-associate-at-royal-resource.html,2026-09-12T21:59:31+00:00
d88585f5f115563a,hotnigerianjobs,952505,Virtual Nation Job Recruitment (9 Positions),Virtual Nation,"Virtual Nation is recruiting suitably qualified candidates to fill the following positions in Abuja and Lagos State: UI/UX & Graphic Design Lead, Machine Learning Engineer, Immigration Writer, Customer Support Representative, Web Developer, Animator & Video Editor, Accountant & HR Officer, and Content Writer. Apply Now",Abuja and Lagos State,Nigeria,unknown,,,Computer / AI / Technology / IT Services,,,,,,"Thu 03rd Sep, 2026",,Software Development,https://www.hotnigerianjobs.com/hotjobs/952505/virtual-nation-job-recruitment-9-positions.html,2026-09-12T21:59:31+00:00
89f89352f3d7a2de,hotnigerianjobs,952479,Training Coordinator (Mid - Senior Level) at Peakware Group,Peakware Group,Peakware Group is recruiting to fill the position of: Training Coordinator (Mid - Senior Level). The position is located in Lagos State. Interested candidates should possess relevant qualifications with 2–5 years experience. Apply Now,Lagos State,Nigeria,unknown,,,Computer / AI / Technology / IT Services,,,,,,"Thu 03rd Sep, 2026",,,https://www.hotnigerianjobs.com/hotjobs/952479/training-coordinator-mid-senior-level-at-peakware.html,2026-09-12T21:59:31+00:00
e036d048ad08036d,hotnigerianjobs,952468,Enterprise Sales Manager (Temenos) at Interswitch Group,Interswitch Group,"Interswitch Group is recruiting to fill the position of: Enterprise Sales Manager (Temenos). The position is located in Lagos State. Interested candidates should possess a Bachelor’s Degree in Business, Computer Science, Engineering, Finance or a related discipline with 8–10 years of enterprise B2B technology sales experience, including at least 5 years selling core banking, digital banking, payments, enterprise software or financial technology solutions. Apply Now",Lagos State,Nigeria,unknown,,,Computer / AI / Technology / IT Services,,,,,,"Thu 03rd Sep, 2026",,Other Tech,https://www.hotnigerianjobs.com/hotjobs/952468/enterprise-sales-manager-temenos-at-interswitch-gr.html,2026-09-12T21:59:31+00:00
d7fd37cc7ec04821,hotnigerianjobs,952514,Graduate Trainee (Technical Support Engineer) at a Reputable IT Company - TeamAce Limited,,Graduate Trainee (Technical Support Engineer) at a Reputable IT Company - TeamAce Limited,,Nigeria,unknown,,,Computer / AI / Technology / IT Services,,,,,,,,Other Tech,https://www.hotnigerianjobs.com/hotjobs/952514/graduate-trainee-technical-support-engineer-at-a-r.html,2026-09-12T21:59:31+00:00
72ee31aa5213e25a,hotnigerianjobs,952542,Technical Support Engineer at a Reputable IT Company - TeamAce Limited,,Technical Support Engineer at a Reputable IT Company - TeamAce Limited,,Nigeria,unknown,,,Computer / AI / Technology / IT Services,,,,,,,,Other Tech,https://www.hotnigerianjobs.com/hotjobs/952542/technical-support-engineer-at-a-reputable-it-compa.html,2026-09-12T21:59:31+00:00
bd8fe3d3e175cfc1,hotnigerianjobs,952428,UI/UX & Graphic Design Lead at Virtual Nation - 2 Openings,Virtual Nation,"Virtual Nation is recruiting to fill the position of: UI/UX & Graphic Design Lead. The position is located in Abuja and Lagos State. Interested candidates should possess a relevant academic qualification or equivalent professional experience in a design, creative, or digital-related discipline with 4 - 7 years of proven experience in UI/UX and Graphic Design. Apply Now",Abuja and Lagos State,Nigeria,unknown,,,Computer / AI / Technology / IT Services,,,,,,"Thu 03rd Sep, 2026",,Other Tech,https://www.hotnigerianjobs.com/hotjobs/952428/uiux-graphic-design-lead-at-virtual-nation-2-openi.html,2026-09-12T21:59:31+00:00
57cf256a1f46c108,hotnigerianjobs,952452,Social Media Manager at Virtual Nation - 2 Openings,Virtual Nation,"Virtual Nation is recruiting to fill the position of: Social Media Manager. The position is located in Abuja and Lagos State. Salary: N300,000 - N400,000 / month. Interested candidates should possess relevant qualifications with proven experience managing social media across multiple platforms and multiple brands/accounts. Apply Now",Abuja and Lagos State,Nigeria,unknown,,,Computer / AI / Technology / IT Services,,,,"N300,000 - N400,000 / month",,"Thu 03rd Sep, 2026",,,https://www.hotnigerianjobs.com/hotjobs/952452/social-media-manager-at-virtual-nation-2-openings.html,2026-09-12T21:59:31+00:00
1bafafe518d411d8,hotnigerianjobs,952391,Policy Analyst at DigitA,DigitA,"DigitA is recruiting to fill the position of: Policy Analyst. The position is located in Abuja. Interested candidates should possess a Degree in Law, Public Policy, Economics, Political Science, International Development, or a related field with 2–4 years of relevant experience in policy research, legal research, public policy, regulation, consulting, or development work. Apply Now",Abuja,Nigeria,unknown,,,Computer / AI / Technology / IT Services,,,,,,"Thu 03rd Sep, 2026",,,https://www.hotnigerianjobs.com/hotjobs/952391/policy-analyst-at-digita.html,2026-09-12T21:59:31+00:00
523d9f321b145580,hotnigerianjobs,952337,Business Operations Manager at WootLab Innovations,Wootlab Innovations,Wootlab Innovations is recruiting to fill the position of: Business Operations Manager. The position is located in Abuja (FCT). Interested candidates should possess relevant qualifications. Apply Now,Abuja (FCT),Nigeria,unknown,,,Computer / AI / Technology / IT Services,,,,,,"Thu 03rd Sep, 2026",,,https://www.hotnigerianjobs.com/hotjobs/952337/business-operations-manager-at-wootlab-innovations.html,2026-09-12T21:59:31+00:00
9611cb38367160ea,hotnigerianjobs,952369,Relationship Manager - Merchant Acquisition & Revenue Generation at a Microfinance / Fintech Company - TeamAce Limited (21 Openings),,Relationship Manager - Merchant Acquisition & Revenue Generation at a Microfinance / Fintech Company - TeamAce Limited (21 Openings),,Nigeria,unknown,,,Computer / AI / Technology / IT Services,,,,,,,,,https://www.hotnigerianjobs.com/hotjobs/952369/relationship-manager-merchant-acquisition-revenue.html,2026-09-12T21:59:31+00:00
cb20577db2375472,hotnigerianjobs,952322,Real Estate Closers at Royal Resource Digital Services - 2 Openings,,Real Estate Closers at Royal Resource Digital Services - 2 Openings,,Nigeria,unknown,,,Computer / AI / Technology / IT Services,,,,,,,,,https://www.hotnigerianjobs.com/hotjobs/952322/real-estate-closers-at-a-leading-real-estate-compa.html,2026-09-12T21:59:35+00:00
d1dd6557b0351a4f,hotnigerianjobs,952096,Sales Manager at Arravo Global Services,Arravo Global Services,"Arravo Global Services is recruiting to fill the position of: Sales Manager. The position is located in Lagos State. Interested candidates should possess a Bachelor’s Degree in Business Administration, Marketing, or a related field and proven experience as a Sales Manager, Account Manager, or Key Account Manager, preferably within the ICT or technology solutions industry. Apply Now",Lagos State,Nigeria,unknown,,,Computer / AI / Technology / IT Services,,,,,,"Thu 03rd Sep, 2026",,Other Tech,https://www.hotnigerianjobs.com/hotjobs/952096/sales-manager-at-arravo-global-services.html,2026-09-12T21:59:35+00:00
30b312a17d25e359,hotnigerianjobs,952063,Sales Manager at Arravo Technology Limited,Arravo Technology Limited,"Arravo Technology Limited is recruiting to fill the position of: Sales Manager. The position is located in Ikoyi, Lagos State. Interested candidates should possess a Bachelor’s Degree in business administration, Marketing, or a related field with proven experience as a Sales Manager, Account Manager, or Key Account Manager, preferably within the ICT or technology solutions industry. Apply Now","Ikoyi, Lagos State",Nigeria,unknown,,,Computer / AI / Technology / IT Services,,,,,,"Thu 03rd Sep, 2026",,Other Tech,https://www.hotnigerianjobs.com/hotjobs/952063/sales-manager-at-arravo-technology-limited.html,2026-09-12T21:59:35+00:00
b28cad98b4495e9f,hotnigerianjobs,951965,Zuwah.com Limited Job Recruitment (5 Positions),Zuwah.com Limited,"Zuwah.com Limited is recruiting suitable candidates to fill the following positions in Lagos State: Chief Operating Officer (COO), Marketing Manager, Customer Service Officer, Digital Marketing & Social Media Officer, and IT Engineer. Apply Now",Lagos State,Nigeria,unknown,,,Computer / AI / Technology / IT Services,,,,,,"Wed 02nd Sep, 2026",,Other Tech,https://www.hotnigerianjobs.com/hotjobs/951965/zuwahcom-limited-job-recruitment-5-positions.html,2026-09-12T21:59:35+00:00
9b117315a603fae5,hotnigerianjobs,951959,AppClick Technology Job Recruitment (3 Positions),AppClick Technology,"AppClick Technology is recruiting suitably qualified candidates to fill the following positions in Oyo State: AI & Machine Learning Instructor, Virtual Assistant Instructor, and AI & Robotics Instructor. Apply Now",Oyo State,Nigeria,unknown,,,Computer / AI / Technology / IT Services,,,,,,"Wed 02nd Sep, 2026",,Data & AI,https://www.hotnigerianjobs.com/hotjobs/951959/appclick-technology-job-recruitment-3-positions.html,2026-09-12T21:59:35+00:00
5ef8c411786a4761,hotnigerianjobs,951962,Project Management Officer - Graduate Trainee at FinTrak Software Company Limited,,Project Management Officer - Graduate Trainee at FinTrak Software Company Limited,,Nigeria,unknown,,,Computer / AI / Technology / IT Services,,,,,,,,Other Tech,https://www.hotnigerianjobs.com/hotjobs/951962/project-management-officer-graduate-trainee-at-fin.html,2026-09-12T21:59:35+00:00
e144b865e1703c25,hotnigerianjobs,951960,Digital Marketing & Social Media Officer at Zuwah.com Limited,,Digital Marketing & Social Media Officer at Zuwah.com Limited,,Nigeria,unknown,,,Computer / AI / Technology / IT Services,,,,,,,,,https://www.hotnigerianjobs.com/hotjobs/951960/digital-marketing-social-media-officer-at-zuwahcom.html,2026-09-12T21:59:35+00:00
bbf84cdb8686222b,hotnigerianjobs,951954,Customer Service Officer at Zuwah.com Limited,Zuwah.com Limited,"Zuwah.com Limited is recruiting to fill the position of: Customer Service Officer. The position is located in Lekki Epe Expressway, Ikota - Lagos State. Interested candidates should possess OND/HND or Bachelor's Degree in any discipline with 1-3 years experience in customer service or a related role. Apply Now","Lekki Epe Expressway, Ikota - Lagos State",Nigeria,unknown,,,Computer / AI / Technology / IT Services,,,,,,"Wed 02nd Sep, 2026",,,https://www.hotnigerianjobs.com/hotjobs/951954/customer-service-officer-at-zuwahcom-limited.html,2026-09-12T21:59:35+00:00
9f777c95261fde4a,hotnigerianjobs,951948,Virtual Assistant Instructor at AppClick Technology,AppClick Technology,"AppClick Technology is recruiting to fill the position of: Virtual Assistant Instructor. The position is located in Ibadan, Oyo State. Interested candidates should possess relevant qualifications with experience. Apply Now","Ibadan, Oyo State",Nigeria,unknown,,,Computer / AI / Technology / IT Services,,,,,,"Wed 02nd Sep, 2026",,,https://www.hotnigerianjobs.com/hotjobs/951948/virtual-assistant-instructor-at-appclick-technolog.html,2026-09-12T21:59:35+00:00
de6b12a1b153d42c,hotnigerianjobs,951950,AI & Machine Learning Instructor at AppClick Technology,AppClick Technology,"AppClick Technology is recruiting to fill the position of: AI & Machine Learning Instructor. The position is located in Ibadan, Oyo State. Interested candidates should possess possess relevant qualifications with experience. Apply Now","Ibadan, Oyo State",Nigeria,unknown,,,Computer / AI / Technology / IT Services,,,,,,"Wed 02nd Sep, 2026",,Data & AI,https://www.hotnigerianjobs.com/hotjobs/951950/ai-machine-learning-instructor-at-appclick-technol.html,2026-09-12T21:59:35+00:00
f6665073095ebb45,hotnigerianjobs,951947,Marketing Manager at Zuwah.com Limited,Zuwah.com Limited,"Zuwah.com Limited is recruiting to fill the position of: Marketing Manager. The position is located in Lekki Epe Expressway, Ikota - Lagos State. Interested candidates should possess a Bachelor's Degree in Marketing or related field; MBA is a plus with 3-5 years experience in marketing with proven leadership. Apply Now","Lekki Epe Expressway, Ikota - Lagos State",Nigeria,unknown,,,Computer / AI / Technology / IT Services,,,,,,"Wed 02nd Sep, 2026",,,https://www.hotnigerianjobs.com/hotjobs/951947/marketing-manager-at-zuwahcom-limited.html,2026-09-12T21:59:35+00:00
7642e2a15fd6bd2e,hotnigerianjobs,951944,AI & Robotics Instructor at AppClick Technology,AppClick Technology,"AppClick Technology is recruiting to fill the position of: AI & Robotics Instructor. The position is located in Ibadan, Oyo State. Interested candidates should possess relevant qualifications with experience. Apply Now","Ibadan, Oyo State",Nigeria,unknown,,,Computer / AI / Technology / IT Services,,,,,,"Wed 02nd Sep, 2026",,Data & AI,https://www.hotnigerianjobs.com/hotjobs/951944/ai-robotics-instructor-at-appclick-technology.html,2026-09-12T21:59:35+00:00
ef35147ad2a20a22,hotnigerianjobs,951940,Chief Operating Officer (COO) at Zuwah.com Limited,Zuwah.com Limited,"Zuwah.com Limited is recruiting to fill the position of: Chief Operating Officer (COO). The position is located in Lekki Epe Expressway, Ikota - Lagos State. Interested candidates should possess a Bachelor's Degree in Business Administration, Management or a related field (Master's degree is an advantage) with 3-5 years of progressive leadership experience in operations or a similar role. Apply Now","Lekki Epe Expressway, Ikota - Lagos State",Nigeria,unknown,,,Computer / AI / Technology / IT Services,,,,,,"Wed 02nd Sep, 2026",,,https://www.hotnigerianjobs.com/hotjobs/951940/chief-operating-officer-coo-at-zuwahcom-limited.html,2026-09-12T21:59:35+00:00
45c85532a0d34436,hotnigerianjobs,951934,Code Lab IT & Engineering Services Job Recruitment (3 Positions),,Code Lab IT & Engineering Services Job Recruitment (3 Positions),,Nigeria,unknown,,,Computer / AI / Technology / IT Services,,,,,,,,Other Tech,https://www.hotnigerianjobs.com/hotjobs/951934/code-lab-it-engineering-services-job-recruitment-3.html,2026-09-12T21:59:35+00:00
12ff3c83b3515905,hotnigerianjobs,951933,IT Engineer at Zuwah.com Limited,Zuwah.com Limited,"Zuwah.com Limited is recruiting to fill the position of: IT Engineer. The position is located in Lekki Epe Expressway, Ikota - Lagos State. Interested candidates should possess a Bachelor's Degree in Computer Science, Software Engineering or related field with 3-5 years experience in software development. Apply Now","Lekki Epe Expressway, Ikota - Lagos State",Nigeria,unknown,,,Computer / AI / Technology / IT Services,,,,,,"Wed 02nd Sep, 2026",,Software Development,https://www.hotnigerianjobs.com/hotjobs/951933/it-engineer-at-zuwahcom-limited.html,2026-09-12T21:59:35+00:00
d8dcf66d75f18876,hotnigerianjobs,951901,Vennote Technologies Limited Job Recruitment (5 Positions),Vennote Technologies Limited,"Vennote Technologies Limited is recruiting to fill the following positions in Lagos State: Unix System Administrator – Rancher Specialist, NLP / AI Engineer, Conversational AI Solutions Specialist (Agentic Systems), Senior Data Scientist, and Senior Backend Developer (Node.js and Python). Apply Now",Lagos State,Nigeria,unknown,,,Computer / AI / Technology / IT Services,,,,,,"Wed 02nd Sep, 2026",,Software Development,https://www.hotnigerianjobs.com/hotjobs/951901/vennote-technologies-limited-job-recruitment-5-pos.html,2026-09-12T21:59:35+00:00
4def7a1f7a8fd915,hotnigerianjobs,951878,Solar Installer - Minigrid Project at Everlink Telesat Network Limited,,Solar Installer - Minigrid Project at Everlink Telesat Network Limited,,Nigeria,unknown,,,Computer / AI / Technology / IT Services,,,,,,,,,https://www.hotnigerianjobs.com/hotjobs/951878/solar-installer-minigrid-project-at-everlink-teles.html,2026-09-12T21:59:35+00:00
4a422bcdf8054a59,hotnigerianjobs,951847,Power BI Business Analyst at Campus Technologies Limited,Campus Technologies Limited,"Campus Technologies Limited is recruiting to fill the position of: Power BI Business Analyst. The position is located in Abuja (FCT). Interested candidates should possess a Bachelor's Degree or equivalent qualification in Computer Science, Data Science, Statistics, Mathematics, Information Technology, Engineering, or a related field with proven practical experience in Data Analytics and Power BI. Apply Now",Abuja (FCT),Nigeria,unknown,,,Computer / AI / Technology / IT Services,,,,,,"Wed 02nd Sep, 2026",,Other Tech,https://www.hotnigerianjobs.com/hotjobs/951847/business-analytics-using-powerbi-at-campus-technol.html,2026-09-12T21:59:35+00:00
5ea28f6acac1d584,hotnigerianjobs,951801,Al Engineer at eHealth4everyone,eHealth4everyone,"eHealth4everyone is recruiting to fill the position of: Al Engineer. The position is located in Abuja (FCT). Interested candidates should possess a Degree or Coursework in Engineering, Computer Science, in a related discipline, or equivalent experience with three (3) years of experience using machine learning frameworks (Pytorch, Tensorflow,, etc). Apply Now",Abuja (FCT),Nigeria,unknown,,,Computer / AI / Technology / IT Services,,,,,,"Wed 02nd Sep, 2026",,Data & AI,https://www.hotnigerianjobs.com/hotjobs/951801/al-engineer-at-ehealth4everyone.html,2026-09-12T21:59:35+00:00
4a89ace0c5d5a6d1,hotnigerianjobs,951779,Unix System Administrator – Rancher Specialist (Hybrid) at Vennote Technologies Limited,,Unix System Administrator – Rancher Specialist (Hybrid) at Vennote Technologies Limited,,Nigeria,hybrid,,,Computer / AI / Technology / IT Services,,,,,,,,,https://www.hotnigerianjobs.com/hotjobs/951779/unix-system-administrator-rancher-specialist-hybri.html,2026-09-12T21:59:35+00:00
3c0bde34a1736632,hotnigerianjobs,951765,Engagement Assistant at eHealth4everyone,eHealth4everyone,"eHealth4everyone is recruiting to fill the position of: Engagement Assistant. The position is located in Abuja (FCT). Interested candidates should possess minimum of a Bachelor’s Degree in Marketing, Communications, Public Relations, Business Administration, or a related field. Apply Now",Abuja (FCT),Nigeria,unknown,,,Computer / AI / Technology / IT Services,,,,,,"Wed 02nd Sep, 2026",,,https://www.hotnigerianjobs.com/hotjobs/951765/engagement-assistant-at-ehealth4everyone.html,2026-09-12T21:59:35+00:00
01c468843bce92b7,hotnigerianjobs,951735,Head of Engineering at IT Horizons Limited,IT Horizons Limited,"IT Horizons Limited is recruiting to fill the position of: Head of Engineering. The position is located in Lagos State. Interested candidates should possess 10+ years in software engineering with at least 4–5 years in senior engineering leadership (VP, Director, or Head of Engineering level), managing teams of 20+ engineers across multiple product lines (is a plus). Apply Now",Lagos State,Nigeria,unknown,,,Computer / AI / Technology / IT Services,,,,,,"Wed 02nd Sep, 2026",,Software Development,https://www.hotnigerianjobs.com/hotjobs/951735/head-of-engineering-at-it-horizons-limited.html,2026-09-12T21:59:35+00:00
2d1682df3fd08cb7,hotnigerianjobs,951726,Digital Marketing & Cold Call Agent at Code Lab IT & Engineering Services,,Digital Marketing & Cold Call Agent at Code Lab IT & Engineering Services,,Nigeria,unknown,,,Computer / AI / Technology / IT Services,,,,,,,,Other Tech,https://www.hotnigerianjobs.com/hotjobs/951726/digital-marketing-cold-call-agent-at-code-lab-it-e.html,2026-09-12T21:59:35+00:00
d0ab761a0790d40e,hotnigerianjobs,951678,Finance Intern (Hybrid) at erpSoftapp,erpSoftapp,"erpSoftapp is recruiting to fill the position of: Finance Intern. The position is located in Yaba, Lagos State. Salary: N60,000 - N90,000 monthly. Interested candidates should possess a a Graduate qualification in Accountancy with at least 1 year experience. Apply Now","Yaba, Lagos State",Nigeria,hybrid,,,Computer / AI / Technology / IT Services,,,,"N60,000 - N90,000 monthly",,"Wed 02nd Sep, 2026",,Other Tech,https://www.hotnigerianjobs.com/hotjobs/951678/finance-intern-hybrid-at-erpsoftapp.html,2026-09-12T21:59:35+00:00
32dfa7cc3cd6587c,hotnigerianjobs,951690,Facility / Electrical Technician at Code Lab IT & Engineering Services,,Facility / Electrical Technician at Code Lab IT & Engineering Services,,Nigeria,unknown,,,Computer / AI / Technology / IT Services,,,,,,,,Other Tech,https://www.hotnigerianjobs.com/hotjobs/951690/facility-electrical-technician-at-code-lab-it-engi.html,2026-09-12T21:59:35+00:00
4b8a9fd59b85f6f6,hotnigerianjobs,951627,erpSOFTapp Limited Internship & Exp. Job Recruitment (5 Positions),,erpSOFTapp Limited Internship & Exp. Job Recruitment (5 Positions),,Nigeria,unknown,,,Computer / AI / Technology / IT Services,,,,,,,,Other Tech,https://www.hotnigerianjobs.com/hotjobs/951627/erpsoftapp-limited-internship-exp-job-recruitment.html,2026-09-12T21:59:35+00:00
ac1d19d89f6affab,hotnigerianjobs,951621,Project Finance Analyst (Hybrid) at erpSoftapp,erpSoftapp,"erpSoftapp is recruiting to fill the position of: Project Finance Analyst. This is a Hybrid position in Yaba, Lagos State. Salary: N200,000 - N300,000 monthly. Interested candidates should a Bachelor’s Degree in Finance, Accounting, Economics, Business Administration, or related field with 2 – 5 years of experience in project finance, corporate finance, investment banking, or financial analysis. Experience with infrastructure, energy, real estate, or construction projects is an advantage. Apply Now","Yaba, Lagos State. Salary",Nigeria,hybrid,,,Computer / AI / Technology / IT Services,,,,"N200,000 - N300,000 monthly",,"Wed 02nd Sep, 2026",,Other Tech,https://www.hotnigerianjobs.com/hotjobs/951621/project-finance-analyst-hybrid-at-erpsoftapp.html,2026-09-12T21:59:35+00:00
02a18330129cc0ef,hotnigerianjobs,951555,SEP Instructor at Green Africa Airways Limited,Green Africa Airways Limited,Green Africa Airways Limited is recruiting to fill the position of: SEP Instructor. The position is located in Lagos State. Interested candidates should possess minimum of a Bachelor’s Degree or an equivalent HND (Higher National Diploma) with at least 5 years' experience as an operating senior cabin crew member. Apply Now,Lagos State,Nigeria,unknown,,,Computer / AI / Technology / IT Services,,,,,,"Wed 02nd Sep, 2026",,,https://www.hotnigerianjobs.com/hotjobs/951555/sep-instructor-at-green-africa-airways-limited.html,2026-09-12T21:59:35+00:00
3d91f45dbfe09e48,hotnigerianjobs,951532,eHealth4everyone Job Recruitment (5 Positions),eHealth4everyone,"eHealth4everyone is recruiting suitably qualified candidates to fill the following positions in Abuja (FCT) State: Al Engineer, Engagement Assistant, UI/UX Designer, Al Engineer and Devops Engineer / Linux Administrator. Apply Now",Abuja (FCT) State,Nigeria,unknown,,,Computer / AI / Technology / IT Services,,,,,,"Wed 02nd Sep, 2026",,DevOps & Cloud,https://www.hotnigerianjobs.com/hotjobs/951532/ehealth4everyone-job-recruitment-3-positions.html,2026-09-12T21:59:35+00:00
c08606abc943a63c,hotnigerianjobs,951523,Sales & Order Fulfilment Executive at Maxitech Global Investment Limited,,Sales & Order Fulfilment Executive at Maxitech Global Investment Limited,,Nigeria,unknown,,,Computer / AI / Technology / IT Services,,,,,,,,,https://www.hotnigerianjobs.com/hotjobs/951523/sales-order-fulfilment-executive-at-maxitech-globa.html,2026-09-12T21:59:35+00:00
cc1dff5760388a7d,hotnigerianjobs,951520,UI/UX Designer at eHealth4everyone,eHealth4everyone,"eHealth4everyone is recruiting to fill the position of: UI/UX Designer. The position is located in Abuja (FCT). Interested candidates should possess minimum of a Bachelor's Degree in Design, Human-Computer Interaction, Product Design, or a related field with a minimum of three years of proven experience in UI/UX design, with a diverse portfolio. Apply Now",Abuja (FCT),Nigeria,unknown,,,Computer / AI / Technology / IT Services,,,,,,"Wed 02nd Sep, 2026",,Product & Design,https://www.hotnigerianjobs.com/hotjobs/951520/uiux-designer-at-ehealth4everyone.html,2026-09-12T21:59:35+00:00
4657e87cf7e81fbd,hotnigerianjobs,951431,Software Developer at TeKnowledge,Teknowledge,"Teknowledge is recruiting to fill the position of: Software Developer. Nigeria & West Africa. The position is located in Victoria Island, Lagos State. Interested candidates should possess relevant qualifications with 4 - 6 years of programming experience. Apply Now","Victoria Island, Lagos State",Nigeria,unknown,,,Computer / AI / Technology / IT Services,,,,,,"Wed 02nd Sep, 2026",,Software Development,https://www.hotnigerianjobs.com/hotjobs/951431/software-developer-at-teknowledge.html,2026-09-12T21:59:35+00:00
c9574bfe962ae1c5,hotnigerianjobs,951420,Personal Assistant at Bluechip Technologies Limited,Bluechip Technologies Limited,"Bluechip Technologies Limited is recruiting to fill the position of: Personal Assistant. The position is located in Maitama, Abuja (Hybrid). Interested candidates should possess a Bachelor's Degree in Business Administration, Management, Mass Communication, English, Public Relations, Social Sciences, or a related discipline with 2-3 years of relevant work experience in a Personal Assistant, Administrative Assistant, Executive Assistant, Office Administrator, or similar role. Apply Now","Maitama, Abuja (Hybrid)",Nigeria,hybrid,,,Computer / AI / Technology / IT Services,,,,,,"Wed 02nd Sep, 2026",,,https://www.hotnigerianjobs.com/hotjobs/951420/personal-assistant-at-bluechip-technologies-limite.html,2026-09-12T21:59:35+00:00
7a69eee5d9a1c681,hotnigerianjobs,951417,IT Project Manager (Hybrid) at Bluechip Technologies Limited,,IT Project Manager (Hybrid) at Bluechip Technologies Limited,,Nigeria,hybrid,,,Computer / AI / Technology / IT Services,,,,,,,,,https://www.hotnigerianjobs.com/hotjobs/951417/it-project-manager-hybrid-at-bluechip-technologies.html,2026-09-12T21:59:35+00:00
7eb5b6c4a723c8ca,hotnigerianjobs,951297,Tezza Business Solutions Limited Internship & Exp. Job Recruitment (5 Positions),,Tezza Business Solutions Limited Internship & Exp. Job Recruitment (5 Positions),,Nigeria,unknown,,,Computer / AI / Technology / IT Services,,,,,,,,,https://www.hotnigerianjobs.com/hotjobs/951297/tezza-business-solutions-limited-internship-exp-jo.html,2026-09-12T21:59:35+00:00
344d36aaa2d15b81,hotnigerianjobs,951294,Virtual Assistant – Reddit Growth & Engagement at Lioness Agency LLC (Remote),,Virtual Assistant – Reddit Growth & Engagement at Lioness Agency LLC (Remote),,Nigeria,remote,Country-only,,Computer / AI / Technology / IT Services,,,,,,,,,https://www.hotnigerianjobs.com/hotjobs/951294/virtual-assistant-reddit-growth-engagement-at-lion.html,2026-09-12T21:59:35+00:00
913660292faf8077,hotnigerianjobs,951283,IT Specialist (Supervisor 2 - Supervisor 3) at Unified Payment Services Limited,,IT Specialist (Supervisor 2 - Supervisor 3) at Unified Payment Services Limited,,Nigeria,unknown,,,Computer / AI / Technology / IT Services,,,,,,,,,https://www.hotnigerianjobs.com/hotjobs/951283/it-specialist-supervisor-2-supervisor-3-at-unified.html,2026-09-12T21:59:35+00:00
82f0a837afab86d8,hotnigerianjobs,951282,IT Specialist (Supervisor 1) at Unified Payment Services Limited,,IT Specialist (Supervisor 1) at Unified Payment Services Limited,,Nigeria,unknown,,,Computer / AI / Technology / IT Services,,,,,,,,,https://www.hotnigerianjobs.com/hotjobs/951282/it-specialist-supervisor-1-at-unified-payment-serv.html,2026-09-12T21:59:35+00:00
08ed44c27a6d0c42,hotnigerianjobs,951187,Sales Representative (Phone Screens) at Mirahub Limited - 13 Openings,,Sales Representative (Phone Screens) at Mirahub Limited - 13 Openings,,Nigeria,unknown,,,Computer / AI / Technology / IT Services,,,,,,,,,https://www.hotnigerianjobs.com/hotjobs/951187/sales-representative-phone-screens-at-mirahub-limi.html,2026-09-12T21:59:35+00:00
ce3cb878d74212e3,hotnigerianjobs,951178,PC Place Nigeria Limited Job Recruitment (7 Positions),PC Place Nigeria Limited,"PC Place Nigeria Limited is recruiting suitable candidates to fill the following positions in Lagos State: Telesales Executive; Software Developer, Sales Executive; Content Creator; Accountant; B2B Sales Executive; and Front Desk Officer. Apply Now",Lagos State,Nigeria,unknown,,,Computer / AI / Technology / IT Services,,,,,,"Tue 01st Sep, 2026",,Software Development,https://www.hotnigerianjobs.com/hotjobs/951178/pc-place-nigeria-limited-job-recruitment-7-positio.html,2026-09-12T21:59:35+00:00
7696d45305d24c8b,hotnigerianjobs,951164,Technician (Mobile Phone) at Mirahub Limited,Mirahub Limited,"Mirahub Limited is recruiting to fill the position of: Technician (Mobile Phone). The position is located in Lagos State. Salary: N70,000 monthly. Interested candidates should possess an SSCE / WAEC / NECO / OND, HND, or Bachelor's Degree in Electrical / Electronics Engineering, Computer Engineering, Information Technology, or a related field as an added advantage with proven experience as a mobile phone technician or in a similar device repair role. Apply Now",Lagos State,Nigeria,unknown,,,Computer / AI / Technology / IT Services,,,,"N70,000 monthly",,"Tue 01st Sep, 2026",,Other Tech,https://www.hotnigerianjobs.com/hotjobs/951164/technician-mobile-phone-at-mirahub-limited.html,2026-09-12T21:59:35+00:00
dafc46ac081ceaa9,hotnigerianjobs,951108,Telesales Executive at PC Place Nigeria Limited,PC Place Nigeria Limited,"PC Place Nigeria Limited is recruiting to fill the position of: Telesales Executive. The position is located in Ikeja, Lagos State. Salary: N200,000 - N500,000 monthly. Interested candidates should possess a Bachelor’s Degree or equivalent experience in Business, Marketing, or related field (preferred) with proven experience in telesales, telemarketing, or customer service, and should be females only. Apply Now","Ikeja, Lagos State",Nigeria,unknown,,,Computer / AI / Technology / IT Services,,,,"N200,000 - N500,000 monthly",,"Tue 01st Sep, 2026",,,https://www.hotnigerianjobs.com/hotjobs/951108/telesales-executive-at-pc-place-nigeria-limited.html,2026-09-12T21:59:35+00:00
60aadfa3c6c780c9,hotnigerianjobs,951170,Unified Payment Services Limited Job Recruitment (31 Positions),,Unified Payment Services Limited Job Recruitment (31 Positions),,Nigeria,unknown,,,Computer / AI / Technology / IT Services,,,,,,,,,https://www.hotnigerianjobs.com/hotjobs/951170/unified-payment-services-limited-job-recruitment-2.html,2026-09-12T21:59:35+00:00
d5f79299a4024caa,hotnigerianjobs,950981,Reputable Computer and Telecommunication Company Job Recruitment,,Reputable Computer and Telecommunication Company Job Recruitment,,Nigeria,unknown,,,Computer / AI / Technology / IT Services,,,,,,,,Other Tech,https://www.hotnigerianjobs.com/hotjobs/950981/reputable-computer-and-telecommunication-company-j.html,2026-09-12T21:59:35+00:00
ada9a245e76f5358,hotnigerianjobs,950945,Database Administrator at Crown Interactive,Crown Interactive,"Crown Interactive is recruiting to fill the position of: Database Administrator. The position is located in Lagos State. Interested candidates should possess a Bachelor's Degree in Computer Science, Information Technology, Computer Engineering, Software Engineering, or a related field with 7 – 8 years' relevant experience in database administration or database engineering and relevant professional certifications in database administration, cloud computing, or information technology are an advantage. Apply Now",Lagos State,Nigeria,unknown,,,Computer / AI / Technology / IT Services,,,,,,"Tue 01st Sep, 2026",,Software Development,https://www.hotnigerianjobs.com/hotjobs/950945/database-administrator-at-crown-interactive.html,2026-09-12T21:59:35+00:00
1db9f1f57281eb47,hotnigerianjobs,950908,Sales Executive (Enrol Web Services) at Velvot Nigeria Limited,,Sales Executive (Enrol Web Services) at Velvot Nigeria Limited,,Nigeria,unknown,,,Computer / AI / Technology / IT Services,,,,,,,,,https://www.hotnigerianjobs.com/hotjobs/950908/sales-executive-enrol-web-services-at-velvot-niger.html,2026-09-12T21:59:35+00:00
810a6cddb00bc46c,hotnigerianjobs,950846,Sales Intern at erpSOFTapp Limited,erpSOFTapp Limited,"erpSOFTapp Limited is recruiting to fill the position of: Sales Intern. The position is located in Yaba, Lagos State. Salary: N500,000 - N800,000 monthly. Interested candidates should possess relevant qualifications. Apply Now","Yaba, Lagos State",Nigeria,unknown,,,Computer / AI / Technology / IT Services,,,,"N500,000 - N800,000 monthly",,"Tue 01st Sep, 2026",,Other Tech,https://www.hotnigerianjobs.com/hotjobs/950846/sales-intern-at-erpsoftapp-limited.html,2026-09-12T21:59:35+00:00
ae94b1297e0fa533,hotnigerianjobs,950902,Product Manager – Cross-Border Payments & Remittance at IT Horizons Limited,,Product Manager – Cross-Border Payments & Remittance at IT Horizons Limited,,Nigeria,unknown,,,Computer / AI / Technology / IT Services,,,,,,,,Product & Design,https://www.hotnigerianjobs.com/hotjobs/950902/product-manager-crossborder-payments-remittance-at.html,2026-09-12T21:59:35+00:00
dcb9cbda61050449,hotnigerianjobs,950832,Virtual Assistant – Day & Night Shift at CodelabProjects,CodelabProjects,"CodelabProjects is recruiting to fill the position of: Virtual Assistant – Day & Night Shift. The position is located in Sabon-Lugbe, Airport Road, Abuja (FCT). Salary: N220,000 / month. Interested candidates should possess relevant qualifications with 2–3+ years of relevant experience in virtual assistance, administration, sales coordination, dispatching, recruitment, personal assistance, or customer support. Apply Now","Sabon-Lugbe, Airport Road, Abuja (FCT)",Nigeria,unknown,,,Computer / AI / Technology / IT Services,,,,"N220,000 / month",,"Tue 01st Sep, 2026",,,https://www.hotnigerianjobs.com/hotjobs/950832/virtual-assistant-day-night-shift-at-codelabprojec.html,2026-09-12T21:59:35+00:00
7c99ac4346a3d3aa,hotnigerianjobs,950760,Customer Success & Implementation Specialist (Remote) at NerdBug Limited,,Customer Success & Implementation Specialist (Remote) at NerdBug Limited,,Nigeria,remote,Country-only,,Computer / AI / Technology / IT Services,,,,,,,,,https://www.hotnigerianjobs.com/hotjobs/950760/customer-success-implementation-specialist-remote.html,2026-09-12T21:59:35+00:00
64efa9479ef6f9de,hotnigerianjobs,950556,Backend Developer at Noemdek Limited,Noemdek Limited,"Noemdek Limited is recruiting to fill the position of: Backend Developer. The position is located in Lagos State. Interested candidates should possess relevant qualifications with strong knowledge of database management systems (e.g., MySQL, PostgreSQL, MongoDB). Apply Now",Lagos State,Nigeria,unknown,,,Computer / AI / Technology / IT Services,,,,,,"Tue 01st Sep, 2026",,Software Development,https://www.hotnigerianjobs.com/hotjobs/950556/backend-developer-at-noemdek-limited.html,2026-09-12T21:59:40+00:00
5a1e79d343442928,hotnigerianjobs,950625,Senior Finance Personnel at Noemdek Limited,Noemdek Limited,"Noemdek Limited is recruiting to fill the position of: Senior Finance Personnel. The position is located in Lagos State. Interested candidates should possess a B.Sc. Degree in Accounting, Finance, or a related field with 5–7 years of relevant finance/accounting experience, with progressive responsibility. Apply Now",Lagos State,Nigeria,unknown,,,Computer / AI / Technology / IT Services,,,,,,"Tue 01st Sep, 2026",,,https://www.hotnigerianjobs.com/hotjobs/950625/senior-finance-personnel-at-noemdek-limited.html,2026-09-12T21:59:40+00:00
04afc38ed9b1bec4,hotnigerianjobs,950617,Sales Intern (Transport) at Noemdek Limited,Noemdek Limited,"Noemdek Limited is recruiting to fill the position of: Sales Intern (Transport). The position is located in Lagos State. Interested candidates should possess a B.Sc / B.A in Business Administration, Marketing, or a relevant field with a minimum of 1-year work experience as a Business Development Executive, Sales Executive, or a similar role. Apply Now",Lagos State,Nigeria,unknown,,,Computer / AI / Technology / IT Services,,,,,,"Tue 01st Sep, 2026",,,https://www.hotnigerianjobs.com/hotjobs/950617/sales-intern-transport-at-noemdek-limited.html,2026-09-12T21:59:40+00:00
33a76dd53586d6a1,hotnigerianjobs,950537,Clearing Specialist (3 - 5 Years Experience) at Unified Payment Services Limited,,Clearing Specialist (3 - 5 Years Experience) at Unified Payment Services Limited,,Nigeria,unknown,,,Computer / AI / Technology / IT Services,,,,,,,,,https://www.hotnigerianjobs.com/hotjobs/950537/clearing-specialist-3-5-years-experience-at-unifie.html,2026-09-12T21:59:40+00:00
7cab9d3cf03b5951,hotnigerianjobs,950535,Clearing Specialist (7 - 10 Years Experience) at Unified Payment Services Limited,,Clearing Specialist (7 - 10 Years Experience) at Unified Payment Services Limited,,Nigeria,unknown,,,Computer / AI / Technology / IT Services,,,,,,,,,https://www.hotnigerianjobs.com/hotjobs/950535/clearing-specialist-7-10-years-experience-at-unifi.html,2026-09-12T21:59:40+00:00
6aa0b7dc44c95f7e,hotnigerianjobs,950573,Operations Intern - Bidding and Sourcing (Energy) at Noemdek Limited,,Operations Intern - Bidding and Sourcing (Energy) at Noemdek Limited,,Nigeria,unknown,,,Computer / AI / Technology / IT Services,,,,,,,,,https://www.hotnigerianjobs.com/hotjobs/950573/operations-intern-bidding-and-sourcing-energy-at-n.html,2026-09-12T21:59:40+00:00
060935ee3aa1cedb,hotnigerianjobs,950533,Clearing Specialist (2–3 Years of Experience) at Unified Payment Services Limited,,Clearing Specialist (2–3 Years of Experience) at Unified Payment Services Limited,,Nigeria,unknown,,,Computer / AI / Technology / IT Services,,,,,,,,,https://www.hotnigerianjobs.com/hotjobs/950533/clearing-specialist-i-at-unified-payment-services.html,2026-09-12T21:59:40+00:00
1158478afab42958,hotnigerianjobs,950488,Clearing Specialist (4-6 Years of Experience) at Unified Payment Services Limited,,Clearing Specialist (4-6 Years of Experience) at Unified Payment Services Limited,,Nigeria,unknown,,,Computer / AI / Technology / IT Services,,,,,,,,,https://www.hotnigerianjobs.com/hotjobs/950488/clearing-specialist-at-unified-payment-services-li.html,2026-09-12T21:59:40+00:00
aaa7c92b045f770c,hotnigerianjobs,950468,Senior Finance & Accounts Officer at a Reputable Computer and Telecommunication Company,,Senior Finance & Accounts Officer at a Reputable Computer and Telecommunication Company,,Nigeria,unknown,,,Computer / AI / Technology / IT Services,,,,,,,,Other Tech,https://www.hotnigerianjobs.com/hotjobs/950468/senior-finance-accounts-officer-at-a-reputable-com.html,2026-09-12T21:59:40+00:00
93506c17b15bcbc7,hotnigerianjobs,950469,Telco Project / Product Manager (Hybrid) at a Reputable Computer and Telecommunication Company,,Telco Project / Product Manager (Hybrid) at a Reputable Computer and Telecommunication Company,,Nigeria,hybrid,,,Computer / AI / Technology / IT Services,,,,,,,,Product & Design,https://www.hotnigerianjobs.com/hotjobs/950469/telco-project-product-manager-hybrid-at-a-computer.html,2026-09-12T21:59:40+00:00
0de4a4c30bc37cc0,hotnigerianjobs,950422,Atutechs C Limited Job Recruitment (4 Positions),Atutechs C Limited,"Atutechs C Limited is recruiting suitable candidates to fill the following positions in Lagos State: Business Development Officer, Secretary, and Massage Therapist. Apply Now",Lagos State,Nigeria,unknown,,,Computer / AI / Technology / IT Services,,,,,,"Tue 01st Sep, 2026",,,https://www.hotnigerianjobs.com/hotjobs/950422/atutechs-c-limited-job-recruitment-3-positions.html,2026-09-12T21:59:40+00:00
70020a645eec836f,hotnigerianjobs,950352,Customer Relationship Manager Intern at Mercatura Online Technology,,Customer Relationship Manager Intern at Mercatura Online Technology,,Nigeria,unknown,,,Computer / AI / Technology / IT Services,,,,,,,,,https://www.hotnigerianjobs.com/hotjobs/950352/customer-relationship-manager-intern-at-mercatura.html,2026-09-12T21:59:40+00:00
57ea1c4bf5095f18,hotnigerianjobs,950279,UI Design Intern at Mitiget Assurance and Technology Services Limited,,UI Design Intern at Mitiget Assurance and Technology Services Limited,,Nigeria,unknown,,,Computer / AI / Technology / IT Services,,,,,,,,,https://www.hotnigerianjobs.com/hotjobs/950279/ui-design-intern-at-mitiget-assurance-and-technolo.html,2026-09-12T21:59:40+00:00
5700f43bb71a612a,hotnigerianjobs,950266,Velvot Nigeria Limited Job Recruitment (5 Positions),Velvot Nigeria Limited,"Velvot Nigeria Limited is recruiting suitably qualified candidates to fill the following positions in Lagos State: ales Executive (Enrol Web Services), Front Desk / Executive Assistant, Technical Support Executive (Operations Engineer), Subscription & Customer Success Executive, and Business Development / Sales Executive. Apply Now",Lagos State,Nigeria,unknown,,,Computer / AI / Technology / IT Services,,,,,,"Mon 31st Aug, 2026",,Other Tech,https://www.hotnigerianjobs.com/hotjobs/950266/velvot-nigeria-limited-job-recruitment-4-positions.html,2026-09-12T21:59:40+00:00
401365e4651b8f1d,hotnigerianjobs,950265,Nerdbug Limited Job Recruitment (4 Positions),,"Nerdbug Limited is currently recruiting suitably qualified candidates to fill the following positions in Lagos State: Lead, Product Manager; Sales Lead; Customer Success & Implementation Specialist and Marketing Lead. Apply Now",Lagos State,Nigeria,unknown,,,Computer / AI / Technology / IT Services,,,,,,"Mon 31st Aug, 2026",,Product & Design,https://www.hotnigerianjobs.com/hotjobs/950265/nerdbug-limited-job-recruitment-3-positions.html,2026-09-12T21:59:40+00:00
5b79d8e9607a6c39,hotnigerianjobs,950246,Sales Executive - Cybersecurity Solutions (Entry Level Position) at Foresight Innovative Solutions,,Sales Executive - Cybersecurity Solutions (Entry Level Position) at Foresight Innovative Solutions,,Nigeria,unknown,,,Computer / AI / Technology / IT Services,,,,,,,,Cybersecurity,https://www.hotnigerianjobs.com/hotjobs/950246/sales-executive-cybersecurity-solutions-entry-leve.html,2026-09-12T21:59:40+00:00
ebc3ac52db933d79,hotnigerianjobs,950206,Lead Product Manager (Hybrid) at NerdBug Limited,NerdBug Limited,"NerdBug Limited is recruiting to fill the position of: Lead Product Manager. This is a Hybrid role in Lagos State. Interested candidates should possess strong product strategy, customer discovery and prioritization skills with 4+ years of product management experience, with proven experience leading products or product teams. Apply Now",,Nigeria,hybrid,,,Computer / AI / Technology / IT Services,,,,,,"Mon 31st Aug, 2026",,Product & Design,https://www.hotnigerianjobs.com/hotjobs/950206/lead-product-manager-hybrid-at-nerdbug-limited.html,2026-09-12T21:59:40+00:00
f45ab00d530a1d54,hotnigerianjobs,950168,Sales Lead at NerdBug Limited,NerdBug Limited,"NerdBug Limited is recruiting to fill the position of: Sales Lead. The position is located in Lagos State. Interested candidates should possess a demonstrable record ofpersonally generating and closing revenue with 4+ years of proven B2B sales / business development experience, preferably in Technology, SaaS, IT Services or Consulting. Apply Now",Lagos State,Nigeria,unknown,,,Computer / AI / Technology / IT Services,,,,,,"Mon 31st Aug, 2026",,,https://www.hotnigerianjobs.com/hotjobs/950168/sales-lead-at-nerdbug-limited.html,2026-09-12T21:59:40+00:00
8f9c9414ee236fe2,hotnigerianjobs,950137,Udoba Tech Ventures Job Recruitment (3 Positions),Udoba Tech Ventures,"Udoba Tech Ventures is recruiting suitable candidates to fill the following positions in Abuja (FCT): Manager , Accountant / Bookkeeper and Professional Errand Runner / Logistics Assistant. Apply Now",Abuja (FCT),Nigeria,unknown,,,Computer / AI / Technology / IT Services,,,,,,"Mon 31st Aug, 2026",,,https://www.hotnigerianjobs.com/hotjobs/950137/udoba-tech-ventures-job-recruitment-3-positions.html,2026-09-12T21:59:40+00:00
514addddba11209b,hotnigerianjobs,950129,Caregiver at Zinance Limited (3 Openings),Zinance Limited,"Zinance Limited is recruiting to fill the position of: Caregiver. The position is located in Ikeja, Egbeda, Ajuwon - Lagos and Ogun State. Salary: N150,000 - N200,000 monthly. Interested candidates should possess relevant qualifications. Apply Now","Ikeja, Egbeda, Ajuwon - Lagos and Ogun State",Nigeria,unknown,,,Computer / AI / Technology / IT Services,,,,"N150,000 - N200,000 monthly",,"Mon 31st Aug, 2026",,,https://www.hotnigerianjobs.com/hotjobs/950129/caregiver-at-zinance-limited-3-openings.html,2026-09-12T21:59:40+00:00
96c7a548580e14f6,hotnigerianjobs,950128,Physical Therapist at Zinance Limited (2 Openings),Zinance Limited,"Zinance Limited is recruiting to fill the position of: Physical Therapist. The position is located in Ajah and Ikeja, Lagos State. Salary: N150,000 - N200,000 monthly. Interested candidates should possess relevant qualifications. Apply Now","Ajah and Ikeja, Lagos State",Nigeria,unknown,,,Computer / AI / Technology / IT Services,,,,"N150,000 - N200,000 monthly",,"Mon 31st Aug, 2026",,,https://www.hotnigerianjobs.com/hotjobs/950128/physical-therapist-at-zinance-limited-2-openings.html,2026-09-12T21:59:40+00:00
0257bcecb71c060e,hotnigerianjobs,950126,Hospital Administration Manager at Zinance Limited (4 Openings),,Hospital Administration Manager at Zinance Limited (4 Openings),,Nigeria,unknown,,,Computer / AI / Technology / IT Services,,,,,,,,,https://www.hotnigerianjobs.com/hotjobs/950126/hospital-administration-manager-at-zinance-limited.html,2026-09-12T21:59:40+00:00
b2b737faa9c9b078,hotnigerianjobs,950164,Marketing Lead at NerdBug Limited,NerdBug Limited,"NerdBug Limited is recruiting to fill the position of: Marketing Lead. The position is located in Lagos State. Interested candidates should possess relevant qualifications with 4–5+ years of hands-on marketing experience, preferably in B2B Technology, SaaS, Software or IT Services. Apply Now",Lagos State,Nigeria,unknown,,,Computer / AI / Technology / IT Services,,,,,,"Mon 31st Aug, 2026",,Other Tech,https://www.hotnigerianjobs.com/hotjobs/950164/marketing-lead-at-nerdbug-limited.html,2026-09-12T21:59:40+00:00
3afdec0b04f0abf6,hotnigerianjobs,950086,Front Desk / Executive Assistant at Velvot Nigeria Limited,Velvot Nigeria Limited,"Velvot Nigeria Limited is recruiting to fill the position of: Front Desk / Executive Assistant. The position is located in Surulere, Lagos State. Salary: N150,000 per month. Interested candidates should possess a Bachelor's Degree (B.Sc.) or Higher National Diploma (HND) in Business Administration, Office Administration, or a related field with a minimum of 2 years' experience as a Front Desk Officer, Executive Assistant, or in a similar administrative role. Apply Now","Surulere, Lagos State",Nigeria,unknown,,,Computer / AI / Technology / IT Services,,,,"N150,000 per month",,"Mon 31st Aug, 2026",,,https://www.hotnigerianjobs.com/hotjobs/950086/front-desk-executive-assistant-at-velvot-nigeria-l.html,2026-09-12T21:59:40+00:00
dd38c70471f94591,hotnigerianjobs,950151,IT Horizons Limited Job Recruitment (5 Positions),IT Horizons Limited,"IT Horizons Limited is recruiting suitably qualified candidates to fill the following positions in Lagos State: Head of Engineering, Product Manager – Cross-Border Payments & Remittance, IT Infrastructure Engineer, Business Strategy Officer, and Senior Growth & Partnership Manager. Apply Now",Lagos State,Nigeria,unknown,,,Computer / AI / Technology / IT Services,,,,,,"Mon 31st Aug, 2026",,Product & Design,https://www.hotnigerianjobs.com/hotjobs/950151/it-horizons-limited-job-recruitment-3-positions.html,2026-09-12T21:59:40+00:00
df4045ea54e2bf2b,hotnigerianjobs,950130,"Head, IT Audit at Unified Payment Services Limited",Unified Payment Services Limited,"Unified Payment Services Limited is recruiting to fill the position of: Head, IT Audit. The position is located in Lagos State. Interested candidates should possess a First Degree(s) in Information Technology, Computer Science, or related field with a minimum of 10 years of experience in IT Auditing or a similar role. Apply Now",Lagos State,Nigeria,unknown,,,Computer / AI / Technology / IT Services,,,,,,"Mon 31st Aug, 2026",,Other Tech,https://www.hotnigerianjobs.com/hotjobs/950130/head-it-audit-at-unified-payment-services-limited.html,2026-09-12T21:59:40+00:00
2969979452bd3c51,hotnigerianjobs,950015,Sales Executive at Enrol Web Services,Enrol Web Services,"Enrol Web Services is recruiting to fill the position of: Sales Executive. The position is located in surulere Lagos, State. Salary: N200,000 - N250,000 per month. Interested candidates should possess a B.Sc or HND in Business Administration, Marketing or related fields with 2-3 years experience. Apply Now","surulere Lagos, State",Nigeria,unknown,,,Computer / AI / Technology / IT Services,,,,"N200,000 - N250,000 per month",,"Mon 31st Aug, 2026",,,https://www.hotnigerianjobs.com/hotjobs/950015/sales-executive-at-enrol-web-services.html,2026-09-12T21:59:40+00:00
ba90a1093584e6d7,hotnigerianjobs,950003,Manager at Udoba Tech Ventures,Udoba Tech Ventures,"Udoba Tech Ventures is recruiting to fill the position of: Manager. The position is located in Abuja. Salary: N100,000 - N200,000 monthly. Interested candidates should possess a minimum of a Bachelor’s degree in Business Administration, Management, Engineering, Operations Research, or a related field (an MBA or professional management certification is an added advantage) with 2-5+ years of proven experience in operations management, process engineering, or project management, with a demonstrable track record of troubleshooting complex bottlenecks and scaling systems. Apply Now",Abuja,Nigeria,unknown,,,Computer / AI / Technology / IT Services,,,,"N100,000 - N200,000 monthly",,"Mon 31st Aug, 2026",,Other Tech,https://www.hotnigerianjobs.com/hotjobs/950003/manager-at-udoba-tech-ventures.html,2026-09-12T21:59:40+00:00
cdc2389d2aff606b,hotnigerianjobs,949930,Accountant / Bookkeeper at Udoba Tech Ventures,Udoba Tech Ventures,"Udoba Tech Ventures is recruiting to fill the position of: Accountant / Bookkeeper. The position is located in Abuja. Salary: N100,000 - N150,000 monthly. Interested candidates should possess a B.Sc. / HND in Accounting, Finance, Economics, or a related discipline with 1–3 years of proven experience in an accounting or finance role (fresh graduates with exceptional academic records and a strong practical grasp of bookkeeping fundamentals will be considered). Apply Now",Abuja,Nigeria,unknown,,,Computer / AI / Technology / IT Services,,,,"N100,000 - N150,000 monthly",,"Mon 31st Aug, 2026",,,https://www.hotnigerianjobs.com/hotjobs/949930/accountant-bookkeeper-at-udoba-tech-ventures.html,2026-09-12T21:59:40+00:00
6df7e48ff1dc29ad,hotnigerianjobs,949914,Accountant at Linkorgnetwork,Linkorgnetwork,"Linkorgnetwork is recruiting to fill the position of: Accountant. The position is located in Victoria Island, Lagos State. Salary: N500,000 Net monthly. Interested candidates should possess a Bachelor's Degree in Accounting, Finance, or a related field; Professional certification (ACA, ACCA, CPA, or equivalent) as an advantage with 3-5 years of accounting experience. Apply Now","Victoria Island, Lagos State",Nigeria,unknown,,,Computer / AI / Technology / IT Services,,,,"N500,000 Net monthly",,"Mon 31st Aug, 2026",,Other Tech,https://www.hotnigerianjobs.com/hotjobs/949914/accountant-at-linkorgnetwork.html,2026-09-12T21:59:40+00:00
c86ff99c0e5e2460,hotnigerianjobs,949913,Professional Errand Runner / Logistics Assistant at Udoba Tech Ventures,,Professional Errand Runner / Logistics Assistant at Udoba Tech Ventures,,Nigeria,unknown,,,Computer / AI / Technology / IT Services,,,,,,,,,https://www.hotnigerianjobs.com/hotjobs/949913/professional-errand-runner-logistics-assistant-at.html,2026-09-12T21:59:40+00:00
fef2306cd11a7607,hotnigerianjobs,949825,IT Infrastructure Engineer (Hybrid) at IT Horizons Limited,IT Horizons Limited,"IT Horizons Limited is recruiting to fill the position of: IT Infrastructure Engineer. This is a Hybrid position in Lagos State. Interested candidates should possess a University Degree in Computer Science, Computer Engineering, Software Engineering, Information Technology, or other related courses or numerate disciplines, Professional IT Certifications, such as: Microsoft MCP, Veeam, MCSA, or MCSE, RHEL VMware VCP with 1 - 3 years of experience. M.Sc will be an added advantage. Apply Now","Lagos State. Interested candidates should possess a University Degree in Computer Science, Computer Engineering, Software Engineering, Information Technology, or other related courses or numerate disciplines, Professional IT Certifications, such as",Nigeria,hybrid,,,Computer / AI / Technology / IT Services,,,,,,"Mon 31st Aug, 2026",,Software Development,https://www.hotnigerianjobs.com/hotjobs/949825/it-infrastructure-engineer-hybrid-at-it-horizons-l.html,2026-09-12T21:59:40+00:00
392494cea6a1163c,hotnigerianjobs,949809,Health Educator at a Reputable Healthcare Organization - Applinet Technology,,Health Educator at a Reputable Healthcare Organization - Applinet Technology,,Nigeria,unknown,,,Computer / AI / Technology / IT Services,,,,,,,,,https://www.hotnigerianjobs.com/hotjobs/949809/health-educator-at-applinet-technology.html,2026-09-12T21:59:40+00:00
a309564e332e6917,hotnigerianjobs,949806,Beautician at Applinet Technology,"Applinet Technology - Our client, a reputable organization","Applinet Technology - Our client, a reputable organization is recruiting to fill the position of: Beautician. The position is located in Lagos State. Salary: N150,000 - N250,000 monthly. Interested candidates should possess a High School Diploma with proven work experience as a Beautician, Cosmetologist or similar position. Applicants in Lagos State are preferable. Apply Now",Lagos State,Nigeria,unknown,,,Computer / AI / Technology / IT Services,,,,"N150,000 - N250,000 monthly",,"Mon 31st Aug, 2026",,,https://www.hotnigerianjobs.com/hotjobs/949806/beautician-at-applinet-technology.html,2026-09-12T21:59:40+00:00
50eb82e287ab5dff,hotnigerianjobs,949592,"Head, Core Banking Operations at Unified Payment Services Limited",,"Head, Core Banking Operations at Unified Payment Services Limited",,Nigeria,unknown,,,Computer / AI / Technology / IT Services,,,,,,,,,https://www.hotnigerianjobs.com/hotjobs/949592/head-core-banking-operations-at-unified-payment-se.html,2026-09-12T21:59:40+00:00
05772241c89f78ee,hotnigerianjobs,949510,RPA UiPath Engineer at Revent Technologies Limited,Revent Technologies Limited,"Revent Technologies Limited is recruiting to fill the position of: RPA UiPath Engineer. The position is located in Lagos State. Interested candidates should possess a Bachelor’s Degree in Computer Science, Information Technology, Software Engineering, or a related field with a minimum 6+ years of professional software development experience, with 4–5 years focused exclusively on enterprise-grade UiPath developments. Apply Now",Lagos State,Nigeria,unknown,,,Computer / AI / Technology / IT Services,,,,,,"Fri 28th Aug, 2026",,Software Development,https://www.hotnigerianjobs.com/hotjobs/949510/rpa-uipath-engineer-at-revent-technologies-limited.html,2026-09-12T21:59:40+00:00
dae759265b70b7f1,hotnigerianjobs,949509,Enterprise Architecture Personnel at Revent Technologies Limited,,Enterprise Architecture Personnel at Revent Technologies Limited,,Nigeria,unknown,,,Computer / AI / Technology / IT Services,,,,,,,,Other Tech,https://www.hotnigerianjobs.com/hotjobs/949509/enterprise-architecture-personnel-at-revent-techno.html,2026-09-12T21:59:40+00:00
514ad80f2042b581,hotnigerianjobs,949506,Applinet Technology Job Recruitment (12 Positions),Applinet Technology,"Applinet Technology is recruiting suitable candidates to fill the following positions in Lagos State: Health Informaticist, Emergency Room (ER) Nurse, Lab Technician, Entrepreneur, Travel Consultant, Logistic Manager, HR Consultant, Food Scientist, Public Relations Officer, Appointment Setter, Program Analyst, and Health Information Technician. Apply Now",Lagos State,Nigeria,unknown,,,Computer / AI / Technology / IT Services,,,,,,"Fri 28th Aug, 2026",,,https://www.hotnigerianjobs.com/hotjobs/949506/applinet-technology-job-recruitment-11-positions.html,2026-09-12T21:59:40+00:00
86a598a75eece8d7,hotnigerianjobs,949505,Junior Social Media Manager & Content Creator at VDL Technologies,,Junior Social Media Manager & Content Creator at VDL Technologies,,Nigeria,unknown,,,Computer / AI / Technology / IT Services,,,,,,,,,https://www.hotnigerianjobs.com/hotjobs/949505/junior-social-media-manager-content-creator-at-vdl.html,2026-09-12T21:59:40+00:00
fc9a6f449f51dcf9,hotnigerianjobs,949485,B2B Appointment Setter (Hybrid) at EasyUP Business,EasyUP Business,"EasyUP Business is recruiting to fill the position of: B2B Appointment Setter. This is a Hybrid position in Lagos State. Interested candidates should possess relevant qualifications with 2 - 4 years experience. Previous experience in cold calling, telesales, appointment setting or B2B outreach in Nigeria is an advantage with a reliable laptop, smartphone, internet connection and a suitable remote workspace. Apply Now",,Nigeria,hybrid,Country-only,,Computer / AI / Technology / IT Services,,,,,,"Fri 28th Aug, 2026",,,https://www.hotnigerianjobs.com/hotjobs/949485/b2b-appointment-setter-hybrid-at-easyup-business.html,2026-09-12T21:59:40+00:00
2ad8c8e3d8bad762,hotnigerianjobs,949449,Lab Technician at Applinet Technology,Applinet Technology,"Applinet Technology is recruiting to fill the position of: Lab Technician. The position is located in Lagos State. Salary: N150,000 - N300,000 monthly. Interested candidates should possess a Degree in Biology, Chemistry or relevant fields with proven experience as Lab Technician or relevant positions. Apply Now",Lagos State,Nigeria,unknown,,,Computer / AI / Technology / IT Services,,,,"N150,000 - N300,000 monthly",,"Fri 28th Aug, 2026",,,https://www.hotnigerianjobs.com/hotjobs/949449/lab-technician-at-applinet-technology.html,2026-09-12T21:59:40+00:00
8e611b73eb50a5dc,hotnigerianjobs,949445,Royal Resource Digital Services Job Recruitment (5 Positions),,Royal Resource Digital Services Job Recruitment (5 Positions),,Nigeria,unknown,,,Computer / AI / Technology / IT Services,,,,,,,,,https://www.hotnigerianjobs.com/hotjobs/949445/royal-resource-digital-services-job-recruitment-3.html,2026-09-12T21:59:40+00:00
121f228baefae33a,hotnigerianjobs,949482,LinkOrgNetwork Limited Job Recruitment (5 Positions),LinkOrgNetwork Limited,"LinkOrgNetwork Limited is recruiting suitably qualified candidates to fill the following positions in Lagos State: Accountant, Radio Frequency Engineer, Head of Sales IT / OEMs, Head of Sales Retail, and Sales Executive. Apply Now",Lagos State,Nigeria,unknown,,,Computer / AI / Technology / IT Services,,,,,,"Fri 28th Aug, 2026",,Other Tech,https://www.hotnigerianjobs.com/hotjobs/949482/linkorgnetwork-limited-job-recruitment-4-positions.html,2026-09-12T21:59:40+00:00
54380de5f28e7a1b,hotnigerianjobs,949390,IT Specialist (Supervisor Trainee) at Unified Payment Services Limited,,IT Specialist (Supervisor Trainee) at Unified Payment Services Limited,,Nigeria,unknown,,,Computer / AI / Technology / IT Services,,,,,,,,,https://www.hotnigerianjobs.com/hotjobs/949390/it-specialist-at-unified-payment-services-limited.html,2026-09-12T21:59:40+00:00
c4a27d3cd895f6c2,hotnigerianjobs,949394,"Head, Agency Banking Platforms at Unified Payment Services Limited",,"Head, Agency Banking Platforms at Unified Payment Services Limited",,Nigeria,unknown,,,Computer / AI / Technology / IT Services,,,,,,,,,https://www.hotnigerianjobs.com/hotjobs/949394/head-agency-banking-platforms-at-unified-payment-s.html,2026-09-12T21:59:40+00:00
471822723c965c89,hotnigerianjobs,949395,Agency Processing Specialist at Unified Payment Services Limited,,Agency Processing Specialist at Unified Payment Services Limited,,Nigeria,unknown,,,Computer / AI / Technology / IT Services,,,,,,,,,https://www.hotnigerianjobs.com/hotjobs/949395/agency-processing-specialist-at-unified-payment-se.html,2026-09-12T21:59:40+00:00
54101c14d46b09fb,hotnigerianjobs,949397,Core Banking Officer at Unified Payment Services Limited,Unified Payment Services Limited,"Unified Payment Services Limited is recruiting to fill the position of: Core Banking Officer. The position is located in Lagos State. Interested candidates should possess a Bachelor’s Degree in Banking & Finance, Accounting, Information Technology, or a related field with 5–8 years of experience in banking operations or core banking support roles. Experience working with core banking systems (e.g., Finacle, Flexcube, Temenos) is required. Apply Now",Lagos State,Nigeria,unknown,,,Computer / AI / Technology / IT Services,,,,,,"Fri 28th Aug, 2026",,Other Tech,https://www.hotnigerianjobs.com/hotjobs/949397/core-banking-officer-at-unified-payment-services-l.html,2026-09-12T21:59:40+00:00
e8a42458f24a4d05,hotnigerianjobs,949287,Radio Frequency Engineer at Linkorgnetwork,Linkorgnetwork,"Linkorgnetwork is recruiting to fill the position of: Radio Frequency Engineer. The position is located in Victoria Island, Lagos State. Salary: N275,000 - N300,000 per month. Interested candidates should possess a Bachelor’s Degree in Electrical Engineering, Telecommunications Engineering, or a related field with proven experience as an RF Engineer in telecommunications or a similar industry. Apply Now","Victoria Island, Lagos State",Nigeria,unknown,,,Computer / AI / Technology / IT Services,,,,"N275,000 - N300,000 per month",,"Fri 28th Aug, 2026",,Other Tech,https://www.hotnigerianjobs.com/hotjobs/949287/radio-frequency-engineer-at-linkorgnetwork.html,2026-09-12T21:59:40+00:00
f6c905dff8f04122,hotnigerianjobs,949274,Content Creator at Intavalto Nigeria Limited,Intavalto Nigeria Limited,"Intavalto Nigeria Limited is recruiting to fill the position of: Content Creator. The position is located in Abuja (FCT). Salary: N150,000 - N200,000 monthly. Interested candidates should possess a Bachelor’s Degree in Mass Communication, Marketing, Public Relations, Journalism, Media Studies, Communications or any related discipline with 0–1 year of relevant experience in content creation, social media management, media production, digital marketing, broadcasting, or a related role. Youth Corp members, fresh graduates with demonstrated skills or relevant experience through internships, projects, or personal platforms are welcome to apply. Apply Now",Abuja (FCT),Nigeria,unknown,,,Computer / AI / Technology / IT Services,,,,"N150,000 - N200,000 monthly",,"Fri 28th Aug, 2026",,,https://www.hotnigerianjobs.com/hotjobs/949274/content-creator-at-intavalto-nigeria-limited.html,2026-09-12T21:59:40+00:00
b9d3c09c9767b6a2,hotnigerianjobs,949162,Experienced Customer Support Executive - Real Estate at Royal Resource Digital Services,,Experienced Customer Support Executive - Real Estate at Royal Resource Digital Services,,Nigeria,unknown,,,Computer / AI / Technology / IT Services,,,,,,,,,https://www.hotnigerianjobs.com/hotjobs/949162/experienced-customer-support-executive-real-estate.html,2026-09-12T21:59:40+00:00
19465e687040867c,hotnigerianjobs,949165,"Head, Domestic Switching & Terminal Operations at Unified Payment Services Limited",,"Head, Domestic Switching & Terminal Operations at Unified Payment Services Limited",,Nigeria,unknown,,,Computer / AI / Technology / IT Services,,,,,,,,,https://www.hotnigerianjobs.com/hotjobs/949165/head-domestic-switching-terminal-operations-at-uni.html,2026-09-12T21:59:42+00:00
0f46a76dded20ce7,hotnigerianjobs,949175,E-Channels Support Specialist at Unified Payment Services Limited,,E-Channels Support Specialist at Unified Payment Services Limited,,Nigeria,unknown,,,Computer / AI / Technology / IT Services,,,,,,,,,https://www.hotnigerianjobs.com/hotjobs/949175/echannels-support-specialist-at-unified-payment-se.html,2026-09-12T21:59:42+00:00
ba4132957f6e315d,hotnigerianjobs,949160,Implementation Engineer at Unified Payment Services Limited,Unified Payment Services Limited,"Unified Payment Services Limited is recruiting to fill the position of: Implementation Engineer. The position is located in Mainland, Lagos State. Interested candidates should possess a First Degree (s) in Engineering, Computer Science, or Applied Sciences with a minimum of 3 years experience in Software development, System Integration or Application Support role. Apply Now","Mainland, Lagos State",Nigeria,unknown,,,Computer / AI / Technology / IT Services,,,,,,"Fri 28th Aug, 2026",,Other Tech,https://www.hotnigerianjobs.com/hotjobs/949160/implementation-engineer-at-unified-payment-service.html,2026-09-12T21:59:42+00:00
22ddb018abe42f17,hotnigerianjobs,949176,Domestic Switching Specialist at Unified Payment Services Limited,,Domestic Switching Specialist at Unified Payment Services Limited,,Nigeria,unknown,,,Computer / AI / Technology / IT Services,,,,,,,,,https://www.hotnigerianjobs.com/hotjobs/949176/domestic-switching-specialist-at-unified-payment-s.html,2026-09-12T21:59:42+00:00
f15d374b36b77c65,hotnigerianjobs,948954,Middleware Officer at Unified Payment Services Limited,Unified Payment Services Limited,"Unified Payment Services Limited is recruiting to fill the position of: Middleware Officer. The position is located in Lagos State. The Middleware Officer will be responsible for administering, configuring, monitoring, maintaining, and supporting the organisation’s middleware platforms and integration environments. Interested candidates should possess a Bachelor's Degree or equivalent in Computer Science, Computer Engineering, Information Technology, Software Engineering, or a related discipline with 5 - 8 years of relevant professional experience in middleware administration, application integration, systems integration, platform engineering, or a related technology environment. Apply Now",Lagos State,Nigeria,unknown,,,Computer / AI / Technology / IT Services,,,,,,"Fri 28th Aug, 2026",,Software Development,https://www.hotnigerianjobs.com/hotjobs/948954/middleware-officer-at-unified-payment-services-lim.html,2026-09-12T21:59:42+00:00
93ef93ec8d117d8f,hotnigerianjobs,948899,"Head, Middleware Platforms at Unified Payment Services Limited",,"Head, Middleware Platforms at Unified Payment Services Limited",,Nigeria,unknown,,,Computer / AI / Technology / IT Services,,,,,,,,,https://www.hotnigerianjobs.com/hotjobs/948899/head-middleware-platforms-at-unified-payment-servi.html,2026-09-12T21:59:42+00:00
49e6258e3476bbe5,hotnigerianjobs,948864,Content Creator at Tech Adventures,Tech Adventures,"Tech Adventures is recruiting to fill the position of: Content Creator. The position is located in Abuja. Salary: N200,000 - N300,000 monthly. Interested candidates should possess relevant qualifications with 1-3 years experience. Apply Now",Abuja,Nigeria,unknown,,,Computer / AI / Technology / IT Services,,,,"N200,000 - N300,000 monthly",,"Fri 28th Aug, 2026",,,https://www.hotnigerianjobs.com/hotjobs/948864/content-creator-at-tech-adventures.html,2026-09-12T21:59:42+00:00
c341a77ec3a06b6e,hotnigerianjobs,948848,Multimedia Designer at Strivo Labs,Strivo Labs,"Strivo Labs is recruiting to fill the position of: Multimedia Designer. The position is located in Lagos State. Interested candidates should possess a Bachelor’s Degree, HND, or equivalent qualification in Graphic Design, Visual Arts, Multimedia Design, Creative Arts, or a related field with 2–4 years of experience in multimedia design, graphic design, motion design, or a similar creative role. Apply Now",Lagos State,Nigeria,unknown,,,Computer / AI / Technology / IT Services,,,,,,"Fri 28th Aug, 2026",,,https://www.hotnigerianjobs.com/hotjobs/948848/multimedia-designer-at-strivo-labs.html,2026-09-12T21:59:42+00:00
a0e51a50cb47c595,hotnigerianjobs,948869,Data Center Administrator at Unified Payment Services Limited,,Data Center Administrator at Unified Payment Services Limited,,Nigeria,unknown,,,Computer / AI / Technology / IT Services,,,,,,,,Other Tech,https://www.hotnigerianjobs.com/hotjobs/948869/data-center-administrator-at-unified-payment-servi.html,2026-09-12T21:59:42+00:00
ba5489f1a4dfb09a,hotnigerianjobs,948852,IT Security Specialist at Unified Payment Services Limited,Unified Payment Services Limited,"Unified Payment Services Limited is recruiting to fill the position of: IT Security Specialist. The position is located in Lagos State. Interested candidates should possess a Bachelor's Degree (2:1 or upper credit) in Computer Science, Information Technology, Cybersecurity, Information Security, Computer Engineering, or a related discipline with a minimum of 5 years post NYSC experience. Apply Now",Lagos State,Nigeria,unknown,,,Computer / AI / Technology / IT Services,,,,,,"Fri 28th Aug, 2026",,Cybersecurity,https://www.hotnigerianjobs.com/hotjobs/948852/it-security-specialist-at-unified-payment-services.html,2026-09-12T21:59:42+00:00
069517190d274268,hotnigerianjobs,948828,"Head, IT Security at Unified Payment Services Limited",Unified Payment Services Limited,"Unified Payment Services Limited is recruiting to fill the position of: Head, IT Security. The position is located in Lagos State. Interested candidates should possess a Bachelor’s degree in Computer Science, Information Security, or a related field with a minimum of 10 years’ experience managing a security team and leading strategic security initiatives an added advantage. Apply Now",Lagos State,Nigeria,unknown,,,Computer / AI / Technology / IT Services,,,,,,"Fri 28th Aug, 2026",,Other Tech,https://www.hotnigerianjobs.com/hotjobs/948828/head-it-security-at-unified-payment-services-limit.html,2026-09-12T21:59:42+00:00
10c807f305f55334,hotnigerianjobs,948838,Network & User Administrator at Unified Payment Services Limited,,Network & User Administrator at Unified Payment Services Limited,,Nigeria,unknown,,,Computer / AI / Technology / IT Services,,,,,,,,,https://www.hotnigerianjobs.com/hotjobs/948838/network-user-administrator-at-unified-payment-serv.html,2026-09-12T21:59:42+00:00
8ebe37befa072af5,hotnigerianjobs,948843,TeKnowledge Job Recruitment (4 Positions),TeKnowledge,"TeKnowledge is recruiting suitably qualified candidates to fill the following positions in Lagos State: Software Developer, Sales Account Manager - Nigeria & West Africa, DevOps Engineer, and Network Engineer. Apply Now",Lagos State,Nigeria,unknown,,,Computer / AI / Technology / IT Services,,,,,,"Fri 28th Aug, 2026",,Software Development,https://www.hotnigerianjobs.com/hotjobs/948843/teknowledge-job-recruitment-3-positions.html,2026-09-12T21:59:42+00:00
56128213f4f85c4e,hotnigerianjobs,948833,Data Center Administrator at Unified Payment Services Limited,,Data Center Administrator at Unified Payment Services Limited,,Nigeria,unknown,,,Computer / AI / Technology / IT Services,,,,,,,,Other Tech,https://www.hotnigerianjobs.com/hotjobs/948833/data-center-administrator-at-unified-payment-servi.html,2026-09-12T21:59:42+00:00
34d533f11f4dac1b,hotnigerianjobs,948832,"Head, Clearing and Settlement Operations at Unified Payment Services Limited",,"Head, Clearing and Settlement Operations at Unified Payment Services Limited",,Nigeria,unknown,,,Computer / AI / Technology / IT Services,,,,,,,,,https://www.hotnigerianjobs.com/hotjobs/948832/head-clearing-and-settlement-operations-at-unified.html,2026-09-12T21:59:42+00:00
d64c16c875f63246,hotnigerianjobs,948802,Sales Account Manager - Nigeria & West Africa at Teknowledge,,Sales Account Manager - Nigeria & West Africa at Teknowledge,,Nigeria,unknown,,,Computer / AI / Technology / IT Services,,,,,,,,,https://www.hotnigerianjobs.com/hotjobs/948802/sales-account-manager-nigeria-west-africa-at-tekno.html,2026-09-12T21:59:42+00:00
e4a96cc82e97bcd6,hotnigerianjobs,948785,Pre-Sales & Solutions Engineer at Quali Serve Technologies Limited,,Pre-Sales & Solutions Engineer at Quali Serve Technologies Limited,,Nigeria,unknown,,,Computer / AI / Technology / IT Services,,,,,,,,Other Tech,https://www.hotnigerianjobs.com/hotjobs/948785/presales-solutions-engineer-at-quali-serve-technol.html,2026-09-12T21:59:42+00:00
ea16ac89d9daf3ce,hotnigerianjobs,948770,Implementation Engineer at Unified Payment Services Limited,Unified Payment Services Limited,"Unified Payment Services Limited is recruiting to fill the position of: Implementation Engineer. The position is located in Mainland, Lagos State. Interested candidates should possess a First Degree in Engineering, Computer Science, or Applied Sciences with 2 - 4 years’ experience in Software development, System Integration or Application Support role. Apply Now","Mainland, Lagos State",Nigeria,unknown,,,Computer / AI / Technology / IT Services,,,,,,"Fri 28th Aug, 2026",,Other Tech,https://www.hotnigerianjobs.com/hotjobs/948770/implementation-engineer-at-unified-payment-service.html,2026-09-12T21:59:42+00:00
d47af4b9dd523446,hotnigerianjobs,948761,Thronos Technologies Limited Job Recruitement (15 Openings),Thronos Technologies Limited,"Thronos Technologies Limited is recruiting suitably qualified candidates to fill the following positions in Lagos State: Project Manager, Human Resources Manager, Procurement Manager, Risk & Compliance Officer, Brand Marketer, Business Development Manager, Supply Chain Manager, Internal Auditor, Legal Officer / Legal Counsel, Accountant, Talent Acquisition Specialist, Data Analyst, IT Support / Systems Officer, Sales Manager, Senior Truck Driver, Junior Truck Driver. Apply Now",Lagos State,Nigeria,unknown,,,Computer / AI / Technology / IT Services,,,,,,"Thu 27th Aug, 2026",,Data & AI,https://www.hotnigerianjobs.com/hotjobs/948761/thronos-technologies-limited-job-recruitement-15-o.html,2026-09-12T21:59:42+00:00
62c95118362ba9a4,hotnigerianjobs,948755,Project Manager at Thronos Technologies Limited,Thronos Technologies Limited,"Thronos Technologies Limited is recruiting to fill the position of: Project Manager. The position is located in Lagos State. Salary: N250,000 - N400,000 Monthly. Interested candidates should possess a B.Sc./HND in Project Management, Business Administration, Engineering, Management or a related discipline, with 3–7 years' project management experience. PMP, PRINCE2, CAPM, or equivalent certification is strongly preferred depending on seniority. Apply Now",Lagos State,Nigeria,unknown,,,Computer / AI / Technology / IT Services,,,,"N250,000 - N400,000 Monthly",,"Thu 27th Aug, 2026",,Other Tech,https://www.hotnigerianjobs.com/hotjobs/948755/project-manager-at-thronos-technologies-limited.html,2026-09-12T21:59:42+00:00
f9ddf1b43fa3d5b0,hotnigerianjobs,948749,Human Resources Manager (Hybrid) at Thronos Technologies Limited,,Human Resources Manager (Hybrid) at Thronos Technologies Limited,,Nigeria,hybrid,,,Computer / AI / Technology / IT Services,,,,,,,,,https://www.hotnigerianjobs.com/hotjobs/948749/human-resources-manager-hybrid-at-thronos-technolo.html,2026-09-12T21:59:42+00:00
c07e16bd6390a9e6,hotnigerianjobs,948748,Procurement Manager at Thronos Technologies Limited,Thronos Technologies Limited,"Thronos Technologies Limited is recruiting to fill the position of: Procurement Manager. The position is located in Lagos State. Salary: N300,000 - N400,000 monthly. Interested candidates should possess a B.Sc Degree / HND in Procurement, Supply Chain Management, Business Administration, Logistics or related field with 5+ years' procurement experience. Apply Now",Lagos State,Nigeria,unknown,,,Computer / AI / Technology / IT Services,,,,"N300,000 - N400,000 monthly",,"Thu 27th Aug, 2026",,,https://www.hotnigerianjobs.com/hotjobs/948748/procurement-manager-at-thronos-technologies-limite.html,2026-09-12T21:59:42+00:00
612abff35940a35f,hotnigerianjobs,948747,Risk & Compliance Officer at Thronos Technologies Limited,Thronos Technologies Limited,"Thronos Technologies Limited is recruiting to fill the position of: Risk & Compliance Officer. The position is located in Lagos State. Salary: N250,000 - N400,000 per month. Interested candidates should possess a B.Sc./HND/LL.B. in a relevant discipline with 2–5 years' risk, compliance, audit or regulatory experience. Apply Now",Lagos State,Nigeria,unknown,,,Computer / AI / Technology / IT Services,,,,"N250,000 - N400,000 per month",,"Thu 27th Aug, 2026",,,https://www.hotnigerianjobs.com/hotjobs/948747/risk-compliance-officer-at-thronos-technologies-li.html,2026-09-12T21:59:42+00:00
efcfae964e2fbe4d,hotnigerianjobs,948746,Brand Marketer (Hybrid) at Thronos Technologies Limited,Thronos Technologies Limited,"Thronos Technologies Limited is recruiting to fill the position of: Brand Marketer. This is a Hybrid role in Lagos State. Interested candidates should possess a B.Sc./HND/OND in Marketing, Mass Communication, Business Administration or related field. CIM, CMI, MBA or relevant professional certification is an advantage with 5+ years' marketing experience, preferably with management responsibility. Apply Now",,Nigeria,hybrid,,,Computer / AI / Technology / IT Services,,,,,,"Thu 27th Aug, 2026",,,https://www.hotnigerianjobs.com/hotjobs/948746/brand-marketer-hybrid-at-thronos-technologies-limi.html,2026-09-12T21:59:42+00:00
02e7e92ca95f9b4c,hotnigerianjobs,948745,Business Development Manager (Hybrid) at Thronos Technologies Limited,,Business Development Manager (Hybrid) at Thronos Technologies Limited,,Nigeria,hybrid,,,Computer / AI / Technology / IT Services,,,,,,,,,https://www.hotnigerianjobs.com/hotjobs/948745/business-development-manager-at-thronos-technologi.html,2026-09-12T21:59:42+00:00
6090581f56508268,hotnigerianjobs,948739,Data Analyst (Hybrid) at Thronos Technologies Limited,Thronos Technologies Limited,"Thronos Technologies Limited is recruiting to fill the position of: Data Analyst. This is a Hybrid position in Lagos State. Salary: N250,000 - N300,000 / month. Interested candidates should possess a B.Sc. in Statistics, Mathematics, Economics, Computer Science, Data Science or related field with 2–5 years' data-analysis experience. Apply Now",Lagos State. Salary,Nigeria,hybrid,,,Computer / AI / Technology / IT Services,,,,"N250,000 - N300,000 / month",,"Thu 27th Aug, 2026",,Data & AI,https://www.hotnigerianjobs.com/hotjobs/948739/data-analyst-at-hybrid-thronos-technologies-limite.html,2026-09-12T21:59:42+00:00
09be83c7803de806,hotnigerianjobs,948738,IT Support / Systems Officer (Hybrid) at Thronos Technologies Limited,,IT Support / Systems Officer (Hybrid) at Thronos Technologies Limited,,Nigeria,hybrid,,,Computer / AI / Technology / IT Services,,,,,,,,IT Support & Networking,https://www.hotnigerianjobs.com/hotjobs/948738/it-support-systems-officer-hybrid-at-thronos-techn.html,2026-09-12T21:59:42+00:00
d7a36a32e04e20e3,hotnigerianjobs,948737,Sales Manager (Hybrid) at Thronos Technologies Limited,Thronos Technologies Limited,"Thronos Technologies Limited is recruiting to fill the position of: Sales Manager. This is a Hybrid role in Lagos State. Salary: N250,000 - N350,000 monthly. Interested candidates should possess a B.Sc. / HND in Marketing, Business Administration, Economics or related fields with 5+ years' sales experience, including supervisory / management responsibility. Apply Now",,Nigeria,hybrid,,,Computer / AI / Technology / IT Services,,,,"N250,000 - N350,000 monthly",,"Thu 27th Aug, 2026",,,https://www.hotnigerianjobs.com/hotjobs/948737/sales-manager-hybrid-at-thronos-technologies-limit.html,2026-09-12T21:59:42+00:00
df45477227821fba,hotnigerianjobs,948736,Senior Truck Drivers at Thronos Technologies Limited,Thronos Technologies Limited,"Thronos Technologies Limited is recruiting to fill the position of: Senior Truck Driver. The position is located in Lagos State. Salary: N220,000 - N250,000 / month. Interested candidates should possess a minimum of SSCE / WAEC / NECO or equivalent and Valid Nigerian driver's licence appropriate for the vehicle category with 5–6 years of driving experience. Apply Now",Lagos State,Nigeria,unknown,,,Computer / AI / Technology / IT Services,,,,"N220,000 - N250,000 / month",,"Thu 27th Aug, 2026",,,https://www.hotnigerianjobs.com/hotjobs/948736/senior-truck-drivers-at-thronos-technologies-limit.html,2026-09-12T21:59:42+00:00
b5be02d2763c0011,hotnigerianjobs,948744,Supply Chain Manager at Thronos technologies Limited,Thronos technologies Limited,"Thronos technologies Limited is recruiting to fill the position of: Supply Chain Manager. The position is located in Lagos State. Salary: N600,000 - N800,000 / month. Interested candidates should possess a B.Sc. / HND in Supply Chain Management, Procurement, Logistics, Business Administration or related field; CIPS, CSCP, CPSM or related professional certification is preferred with 5+ years' supply-chain experience. Apply Now",Lagos State,Nigeria,unknown,,,Computer / AI / Technology / IT Services,,,,"N600,000 - N800,000 / month",,"Thu 27th Aug, 2026",,,https://www.hotnigerianjobs.com/hotjobs/948744/supply-chain-manager-at-thronos-technologies-limit.html,2026-09-12T21:59:42+00:00
46eec9549ec0f535,hotnigerianjobs,948743,Internal Auditor at Thronos Technologies Limited,Thronos Technologies Limited,"Thronos Technologies Limited is recruiting to fill the position of: Internal Auditor. The position is located in Lagos State. Salary: N300,000 - N450,000 per month. Interested candidates should possess a B.Sc./ HND in Accounting, Finance, Economics or related discipline with 2–5 years' internal / external audit experience. Apply Now",Lagos State,Nigeria,unknown,,,Computer / AI / Technology / IT Services,,,,"N300,000 - N450,000 per month",,"Thu 27th Aug, 2026",,,https://www.hotnigerianjobs.com/hotjobs/948743/internal-auditor-at-thronos-technologies-limited.html,2026-09-12T21:59:42+00:00
697acd8b3d1f1dcd,hotnigerianjobs,948742,Legal Officer / Legal Counsel (Hybrid) at Thronos Technologies Limited,,Legal Officer / Legal Counsel (Hybrid) at Thronos Technologies Limited,,Nigeria,hybrid,,,Computer / AI / Technology / IT Services,,,,,,,,,https://www.hotnigerianjobs.com/hotjobs/948742/legal-officer-legal-counsel-at-thronos-technologie.html,2026-09-12T21:59:42+00:00
0a273345d6a8ca59,hotnigerianjobs,948741,Accountant at Thronos Technologies Limited (2 Openings),Thronos Technologies Limited,"Thronos Technologies Limited is recruiting to fill the position of: Accountant. The position is located in Abuja (FCT) and Lagos State. Salary: N200,000 - N250,000 monthly. The successful candidate will support management with accurate financial information and ensure that accounting activities are performed in accordance with applicable accounting standards, regulatory requirements and internal financial policies. Interested candidates should possess a B.Sc. / HND in Accounting, Finance, Economics or a related discipline with 2 – 5 years' relevant accounting experience depending on level. ICAN qualification/part-qualification is strongly preferred, with full professional qualification particularly desirable for senior accounting roles. Apply Now",Abuja (FCT) and Lagos State,Nigeria,unknown,,,Computer / AI / Technology / IT Services,,,,"N200,000 - N250,000 monthly",,"Thu 27th Aug, 2026",,,https://www.hotnigerianjobs.com/hotjobs/948741/accountant-at-thronos-technologies-limited-2-openi.html,2026-09-12T21:59:42+00:00
ea119ae1e67f4b43,hotnigerianjobs,948750,"Head, Security Operations Center at Unified Payment Services Limited",,"Head, Security Operations Center at Unified Payment Services Limited",,Nigeria,unknown,,,Computer / AI / Technology / IT Services,,,,,,,,,https://www.hotnigerianjobs.com/hotjobs/948750/head-security-operations-center-at-unified-payment.html,2026-09-12T21:59:42+00:00
24a665a64d61c7ff,hotnigerianjobs,948740,Talent Acquisition Specialist (Hybrid) at Thronos Technologies Limited,,Talent Acquisition Specialist (Hybrid) at Thronos Technologies Limited,,Nigeria,hybrid,,,Computer / AI / Technology / IT Services,,,,,,,,,https://www.hotnigerianjobs.com/hotjobs/948740/talent-acquisition-specialist-at-thronos-technolog.html,2026-09-12T21:59:42+00:00
ef772b2a6d640358,hotnigerianjobs,948626,Collection & Recovery Lead at Strivo Labs,Strivo Labs,"Strivo Labs is recruiting to fill the position of: Project Manager. The position is located in Lagos State. Interested candidates should possess a Bachelor’s Degree in Finance, Economics, Business Administration, Accounting, or a related discipline with 5–7 years of relevant experience in collections, recovery, credit risk, or debt recovery. Apply Now",Lagos State,Nigeria,unknown,,,Computer / AI / Technology / IT Services,,,,,,"Thu 27th Aug, 2026",,,https://www.hotnigerianjobs.com/hotjobs/948626/collection-recovery-lead-at-strivo-labs.html,2026-09-12T21:59:42+00:00
ad6a1b06b856caa8,hotnigerianjobs,948616,Head of Operations at Strivo Labs,Strivo Labs,"Strivo Labs is recruiting to fill the position of: Head of Operations. The position is located in Lagos State. The ideal candidate must have personally worked in the field with telematics and IoT device installations, maintenance, troubleshooting, and deployments before moving into management. Interested candidates should possess a Bachelor’s Degree (B.Sc) / HND in Engineering, Operations Management, Business Administration, Supply Chain Management, Information Technology, or a related discipline with 8 – 10 years of progressive operational management experience. Apply Now",Lagos State,Nigeria,unknown,,,Computer / AI / Technology / IT Services,,,,,,"Thu 27th Aug, 2026",,Other Tech,https://www.hotnigerianjobs.com/hotjobs/948616/head-of-operations-at-strivo-labs.html,2026-09-12T21:59:42+00:00
8f52d987f064b2b3,hotnigerianjobs,948620,Project Manager at Strivo Labs,Strivo Labs,"Strivo Labs is recruiting to fill the position of: Project Manager. The position is located in Lagos State. Interested candidates should possess a Bachelor’s Degree in Business Administration, Management, Computer Science, Information Technology, Engineering, or a related field with 4–7 years of proven project management experience. Apply Now",Lagos State,Nigeria,unknown,,,Computer / AI / Technology / IT Services,,,,,,"Thu 27th Aug, 2026",,Other Tech,https://www.hotnigerianjobs.com/hotjobs/948620/project-manager-at-strivo-labs.html,2026-09-12T21:59:42+00:00
4d8cb007b0f1e2e0,hotnigerianjobs,948613,Social Media Manager at Applinet Technology,Applinet Technology,"Applinet Technology is recruiting to fill the position of: Social Media Manager. The position is located in Lagos State. Salary: N150,000 - N300,000 monthly. Interested candidates should possess a B.Sc Degree in Marketing or relevant field with relevant experience. Apply Now",Lagos State,Nigeria,unknown,,,Computer / AI / Technology / IT Services,,,,"N150,000 - N300,000 monthly",,"Thu 27th Aug, 2026",,,https://www.hotnigerianjobs.com/hotjobs/948613/social-media-manager-at-applinet-technology.html,2026-09-12T21:59:42+00:00
08cde5da68c59a56,hotnigerianjobs,948589,Video Editor at Applinet Technology,Applinet Technology,"Applinet Technology is recruiting to fill the position of: Video Editor. The position is located in Lagos State. Salary: N150,000 - N300,000 per month. Interested candidates should possess a BSc Degree in Film Studies, Cinematography or related fields with proven work experience as a Video Editor Apply Now",Lagos State,Nigeria,unknown,,,Computer / AI / Technology / IT Services,,,,"N150,000 - N300,000 per month",,"Thu 27th Aug, 2026",,,https://www.hotnigerianjobs.com/hotjobs/948589/video-editor-at-applinet-technology.html,2026-09-12T21:59:42+00:00
a6b70aea67eb69e0,hotnigerianjobs,948638,"Head, Revenue Assurance at Unified Payment Services Limited",Unified Payment Services Limited,"Unified Payment Services Limited is recruiting to fill the position of: Head, Revenue Assurance. The position is located in Lagos State. Interested candidates should possess a Bachelor’s Degree in Accounting, Finance, Economics, or related field and ACA, ACCA, CPA, CISA, CIA, or equivalent with a minimum of 10 years relevant experience in audit leadership roles focused on revenue assurance, risk management, or financial controls. Apply Now",Lagos State,Nigeria,unknown,,,Computer / AI / Technology / IT Services,,,,,,"Thu 27th Aug, 2026",,,https://www.hotnigerianjobs.com/hotjobs/948638/head-revenue-assurance-at-unified-payment-services.html,2026-09-12T21:59:42+00:00
3e6a3cbfa412a672,hotnigerianjobs,948639,IT Audit Specialist at Unified Payment Services Limited,Unified Payment Services Limited,"Unified Payment Services Limited is recruiting to fill the position of: IT Audit Specialist. The position is located in Lagos State. Interested candidates should possess a University: First Degree(s) in Information Technology, Computer Science, or related fields with a minimum of 7 years’ experience in IT Auditing or a similar role. Understanding of the key technology and general controls around enterprise Applications and information systems. Apply Now",Lagos State,Nigeria,unknown,,,Computer / AI / Technology / IT Services,,,,,,"Thu 27th Aug, 2026",,Other Tech,https://www.hotnigerianjobs.com/hotjobs/948639/it-audit-specialist-at-unified-payment-services-li.html,2026-09-12T21:59:42+00:00
4b6fecd3c22d99c2,hotnigerianjobs,948560,Dinsanj Ventures Limited Job Recruitment (5 Positions),Dinsanj Ventures Limited,"Dinsanj Ventures Limited is recruiting to fill the following positions in Lagos State: Business Development Manager, Office Manager, Commercial Officer, Accounts & Administrative Officer, and Export Officer. Apply Now",Lagos State,Nigeria,unknown,,,Computer / AI / Technology / IT Services,,,,,,"Thu 27th Aug, 2026",,,https://www.hotnigerianjobs.com/hotjobs/948560/dinsanj-ventures-limited-job-recruitment-5-positio.html,2026-09-12T21:59:42+00:00
36e1f50412f9fe09,hotnigerianjobs,948552,BravoTechMedia Group Job Recruitment (5 Positions),BravoTechMedia Group,"BravoTechMedia Group is recruiting suitably qualified candidates to fill the following positions in Enugu State: Front Desk Officer, Brand Promoter, Developer, Data Scientist, and Video Editor. Apply Now",Enugu State,Nigeria,unknown,,,Computer / AI / Technology / IT Services,,,,,,"Thu 27th Aug, 2026",,Software Development,https://www.hotnigerianjobs.com/hotjobs/948552/bravotechmedia-group-job-recruitment-5-positions.html,2026-09-12T21:59:42+00:00
03097fcb2be06ac3,hotnigerianjobs,948540,Front Desk Officer at BravoTechMedia Group,BravoTechMedia Group,BravoTechMedia Group is recruiting to fill the position of: Front Desk Officer. The position is located in Enugu State. Interested candidates should possess relevant qualifications with experience. Apply Now,Enugu State,Nigeria,unknown,,,Computer / AI / Technology / IT Services,,,,,,"Thu 27th Aug, 2026",,,https://www.hotnigerianjobs.com/hotjobs/948540/front-desk-officer-at-bravotechmedia-group.html,2026-09-12T21:59:42+00:00
e00369c86e3808cf,hotnigerianjobs,948614,Unified Payment Services Limited Job Recruitment (29 Positions),,Unified Payment Services Limited Job Recruitment (29 Positions),,Nigeria,unknown,,,Computer / AI / Technology / IT Services,,,,,,,,,https://www.hotnigerianjobs.com/hotjobs/948614/unified-payment-services-limited-job-recruitment-4.html,2026-09-12T21:59:42+00:00
dd090dbdd1a9159e,hotnigerianjobs,948606,"Head, People & Culture at Unified Payment Services Limited",Unified Payment Services Limited,"Unified Payment Services Limited is recruiting to fill the position of: Head, People & Culture. The position is located in Lagos State. Interested candidates should possess a Bachelor's Degree in Human Resources, Industrial Relations, Psychology, Business Administration, or a related discipline; Master's Degree in Human Resources, Business Administration, or a related field is an added advantage with a minimum of 10 years of progressive HR experience, with at least 5 years in a senior HR leadership role. CIPM, SHRM-SCP, SHRM-CP, HRCI, CIPD, or equivalent professional certification. Apply Now",Lagos State,Nigeria,unknown,,,Computer / AI / Technology / IT Services,,,,,,"Thu 27th Aug, 2026",,,https://www.hotnigerianjobs.com/hotjobs/948606/head-people-culture-at-unified-payment-services-li.html,2026-09-12T21:59:42+00:00
e9bcbffae35c2d71,hotnigerianjobs,948590,"Head, IT Audit at Unified Payment Services Limited",Unified Payment Services Limited,"Unified Payment Services Limited is recruiting to fill the position of: Head, IT Audit. The position is located in Lagos State. Interested candidates should possess a First Degree(s) in Information Technology, Computer Science, or related field; Certified Information Systems Auditor (CISA), Certified Information Security Manager (CISM), ISO/IEC 27001 Lead Auditor or related professional certifications would be an added advantage with a minimum of 10 years’ experience in IT Auditing or a similar role. Apply Now",Lagos State,Nigeria,unknown,,,Computer / AI / Technology / IT Services,,,,,,"Thu 27th Aug, 2026",,Other Tech,https://www.hotnigerianjobs.com/hotjobs/948590/head-it-audit-at-unified-payment-services-limited.html,2026-09-12T21:59:42+00:00
88b6610d03315cf3,hotnigerianjobs,948533,Developers at BravoTechMedia Group,BravoTechMedia Group,BravoTechMedia Group is recruiting to fill the position of: Developer. The position is located in Enugu State. Interested candidates should possess relevant qualifications with experience. Apply Now,Enugu State,Nigeria,unknown,,,Computer / AI / Technology / IT Services,,,,,,"Thu 27th Aug, 2026",,Software Development,https://www.hotnigerianjobs.com/hotjobs/948533/developers-at-bravotechmedia-group.html,2026-09-12T21:59:42+00:00
838c502436b24bd5,hotnigerianjobs,948532,Data Scientists at BravoTechMedia Group,BravoTechMedia Group,BravoTechMedia Group is recruiting to fill the position of: Data Scientist. The position is located in Enugu State. Interested candidates should possess relevant qualifications with experience. Apply Now,Enugu State,Nigeria,unknown,,,Computer / AI / Technology / IT Services,,,,,,"Thu 27th Aug, 2026",,Data & AI,https://www.hotnigerianjobs.com/hotjobs/948532/data-scientists-at-bravotechmedia-group.html,2026-09-12T21:59:42+00:00
13e8c7dbdecf4dc6,hotnigerianjobs,948549,Sales Executive at Soft Intelligent Machines Limited,Soft Intelligent Machines Limited,"Soft Intelligent Machines Limited is recruiting to fill the position of: Sales Executive. The position is located in Ikeja, Lagos State. Interested candidates should possess a Bachelor’s Degree in Marketing, Computer Science, or any related field, a valid NYSC Certificate or Exemption Certificate is required with 1 - 3 years of experience in IT, sales, marketing, or technical support. Apply Now","Ikeja, Lagos State",Nigeria,unknown,,,Computer / AI / Technology / IT Services,,,,,,"Thu 27th Aug, 2026",,Other Tech,https://www.hotnigerianjobs.com/hotjobs/948549/sales-executive-at-soft-intelligent-machines-limit.html,2026-09-12T21:59:45+00:00
712fb702e35c233f,hotnigerianjobs,948535,Brand Promoters at BravoTechMedia Group,BravoTechMedia Group,BravoTechMedia Group is recruiting to fill the position of: Brand Promoter. The position is located in Enugu State. Interested candidates should possess relevant qualifications with experience. Apply Now,Enugu State,Nigeria,unknown,,,Computer / AI / Technology / IT Services,,,,,,"Thu 27th Aug, 2026",,,https://www.hotnigerianjobs.com/hotjobs/948535/brand-promoters-at-bravotechmedia-group.html,2026-09-12T21:59:45+00:00
aea7b2c4e139170b,hotnigerianjobs,948529,Video Editors at BravoTechMedia Group,BravoTechMedia Group,BravoTechMedia Group is recruiting to fill the position of: Video Editor. The position is located in Enugu State. Interested candidates should possess relevant qualifications with experience. Apply Now,Enugu State,Nigeria,unknown,,,Computer / AI / Technology / IT Services,,,,,,"Thu 27th Aug, 2026",,,https://www.hotnigerianjobs.com/hotjobs/948529/video-editors-at-bravotechmedia-group.html,2026-09-12T21:59:45+00:00
28508613a951b4b9,hotnigerianjobs,948525,Software Developer at PC Place Nigeria Limited,PC Place Nigeria Limited,"PC Place Nigeria Limited is recruiting to fill the position of: Software Developer. The position is located in Ikeja, Lagos State. Salary: N300,000 - N700,000 monthly. Interested candidates should possess a Bachelor’s Degree in Computer Science, Software Engineering, or related field with 4-6 years experience. Apply Now","Ikeja, Lagos State",Nigeria,unknown,,,Computer / AI / Technology / IT Services,,,,"N300,000 - N700,000 monthly",,"Thu 27th Aug, 2026",,Software Development,https://www.hotnigerianjobs.com/hotjobs/948525/software-developer-at-pc-place-nigeria-limited.html,2026-09-12T21:59:45+00:00
9cb6776da29efac4,hotnigerianjobs,948516,Credit Control Assistant at Codix Pharma Limited,Codix Pharma Limited,"Codix Pharma Limited is recruiting to fill the position of: Credit Control Assistant. The position is located in Lagos State. Interested candidates should possess an OND qualification in Accounting, Finance, Economics, Statistics or related field with excellent communication skills. Apply Now",Lagos State,Nigeria,unknown,,,Computer / AI / Technology / IT Services,,,,,,"Thu 27th Aug, 2026",,,https://www.hotnigerianjobs.com/hotjobs/948516/credit-control-assistant-at-codix-pharma-limited.html,2026-09-12T21:59:45+00:00
c1c50a0d9aab49a5,hotnigerianjobs,948482,AI Process Automation Intern at Uridium Technologies Limited,,AI Process Automation Intern at Uridium Technologies Limited,,Nigeria,unknown,,,Computer / AI / Technology / IT Services,,,,,,,,Data & AI,https://www.hotnigerianjobs.com/hotjobs/948482/ai-process-automation-intern-at-uridium-technologi.html,2026-09-12T21:59:45+00:00
c3321ba73f94c2ed,hotnigerianjobs,948474,Soft Intelligent Machines Limited Job Recruitment (5 Positions),,Soft Intelligent Machines Limited Job Recruitment (5 Positions),,Nigeria,unknown,,,Computer / AI / Technology / IT Services,,,,,,,,,https://www.hotnigerianjobs.com/hotjobs/948474/soft-intelligent-machines-limited-job-recruitment.html,2026-09-12T21:59:45+00:00
654d0b346b51365d,hotnigerianjobs,948451,Procurement & Administrative Officer at Soft Intelligent Machines Limited,,Procurement & Administrative Officer at Soft Intelligent Machines Limited,,Nigeria,unknown,,,Computer / AI / Technology / IT Services,,,,,,,,,https://www.hotnigerianjobs.com/hotjobs/948451/procurement-administrative-officer-at-soft-intelli.html,2026-09-12T21:59:45+00:00
ba7cc7570795be23,hotnigerianjobs,948442,Human Resources Officer at Soft Intelligent Machines Limited,,Human Resources Officer at Soft Intelligent Machines Limited,,Nigeria,unknown,,,Computer / AI / Technology / IT Services,,,,,,,,,https://www.hotnigerianjobs.com/hotjobs/948442/human-resources-officer-at-soft-intelligent-machin.html,2026-09-12T21:59:45+00:00
0ff3155374263626,hotnigerianjobs,948237,Bluechip Technologies Limited Job Recruitment (5 Positions),,"Bluechip Technologies Limited is currently recruiting suitable candidates to fill the following positions in Abuja and Lagos State: Personal Assistant, IT Project Manager, Senior BI Developer, Social Media Manager, and Java & C# Software Engineer. Apply Now",Abuja and Lagos State,Nigeria,unknown,,,Computer / AI / Technology / IT Services,,,,,,"Thu 27th Aug, 2026",,Software Development,https://www.hotnigerianjobs.com/hotjobs/948237/bluechip-technologies-limited-job-recruitment-3-po.html,2026-09-12T21:59:45+00:00
c129e7e2cf98ddba,hotnigerianjobs,948194,Senior BI Developer at Bluechip Technologies Limited,Bluechip Technologies Limited,"Bluechip Technologies Limited is recruiting to fill the position of: Senior BI Developer. The position is located in Lagos State. Interested candidates should possess a Bachelor's Degree (or equivalent) in Computer Science, Information Systems, Data/Business Analytics, Statistics, Engineering, or a related discipline with 5–7 years' hands-on experience in Business Intelligence and reporting development, including at least 2 years in a senior or lead capacity. Apply Now",Lagos State,Nigeria,unknown,,,Computer / AI / Technology / IT Services,,,,,,"Thu 27th Aug, 2026",,Software Development,https://www.hotnigerianjobs.com/hotjobs/948194/senior-bi-developer-at-bluechip-technologies-limit.html,2026-09-12T21:59:45+00:00
ce07ae699d589ad3,hotnigerianjobs,948190,Social Media Manager (Hybrid) at Bluechip Technologies Limited,,Social Media Manager (Hybrid) at Bluechip Technologies Limited,,Nigeria,hybrid,,,Computer / AI / Technology / IT Services,,,,,,,,,https://www.hotnigerianjobs.com/hotjobs/948190/social-media-manager-hybrid-at-bluechip-technologi.html,2026-09-12T21:59:45+00:00
2cd4eb1b3e7df2bc,hotnigerianjobs,947851,Senior Solution Sales Executive - Business AI Platform at SAP Nigeria,,Senior Solution Sales Executive - Business AI Platform at SAP Nigeria,,Nigeria,unknown,,,Computer / AI / Technology / IT Services,,,,,,,,Data & AI,https://www.hotnigerianjobs.com/hotjobs/947851/senior-solution-sales-executive-business-ai-platfo.html,2026-09-12T21:59:45+00:00
fcbabc2a9443ddd8,hotnigerianjobs,947656,NLP / AI Engineer (Hybrid) at Vennote Technologies Limited,Vennote Technologies Limited,"Vennote Technologies Limited is recruiting to fill the position of: NLP / AI Engineer. This is a Hybrid position in Lagos State. Interested candidates should possess a Degree in Data Science, Computer Science, or similar field with more than 7 years of experience ➢ Proficient in English, both verbal and written. Apply Now",,Nigeria,hybrid,,,Computer / AI / Technology / IT Services,,,,,,"Wed 26th Aug, 2026",,Data & AI,https://www.hotnigerianjobs.com/hotjobs/947656/nlp-ai-engineer-at-vennote-technologies-limited.html,2026-09-12T21:59:45+00:00
a11ee20823202708,hotnigerianjobs,947654,Conversational AI Solutions Specialist (Agentic Systems) at Vennote Technologies Limited (Hybrid),,Conversational AI Solutions Specialist (Agentic Systems) at Vennote Technologies Limited (Hybrid),,Nigeria,hybrid,,,Computer / AI / Technology / IT Services,,,,,,,,Data & AI,https://www.hotnigerianjobs.com/hotjobs/947654/conversational-ai-solutions-specialist-agentic-sys.html,2026-09-12T21:59:45+00:00
0f07e99fd98fb564,hotnigerianjobs,947603,Product and User Interface Designer (Hybrid) at Apex Network,,Product and User Interface Designer (Hybrid) at Apex Network,,Nigeria,hybrid,,,Computer / AI / Technology / IT Services,,,,,,,,,https://www.hotnigerianjobs.com/hotjobs/947603/senior-lecturer-political-science-at-christopher-u.html,2026-09-12T21:59:45+00:00
e399bb111065a844,hotnigerianjobs,947334,Senior Data Scientist (Hybrid) at Vennote Technologies Limited,,Senior Data Scientist (Hybrid) at Vennote Technologies Limited,,Nigeria,hybrid,,,Computer / AI / Technology / IT Services,,,,,,,,Data & AI,https://www.hotnigerianjobs.com/hotjobs/947334/senior-data-scientist-hybrid-at-vennote-technologi.html,2026-09-12T21:59:45+00:00
805b815b3aadf1fb,hotnigerianjobs,947309,Accountant at Jetlink Limited,Jetlink Limited,"Jetlink Limited is recruiting to fill the position of: Accountant. The position is located in Oniru, Lagos State. Interested candidates should possess a B.Sc. / HND in Accounting, Finance, or related field; ICAN (Institute of Chartered Accountants of Nigeria) certification with a minimum of 5 years' relevant accounting experience Apply Now","Oniru, Lagos State",Nigeria,unknown,,,Computer / AI / Technology / IT Services,,,,,,"Wed 26th Aug, 2026",,,https://www.hotnigerianjobs.com/hotjobs/947309/accountant-at-jetlink-limited.html,2026-09-12T21:59:45+00:00
1f4570146a32e8dc,hotnigerianjobs,947299,Business Development Executive at OneVERIFY Limited (2 Openings),,Business Development Executive at OneVERIFY Limited (2 Openings),,Nigeria,unknown,,,Computer / AI / Technology / IT Services,,,,,,,,,https://www.hotnigerianjobs.com/hotjobs/947299/business-development-executive-at-oneverify-limite.html,2026-09-12T21:59:45+00:00
241bf3fdc7a0cca2,hotnigerianjobs,947205,Strivo Labs Job Recruitment (7 Positions),Strivo Labs,"Strivo Labs is recruiting suitably qualified candidates to fill the following positions in Lagos State: Risk Manager, Application Support Engineer, Head of Operations, Project Manager, Collection & Recovery Lead, and Social Media Lead. Apply Now",Lagos State,Nigeria,unknown,,,Computer / AI / Technology / IT Services,,,,,,"Wed 26th Aug, 2026",,Other Tech,https://www.hotnigerianjobs.com/hotjobs/947205/strivo-labs-job-recruitment-3-positions.html,2026-09-12T21:59:45+00:00
526933edd3954e8e,hotnigerianjobs,947199,IT Trainer at Applinet Technology,Applinet Technology,"Applinet Technology is recruiting to fill the position of: IT Trainer. The position is located in Lagos State. Salary: N150,000 - N300,000 per month. Interested candidates should possess a relevant qualification with proven work experience as an IT Trainer, Technical Trainer or similar role. Apply Now",Lagos State,Nigeria,unknown,,,Computer / AI / Technology / IT Services,,,,"N150,000 - N300,000 per month",,"Wed 26th Aug, 2026",,Other Tech,https://www.hotnigerianjobs.com/hotjobs/947199/it-trainer-at-applinet-technology.html,2026-09-12T21:59:45+00:00
88a0f4280829796e,hotnigerianjobs,947196,Entrepreneurs at Applinet Technology,Applinet Technology,"Applinet Technology is recruiting to fill the position of: Entrepreneur. The position is located in Lagos State. Salary: N150,000 - N300,000 monthly. Interested candidates should possess relevant training and/or certifications as an Entrepreneur with proven work experience as an Entrepreneur or similar role, and understanding of systems and processes to ensure the department grows as projected. Apply Now",Lagos State,Nigeria,unknown,,,Computer / AI / Technology / IT Services,,,,"N150,000 - N300,000 monthly",,"Wed 26th Aug, 2026",,,https://www.hotnigerianjobs.com/hotjobs/947196/entrepreneurs-at-applinet-technology.html,2026-09-12T21:59:45+00:00
fc973b330319a3e0,hotnigerianjobs,947189,Risk Manager at Strivo Labs,Strivo Labs,"Strivo Labs is recruiting to fill the position of: Risk Manager. The position is located in Ikeja, Lagos State. Interested candidates should possess a Bachelor’s Degree in Finance, Economics, Accounting, Business Administration, Risk Management, Mathematics, Statistics, or a related field with 5 – 8 years of progressive experience in Risk Management, Credit Risk, Enterprise Risk, Audit, or Compliance within a Fintech, Digital Lending, Banking, Financial Services, or Payment Services environment. Apply Now","Ikeja, Lagos State",Nigeria,unknown,,,Computer / AI / Technology / IT Services,,,,,,"Wed 26th Aug, 2026",,Other Tech,https://www.hotnigerianjobs.com/hotjobs/947189/risk-manager-at-strivo-labs.html,2026-09-12T21:59:45+00:00
b5b582c8141da935,hotnigerianjobs,947201,Application Support Engineer at Strivo Labs,Strivo Labs,"Strivo Labs is recruiting to fill the position of: Application Support Engineer. The position is located in Ikeja, Lagos State. Interested candidates should possess minimum of 2nd Class Lower in a first Degree and / or Related Professional Qualification with strong knowledge of Enterprise Operating Systems in any of (Windows Server, Linux Operating System etc.) Apply Now","Ikeja, Lagos State",Nigeria,unknown,,,Computer / AI / Technology / IT Services,,,,,,"Wed 26th Aug, 2026",,Other Tech,https://www.hotnigerianjobs.com/hotjobs/947201/application-support-engineer-at-strivo-labs.html,2026-09-12T21:59:45+00:00
8183078aa0b9f4b5,hotnigerianjobs,947173,DevOps Engineer at Teknowledge,Teknowledge,"Teknowledge is recruiting to fill the position of: DevOps Engineer. The position is located in Victoria Island, Lagos State. Interested candidates should possess a Bachelor's Degree or equivalent Degree in Computer Science or another related field with knowledge of Linux OS, SQL, PL SQL, Scripting, and Container. Apply Now","Victoria Island, Lagos State",Nigeria,unknown,,,Computer / AI / Technology / IT Services,,,,,,"Wed 26th Aug, 2026",,DevOps & Cloud,https://www.hotnigerianjobs.com/hotjobs/947173/financial-shared-services-manager-at-innovations-f.html,2026-09-12T21:59:45+00:00
df18e3046bf9dce3,hotnigerianjobs,947212,Field Marketer at a Reputable Information Technology Organization - TeamAce Limited,,Field Marketer at a Reputable Information Technology Organization - TeamAce Limited,,Nigeria,unknown,,,Computer / AI / Technology / IT Services,,,,,,,,Other Tech,https://www.hotnigerianjobs.com/hotjobs/947212/field-marketer-at-a-reputable-information-technolo.html,2026-09-12T21:59:45+00:00
de17b460345c326d,hotnigerianjobs,946948,Virtual Nation Job Recruitment (7 Positions),Virtual Nation,"Virtual Nation is recruiting suitably qualified candidates to fill the following remote positions: Machine Learning Engineer, Immigration Writer, Customer Support Representative, Web Developer, Animator & Video Editor, Accountant & HR Officer, and Content Writer. Apply Now",,Nigeria,remote,Country-only,,Computer / AI / Technology / IT Services,,,,,,"Tue 25th Aug, 2026",,Software Development,https://www.hotnigerianjobs.com/hotjobs/946948/virtual-nation-job-recruitment-7-positions.html,2026-09-12T21:59:45+00:00
0f2c6a568faf6d15,hotnigerianjobs,946921,Strategic Operations Specialist at ElsaDave Consulting Limited,,Strategic Operations Specialist at ElsaDave Consulting Limited,,Nigeria,unknown,,,Computer / AI / Technology / IT Services,,,,,,,,,https://www.hotnigerianjobs.com/hotjobs/946921/strategic-operations-specialist-at-elsadave-consul.html,2026-09-12T21:59:45+00:00
c58de7635edf5728,hotnigerianjobs,946912,Customer Support Representative (Remote) at Virtual Nation,Virtual Nation,"Virtual Nation is recruiting to fill the position of: Customer Support Representative. This is a Remote Role. Interested candidates should possess strong problem-solving and conflict-resolution skills with 3+ years of experience in customer service, customer support, or a related client-facing role. Apply Now",,Nigeria,remote,Country-only,,Computer / AI / Technology / IT Services,,,,,,"Tue 25th Aug, 2026",,Other Tech,https://www.hotnigerianjobs.com/hotjobs/946912/customer-support-representative-remote-at-virtual.html,2026-09-12T21:59:45+00:00
42046e936117037b,hotnigerianjobs,946911,Web Developer (Remote) at Virtual Nation,Virtual Nation,"Virtual Nation is recruiting to fill the position of: Web Developer. This is a Remote Role. Interested candidates should possess Proficiency in HTML, CSS, JavaScript, and modern frameworks (React, Next.js, Vue.js, or similar) with 3+ years of cogent experience in web development (front-end and back-end). Apply Now",,Nigeria,remote,Country-only,,Computer / AI / Technology / IT Services,,,,,,"Tue 25th Aug, 2026",,Software Development,https://www.hotnigerianjobs.com/hotjobs/946911/web-developer-remote-at-virtual-nation.html,2026-09-12T21:59:45+00:00
5ff86d12a7e1ae5a,hotnigerianjobs,946909,Animator & Video Editor (Remote) at Virtual Nation,Virtual Nation,"Virtual Nation is recruiting to fill the position of: Animator & Video Editor. This is a Remote Role. Interested candidates should possess strong understanding of animation principles (timing, easing, motion flow) with 5+ years of overall professional experience. Apply Now",,Nigeria,remote,Country-only,,Computer / AI / Technology / IT Services,,,,,,"Tue 25th Aug, 2026",,,https://www.hotnigerianjobs.com/hotjobs/946909/animator-video-editor-remote-at-virtual-nation.html,2026-09-12T21:59:45+00:00
12fccb68738c4afa,hotnigerianjobs,946908,Accountant & HR Officer (Remote) at Virtual Nation,Virtual Nation,"Virtual Nation is recruiting to fill the position of: Accountant & HR Officer. This is a Remote Role. Interested candidates should possess minimum of a Bachelor's Degree or HND in Accounting, Finance, Business Administration, or a related field with working knowledge of both Nigerian and UK tax / regulatory requirements. Apply Now",,Nigeria,remote,Country-only,,Computer / AI / Technology / IT Services,,,,,,"Tue 25th Aug, 2026",,,https://www.hotnigerianjobs.com/hotjobs/946908/accountant-hr-officer-remote-at-virtual-nation.html,2026-09-12T21:59:45+00:00
212686e228a9d503,hotnigerianjobs,946906,Content Writer (Remote) at Veycl - Virtual Nation,"Veycl, a brand under Virtual Nation","Veycl, a brand under Virtual Nation is recruiting to fill the position of: Content Writer. This is a Remote Role. Interested candidates should possess minimum of an HND or equivalent with 5+ years of professional writing experience. Apply Now",,Nigeria,remote,Country-only,,Computer / AI / Technology / IT Services,,,,,,"Tue 25th Aug, 2026",,,https://www.hotnigerianjobs.com/hotjobs/946906/content-writer-remote-at-veycl-virtual-nation.html,2026-09-12T21:59:45+00:00
3215f7337912fb02,hotnigerianjobs,946905,Immigration Writer (Remote) at Veycl - Virtual Nation,"Veycl, a brand under Virtual Nation","Veycl, a brand under Virtual Nation is recruiting to fill the position of: Immigration Writer. This is a Remote Role. Interested candidates should possess an LL.B (Bachelor of Laws) or equivalent legal background with excellent writing and editing skills. Apply Now",,Nigeria,remote,Country-only,,Computer / AI / Technology / IT Services,,,,,,"Tue 25th Aug, 2026",,,https://www.hotnigerianjobs.com/hotjobs/946905/immigration-writer-remote-at-veycl-virtual-nation.html,2026-09-12T21:59:45+00:00
7f69794037d8306e,hotnigerianjobs,946899,Machine Learning Engineer (Remote) at Virtual Nation,Virtual Nation,"Virtual Nation is recruiting to fill the position of Machine Learning Engineer. This is a Remote Role. Interested candidates should possess strong programming skills in Python, strong knowledge of ML frameworks and libraries (TensorFlow, PyTorch, Scikit-learn) with 7+ years of overall experience in a technical role. Apply Now",,Nigeria,remote,Country-only,,Computer / AI / Technology / IT Services,,,,,,"Tue 25th Aug, 2026",,Data & AI,https://www.hotnigerianjobs.com/hotjobs/946899/machine-learning-engineer-remote-at-virtual-nation.html,2026-09-12T21:59:45+00:00
d8618ce074dd2f39,hotnigerianjobs,946579,Vennote Technologies Limited Job Recruitment (7 Positions),Vennote Technologies Limited,"Vennote Technologies Limited is recruiting to fill the following positions in Lagos State: NLP / AI Engineer, Conversational AI Solutions Specialist (Agentic Systems), Senior Data Scientist, Senior Backend Developer (Node.js and Python), IT Service Desk Engineer, Senior Data Scientist, and End User Support Engineer. Apply Now",Lagos State,Nigeria,unknown,,,Computer / AI / Technology / IT Services,,,,,,"Mon 24th Aug, 2026",,Software Development,https://www.hotnigerianjobs.com/hotjobs/946579/vennote-technologies-limited-job-recruitment-4-pos.html,2026-09-12T21:59:45+00:00
ff2f5c6f78444761,hotnigerianjobs,946565,Breezy Digital Solutions Job Recruitment (5 Positions),Breezy Digital Solutions,"Breezy Digital Solutions is recruiting to fill the following positions in Lagos State: Product Marketing Manager, React Native Developer, Key Account Officer, Data Analyst, and Legal Officer. Apply Now",Lagos State,Nigeria,unknown,,,Computer / AI / Technology / IT Services,,,,,,"Mon 24th Aug, 2026",,Software Development,https://www.hotnigerianjobs.com/hotjobs/946565/breezy-digital-solutions-job-recruitment-5-positio.html,2026-09-12T21:59:45+00:00
bd3969375a1440bb,hotnigerianjobs,946521,Project Accountant (Hybrid) at erpSoftapp,erpSoftapp,"erpSoftapp is recruiting to fill the position of: Project Accountant. The position is located in Yaba, Lagos State (Hybrid). Salary: N300,000 - N450,000 monthly. Interested candidates should possess a Degree in relevant discipline with 3 - 4 years experience. Applicant must be ICAN certified. A knowledge of IFRS is required. Apply Now","Yaba, Lagos State (Hybrid)",Nigeria,hybrid,,,Computer / AI / Technology / IT Services,,,,"N300,000 - N450,000 monthly",,"Mon 24th Aug, 2026",,Other Tech,https://www.hotnigerianjobs.com/hotjobs/946521/project-accountant-hybrid-at-erpsoftapp.html,2026-09-12T21:59:45+00:00
5b32fe344bd2a05b,hotnigerianjobs,946510,Senior Backend Developer (Node.js and Python) (Hybrid) at Vennote Technologies Limited,,Senior Backend Developer (Node.js and Python) (Hybrid) at Vennote Technologies Limited,,Nigeria,hybrid,,,Computer / AI / Technology / IT Services,,,,,,,,Software Development,https://www.hotnigerianjobs.com/hotjobs/946510/senior-backend-developer-nodejs-and-python-hybrid.html,2026-09-12T21:59:45+00:00
df77903a4e1d01e6,hotnigerianjobs,946526,erpSOFTapp Limited Internship & Exp. Job Recruitment (6 Positions),,erpSOFTapp Limited Internship & Exp. Job Recruitment (6 Positions),,Nigeria,unknown,,,Computer / AI / Technology / IT Services,,,,,,,,Other Tech,https://www.hotnigerianjobs.com/hotjobs/946526/erpsoftapp-limited-job-recruitment-6-positions.html,2026-09-12T21:59:45+00:00
c77c4edc05b268d0,hotnigerianjobs,946145,Procurement Assistant at PC Place Nigeria Limited,PC Place Nigeria Limited,"PC Place Nigeria Limited is recruiting to fill the position of: Procurement Assistant. The position is located in Lagos State. Salary: N150,000 monthly. Interested candidates should possess relevant qualifications with experience. Apply Now",Lagos State,Nigeria,unknown,,,Computer / AI / Technology / IT Services,,,,"N150,000 monthly",,"Mon 24th Aug, 2026",,,https://www.hotnigerianjobs.com/hotjobs/946145/procurement-assistant-at-pc-place-nigeria-limited.html,2026-09-12T21:59:45+00:00
1e193eac595f45be,hotnigerianjobs,946051,Logistic Manager at Applinet Technology,Applinet Technology,"Applinet Technology is recruiting to fill the position of: Logistic Manager. The position is located in Lagos State. Salary: N150,000 - N300,000 per month. Interested candidates should possess a B.Sc Degree in Business Administration, Logistics or Supply Chain with proven working experience as a Logistics Manager. Apply Now",Lagos State,Nigeria,unknown,,,Computer / AI / Technology / IT Services,,,,"N150,000 - N300,000 per month",,"Mon 24th Aug, 2026",,,https://www.hotnigerianjobs.com/hotjobs/946051/logistic-manager-at-applinet-technology.html,2026-09-12T21:59:45+00:00
15e627b79fa839bb,hotnigerianjobs,946013,Digital Marketer Intern (Remote) at Errand9ja,Errand9ja,"Errand9ja is recruiting to fill the position of: Digital Marketer Intern. This is a remote job. Interested candidates should possess a Degree or HND in Marketing, Mass Communication, Business Administration, or any field backed by a strong interest in digital media, and be current serving corp members seeking a career-building side project or Primary Assignment (PPA). Apply Now",,Nigeria,remote,Country-only,,Computer / AI / Technology / IT Services,,,,,,"Mon 24th Aug, 2026",,,https://www.hotnigerianjobs.com/hotjobs/946013/digital-marketer-intern-remote-at-errand9ja.html,2026-09-12T21:59:45+00:00
2b864b0f9b3a207f,hotnigerianjobs,946059,Travel Consultant at Applinet Technology,Applinet Technology,"Applinet Technology is recruiting to fill the position of: Travel Consultant. The position is located in Lagos State. Salary: N150,000 - N350,000 monthly. Interested candidates should possess a Degree in Hospitality, Travel, Tourism, Business or relevant fields with proven working experience as a Travel Consultant. Apply Now",Lagos State,Nigeria,unknown,,,Computer / AI / Technology / IT Services,,,,"N150,000 - N350,000 monthly",,"Mon 24th Aug, 2026",,,https://www.hotnigerianjobs.com/hotjobs/946059/travel-consultant-at-applinet-technology.html,2026-09-12T21:59:45+00:00
e1c03f86ac1fbacc,hotnigerianjobs,945847,ActiveEdge Technologies Job Recruitment (6 Positions),ActiveEdge Technologies,"ActiveEdge Technologies is recruiting suitable candidates to fill the following positions in Lagos State: Social Media & Marketing Coordinator; Vice President (VP), Software Engineering; Head Cybersecurity; Business Development Manager, Enterprise; Enterprise Account Manager; and Solution Architect (Infrastructure). Apply Now",Lagos State,Nigeria,unknown,,,Computer / AI / Technology / IT Services,,,,,,"Fri 21st Aug, 2026",,Software Development,https://www.hotnigerianjobs.com/hotjobs/945847/activeedge-technologies-job-recruitment-6-position.html,2026-09-12T21:59:45+00:00
ff2c6c3ebabef39d,hotnigerianjobs,945828,LinkOrgNetwork Limited Job Recruitment (3 Positions),LinkOrgNetwork Limited,"LinkOrgNetwork Limited is recruiting suitably qualified candidates to fill the following positions in Lagos State: Head of Sales IT / OEMs, Head of Sales Retail, and Sales Executive. Apply Now",Lagos State,Nigeria,unknown,,,Computer / AI / Technology / IT Services,,,,,,"Fri 21st Aug, 2026",,,https://www.hotnigerianjobs.com/hotjobs/945828/linkorgnetwork-limited-job-recruitment-3-positions.html,2026-09-12T21:59:45+00:00
3d96be8380e5edd0,hotnigerianjobs,945832,Social Media & Marketing Coordinator at ActiveEdge Technologies,,Social Media & Marketing Coordinator at ActiveEdge Technologies,,Nigeria,unknown,,,Computer / AI / Technology / IT Services,,,,,,,,,https://www.hotnigerianjobs.com/hotjobs/945832/social-media-marketing-coordinator-at-activeedge-t.html,2026-09-12T21:59:45+00:00
5b248432f3625f6a,hotnigerianjobs,945784,API / Automation Engineer With Nigerian Banking Experience at Tezza Business Solutions Limited,,API / Automation Engineer With Nigerian Banking Experience at Tezza Business Solutions Limited,,Nigeria,unknown,,,Computer / AI / Technology / IT Services,,,,,,,,Other Tech,https://www.hotnigerianjobs.com/hotjobs/945784/api-automation-engineer-with-nigerian-banking-expe.html,2026-09-12T21:59:45+00:00
d0f1a46d1d0cd0c1,hotnigerianjobs,945746,Head of Sales IT / OEMs at Linkorgnetwork,Linkorgnetwork,"Linkorgnetwork is recruiting to fill the position of: Head of Sales IT / OEMs. The position is located in Victoria Island, Lagos State. Salary: N700,000 - N800,000 monthly. Interested candidates should possess a Bachelor’s Degree in Business, Marketing, IT, Computer Science, Telecommunications, or a related field with at least 10+ years of experience in IT, telecommunications, ISP, technology, or B2B sales. Apply Now","Victoria Island, Lagos State",Nigeria,unknown,,,Computer / AI / Technology / IT Services,,,,"N700,000 - N800,000 monthly",,"Fri 21st Aug, 2026",,Other Tech,https://www.hotnigerianjobs.com/hotjobs/945746/head-of-sales-it-oems-at-linkorgnetwork.html,2026-09-12T21:59:45+00:00
3697803d8f3155ec,hotnigerianjobs,945789,Senior Finance Manager at a Reputable Fintech Company - TeamAce Limited,,Senior Finance Manager at a Reputable Fintech Company - TeamAce Limited,,Nigeria,unknown,,,Computer / AI / Technology / IT Services,,,,,,,,,https://www.hotnigerianjobs.com/hotjobs/945789/senior-finance-manager-at-a-reputable-fintech-comp.html,2026-09-12T21:59:45+00:00
caf8f75baa1849cb,hotnigerianjobs,945715,Head of Sales Retail at Linkorgnetwork,Linkorgnetwork,"Linkorgnetwork is recruiting to fill the position of: Head of Sales Retail. The position is located in Lagos State. Salary Range: N700,000 - N800,000 net monthly. Interested candidates should possess a Bachelor’s Degree in Business, Marketing, IT, Telecommunications, or a related field with 10+ years of proven experience in enterprise, B2B, IT, telecommunications, ISP, or technology sales. Apply Now",Lagos State,Nigeria,unknown,,,Computer / AI / Technology / IT Services,,,,,,"Fri 21st Aug, 2026",,Other Tech,https://www.hotnigerianjobs.com/hotjobs/945715/head-of-sales-retail-at-linkorgnetwork.html,2026-09-12T21:59:48+00:00
afdc592163e661fa,hotnigerianjobs,945712,Sales Executives at Linkorgnetwork,Linkorgnetwork,"Linkorgnetwork is recruiting to fill the position of: Sales Executive. The position is located in Abuja (FCT). Salary: N250,000 - N350,000 monthly. Interested candidates should possess a Bachelor’s Degree in Business, Marketing, Telecoms, or a related field with 3 – 6 years proven sales success (ISP/Telecoms experience is a BIG plus). Apply Now",Abuja (FCT),Nigeria,unknown,,,Computer / AI / Technology / IT Services,,,,"N250,000 - N350,000 monthly",,"Fri 21st Aug, 2026",,Other Tech,https://www.hotnigerianjobs.com/hotjobs/945712/sales-executives-at-linkorgnetwork.html,2026-09-12T21:59:48+00:00
98de3ffc914fad0b,hotnigerianjobs,945609,Tezza Business Solutions Limited Internship & Exp. Job Recruitment (8 Positions),,Tezza Business Solutions Limited Internship & Exp. Job Recruitment (8 Positions),,Nigeria,unknown,,,Computer / AI / Technology / IT Services,,,,,,,,,https://www.hotnigerianjobs.com/hotjobs/945609/tezza-business-solutions-limited-internship-exp-jo.html,2026-09-12T21:59:48+00:00
26ccb1e0c708d6c7,hotnigerianjobs,945578,Frontend Developer Intern art Tezza Business Solutions Limited,,Frontend Developer Intern art Tezza Business Solutions Limited,,Nigeria,unknown,,,Computer / AI / Technology / IT Services,,,,,,,,Software Development,https://www.hotnigerianjobs.com/hotjobs/945578/frontend-developer-intern-art-tezza-business-solut.html,2026-09-12T21:59:48+00:00
8931459fd8e81a4d,hotnigerianjobs,945558,UI / UX Designer Intern art Tezza Business Solutions Limited,,UI / UX Designer Intern art Tezza Business Solutions Limited,,Nigeria,unknown,,,Computer / AI / Technology / IT Services,,,,,,,,Product & Design,https://www.hotnigerianjobs.com/hotjobs/945558/ui-ux-designer-intern-art-tezza-business-solutions.html,2026-09-12T21:59:48+00:00
5103510b19572ba9,hotnigerianjobs,945584,NYSC Member - Computer Science or Statistics Background at Arit of Africa Limited,,NYSC Member - Computer Science or Statistics Background at Arit of Africa Limited,,Nigeria,unknown,,,Computer / AI / Technology / IT Services,,,,,,,,Other Tech,https://www.hotnigerianjobs.com/hotjobs/945584/nysc-member-computer-science-or-statistics-backgro.html,2026-09-12T21:59:48+00:00
0b5207ebf5282f0b,hotnigerianjobs,945582,Backend Developer Intern art Tezza Business Solutions Limited,,Backend Developer Intern art Tezza Business Solutions Limited,,Nigeria,unknown,,,Computer / AI / Technology / IT Services,,,,,,,,Software Development,https://www.hotnigerianjobs.com/hotjobs/945582/backend-developer-intern-art-tezza-business-soluti.html,2026-09-12T21:59:48+00:00
fc081bd51a8ef76b,hotnigerianjobs,945416,Care Coordinator at Zinance Limited (2 Openings),Zinance Limited,"Zinance Limited is recruiting to fill the position of: Care Coordinator. The position is located in Akute - Ogun, and Ikeja - Lagos States. Salary: N150,000 - N200,000 monthly. Interested candidates should possess relevant qualifications. Apply Now","Akute - Ogun, and Ikeja - Lagos States",Nigeria,unknown,,,Computer / AI / Technology / IT Services,,,,"N150,000 - N200,000 monthly",,"Fri 21st Aug, 2026",,,https://www.hotnigerianjobs.com/hotjobs/945416/care-coordinator-at-zinance-limited-2-openings.html,2026-09-12T21:59:48+00:00
91ca68a0623ae042,hotnigerianjobs,945415,Hospice Nurse at Zinance Limited - 2 Openings,Zinance Limited,"Zinance Limited is recruiting to fill the position of: Hospice Nurse. The position is located in Ikotun - Lagos and Ogun States. Salary: N120,000 - N180,000 monthly. Interested candidates should possess relevant qualifications and experience. Apply Now",Ikotun - Lagos and Ogun States,Nigeria,unknown,,,Computer / AI / Technology / IT Services,,,,"N120,000 - N180,000 monthly",,"Fri 21st Aug, 2026",,,https://www.hotnigerianjobs.com/hotjobs/945415/hospice-nurse-at-zinance-limited-2-openings.html,2026-09-12T21:59:48+00:00
66303109921997fb,hotnigerianjobs,945420,Zinance Limited Job Recruitment (7 Positions),Zinance Limited,"Zinance Limited is recruiting suitably qualified candidates to fill the following positions in Ogun and Lagos States: Care Coordinator, Medical Administrative Assistant, Community Health Worker, Biologist, Nurse Practitioner, Health Care Administrator, and Caregiver. Apply Now",Ogun and Lagos States,Nigeria,unknown,,,Computer / AI / Technology / IT Services,,,,,,"Fri 21st Aug, 2026",,,https://www.hotnigerianjobs.com/hotjobs/945420/zinance-limited-job-recruitment-6-positions.html,2026-09-12T21:59:48+00:00
dcf2b30919d67600,hotnigerianjobs,945414,Business Development Manager (BDM) at Logirate,Logirate,"Logirate is recruiting to fill the position of: Business Development Manager (BDM). The position is located in Lagos State. Interested candidates should possess a Bachelor’s Degree in Business Administration, Marketing, Management, or a related field with 2 – 5 years of experience in business development, sales, partnerships, or a related role. Apply Now",Lagos State,Nigeria,unknown,,,Computer / AI / Technology / IT Services,,,,,,"Fri 21st Aug, 2026",,,https://www.hotnigerianjobs.com/hotjobs/945414/business-development-manager-bdm-at-logirate.html,2026-09-12T21:59:48+00:00
744a436cea4345ac,hotnigerianjobs,945413,Medical Administrative Assistant at Zinance Limited,Zinance Limited,"Zinance Limited is recruiting to fill the position of: Medical Administrative Assistant. The position is located in Ikeja, Lagos State. Salary: N130,000 - N200,000 monthly. Interested candidates should possess knowledge of healthcare operations with hands on experience with medical software and MS Office. Apply Now","Ikeja, Lagos State",Nigeria,unknown,,,Computer / AI / Technology / IT Services,,,,"N130,000 - N200,000 monthly",,"Fri 21st Aug, 2026",,Other Tech,https://www.hotnigerianjobs.com/hotjobs/945413/medical-administrative-assistant-at-zinance-limite.html,2026-09-12T21:59:48+00:00
fe5f9f2490a30f00,hotnigerianjobs,945344,Velvot Nigeria Limited Job Recruitment (4 Positions),Velvot Nigeria Limited,"Velvot Nigeria Limited is recruiting suitably qualified candidates to fill the following positions in Lagos State: Technical Support Executive (Operations Engineer), Subscription & Customer Success Executive, Business Development / Sales Executive, and Digital Marketing Associate. Apply Now",Lagos State,Nigeria,unknown,,,Computer / AI / Technology / IT Services,,,,,,"Fri 21st Aug, 2026",,Other Tech,https://www.hotnigerianjobs.com/hotjobs/945344/velvot-nigeria-limited-job-recruitment-4-positions.html,2026-09-12T21:59:48+00:00
58268040c665f0f2,hotnigerianjobs,945342,Technical Support Executive (Operations Engineer) at Velvot Nigeria Limited,,Technical Support Executive (Operations Engineer) at Velvot Nigeria Limited,,Nigeria,unknown,,,Computer / AI / Technology / IT Services,,,,,,,,Other Tech,https://www.hotnigerianjobs.com/hotjobs/945342/technical-support-executive-operations-engineer-at.html,2026-09-12T21:59:48+00:00
c0f1e2cab7857ed7,hotnigerianjobs,945275,HR Consultant at Applinet Technology,Applinet Technology,"Applinet Technology is recruiting to fill the position of: HR Consultant. The position is located in Lagos State. Salary: N150,000 - N300,000 monthly. Interested candidates should possess a BSc / BA in Human Resources, Business Administration or relevant field with proven experience as hr consultant. Apply Now",Lagos State,Nigeria,unknown,,,Computer / AI / Technology / IT Services,,,,"N150,000 - N300,000 monthly",,"Fri 21st Aug, 2026",,,https://www.hotnigerianjobs.com/hotjobs/945275/hr-consultant-at-applinet-technology.html,2026-09-12T21:59:48+00:00
2bccc99e24926be3,hotnigerianjobs,945292,Subscription & Customer Success Executive at Velvot Nigeria Limited,,Subscription & Customer Success Executive at Velvot Nigeria Limited,,Nigeria,unknown,,,Computer / AI / Technology / IT Services,,,,,,,,,https://www.hotnigerianjobs.com/hotjobs/945292/subscription-customer-success-executive-at-velvot.html,2026-09-12T21:59:48+00:00
31bd52ca64bb590a,hotnigerianjobs,945262,Applinet Technology Job Recruitment (15 Positions),Applinet Technology,"Applinet Technology is recruiting suitable candidates to fill the following positions in Lagos and Ogun States: Entrepreneur, Travel Consultant, HR Consultant, Food Scientist, Prompt Engineer, Public Relations Officer, Health Information Technician, Inventory Clerk, Appointment Setter, Treasurer, Finance Clerk, Corporate Trainer, Stockbroker, and Retail Trainer. Apply Now",Lagos and Ogun States,Nigeria,unknown,,,Computer / AI / Technology / IT Services,,,,,,"Fri 21st Aug, 2026",,Other Tech,https://www.hotnigerianjobs.com/hotjobs/945262/applinet-technology-job-recruitment-11-positions.html,2026-09-12T21:59:48+00:00
11bf8b886ae47ffe,hotnigerianjobs,945233,Food Scientist at Applinet Technology,Applinet Technology,"Applinet Technology is recruiting to fill the position of: Food Scientist. The position is located in Lagos State. Salary: N150,000 - N300,000 monthly. Interested candidates should possess relevant qualifications, relevant training and / or certifications as a Food Scientist with proven work experience as a Food Scientist or similar role. Apply Now",Lagos State,Nigeria,unknown,,,Computer / AI / Technology / IT Services,,,,"N150,000 - N300,000 monthly",,"Fri 21st Aug, 2026",,,https://www.hotnigerianjobs.com/hotjobs/945233/food-scientist-at-applinet-technology.html,2026-09-12T21:59:48+00:00
8d2817174030a9b7,hotnigerianjobs,945217,"Admin & Logistic Manager at an Innovation-led, and Technology-driven Knowledge Organization - Westfield Consulting Limited",,"Admin & Logistic Manager at an Innovation-led, and Technology-driven Knowledge Organization - Westfield Consulting Limited",,Nigeria,unknown,,,Computer / AI / Technology / IT Services,,,,,,,,,https://www.hotnigerianjobs.com/hotjobs/945217/admin-logistic-manager-at-an-innovationled-and-tec.html,2026-09-12T21:59:48+00:00
d8afe82d67596728,hotnigerianjobs,945207,"Creative Designer – Motion & Graphics Specialist at an Innovation-led, and Technology-driven Knowledge Organization - Westfield Consulting Limited",,"Creative Designer – Motion & Graphics Specialist at an Innovation-led, and Technology-driven Knowledge Organization - Westfield Consulting Limited",,Nigeria,unknown,,,Computer / AI / Technology / IT Services,,,,,,,,,https://www.hotnigerianjobs.com/hotjobs/945207/creative-designer-motion-graphics-specialist-at-an.html,2026-09-12T21:59:48+00:00
d72eac23a98ce816,hotnigerianjobs,945205,"Enterprise Risk Management Officer at an Innovation-led, and Technology-driven Knowledge Organization - Westfield Consulting Limited",,"Enterprise Risk Management Officer at an Innovation-led, and Technology-driven Knowledge Organization - Westfield Consulting Limited",,Nigeria,unknown,,,Computer / AI / Technology / IT Services,,,,,,,,Other Tech,https://www.hotnigerianjobs.com/hotjobs/945205/enterprise-risk-management-officer-at-an-innovatio.html,2026-09-12T21:59:48+00:00
b471b467a481a21a,hotnigerianjobs,945199,"Executive Assistant to the MD/CEO at an Innovation-led, and Technology-driven Knowledge Organization - Westfield Consulting Limited",,"Executive Assistant to the MD/CEO at an Innovation-led, and Technology-driven Knowledge Organization - Westfield Consulting Limited",,Nigeria,unknown,,,Computer / AI / Technology / IT Services,,,,,,,,,https://www.hotnigerianjobs.com/hotjobs/945199/executive-assistant-to-the-mdceo-at-an-innovationl.html,2026-09-12T21:59:48+00:00
9afe43b8329cf3df,hotnigerianjobs,945198,"Team Lead, Digital Learning at an Innovation-led, and Technology-driven Knowledge Company - Westfield Consulting Limited",,"Team Lead, Digital Learning at an Innovation-led, and Technology-driven Knowledge Company - Westfield Consulting Limited",,Nigeria,unknown,,,Computer / AI / Technology / IT Services,,,,,,,,,https://www.hotnigerianjobs.com/hotjobs/945198/team-lead-digital-learning-at-an-innovationled-and.html,2026-09-12T21:59:48+00:00
1ab8de51ba35a3ac,hotnigerianjobs,945197,"Market Research Specialist at an Innovation-led, and Technology-driven Knowledge Organization - Westfield Consulting Limited",,"Market Research Specialist at an Innovation-led, and Technology-driven Knowledge Organization - Westfield Consulting Limited",,Nigeria,unknown,,,Computer / AI / Technology / IT Services,,,,,,,,,https://www.hotnigerianjobs.com/hotjobs/945197/market-research-specialist-at-an-innovationled-and.html,2026-09-12T21:59:48+00:00
700cbe066bbf31ee,hotnigerianjobs,945212,"Manager, Finance & Account at an Innovation-Led, and Technology-Driven Knowledge Organization - Westfield Consulting Limited",,"Manager, Finance & Account at an Innovation-Led, and Technology-Driven Knowledge Organization - Westfield Consulting Limited",,Nigeria,unknown,,,Computer / AI / Technology / IT Services,,,,,,,,,https://www.hotnigerianjobs.com/hotjobs/945212/manager-finance-account-at-an-innovationled-and-te.html,2026-09-12T21:59:48+00:00
d8703920ccddfb93,hotnigerianjobs,945211,Graphics & Motion Designer at Jollof.com - Estuary Business Solutions Limited,,Graphics & Motion Designer at Jollof.com - Estuary Business Solutions Limited,,Nigeria,unknown,,,Computer / AI / Technology / IT Services,,,,,,,,,https://www.hotnigerianjobs.com/hotjobs/945211/graphics-motion-designer-at-jollofcom-estuary-busi.html,2026-09-12T21:59:48+00:00
433406ba41aea8ee,hotnigerianjobs,945210,Human Capital Consultant at a Technology-Driven Knowledge Organization - Westfield Consulting Limited,,Human Capital Consultant at a Technology-Driven Knowledge Organization - Westfield Consulting Limited,,Nigeria,unknown,,,Computer / AI / Technology / IT Services,,,,,,,,,https://www.hotnigerianjobs.com/hotjobs/945210/human-capital-consultant-at-a-technologydriven-kno.html,2026-09-12T21:59:48+00:00
f47535ad19c55d52,hotnigerianjobs,945194,"Team Lead, Strategy and Governance Advisory at an Innovation-led, and Technology-driven Knowledge Organization - Westfield Consulting Limited",,"Team Lead, Strategy and Governance Advisory at an Innovation-led, and Technology-driven Knowledge Organization - Westfield Consulting Limited",,Nigeria,unknown,,,Computer / AI / Technology / IT Services,,,,,,,,,https://www.hotnigerianjobs.com/hotjobs/945194/team-lead-strategy-and-governance-advisory-at-an-i.html,2026-09-12T21:59:48+00:00
46706e7e4fbda2c1,hotnigerianjobs,945192,"Learning Programmes Manager at an Innovation-led, and Technology-driven Knowledge Organization - Westfield Consulting Limited",,"Learning Programmes Manager at an Innovation-led, and Technology-driven Knowledge Organization - Westfield Consulting Limited",,Nigeria,unknown,,,Computer / AI / Technology / IT Services,,,,,,,,,https://www.hotnigerianjobs.com/hotjobs/945192/learning-programmes-manager-at-an-innovationled-an.html,2026-09-12T21:59:48+00:00
d00b77173123cd0e,hotnigerianjobs,945190,"Team Lead, Tailored Learning at an Innovation-led, and Technology-driven Knowledge Organization - Westfield Consulting Limited",,"Team Lead, Tailored Learning at an Innovation-led, and Technology-driven Knowledge Organization - Westfield Consulting Limited",,Nigeria,unknown,,,Computer / AI / Technology / IT Services,,,,,,,,,https://www.hotnigerianjobs.com/hotjobs/945190/team-lead-tailored-learning-at-an-innovationled-an.html,2026-09-12T21:59:48+00:00
bc1a952867f1a01a,hotnigerianjobs,945188,Merchant Acquisition Executive - POS Solutions (Hybrid) at a FinTech Company - Future Moves Recruitment Agency (FMR Agency),,Merchant Acquisition Executive - POS Solutions (Hybrid) at a FinTech Company - Future Moves Recruitment Agency (FMR Agency),,Nigeria,hybrid,,,Computer / AI / Technology / IT Services,,,,,,,,,https://www.hotnigerianjobs.com/hotjobs/945188/merchant-acquisition-executive-pos-solutions-at-fi.html,2026-09-12T21:59:48+00:00
ef9f4f933ebba792,hotnigerianjobs,945077,UrbanCycle Interiors and Events Job Recruitment (3 Positions),,UrbanCycle Interiors and Events Job Recruitment (3 Positions),,Nigeria,unknown,,,Computer / AI / Technology / IT Services,,,,,,,,,https://www.hotnigerianjobs.com/hotjobs/945077/urbancycle-interiors-and-events-job-recruitment-3.html,2026-09-12T21:59:48+00:00
a8602130df87d64e,hotnigerianjobs,945112,Code Lab IT & Engineering Services Job Recruitment (4 Positions),,Code Lab IT & Engineering Services Job Recruitment (4 Positions),,Nigeria,unknown,,,Computer / AI / Technology / IT Services,,,,,,,,Other Tech,https://www.hotnigerianjobs.com/hotjobs/945112/code-lab-it-engineering-services-job-recruitment-4.html,2026-09-12T21:59:48+00:00
8dcfa91991ff22fb,hotnigerianjobs,945030,Ads / Performance Marketing Specialist at Havana Group of Companies,,Ads / Performance Marketing Specialist at Havana Group of Companies,,Nigeria,unknown,,,Computer / AI / Technology / IT Services,,,,,,,,,https://www.hotnigerianjobs.com/hotjobs/945030/ads-performance-marketing-specialist-at-havana-gro.html,2026-09-12T21:59:48+00:00
b9964e9b32ebfbb6,hotnigerianjobs,944952,Digital Marketing & Cold Call Agent at CodelabProjects,CodelabProjects,"CodelabProjects is recruiting to fill the position of: Digital Marketing & Cold Call Agent. The position is located in Sabon-Lugbe, Airport Road Abuja (FCT). Salary: N220,000 / month. Interested candidates should possess a Bachelor's degree in computer science, Engineering, Information Technology, or a related field preferred. Candidates must have completed NYSC or currently serving candidates may apply. Apply Now","Sabon-Lugbe, Airport Road Abuja (FCT)",Nigeria,unknown,,,Computer / AI / Technology / IT Services,,,,"N220,000 / month",,"Thu 20th Aug, 2026",,Other Tech,https://www.hotnigerianjobs.com/hotjobs/944952/digital-marketing-cold-call-agent-at-codelabprojec.html,2026-09-12T21:59:48+00:00
1e1fc9f9ba616d3b,hotnigerianjobs,944934,Facility / Electrical Technician at CodelabProjects,CodelabProjects,"CodelabProjects is recruiting to fill the position of: Facility / Electrical Technician. The position is located in Sabon-Lugbe, Abuja (FCT). Salary: N170,000 monthly. Interested candidates should possess a Bachelor’s Degree or HND in Electrical Engineering or a related field with strong hands-on experience in electrical installation, troubleshooting, and maintenance and only those residing within Lugbe, Airport Road, Galadimawa, and nearby areas will be considered. Apply Now","Sabon-Lugbe, Abuja (FCT)",Nigeria,unknown,,,Computer / AI / Technology / IT Services,,,,"N170,000 monthly",,"Thu 20th Aug, 2026",,Other Tech,https://www.hotnigerianjobs.com/hotjobs/944934/facility-electrical-technician-at-codelabprojects.html,2026-09-12T21:59:48+00:00
638739469475f28b,hotnigerianjobs,944912,Office Support Staff at Coniah Systems Support Limited,Coniah Systems Support Limited,"Coniah Systems Support Limited is recruiting to fill the position of: Office Support Staff. The position is located in Ikeja, Lagos State. Interested candidates should possess a relevant qualification with relevant working experience. Candidates must reside around Allen, Ogba, Ikeja and its axis. Apply Now","Ikeja, Lagos State",Nigeria,unknown,,,Computer / AI / Technology / IT Services,,,,,,"Thu 20th Aug, 2026",,,https://www.hotnigerianjobs.com/hotjobs/944912/office-support-staff-at-coniah-systems-support-lim.html,2026-09-12T21:59:48+00:00
16e7cbba44e7bfc7,hotnigerianjobs,944819,Assistant Tutor at Techyta Academy,Techyta Academy,"Techyta Academy is recruiting to fill the position of: Assistant Tutor. The position is located in Abuja (FCT). Interested candidates should possess a Bachelor’s Degree / HND in Computer Science, Information Technology, Education, or a related field with 1–2 years’ experience in teaching, tutoring, mentoring, or a related role. Apply Now",Abuja (FCT),Nigeria,unknown,,,Computer / AI / Technology / IT Services,,,,,,"Thu 20th Aug, 2026",,Other Tech,https://www.hotnigerianjobs.com/hotjobs/944819/assistant-tutor-at-techyta-academy.html,2026-09-12T21:59:48+00:00
cb7213815067aaa8,hotnigerianjobs,944739,"IT, Technology & Programming Tutor at Techyta Academy",Techyta Academy,"Techyta Academy is recruiting to fill the position of: IT, Technology & Programming Tutor. The position is located in Abuja (FCT). Interested candidates should possess a Bachelor’s Degree / HND in Computer Science, Information Technology, Software Engineering, Computer Engineering, Data Science, Education Technology, or a related field with a minimum 4 years’ teaching experience in IT, technology, computer science, or programming. Apply Now",Abuja (FCT),Nigeria,unknown,,,Computer / AI / Technology / IT Services,,,,,,"Thu 20th Aug, 2026",,Software Development,https://www.hotnigerianjobs.com/hotjobs/944739/it-technology-programming-tutor-at-techyta-academy.html,2026-09-12T21:59:48+00:00
d35839fd43f3ceb2,hotnigerianjobs,944743,Front Desk Officer / Course Advisor at Techyta Academy,Techyta Academy,"Techyta Academy is recruiting to fill the position of: Front Desk Officer / Course Advisor. The position is located in Asokoro, Abuja (FCT). Interested candidates should possess a Bachelor’s Degree / HND in Business Administration, Mass Communication, Public Administration, Office Administration, Marketing, Education, or a related discipline with 1 – 3 years’ experience in reception, customer service, administration, admissions, or a similar role. Apply Now","Asokoro, Abuja (FCT)",Nigeria,unknown,,,Computer / AI / Technology / IT Services,,,,,,"Thu 20th Aug, 2026",,,https://www.hotnigerianjobs.com/hotjobs/944743/front-desk-officer-course-advisor-at-techyta-acade.html,2026-09-12T21:59:48+00:00
38c87eb8b1e37086,hotnigerianjobs,944721,Guangzhou Mengsen Technologies Job Recruitment (6 Positions),,Guangzhou Mengsen Technologies Job Recruitment (6 Positions),,Nigeria,unknown,,,Computer / AI / Technology / IT Services,,,,,,,,,https://www.hotnigerianjobs.com/hotjobs/944721/guangzhou-mengsen-technologies-job-recruitment-6-p.html,2026-09-12T21:59:48+00:00
c3c7e9faebcb0092,hotnigerianjobs,944658,IT Manager at Guangzhou Mengsen Technologies,Guangzhou Mengsen Technologies,"Guangzhou Mengsen Technologies is recruiting to fill the position of: IT Manager. The position is located in Apapa, Lagos State. Interested candidates should possess a Bachelor’s Degree in Computer Science, Information Technology, Engineering, or a related field with 5+ years of relevant IT experience, preferably in a managerial or senior technical role. Apply Now","Apapa, Lagos State",Nigeria,unknown,,,Computer / AI / Technology / IT Services,,,,,,"Thu 20th Aug, 2026",,Other Tech,https://www.hotnigerianjobs.com/hotjobs/944658/it-manager-at-guangzhou-mengsen-technologies.html,2026-09-12T21:59:48+00:00
b243bdcbc51fe34a,hotnigerianjobs,944591,Prompt Engineer at Applinet Technology,Applinet Technology,"Applinet Technology is recruiting to fill the position of: Prompt Engineer. The position is located in Lagos State. Salary: N150,000 - N300,000 monthly. Interested candidates should have proven work experience as a Prompt Engineer or in a similar role, with Strong verbal and written communication skills. Apply Now",Lagos State,Nigeria,unknown,,,Computer / AI / Technology / IT Services,,,,"N150,000 - N300,000 monthly",,"Thu 20th Aug, 2026",,Other Tech,https://www.hotnigerianjobs.com/hotjobs/944591/prompt-engineer-at-applinet-technology.html,2026-09-12T21:59:48+00:00
3edd6091910bd99e,hotnigerianjobs,944581,Public Relation Officer at Applinet Technology,Applinet Technology,"Applinet Technology is recruiting to fill the position of: Public Relation Officer. The position is located in Lagos State. Salary: N150,000 - N300,000 monthly. Interested candidates should possess a B.Sc/BA in Public Relations, Journalism, Communications or a related field with experience as a Public Relations Officer or similar PR role. Apply Now",Lagos State,Nigeria,unknown,,,Computer / AI / Technology / IT Services,,,,"N150,000 - N300,000 monthly",,"Thu 20th Aug, 2026",,,https://www.hotnigerianjobs.com/hotjobs/944581/public-relation-officer-at-applinet-technology.html,2026-09-12T21:59:48+00:00
b4e0ee7e7ded989f,hotnigerianjobs,944337,Mining & Exploration Specialist at a Diversified Conglomerate - Tophire Africa,,Mining & Exploration Specialist at a Diversified Conglomerate - Tophire Africa,,Nigeria,unknown,,,Computer / AI / Technology / IT Services,,,,,,,,,https://www.hotnigerianjobs.com/hotjobs/944337/mining-exploration-specialist-at-an-oil-gas-mining.html,2026-09-12T21:59:48+00:00
f107065500dca55a,hotnigerianjobs,944342,Enterprise Sales Manager - Managed Services at Wragby Business Solutions & Technologies Limited,,Enterprise Sales Manager - Managed Services at Wragby Business Solutions & Technologies Limited,,Nigeria,unknown,,,Computer / AI / Technology / IT Services,,,,,,,,Other Tech,https://www.hotnigerianjobs.com/hotjobs/944342/enterprise-sales-manager-managed-services-at-wragb.html,2026-09-12T21:59:48+00:00
d08e20e363eec56d,hotnigerianjobs,944096,Business Development / Sales Executive at Velvot Nigeria Limited,,Business Development / Sales Executive at Velvot Nigeria Limited,,Nigeria,unknown,,,Computer / AI / Technology / IT Services,,,,,,,,,https://www.hotnigerianjobs.com/hotjobs/944096/business-development-sales-executive-at-velvot-nig.html,2026-09-12T21:59:48+00:00
b981def2d9e013d7,hotnigerianjobs,943885,Amazon Web Services Nigeria Limited Job Recruitment (3 Positions),,Amazon Web Services Nigeria Limited Job Recruitment (3 Positions),,Nigeria,unknown,,,Computer / AI / Technology / IT Services,,,,,,,,,https://www.hotnigerianjobs.com/hotjobs/943885/amazon-web-services-nigeria-limited-job-recruitmen.html,2026-09-12T21:59:48+00:00
03c7ab27db4696f5,hotnigerianjobs,943818,IT Service Desk Engineer at Vennote Technologies Limited,Vennote Technologies Limited,"Vennote Technologies Limited is recruiting to fill the position of: IT Service Desk Engineer. The position is located in Lagos State. Interested candidates should possess a Bachelor’s Degree or HND in Computer Science, Information Technology, Electrical Engineering, or a closely related field with 3–4+ years of proven experience in an IT Service Desk, Help Desk, or End-User Support environment. Apply Now",Lagos State,Nigeria,unknown,,,Computer / AI / Technology / IT Services,,,,,,"Wed 19th Aug, 2026",,Other Tech,https://www.hotnigerianjobs.com/hotjobs/943818/it-service-desk-engineer-at-vennote-technologies-l.html,2026-09-12T21:59:48+00:00
a6227380bf5ba19f,hotnigerianjobs,943820,Fortesoft Systems Limited-NIIT Job Recruitment (6 Positions),,Fortesoft Systems Limited-NIIT Job Recruitment (6 Positions),,Nigeria,unknown,,,Computer / AI / Technology / IT Services,,,,,,,,,https://www.hotnigerianjobs.com/hotjobs/943820/fortesoft-systems-limitedniit-job-recruitment-5-po.html,2026-09-12T21:59:48+00:00
4958fd392436f595,hotnigerianjobs,943814,Senior Data Scientist at Vennote Technologies Limited,Vennote Technologies Limited,"Vennote Technologies Limited is recruiting to fill the position of: Senior Data Scientist. The position is located in Lagos State. Interested candidates should possess a Degree in Software Engineering, Computer Science, or similar field with over 7 years+ experience in building Descriptive/ Predictive/ Prescriptive analytical data models. Apply Now",Lagos State,Nigeria,unknown,,,Computer / AI / Technology / IT Services,,,,,,"Wed 19th Aug, 2026",,Software Development,https://www.hotnigerianjobs.com/hotjobs/943814/senior-data-scientist-at-vennote-technologies-limi.html,2026-09-12T21:59:51+00:00
18df6aaf4106ca36,hotnigerianjobs,943783,AWS Solutions Architect (SA) at Amazon Web Services Nigeria Limited,,AWS Solutions Architect (SA) at Amazon Web Services Nigeria Limited,,Nigeria,unknown,,,Computer / AI / Technology / IT Services,,,,,,,,Other Tech,https://www.hotnigerianjobs.com/hotjobs/943783/aws-solutions-architect-sa-at-amazon-web-services.html,2026-09-12T21:59:51+00:00
e72f0b1c3c5f606a,hotnigerianjobs,943780,"Enterprise Account Manager, Nigeria - AWS Account Management, SSA at Amazon Web Services Nigeria Limited",,"Enterprise Account Manager, Nigeria - AWS Account Management, SSA at Amazon Web Services Nigeria Limited",,Nigeria,unknown,,,Computer / AI / Technology / IT Services,,,,,,,,Other Tech,https://www.hotnigerianjobs.com/hotjobs/943780/enterprise-account-manager-nigeria-aws-account-man.html,2026-09-12T21:59:51+00:00
7d52f31b5c28dd11,hotnigerianjobs,943788,Community Engagement Coordinator (Remote) at NauNau SOS App,NauNau SOS App,"NauNau SOS App is recruiting to fill the position of: Community Engagement Coordinator. This is a Remote position. Interested candidates should possess relevant qualifications with experience using Canva, Google Workspace, Notion, or similar productivity tools. Apply Now",,Nigeria,remote,Country-only,,Computer / AI / Technology / IT Services,,,,,,"Wed 19th Aug, 2026",,,https://www.hotnigerianjobs.com/hotjobs/943788/community-engagement-coordinator-remote-at-naunau.html,2026-09-12T21:59:51+00:00
327bba13809f0d18,hotnigerianjobs,943776,"Solutions Architect, SSA at Amazon Web Services Nigeria Limited",,"Solutions Architect, SSA at Amazon Web Services Nigeria Limited",,Nigeria,unknown,,,Computer / AI / Technology / IT Services,,,,,,,,Other Tech,https://www.hotnigerianjobs.com/hotjobs/943776/solutions-architect-ssa-at-amazon-web-services-nig.html,2026-09-12T21:59:51+00:00
581d69e042150003,hotnigerianjobs,943615,Brilliant Computers Job Recruitment (4 Positions),Brilliant Computers,"Brilliant Computers is recruiting suitable candidates to fill the following positions in Lagos State: Desktop Technician Level II, Desktop Technician Level I, Network Technician Level III (CCNP, CCIE), and Network Technician Level II (CCNP, CCIE). Apply Now",Lagos State,Nigeria,unknown,,,Computer / AI / Technology / IT Services,,,,,,"Tue 18th Aug, 2026",,,https://www.hotnigerianjobs.com/hotjobs/943615/brilliant-computers-job-recruitment-4-positions.html,2026-09-12T21:59:51+00:00
1f55fec34e257b01,hotnigerianjobs,943519,Network Technician Level II at Brilliant Computers,Brilliant Computers,"Brilliant Computers is recruiting to fill the position of: Network Technician Level II. The position is located in Lagos State. Interested candidates should possess certifications related to equipment supported for break fix (CCNA or equivalent), with 5 – 9 years experience in network support or a similar role. Apply Now",Lagos State,Nigeria,unknown,,,Computer / AI / Technology / IT Services,,,,,,"Tue 18th Aug, 2026",,,https://www.hotnigerianjobs.com/hotjobs/943519/network-technician-level-ii-at-brilliant-computers.html,2026-09-12T21:59:51+00:00
e93365f5c1e49e94,hotnigerianjobs,943515,"Network Technician Level III (CCNP, CCIE) at Brilliant Computers",,"Network Technician Level III (CCNP, CCIE) at Brilliant Computers",,Nigeria,unknown,,,Computer / AI / Technology / IT Services,,,,,,,,,https://www.hotnigerianjobs.com/hotjobs/943515/network-technician-level-iii-ccnp-ccie-at-brillian.html,2026-09-12T21:59:51+00:00
248a312a62d56dee,hotnigerianjobs,943534,Social Media Lead at Strivo Labs,Strivo Labs,"Strivo Labs is recruiting to fill the position of: Social Media Lead. The position is located in Lagos State. Interested candidates should possess a relevant qualification with 7+ years of experience in social media management, digital marketing, or brand communications, including proven experience leading and scaling social media accounts for brands, agencies, startups, or high-growth organizations. Apply Now",Lagos State,Nigeria,unknown,,,Computer / AI / Technology / IT Services,,,,,,"Tue 18th Aug, 2026",,,https://www.hotnigerianjobs.com/hotjobs/943534/social-media-lead-at-strivo-labs.html,2026-09-12T21:59:51+00:00
824d71586b0cc621,hotnigerianjobs,943512,Desktop Technician Level I at Brilliant Computers,Brilliant Computers,Brilliant Computers is recruiting to fill the position of: Desktop Technician Level I. The position is located in Lagos State. Interested candidates should possess relevant qualifications with 2 – 5 years experience in network support or a similar role. Apply Now,Lagos State,Nigeria,unknown,,,Computer / AI / Technology / IT Services,,,,,,"Tue 18th Aug, 2026",,,https://www.hotnigerianjobs.com/hotjobs/943512/desktop-technician-level-i-at-brilliant-computers.html,2026-09-12T21:59:51+00:00
ac1dc2f4128fff7f,hotnigerianjobs,943511,Desktop Technician Level II at Brilliant Computers,Brilliant Computers,Brilliant Computers is recruiting to fill the position of: Desktop Technician Level II. The position is located in Lagos State. Interested candidates should possess relevant qualifications with 2 – 5 years experience in network support or a similar role. Apply Now,Lagos State,Nigeria,unknown,,,Computer / AI / Technology / IT Services,,,,,,"Tue 18th Aug, 2026",,,https://www.hotnigerianjobs.com/hotjobs/943511/desktop-technician-level-ii-at-brilliant-computers.html,2026-09-12T21:59:51+00:00
3fd4721f12d27a24,hotnigerianjobs,943503,Assistant Mooring Master at a Global Energy Infrastructure and Technology Company - WTS Energy,,Assistant Mooring Master at a Global Energy Infrastructure and Technology Company - WTS Energy,,Nigeria,unknown,,,Computer / AI / Technology / IT Services,,,,,,,,,https://www.hotnigerianjobs.com/hotjobs/943503/assistant-mooring-master-at-a-global-energy-infras.html,2026-09-12T21:59:51+00:00
fcf09443bdb952c6,hotnigerianjobs,943447,Project Engineer & Scrum Master at CodelabProjects,CodelabProjects,"CodelabProjects is recruiting to fill the position of: Project Engineer & Scrum Master. The position is located in Sabon-Lugbe, Airport Road - Abuja (FCT). Saalry: N350,000 monthly. Interested candidates should possess a Bachelor's Degree in Engineering, Computer Science, Project Management, Information Technology, Business Administration, or a related discipline with a minimum of 5 years' relevant professional experience in project management, project engineering, technical project coordination, operations management, Scrum Master, or a related role. Apply Now","Sabon-Lugbe, Airport Road - Abuja (FCT)",Nigeria,unknown,,,Computer / AI / Technology / IT Services,,,,,,"Tue 18th Aug, 2026",,Other Tech,https://www.hotnigerianjobs.com/hotjobs/943447/project-engineer-scrum-master-at-codelabprojects.html,2026-09-12T21:59:51+00:00
63dcd84ec3d73922,hotnigerianjobs,943308,Content Marketing Associate at Crown Interactive,Crown Interactive,"Crown Interactive is recruiting to fill the position of: Content Marketing Associate. The position is located in Lagos State. Interested candidates should possess a Bachelor’s Degree in Marketing, Communications, Journalism, English, or a related field with 4 – 5 years of experience in content writing, content marketing, or corporate communications. Apply Now",Lagos State,Nigeria,unknown,,,Computer / AI / Technology / IT Services,,,,,,"Tue 18th Aug, 2026",,,https://www.hotnigerianjobs.com/hotjobs/943308/content-marketing-associate-at-crown-interactive.html,2026-09-12T21:59:51+00:00
bf1a44b1d3095ff6,hotnigerianjobs,943292,Python Engineer (AI/ML) Level I-II at Cavista,Cavista,Cavista is recruiting to fill the position of: Python Engineer (AI/ML) Level I-II. The position is located in Lagos State. Interested candidates should possess a Bachelor's or Master's Degree in Computer Science or related fields with 3+ years of experience building and deploying complex AI/ML solutions using Python. Apply Now,Lagos State,Nigeria,unknown,,,Computer / AI / Technology / IT Services,,,,,,"Tue 18th Aug, 2026",,Other Tech,https://www.hotnigerianjobs.com/hotjobs/943292/python-engineer-aiml-level-iii-at-cavista.html,2026-09-12T21:59:51+00:00
3695cefef40706bd,hotnigerianjobs,942932,Network Engineer at TeKnowledge,TeKnowledge,"TeKnowledge is recruiting to fill the position of: Network Engineer. The position is located in Victoria Island, Lagos State. Interested candidates should possess a Bachelor’s Degree in Computer Science, Information Systems, Engineering, or other related discipline. Apply Now","Victoria Island, Lagos State",Nigeria,unknown,,,Computer / AI / Technology / IT Services,,,,,,"Tue 18th Aug, 2026",,IT Support & Networking,https://www.hotnigerianjobs.com/hotjobs/942932/network-engineer-at-teknowledge.html,2026-09-12T21:59:51+00:00
1cf577673a798d75,hotnigerianjobs,942901,Backend AI Engineer (Financial Services Platform) - Hybrid at TeKnowledge,,Backend AI Engineer (Financial Services Platform) - Hybrid at TeKnowledge,,Nigeria,hybrid,,,Computer / AI / Technology / IT Services,,,,,,,,Software Development,https://www.hotnigerianjobs.com/hotjobs/942901/backend-ai-engineer-financial-services-platform-hy.html,2026-09-12T21:59:51+00:00
47bc34f0038cbc09,hotnigerianjobs,942838,Logisoft Solutions Job Recruitment (4 Positions),Logisoft Solutions,"Logisoft Solutions is recruiting suitable candidates to fill the following positions in Lagos State: Experienced Storekeeper, Experienced Barista, Customer Service Representative (CSR), and Experienced Kitchen Assistant. Apply Now",Lagos State,Nigeria,unknown,,,Computer / AI / Technology / IT Services,,,,,,"Mon 17th Aug, 2026",,,https://www.hotnigerianjobs.com/hotjobs/942838/logisoft-solutions-job-recruitment-4-positions.html,2026-09-12T21:59:51+00:00
604588a66a23da16,hotnigerianjobs,942739,Vehicle Maintenance Officer at Compovine Technologies Limited,,Vehicle Maintenance Officer at Compovine Technologies Limited,,Nigeria,unknown,,,Computer / AI / Technology / IT Services,,,,,,,,,https://www.hotnigerianjobs.com/hotjobs/942739/vehicle-maintenance-officer-at-compovine-technolog.html,2026-09-12T21:59:51+00:00
29e2a15c91cc9465,hotnigerianjobs,942746,AI-Native Developer (AI Builder) at Learn2earn.ng,Learn2earn.ng,"Learn2earn.ng is recruiting to fill the position of: AI-Native Developer (AI Builder). The position is located in Lagos State. Interested candidates should possess an HND / Bachelor`s / Master`s Degree with 3+ years of professional software development or engineering experience, with meaningful hands-on AI/ML experience. Apply Now",Lagos State,Nigeria,unknown,,,Computer / AI / Technology / IT Services,,,,,,"Mon 17th Aug, 2026",,Software Development,https://www.hotnigerianjobs.com/hotjobs/942746/ainative-developer-ai-builder-at-learn2earnng.html,2026-09-12T21:59:51+00:00
471180ad4a140033,hotnigerianjobs,942519,Equinix Nigeria Job Recruitment (3 Positions),Equinix Nigeria,"Equinix Nigeria is recruiting suitable candidates to fill the following positions in Lagos and Rivers States: 2Africa Managed Service Lead, Managed Services NOC Supervisor and ERP Specialist - Dynamics 365. Apply Now",Lagos and Rivers States,Nigeria,unknown,,,Computer / AI / Technology / IT Services,,,,,,"Mon 17th Aug, 2026",,Other Tech,https://www.hotnigerianjobs.com/hotjobs/942519/equinix-nigeria-job-recruitment-3-positions.html,2026-09-12T21:59:51+00:00
8001e9f29bff970c,hotnigerianjobs,942601,Experienced Storekeeper (Male) at Logisoft Solutions,Logisoft Solutions,"Logisoft Solutions is recruiting to fill the position of: Experienced Storekeeper (Male). The position is located in Lekki, Lagos State. Salary: N75,000 - N80,000 monthly. Interested candidates should possess an SSCE / OND qualification with proven experience as a storekeeper, warehouse assistant, or similar role. Apply Now","Lekki, Lagos State",Nigeria,unknown,,,Computer / AI / Technology / IT Services,,,,"N75,000 - N80,000 monthly",,"Mon 17th Aug, 2026",,,https://www.hotnigerianjobs.com/hotjobs/942601/experienced-storekeeper-male-at-logisoft-solutions.html,2026-09-12T21:59:51+00:00
884f779d50def154,hotnigerianjobs,942616,Project Accountant (Hybrid) at erpSoftapp,erpSoftapp,"erpSoftapp is recruiting to fill the position of: Project Accountant. The position is located in Yaba, Lagos State (Hybrid). Salary: N250,000 - N350,000 monthly. Interested candidates should possess a Degree in relevant disciplines with 3 - 4 years experience, and must be ICAN certified. A knowledge of IFRS is required. Apply Now","Yaba, Lagos State (Hybrid)",Nigeria,hybrid,,,Computer / AI / Technology / IT Services,,,,"N250,000 - N350,000 monthly",,"Mon 17th Aug, 2026",,Other Tech,https://www.hotnigerianjobs.com/hotjobs/942616/project-accountant-hybrid-at-erpsoftapp.html,2026-09-12T21:59:51+00:00
8c24ed243135416f,hotnigerianjobs,942582,Senior Finance & Accounts Officer at a Reputable Computer and Telecommunication Company,,Senior Finance & Accounts Officer at a Reputable Computer and Telecommunication Company,,Nigeria,unknown,,,Computer / AI / Technology / IT Services,,,,,,,,Other Tech,https://www.hotnigerianjobs.com/hotjobs/942582/senior-finance-accounts-officer-at-a-reputable-com.html,2026-09-12T21:59:51+00:00
9fba6a24481ae575,hotnigerianjobs,942501,Stanificent Global Technologies Limited Trainee & Exp. Job Recruitment (3 Positions),,Stanificent Global Technologies Limited Trainee & Exp. Job Recruitment (3 Positions),,Nigeria,unknown,,,Computer / AI / Technology / IT Services,,,,,,,,,https://www.hotnigerianjobs.com/hotjobs/942501/stanificent-global-technologies-limited-trainee-ex.html,2026-09-12T21:59:51+00:00
f93deb69ae681158,hotnigerianjobs,942483,Result Seekers Limited Internship & Exp. Job Recruitments (5 Openings),,Result Seekers Limited Internship & Exp. Job Recruitments (5 Openings),,Nigeria,unknown,,,Computer / AI / Technology / IT Services,,,,,,,,,https://www.hotnigerianjobs.com/hotjobs/942483/result-seekers-limited-job-recruitements-5-opening.html,2026-09-12T21:59:51+00:00
7eee68a87f5307d7,hotnigerianjobs,942482,PC Place Nigeria Limited Job Recruitment (7 Positions),PC Place Nigeria Limited,"PC Place Nigeria Limited is recruiting suitable candidates to fill the following positions in Lagos State: Software Developer, Sales Executive; Content Creator; Accountant; B2B Sales Executive; Front Desk Officer; Online Sales / Telesales Officer. Apply Now",Lagos State,Nigeria,unknown,,,Computer / AI / Technology / IT Services,,,,,,"Mon 17th Aug, 2026",,Software Development,https://www.hotnigerianjobs.com/hotjobs/942482/pc-place-nigeria-limited-job-recruitment-6-positio.html,2026-09-12T21:59:51+00:00
0d0c2bf8c7c7c33f,hotnigerianjobs,942408,Health Information Technician at Applinet Technology,Applinet Technology,"Applinet Technology is recruiting to fill the position of: Health Information Technician. The position is located in Lagos State. Salary: N150,000 - N300,000 monthly. Interested candidates should possess a Bachelor’s Degree in Health Information or related field is preferred with proven work experience as a Health Information Technician or similar role. Apply Now",Lagos State,Nigeria,unknown,,,Computer / AI / Technology / IT Services,,,,"N150,000 - N300,000 monthly",,"Mon 17th Aug, 2026",,,https://www.hotnigerianjobs.com/hotjobs/942408/health-information-technician-at-applinet-technolo.html,2026-09-12T21:59:51+00:00
111d47a43c36ddc6,hotnigerianjobs,942404,Program Analyst at Applinet Technology,Applinet Technology,"Applinet Technology is recruiting to fill the position of: Program Analyst. The position is located in Lagos State. Salary: N150,000 - N300,000 monthly. Interested candidates should possess relevant training and/or certifications as a Program Analyst with proven work experience as a Program Analyst or similar role. Apply Now",Lagos State,Nigeria,unknown,,,Computer / AI / Technology / IT Services,,,,"N150,000 - N300,000 monthly",,"Mon 17th Aug, 2026",,,https://www.hotnigerianjobs.com/hotjobs/942404/program-analyst-at-applinet-technology.html,2026-09-12T21:59:51+00:00
291233081066d36b,hotnigerianjobs,942463,Administrative Accountant at a Reputable CRompany,A reputable company,"A reputable company is recruiting to fill the position of: Administrative Accountant. The position is located in Lagos State. Salary: N150,000 monthly. Interested candidates should possess a Bachelor's Degree with at least 1 year of experience and must reside on the Island. Apply Now",Lagos State,Nigeria,unknown,,,Computer / AI / Technology / IT Services,,,,"N150,000 monthly",,"Mon 17th Aug, 2026",,,https://www.hotnigerianjobs.com/hotjobs/942463/administrative-accountant-at-a-reputable-crompany.html,2026-09-12T21:59:51+00:00
ae40d648dbbb60ee,hotnigerianjobs,942352,2Africa Managed Service Lead at Equinix Nigeria,Equinix Nigeria,"Equinix Nigeria is recruiting to fill the position of: 2Africa Managed Service Lead. The position is located in Port Harcourt, Rivers State. Interested candidates should possess a Bachelor’s Degree or equivalent in Electrical / Electronics and Telecommunication Engineering with at least 12 years post NYSC work experience with Transmission Networks, 4 years related experience in Facility Management. Apply Now","Port Harcourt, Rivers State",Nigeria,unknown,,,Computer / AI / Technology / IT Services,,,,,,"Mon 17th Aug, 2026",,Other Tech,https://www.hotnigerianjobs.com/hotjobs/942352/2africa-managed-service-lead-at-equinix-nigeria.html,2026-09-12T21:59:51+00:00
d40761218324016e,hotnigerianjobs,942343,Managed Services NOC Supervisor at Equinix Nigeria,Equinix Nigeria,"Equinix Nigeria is recruiting to fill the position of: Managed Services NOC Supervisor. The position is located in Lekki, Lagos State. Interested candidates should possess a BSc or HND in Engineering with 8+ years of relevant experience. Apply Now","Lekki, Lagos State",Nigeria,unknown,,,Computer / AI / Technology / IT Services,,,,,,"Mon 17th Aug, 2026",,Other Tech,https://www.hotnigerianjobs.com/hotjobs/942343/managed-services-noc-supervisor-at-equinix-nigeria.html,2026-09-12T21:59:51+00:00
31f4114baf1f3fbb,hotnigerianjobs,942287,Digital Marketing Associate at Velvot Nigeria Limited,Velvot Nigeria Limited,"Velvot Nigeria Limited is recruiting to fill the position of: Digital Marketing Associate. The position is located in Surulere, Lagos State. Interested candidates should possess a Bachelor`s Degree with 1 - 3 years experience. Apply Now","Surulere, Lagos State",Nigeria,unknown,,,Computer / AI / Technology / IT Services,,,,,,"Mon 17th Aug, 2026",,,https://www.hotnigerianjobs.com/hotjobs/942287/digital-marketing-associate-at-velvot-nigeria-limi.html,2026-09-12T21:59:51+00:00
063f6f99eb49c771,hotnigerianjobs,942280,Data Entry Officer at Stanificent Global Technologies Limited - 2 Openings,,Data Entry Officer at Stanificent Global Technologies Limited - 2 Openings,,Nigeria,unknown,,,Computer / AI / Technology / IT Services,,,,,,,,Other Tech,https://www.hotnigerianjobs.com/hotjobs/942280/data-entry-officer-at-stanificent-global-technolog.html,2026-09-12T21:59:51+00:00
d42cf9e6c3993d1c,hotnigerianjobs,942214,Sales Executive at PC Place Nigeria Limited,PC Place Nigeria Limited,"PC Place Nigeria Limited is recruiting to fill the position of: Sales Executive. The position is located in Ikeja, Lagos State. Salary: N200,000 - N500,000 monthly. Interested candidates should possess a Bachelor’s Degree in Business Administration, Marketing, or related field with proven track record in sales, preferably in [insert industry if relevant]. Apply Now","Ikeja, Lagos State",Nigeria,unknown,,,Computer / AI / Technology / IT Services,,,,"N200,000 - N500,000 monthly",,"Mon 17th Aug, 2026",,,https://www.hotnigerianjobs.com/hotjobs/942214/sales-executive-at-pc-place-nigeria-limited.html,2026-09-12T21:59:51+00:00
ced3e08dbf7ba6d6,hotnigerianjobs,942181,Marketing Lead & Go-to-Market (GTM) Manager at a Rapidly Growing Technology Company - Estrada International Staffing Solution,,Marketing Lead & Go-to-Market (GTM) Manager at a Rapidly Growing Technology Company - Estrada International Staffing Solution,,Nigeria,unknown,,,Computer / AI / Technology / IT Services,,,,,,,,,https://www.hotnigerianjobs.com/hotjobs/942181/marketing-lead-gotomarket-gtm-manager-at-a-rapidly.html,2026-09-12T21:59:51+00:00
2925162d8acded46,hotnigerianjobs,941965,Network Solutions Engineer at Prolato Technologies Limited,Prolato Technologies Limited,"Prolato Technologies Limited is recruiting to fill the position of: Network Solutions Engineer. The position is located in Surulere, Lagos State. Salary: N200,000 - N250,000 / Month. Interested candidates should possess a minimum academic qualification of Bachelor’s Degree in Computer Science or a technology-related field with 1-5 years’ experience in network engineering. Apply Now","Surulere, Lagos State",Nigeria,unknown,,,Computer / AI / Technology / IT Services,,,,"N200,000 - N250,000 / Month",,"Mon 17th Aug, 2026",,IT Support & Networking,https://www.hotnigerianjobs.com/hotjobs/941965/network-solutions-engineer-at-prolato-technologies.html,2026-09-12T21:59:51+00:00
0442972121acab65,hotnigerianjobs,941901,Real Estate Sales and Marketing Executive at Havana Group of Companies,,Real Estate Sales and Marketing Executive at Havana Group of Companies,,Nigeria,unknown,,,Computer / AI / Technology / IT Services,,,,,,,,,https://www.hotnigerianjobs.com/hotjobs/941901/real-estate-sales-and-marketing-executive-at-havan.html,2026-09-12T21:59:51+00:00
b6c0225891abaf39,hotnigerianjobs,941826,Field Sales Marketer at Uniccon Group,Uniccon Group,"Uniccon Group is recruiting to fill the position of: Field Sales Marketer. The position is located in Abuja (FCT). Interested candidates should possess minimum of an OND (Degree / HND is an advantage) with previous experience in field sales, pharmaceutical distribution, health-tech, or FMCG direct selling preferred. Apply Now",Abuja (FCT),Nigeria,unknown,,,Computer / AI / Technology / IT Services,,,,,,"Fri 14th Aug, 2026",,,https://www.hotnigerianjobs.com/hotjobs/941826/field-sales-marketer-at-uniccon-group.html,2026-09-12T21:59:51+00:00
70bcc558e65f1208,hotnigerianjobs,941834,Uniccon Group Job Recruitment (5 Positions),Uniccon Group,"Uniccon Group is recruiting suitable candidates to fill the following positions in Abuja and Lagos State: Field Sales Marketer; Digital Marketing Specialist; UAV Propulsion System Engineer; UAV Avionics Engineer (Autonomy, Flight Control & Vehicle Avionics); and UAV / Aircraft Design Engineer. Apply Now",Abuja and Lagos State,Nigeria,unknown,,,Computer / AI / Technology / IT Services,,,,,,"Fri 14th Aug, 2026",,Other Tech,https://www.hotnigerianjobs.com/hotjobs/941834/uniccon-group-job-recruitment-5-positions.html,2026-09-12T21:59:51+00:00
8f1f1dd17783f08a,hotnigerianjobs,941655,Tezza Business Solutions Limited Job Recruitment (4 Positions),,Tezza Business Solutions Limited Job Recruitment (4 Positions),,Nigeria,unknown,,,Computer / AI / Technology / IT Services,,,,,,,,,https://www.hotnigerianjobs.com/hotjobs/941655/tezza-business-solutions-limited-job-recruitment-4.html,2026-09-12T21:59:51+00:00
a33a85f0481f5b13,hotnigerianjobs,941598,Senior Platform / Solution Architect at Tezza Business Solutions Limited,,Senior Platform / Solution Architect at Tezza Business Solutions Limited,,Nigeria,unknown,,,Computer / AI / Technology / IT Services,,,,,,,,,https://www.hotnigerianjobs.com/hotjobs/941598/senior-platform-solution-architect-at-tezza-busine.html,2026-09-12T21:59:51+00:00
39e17818f1b5f574,hotnigerianjobs,941579,Content Creator at PC Place Nigeria Limited,PC Place Nigeria Limited,"PC Place Nigeria Limited is recruiting to fill the position of: Content Creator. The position is located in Lagos State. Salary: N150,000 monthly. Interested candidates should possess a Bachelor’s Degree in Marketing, Communications, Media, or related fields (preferred) with proven experience in content creation, copywriting, or digital marketing, and be female applicants only. Apply Now",Lagos State,Nigeria,unknown,,,Computer / AI / Technology / IT Services,,,,"N150,000 monthly",,"Fri 14th Aug, 2026",,,https://www.hotnigerianjobs.com/hotjobs/941579/content-creator-at-pc-place-nigeria-limited.html,2026-09-12T21:59:51+00:00
923ab9c92f5a15a9,hotnigerianjobs,941506,Mid-Level IT / Business Development Executive at Provosys Integrated Services,,Mid-Level IT / Business Development Executive at Provosys Integrated Services,,Nigeria,unknown,,,Computer / AI / Technology / IT Services,,,,,,,,,https://www.hotnigerianjobs.com/hotjobs/941506/midlevel-it-business-development-executive-at-prov.html,2026-09-12T21:59:51+00:00
568e60fb6b7f1d09,hotnigerianjobs,941433,Applinet Technology Job Recruitment (19 Positions),Applinet Technology,"Applinet Technology is recruiting suitable candidates to fill the following positions in Lagos and Ogun States: Prompt Engineer, Public Relations Officer, Inventory Clerk, Appointment Setter, Finance Clerk, Retail Trainer, Stockbroker, Corporate Trainer, UI Designer, Support Specialist, Web Designer, Network Administrator, HR Consultant, Investment Banker, Financial Officer, and External Auditor. Apply Now",Lagos and Ogun States,Nigeria,unknown,,,Computer / AI / Technology / IT Services,,,,,,"Fri 14th Aug, 2026",,Product & Design,https://www.hotnigerianjobs.com/hotjobs/941433/applinet-technology-job-recruitment-16-positions.html,2026-09-12T21:59:51+00:00
a9e8677b6512d6d7,hotnigerianjobs,941270,Appointment Setter at Applinet Technology,Applinet Technology,"Applinet Technology is recruiting to fill the position of: Appointment Setter. The position is located in Lagos State. Salary: N150,000 - N300,000 monthly. Interested candidates should preferably possess a High School Diploma or equivalent with proven work experience as an Appointment Setter or similar roles. Apply Now",Lagos State,Nigeria,unknown,,,Computer / AI / Technology / IT Services,,,,"N150,000 - N300,000 monthly",,"Fri 14th Aug, 2026",,,https://www.hotnigerianjobs.com/hotjobs/941270/appointment-setter-at-applinet-technology.html,2026-09-12T21:59:51+00:00
96c570bb1d0229a6,hotnigerianjobs,941267,Country Sales Manager at a Leading Global Hospitality Technology Company - Workforce Group,,Country Sales Manager at a Leading Global Hospitality Technology Company - Workforce Group,,Nigeria,unknown,,,Computer / AI / Technology / IT Services,,,,,,,,,https://www.hotnigerianjobs.com/hotjobs/941267/country-sales-manager-at-a-leading-global-hospital.html,2026-09-12T21:59:51+00:00
c859d770e8f25efa,hotnigerianjobs,941264,Inventory Clerk at Applinet Technology,Applinet Technology,"Applinet Technology is recruiting to fill the position of: Inventory Clerk. The position is located in Lagos State. Salary: N150,000 - N300,000 / month. Interested candidates should possess a High School Diploma or equivalent preferred with proven work experience as an Inventory Clerk or similar role. Apply Now",Lagos State,Nigeria,unknown,,,Computer / AI / Technology / IT Services,,,,"N150,000 - N300,000 / month",,"Fri 14th Aug, 2026",,,https://www.hotnigerianjobs.com/hotjobs/941264/inventory-clerk-at-applinet-technology.html,2026-09-12T21:59:51+00:00
516ccf9cecfbb59a,hotnigerianjobs,941230,"Product, Growth & Customer Success Manager (Remote) at a Reputable ICT Company",,"Product, Growth & Customer Success Manager (Remote) at a Reputable ICT Company",,Nigeria,remote,Country-only,,Computer / AI / Technology / IT Services,,,,,,,,Other Tech,https://www.hotnigerianjobs.com/hotjobs/941230/product-growth-customer-success-manager-remote-at.html,2026-09-12T21:59:51+00:00
c5e37cc58c29cb18,hotnigerianjobs,941158,Country Sales Lead - Cybersecurity Solutions at Foresight Innovative Solutions,,Country Sales Lead - Cybersecurity Solutions at Foresight Innovative Solutions,,Nigeria,unknown,,,Computer / AI / Technology / IT Services,,,,,,,,Cybersecurity,https://www.hotnigerianjobs.com/hotjobs/941158/country-sales-lead-cybersecurity-solutions-at-fore.html,2026-09-12T21:59:51+00:00
4d9261f356097896,hotnigerianjobs,941072,Executive Assistant & Social Media Manager at Ileven Technologies,,Executive Assistant & Social Media Manager at Ileven Technologies,,Nigeria,unknown,,,Computer / AI / Technology / IT Services,,,,,,,,,https://www.hotnigerianjobs.com/hotjobs/941072/executive-assistant-social-media-manager-at-ileven.html,2026-09-12T21:59:55+00:00
85277ddf251b7f15,hotnigerianjobs,941071,Social Media Manager at MyBizPush Solutions Limited,MyBizPush Solutions Limited,MyBizPush Solutions Limited is recruiting to fill the position of: Social Media Manager. The position is located in Abuja. Interested candidates should possess relevant qualifications. Apply Now,Abuja,Nigeria,unknown,,,Computer / AI / Technology / IT Services,,,,,,"Thu 13th Aug, 2026",,,https://www.hotnigerianjobs.com/hotjobs/941071/social-media-manager-at-mybizpush-solutions-limite.html,2026-09-12T21:59:55+00:00
84820003809763c8,hotnigerianjobs,941070,Content Creator at MyBizPush Solutions Limited,MyBizPush Solutions Limited,MyBizPush Solutions Limited is recruiting to fill the position of: Content Creator. The position is located in Abuja. Interested candidates should possess relevant qualifications. Apply Now,Abuja,Nigeria,unknown,,,Computer / AI / Technology / IT Services,,,,,,"Thu 13th Aug, 2026",,,https://www.hotnigerianjobs.com/hotjobs/941070/content-creator-at-mybizpush-solutions-limited.html,2026-09-12T21:59:55+00:00
ea8eee06f3862007,hotnigerianjobs,940992,Quality Assurance (QA) Engineer (Hybrid) at Optisoft Technology Company Limited,,Quality Assurance (QA) Engineer (Hybrid) at Optisoft Technology Company Limited,,Nigeria,hybrid,,,Computer / AI / Technology / IT Services,,,,,,,,QA & Testing,https://www.hotnigerianjobs.com/hotjobs/940992/quality-assurance-qa-engineer-hybrid-at-optisoft-t.html,2026-09-12T21:59:55+00:00
e5101c648084ee78,hotnigerianjobs,940990,Backend Engineer (Hybrid) at Optisoft Technology Company Limited,,Backend Engineer (Hybrid) at Optisoft Technology Company Limited,,Nigeria,hybrid,,,Computer / AI / Technology / IT Services,,,,,,,,Software Development,https://www.hotnigerianjobs.com/hotjobs/940990/backend-engineer-hybrid-at-optisoft-technology-com.html,2026-09-12T21:59:55+00:00
19f6e4842f986edc,hotnigerianjobs,940859,AI Trainer – Actuaries (APAC/MEA) at a Globally Recognized Artificial Intelligence Company - Estrada International Staffing Solution,,AI Trainer – Actuaries (APAC/MEA) at a Globally Recognized Artificial Intelligence Company - Estrada International Staffing Solution,,Nigeria,unknown,,,Computer / AI / Technology / IT Services,,,,,,,,Data & AI,https://www.hotnigerianjobs.com/hotjobs/940859/ai-trainer-actuaries-apacmea-at-a-globally-recogni.html,2026-09-12T21:59:55+00:00
39923ee719e5558c,hotnigerianjobs,940902,Primary School Teacher at Oxford Creative International Schools,,Primary School Teacher at Oxford Creative International Schools,,Nigeria,unknown,,,Computer / AI / Technology / IT Services,,,,,,,,,https://www.hotnigerianjobs.com/hotjobs/940902/primary-school-teacher-at-oxford-creative-internat.html,2026-09-12T21:59:55+00:00
af038d3f7d67e63b,hotnigerianjobs,940817,AI Trainer – Accountant & Auditor (APAC/MEA) at a Globally Recognized Artificial Intelligence Company - Estrada International Staffing Solution,,AI Trainer – Accountant & Auditor (APAC/MEA) at a Globally Recognized Artificial Intelligence Company - Estrada International Staffing Solution,,Nigeria,unknown,,,Computer / AI / Technology / IT Services,,,,,,,,Data & AI,https://www.hotnigerianjobs.com/hotjobs/940817/ai-trainer-accountant-auditor-apacmea-at-a-globall.html,2026-09-12T21:59:55+00:00
1cf1c5cc1df23c6c,hotnigerianjobs,940768,Senior Network Engineer at Layer3,Layer3,"Layer3 is recruiting to fill the position of: Senior Network Engineer. The position is located in Abuja. Interested candidates should possess a Bachelor's Degree in Computer Engineering, Electrical/Electronics Engineering, Mechanical Engineering, Information Technology or related field or its equivalent with a minimum of 6 years relevant experience in troubleshooting and managing IP networks. Apply Now",Abuja,Nigeria,unknown,,,Computer / AI / Technology / IT Services,,,,,,"Thu 13th Aug, 2026",,IT Support & Networking,https://www.hotnigerianjobs.com/hotjobs/940768/senior-network-engineer-at-layer3.html,2026-09-12T21:59:55+00:00
1096cb3d871258ee,hotnigerianjobs,940746,Compovine Technologies Limited (5 Positions),Compovine Technologies Limited,"Compovine Technologies Limited is recruiting suitably qualified candidates to fill the following positions in Lagos State: Driver, Customer Service Representative, Cashier Sales Officer and Operation Officer. Apply Now",Lagos State,Nigeria,unknown,,,Computer / AI / Technology / IT Services,,,,,,"Thu 13th Aug, 2026",,,https://www.hotnigerianjobs.com/hotjobs/940746/compovine-technologies-limited-4-positions.html,2026-09-12T21:59:55+00:00
bceb78d933070f17,hotnigerianjobs,940712,Solution Area Specialist - Security at Microsoft Nigeria,Microsoft Nigeria,"Microsoft Nigeria is recruiting to fill the position of: Solution Area Specialist - Security. Interested candidates should possess a Bachelor's Degree in Information Technology, Computer Science, Business, or a related field with 8+ years of solution sales or pre-sales experience in cloud technologies, with a focus on Cybersecurity, Compliance, Governance and Risk. Apply Now",,Nigeria,unknown,,,Computer / AI / Technology / IT Services,,,,,,"Thu 13th Aug, 2026",,Cybersecurity,https://www.hotnigerianjobs.com/hotjobs/940712/solution-area-specialist-security-at-microsoft-nig.html,2026-09-12T21:59:55+00:00
b3cd83b4fe37c5da,hotnigerianjobs,940598,Operation Officer at Compovine Technologies Limited,Compovine Technologies Limited,"Compovine Technologies Limited is recruiting to fill the position of: Operation Officer. The position is located in Ikeja, Lagos State. Salary: N150,000 - N200,000 / month. Interested candidates should possess relevant qualifications and experience. Apply Now","Ikeja, Lagos State",Nigeria,unknown,,,Computer / AI / Technology / IT Services,,,,"N150,000 - N200,000 / month",,"Thu 13th Aug, 2026",,,https://www.hotnigerianjobs.com/hotjobs/940598/operation-officer-at-compovine-technologies-limite.html,2026-09-12T21:59:55+00:00
7029f806ee28beea,hotnigerianjobs,940570,Cashier Sales Officer at Compovine Technologies Limited (5 Openings),,Cashier Sales Officer at Compovine Technologies Limited (5 Openings),,Nigeria,unknown,,,Computer / AI / Technology / IT Services,,,,,,,,,https://www.hotnigerianjobs.com/hotjobs/940570/cashier-sales-officer-at-compovine-technologies-li.html,2026-09-12T21:59:55+00:00
f7cacf2bce7a6893,hotnigerianjobs,940549,Customer Service Representative at Compovine Technologies Limited,,Customer Service Representative at Compovine Technologies Limited,,Nigeria,unknown,,,Computer / AI / Technology / IT Services,,,,,,,,,https://www.hotnigerianjobs.com/hotjobs/940549/customer-service-representative-at-compovine-techn.html,2026-09-12T21:59:55+00:00
d55d9dc0f35a9262,hotnigerianjobs,940447,End User Support Engineer at Vennote Technologies Limited,Vennote Technologies Limited,"Vennote Technologies Limited is recruiting to fill the position of: End User Support Engineer. Interested candidates should possess a B.Sc in Computer Science, Electrical Engineering or related field with 3 – 5 years experience in IT support and troubleshooting. Apply Now",,Nigeria,unknown,,,Computer / AI / Technology / IT Services,,,,,,"Wed 12th Aug, 2026",,IT Support & Networking,https://www.hotnigerianjobs.com/hotjobs/940447/end-user-support-at-vennote-technologies-limited.html,2026-09-12T21:59:55+00:00
206bd6dcf7bdecdb,hotnigerianjobs,940106,Crown Interactive Job Recruitment (4 Positions),Crown Interactive,"Crown Interactive is recruiting suitable candidates to fill the following positions in Lagos State: Content Marketing Associate, Database Administrator, Software Engineer - PHP, and Java Software Engineer. Apply Now",Lagos State,Nigeria,unknown,,,Computer / AI / Technology / IT Services,,,,,,"Wed 12th Aug, 2026",,Software Development,https://www.hotnigerianjobs.com/hotjobs/940106/crown-interactive-job-recruitment-3-positions.html,2026-09-12T21:59:55+00:00
d08c3d18f74c386b,hotnigerianjobs,940097,Database Administrator at Crown Interactive,Crown Interactive,"Crown Interactive is recruiting to fill the position of: Database Administrator. The position is located in Lagos State. Interested candidates should possess a Bachelor's Degree in Computer Science, Information Technology, Computer Engineering, Software Engineering, or a related field with 7–8 years' relevant experience in database administration or database engineering. Apply Now",Lagos State,Nigeria,unknown,,,Computer / AI / Technology / IT Services,,,,,,"Wed 12th Aug, 2026",,Software Development,https://www.hotnigerianjobs.com/hotjobs/940097/database-administrator-at-crown-interactive.html,2026-09-12T21:59:55+00:00
d5b6fa5002f769c6,hotnigerianjobs,940100,Java Software Engineer at Crown Interactive,Crown Interactive,"Crown Interactive is recruiting to fill the position of: Java Software Engineer. The position is located in Lagos State. Interested candidates should possess a Bachelor’s Degree in Computer Science, Engineering, or a related field with 7 years plus professional experience in Java backend development. Apply Now",Lagos State,Nigeria,unknown,,,Computer / AI / Technology / IT Services,,,,,,"Wed 12th Aug, 2026",,Software Development,https://www.hotnigerianjobs.com/hotjobs/940100/java-software-engineer-at-crown-interactive.html,2026-09-12T21:59:55+00:00
a31af04a99dcf0ff,hotnigerianjobs,940092,Software Engineer - PHP at Crown Interactive,Crown Interactive,"Crown Interactive is recruiting to fill the position of: Software Engineer - PHP. The position is located in Lagos State. Interested candidates should possess a Bachelor's Degree in Computer Science, Software Engineering, or a related technical discipline with a minimum of 6 years' professional experience as a PHP Software Engineer. Apply Now",Lagos State,Nigeria,unknown,,,Computer / AI / Technology / IT Services,,,,,,"Wed 12th Aug, 2026",,Software Development,https://www.hotnigerianjobs.com/hotjobs/940092/software-engineer-php-at-crown-interactive.html,2026-09-12T21:59:55+00:00
d9daa1b3bbd615ce,hotnigerianjobs,939919,Admissions Manager at Astria Learning,Astria Learning,"Astria Learning is recruiting to fill the position of: Admissions Manager. Interested candidates should possess a Bachelor's Degree in Business, Marketing, Education, or a related field with 3 – 5 years of telesales experience with a demonstrated record of meeting or exceeding targets. Apply Now",,Nigeria,unknown,,,Computer / AI / Technology / IT Services,,,,,,"Wed 12th Aug, 2026",,,https://www.hotnigerianjobs.com/hotjobs/939919/admissions-manager-at-astria-learning.html,2026-09-12T21:59:55+00:00
899b66cb6afd8c73,hotnigerianjobs,939905,Student Success Manager at Astria Learning,Astria Learning,"Astria Learning is recruiting to fill the position of: Student Success Manager. Interested candidates should possess a Bachelor's Degree in Business Administration, Education, Project Management, or a related field with 4 – 6 years of experience in program, academic, operational, or customer success management. Apply Now",,Nigeria,unknown,,,Computer / AI / Technology / IT Services,,,,,,"Wed 12th Aug, 2026",,,https://www.hotnigerianjobs.com/hotjobs/939905/student-success-manager-at-astria-learning.html,2026-09-12T21:59:55+00:00
c603778676526f09,hotnigerianjobs,939924,Marketing Specialist at Astria Learning,Astria Learning,"Astria Learning is recruiting to fill the position of: Marketing Specialist. Interested candidates should possess a Bachelor's Degree or higher in Marketing, Communications, Business, or a related field with 3+ years of relevant experience in marketing or communications. Apply Now",,Nigeria,unknown,,,Computer / AI / Technology / IT Services,,,,,,"Wed 12th Aug, 2026",,,https://www.hotnigerianjobs.com/hotjobs/939924/marketing-specialist-at-astria-learning.html,2026-09-12T21:59:55+00:00
589f263681773101,hotnigerianjobs,939914,Student Success Coordinator at Astria Learning,Astria Learning,"Astria Learning is recruiting to fill the position of: Student Success Coordinator. Interested candidates should possess relevant qualifications with 1–3 years of experience in a customer service, customer support, student services, or client-facing support role. Apply Now",,Nigeria,unknown,,,Computer / AI / Technology / IT Services,,,,,,"Wed 12th Aug, 2026",,,https://www.hotnigerianjobs.com/hotjobs/939914/student-success-coordinator-at-astria-learning.html,2026-09-12T21:59:55+00:00
3864c4c7b59bbd7b,hotnigerianjobs,939897,Graphic Designer — Marketing (Remote) at Astria Learning,Astria Learning,"Astria Learning is recruiting to fill the position of: Graphic Designer — Marketing. This is a remote job. Interested candidates should possess a Bachelor's Degree in Graphic Design, Visual Communication, or a related field — or equivalent professional experience with 3 – 5 years of professional graphic design experience, ideally within a marketing or brand environment. Apply Now",,Nigeria,remote,Country-only,,Computer / AI / Technology / IT Services,,,,,,"Wed 12th Aug, 2026",,,https://www.hotnigerianjobs.com/hotjobs/939897/graphic-designer-marketing-remote-at-astria-learni.html,2026-09-12T21:59:55+00:00
f89d5af51bccf3e7,hotnigerianjobs,939904,Admissions Counselor at Astria Learning,Astria Learning,"Astria Learning is recruiting to fill the position of: Admissions Counselor. Interested candidates should possess a Bachelor's Degree in Business, Communications, Marketing, Education, or a related field — preferred but not required in lieu of equivalent experience, with 1–2 years of experience in telesales, a call center, or a customer-facing service role. Apply Now",,Nigeria,unknown,,,Computer / AI / Technology / IT Services,,,,,,"Wed 12th Aug, 2026",,,https://www.hotnigerianjobs.com/hotjobs/939904/admissions-counselor-at-astria-learning.html,2026-09-12T21:59:55+00:00
59ea03d4f47c6854,hotnigerianjobs,939838,Backend Engineer (Hybrid) at Ovaloop,Ovaloop,Ovaloop is recruiting to fill the position of: Backend Engineer. The position is located in Lagos State (Hybrid). Interested candidates should possess relevant qualifications with strong Python/Django experience. Experience building production systems is a plus. Apply Now,Lagos State (Hybrid),Nigeria,hybrid,,,Computer / AI / Technology / IT Services,,,,,,"Wed 12th Aug, 2026",,Software Development,https://www.hotnigerianjobs.com/hotjobs/939838/backend-engineer-at-ovaloop.html,2026-09-12T21:59:55+00:00
40044402aad40d73,hotnigerianjobs,939893,Country Manager at Astria Learning,Astria Learning,"Astria Learning is recruiting to fill the position of: Country Manager. The position is located in Abuja or Lagos State. Interested candidates should possess a Bachelor's Degree with 8+ years of experience in business development, sales leadership, or general management, including at least 3 years leading a team — with a Nigeria-based career and deep local networks. Apply Now",Abuja or Lagos State,Nigeria,unknown,,,Computer / AI / Technology / IT Services,,,,,,"Wed 12th Aug, 2026",,,https://www.hotnigerianjobs.com/hotjobs/939893/country-manager-at-astria-learning.html,2026-09-12T21:59:55+00:00
4944f4304adab803,hotnigerianjobs,939779,Java & C# Software Engineer (Hybrid) at Bluechip Technologies Limited,,Java & C# Software Engineer (Hybrid) at Bluechip Technologies Limited,,Nigeria,hybrid,,,Computer / AI / Technology / IT Services,,,,,,,,Software Development,https://www.hotnigerianjobs.com/hotjobs/939779/java-c-software-engineer-hybrid-at-bluechip-techno.html,2026-09-12T21:59:55+00:00
110aea1243da0f27,hotnigerianjobs,939448,ActiveEdge Technologies Job Recruitment (5 Positions),ActiveEdge Technologies,"ActiveEdge Technologies is recruiting suitable candidates to fill the following positions in Lagos State: Vice President (VP), Software Engineering; Head Cybersecurity; Business Development Manager, Enterprise; Enterprise Account Manager; and Solution Architect (Infrastructure). Apply Now",Lagos State,Nigeria,unknown,,,Computer / AI / Technology / IT Services,,,,,,"Tue 11th Aug, 2026",,Software Development,https://www.hotnigerianjobs.com/hotjobs/939448/activeedge-technologies-job-recruitment-5-position.html,2026-09-12T21:59:55+00:00
c6d846a74f8049e4,hotnigerianjobs,939405,Solution Architect (Infrastructure) at ActiveEdge Technologies,,Solution Architect (Infrastructure) at ActiveEdge Technologies,,Nigeria,unknown,,,Computer / AI / Technology / IT Services,,,,,,,,,https://www.hotnigerianjobs.com/hotjobs/939405/solution-architect-infrastructure-at-activeedge-te.html,2026-09-12T21:59:55+00:00
bd4b748932ca3b36,hotnigerianjobs,939369,"Vice President (VP), Software Engineering at ActiveEdge Technologies",,"Vice President (VP), Software Engineering at ActiveEdge Technologies",,Nigeria,unknown,,,Computer / AI / Technology / IT Services,,,,,,,,Software Development,https://www.hotnigerianjobs.com/hotjobs/939369/vice-president-vp-software-engineering-at-activeed.html,2026-09-12T21:59:55+00:00
81e0d4383297b7b2,hotnigerianjobs,939357,"Head, Cybersecurity at ActiveEdge Technologies",ActiveEdge Technologies,"ActiveEdge Technologies is recruiting to fill the position of: Head, Cybersecurity. The position is located in Lekki, Lagos State. Interested candidates should possess a Bachelor’s Degree in Computer Science, Engineering, Information Systems, or related STEM field with 10–15 years of progressive experience in IT and Cybersecurity, with at least 5–7 years in a senior or leadership role. Apply Now","Lekki, Lagos State",Nigeria,unknown,,,Computer / AI / Technology / IT Services,,,,,,"Tue 11th Aug, 2026",,Cybersecurity,https://www.hotnigerianjobs.com/hotjobs/939357/head-cybersecurity-at-activeedge-technologies.html,2026-09-12T21:59:55+00:00
3d08cc4f746e5cd4,hotnigerianjobs,939390,Enterprise Account Manager at ActiveEdge Technologies,ActiveEdge Technologies,"ActiveEdge Technologies is recruiting to fill the position of: Enterprise Account Manager. The position is located in Lekki, Lagos State. Interested candidates should possess relevant qualifications with 7–10+ years of proven experience in enterprise sales, account management, or business development within a solution-selling or technology-driven organisation. Apply Now","Lekki, Lagos State",Nigeria,unknown,,,Computer / AI / Technology / IT Services,,,,,,"Tue 11th Aug, 2026",,Other Tech,https://www.hotnigerianjobs.com/hotjobs/939390/enterprise-account-manager-at-activeedge-technolog.html,2026-09-12T21:59:55+00:00
e4bdb89bbfc570d7,hotnigerianjobs,939382,"Business Development Manager, Enterprise at ActiveEdge Technologies",,"Business Development Manager, Enterprise at ActiveEdge Technologies",,Nigeria,unknown,,,Computer / AI / Technology / IT Services,,,,,,,,Other Tech,https://www.hotnigerianjobs.com/hotjobs/939382/business-development-manager-enterprise-at-activee.html,2026-09-12T21:59:55+00:00
9f0b0ff8956c7342,hotnigerianjobs,939257,NYSC Member - Accounting Background (Male Preferably) at Arit of Africa Limited,,NYSC Member - Accounting Background (Male Preferably) at Arit of Africa Limited,,Nigeria,unknown,,,Computer / AI / Technology / IT Services,,,,,,,,,https://www.hotnigerianjobs.com/hotjobs/939257/nysc-member-accounting-background-male-preferably.html,2026-09-12T21:59:55+00:00
16feb594cbb08461,hotnigerianjobs,938878,Digital Marketing Specialist at Uniccon Group,Uniccon Group,"Uniccon Group is recruiting to fill the position of: Digital Marketing Specialist. The position is located in Lagos State. Interested candidates should possess a Bachelor’s Degree in Marketing, Business, Computer Science, or a related field with 2 to 4 years of hands-on digital/performance marketing experience (ideally within African tech startups, fintech, or SaaS). Apply Now",Lagos State,Nigeria,unknown,,,Computer / AI / Technology / IT Services,,,,,,"Tue 11th Aug, 2026",,Other Tech,https://www.hotnigerianjobs.com/hotjobs/938878/digital-marketing-specialist-at-uniccon-group.html,2026-09-12T21:59:55+00:00
626615674f3ae903,hotnigerianjobs,938870,Test Automation Engineer - Financial Sector at Hampshire Heights Global Company Limited (HHGCL),,Test Automation Engineer - Financial Sector at Hampshire Heights Global Company Limited (HHGCL),,Nigeria,unknown,,,Computer / AI / Technology / IT Services,,,,,,,,Other Tech,https://www.hotnigerianjobs.com/hotjobs/938870/test-automation-engineer-financial-sector-at-hamps.html,2026-09-12T21:59:55+00:00
aa3e120f19ce86dd,hotnigerianjobs,938638,Marketing and Sales Executive at a Reputable IT Company,A reputable IT company,A reputable IT company is recruiting to fill the position of: Marketing and Sales Executive. Interested candidates should possess a Bachelor's Degree or HND qualification in Sales and Marketing with excellent follow-up and communication skills. Apply Now,,Nigeria,unknown,,,Computer / AI / Technology / IT Services,,,,,,"Tue 11th Aug, 2026",,,https://www.hotnigerianjobs.com/hotjobs/938638/marketing-and-sales-executive-at-a-reputable-it-co.html,2026-09-12T21:59:55+00:00
e7c87c367eefd9c3,hotnigerianjobs,938624,Accounts Officer at a Reputable IT Company,A Reputable IT Company,"A Reputable IT Company is recruiting to fill the position of: Accounts Officer. Interested candidates should possess a B.Com / BBA (Accounting / Finance) or equivalent, be ICAN qualified or currently pursuing ICAN with 2-5 years of relevant experience preferred. Apply Now",,Nigeria,unknown,,,Computer / AI / Technology / IT Services,,,,,,"Tue 11th Aug, 2026",,,https://www.hotnigerianjobs.com/hotjobs/938624/accounts-officer-at-a-reputable-it-company.html,2026-09-12T21:59:55+00:00
db1c177e2a96c415,hotnigerianjobs,938371,Assistant Finance Manager at Sproxil Nigeria Limited,Sproxil Nigeria Limited,"Sproxil Nigeria Limited is recruiting to fill the position of: Assistant Finance Manager. The position is located in Lagos State. The ideal candidate will support financial operations, budgeting, compliance, and strategic decision-making while ensuring accuracy and efficiency in financial reporting. Interested candidates should possess a B.Sc. / HND in Accounting, Finance, or related field with minimum of 6 years relevant experience with 2+ years in a supervisory role, preferably in the tech or service sector. Apply Now",Lagos State,Nigeria,unknown,,,Computer / AI / Technology / IT Services,,,,,,"Tue 11th Aug, 2026",,,https://www.hotnigerianjobs.com/hotjobs/938371/assistant-finance-manager-at-sproxil-nigeria-limit.html,2026-09-12T21:59:55+00:00
236b60c16c81916d,hotnigerianjobs,937941,PC Place Nigeria Limited Job Recruitment (5 Positions),PC Place Nigeria Limited,"PC Place Nigeria Limited is recruiting suitably qualified candidates to fill the following positions in Lagos State: Content Creator, Front Desk Officer, B2B Sales Executive; Accountant; Business Development Executive; and Online Sales / Telesales Officer. Apply Now",Lagos State,Nigeria,unknown,,,Computer / AI / Technology / IT Services,,,,,,"Mon 10th Aug, 2026",,,https://www.hotnigerianjobs.com/hotjobs/937941/pc-place-nigeria-limited-job-recruitment-4-positio.html,2026-09-12T21:59:55+00:00
93deb51305d27ae7,hotnigerianjobs,937934,Accountant at PC Place Nigeria Limited,PC Place Nigeria Limited,"PC Place Nigeria Limited is recruiting to fill the position of: Accountant. The position is located in Lagos State. Salary: N250,000 - N300,000 per month. Interested candidates should possess a proficiency in accounting software (QuickBooks, Sage, SAP) with strong analytical and problem-solving abilities. Apply Now",Lagos State,Nigeria,unknown,,,Computer / AI / Technology / IT Services,,,,"N250,000 - N300,000 per month",,"Mon 10th Aug, 2026",,Other Tech,https://www.hotnigerianjobs.com/hotjobs/937934/accountant-at-pc-place-nigeria-limited.html,2026-09-12T21:59:55+00:00
3f8cda57dbd09c30,hotnigerianjobs,937920,Driver at Uleval Technology,Uleval Technology,"Uleval Technology is recruiting to fill the position of: Driver. The position is located in Ikeja, Lagos State. Interested candidates should possess a valid driver's license and a clean driving record are essential. Apply Now","Ikeja, Lagos State",Nigeria,unknown,,,Computer / AI / Technology / IT Services,,,,,,"Mon 10th Aug, 2026",,,https://www.hotnigerianjobs.com/hotjobs/937920/driver-at-uleval-technology.html,2026-09-12T21:59:55+00:00
735cb52afb79f6f3,hotnigerianjobs,937514,Finance & Operations Executive at Strivo Labs,Strivo Labs,"Strivo Labs is recruiting to fill the position of: Finance & Operations Executive. The position is located in Ikeja, Lagos State. Interested candidates should possess a Bachelor’s Degree in Accounting, Finance, Economics, Business Administration, or a related field with 2 – 4 years of relevant experience in finance, accounting, reconciliation, settlement, financial operations, or business operations. Apply Now","Ikeja, Lagos State",Nigeria,unknown,,,Computer / AI / Technology / IT Services,,,,,,"Mon 10th Aug, 2026",,,https://www.hotnigerianjobs.com/hotjobs/937514/finance-operations-executive-at-strivo-labs.html,2026-09-12T21:59:55+00:00
a0722a70229f0920,hotnigerianjobs,937460,Sales and Marketing Director at Glaten Nova Limited,Glaten Nova Limited,"Glaten Nova Limited is recruiting to fill the position of: Sales and Marketing Director. The position is located in Surulere, Lagos State. Salary: N1,000,000 per month Interested candidates should possess a Bachelor's Degree in Marketing, Business Administration, Economics, Sales, Management or a related discipline with 8–12 years' progressive experience in sales, marketing, business development or commercial management. Including at least 5 years' experience in a senior sales, marketing or commercial leadership role. Apply Now","Surulere, Lagos State",Nigeria,unknown,,,Computer / AI / Technology / IT Services,,,,"N1,000,000 per month Interested candidates should possess a Bachelor's Degree in Marketing, Business Administration, Economics, Sales, Management or a related discipline with 8–12 years' progressive experience in sales, marketing, business development or commercial management",,"Mon 10th Aug, 2026",,,https://www.hotnigerianjobs.com/hotjobs/937460/sales-and-marketing-director-at-glaten-nova-limite.html,2026-09-12T21:59:55+00:00
0f19cb88f0d3fb08,hotnigerianjobs,937109,Business Development Manager (ICT) at PPC Limited,PPC Limited,"PPC Limited is recruiting to fill the position of: Business Development Manager (ICT). The position is located in Victoria Island, Lagos State. Interested candidates should possess a Bachelor’s Degree in Engineering preferably in Electrical, Electronics, Computer and other ICT related University Degree with a minimum of 7 years Business development working experience for Telecommunications / ICT sector. MBA in marketing and sales expertise is desired. Apply Now","Victoria Island, Lagos State",Nigeria,unknown,,,Computer / AI / Technology / IT Services,,,,,,"Fri 07th Aug, 2026",,Other Tech,https://www.hotnigerianjobs.com/hotjobs/937109/business-development-manager-ict-at-ppc-limited.html,2026-09-12T21:59:55+00:00
4367f38c437c0e79,hotnigerianjobs,937099,Accountant Advocate (Entry Level) - Remote at Ox Accounting Limited,,Accountant Advocate (Entry Level) - Remote at Ox Accounting Limited,,Nigeria,remote,Country-only,,Computer / AI / Technology / IT Services,,,,,,,,,https://www.hotnigerianjobs.com/hotjobs/937099/accountant-advocate-entry-level-remote-at-ox-accou.html,2026-09-12T21:59:55+00:00
3d83ff273b23c014,hotnigerianjobs,937050,Application / Software Developer at PPC Limited,,"PPC Limited position is located in Victoria Island, Lagos State. Interested candidates should possess a Bachelor’s Degree in Computer Science, Software Engineering, or a related field with 5 years equivalent work experience. Apply Now","Victoria Island, Lagos State",Nigeria,unknown,,,Computer / AI / Technology / IT Services,,,,,,"Fri 07th Aug, 2026",,Software Development,https://www.hotnigerianjobs.com/hotjobs/937050/application-software-developer-at-ppc-limited.html,2026-09-12T21:59:55+00:00
18dc0229ba460f8d,hotnigerianjobs,936703,Quality Assurance Engineer (Hybrid) at Optisoft Technology Company Limited,,Quality Assurance Engineer (Hybrid) at Optisoft Technology Company Limited,,Nigeria,hybrid,,,Computer / AI / Technology / IT Services,,,,,,,,QA & Testing,https://www.hotnigerianjobs.com/hotjobs/936703/quality-assurance-engineer-hybrid-at-optisoft-tech.html,2026-09-12T21:59:55+00:00
79ed5aaef0ee1c7c,hotnigerianjobs,936691,Data Journalist at Dataphyte,Dataphyte,"Dataphyte is recruiting to fill the position of: Data Journalist. The ideal candidate will be collecting, analysing, and interpreting data to produce accurate, engaging, and impactful reports that help audiences better understand complex issues. Apply Now",,Nigeria,unknown,,,Computer / AI / Technology / IT Services,,,,,,"Thu 06th Aug, 2026",,Other Tech,https://www.hotnigerianjobs.com/hotjobs/936691/data-journalist-at-dataphyte.html,2026-09-12T21:59:55+00:00
e6393ead23666219,hotnigerianjobs,936685,Bluechip Technologies Limited Job Recruitment (8 Positions),,"Bluechip Technologies Limited is currently recruiting suitable candidates to fill the following positions in Lagos State: Unix Engineer, Project Execution Engineer (Unix & Database), Project Manager, Customer Success Manager, Project Management Engineer , OpenShift & Kubernetes Engineer, Java & C# Software Engineer, and Quality Assurance / Software Tester. Apply Now",Lagos State,Nigeria,unknown,,,Computer / AI / Technology / IT Services,,,,,,"Thu 06th Aug, 2026",,Software Development,https://www.hotnigerianjobs.com/hotjobs/936685/bluechip-technologies-limited-job-recruitment-7-po.html,2026-09-12T21:59:57+00:00
4387e98906e23526,hotnigerianjobs,936465,Quality Assurance / Software Tester (Hybrid) at Bluechip Technologies Limited,,Quality Assurance / Software Tester (Hybrid) at Bluechip Technologies Limited,,Nigeria,hybrid,,,Computer / AI / Technology / IT Services,,,,,,,,QA & Testing,https://www.hotnigerianjobs.com/hotjobs/936465/quality-assurance-software-tester-hybrid-at-bluech.html,2026-09-12T21:59:57+00:00
6001d7433bf1a336,hotnigerianjobs,936459,Customer Success Manager at Bluechip Technologies Limited,Bluechip Technologies Limited,"Bluechip Technologies Limited is recruiting to fill the position of: Customer Success Manager. The position is located in Lagos State. Interested candidates should possess a Bachelor’s Degree in Business, IT, Engineering, or a related discipline; Professional certifications (Customer Success, Project Management, Agile, or IT-related) are an advantage with 3–5 years of experience in Customer Success, Account Management, Consulting, or similar client-facing roles. Apply Now",Lagos State,Nigeria,unknown,,,Computer / AI / Technology / IT Services,,,,,,"Thu 06th Aug, 2026",,Other Tech,https://www.hotnigerianjobs.com/hotjobs/936459/customer-success-manager-at-bluechip-technologies.html,2026-09-12T21:59:57+00:00
ec7c61b9fb762806,hotnigerianjobs,936457,Project Manager at Bluechip Technologies Limited,Bluechip Technologies Limited,"Bluechip Technologies Limited is recruiting to fill the position of: Project Manager. The position is located in Lagos State. Interested candidates should possess a Bachelor’s Degree in Business Administration, Computer Science, IT, Economics, Statistics, or a related field; PMP, PRINCE2, or equivalent certification (required) with a minimum of 4 years experience post NYSC as an IT Project Manager. Apply Now",Lagos State,Nigeria,unknown,,,Computer / AI / Technology / IT Services,,,,,,"Thu 06th Aug, 2026",,Other Tech,https://www.hotnigerianjobs.com/hotjobs/936457/project-manager-at-bluechip-technologies-limited.html,2026-09-12T21:59:57+00:00
47160de6afcc252f,hotnigerianjobs,936449,Unix Engineer at Bluechip Technologies Limited,Bluechip Technologies Limited,"Bluechip Technologies Limited is recruiting to fill the position of: Unix Engineer. The position is located in Lagos State. Interested candidates should possess a Bachelor’s Degree in computer science, Information Technology, or a related field with a minimum of 8 years of post-NYSC experience in Unix/Linux system administration. Apply Now",Lagos State,Nigeria,unknown,,,Computer / AI / Technology / IT Services,,,,,,"Thu 06th Aug, 2026",,Other Tech,https://www.hotnigerianjobs.com/hotjobs/936449/unix-engineer-at-bluechip-technologies-limited.html,2026-09-12T21:59:57+00:00
0e7667175778c24e,hotnigerianjobs,936463,OpenShift & Kubernetes Engineer (Hybrid) at Bluechip Technologies Limited,,OpenShift & Kubernetes Engineer (Hybrid) at Bluechip Technologies Limited,,Nigeria,hybrid,,,Computer / AI / Technology / IT Services,,,,,,,,DevOps & Cloud,https://www.hotnigerianjobs.com/hotjobs/936463/openshift-kubernetes-engineer-hybrid-at-bluechip-t.html,2026-09-12T21:59:57+00:00
f701b8e9f2b88bf1,hotnigerianjobs,936461,Project Management Engineer (Hybrid) at Bluechip Technologies Limited,,Project Management Engineer (Hybrid) at Bluechip Technologies Limited,,Nigeria,hybrid,,,Computer / AI / Technology / IT Services,,,,,,,,Other Tech,https://www.hotnigerianjobs.com/hotjobs/936461/project-management-engineer-hybrid-at-bluechip-tec.html,2026-09-12T21:59:57+00:00
f95496f603a3d387,hotnigerianjobs,936453,Project Execution Engineer (Unix & Database) at Bluechip Technologies Limited,,Project Execution Engineer (Unix & Database) at Bluechip Technologies Limited,,Nigeria,unknown,,,Computer / AI / Technology / IT Services,,,,,,,,Other Tech,https://www.hotnigerianjobs.com/hotjobs/936453/project-execution-engineer-unix-database-at-bluech.html,2026-09-12T21:59:57+00:00
c271ecee41804579,hotnigerianjobs,936406,Tezza Business Solutions Limited Job Recruitment (14 Positions),,Tezza Business Solutions Limited Job Recruitment (14 Positions),,Nigeria,unknown,,,Computer / AI / Technology / IT Services,,,,,,,,,https://www.hotnigerianjobs.com/hotjobs/936406/tezza-business-solutions-limited-job-recruitment-1.html,2026-09-12T21:59:57+00:00
8827a1a4acef8432,hotnigerianjobs,936423,Strivo Labs Internship & Exp. Job Recruitment (3 Positions),Strivo Labs,"Strivo Labs is recruiting suitably qualified candidates to fill the following internship and experienced positions in Lagos State: Risk Manager, AI / IT Engineer Intern, and Business Development Manager. Apply Now",Lagos State,Nigeria,unknown,,,Computer / AI / Technology / IT Services,,,,,,"Thu 06th Aug, 2026",,Data & AI,https://www.hotnigerianjobs.com/hotjobs/936423/strivo-labs-internship-exp-job-recruitment-3-posit.html,2026-09-12T21:59:57+00:00
59e63bc99745f509,hotnigerianjobs,936387,Sales Executive at a Reputable IT Company,A reputable IT Company,A reputable IT Company is recruiting to fill the position of: Sales Executive. The position is located in Nigeria. Interested candidates should possess a Bachelor's Degree or HND in Sales and Marketing. An understanding of digital marketing will be an added advantage. Apply Now,Nigeria,Nigeria,unknown,,,Computer / AI / Technology / IT Services,,,,,,"Thu 06th Aug, 2026",,,https://www.hotnigerianjobs.com/hotjobs/936387/sales-executive-at-a-reputable-it-company.html,2026-09-12T21:59:57+00:00
5a758d31e0158b9f,hotnigerianjobs,936377,Account Officer at a Reputable IT Company,A reputable IT Company,A reputable IT Company is recruiting to fill the position of: Account Officer. The position is located in Nigeria. Interested candidates should possess a B.com /BBA (Account/Finance) or equivalent with ICAN qualified or currently pursuing ICAN and 2-5 years of relevant experience. Apply Now,Nigeria,Nigeria,unknown,,,Computer / AI / Technology / IT Services,,,,,,"Thu 06th Aug, 2026",,,https://www.hotnigerianjobs.com/hotjobs/936377/account-officer-at-a-reputable-it-company.html,2026-09-12T21:59:57+00:00
77a72379576bac4c,hotnigerianjobs,936302,MEP Engineer at PPC Limited,PPC Limited,"PPC Limited is recruiting to fill the position of: MEP Engineer. The position is located in Victoria Island, Lagos State. Salary: N300,000 - N400,000 / Month. Interested candidates should possess a First Degree in a relevant Engineering course (an MSc is an added advantage) with 5 years cognate experience. Apply Now","Victoria Island, Lagos State",Nigeria,unknown,,,Computer / AI / Technology / IT Services,,,,"N300,000 - N400,000 / Month",,"Thu 06th Aug, 2026",,Other Tech,https://www.hotnigerianjobs.com/hotjobs/936302/mep-engineer-at-ppc-limited.html,2026-09-12T21:59:57+00:00
7d119f9d9afcdb0b,hotnigerianjobs,936294,Senior Network Engineer at a Fast-growing and Innovative FinTech Company - Tophire Africa,,Senior Network Engineer at a Fast-growing and Innovative FinTech Company - Tophire Africa,,Nigeria,unknown,,,Computer / AI / Technology / IT Services,,,,,,,,IT Support & Networking,https://www.hotnigerianjobs.com/hotjobs/936294/senior-network-engineer-at-a-fastgrowing-and-innov.html,2026-09-12T21:59:57+00:00
f8ceb9c05ba1f2a9,hotnigerianjobs,936145,Risk Manager at Strivo Labs,Strivo Labs,"Strivo Labs is recruiting to fill the position of: Risk Manager. The position is located in Ikeja, Lagos State. Interested candidates should possess a Bachelor’s Degree in Finance, Economics, Accounting, Business Administration, Risk Management, Mathematics, Statistics, or a related field with 5 – 8 years of progressive experience in Risk Management, Credit Risk, Enterprise Risk, Audit, or Compliance within a Fintech, Digital Lending, Banking, Financial Services, or Payment Services environment. Apply Now","Ikeja, Lagos State",Nigeria,unknown,,,Computer / AI / Technology / IT Services,,,,,,"Thu 06th Aug, 2026",,Other Tech,https://www.hotnigerianjobs.com/hotjobs/936145/risk-manager-at-strivo-labs.html,2026-09-12T21:59:57+00:00
296805ca50f8591a,hotnigerianjobs,936162,Sales & Go-to-Market (GTM) Professional at a Fast-growing AI Company - Robert Walters,,Sales & Go-to-Market (GTM) Professional at a Fast-growing AI Company - Robert Walters,,Nigeria,unknown,,,Computer / AI / Technology / IT Services,,,,,,,,Data & AI,https://www.hotnigerianjobs.com/hotjobs/936162/sales-gotomarket-gtm-professional-at-a-fastgrowing.html,2026-09-12T21:59:57+00:00
ed2648c2a2ab0738,hotnigerianjobs,935961,Customer Service Representative at Gosub Limited,Gosub Limited,"Gosub Limited is recruiting to fill the position of: Customer Service Representative at Gosub Limited. The position is located in Benin City, Edo State. Salary: N120,000 monthly. Interested candidates must possess at least a Bachelor’s Degree in a related field with a minimum of 2 years experience in a similar role, and must reside in Benin City, specifically around Sapele Road or GRA and environs. Apply Now","Benin City, Edo State",Nigeria,unknown,,,Computer / AI / Technology / IT Services,,,,"N120,000 monthly",,"Thu 06th Aug, 2026",,,https://www.hotnigerianjobs.com/hotjobs/935961/customer-service-representative-at-gosub-limited-a.html,2026-09-12T21:59:57+00:00
9f2952454309b0d0,hotnigerianjobs,935956,HR / Admin Officer (Hybrid) at Tezza Business Solutions Limited,,HR / Admin Officer (Hybrid) at Tezza Business Solutions Limited,,Nigeria,hybrid,,,Computer / AI / Technology / IT Services,,,,,,,,,https://www.hotnigerianjobs.com/hotjobs/935956/hr-admin-officer-hybrid-at-tezza-business-solution.html,2026-09-12T21:59:57+00:00
5c8ad7824a801295,hotnigerianjobs,935864,Key Account Manager (FTTH) at Layer3 - Hybrid,Layer3,"Layer3 is recruiting to fill the position of: Key Account Manager (FTTH). The position is located in Abuja (Hybrid). Interested candidates should possess a University Degree or its equivalent, preferably in Computer / Electrical / Electronics Engineering or Computer Science is required with 3 - 5 years field sales and account management professional experience with FTTH. Apply Now",Abuja (Hybrid),Nigeria,hybrid,,,Computer / AI / Technology / IT Services,,,,,,"Wed 05th Aug, 2026",,Other Tech,https://www.hotnigerianjobs.com/hotjobs/935864/key-account-manager-ftth-at-layer3-hybrid.html,2026-09-12T21:59:57+00:00
c08dcdfb990c8ab0,hotnigerianjobs,935774,Workforce Management (WFM) – Real-Time Analyst (RTA) at Hugo Technologies,,Workforce Management (WFM) – Real-Time Analyst (RTA) at Hugo Technologies,,Nigeria,unknown,,,Computer / AI / Technology / IT Services,,,,,,,,,https://www.hotnigerianjobs.com/hotjobs/935774/workforce-management-wfm-realtime-analyst-rta-at-h.html,2026-09-12T21:59:57+00:00
dfa5a742ba6f5453,hotnigerianjobs,935720,Marketplace Operations & Agency Onboarding Manager (Hybrid) at Aeromart Limited - Dear HR Consulting,,Marketplace Operations & Agency Onboarding Manager (Hybrid) at Aeromart Limited - Dear HR Consulting,,Nigeria,hybrid,,,Computer / AI / Technology / IT Services,,,,,,,,,https://www.hotnigerianjobs.com/hotjobs/935720/marketplace-operations-agency-onboarding-manager-h.html,2026-09-12T21:59:57+00:00
ef091c78c4f9c8eb,hotnigerianjobs,935703,Executive Assistant (Hybrid) at Aeromart Limited - Dear HR Consulting,,Executive Assistant (Hybrid) at Aeromart Limited - Dear HR Consulting,,Nigeria,hybrid,,,Computer / AI / Technology / IT Services,,,,,,,,,https://www.hotnigerianjobs.com/hotjobs/935703/executive-assistant-hybrid-at-aeromart-limited-dea.html,2026-09-12T21:59:57+00:00
5beda4ea16c294c2,hotnigerianjobs,935553,Civil Engineer at RTCOM Defense (formally known as R.T Communication Limited),,Civil Engineer at RTCOM Defense (formally known as R.T Communication Limited),,Nigeria,unknown,,,Computer / AI / Technology / IT Services,,,,,,,,Other Tech,https://www.hotnigerianjobs.com/hotjobs/935553/civil-engineer-at-rtcom-defense-formally-known-as.html,2026-09-12T21:59:57+00:00
1630520b845abb59,hotnigerianjobs,935420,Sales Executive (Female) at Mitiget Assurance and Technology Services Limited,,Sales Executive (Female) at Mitiget Assurance and Technology Services Limited,,Nigeria,unknown,,,Computer / AI / Technology / IT Services,,,,,,,,,https://www.hotnigerianjobs.com/hotjobs/935420/sales-executive-female-at-mitiget-assurance-and-te.html,2026-09-12T21:59:57+00:00
4848fa8beb7ceeed,hotnigerianjobs,934927,Infobip Nigeria Job Recruitment (4 Positions),,"Infobip Nigeria is currently recruiting suitably qualified candidates to fill the following positions in Lagos State: Account Manager, Partnerships Development Manager, Account Executive, and Solutions Engineer. Apply Now",Lagos State,Nigeria,unknown,,,Computer / AI / Technology / IT Services,,,,,,"Tue 04th Aug, 2026",,Other Tech,https://www.hotnigerianjobs.com/hotjobs/934927/infobip-nigeria-job-recruitment-4-openings.html,2026-09-12T21:59:57+00:00
3b8f8dbc57f99d0e,hotnigerianjobs,934838,Partnerships Development Manager (Hybrid) at Infobip Nigeria,,Partnerships Development Manager (Hybrid) at Infobip Nigeria,,Nigeria,hybrid,,,Computer / AI / Technology / IT Services,,,,,,,,,https://www.hotnigerianjobs.com/hotjobs/934838/partnerships-development-manager-hybrid-at-infobip.html,2026-09-12T21:59:57+00:00
1090048fb5997151,hotnigerianjobs,934835,Solutions Engineer (Hybrid) at Infobip Nigeria,Infobip Nigeria,Infobip Nigeria is recruiting to fill the position of: Solutions Engineer. The position is located in Lagos State (Hybrid). Interested candidates should possess relevant qualifications. Apply Now,Lagos State (Hybrid),Nigeria,hybrid,,,Computer / AI / Technology / IT Services,,,,,,"Tue 04th Aug, 2026",,Other Tech,https://www.hotnigerianjobs.com/hotjobs/934835/solutions-engineer-hybrid-at-infobip-nigeria.html,2026-09-12T21:59:57+00:00
69f4994d0c7f741c,hotnigerianjobs,934831,Account Manager - Customer Growth Executive (Hybrid) at Infobip Nigeria,,Account Manager - Customer Growth Executive (Hybrid) at Infobip Nigeria,,Nigeria,hybrid,,,Computer / AI / Technology / IT Services,,,,,,,,,https://www.hotnigerianjobs.com/hotjobs/934831/account-manager-customer-growth-executive-hybrid-a.html,2026-09-12T21:59:57+00:00
5cd30fe046e4bd2f,hotnigerianjobs,934824,Account Executive (Hybrid) at Infobip Nigeria,Infobip Nigeria,Infobip Nigeria is recruiting to fill the position of: Account Executive. The position is located in Lagos State (Hybrid). Interested candidates should possess relevant qualifications. Apply Now,Lagos State (Hybrid),Nigeria,hybrid,,,Computer / AI / Technology / IT Services,,,,,,"Tue 04th Aug, 2026",,,https://www.hotnigerianjobs.com/hotjobs/934824/account-executive-hybrid-at-infobip-nigeria.html,2026-09-12T21:59:57+00:00
0b3b13a148d6d1f8,hotnigerianjobs,934862,Customer Service Representative at Gosub Limited,Gosub Limited,"Gosub Limited is recruiting to fill the position of: Customer Service Representative. The position is located in Benin City, Edo State. Salary: N120,000 monthly. As a Customer Service Representative, you will be responsible for providing excellent customer service and support to our valued customers. Interested candidate must possess at least a Bachelor’s Degree in a related field with a minimum of 2 years of experience in a similar role, and must reside in Benin City, specifically around Sapele Road or GRA and environs. Apply Now","Benin City, Edo State",Nigeria,unknown,,,Computer / AI / Technology / IT Services,,,,"N120,000 monthly",,"Tue 04th Aug, 2026",,,https://www.hotnigerianjobs.com/hotjobs/934862/customer-service-representative-at-gosub-limited.html,2026-09-12T21:59:57+00:00
feeec178f1b79f30,hotnigerianjobs,934685,Application Support Officer at Zanibal Solutions Nigeria Limited,,Application Support Officer at Zanibal Solutions Nigeria Limited,,Nigeria,unknown,,,Computer / AI / Technology / IT Services,,,,,,,,,https://www.hotnigerianjobs.com/hotjobs/934685/application-support-officer-at-zanibal-solutions-n.html,2026-09-12T21:59:57+00:00
95157a6b9049a089,hotnigerianjobs,934640,Walexbiz Group Internship & Exp. Job Recruitment (11 Positions),,Walexbiz Group Internship & Exp. Job Recruitment (11 Positions),,Nigeria,unknown,,,Computer / AI / Technology / IT Services,,,,,,,,,https://www.hotnigerianjobs.com/hotjobs/934640/walexbiz-group-internship-exp-job-recruitment-11-p.html,2026-09-12T21:59:57+00:00
1f8b30edb8266961,hotnigerianjobs,934611,Business Development Manager at Strivo Labs,Strivo Labs,"Strivo Labs is recruiting to fill the position of: Business Development Manager. The position is located in Ikeja, Lagos State. Interested candidates should possess a Bachelor’s Degree in Business Administration, Marketing, Economics, Finance, or a related discipline with a minimum of 5 years experience in Business Development, Enterprise Sales, Relationship Management, or Key Account Management. Apply Now","Ikeja, Lagos State",Nigeria,unknown,,,Computer / AI / Technology / IT Services,,,,,,"Tue 04th Aug, 2026",,Other Tech,https://www.hotnigerianjobs.com/hotjobs/934611/business-development-manager-at-strivo-labs.html,2026-09-12T21:59:57+00:00
81f2a538184c05a8,hotnigerianjobs,934615,AI / IT Engineer Intern at Strivo Labs,Strivo Labs,"Strivo Labs is recruiting to fill the position of: AI / IT Engineer Intern. The position is located in Ikeja, Lagos State. Interested candidates should be currently pursuing or recently completed a Degree in Computer Science, Information Technology, Data Science, AI/ML, or related fields with working knowledge of Python and basic scripting. Apply Now","Ikeja, Lagos State",Nigeria,unknown,,,Computer / AI / Technology / IT Services,,,,,,"Tue 04th Aug, 2026",,Data & AI,https://www.hotnigerianjobs.com/hotjobs/934615/ai-it-engineer-intern-at-strivo-labs.html,2026-09-12T21:59:57+00:00
2fc93649b8141f81,hotnigerianjobs,934407,Accountant at Walexbiz Nigeria Limited,Walexbiz Nigeria Limited,"Walexbiz Nigeria Limited is recruiting to fill the position of: Accountant. The position is located in Asokoro, Abuja (FCT). Salary: N100,000 - N150,000 / month. Interested candidates should possess a Bachelor's Degree in Accounting, Finance, or a related field; professional certification (e.g., ACA, ACCA, CPA, or ICAN) is an advantage. Apply Now","Asokoro, Abuja (FCT)",Nigeria,unknown,,,Computer / AI / Technology / IT Services,,,,"N100,000 - N150,000 / month",,"Tue 04th Aug, 2026",,,https://www.hotnigerianjobs.com/hotjobs/934407/accountant-at-walexbiz-nigeria-limited.html,2026-09-12T21:59:57+00:00
007ed06b6f9b5e7e,hotnigerianjobs,933616,Operations Specialist at Cavista,Cavista,"Cavista is recruiting to fill the position of: Operations Specialist. The position is located in Lagos State. Interested candidates should possess a Bachelor’s Degree in Business Administration, Management, Event Management, Hospitality Management, Marketing, Communications, or a related field with a minimum of 5 years of experience in operations management, events management, project coordination, administrative support, or a related role. Apply Now",Lagos State,Nigeria,unknown,,,Computer / AI / Technology / IT Services,,,,,,"Mon 03rd Aug, 2026",,,https://www.hotnigerianjobs.com/hotjobs/933616/instrument-paco-engineering-maintenance-services-l.html,2026-09-12T21:59:57+00:00
2501ed1b19abfc1b,hotnigerianjobs,933481,Legal Officer at a Leading and Fast-Growing Fintech and Financial Services Space - Breezy Digital Solutions,,Legal Officer at a Leading and Fast-Growing Fintech and Financial Services Space - Breezy Digital Solutions,,Nigeria,unknown,,,Computer / AI / Technology / IT Services,,,,,,,,,https://www.hotnigerianjobs.com/hotjobs/933481/legal-officer-at-a-leading-and-fastgrowing-fintech.html,2026-09-12T21:59:57+00:00
53e6d72c452aebfb,hotnigerianjobs,932646,UAV Propulsion System Engineer at Uniccon Group,PC Planet Limited,"PC Planet Limited is recruiting to fill the position of: UAV Propulsion System Engineer. The position is located in Abuja. In this role, you will actively shape the DNA of our next-generation flight platforms. From conceptual architecture to field testing and certification, your core mission will be to answer the ultimate question: “Does this propulsion system safely, reliably, and efficiently deliver the required power across the entire mission envelope? Apply Now",Abuja,Nigeria,unknown,,,Computer / AI / Technology / IT Services,,,,,,"Thu 30th Jul, 2026",,Other Tech,https://www.hotnigerianjobs.com/hotjobs/932646/uav-propulsion-system-engineer-at-uniccon-group.html,2026-09-12T21:59:57+00:00
baa2a8195f9980f2,hotnigerianjobs,932652,Uniccon Group Job Recruitment (3 Positions),Uniccon Group,"Uniccon Group is recruiting suitable candidates to fill the following positions in Abuja: UAV Propulsion System Engineer; UAV Avionics Engineer (Autonomy, Flight Control & Vehicle Avionics); and UAV / Aircraft Design Engineer. Apply Now",Abuja,Nigeria,unknown,,,Computer / AI / Technology / IT Services,,,,,,"Thu 30th Jul, 2026",,Other Tech,https://www.hotnigerianjobs.com/hotjobs/932652/uniccon-group-job-recruitment-3-positions.html,2026-09-12T21:59:57+00:00
3f8dc3e1bcd6fd85,hotnigerianjobs,932644,"UAV Avionics Engineer (Autonomy, Flight Control & Vehicle Avionics) at Uniccon Group",,"UAV Avionics Engineer (Autonomy, Flight Control & Vehicle Avionics) at Uniccon Group",,Nigeria,unknown,,,Computer / AI / Technology / IT Services,,,,,,,,Other Tech,https://www.hotnigerianjobs.com/hotjobs/932644/uav-avionics-engineer-autonomy-flight-control-vehi.html,2026-09-12T21:59:57+00:00
0c76e53c16aa812f,hotnigerianjobs,932588,UAV / Aircraft Design Engineer at Uniccon Group,Uniccon Group,Uniccon Group is recruiting to fill the position of: UAV / Aircraft Design Engineer. The position is located in Abuja. Interested candidates should possess a Bachelor’s Degree in Aerospace or Aeronautical Engineering with at least 3 years of relevant hands-on aircraft or UAV design experience. Apply Now,Abuja,Nigeria,unknown,,,Computer / AI / Technology / IT Services,,,,,,"Thu 30th Jul, 2026",,Other Tech,https://www.hotnigerianjobs.com/hotjobs/932588/pc-planet-limited-job-recruitment-7-positions.html,2026-09-12T21:59:57+00:00
c9b1f18d235563a2,hotnigerianjobs,932540,B2B Sales Executive at PC Planet Limited,PC Planet Limited,"PC Planet Limited is recruiting to fill the position of: B2B Sales Executive. The position is located in Ikeja, Lagos State. Interested candidates should possess a Bachelor’s Degree in Business, Marketing, or related field with 3–5 years of proven experience in B2B sales or account management. Apply Now","Ikeja, Lagos State",Nigeria,unknown,,,Computer / AI / Technology / IT Services,,,,,,"Thu 30th Jul, 2026",,,https://www.hotnigerianjobs.com/hotjobs/932540/b2b-sales-executive-at-at-pc-planet-limited.html,2026-09-12T21:59:57+00:00
55993eaec5dfbbb9,hotnigerianjobs,932534,Front Desk Officer at PC Planet Limited,PC Planet Limited,"PC Planet Limited is recruiting to fill the position of: Front Desk Officer. The position is located in Ikeja, Lagos State. Interested candidates should possess a Bachelor's Degree with 1-2 years experience. Apply Now","Ikeja, Lagos State",Nigeria,unknown,,,Computer / AI / Technology / IT Services,,,,,,"Thu 30th Jul, 2026",,,https://www.hotnigerianjobs.com/hotjobs/932534/front-desk-officer-at-at-pc-planet-limited.html,2026-09-12T21:59:57+00:00
2788241efe08e960,hotnigerianjobs,932523,Accountant at PC Planet Limited,PC Planet Limited,"PC Planet Limited is recruiting to fill the position of: Accountant. The position is located in Ikeja, Lagos State. Interested candidates should possess a Bachelor’s Degree in Accounting, Finance, or related field; Professional certification (ACA, ACCA, CPA) preferred. Only females should apply. Apply Now","Ikeja, Lagos State",Nigeria,unknown,,,Computer / AI / Technology / IT Services,,,,,,"Thu 30th Jul, 2026",,,https://www.hotnigerianjobs.com/hotjobs/932523/accountant-at-at-pc-planet-limited.html,2026-09-12T21:59:57+00:00
65384c9c1221baa5,hotnigerianjobs,932517,Procurement Assistant at PC Planet Limited,PC Planet Limited,"PC Planet Limited is recruiting to fill the position of: Procurement Assistant. The position is located in Lagos State. Interested candidates should possess a Bachelor’s Degree in Business Administration, Supply Chain Management, or related field with previous experience in procurement, purchasing, or supply chain roles preferred. Apply Now",Lagos State,Nigeria,unknown,,,Computer / AI / Technology / IT Services,,,,,,"Thu 30th Jul, 2026",,,https://www.hotnigerianjobs.com/hotjobs/932517/procurement-assistant-at-at-pc-planet-limited.html,2026-09-12T21:59:57+00:00
24d71274e131cd3d,hotnigerianjobs,932508,Dispatch Rider at PC Planet Limited,PC Planet Limited,"PC Planet Limited is recruiting to fill the position of: Dispatch Rider. The position is located in Lagos State. In this role, you will pick up and deliver items to clients or company branches promptly. Apply Now",Lagos State,Nigeria,unknown,,,Computer / AI / Technology / IT Services,,,,,,"Thu 30th Jul, 2026",,,https://www.hotnigerianjobs.com/hotjobs/932508/dispatch-rider-at-at-pc-planet-limited.html,2026-09-12T21:59:57+00:00
a27fe008187eee3b,hotnigerianjobs,932504,Online Sales / Telesales Officer at PC Planet Limited,PC Planet Limited,"PC Planet Limited is recruiting to fill the position of: Online Sales / Telesales Officer. The position is located in Ikeja, Lagos State. In this role, you will respond to customer inquiries via email, chat, social media, or phone. Apply Now","Ikeja, Lagos State",Nigeria,unknown,,,Computer / AI / Technology / IT Services,,,,,,"Thu 30th Jul, 2026",,,https://www.hotnigerianjobs.com/hotjobs/932504/online-sales-telesales-officer-at-at-pc-planet-lim.html,2026-09-12T21:59:57+00:00
6a4dcf633f6ead0b,hotnigerianjobs,932503,Growth Sales Executive at PC Planet Limited,PC Planet Limited,"PC Planet Limited is recruiting to fill the position of: Growth Sales Executive. The position is located in Ikeja, Lagos State. Interested candidates should possess a Bachelor’s Degree in Business, Marketing, or related field (preferred) with proven experience in online sales, digital marketing, or e-commerce. Apply Now","Ikeja, Lagos State",Nigeria,unknown,,,Computer / AI / Technology / IT Services,,,,,,"Thu 30th Jul, 2026",,,https://www.hotnigerianjobs.com/hotjobs/932503/growth-sales-executive-at-at-pc-planet-limited.html,2026-09-12T21:59:57+00:00
4ad82e7175a00282,hotnigerianjobs,932452,10Alytics Internship & Exp. Job Recruitment (10 Positions),,"10Alytics is currently recruiting suitably qualified candidates to fill the following internship and experienced positions: Social Media Intern, Social Media Manager, Employability Associate, Affiliate Marketing Manager, Growth Associate, Data Associate, Customer Support Associate, Customer Sales Associate, Technical Data Associate, and Senior Data Associate. Apply Now",,Nigeria,unknown,,,Computer / AI / Technology / IT Services,,,,,,"Thu 30th Jul, 2026",,Other Tech,https://www.hotnigerianjobs.com/hotjobs/932452/10alytics-internship-exp-job-recruitment-10-positi.html,2026-09-12T21:59:57+00:00
f037726addcafa3e,hotnigerianjobs,932376,Senior Data Associate (Remote) at 10Alytics,10Alytics,10Alytics is recruiting to fill the position of: Senior Data Associate. This is a Remote role. Interested candidates should possess a relevant qualification with 2-3 years work experience. Apply Now,,Nigeria,remote,Country-only,,Computer / AI / Technology / IT Services,,,,,,"Thu 30th Jul, 2026",,Other Tech,https://www.hotnigerianjobs.com/hotjobs/932376/senior-data-associate-remote-at-10alytics.html,2026-09-12T21:59:57+00:00
e80cbeca3d5fc77b,hotnigerianjobs,932355,Social Media Intern (Remote) at 10Alytics,10Alytics,10Alytics is recruiting to fill the position of: Social Media Intern. This is a Remote position. Interested candidates should possess a relevant qualification with 0 -1 year experience. Apply Now,,Nigeria,remote,Country-only,,Computer / AI / Technology / IT Services,,,,,,"Thu 30th Jul, 2026",,,https://www.hotnigerianjobs.com/hotjobs/932355/social-media-intern-remote-at-10alytics.html,2026-09-12T22:00:01+00:00
754ba11b40f3d2db,hotnigerianjobs,932357,Data Associate (Remote) at 10Alytics,10Alytics,10Alytics is recruiting to fill the position of: Data Associate. This is a Remote job. Interested candidates should possess a relevant qualification with 2-3 years work experience. Apply Now,,Nigeria,remote,Country-only,,Computer / AI / Technology / IT Services,,,,,,"Thu 30th Jul, 2026",,Other Tech,https://www.hotnigerianjobs.com/hotjobs/932357/data-associate-remote-at-10alytics.html,2026-09-12T22:00:01+00:00
15a341c208df3f91,hotnigerianjobs,932348,Growth Associate (Remote) at 10Alytics,10Alytics,10Alytics is recruiting to fill the position of: Growth Associate. This is a Remote position. Interested candidates should possess a relevant qualification with 2 - 3 years experience. Apply Now,,Nigeria,remote,Country-only,,Computer / AI / Technology / IT Services,,,,,,"Thu 30th Jul, 2026",,,https://www.hotnigerianjobs.com/hotjobs/932348/growth-associate-remote-at-10alytics.html,2026-09-12T22:00:01+00:00
0eda1504845114b9,hotnigerianjobs,932392,PC Place Nigeria Limited Job Recruitment (7 Positions),PC Place Nigeria Limited,"PC Place Nigeria Limited is recruiting suitably qualified candidates to fill the following positions in Lagos State: Front Desk Officer, B2B Sales Executive; Accountant, Dispatch Rider; Growth Sales Executive; Business Development Executive; Procurement Assistant; and Online Sales / Telesales Officer. Apply Now",Lagos State,Nigeria,unknown,,,Computer / AI / Technology / IT Services,,,,,,"Thu 30th Jul, 2026",,,https://www.hotnigerianjobs.com/hotjobs/932392/pc-place-nigeria-limited-job-recruitment-7-positio.html,2026-09-12T22:00:01+00:00
f772004674cbd08a,hotnigerianjobs,932371,Technical Data Associate (Remote) at 10Alytics,10Alytics,10Alytics is recruiting to fill the position of: Technical Data Associate. This is a Remote role. Interested candidates should possess a relevant qualification with 2-3 years work experience. Apply Now,,Nigeria,remote,Country-only,,Computer / AI / Technology / IT Services,,,,,,"Thu 30th Jul, 2026",,Other Tech,https://www.hotnigerianjobs.com/hotjobs/932371/technical-data-associate-remote-at-10alytics.html,2026-09-12T22:00:01+00:00
e745c4cc584efd3a,hotnigerianjobs,932370,Customer Support Associate (Remote) at 10Alytics,10Alytics,10Alytics is recruiting to fill the position of: Customer Support Associate. This is a Remote role. Interested candidates should possess a relevant qualification with 2-3 years work experience. Apply Now,,Nigeria,remote,Country-only,,Computer / AI / Technology / IT Services,,,,,,"Thu 30th Jul, 2026",,,https://www.hotnigerianjobs.com/hotjobs/932370/customer-support-associate-remote-at-10alytics.html,2026-09-12T22:00:01+00:00
190595d33dd17f41,hotnigerianjobs,932354,B2B Sales Executive at PC Place Nigeria Limited,PC Place Nigeria Limited,"PC Place Nigeria Limited is recruiting to fill the position of: B2B Sales Executive. The position is located in Ikeja, Lagos State. Salary: N250,000 - N500,000 per month. Interested candidates should possess a Bachelor’s Degree in Business, Marketing, or related field with 3–5 years of proven experience in B2B sales or account management; Only females should apply. Apply Now","Ikeja, Lagos State",Nigeria,unknown,,,Computer / AI / Technology / IT Services,,,,"N250,000 - N500,000 per month",,"Thu 30th Jul, 2026",,,https://www.hotnigerianjobs.com/hotjobs/932354/b2b-sales-executive-at-pc-place-nigeria-limited.html,2026-09-12T22:00:01+00:00
b41d2e43e91b22de,hotnigerianjobs,932351,Customer Sales Associate (Remote) at 10Alytics,10Alytics,10Alytics is recruiting to fill the position of: Customer Sales Associate. This is a Remote position. Interested candidates should possess a relevant qualification with 3 - 4 years experience. Apply Now,,Nigeria,remote,Country-only,,Computer / AI / Technology / IT Services,,,,,,"Thu 30th Jul, 2026",,,https://www.hotnigerianjobs.com/hotjobs/932351/customer-sales-associate-remote-at-10alytics.html,2026-09-12T22:00:01+00:00
0bda32d66c1c66ff,hotnigerianjobs,932343,Affiliate Marketing Manager (Remote) at 10Alytics,10Alytics,10Alytics is recruiting to fill the position of: Affiliate Marketing Manager. This is a Remote position. Interested candidates should possess a relevant qualification with 3 - 4 years experience. Apply Now,,Nigeria,remote,Country-only,,Computer / AI / Technology / IT Services,,,,,,"Thu 30th Jul, 2026",,,https://www.hotnigerianjobs.com/hotjobs/932343/affiliate-marketing-manager-remote-at-10alytics.html,2026-09-12T22:00:01+00:00
83c0e6e37c220b75,hotnigerianjobs,932342,Employability Associate (Remote) at 10Alytics,10Alytics,10Alytics is recruiting to fill the position of: Employability Associate. This is a Remote position. Interested candidates should possess a relevant qualification with 3 - 4 years experience. Apply Now,,Nigeria,remote,Country-only,,Computer / AI / Technology / IT Services,,,,,,"Thu 30th Jul, 2026",,,https://www.hotnigerianjobs.com/hotjobs/932342/employability-associate-remote-at-10alytics.html,2026-09-12T22:00:01+00:00
8fc4f4165814241f,hotnigerianjobs,932341,Social Media Manager (Remote) at 10Alytics,10Alytics,10Alytics is recruiting to fill the position of: Social Media Manager. This is a Remote position. Interested candidates should possess a relevant qualification with 3 - 4 years experience. Apply Now,,Nigeria,remote,Country-only,,Computer / AI / Technology / IT Services,,,,,,"Thu 30th Jul, 2026",,,https://www.hotnigerianjobs.com/hotjobs/932341/social-media-manager-remote-at-10alytics.html,2026-09-12T22:00:01+00:00
325890c713962047,hotnigerianjobs,932235,Senior Store Officer at JMG Limited,JMG Limited,"JMG Limited is recruiting to fill the position of: Senior Store Officer. The position is located in Gbagada, Lagos State. Interested candidates should possess a B.Sc Degree in Business Administration, Accounting or equivalent with 7 - 8 years of proven working experience as a Warehouse / Store Supervisor in a large organization. Apply Now","Gbagada, Lagos State",Nigeria,unknown,,,Computer / AI / Technology / IT Services,,,,,,"Thu 30th Jul, 2026",,,https://www.hotnigerianjobs.com/hotjobs/932235/senior-store-officer-at-jmg-limited.html,2026-09-12T22:00:01+00:00
aae260813a04a01d,hotnigerianjobs,931953,Software Engineer at Qore - Appzone Limited,"Qore, a subsidiary of Appzone Limited,","Qore, a subsidiary of Appzone Limited, is recruiting to fill the position of Software Engineer. The position is located in Lagos State. Interested candidates should possess a BSc in Computer Science or a related field, with 3+ years of experience in software development or a related field, and a strong understanding of C#, .NET Framework, SQL databases; and knowledge of web-based technologies such as HTML, CSS, and JavaScript will be a plus. Apply Now",Lagos State,Nigeria,unknown,,,Computer / AI / Technology / IT Services,,,,,,"Wed 29th Jul, 2026",,Software Development,https://www.hotnigerianjobs.com/hotjobs/931953/environmental-health-social-ehs-officer-at-ashipa.html,2026-09-12T22:00:01+00:00
492186f1fed9dd3e,hotnigerianjobs,931975,"Analyst, Ancillary Product Implementation at Qore - Appzone Limited",,"Analyst, Ancillary Product Implementation at Qore - Appzone Limited",,Nigeria,unknown,,,Computer / AI / Technology / IT Services,,,,,,,,,https://www.hotnigerianjobs.com/hotjobs/931975/analyst-ancillary-product-implementation-at-qore.html,2026-09-12T22:00:01+00:00
a23dbc3f352221fa,hotnigerianjobs,931945,"Senior Engineering Specialist, Application Administration (DevOps/SRE) at Qore - Appzone Limited",,"Senior Engineering Specialist, Application Administration (DevOps/SRE) at Qore - Appzone Limited",,Nigeria,unknown,,,Computer / AI / Technology / IT Services,,,,,,,,DevOps & Cloud,https://www.hotnigerianjobs.com/hotjobs/931945/senior-engineering-specialist-application-administ.html,2026-09-12T22:00:01+00:00
bdd6044da9924191,hotnigerianjobs,931992,Fraud and Risk Specialist at Netzence Sustainability Limited,,Fraud and Risk Specialist at Netzence Sustainability Limited,,Nigeria,unknown,,,Computer / AI / Technology / IT Services,,,,,,,,,https://www.hotnigerianjobs.com/hotjobs/931992/fraud-and-risk-specialist-at-netzence-sustainabili.html,2026-09-12T22:00:01+00:00
8c4876c011c69b2c,hotnigerianjobs,931717,Partnership & Business Development Associate (Remote) at WarbleLive,,Partnership & Business Development Associate (Remote) at WarbleLive,,Nigeria,remote,Country-only,,Computer / AI / Technology / IT Services,,,,,,,,,https://www.hotnigerianjobs.com/hotjobs/931717/partnership-business-development-associate-at-warb.html,2026-09-12T22:00:01+00:00
9bb82c1e9f963a0d,hotnigerianjobs,931532,ERP Specialist - Dynamics 365 at Equinix Nigeria,Equinix Nigeria,"Equinix Nigeria is recruiting to fill the position of: ERP Specialist - Dynamics 365. The position is located in Victoria Island, Lagos State. Interested candidates should possess a Bachelor's Degree in Computer Science or Computer Engineering with proven years of experience. Apply Now","Victoria Island, Lagos State",Nigeria,unknown,,,Computer / AI / Technology / IT Services,,,,,,"Wed 29th Jul, 2026",,Other Tech,https://www.hotnigerianjobs.com/hotjobs/931532/erp-specialist-dynamics-365-at-equinix-nigeria.html,2026-09-12T22:00:01+00:00
dc86cb35f0a41cef,hotnigerianjobs,931471,Marketing Communications Officer at Qore - Appzone Limited,"Qore, a subsidiary of Appzone Limited","Qore, a subsidiary of Appzone Limited is recruiting to fill the position of: Marketing Communications Officer. The position is located in Lagos State. Interested candidates should possess a BSc in Marketing, Mass Communication, Public Relations, Journalism, Communications, Business Administration, or a related field with 2+ years of experience in marketing communications, corporate communications, brand management, public relations, or content marketing. Apply Now",Lagos State,Nigeria,unknown,,,Computer / AI / Technology / IT Services,,,,,,"Wed 29th Jul, 2026",,,https://www.hotnigerianjobs.com/hotjobs/931471/marketing-communications-officer-at-qore-appzone-l.html,2026-09-12T22:00:01+00:00
7cd4dc6e75dc80a7,hotnigerianjobs,931460,"Manager, Merchant Services Business at Qore - Appzone Limited",,"Manager, Merchant Services Business at Qore - Appzone Limited",,Nigeria,unknown,,,Computer / AI / Technology / IT Services,,,,,,,,,https://www.hotnigerianjobs.com/hotjobs/931460/manager-merchant-services-business-at-qore-appzone.html,2026-09-12T22:00:01+00:00
aa3a1c2f17b26413,hotnigerianjobs,931348,Social Media Manager / Content Creator at CodelabProjects,CodelabProjects,"CodelabProjects is recruiting to fill the position of: Social Media Manager / Content Creator. The position is located in Sabon-Lugbe, Abuja (FCT). Salary: N190,000 / month. Interested candidates should possess a Bachelor's Degree in Marketing, Mass Communication, Media Studies, Computer Science, Engineering, Information Technology, or a related discipline with minimum of 2 years' experience in social media marketing, content creation, digital marketing, or media production. A degree in an Engineering-related discipline is an added advantage. Apply Now","Sabon-Lugbe, Abuja (FCT)",Nigeria,unknown,,,Computer / AI / Technology / IT Services,,,,"N190,000 / month",,"Wed 29th Jul, 2026",,Other Tech,https://www.hotnigerianjobs.com/hotjobs/931348/social-media-manager-content-creator-at-codelabpro.html,2026-09-12T22:00:01+00:00
3503411b2017aba4,hotnigerianjobs,931248,Google Cloud Data Engineer at Artech 2000 Nigeria Limited,Artech 2000 Nigeria Limited,Artech 2000 Nigeria Limited is recruiting to fill the position of: Google Cloud Data Engineer. The position is located in Lagos State. Interested candidates should possess relevant qualifications with experience working in Agile/Scrum environments. Apply Now,Lagos State,Nigeria,unknown,,,Computer / AI / Technology / IT Services,,,,,,"Tue 28th Jul, 2026",,Data & AI,https://www.hotnigerianjobs.com/hotjobs/931248/google-cloud-data-engineer-at-artech-2000-nigeria.html,2026-09-12T22:00:01+00:00
34bd45aaf44cc125,hotnigerianjobs,931216,Content Creator at MyBizPush Solutions Limited,MyBizPush Solutions Limited,"MyBizPush Solutions Limited is recruiting to fill the position of: Content Creator. The position is located in Abuja. Interested candidates should possess high confidence on camera, strong pulse on current social media trends, and basic video/media editing skills. Apply Now",Abuja,Nigeria,unknown,,,Computer / AI / Technology / IT Services,,,,,,"Tue 28th Jul, 2026",,,https://www.hotnigerianjobs.com/hotjobs/931216/content-creator-at-mybizpush-solutions-limited.html,2026-09-12T22:00:01+00:00
796a7d169c6d3419,hotnigerianjobs,931215,Receptionist at MyBizPush Solutions Limited,MyBizPush Solutions Limited,"MyBizPush Solutions Limited is recruiting to fill the position of: Receptionist. The position is located in Abuja. Interested candidates should possess excellent verbal and written communication skills, exceptional organizational abilities, and a professional, welcoming demeanor. Apply Now",Abuja,Nigeria,unknown,,,Computer / AI / Technology / IT Services,,,,,,"Tue 28th Jul, 2026",,,https://www.hotnigerianjobs.com/hotjobs/931215/receptionist-at-mybizpush-solutions-limited.html,2026-09-12T22:00:01+00:00
47874389a60e0a73,hotnigerianjobs,931261,MyBizPush Solutions Limited Job Recruitment (3 Positions),MyBizPush Solutions Limited,MyBizPush Solutions Limited is recruiting suitable candidates to fill the following positions in Abuja: Content Creator; Receptionist; and Photographer. Apply Now,Abuja,Nigeria,unknown,,,Computer / AI / Technology / IT Services,,,,,,"Tue 28th Jul, 2026",,,https://www.hotnigerianjobs.com/hotjobs/931261/mybizpush-solutions-limited-job-recruitment-3-posi.html,2026-09-12T22:00:01+00:00
f226d37c50fc6d9e,hotnigerianjobs,931189,Hampshire Heights Global Company Limited (HHGCL) Job Recruitment (18 Positions),,Hampshire Heights Global Company Limited (HHGCL) Job Recruitment (18 Positions),,Nigeria,unknown,,,Computer / AI / Technology / IT Services,,,,,,,,,https://www.hotnigerianjobs.com/hotjobs/931189/hampshire-heights-global-company-limited-hhgcl-job.html,2026-09-12T22:00:01+00:00
cb5ba30c51a9eb98,hotnigerianjobs,931214,Photographer at MyBizPush Solutions Limited,MyBizPush Solutions Limited,"MyBizPush Solutions Limited is recruiting to fill the position of: Photographer. The position is located in Abuja. Interested candidates should possess strong eye for composition, lighting, and visual storytelling; experience with photo and video editing software is an added advantage. Apply Now",Abuja,Nigeria,unknown,,,Computer / AI / Technology / IT Services,,,,,,"Tue 28th Jul, 2026",,Other Tech,https://www.hotnigerianjobs.com/hotjobs/931214/photographer-at-mybizpush-solutions-limited.html,2026-09-12T22:00:01+00:00
05bf0c118e6cd4f0,hotnigerianjobs,931167,Strategic Account Executive - Enterprise Sales (Hybrid) at RedCloud Technology,,Strategic Account Executive - Enterprise Sales (Hybrid) at RedCloud Technology,,Nigeria,hybrid,,,Computer / AI / Technology / IT Services,,,,,,,,Other Tech,https://www.hotnigerianjobs.com/hotjobs/931167/strategic-account-executive-enterprise-sales-hybri.html,2026-09-12T22:00:01+00:00
13e0b337fd0015b0,hotnigerianjobs,931069,.NET Developer at Hampshire Heights Global Company Limited (HHGCL),,.NET Developer at Hampshire Heights Global Company Limited (HHGCL),,Nigeria,unknown,,,Computer / AI / Technology / IT Services,,,,,,,,Software Development,https://www.hotnigerianjobs.com/hotjobs/931069/net-developer-at-hampshire-heights-global-company.html,2026-09-12T22:00:01+00:00
1d331b32be44509e,hotnigerianjobs,931057,DevOps Engineer at Hampshire Heights Global Company Limited (HHGCL),,DevOps Engineer at Hampshire Heights Global Company Limited (HHGCL),,Nigeria,unknown,,,Computer / AI / Technology / IT Services,,,,,,,,DevOps & Cloud,https://www.hotnigerianjobs.com/hotjobs/931057/devops-engineer-at-hampshire-heights-global-compan.html,2026-09-12T22:00:01+00:00
c4948e56448203ee,hotnigerianjobs,931047,React Web Developer at Hampshire Heights Global Company Limited (HHGCL),,React Web Developer at Hampshire Heights Global Company Limited (HHGCL),,Nigeria,unknown,,,Computer / AI / Technology / IT Services,,,,,,,,Software Development,https://www.hotnigerianjobs.com/hotjobs/931047/react-web-developer-at-hampshire-heights-global-co.html,2026-09-12T22:00:01+00:00
52825bab89c95cb8,hotnigerianjobs,931045,Frontend Developer at Hampshire Heights Global Company Limited (HHGCL),,Frontend Developer at Hampshire Heights Global Company Limited (HHGCL),,Nigeria,unknown,,,Computer / AI / Technology / IT Services,,,,,,,,Software Development,https://www.hotnigerianjobs.com/hotjobs/931045/frontend-developer-at-hampshire-heights-global-com.html,2026-09-12T22:00:01+00:00
76698fd87e7e0410,hotnigerianjobs,931091,Content / Social Media Executive at Apex Network Limited,Apex Network Limited,"Apex Network Limited is recruiting to fill the position of: Content / Social Media Executive. This is a Hybrid role in Lagos State. Interested candidates should possess a Bachelor's Degree in Marketing, Communications, or a related field with 3+ years of experience in social media management or content creation and reside in Lagos, Nigeria (non-negotiable). Apply Now",,Nigeria,hybrid,,,Computer / AI / Technology / IT Services,,,,,,"Tue 28th Jul, 2026",,,https://www.hotnigerianjobs.com/hotjobs/931091/content-social-media-executive-at-apex-network-lim.html,2026-09-12T22:00:01+00:00
f7f215e15863fadc,hotnigerianjobs,931038,Data Analyst at Hampshire Heights Global Company Limited (HHGCL),,Data Analyst at Hampshire Heights Global Company Limited (HHGCL),,Nigeria,unknown,,,Computer / AI / Technology / IT Services,,,,,,,,Data & AI,https://www.hotnigerianjobs.com/hotjobs/931038/data-analyst-at-hampshire-heights-global-company-l.html,2026-09-12T22:00:01+00:00
e479c33628936192,hotnigerianjobs,931036,Data Architect at Hampshire Heights Global Company Limited (HHGCL),,Data Architect at Hampshire Heights Global Company Limited (HHGCL),,Nigeria,unknown,,,Computer / AI / Technology / IT Services,,,,,,,,Other Tech,https://www.hotnigerianjobs.com/hotjobs/931036/data-architect-at-hampshire-heights-global-company.html,2026-09-12T22:00:01+00:00
3f047c2d9b30881c,hotnigerianjobs,931035,Solution Enterprise Engineer at Hampshire Heights Global Company Limited (HHGCL),,Solution Enterprise Engineer at Hampshire Heights Global Company Limited (HHGCL),,Nigeria,unknown,,,Computer / AI / Technology / IT Services,,,,,,,,Other Tech,https://www.hotnigerianjobs.com/hotjobs/931035/solution-enterprise-engineer-at-hampshire-heights.html,2026-09-12T22:00:01+00:00
0d01174418cab6f9,hotnigerianjobs,931060,iOS Developer at Hampshire Heights Global Company Limited (HHGCL),,iOS Developer at Hampshire Heights Global Company Limited (HHGCL),,Nigeria,unknown,,,Computer / AI / Technology / IT Services,,,,,,,,Software Development,https://www.hotnigerianjobs.com/hotjobs/931060/ios-developer-at-hampshire-heights-global-company.html,2026-09-12T22:00:01+00:00
9711ecb78c0167fc,hotnigerianjobs,931054,Penetration Tester at Hampshire Heights Global Company Limited (HHGCL),,Penetration Tester at Hampshire Heights Global Company Limited (HHGCL),,Nigeria,unknown,,,Computer / AI / Technology / IT Services,,,,,,,,Cybersecurity,https://www.hotnigerianjobs.com/hotjobs/931054/penetration-tester-at-hampshire-heights-global-com.html,2026-09-12T22:00:01+00:00
ba021f13114ea9e2,hotnigerianjobs,931052,Android Developer at Hampshire Heights Global Company Limited (HHGCL),,Android Developer at Hampshire Heights Global Company Limited (HHGCL),,Nigeria,unknown,,,Computer / AI / Technology / IT Services,,,,,,,,Software Development,https://www.hotnigerianjobs.com/hotjobs/931052/android-developer-at-hampshire-heights-global-comp.html,2026-09-12T22:00:01+00:00
02fcb838e583689c,hotnigerianjobs,931050,React Native Developer at Hampshire Heights Global Company Limited (HHGCL),,React Native Developer at Hampshire Heights Global Company Limited (HHGCL),,Nigeria,unknown,,,Computer / AI / Technology / IT Services,,,,,,,,Software Development,https://www.hotnigerianjobs.com/hotjobs/931050/react-native-developer-at-hampshire-heights-global.html,2026-09-12T22:00:01+00:00
8507ef9b4c7f10e8,hotnigerianjobs,931043,Backend Developer at Hampshire Heights Global Company Limited (HHGCL),,Backend Developer at Hampshire Heights Global Company Limited (HHGCL),,Nigeria,unknown,,,Computer / AI / Technology / IT Services,,,,,,,,Software Development,https://www.hotnigerianjobs.com/hotjobs/931043/backend-developer-at-hampshire-heights-global-comp.html,2026-09-12T22:00:01+00:00
51d6e8e5a861e2d6,hotnigerianjobs,931041,Node.js Developer at Hampshire Heights Global Company Limited (HHGCL),,Node.js Developer at Hampshire Heights Global Company Limited (HHGCL),,Nigeria,unknown,,,Computer / AI / Technology / IT Services,,,,,,,,Software Development,https://www.hotnigerianjobs.com/hotjobs/931041/nodejs-developer-at-hampshire-heights-global-compa.html,2026-09-12T22:00:01+00:00
88271eba7bbccb54,hotnigerianjobs,931040,Data Engineer at Hampshire Heights Global Company Limited (HHGCL),,Data Engineer at Hampshire Heights Global Company Limited (HHGCL),,Nigeria,unknown,,,Computer / AI / Technology / IT Services,,,,,,,,Data & AI,https://www.hotnigerianjobs.com/hotjobs/931040/data-engineer-at-hampshire-heights-global-company.html,2026-09-12T22:00:01+00:00
ecef42307d617be3,hotnigerianjobs,931033,Solution Architect at Hampshire Heights Global Company Limited (HHGCL),,Solution Architect at Hampshire Heights Global Company Limited (HHGCL),,Nigeria,unknown,,,Computer / AI / Technology / IT Services,,,,,,,,,https://www.hotnigerianjobs.com/hotjobs/931033/solution-architect-at-hampshire-heights-global-com.html,2026-09-12T22:00:01+00:00
ef797fc6783b5047,hotnigerianjobs,931024,Mobile Developer at Hampshire Heights Global Company Limited (HHGCL),,Mobile Developer at Hampshire Heights Global Company Limited (HHGCL),,Nigeria,unknown,,,Computer / AI / Technology / IT Services,,,,,,,,Software Development,https://www.hotnigerianjobs.com/hotjobs/931024/mobile-developer-at-hampshire-heights-global-compa.html,2026-09-12T22:00:01+00:00
7aebf79e8a81b9db,hotnigerianjobs,931023,Scrum Master at Hampshire Heights Global Company Limited (HHGCL),,Scrum Master at Hampshire Heights Global Company Limited (HHGCL),,Nigeria,unknown,,,Computer / AI / Technology / IT Services,,,,,,,,Other Tech,https://www.hotnigerianjobs.com/hotjobs/931023/scrum-master-at-hampshire-heights-global-company-l.html,2026-09-12T22:00:01+00:00
61e6c9af8fe847cb,hotnigerianjobs,931022,Site Reliability Engineer (SRE) at Hampshire Heights Global Company Limited (HHGCL),,Site Reliability Engineer (SRE) at Hampshire Heights Global Company Limited (HHGCL),,Nigeria,unknown,,,Computer / AI / Technology / IT Services,,,,,,,,DevOps & Cloud,https://www.hotnigerianjobs.com/hotjobs/931022/site-reliability-engineer-sre-at-hampshire-heights.html,2026-09-12T22:00:01+00:00
d5c20b6260537df6,hotnigerianjobs,930993,Afritutor International Job Recruitment (4 Positions),Afritutor International,"Afritutor International is recruiting suitably qualified candidates to fill the following positions in Rivers: Tutor, Video Editing & Content Creation; Tutor, Robotics & AI Tools; Tutor, Graphics Design & Animation; and Tutor, Coding & Web Development. Apply Now",Rivers,Nigeria,unknown,,,Computer / AI / Technology / IT Services,,,,,,"Tue 28th Jul, 2026",,Data & AI,https://www.hotnigerianjobs.com/hotjobs/930993/afritutor-international-job-recruitment-4-position.html,2026-09-12T22:00:01+00:00
72e0a3bc496363a3,hotnigerianjobs,930956,"Tutor, Coding & Web Development at Afritutor International",Afritutor International,"Afritutor International is recruiting to fill the position of: Tutor, Coding & Web Development. The position is located in Port Harcourt, Rivers State. Interested candidates should possess relevant teaching experience as an advantage, excellent communication skills with passion for teaching children and must reside in Port Harcourt. Apply Now","Port Harcourt, Rivers State",Nigeria,unknown,,,Computer / AI / Technology / IT Services,,,,,,"Tue 28th Jul, 2026",,,https://www.hotnigerianjobs.com/hotjobs/930956/tutorcoding-web-development-at-afritutor-internati.html,2026-09-12T22:00:01+00:00
e4354b2e269ed521,hotnigerianjobs,930962,"Tutor, Video Editing & Content Creation at Afritutor International",,"Tutor, Video Editing & Content Creation at Afritutor International",,Nigeria,unknown,,,Computer / AI / Technology / IT Services,,,,,,,,,https://www.hotnigerianjobs.com/hotjobs/930962/tutorvideo-editing-content-creation-at-afritutor-i.html,2026-09-12T22:00:01+00:00
70188dd39d0bc000,hotnigerianjobs,930961,"Tutor, Robotics & AI Tools at Afritutor International",Afritutor International,"Afritutor International is recruiting to fill the position of: Tutor, Robotics & AI Tools. The position is located in Port Harcourt, Rivers State. Interested candidates should possess relevant teaching experience is an advantage, excellent communication skills with passion for teaching children and must reside in Port Harcourt. Apply Now","Port Harcourt, Rivers State",Nigeria,unknown,,,Computer / AI / Technology / IT Services,,,,,,"Tue 28th Jul, 2026",,Data & AI,https://www.hotnigerianjobs.com/hotjobs/930961/tutorrobotics-ai-tools-at-afritutor-international.html,2026-09-12T22:00:05+00:00
693c7db0c527b81f,hotnigerianjobs,930960,"Tutor, Graphics Design & Animation at Afritutor International",,"Tutor, Graphics Design & Animation at Afritutor International",,Nigeria,unknown,,,Computer / AI / Technology / IT Services,,,,,,,,,https://www.hotnigerianjobs.com/hotjobs/930960/tutorgraphics-design-animation-at-afritutor-intern.html,2026-09-12T22:00:05+00:00
1cd5cdc7bec6cfc8,hotnigerianjobs,930941,Head of Real Estate at Strivo Labs,Strivo Labs,"Strivo Labs is recruiting to fill the position of: Head of Real Estate. The position is located in Lagos State. Interested candidates should possess a Bachelor’s Degree in Engineering, Architecture, Quantity Surveying, Construction Management, or a related discipline with 10–15 years of experience delivering complex real estate or construction projects. Apply Now",Lagos State,Nigeria,unknown,,,Computer / AI / Technology / IT Services,,,,,,"Tue 28th Jul, 2026",,Other Tech,https://www.hotnigerianjobs.com/hotjobs/930941/head-of-real-estate-at-strivo-labs.html,2026-09-12T22:00:05+00:00
eb6128d2a5dee93b,hotnigerianjobs,930858,Graphic Designer at Ifix - Dhibe Business Solutions,"Dhibe Business Solutions - Our client, Ifix","Dhibe Business Solutions - Our client, Ifix is recruiting to fill the position of: Graphic Designer. The position is located in Ijebu-Ode, Ogun State. Interested candidates should possess a relevant qualification with relevant experience in the position applied for as an added advantage. Apply Now","Ijebu-Ode, Ogun State",Nigeria,unknown,,,Computer / AI / Technology / IT Services,,,,,,"Tue 28th Jul, 2026",,,https://www.hotnigerianjobs.com/hotjobs/930858/graphic-designer-at-a-reputable-computer-digital-s.html,2026-09-12T22:00:05+00:00
fc2a5d79f8047168,hotnigerianjobs,930826,"Video Editing Instructor, HiiT Online Training at HiiT Plc",HiiT Plc,"HiiT Plc is recruiting to fill the position of: Video Editing Instructor, HiiT Online Training. The position is located in Lagos State. In this role, you will be responsible for teaching Video Editing techniques to students. Interested candidates should possess a First Degree in any field from an approved Tertiary Institution. Apply Now",Lagos State,Nigeria,unknown,,,Computer / AI / Technology / IT Services,,,,,,"Tue 28th Jul, 2026",,,https://www.hotnigerianjobs.com/hotjobs/930826/video-editing-instructor-hiit-online-training-at-h.html,2026-09-12T22:00:05+00:00
ab0b8031f96ce6a9,hotnigerianjobs,930851,Intern Technical Analyst at erpSoftapp,erpSoftapp,"erpSoftapp is recruiting to fill the position of: Intern Technical Analyst. The position is located in Yaba, Lagos State. Salary: N60,000 - N80,000 per month. Interested candidates should possess a Bachelor's Degree in Engineering or Computer Science with 0 - 1 year of work experience, and must be a fresh graduate waiting to get called up for the NYSC program. Apply Now","Yaba, Lagos State",Nigeria,unknown,,,Computer / AI / Technology / IT Services,,,,"N60,000 - N80,000 per month",,"Tue 28th Jul, 2026",,Other Tech,https://www.hotnigerianjobs.com/hotjobs/930851/intern-technical-analyst-at-erpsoftapp.html,2026-09-12T22:00:05+00:00
fcda5d231c78027f,hotnigerianjobs,930709,DevOps Engineer at Teknowledge,Teknowledge,"Teknowledge is recruiting to fill the position of: DevOps Engineer. The position is located in Victoria Island, Lagos State. Interested candidates should possess a Bachelor's Degree or equivalent Degree in Computer Science or another related field with knowledge of Linux OS, SQL, PL SQL, Scripting, and Container. Apply Now","Victoria Island, Lagos State",Nigeria,unknown,,,Computer / AI / Technology / IT Services,,,,,,"Tue 28th Jul, 2026",,DevOps & Cloud,https://www.hotnigerianjobs.com/hotjobs/930709/devops-engineer-at-teknowledge.html,2026-09-12T22:00:05+00:00
da6ac22b425f16c6,hotnigerianjobs,930698,Bluechip Technologies Limited Job Recruitment (3 Positions),,"Bluechip Technologies Limited is currently recruiting suitable candidates to fill the following positions in Lagos State: Human Resources Officer, Senior Data Engineer and Compliance & Risk Officer. Apply Now",Lagos State,Nigeria,unknown,,,Computer / AI / Technology / IT Services,,,,,,"Tue 28th Jul, 2026",,Data & AI,https://www.hotnigerianjobs.com/hotjobs/930698/bluechip-technologies-limited-job-recruitment-3-po.html,2026-09-12T22:00:05+00:00
4c0aeb621e0d0c29,hotnigerianjobs,930697,Solution Area Specialist - AI Workforce at Microsoft Nigeria,,Solution Area Specialist - AI Workforce at Microsoft Nigeria,,Nigeria,unknown,,,Computer / AI / Technology / IT Services,,,,,,,,Data & AI,https://www.hotnigerianjobs.com/hotjobs/930697/solution-area-specialist-ai-workforce-at-microsoft.html,2026-09-12T22:00:05+00:00
87264d42b936b2dd,hotnigerianjobs,930713,Human Resources Business Partner at Strivo Labs,Strivo Labs,"Strivo Labs is recruiting to fill the position of: Human Resources Business Partner. The position is located in Lagos State. Salary: N400,000 - N500,000 per month. Interested candidates should possess a Bachelor’s Degree or HND, with 4–5 years of progressive HR experience, ideally with strong HRBP exposure, and Solid experience in performance management, employee relations, and workforce analytics. Apply Now",Lagos State,Nigeria,unknown,,,Computer / AI / Technology / IT Services,,,,"N400,000 - N500,000 per month",,"Tue 28th Jul, 2026",,,https://www.hotnigerianjobs.com/hotjobs/930713/human-resources-business-partner-at-strivo-labs.html,2026-09-12T22:00:05+00:00
3b22784873953e26,hotnigerianjobs,930712,AI Enabled Quality Engineer at TeKnowledge,TeKnowledge,"TeKnowledge is recruiting to fill the position of: AI Enabled Quality Engineer. The position is located in Victoria Island, Lagos State. Interested candidates should possess relevant qualifications with a minimum of 2 years proven experience in a similar Quality Engineering or Software Testing role. Apply Now","Victoria Island, Lagos State",Nigeria,unknown,,,Computer / AI / Technology / IT Services,,,,,,"Tue 28th Jul, 2026",,Data & AI,https://www.hotnigerianjobs.com/hotjobs/930712/ai-enabled-quality-engineer-at-teknowledge.html,2026-09-12T22:00:05+00:00
ce9d6a023d80ae78,hotnigerianjobs,930692,"Solutions Architect, SSA at Amazon Web Services Nigeria Limited",,"Solutions Architect, SSA at Amazon Web Services Nigeria Limited",,Nigeria,unknown,,,Computer / AI / Technology / IT Services,,,,,,,,Other Tech,https://www.hotnigerianjobs.com/hotjobs/930692/solutions-architect-ssa-at-amazon-web-services-nig.html,2026-09-12T22:00:05+00:00
aeadbe9d225cfea7,hotnigerianjobs,930684,Customer Success Analyst (Analytics Solutions) at NielsenIQ - Hybrid,,Customer Success Analyst (Analytics Solutions) at NielsenIQ - Hybrid,,Nigeria,hybrid,,,Computer / AI / Technology / IT Services,,,,,,,,,https://www.hotnigerianjobs.com/hotjobs/930684/customer-success-analyst-analytics-solutions-at-ni.html,2026-09-12T22:00:05+00:00
ca4b3525d3c2dac1,hotnigerianjobs,930681,Compliance & Risk Officer at Bluechip Technologies Limited,Bluechip Technologies Limited,"Bluechip Technologies Limited is recruiting to fill the position of: Compliance & Risk Officer. The position is located in Lagos State. Interested candidates should possess a Bachelor’s Degree in Computer Science, Information Technology, Cybersecurity, or a related discipline with 2–5 years’ relevant experience in Compliance, Risk Management, Internal Control, IT Audit, Information Security, Governance, or related functions. Apply Now",Lagos State,Nigeria,unknown,,,Computer / AI / Technology / IT Services,,,,,,"Tue 28th Jul, 2026",,Cybersecurity,https://www.hotnigerianjobs.com/hotjobs/930681/compliance-risk-officer-at-bluechip-technologies-l.html,2026-09-12T22:00:05+00:00
1c4ef08ef4d845bb,hotnigerianjobs,930597,"Head of Financial Operations, Treasury & Tax Compliance at UR9 Group",,"Head of Financial Operations, Treasury & Tax Compliance at UR9 Group",,Nigeria,unknown,,,Computer / AI / Technology / IT Services,,,,,,,,,https://www.hotnigerianjobs.com/hotjobs/930597/head-of-financial-operations-treasury-tax-complian.html,2026-09-12T22:00:05+00:00
f9bd39ef7454029e,hotnigerianjobs,930603,"Enterprise Sales, Strategic Accounts & Revenue Growth Manager at UR9 Group",,"Enterprise Sales, Strategic Accounts & Revenue Growth Manager at UR9 Group",,Nigeria,unknown,,,Computer / AI / Technology / IT Services,,,,,,,,Other Tech,https://www.hotnigerianjobs.com/hotjobs/930603/enterprise-sales-strategic-accounts-revenue-growth.html,2026-09-12T22:00:05+00:00
9997d7e64edb1ce0,hotnigerianjobs,930503,Applinet Technology Job Recruitment (17 Positions),Applinet Technology,"Applinet Technology is recruiting suitable candidates to fill the following internship and experienced positions in Lagos and Ogun States: Financial Officer, Investment Banker, External Auditor, Financial Analyst, Financial Accountant, Corporate Accountant, Cost Analyst, Product Engineer, Investment Banker, External Auditor, HR Consultant, HR Administrative Assistant, Network Administrator and Sales Analyst . Apply Now",Lagos and Ogun States,Nigeria,unknown,,,Computer / AI / Technology / IT Services,,,,,,"Mon 27th Jul, 2026",,Other Tech,https://www.hotnigerianjobs.com/hotjobs/930503/applinet-technology-job-recruitment-14-positions.html,2026-09-12T22:00:05+00:00
7df8c31ac60ff7a0,hotnigerianjobs,930395,Velvot Nigeria Limited Job Recruitment (4 Positions),Velvot Nigeria Limited,"Velvot Nigeria Limited is recruiting suitably qualified candidates to fill the following positions in Lagos State: Treasury Officer, Junior Accountant, Sales Executive (EnrolWeb Services), and Sales Representative. Apply Now",Lagos State,Nigeria,unknown,,,Computer / AI / Technology / IT Services,,,,,,"Mon 27th Jul, 2026",,,https://www.hotnigerianjobs.com/hotjobs/930395/velvot-nigeria-limited-job-recruitment-4-positions.html,2026-09-12T22:00:05+00:00
ea36fabbc2b301fb,hotnigerianjobs,930266,Treasury Officer at Velvot Nigeria Limited,Velvot Nigeria Limited,"Velvot Nigeria Limited is recruiting to fill the position of: Treasury Officer. The position is located in Surulere, Lagos State. Interested candidates should possess a B.Sc. or HND in Finance, Accounting, Economics, or related fields with a minimum of 2 years of proven experience in a dedicated treasury role. Apply Now","Surulere, Lagos State",Nigeria,unknown,,,Computer / AI / Technology / IT Services,,,,,,"Mon 27th Jul, 2026",,,https://www.hotnigerianjobs.com/hotjobs/930266/treasury-officer-at-velvot-nigeria-limited.html,2026-09-12T22:00:05+00:00
eb4d72a736efaa53,hotnigerianjobs,930156,Tezza Business Solutions Limited Job Recruitment (9 Positions),,Tezza Business Solutions Limited Job Recruitment (9 Positions),,Nigeria,unknown,,,Computer / AI / Technology / IT Services,,,,,,,,,https://www.hotnigerianjobs.com/hotjobs/930156/tezza-business-solutions-limited-job-recruitment-9.html,2026-09-12T22:00:05+00:00
262bddb699905ad1,hotnigerianjobs,930157,Equinix Nigeria Job Recruitment (4 Positions),Equinix Nigeria,"Equinix Nigeria is recruiting suitably qualified candidates to fill the following positions in Lagos State: ERP Specialist - Dynamics 365, 2Africa Managed Service Lead, Senior Associate, Access Network Planning and Managed Service NOC Engineer. Apply Now",Lagos State,Nigeria,unknown,,,Computer / AI / Technology / IT Services,,,,,,"Mon 27th Jul, 2026",,Other Tech,https://www.hotnigerianjobs.com/hotjobs/930157/equinix-nigeria-job-recruitment-3-positions.html,2026-09-12T22:00:05+00:00
fa6ed54eb40e41ba,hotnigerianjobs,930147,Scrum Master at Tezza Business Solutions Limited,Tezza Business Solutions Limited,"Tezza Business Solutions Limited is recruiting to fill the position of: Scrum Master. The position is located in Lagos State. Interested candidates should possess a Bachelor’s Degree in Computer Science, Information Technology, Business Administration, or related field with 3+ years of experience as a Scrum Master or Agile Project Manager in a technology-driven environment. Apply Now",Lagos State,Nigeria,unknown,,,Computer / AI / Technology / IT Services,,,,,,"Mon 27th Jul, 2026",,Other Tech,https://www.hotnigerianjobs.com/hotjobs/930147/scrum-master-at-tezza-business-solutions-limited.html,2026-09-12T22:00:05+00:00
9cfdbc52f43edc15,hotnigerianjobs,930146,AI Engineer (Remote) at Tezza Business Solutions Limited,Tezza Business Solutions Limited - Our client,"Tezza Business Solutions Limited - Our client is recruiting to fill the position of: AI Engineer. This is a Remote position. Interested candidates should possess a Bachelor’s or Master’s Degree in Computer Science, Engineering, Mathematics, or Statistics. Apply Now",,Nigeria,remote,Country-only,,Computer / AI / Technology / IT Services,,,,,,"Mon 27th Jul, 2026",,Data & AI,https://www.hotnigerianjobs.com/hotjobs/930146/ai-engineer-remote-at-tezza-business-solutions-lim.html,2026-09-12T22:00:05+00:00
b88c1c8c68d0b717,hotnigerianjobs,930264,Junior Accountant at Velvot Nigeria Limited,Velvot Nigeria Limited,"Velvot Nigeria Limited is recruiting to fill the position of: Junior Accountant. The position is located in Surulere, Lagos State. Interested candidates should possess a B.Sc. or HND in Accounting, Finance, or a related discipline with a minimum 3 years of progressive accounting experience, preferably in tech. ICAN partly qualified (Skills or Professional level required). Apply Now","Surulere, Lagos State",Nigeria,unknown,,,Computer / AI / Technology / IT Services,,,,,,"Mon 27th Jul, 2026",,,https://www.hotnigerianjobs.com/hotjobs/930264/junior-accountant-at-velvot-nigeria-limited.html,2026-09-12T22:00:05+00:00
f244b68eed4a6ff1,hotnigerianjobs,930145,ERP Integration Technical Specialist at Tezza Business Solutions Limited,,ERP Integration Technical Specialist at Tezza Business Solutions Limited,,Nigeria,unknown,,,Computer / AI / Technology / IT Services,,,,,,,,Other Tech,https://www.hotnigerianjobs.com/hotjobs/930145/erp-integration-technical-specialist-at-tezza-busi.html,2026-09-12T22:00:05+00:00
33b43bfcff0925ab,hotnigerianjobs,930138,Backend Developer (Node.js / Java) at Tezza Business Solutions Limited,,Backend Developer (Node.js / Java) at Tezza Business Solutions Limited,,Nigeria,unknown,,,Computer / AI / Technology / IT Services,,,,,,,,Software Development,https://www.hotnigerianjobs.com/hotjobs/930138/backend-developer-nodejs-java-at-tezza-business-so.html,2026-09-12T22:00:05+00:00
6bf3326bdab75ab8,hotnigerianjobs,930136,Mid-Level NetSuite Developer (Remote) at Tezza Business Solutions Limited,,Mid-Level NetSuite Developer (Remote) at Tezza Business Solutions Limited,,Nigeria,remote,Country-only,,Computer / AI / Technology / IT Services,,,,,,,,Software Development,https://www.hotnigerianjobs.com/hotjobs/930136/midlevel-netsuite-developer-at-tezza-business-solu.html,2026-09-12T22:00:05+00:00
42719697565bb4cb,hotnigerianjobs,930150,Frontend Developer (AngularJS) - Remote at Tezza Business Solutions Limited,,Frontend Developer (AngularJS) - Remote at Tezza Business Solutions Limited,,Nigeria,remote,Country-only,,Computer / AI / Technology / IT Services,,,,,,,,Software Development,https://www.hotnigerianjobs.com/hotjobs/930150/frontend-developer-angularjs-remote-at-tezza-busin.html,2026-09-12T22:00:05+00:00
f1e81bdbe3ad87cf,hotnigerianjobs,930141,Frontend Developer (Angular / React) at Tezza Business Solutions Limited,,Frontend Developer (Angular / React) at Tezza Business Solutions Limited,,Nigeria,unknown,,,Computer / AI / Technology / IT Services,,,,,,,,Software Development,https://www.hotnigerianjobs.com/hotjobs/930141/frontend-developer-angular-react-at-tezza-business.html,2026-09-12T22:00:05+00:00
234ae43020082e28,hotnigerianjobs,930140,Mid-Level Full Stack Developer (React + Node.js) - Remote at Tezza Business Solutions Limited,,Mid-Level Full Stack Developer (React + Node.js) - Remote at Tezza Business Solutions Limited,,Nigeria,remote,Country-only,,Computer / AI / Technology / IT Services,,,,,,,,Software Development,https://www.hotnigerianjobs.com/hotjobs/930140/midlevel-full-stack-developer-react-nodejs-remote.html,2026-09-12T22:00:05+00:00
6519d3610939c3db,hotnigerianjobs,930025,Marketing Operations Lead at Signal Alliance Technology Holding,,Marketing Operations Lead at Signal Alliance Technology Holding,,Nigeria,unknown,,,Computer / AI / Technology / IT Services,,,,,,,,,https://www.hotnigerianjobs.com/hotjobs/930025/marketing-operations-lead-at-signal-alliance-techn.html,2026-09-12T22:00:05+00:00
439fcd0af475a583,hotnigerianjobs,929969,Front Desk Officer at PC Place Nigeria Limited,PC Place Nigeria Limited,"PC Place Nigeria Limited is recruiting to fill the position of: Front Desk Officer. The position is located in Ikeja, Lagos State. Salary: N100,000 per month. Interested candidates should possess a Bachelor's Degree with 1-2 years experience. Apply Now","Ikeja, Lagos State",Nigeria,unknown,,,Computer / AI / Technology / IT Services,,,,"N100,000 per month",,"Mon 27th Jul, 2026",,,https://www.hotnigerianjobs.com/hotjobs/929969/front-desk-officer-at-pc-place-nigeria-limited.html,2026-09-12T22:00:05+00:00
c4625a38f908112a,hotnigerianjobs,929947,Managed Services NOC Supervisor at Equinix Nigeria,Equinix Nigeria,"Equinix Nigeria is recruiting to fill the position of: Managed Services NOC Supervisor. The position is located in Lekki, Lagos State. Interested candidates should possess a BSc or HND in Engineering with 8+ years of relevant experience. Apply Now","Lekki, Lagos State",Nigeria,unknown,,,Computer / AI / Technology / IT Services,,,,,,"Mon 27th Jul, 2026",,Other Tech,https://www.hotnigerianjobs.com/hotjobs/929947/managed-services-noc-supervisor-at-equinix-nigeria.html,2026-09-12T22:00:05+00:00
9600d6350952365a,hotnigerianjobs,929943,2Africa Managed Service Lead at Equinix Nigeria,Equinix Nigeria,"Equinix Nigeria is recruiting to fill the position of: 2Africa Managed Service Lead. The position is located in Port Harcourt, Rivers State. Interested candidates should possess a Bachelor’s Degree or equivalent in Electrical / Electronics and Telecommunication Engineering with at least 12 years post NYSC work experience with Transmission Networks, 4 years related experience in Facility Management. Apply Now","Port Harcourt, Rivers State",Nigeria,unknown,,,Computer / AI / Technology / IT Services,,,,,,"Mon 27th Jul, 2026",,Other Tech,https://www.hotnigerianjobs.com/hotjobs/929943/2africa-managed-service-lead-at-equinix-nigeria.html,2026-09-12T22:00:05+00:00
cf9ee5d360cdd957,hotnigerianjobs,929710,"Senior Associate, Access Network Planning (Hybrid) at Equinix Nigeria",,"Senior Associate, Access Network Planning (Hybrid) at Equinix Nigeria",,Nigeria,hybrid,,,Computer / AI / Technology / IT Services,,,,,,,,,https://www.hotnigerianjobs.com/hotjobs/929710/senior-associate-access-network-planning-hybrid-at.html,2026-09-12T22:00:05+00:00
6c2d7298b1df5389,hotnigerianjobs,929451,Field Marketers at Alphacom,Alphacom,"Alphacom is recruiting to fill the position of: Field Marketers. The position is located in Computer Village, Ikeja - Lagos State. Interested candidate should possess minimum of an SSCE, OND, HND, or Bachelor's Degree in any discipline, and must be able to work independently and as a team member to achieve sales targets. Previous sales or field marketing experience is an added advantage but not mandatory. Apply Now","Computer Village, Ikeja - Lagos State",Nigeria,unknown,,,Computer / AI / Technology / IT Services,,,,,,"Fri 24th Jul, 2026",,,https://www.hotnigerianjobs.com/hotjobs/929451/field-marketers-at-alphacom.html,2026-09-12T22:00:05+00:00
f4343c09af23c699,hotnigerianjobs,929402,IT Service Desk Engineer at Vennote Technologies Limited,Vennote Technologies Limited,"Vennote Technologies Limited is recruiting to fill the position of: IT Service Desk Engineer. Interested candidates should possess a Bachelor’s Degree or HND in Computer Science, Information Technology, Electrical Engineering, or a related field with 3–4 years in an IT Service Desk, Help Desk, or End-User Support role (telecom or large-scale enterprise experience preferred). Apply Now",,Nigeria,unknown,,,Computer / AI / Technology / IT Services,,,,,,"Fri 24th Jul, 2026",,Other Tech,https://www.hotnigerianjobs.com/hotjobs/929402/it-service-desk-engineer-at-vennote-technologies-l.html,2026-09-12T22:00:05+00:00
64a4d507308396ef,hotnigerianjobs,929334,IT Data Center First Support (DCFLS) Personnel at Vennote Technologies Limited,,IT Data Center First Support (DCFLS) Personnel at Vennote Technologies Limited,,Nigeria,unknown,,,Computer / AI / Technology / IT Services,,,,,,,,Other Tech,https://www.hotnigerianjobs.com/hotjobs/929334/it-data-center-first-support-dcfls-at-vennote-tech.html,2026-09-12T22:00:05+00:00
1ce95e7316c4e751,hotnigerianjobs,929278,Key Account Manager / Business Development Manager at Strivo Labs,,Key Account Manager / Business Development Manager at Strivo Labs,,Nigeria,unknown,,,Computer / AI / Technology / IT Services,,,,,,,,,https://www.hotnigerianjobs.com/hotjobs/929278/key-account-manager-business-development-manager-a.html,2026-09-12T22:00:05+00:00
5cdc9e8a54092b96,hotnigerianjobs,928962,Head of Operations at Strivo Labs,Strivo Labs,"Strivo Labs is recruiting to fill the position of: Head of Operations. The position is located in Lagos State. The ideal candidate must have personally worked in the field with telematics and IoT device installations, maintenance, troubleshooting, and deployments before moving into management. Interested candidates should possess a Bachelor’s Degree (B.Sc) / HND in Engineering, Operations Management, Business Administration, Supply Chain Management, Information Technology, or a related discipline with 8 – 10 years of progressive operational management experience. Apply Now",Lagos State,Nigeria,unknown,,,Computer / AI / Technology / IT Services,,,,,,"Fri 24th Jul, 2026",,Other Tech,https://www.hotnigerianjobs.com/hotjobs/928962/head-of-operations-at-strivo-labs.html,2026-09-12T22:00:05+00:00
16f4ed72a9d33992,hotnigerianjobs,928960,Operations Manager (Hybrid) at Strivo Labs,Strivo Labs,"Strivo Labs is recruiting to fill the position of: Operations Manager. The position is located in Ikeja, Lagos State (Hybrid). Interested candidates should possess a Bachelor’s Degree (B.Sc./HND) in Engineering, Operations Management, Business Administration, Supply Chain Management, Information Technology, or a related discipline with 8–10 years of progressive operational management experience. Apply Now","Ikeja, Lagos State (Hybrid)",Nigeria,hybrid,,,Computer / AI / Technology / IT Services,,,,,,"Fri 24th Jul, 2026",,Other Tech,https://www.hotnigerianjobs.com/hotjobs/928960/operations-manager-hybrid-at-strivo-labs.html,2026-09-12T22:00:05+00:00
e250ed2c5fb5ee1a,hotnigerianjobs,928894,RightCom Job Recruitment (6 Positions),RightCom,"RightCom is recruiting suitable candidates to fill the following positions in Lagos State: Account Manager, Anglophone Africa; Pre-Sales Engineer, Anglophone Africa; Marketing Executive, Anglophone Africa; BPO Team Lead - Customer Support; Partner Operations Executive, Anglophone Africa; and IT HelpDesk Specialist. Apply Now",Lagos State,Nigeria,unknown,,,Computer / AI / Technology / IT Services,,,,,,"Thu 23rd Jul, 2026",,IT Support & Networking,https://www.hotnigerianjobs.com/hotjobs/928894/rightcom-job-recruitment-6-positions.html,2026-09-12T22:00:05+00:00
fe54988e7c1a1326,hotnigerianjobs,928848,Senior People Coordinator at Cavista,Cavista,"Cavista is recruiting to fill the position of: Senior People Coordinator. The position is located in 13 Town Planning Way - Ilupeju, Lagos state. Interested candidates should possess a Bachelor’s Degree in human resources or any other relevant discipline with minimum of 3 years of professional work experience, preferably in HR, people operations, administration, employee services, or a related field where possible. Certifications from reputable bodies such as SHRM, HRCI or CIPM will be of added advantage. Apply Now","13 Town Planning Way - Ilupeju, Lagos state",Nigeria,unknown,,,Computer / AI / Technology / IT Services,,,,,,"Thu 23rd Jul, 2026",,,https://www.hotnigerianjobs.com/hotjobs/928848/senior-people-coordinator-at-cavista.html,2026-09-12T22:00:05+00:00
b3f7b6440589b6f2,hotnigerianjobs,928726,Marketing & Customer Relations Officer at HiiT Plc,HiiT Plc,"HiiT Plc is recruiting to fill the position of: Marketing & Customer Relations Officer. The position is located in Ibadan, Oyo State. Interested candidates should possess a Bachelor's Degree in Marketing, Mass Communication, or any Social Sciences field with at least a 2 / 2 Degree from an approved Tertiary Institution and a minimum of 1 year of proven experience in Marketing and Customer Relations Management in a corporate environment. Apply Now","Ibadan, Oyo State",Nigeria,unknown,,,Computer / AI / Technology / IT Services,,,,,,"Thu 23rd Jul, 2026",,,https://www.hotnigerianjobs.com/hotjobs/928726/marketing-customer-relations-officer-at-hiit-plc.html,2026-09-12T22:00:05+00:00
95be4de84ebda4d7,hotnigerianjobs,928600,Partner Programme Lead at an African Proptech Company - Alfred and Victoria Associates,,Partner Programme Lead at an African Proptech Company - Alfred and Victoria Associates,,Nigeria,unknown,,,Computer / AI / Technology / IT Services,,,,,,,,Other Tech,https://www.hotnigerianjobs.com/hotjobs/928600/partner-programme-lead-at-an-african-proptech-comp.html,2026-09-12T22:00:05+00:00
95672baa0eff88ef,hotnigerianjobs,928592,TechSpace Job Recruitment (12 Positions),TechSpace,TechSpace is recruiting recruiting suitably qualified candidates to fill the following positions in Abuja: Customer Service Representative; Freelance Tech & Coding Tutor (Data Science); Freelance Tech & Coding Tutor (Project Management); Freelance Tech & Coding Tutor (Video Editing); Freelance Tech & Coding Tutor (Social Media Management); Freelance Tech & Coding Tutor (Artificial Intelligence (AI); Freelance Tech & Coding Tutor (Cyber Security); Freelance Tech & Coding Tutor (Content Creation); Freelance Tech & Coding Tutor (Mobile App Development); Freelance Tech & Coding Tutor (Data Analytics); Freelance Tech & Coding Tutor (Graphics Design); and Freelance Tech & Coding Tutor (Web Design & Development). Apply Now,Abuja,Nigeria,unknown,,,Computer / AI / Technology / IT Services,,,,,,"Thu 23rd Jul, 2026",,Software Development,https://www.hotnigerianjobs.com/hotjobs/928592/techspace-job-recruitment-12-positions.html,2026-09-12T22:00:05+00:00
936cdf199cc7691d,hotnigerianjobs,928559,IT HelpDesk Specialist (Remote) at RightCom,RightCom,"RightCom is recruiting to fill the position of: BPO Team Lead - Customer Support. The position is located in Abuja or Lagos State (Remote). Interested candidates should possess a Bachelor's Degree (Bac+2 to Bac+5) in IT, technical support, or networking with a minimum of 2 years in a similar role, ideally in a SaaS or digital environment. Apply Now",Abuja or Lagos State (Remote),Nigeria,remote,Country-only,,Computer / AI / Technology / IT Services,,,,,,"Thu 23rd Jul, 2026",,IT Support & Networking,https://www.hotnigerianjobs.com/hotjobs/928559/it-helpdesk-specialist-remote-at-rightcom.html,2026-09-12T22:00:05+00:00
4101dffa372a573c,hotnigerianjobs,928548,BPO Team Lead - Customer Support (Hybrid) at RightCom,RightCom,"RightCom is recruiting to fill the position of: BPO Team Lead - Customer Support. This is a Hybrid Job. Interested candidates should possess a Bachelor’s Degree in Business Administration, Management, or a related field (preferred) with a minimum of 2 years’ experience as a Team Lead in a BPO or customer support environment. Apply Now",,Nigeria,hybrid,,,Computer / AI / Technology / IT Services,,,,,,"Thu 23rd Jul, 2026",,,https://www.hotnigerianjobs.com/hotjobs/928548/bpo-team-lead-customer-support-hybrid-at-rightcom.html,2026-09-12T22:00:05+00:00
85214db788fb4a5c,hotnigerianjobs,928560,Customer Service Representative at TechSpace,TechSpace,"TechSpace is recruiting to fill the position of: Customer Service Representative. The position is located in Abuja (FCT). Salary: N80,000 - N100,000 / Month. Interested candidates should be social media savvy with proficiency with CapCut, Canva, or similar design tools and excellent communication skills. Apply Now",Abuja (FCT),Nigeria,unknown,,,Computer / AI / Technology / IT Services,,,,"N80,000 - N100,000 / Month",,"Thu 23rd Jul, 2026",,,https://www.hotnigerianjobs.com/hotjobs/928560/customer-service-representative-at-techspace.html,2026-09-12T22:00:05+00:00
5668ad077a870ba3,hotnigerianjobs,928552,"Partner Operations Executive, Anglophone Africa at RightCom",RightCom,"RightCom is recruiting to fill the position of: Partner Operations Executive, Anglophone Africa. The position is located in Lagos State. Interested candidates should possess a Bachelor’s Degree in Business, Marketing, or a related field with 2 - 4 years of experience in partner/channel operations or sales coordination. Apply Now",Lagos State,Nigeria,unknown,,,Computer / AI / Technology / IT Services,,,,,,"Thu 23rd Jul, 2026",,,https://www.hotnigerianjobs.com/hotjobs/928552/partner-operations-executive-anglophone-africa-at.html,2026-09-12T22:00:05+00:00
61b50445f56f4dc6,hotnigerianjobs,928529,"Marketing Executive, Anglophone Africa at RightCom",RightCom,"RightCom is recruiting to fill the position of: Marketing Executive, Anglophone Africa. The position is located in Lagos State. Interested candidates should possess a Bachelor’s Degree in Marketing, Communications, or related field with 2–5 years of B2B marketing experience, preferably in SaaS or tech. Apply Now",Lagos State,Nigeria,unknown,,,Computer / AI / Technology / IT Services,,,,,,"Thu 23rd Jul, 2026",,,https://www.hotnigerianjobs.com/hotjobs/928529/marketing-executive-anglophone-africa-at-rightcom.html,2026-09-12T22:00:09+00:00
55d905a12aa95bd0,hotnigerianjobs,928520,"Account Manager, Anglophone Africa at RightCom",RightCom,"RightCom is recruiting to fill the position of: Account Manager, Anglophone Africa. The position is located in Lagos State. Interested candidates should possess a Bachelor’s or Master’s Degree in Business, Communications, Management, or equivalent with 3 to 5 years in a similar role (Account Manager, Customer Success Manager, Key Account Executive, etc.), ideally in a SaaS, tech, or B2B services environment. Apply Now",Lagos State,Nigeria,unknown,,,Computer / AI / Technology / IT Services,,,,,,"Thu 23rd Jul, 2026",,,https://www.hotnigerianjobs.com/hotjobs/928520/account-manager-anglophone-africa-at-rightcom.html,2026-09-12T22:00:09+00:00
366863d406e45fb9,hotnigerianjobs,928359,"Pre-Sales Engineer, Anglophone Africa at RightCom",RightCom,"RightCom is recruiting to fill the position of: Electrical Technician. The position is located in Lagos State. Interested candidates should possess a Bachelor’s Degree in Computer Science, Information Systems, or related field with 3–5 years of experience in pre-sales, solutions consulting, or technical account management. Apply Now",Lagos State,Nigeria,unknown,,,Computer / AI / Technology / IT Services,,,,,,"Thu 23rd Jul, 2026",,Other Tech,https://www.hotnigerianjobs.com/hotjobs/928359/electrical-technician-at-tulip-cocoa-processing-li.html,2026-09-12T22:00:09+00:00
b5c46d8cd58231dd,hotnigerianjobs,928276,Financial Analyst at Applinet Technology,Applinet Technology,"Applinet Technology is recruiting to fill the position of: Financial Analyst. The position is located in Lagos State. Interested candidates should possess a BS degree in Finance, Economics, or related field. Apply Now",Lagos State,Nigeria,unknown,,,Computer / AI / Technology / IT Services,,,,,,"Thu 23rd Jul, 2026",,,https://www.hotnigerianjobs.com/hotjobs/928276/financial-analyst-at-applinet-technology.html,2026-09-12T22:00:09+00:00
9ec7c714ab24cc28,hotnigerianjobs,928238,Professional Sales Executive at Walexbiz Group,Walexbiz Group,"Walexbiz Group is recruiting to fill the position of: Professional Sales Executive. The position is located in Abuja (FCT). Salary: N100,000 - N130,000 monthly. Interested candidates should possess a Bachelor’s Degree in Business, Marketing, or related fields (preferred) with 3 – 5 years of proven sales experience. Apply Now",Abuja (FCT),Nigeria,unknown,,,Computer / AI / Technology / IT Services,,,,"N100,000 - N130,000 monthly",,"Wed 22nd Jul, 2026",,,https://www.hotnigerianjobs.com/hotjobs/928238/professional-sales-executive-at-walexbiz-group.html,2026-09-12T22:00:09+00:00
7cb1e122ff203376,hotnigerianjobs,928244,Walexbiz Group Job Recruitment (9 Positions),Walexbiz Group,"Walexbiz Group is recruiting suitably qualified candidates to fill the following positions in Abuja: ICT Intern (NYSC), Professional Sales Executive, Full Stack Developer, General Manager, Accountant, Social Media Handler, Sales Manager, Sales Executive and Driver. Apply Now",Abuja,Nigeria,unknown,,,Computer / AI / Technology / IT Services,,,,,,"Wed 22nd Jul, 2026",,Software Development,https://www.hotnigerianjobs.com/hotjobs/928244/walexbiz-group-job-recruitment-7-positions.html,2026-09-12T22:00:09+00:00
c4f407639e6e51d7,hotnigerianjobs,928207,Sales Manager at Simba Group (6 Openings),Simba Group,"Simba Group is recruiting to fill the position of: Sales Manager. The position is located in Jigawa, Kano, Katsina, Kebbi, Sokoto and Zamfara States. Interested candidates should possess relevant qualifications and experience. Apply Now","Jigawa, Kano, Katsina, Kebbi, Sokoto and Zamfara States",Nigeria,unknown,,,Computer / AI / Technology / IT Services,,,,,,"Wed 22nd Jul, 2026",,,https://www.hotnigerianjobs.com/hotjobs/928207/sales-manager-at-simba-group-6-openings.html,2026-09-12T22:00:09+00:00
32ccdca67d18e2f5,hotnigerianjobs,928188,PC Place Nigeria Limited Job Recruitment (8 Positions),PC Place Nigeria Limited,"PC Place Nigeria Limited is recruiting suitably qualified candidates to fill the following positions in Lagos State: Front Desk Officer, B2B Sales Executive; Accountant, Dispatch Rider; Growth Sales Executive; Business Development Executive; Procurement Assistant; and Online Sales / Telesales Officer. Apply Now",Lagos State,Nigeria,unknown,,,Computer / AI / Technology / IT Services,,,,,,"Wed 22nd Jul, 2026",,,https://www.hotnigerianjobs.com/hotjobs/928188/pc-place-nigeria-limited-job-recruitment-7-positio.html,2026-09-12T22:00:09+00:00
f1b5af3b41c4d0bf,hotnigerianjobs,928184,Senior Business Development Manager at Cavista,Cavista,"Cavista is recruiting to fill the position of: Senior Business Development Manager. The position is located in Lagos State. Interested candidates should possess a Bachelor’s Degree in Business administration, Economics, Finance, Marketing, or a related field, (MBA or relevant postgraduate degree is an advantage) with 8 – 12 years progressive experience in business development, strategy, consulting, or commercial leadership roles. Apply Now",Lagos State,Nigeria,unknown,,,Computer / AI / Technology / IT Services,,,,,,"Wed 22nd Jul, 2026",,,https://www.hotnigerianjobs.com/hotjobs/928184/senior-business-development-manager-at-cavista.html,2026-09-12T22:00:09+00:00
46d4407ccf9e9019,hotnigerianjobs,928145,Cavista Job Recruitment (6 Positions),Cavista,"Cavista is recruiting suitably qualified candidates to fill the following positions in Lagos State: Finance Manager, Senior People Coordinator, Senior Business Development Manager, People Manager, Senior Finance Specialist, and Database Administrator. Apply Now",Lagos State,Nigeria,unknown,,,Computer / AI / Technology / IT Services,,,,,,"Wed 22nd Jul, 2026",,Other Tech,https://www.hotnigerianjobs.com/hotjobs/928145/cavista-job-recruitment-3-positions.html,2026-09-12T22:00:09+00:00
1923a510a9d68b5e,hotnigerianjobs,928115,Accountant at PC Place Nigeria Limited,PC Place Nigeria Limited,"PC Place Nigeria Limited is recruiting to fill the position of: Accountant. The position is located in Ikeja, Lagos State. Salary: N250,000 - N350,000 per month. Interested candidates should possess a Bachelor’s Degree in Accounting, Finance, or related field; Professional certification (ACA, ACCA, CPA) preferred; with strong knowledge of accounting principles and auditing standards. Apply Now","Ikeja, Lagos State",Nigeria,unknown,,,Computer / AI / Technology / IT Services,,,,"N250,000 - N350,000 per month",,"Wed 22nd Jul, 2026",,,https://www.hotnigerianjobs.com/hotjobs/928115/accountant-at-pc-place-nigeria-limited.html,2026-09-12T22:00:09+00:00
0c252fb1168bba45,hotnigerianjobs,928173,Finance Manager at Cavista,Cavista,"Cavista is recruiting to fill the position of: Finance Manager. The position is located in Lagos State. Interested candidates should possess a Bachelor’s Degree in Finance, Accounting, Economics, or a related field; professional certification (ACCA, CFA, CPA) strongly preferred with 5 – 10 years of progressive experience in finance, with exposure to corporate finance, FP&A, or financial management. Apply Now",Lagos State,Nigeria,unknown,,,Computer / AI / Technology / IT Services,,,,,,"Wed 22nd Jul, 2026",,,https://www.hotnigerianjobs.com/hotjobs/928173/finance-manager-at-cavista.html,2026-09-12T22:00:09+00:00
f192b54eb219a1fc,hotnigerianjobs,928077,Brand & Marketing Officer at Soft Intelligent Machines Limited,,Brand & Marketing Officer at Soft Intelligent Machines Limited,,Nigeria,unknown,,,Computer / AI / Technology / IT Services,,,,,,,,,https://www.hotnigerianjobs.com/hotjobs/928077/brand-marketing-officer-at-soft-intelligent-machin.html,2026-09-12T22:00:09+00:00
709c57b78096da97,hotnigerianjobs,928017,People Manager at Cavista,Cavista,"Cavista is recruiting to fill the position of: People Manager. The position is located in Town Planning Way, Ilupeju, Lagos State. Interested candidates should possess a Bachelor’s Degree in human resources, Business Administration, Psychology, Industrial Relations, Organizational Development, Management, or related discipline; Professional certification such as CIPM, SHRM-CP/SHRM-SCP, HRCI (PHR/SPHR), CIPD, or an equivalent internationally recognized HR certification is preferred with 8–10 years of progressive Human Resources experience, with at least 4 years in or People Manager role; Master’s degree in human resources, Business Administration (MBA), Organizational Psychology, or a related field is an advantage. Apply Now","Town Planning Way, Ilupeju, Lagos State",Nigeria,unknown,,,Computer / AI / Technology / IT Services,,,,,,"Wed 22nd Jul, 2026",,,https://www.hotnigerianjobs.com/hotjobs/928017/people-manager-at-cavista.html,2026-09-12T22:00:09+00:00
3b2fd05f25008085,hotnigerianjobs,927899,Social Media Assistant at the Aptech Enugu Center,The Aptech Enugu Center,"The Aptech Enugu Center is recruiting to fill the position of: Social Media Assistant. The position is located in Owerri, Imo State. Interested candidates should possess relevant qualifications with experience. Apply Now","Owerri, Imo State",Nigeria,unknown,,,Computer / AI / Technology / IT Services,,,,,,"Wed 22nd Jul, 2026",,,https://www.hotnigerianjobs.com/hotjobs/927899/social-media-assistant-at-the-aptech-enugu-center.html,2026-09-12T22:00:09+00:00
feecf9eb60549feb,hotnigerianjobs,927897,Independent Marketer (Imo) at the Aptech Enugu Center,The Aptech Enugu Center,"The Aptech Enugu Center is recruiting to fill the position of: Independent Marketer. The position is located in Owerri, Imo State. Interested candidates should possess relevant qualifications with experience. Apply Now","Owerri, Imo State",Nigeria,unknown,,,Computer / AI / Technology / IT Services,,,,,,"Wed 22nd Jul, 2026",,,https://www.hotnigerianjobs.com/hotjobs/927897/independent-marketer-at-the-aptech-enugu-center.html,2026-09-12T22:00:09+00:00
896d2c5e42f7451e,hotnigerianjobs,927895,Tech Sales Marketer at the Aptech Enugu Center,The Aptech Enugu Center,"The Aptech Enugu Center is recruiting to fill the position of: Tech Sales Marketer. The position is located in Owerri, Imo State. Interested candidates should possess relevant qualifications with experience. Apply Now","Owerri, Imo State",Nigeria,unknown,,,Computer / AI / Technology / IT Services,,,,,,"Wed 22nd Jul, 2026",,,https://www.hotnigerianjobs.com/hotjobs/927895/tech-sales-marketer-at-the-aptech-enugu-center.html,2026-09-12T22:00:09+00:00
643714685ec205fb,hotnigerianjobs,927877,Tech Sales Executive at the Aptech Enugu Center,The Aptech Enugu Center,"The Aptech Enugu Center is recruiting to fill the position of: Tech Sales Executive. The position is located in Kubwa, Abuja. Interested candidates should possess relevant qualifications with experience. Apply Now","Kubwa, Abuja",Nigeria,unknown,,,Computer / AI / Technology / IT Services,,,,,,"Wed 22nd Jul, 2026",,,https://www.hotnigerianjobs.com/hotjobs/927877/tech-sales-executive-at-the-aptech-enugu-center.html,2026-09-12T22:00:09+00:00
01e6b74445381bea,hotnigerianjobs,927941,Office Assistant at I-World Networks,I-World Networks,"I-World Networks is recruiting to fill the position of: Office Assistant. Salary: N70,000 monthly. The position is located in Abeokuta, Ogun State. Interested candidates should possess minimum of an SSCE certificate, and be between 18 - 25 years old. Apply Now","Abeokuta, Ogun State",Nigeria,unknown,,,Computer / AI / Technology / IT Services,,,,"N70,000 monthly",,"Wed 22nd Jul, 2026",,,https://www.hotnigerianjobs.com/hotjobs/927941/office-assistant-at-iworld-networks.html,2026-09-12T22:00:09+00:00
39d0dde6e520ff77,hotnigerianjobs,927934,Corporate Driver (Interstate Transportation) at I-World Networks,,Corporate Driver (Interstate Transportation) at I-World Networks,,Nigeria,unknown,,,Computer / AI / Technology / IT Services,,,,,,,,,https://www.hotnigerianjobs.com/hotjobs/927934/corporate-driver-interstate-transportation-at-iwor.html,2026-09-12T22:00:09+00:00
e835a6b0def974bd,hotnigerianjobs,927914,The Aptech Enugu Center Job Recruitment (6 Positions),The Aptech Enugu Center,"The Aptech Enugu Center is recruiting suitably qualified candidates to fill the following positions in Abuja, Enugu and Imo States: Independent Marketer - Enugu; Social Media Assistant; Independent Marketer - Imo; Tech Sales Marketer; Tech Sales Executive; and Networking / Cybersecurity Professional Trainer. Apply Now","Abuja, Enugu and Imo States",Nigeria,unknown,,,Computer / AI / Technology / IT Services,,,,,,"Wed 22nd Jul, 2026",,Cybersecurity,https://www.hotnigerianjobs.com/hotjobs/927914/the-aptech-enugu-center-job-recruitment-6-position.html,2026-09-12T22:00:09+00:00
312f685561a45c79,hotnigerianjobs,927911,Vennote Technologies Limited Job Recruitment (5 Positions),Vennote Technologies Limited,"Vennote Technologies Limited is recruiting to fill the following positions in Lagos State: HR Officer (Recruitment & Onboarding), VMware Systems Administrator (Migration Specialist), and Linux Systems Administrator. Apply Now",Lagos State,Nigeria,unknown,,,Computer / AI / Technology / IT Services,,,,,,"Wed 22nd Jul, 2026",,IT Support & Networking,https://www.hotnigerianjobs.com/hotjobs/927911/vennote-technologies-limited-job-recruitment-3-pos.html,2026-09-12T22:00:09+00:00
c39e20222adc5c05,hotnigerianjobs,927902,Independent Marketer (Enugu) at the Aptech Enugu Center,The Aptech Enugu Center,The Aptech Enugu Center is recruiting to fill the position of: Independent Marketer. The position is located in Enugu State. Interested candidates should possess relevant qualifications with experience. Apply Now,Enugu State,Nigeria,unknown,,,Computer / AI / Technology / IT Services,,,,,,"Wed 22nd Jul, 2026",,,https://www.hotnigerianjobs.com/hotjobs/927902/independent-marketer-enugu-at-the-aptech-enugu-cen.html,2026-09-12T22:00:09+00:00
59f3d28d94278035,hotnigerianjobs,927900,HR Officer (Recruitment & Onboarding) at Vennote Technologies Limited,,HR Officer (Recruitment & Onboarding) at Vennote Technologies Limited,,Nigeria,unknown,,,Computer / AI / Technology / IT Services,,,,,,,,,https://www.hotnigerianjobs.com/hotjobs/927900/hr-officer-recruitment-onboarding-at-vennote-techn.html,2026-09-12T22:00:09+00:00
5403e422e9373490,hotnigerianjobs,927873,Networking & Cybersecurity Professional Trainer at the Aptech Enugu Center,,Networking & Cybersecurity Professional Trainer at the Aptech Enugu Center,,Nigeria,unknown,,,Computer / AI / Technology / IT Services,,,,,,,,Cybersecurity,https://www.hotnigerianjobs.com/hotjobs/927873/networking-cybersecurity-professional-trainer-at-t.html,2026-09-12T22:00:09+00:00
e5d18e44b8e42130,hotnigerianjobs,927534,inq. Digital Nigeria Limited Job Recruitment (5 Positions),inq. Digital Nigeria Limited,"inq. Digital Nigeria Limited is recruiting suitable candidates to fill the following positions in Lagos State: Senior Account Manager; Network Specialist; Specialist, IP Design; Billing and Revenue Assurance Analyst; and Solutions Architect. Apply Now",Lagos State,Nigeria,unknown,,,Computer / AI / Technology / IT Services,,,,,,"Tue 21st Jul, 2026",,Other Tech,https://www.hotnigerianjobs.com/hotjobs/927534/inq-digital-nigeria-limited-job-recruitment-6-posi.html,2026-09-12T22:00:09+00:00
6099588342afc00f,hotnigerianjobs,927488,Network Specialist at inq. Digital Nigeria Limited,inq. Digital Nigeria Limited,"inq. Digital Nigeria Limited is recruiting to fill the position of: Network Specialist. The position is located in Lagos State. Interested candidates should possess a Master’s Degree, Bachelor’s Degree or HND in Electrical/Electronic Engineering, Computer Science, or related field with a minimum of 8+ years of experience in Network Operations, with at least 5 years in a Senior Engineer or supervisory role, ideally in an ISP or similar environment. Apply Now",Lagos State,Nigeria,unknown,,,Computer / AI / Technology / IT Services,,,,,,"Tue 21st Jul, 2026",,Other Tech,https://www.hotnigerianjobs.com/hotjobs/927488/network-specialist-at-inq-digital-nigeria-limited.html,2026-09-12T22:00:09+00:00
e55347d402242301,hotnigerianjobs,927469,Billing and Revenue Assurance Analyst at inq. Digital Nigeria Limited,,Billing and Revenue Assurance Analyst at inq. Digital Nigeria Limited,,Nigeria,unknown,,,Computer / AI / Technology / IT Services,,,,,,,,,https://www.hotnigerianjobs.com/hotjobs/927469/billing-and-revenue-assurance-analyst-at-inq-digit.html,2026-09-12T22:00:09+00:00
c92147bd01294529,hotnigerianjobs,927465,Solutions Architect at inq. Digital Nigeria Limited,inq. Digital Nigeria Limited,"inq. Digital Nigeria Limited is recruiting to fill the position of: Solutions Architect. The position is located in Lagos State. In this role, you will capture and interpret customer requirements, and design custom solutions to meet identified requirements in line with inq. capabilities and product portfolio. Apply Now",Lagos State,Nigeria,unknown,,,Computer / AI / Technology / IT Services,,,,,,"Tue 21st Jul, 2026",,Other Tech,https://www.hotnigerianjobs.com/hotjobs/927465/solutions-architect-at-inq-digital-nigeria-limited.html,2026-09-12T22:00:09+00:00
569578676ac9332c,hotnigerianjobs,927481,"Specialist, IP Design at inq. Digital Nigeria Limited",inq. Digital Nigeria Limited,"inq. Digital Nigeria Limited is recruiting to fill the position of: Specialist, IP Design. The position is located in Lagos State. Interested candidates should possess a Bachelor's Degree in Electrical / Electronic Engineering with a minimum of 10 years’ post NYSC experience in an ISP/VPN provider environment with minimum of 5 years’ experience in a managing people. Apply Now",Lagos State,Nigeria,unknown,,,Computer / AI / Technology / IT Services,,,,,,"Tue 21st Jul, 2026",,Other Tech,https://www.hotnigerianjobs.com/hotjobs/927481/specialist-ip-design-at-inq-digital-nigeria-limite.html,2026-09-12T22:00:09+00:00
e6b4f5f1b18f680c,hotnigerianjobs,927451,Senior Account Manager at inq. Digital Nigeria Limited,inq. Digital Nigeria Limited,"inq. Digital Nigeria Limited is recruiting to fill the position of: Senior Account Manager. Interested candidates should possess relevant qualifications with a minimum of 3 years in account management within a telecom environment, solution sales, relationship management, and networking technologies. Apply Now",,Nigeria,unknown,,,Computer / AI / Technology / IT Services,,,,,,"Tue 21st Jul, 2026",,Other Tech,https://www.hotnigerianjobs.com/hotjobs/927451/senior-account-manager-at-inq-digital-nigeria-limi.html,2026-09-12T22:00:09+00:00
df062893ec825e7e,hotnigerianjobs,927431,Senior Business Development Manager at InfoHob Technology,InfoHob Technology,InfoHob Technology is recruiting to fill the position of: Senior Business Development Manager. The position is located in Abuja (FCT). Interested candidates should possess a A Bachelor's Degree in an ICT course or relevant experience with proven experience as a Webmaster and Web Developer. Apply Now,Abuja (FCT),Nigeria,unknown,,,Computer / AI / Technology / IT Services,,,,,,"Tue 21st Jul, 2026",,Software Development,https://www.hotnigerianjobs.com/hotjobs/927431/senior-business-development-manager-at-infohob-tec.html,2026-09-12T22:00:09+00:00
a1ea597f9add65ed,hotnigerianjobs,927380,Driver at Afripoint Group Limited,Afripoint Group Limited,"Afripoint Group Limited is recruiting to fill the position of: Driver. The position is located in Ikeja, Lagos State. Interested candidates should possess a minimum of SSCE with at least 3 years' driving experience in a corporate environment and a valid Nigerian Driver's licence. Apply Now","Ikeja, Lagos State",Nigeria,unknown,,,Computer / AI / Technology / IT Services,,,,,,"Tue 21st Jul, 2026",,,https://www.hotnigerianjobs.com/hotjobs/927380/driver-at-afripoint-group-limited.html,2026-09-12T22:00:09+00:00
59f6d570d71b1290,hotnigerianjobs,927096,Web / Mobile Developer at Creative Mansion,Creative Mansion,"Creative Mansion is recruiting to fill the position of: Web / Mobile Developer. The position is located in Lekki - Lagos State. Interested candidates should possess a Bachelor’s Degree in Computer Science or related field, or relevant experience. Apply Now",Lekki - Lagos State,Nigeria,unknown,,,Computer / AI / Technology / IT Services,,,,,,"Tue 21st Jul, 2026",,Software Development,https://www.hotnigerianjobs.com/hotjobs/927096/web-mobile-developer-at-creative-mansion.html,2026-09-12T22:00:09+00:00
07d16e129a74b1ca,hotnigerianjobs,927087,Full Stack Web Developer at Creative Mansion Digital Enterprise (2 Openings),,Full Stack Web Developer at Creative Mansion Digital Enterprise (2 Openings),,Nigeria,unknown,,,Computer / AI / Technology / IT Services,,,,,,,,Software Development,https://www.hotnigerianjobs.com/hotjobs/927087/full-stack-web-developer-at-creative-mansion-digit.html,2026-09-12T22:00:09+00:00
4a7b4dc46021844f,hotnigerianjobs,927124,Creative Mansion Job Recruitment (6 Positions),Creative Mansion,"Creative Mansion is recruiting suitable candidates to fill the following positions in Lagos State: Full Stack Programmer, Web / Mobile Developer, Frontend Software Developer, WordPress / JavaScript Developer, Website Designer, and Full Stack Web Developer. Apply Now",Lagos State,Nigeria,unknown,,,Computer / AI / Technology / IT Services,,,,,,"Tue 21st Jul, 2026",,Software Development,https://www.hotnigerianjobs.com/hotjobs/927124/creative-mansion-job-recruitment-6-positions.html,2026-09-12T22:00:09+00:00
c534c3bc37cbd66c,hotnigerianjobs,927111,Full Stack Programmer at Creative Mansion,Creative Mansion,Creative Mansion is recruiting to fill the position of: Full Stack Programmer. The position is located in Ikeja - Lagos State. Interested candidates should possess a candidates should possess a BSc in Computer Science (2:1). Apply Now,Ikeja - Lagos State,Nigeria,unknown,,,Computer / AI / Technology / IT Services,,,,,,"Tue 21st Jul, 2026",,Software Development,https://www.hotnigerianjobs.com/hotjobs/927111/full-stack-programmer-at-creative-mansion.html,2026-09-12T22:00:09+00:00
e2e9c768c1dcbf71,hotnigerianjobs,927094,Frontend Software Developer at Creative Mansion,Creative Mansion,"Creative Mansion is recruiting to fill the position of: Frontend Software Developer. The position is located in Lekki - Lagos State. Interested candidates should possess relevant qualifications with proven experience as a Backend Software Developer, Software Engineer or similar Role Apply Now",Lekki - Lagos State,Nigeria,unknown,,,Computer / AI / Technology / IT Services,,,,,,"Tue 21st Jul, 2026",,Software Development,https://www.hotnigerianjobs.com/hotjobs/927094/frontend-software-developer-at-creative-mansion.html,2026-09-12T22:00:09+00:00
0a8ef1a54363c4c8,hotnigerianjobs,927093,WordPress / JavaScript Developer at Creative Mansion (2 Openings),,WordPress / JavaScript Developer at Creative Mansion (2 Openings),,Nigeria,unknown,,,Computer / AI / Technology / IT Services,,,,,,,,Software Development,https://www.hotnigerianjobs.com/hotjobs/927093/full-stack-web-developers-at-creative-mansion-2-op.html,2026-09-12T22:00:09+00:00
e27be8e3a5d1dc4f,hotnigerianjobs,927090,Website Designer at Creative Mansion Digital Enterprise,Creative Mansion Digital Enterprise,"Creative Mansion Digital Enterprise is recruiting to fill the position of: Website Designer. The position is located in Ikeja, Lagos State. Interested candidates should possess a BSc Degree in Computer Science or relevant fields with proficient understanding of web markup, including HTML5, CSS3. Apply Now","Ikeja, Lagos State",Nigeria,unknown,,,Computer / AI / Technology / IT Services,,,,,,"Tue 21st Jul, 2026",,Other Tech,https://www.hotnigerianjobs.com/hotjobs/927090/website-designer-at-creative-mansion-digital-enter.html,2026-09-12T22:00:09+00:00
f6313a3c9af394f5,hotnigerianjobs,926766,Database Administrator at Cavista,Cavista,"Cavista is recruiting to fill the position of: Database Administrator. The position is located in Town Planning Way, Ilupeju, Lagos State. Interested candidates should possess a Bachelor’s Degree in Computer Science, Engineering, or a related technical field with a minimum of 4 years experience in managing MySQL databases in large-scale environments. Apply Now","Town Planning Way, Ilupeju, Lagos State",Nigeria,unknown,,,Computer / AI / Technology / IT Services,,,,,,"Tue 21st Jul, 2026",,Other Tech,https://www.hotnigerianjobs.com/hotjobs/926766/database-administrator-at-cavista.html,2026-09-12T22:00:09+00:00
ab924986ed2eab3f,hotnigerianjobs,926196,Sales Development Representative (SDR) at a Leading Technology Solutions Provider - Workforce Group,,Sales Development Representative (SDR) at a Leading Technology Solutions Provider - Workforce Group,,Nigeria,unknown,,,Computer / AI / Technology / IT Services,,,,,,,,,https://www.hotnigerianjobs.com/hotjobs/926196/sales-development-representative-sdr-at-a-leading.html,2026-09-12T22:00:09+00:00
fade520edb153436,hotnigerianjobs,926727,Junior Tech Sales (Female) at Infytel Communications,Infytel Communications,"Infytel Communications is recruiting to fill the position of: Junior Tech Sales (Female). The position is located in Victoria Island, Lagos State. Salary: N250,000 monthly. Interested candidates should possess a Bachelor's Degree in Business Administration, Marketing, Computer Science, or a related field with 1-2 years' experience selling MarTech solutions or technology products/services. Apply Now","Victoria Island, Lagos State",Nigeria,unknown,,,Computer / AI / Technology / IT Services,,,,"N250,000 monthly",,"Mon 20th Jul, 2026",,Other Tech,https://www.hotnigerianjobs.com/hotjobs/926727/junior-tech-sales-female-at-infytel-communications.html,2026-09-12T22:00:09+00:00
1448bfacbd99ba7e,hotnigerianjobs,926735,Partner Manager – OEM at Infytel Communications,Infytel Communications,"Infytel Communications is recruiting to fill the position of: Partner Manager – OEM. The position is located in Victoria Island, Lagos State. Interested candidates should possess a Bachelor's Degree in Business Administration, Marketing, Computer Science, Information Technology, or related field with 4–6 years of experience in partnership management, channel sales, account management, or business development. Apply Now","Victoria Island, Lagos State",Nigeria,unknown,,,Computer / AI / Technology / IT Services,,,,,,"Mon 20th Jul, 2026",,Other Tech,https://www.hotnigerianjobs.com/hotjobs/926735/partner-manager-oem-at-infytel-communications.html,2026-09-12T22:00:09+00:00
c0279a99a79882ec,hotnigerianjobs,926739,Partner Manager - Retailer at Infytel Communications,Infytel Communications,"Infytel Communications is recruiting to fill the position of: Partner Manager - Retailer. The position is located in Victoria Island, Lagos State. Interested candidates should possess a Bachelor's Degree in Business Administration, Marketing, or a related field with 4–6 years of experience in channel sales, retail partnerships, business development, or account management. Apply Now","Victoria Island, Lagos State",Nigeria,unknown,,,Computer / AI / Technology / IT Services,,,,,,"Mon 20th Jul, 2026",,Other Tech,https://www.hotnigerianjobs.com/hotjobs/926739/partner-manager-retailer-at-infytel-communications.html,2026-09-12T22:00:09+00:00
4769c9bfb66f9dd4,hotnigerianjobs,926705,Accountant at Infytel Communications,Infytel Communications,"Infytel Communications is recruiting to fill the position of: Accountant. The position is located in Victoria Island, Lagos State. Salary: N400,000 - N600,000 monthly. Interested candidates should possess a Bachelor's Degree in Accounting, Finance, or a related discipline with 3–6 years of relevant accounting experience. Apply Now","Victoria Island, Lagos State",Nigeria,unknown,,,Computer / AI / Technology / IT Services,,,,"N400,000 - N600,000 monthly",,"Mon 20th Jul, 2026",,Other Tech,https://www.hotnigerianjobs.com/hotjobs/926705/accountant-at-infytel-communications.html,2026-09-12T22:00:09+00:00
0213d6032571a491,hotnigerianjobs,926759,Infytel Communication Job Recruitment (12 Positions),Infytel Communication,"Infytel Communication is recruiting suitable candidates to fill the following positions in Lagos State: Chief Financial Officer (CFO), Partner Manager - Retailer, Partner Manager – OEM, Recruitment and Talent Manager, Team Lead - Customer Relationship Officer, Sales Manager, Business Development Team Lead, Accountant, Presales Engineering Officer, Technical Assistant to the CEO, Junior Tech Sales (Female). Apply Now",Lagos State,Nigeria,unknown,,,Computer / AI / Technology / IT Services,,,,,,"Mon 20th Jul, 2026",,Other Tech,https://www.hotnigerianjobs.com/hotjobs/926759/infytel-communication-job-recruitment-12-positions.html,2026-09-12T22:00:09+00:00
a397d876e8b6ed90,hotnigerianjobs,926746,Team Lead - Customer Relationship Officer at Infytel Communications,,Team Lead - Customer Relationship Officer at Infytel Communications,,Nigeria,unknown,,,Computer / AI / Technology / IT Services,,,,,,,,,https://www.hotnigerianjobs.com/hotjobs/926746/team-lead-customer-relationship-officer-at-infytel.html,2026-09-12T22:00:09+00:00
a63e790fb1d184b5,hotnigerianjobs,926748,Recruitment and Talent Manager at Infytel Communications,Infytel Communications,"Infytel Communications is recruiting to fill the position of: Recruitment and Talent Manager. The position is located in Victoria Island, Lagos State. Salary: N300,000 - N400,000 monthly. Interested candidates should possess a Bachelor’s Degree in Human Resources, Business Administration, or related field with 3–5 years of experience in recruitment or talent acquisition. Apply Now","Victoria Island, Lagos State",Nigeria,unknown,,,Computer / AI / Technology / IT Services,,,,"N300,000 - N400,000 monthly",,"Mon 20th Jul, 2026",,Other Tech,https://www.hotnigerianjobs.com/hotjobs/926748/recruitment-and-talent-manager-at-infytel-communic.html,2026-09-12T22:00:09+00:00
67443152db50f152,hotnigerianjobs,926754,Technical Assistant to the CEO at Infytel Communications,Infytel Communications,"Infytel Communications is recruiting to fill the position of: Technical Assistant to the CEO. The position is located in Victoria Island, Lagos State. Salary: N250,000 monthly. Interested candidates should possess a Bachelor's Degree in a relevant field with a minimum of 2 years’ experience in a similar role (tech industry preferred). Apply Now","Victoria Island, Lagos State",Nigeria,unknown,,,Computer / AI / Technology / IT Services,,,,"N250,000 monthly",,"Mon 20th Jul, 2026",,Other Tech,https://www.hotnigerianjobs.com/hotjobs/926754/technical-assistant-to-the-ceo-at-infytel-communic.html,2026-09-12T22:00:09+00:00
bf3e9266fcd9eaf5,hotnigerianjobs,926752,Chief Financial Officer (CFO) at Infytel Communications,Infytel Communications,"Infytel Communications is recruiting to fill the position of: Chief Financial Officer (CFO). The position is located in Victoria Island, Lagos State. Salary: N300,000 - N400,000 monthly. Interested candidates should possess a Bachelor's Degree in Accounting, Finance, Economics, Business Administration, or a related field with a minimum of 10 years of progressive finance and accounting experience, with at least 5 years in a senior leadership role. Apply Now","Victoria Island, Lagos State",Nigeria,unknown,,,Computer / AI / Technology / IT Services,,,,"N300,000 - N400,000 monthly",,"Mon 20th Jul, 2026",,Other Tech,https://www.hotnigerianjobs.com/hotjobs/926752/chief-financial-officer-cfo-at-infytel-communicati.html,2026-09-12T22:00:12+00:00
47effe890ffb43ad,hotnigerianjobs,926731,Driver at Infytel Communications,Infytel Communications,"Infytel Communications is recruiting to fill the position of: Driver. The position is located in Victoria Island, Lagos State. Salary: N120,000 monthly. Interested candidates should possess relevant qualifications, valid driver's license with a minimum 3 years driving experience and must have good knowledge of Lagos roads. Apply Now","Victoria Island, Lagos State",Nigeria,unknown,,,Computer / AI / Technology / IT Services,,,,"N120,000 monthly",,"Mon 20th Jul, 2026",,Other Tech,https://www.hotnigerianjobs.com/hotjobs/926731/driver-at-infytel-communications.html,2026-09-12T22:00:12+00:00
59af19c44ec2935a,hotnigerianjobs,926722,Sales Manager at Infytel Communications,Infytel Communications,"Infytel Communications is recruiting to fill the position of: Sales Manager. The position is located in Victoria Island, Lagos State. Interested candidates should possess relevant qualifications with 10-12 years proven experience in sales, business development, or account management within the technology or telecommunications industry. Apply Now","Victoria Island, Lagos State",Nigeria,unknown,,,Computer / AI / Technology / IT Services,,,,,,"Mon 20th Jul, 2026",,Other Tech,https://www.hotnigerianjobs.com/hotjobs/926722/sales-manager-at-infytel-communications.html,2026-09-12T22:00:12+00:00
2f0d33fbc7c42daf,hotnigerianjobs,926714,Business Development Team Lead at Infytel Communications,Infytel Communications,"Infytel Communications is recruiting to fill the position of: Business Development Team Lead. The position is located in Victoria Island, Lagos State. Interested candidates should possess a Bachelor’s Degree in Business Administration, Marketing, IT, or a related field with a minimum of 8 years’ experience in business development, enterprise sales, or a related role, with at least 4 years in a supervisory or team lead position. Apply Now","Victoria Island, Lagos State",Nigeria,unknown,,,Computer / AI / Technology / IT Services,,,,,,"Mon 20th Jul, 2026",,Other Tech,https://www.hotnigerianjobs.com/hotjobs/926714/business-development-team-lead-at-infytel-communic.html,2026-09-12T22:00:12+00:00
595cf0ede4fb39b3,hotnigerianjobs,926700,Presales Engineering Officer at Infytel Communications,Infytel Communications,"Infytel Communications is recruiting to fill the position of: Presales Engineering Officer. The position is located in Victoria Island, Lagos State. Salary: N400,000 - N500,000 monthly. Interested candidates should possess a Bachelor’s Degree in Computer Science, Information Technology, Engineering, Business Administration, or a related field with 3–5 years’ experience in presales, solution consulting, technical sales, or business development. Apply Now","Victoria Island, Lagos State",Nigeria,unknown,,,Computer / AI / Technology / IT Services,,,,"N400,000 - N500,000 monthly",,"Mon 20th Jul, 2026",,Other Tech,https://www.hotnigerianjobs.com/hotjobs/926700/presales-engineering-officer-at-infytel-communicat.html,2026-09-12T22:00:12+00:00
1e81cd4d1aadf069,hotnigerianjobs,926575,Favex Technology Limited Job Recruitment (3 Positions),Favex Technology Limited,"Favex Technology Limited is recruiting suitably qualified candidates to fill the following positions in Lagos State: Motion Graphics Designer, Social Media and Community Manager, and Marketing Lead. Apply Now",Lagos State,Nigeria,unknown,,,Computer / AI / Technology / IT Services,,,,,,"Mon 20th Jul, 2026",,,https://www.hotnigerianjobs.com/hotjobs/926575/favex-technology-limited-job-recruitment-3-positio.html,2026-09-12T22:00:12+00:00
45ea67081e979480,hotnigerianjobs,926568,Motion Graphics Designer at Favex Technology Limited,Favex Technology Limited,"Favex Technology Limited is recruiting to fill the position of: Motion Graphics Designer. The position is located in Lagos State. Interested candidates should possess a Bachelor's Degree or relevant certification in Motion Graphics, Animation, Graphic Design, or a related field with a minimum of 4 years of experience creating motion graphics and animated content, preferably in a fintech or technology company. Apply Now",Lagos State,Nigeria,unknown,,,Computer / AI / Technology / IT Services,,,,,,"Mon 20th Jul, 2026",,,https://www.hotnigerianjobs.com/hotjobs/926568/motion-graphics-designer-at-favex-technology-limit.html,2026-09-12T22:00:12+00:00
13c2ca762e9d9164,hotnigerianjobs,926558,Marketing Lead at Favex Technology Limited (Hybrid),Favex Technology Limited,"Favex Technology Limited is recruiting to fill the position of: Marketing Lead. This is a hybrid role in Lagos State. Interested candidates should possess strong understanding of social media trends, influencer marketing, and content storytelling with 4+ years of experience in Marketing, Brand Management, or Digital Strategy. Apply Now",,Nigeria,hybrid,,,Computer / AI / Technology / IT Services,,,,,,"Mon 20th Jul, 2026",,,https://www.hotnigerianjobs.com/hotjobs/926558/marketing-lead-at-favex-technology-limited-hybrid.html,2026-09-12T22:00:12+00:00
1ce16c3dac0ebcca,hotnigerianjobs,926592,DevOps Engineer at Kredete Limited - Hybrid,Kredete Limited,"Kredete Limited is recruiting to fill the position of: DevOps Engineer. This is a Hybrid role in Lagos State. Interested candidates should possess a Bachelor's Degree in Computer Science, Engineering, or a related field with 5-7 years of proven experience in a DevOps, Site Reliability Engineering, or similar role. Apply Now",,Nigeria,hybrid,,,Computer / AI / Technology / IT Services,,,,,,"Mon 20th Jul, 2026",,DevOps & Cloud,https://www.hotnigerianjobs.com/hotjobs/926592/devops-engineer-at-kredete-limited-hybrid.html,2026-09-12T22:00:12+00:00
f0a69565d0379f03,hotnigerianjobs,926564,Social Media and Community Manager at Favex Technology Limited,,Social Media and Community Manager at Favex Technology Limited,,Nigeria,unknown,,,Computer / AI / Technology / IT Services,,,,,,,,,https://www.hotnigerianjobs.com/hotjobs/926564/social-media-and-community-manager-at-favex-techno.html,2026-09-12T22:00:12+00:00
812ccef6d25167c1,hotnigerianjobs,926387,Personal Assistant (PA) to the Group Chief Executive Officer (Male) at IT Horizons Limited (Hybrid),,Personal Assistant (PA) to the Group Chief Executive Officer (Male) at IT Horizons Limited (Hybrid),,Nigeria,hybrid,,,Computer / AI / Technology / IT Services,,,,,,,,,https://www.hotnigerianjobs.com/hotjobs/926387/personal-assistant-pa-to-the-group-chief-executive.html,2026-09-12T22:00:12+00:00
3fd2dc079460de6e,hotnigerianjobs,926366,Sales Executive (EnrolWeb Services) at Velvot Nigeria Limited,,Sales Executive (EnrolWeb Services) at Velvot Nigeria Limited,,Nigeria,unknown,,,Computer / AI / Technology / IT Services,,,,,,,,,https://www.hotnigerianjobs.com/hotjobs/926366/sales-executive-enrolweb-services-at-velvot-nigeri.html,2026-09-12T22:00:12+00:00
fbb9dbf4c98ac3fd,hotnigerianjobs,926137,Mobile AI Engineer at TeKnowledge,TeKnowledge,"TeKnowledge is recruiting to fill the position of: Mobile AI Engineer. The position is located in Victoria Island, Lagos State. Interested candidates should possess Bachelor’s and Technical Degree with 5 - 9 years experience. Apply Now","Victoria Island, Lagos State",Nigeria,unknown,,,Computer / AI / Technology / IT Services,,,,,,"Mon 20th Jul, 2026",,Data & AI,https://www.hotnigerianjobs.com/hotjobs/926137/mobile-ai-engineer-at-teknowledge.html,2026-09-12T22:00:12+00:00
daf6b7d3baa5dd22,hotnigerianjobs,926232,Software Trainer at Campus Technologies Limited,Campus Technologies Limited,"Campus Technologies Limited is recruiting to fill the position of: Software Trainer. The position is located in Wuse 2, Abuja (FCT). Interested candidates should possess a Bachelor's Degree in Computer Science, Software Engineering, Information Technology, or a related field, professional certifications in relevant technologies will be an added advantage with a minimum of 2 years' experience in software development, DevOps, data analytics, or technical training. Apply Now","Wuse 2, Abuja (FCT)",Nigeria,unknown,,,Computer / AI / Technology / IT Services,,,,,,"Mon 20th Jul, 2026",,Software Development,https://www.hotnigerianjobs.com/hotjobs/926232/software-trainer-at-campus-technologies-limited.html,2026-09-12T22:00:12+00:00
45daade264ca891b,hotnigerianjobs,926203,Sales Representative at Velvot Nigeria Limited,Velvot Nigeria Limited,"Velvot Nigeria Limited is recruiting to fill the position of: Sales Representative. The position is located in Surulere, Lagos State. Interested candidates should possess a Bachelor's Degree or HND with 3-5 years experience. Apply Now","Surulere, Lagos State",Nigeria,unknown,,,Computer / AI / Technology / IT Services,,,,,,"Mon 20th Jul, 2026",,,https://www.hotnigerianjobs.com/hotjobs/926203/sales-representative-at-velvot-nigeria-limited.html,2026-09-12T22:00:12+00:00
a098221b6005cdb0,hotnigerianjobs,926141,Backend AI Engineer (Financial Services Platform) at TeKnowledge,,Backend AI Engineer (Financial Services Platform) at TeKnowledge,,Nigeria,unknown,,,Computer / AI / Technology / IT Services,,,,,,,,Software Development,https://www.hotnigerianjobs.com/hotjobs/926141/backend-ai-engineer-financial-services-platform-at.html,2026-09-12T22:00:12+00:00
3365cfb0249cc48e,hotnigerianjobs,925915,TeKnowledge Job Recruitment (9 Positions),TeKnowledge,"TeKnowledge is recruiting suitably qualified candidates to fill the following positions in Lagos State: Senior Modern Workplace Identity Platform Engineer; UI / UX Engineer; Training and Knowledge Manager; Senior Manager, Product and Platforms Programme; IT Systems Administrator Lead; Front End (Angular) Developer; Backend AI Engineer (Financial Services Platform); and Senior Sales Manager. Apply Now",Lagos State,Nigeria,unknown,,,Computer / AI / Technology / IT Services,,,,,,"Fri 17th Jul, 2026",,Software Development,https://www.hotnigerianjobs.com/hotjobs/925915/teknowledge-job-recruitment-7-positions.html,2026-09-12T22:00:12+00:00
ce1ff6299f9e5b68,hotnigerianjobs,925849,Full Stack Developer at Walexbiz Group,Walexbiz Group,"Walexbiz Group is recruiting to fill the position of: Full Stack Developer. The position is located in Abuja (FCT). Interested candidates should possess a Bachelor's Degree in Computer Science, Software Engineering, Information Technology, or a related field (or equivalent practical experience) with 3–5 years of experience in full stack web development. Apply Now",Abuja (FCT),Nigeria,unknown,,,Computer / AI / Technology / IT Services,,,,,,"Fri 17th Jul, 2026",,Software Development,https://www.hotnigerianjobs.com/hotjobs/925849/full-stack-developer-at-walexbiz-group.html,2026-09-12T22:00:12+00:00
6cb21c19aa1440fd,hotnigerianjobs,925742,Network Support Engineer at COURE Software and Systems Limited,,Network Support Engineer at COURE Software and Systems Limited,,Nigeria,unknown,,,Computer / AI / Technology / IT Services,,,,,,,,Other Tech,https://www.hotnigerianjobs.com/hotjobs/925742/network-support-engineer-at-coure-software-and-sys.html,2026-09-12T22:00:12+00:00
14f06ac7d84bf42f,hotnigerianjobs,925696,Senior Sales Manager at TeKnowledge,TeKnowledge,"TeKnowledge is recruiting to fill the position of: Senior Sales Manager. The position is located in Victoria Island, Lagos State. Interested candidates should possess relevant qualifications with 10+ years of experience in B2B technology/services sales and strategic account management. Apply Now","Victoria Island, Lagos State",Nigeria,unknown,,,Computer / AI / Technology / IT Services,,,,,,"Fri 17th Jul, 2026",,Other Tech,https://www.hotnigerianjobs.com/hotjobs/925696/senior-sales-manager-at-teknowledge.html,2026-09-12T22:00:12+00:00
e976d6a2afeb5cd0,hotnigerianjobs,925691,Senior Modern Workplace Identity Platform Engineer at TeKnowledge,,Senior Modern Workplace Identity Platform Engineer at TeKnowledge,,Nigeria,unknown,,,Computer / AI / Technology / IT Services,,,,,,,,Other Tech,https://www.hotnigerianjobs.com/hotjobs/925691/senior-modern-workplace-identity-platform-engineer.html,2026-09-12T22:00:12+00:00
2ef9a5727db1e6fd,hotnigerianjobs,925519,Social Media Officer at Creastech Limited,Creastech Limited,"Creastech Limited is recruiting to fill the position of: Social Media Officer. The position is located in Lagos State. Salary: N150,000 per month. The successful candidate will develop content strategies, increase brand awareness, drive audience engagement, and support lead generation through digital channels. Interested candidates should possess a Bachelor’s Degree or its equivalent with a minimum of 2 years’ B2B experience in social media management. Apply Now",Lagos State,Nigeria,unknown,,,Computer / AI / Technology / IT Services,,,,"N150,000 per month",,"Fri 17th Jul, 2026",,,https://www.hotnigerianjobs.com/hotjobs/925519/social-media-officer-at-creastech-limited.html,2026-09-12T22:00:12+00:00
bb99b44a32412787,hotnigerianjobs,925431,Software Developer at Sophia ERP Limited (SEL),Sophia ERP Limited (SEL),"Sophia ERP Limited (SEL) is recruiting to fill the position of: Software Developer. The position is located in Ikeja, Lagos State. Salary: N150,000 - N250,000 per month. Interested candidates should possess a relevant qualification with a minimum of 2 years post NYSC experience working on live or production projects. Apply Now","Ikeja, Lagos State",Nigeria,unknown,,,Computer / AI / Technology / IT Services,,,,"N150,000 - N250,000 per month",,"Fri 17th Jul, 2026",,Software Development,https://www.hotnigerianjobs.com/hotjobs/925431/software-developer-at-sophia-erp.html,2026-09-12T22:00:12+00:00
f97724dc668b0895,hotnigerianjobs,925355,Business Development Officer at Runlink AI HR Platform - Runlink Technology Limited,,Business Development Officer at Runlink AI HR Platform - Runlink Technology Limited,,Nigeria,unknown,,,Computer / AI / Technology / IT Services,,,,,,,,Data & AI,https://www.hotnigerianjobs.com/hotjobs/925355/bd-business-development-officer-at-runlink-ai-hr-p.html,2026-09-12T22:00:12+00:00
b6d63b39a0000ecf,hotnigerianjobs,925128,Senior Data Engineer at Bluechip Technologies Limited,Bluechip Technologies Limited,"Bluechip Technologies Limited is recruiting to fill the position of: Senior Data Engineer. Interested candidates should possess a Bachelor’s Degree in Computer Science, Engineering, Information Technology, or a related discipline (or equivalent practical experience) with a minimum of 6 years’ professional experience in Data Engineering, including at least 3 years supporting large-scale (terabyte/petabyte) data platforms. Apply Now",,Nigeria,unknown,,,Computer / AI / Technology / IT Services,,,,,,"Thu 16th Jul, 2026",,Data & AI,https://www.hotnigerianjobs.com/hotjobs/925128/senior-data-engineer-at-bluechip-technologies-limi.html,2026-09-12T22:00:12+00:00
512673f9745abab6,hotnigerianjobs,925160,Sales Executive at a Fast-Growing ICT Consulting Firm - Fadac Resources And Services Limited,,Sales Executive at a Fast-Growing ICT Consulting Firm - Fadac Resources And Services Limited,,Nigeria,unknown,,,Computer / AI / Technology / IT Services,,,,,,,,Other Tech,https://www.hotnigerianjobs.com/hotjobs/925160/sales-executive-at-fadac-resources-and-services-li.html,2026-09-12T22:00:12+00:00
b18eb9555ba0fc81,hotnigerianjobs,925130,Human Resources Officer at Bluechip Technologies Limited,Bluechip Technologies Limited,"Bluechip Technologies Limited is recruiting to fill the position of: Human Resources Officer. The position is located in Lagos State. Interested candidates should possess a Bachelor’s Degree in Human Resources, Business Administration, Industrial Relations, Psychology, or a related discipline with 2 – 4 years professional experience in Human Resources. Apply Now",Lagos State,Nigeria,unknown,,,Computer / AI / Technology / IT Services,,,,,,"Thu 16th Jul, 2026",,,https://www.hotnigerianjobs.com/hotjobs/925130/human-resources-officer-at-bluechip-technologies-l.html,2026-09-12T22:00:12+00:00
a87f6ccb2ebd3dc4,hotnigerianjobs,924784,Sales Officer at Uleval Technology,Uleval Technology,"Uleval Technology is recruiting to fill the position of: Sales Officer. The position is located in Akure, Ondo State. Interested candidates should possess a Bachelor's Degree or HND with a 3-9 years work experience. Applicant must be resident in Akure. Apply Now","Akure, Ondo State",Nigeria,unknown,,,Computer / AI / Technology / IT Services,,,,,,"Thu 16th Jul, 2026",,,https://www.hotnigerianjobs.com/hotjobs/924784/sales-officer-at-uleval-technology.html,2026-09-12T22:00:12+00:00
adeb46cee4e83787,hotnigerianjobs,924701,Marketing Communications Officer at Qore - Appzone Limited,"Qore, a subsidiary of Appzone Limited","Qore, a subsidiary of Appzone Limited is recruiting to fill the position of: Marketing Communications Officer. The position is located in Lagos State. Interested candidates should possess a BSc in Marketing, Mass Communication, Public Relations, Journalism, Communications, Business Administration, or a related field with 2+ years of experience in marketing communications, corporate communications, brand management, public relations, or content marketing. Apply Now",Lagos State,Nigeria,unknown,,,Computer / AI / Technology / IT Services,,,,,,"Thu 16th Jul, 2026",,,https://www.hotnigerianjobs.com/hotjobs/924701/marketing-communications-officer-at-qore-appzone-l.html,2026-09-12T22:00:12+00:00
30d5db1e81413e7b,hotnigerianjobs,924693,Full Stack Software Engineer at Qore - Appzone Limited,"Qore, a subsidiary of Appzone Limited","Qore, a subsidiary of Appzone Limited is recruiting to fill the position of: Full Stack Software Engineer. The position is located in Lagos State. Interested candidates should possess a BSc in Computer Science, Computer Engineering, Electrical & Electronics Engineering, or a related field of study with 4+ years’ related work experience in software engineering, preferably within the Fintech, Banking and/or financial services sector. Apply Now",Lagos State,Nigeria,unknown,,,Computer / AI / Technology / IT Services,,,,,,"Thu 16th Jul, 2026",,Software Development,https://www.hotnigerianjobs.com/hotjobs/924693/full-stack-software-engineer-at-qore-appzone-limit.html,2026-09-12T22:00:12+00:00
cb8cf0e8744bac75,hotnigerianjobs,924690,CBA Product Support Officer at Qore - Appzone Limited,"Qore, a subsidiary of Appzone Limited","Qore, a subsidiary of Appzone Limited is recruiting to fill the position of: CBA Product Support Officer. The position is located in Lagos State. Interested candidates should possess a Bachelor’s Degree in Computer Science, Information Technology, Engineering, or a related field with 2–4 years of experience in application support, product support, or IT operations, preferably within fin-tech, banking, or financial services. Apply Now",Lagos State,Nigeria,unknown,,,Computer / AI / Technology / IT Services,,,,,,"Thu 16th Jul, 2026",,Other Tech,https://www.hotnigerianjobs.com/hotjobs/924690/cba-product-support-officer-at-qore-appzone-limite.html,2026-09-12T22:00:12+00:00
5faaf9461cfb14b9,hotnigerianjobs,924590,SAP Nigeria Young Professional Program 2026,,"SAP Nigeria invites applications from suitably qualified candidates for its 2026 Young Professional Program. The SAP Young Professionals Program is a free initiative delivered by the Digital Skills Center of SAP. The program, which lasts for 2 months, is designed to give recent graduates the certifications and soft skills required to begin a career as a SAP Associate Consultant. Apply Now",,Nigeria,unknown,,,Computer / AI / Technology / IT Services,,,,,,"Wed 15th Jul, 2026",,,https://www.hotnigerianjobs.com/hotjobs/924590/sap-nigeria-young-professional-program-2026.html,2026-09-12T22:00:12+00:00
c77f30044904c963,hotnigerianjobs,924403,Sales Manager at Walexbiz Group,Walexbiz Group,"Walexbiz Group is recruiting to fill the position of: Sales Manager. The position is located in Asokoro, Abuja. Interested candidates should possess a Bachelor’s Degree in Marketing, Business Administration, Economics, Management, or related fields with 3–5 years proven experience in Sales, Business Development, or Sales Management. Apply Now","Asokoro, Abuja",Nigeria,unknown,,,Computer / AI / Technology / IT Services,,,,,,"Wed 15th Jul, 2026",,,https://www.hotnigerianjobs.com/hotjobs/924403/sales-manager-at-walexbiz-group.html,2026-09-12T22:00:12+00:00
e13b32191351e378,hotnigerianjobs,923506,Customer Success Manager at Infytel Communications Limited,Kalthum Foundation for Peace (KFP),"Kalthum Foundation for Peace (KFP) is recruiting to fill the position of: Customer Success Manager. The position is located in Outskirt, Lagos State. Interested candidates should possess a Bachelor's Degree in Business, Information Technology, Computer Science, Marketing, or a related field with 2–5 years of experience in Customer Success, Account Management, Customer Support, Training, or a related role. Apply Now","Outskirt, Lagos State",Nigeria,unknown,,,Computer / AI / Technology / IT Services,,,,,,"Tue 14th Jul, 2026",,Other Tech,https://www.hotnigerianjobs.com/hotjobs/923506/customer-success-manager-at-infytel-communications.html,2026-09-12T22:00:12+00:00
77489a9765566414,hotnigerianjobs,923488,Electrical Engineer at Ascentech Services Limited,Ascentech Services Limited,"Ascentech Services Limited is recruiting to fill the position of: Electrical Engineer. The position is located in Kano State. Salary: N200,000 - N250,000 per month. Interested candidates should possess a Diploma / HND / B.Sc. in Electrical Engineering or related field with 1–5 years relevant experience in electrical maintenance within manufacturing or industrial environments. Apply Now",Kano State,Nigeria,unknown,,,Computer / AI / Technology / IT Services,,,,"N200,000 - N250,000 per month",,"Tue 14th Jul, 2026",,Other Tech,https://www.hotnigerianjobs.com/hotjobs/923488/electrical-engineer-at-ascentech-services-limited.html,2026-09-12T22:00:12+00:00
499f4d34ea21b0b6,hotnigerianjobs,923217,UI Developer at Udoba Tech Ventures,Udoba Tech Ventures,"Udoba Tech Ventures is recruiting to fill the position of: UI Developer. The position is located in Abuja. Salary: N150,000 - N200,000 monthly. Interested candidates should possess a Bachelor's Degree in Computer Science, Design, or a related field (or equivalent practical experience) with 2–4 years of experience specifically in UI/frontend development. Apply Now",Abuja,Nigeria,unknown,,,Computer / AI / Technology / IT Services,,,,"N150,000 - N200,000 monthly",,"Tue 14th Jul, 2026",,Software Development,https://www.hotnigerianjobs.com/hotjobs/923217/ui-developer-at-udoba-tech-ventures.html,2026-09-12T22:00:12+00:00
713f00c15592b114,hotnigerianjobs,923224,Video Editor at Udoba Tech Ventures,Udoba Tech Ventures,"Udoba Tech Ventures is recruiting to fill the position of: Video Editor. The position is located in Abuja. Salary: N100,000 - N150,000 monthly. Interested candidates should possess a Diploma/Degree in Film Production, Mass Communication, Media Studies, or a related field (or equivalent practical experience/portfolio) with 2–4 years of professional video editing experience (agency, in-house brand, or freelance). Apply Now",Abuja,Nigeria,unknown,,,Computer / AI / Technology / IT Services,,,,"N100,000 - N150,000 monthly",,"Tue 14th Jul, 2026",,,https://www.hotnigerianjobs.com/hotjobs/923224/video-editor-at-udoba-tech-ventures.html,2026-09-12T22:00:12+00:00
3788c5d6a0984926,hotnigerianjobs,923210,Software Developer at Udoba Tech Ventures,Udoba Tech Ventures,"Udoba Tech Ventures is recruiting to fill the position of: Software Developer. The position is located in Abuja. Salary: N200,000 - N300,000 monthly. Interested candidates should possess a Bachelor's Degree in Computer Science, Software Engineering, Information Technology, or a related field (or equivalent practical experience) with 2–5 years of professional software development experience. Apply Now",Abuja,Nigeria,unknown,,,Computer / AI / Technology / IT Services,,,,"N200,000 - N300,000 monthly",,"Tue 14th Jul, 2026",,Software Development,https://www.hotnigerianjobs.com/hotjobs/923210/software-developer-at-udoba-tech-ventures.html,2026-09-12T22:00:12+00:00
a414a53423678878,hotnigerianjobs,922909,Computer Vision Field Application Engineer at Ekfrazo Technologies,,Computer Vision Field Application Engineer at Ekfrazo Technologies,,Nigeria,unknown,,,Computer / AI / Technology / IT Services,,,,,,,,Other Tech,https://www.hotnigerianjobs.com/hotjobs/922909/computer-vision-field-application-engineer-at-ekfr.html,2026-09-12T22:00:12+00:00
9f1dafd07016cfa0,hotnigerianjobs,922687,PC Place Nigeria Limited Job Recruitment (8 Positions),PC Place Nigeria Limited,"PC Place Nigeria Limited is recruiting suitably qualified candidates to fill the following positions in Lagos State: Accountant, B2B Sales Executive; Accountant, Dispatch Rider; Growth Sales Executive; Business Development Executive; Procurement Assistant; and Online Sales / Telesales Officer. Apply Now",Lagos State,Nigeria,unknown,,,Computer / AI / Technology / IT Services,,,,,,"Mon 13th Jul, 2026",,,https://www.hotnigerianjobs.com/hotjobs/922687/pc-place-nigeria-limited-job-recruitment-9-positio.html,2026-09-12T22:00:12+00:00
7f382e4b6b4f31e7,hotnigerianjobs,922686,Technical Team Lead at Phillips Outsourcing Limited,Phillips Outsourcing Limited,"Phillips Outsourcing Limited is recruiting to fill the position of: Technical Team Lead. The position is located in Igando, Lagos State. Interested candidates should possess a Bachelor's Degree in Electrical Engineering, Renewable Energy, Energy Engineering, or a related field with 3–5 years experience in solar energy, battery storage, and IoT technologies. Apply Now","Igando, Lagos State",Nigeria,unknown,,,Computer / AI / Technology / IT Services,,,,,,"Mon 13th Jul, 2026",,Other Tech,https://www.hotnigerianjobs.com/hotjobs/922686/technical-team-lead-at-phillips-outsourcing-limite.html,2026-09-12T22:00:12+00:00
53e10a53ca74724e,hotnigerianjobs,922599,Account Bookkeeper (Remote) at erpSOFTapp Limited,erpSOFTapp Limited,"erpSOFTapp Limited is recruiting to fill the position of: Account Bookkeeper. This is a Remote position in Yaba, Lagos State. Salary: N80,000 - N150,000 per month. Interested candidates should possess an Associate’s Degree in Accounting, Finance, or a related field is preferred, though equivalent practical experience will be considered with a minimum of 1 year of relevant experience in bookkeeping, accounting, or a related administrative role. Apply Now","Yaba, Lagos State. Salary",Nigeria,remote,Country-only,,Computer / AI / Technology / IT Services,,,,"N80,000 - N150,000 per month",,"Mon 13th Jul, 2026",,Other Tech,https://www.hotnigerianjobs.com/hotjobs/922599/account-bookkeeper-remote-at-erpsoftapp.html,2026-09-12T22:00:12+00:00
b9ebb6bfaa757233,hotnigerianjobs,922555,Tezza Business Solutions Limited Job Recruitment (30 Positions),,Tezza Business Solutions Limited Job Recruitment (30 Positions),,Nigeria,unknown,,,Computer / AI / Technology / IT Services,,,,,,,,,https://www.hotnigerianjobs.com/hotjobs/922555/tezza-business-solutions-limited-job-recruitment-3.html,2026-09-12T22:00:12+00:00
7ee5703d83677f8b,hotnigerianjobs,922449,Wootlab Innovations Job Recruitment (7 Positions),Wootlab Innovations,"Wootlab Innovations is recruiting qualified candidates to fill the following Internship & Experienced positions in Abuja and Lagos State: GESI, Safeguarding and NEET Inclusion Lead; Environmental, Social Safeguards and E-Waste Lead; Communications and Stakeholder Engagement Lead; Incubation, Acceleration and Business Development Lead; Project Manager; Technical Assistant; Business Operations Manager. Apply Now",Abuja and Lagos State,Nigeria,unknown,,,Computer / AI / Technology / IT Services,,,,,,"Mon 13th Jul, 2026",,Other Tech,https://www.hotnigerianjobs.com/hotjobs/922449/wootlab-innovations-job-recruitment-4-positions.html,2026-09-12T22:00:12+00:00
0187b9e7294f73fe,hotnigerianjobs,922397,Accountant at PC Place Nigeria Limited,PC Place Nigeria Limited,"PC Place Nigeria Limited is recruiting to fill the position of: Accountant. The position is located in Ikeja, Lagos State. Salary: N250,000 - N350,000 per month. Interested candidates should possess a Bachelor’s Degree in Accounting, Finance, or related field; Professional certification (ACA, ACCA, CPA) preferred; with strong knowledge of accounting principles and auditing standards. Apply Now","Ikeja, Lagos State",Nigeria,unknown,,,Computer / AI / Technology / IT Services,,,,"N250,000 - N350,000 per month",,"Mon 13th Jul, 2026",,,https://www.hotnigerianjobs.com/hotjobs/922397/accountant-at-pc-place-nigeria-limited.html,2026-09-12T22:00:12+00:00
9a758c0284eb317c,hotnigerianjobs,922323,"Incubation, Acceleration and Business Development Lead at Wootlab Innovations",,"Incubation, Acceleration and Business Development Lead at Wootlab Innovations",,Nigeria,unknown,,,Computer / AI / Technology / IT Services,,,,,,,,,https://www.hotnigerianjobs.com/hotjobs/922323/incubation-acceleration-and-business-development-l.html,2026-09-12T22:00:12+00:00
0d5f56608e2a359a,hotnigerianjobs,922109,Video Editor at Udoba Tech Ventures,Udoba Tech Ventures,"Udoba Tech Ventures is recruiting to fill the position of: Video Editor. The position is located in Lagos State. Salary: N100,000 - N200,000 Monthly. Interested candidates should possess a Diploma / Degree in Film Production, Mass Communication, Media Studies, or a related field (or equivalent practical experience/portfolio) with 2–4 years of professional video editing experience (agency, in-house brand, or freelance). Apply Now",Lagos State,Nigeria,unknown,,,Computer / AI / Technology / IT Services,,,,"N100,000 - N200,000 Monthly",,"Mon 13th Jul, 2026",,,https://www.hotnigerianjobs.com/hotjobs/922109/video-editor-at-udoba-tech-ventures.html,2026-09-12T22:00:12+00:00
2a714fbde64f6a25,hotnigerianjobs,922097,Software Developer at Udoba Tech Ventures,Udoba Tech Ventures,"Udoba Tech Ventures is recruiting to fill the position of: Software Developer. The position is located in Lagos State. Salary: N200,000 - N300,000 per month. Interested candidates should possess a Bachelor's Degree in Computer Science, Software Engineering, Information Technology, or a related field (or equivalent practical experience) with 2–5 years of professional software development experience. Apply Now",Lagos State,Nigeria,unknown,,,Computer / AI / Technology / IT Services,,,,"N200,000 - N300,000 per month",,"Mon 13th Jul, 2026",,Software Development,https://www.hotnigerianjobs.com/hotjobs/922097/software-developer-at-udoba-tech-ventures.html,2026-09-12T22:00:12+00:00
a94b799a5e7d1529,hotnigerianjobs,922104,UI Developer at Udoba Tech Ventures,Udoba Tech Ventures,"Udoba Tech Ventures is recruiting to fill the position of: UI Developer. The position is located in Lagos State. Salary Range: N150,000 – N200,000 net monthly. Interested candidates should possess a Bachelor's Degree in Computer Science, Design, or a related field (or equivalent practical experience) with 2–4 years of experience specifically in UI/frontend development. Apply Now",Lagos State,Nigeria,unknown,,,Computer / AI / Technology / IT Services,,,,,,"Mon 13th Jul, 2026",,Software Development,https://www.hotnigerianjobs.com/hotjobs/922104/ui-developer-at-udoba-tech-ventures.html,2026-09-12T22:00:12+00:00
