job_id,source,source_job_id,job_title,company,job_description,location,country,work_mode,remote_scope,job_field,industry,employment_type,experience_required,education_required,salary,currency,date_posted,application_deadline,tech_category,vacancy_url,scraped_at
2cfba14a9b365291,jobberman,architect-6qvx7p,Architect,,,,Nigeria,unknown,,,,,,,,,,,,https://www.jobberman.com/listings/architect-6qvx7p,2026-09-12T22:29:54+00:00
56d069f7f41707a3,jobberman,software-developer-it-specialist-m0vdzw,Software Developer / IT Specialist,,,,Nigeria,unknown,,,,,,,,,,,Software Development,https://www.jobberman.com/listings/software-developer-it-specialist-m0vdzw,2026-09-12T22:29:54+00:00
50475ac6b9054379,jobberman,senior-full-stack-software-developer-x8wvzn,Senior Full Stack Software Developer,,,,Nigeria,unknown,,,,,,,,,,,Software Development,https://www.jobberman.com/listings/senior-full-stack-software-developer-x8wvzn,2026-09-12T22:29:54+00:00
6849404e0e80d97c,jobberman,sales-and-marketing-manager-45r624,Sales and Marketing Manager,,,,Nigeria,unknown,,,,,,,,,,,,https://www.jobberman.com/listings/sales-and-marketing-manager-45r624,2026-09-12T22:29:54+00:00
5c8b63aea0649876,jobberman,software-developer-9knrdw,Software Developer,,,,Nigeria,unknown,,,,,,,,,,,Software Development,https://www.jobberman.com/listings/software-developer-9knrdw,2026-09-12T22:29:54+00:00
7bec4c7fe60bf1ad,jobberman,software-developerit-developer-7jx2en,Software Developer,,,,Nigeria,unknown,,,,,,,,,,,Software Development,https://www.jobberman.com/listings/software-developerit-developer-7jx2en,2026-09-12T22:29:54+00:00
5e8b3241f23d16b7,jobberman,software-developer-programmer-d9dmdg,Software Developer,,,,Nigeria,unknown,,,,,,,,,,,Software Development,https://www.jobberman.com/listings/software-developer-programmer-d9dmdg,2026-09-12T22:29:54+00:00
44679ee2d9f49be4,jobberman,software-developer-2k7m7k,Software Developer,,,,Nigeria,unknown,,,,,,,,,,,Software Development,https://www.jobberman.com/listings/software-developer-2k7m7k,2026-09-12T22:29:54+00:00
5883f7147c81607d,jobberman,software-developer-z8zkj9,Software Developer,,,,Nigeria,unknown,,,,,,,,,,,Software Development,https://www.jobberman.com/listings/software-developer-z8zkj9,2026-09-12T22:29:54+00:00
ca1345b745a697e4,jobberman,programming-software-development-instructor-8m95g7,Programming & Software Development Instructor,,,,Nigeria,unknown,,,,,,,,,,,Other Tech,https://www.jobberman.com/listings/programming-software-development-instructor-8m95g7,2026-09-12T22:29:54+00:00
c571489dd14633e4,jobberman,junior-software-engineer-gmd92q,Junior Software Engineer,,,,Nigeria,unknown,,,,,,,,,,,Software Development,https://www.jobberman.com/listings/junior-software-engineer-gmd92q,2026-09-12T22:29:54+00:00
1cbc6e54380d404b,jobberman,software-engineer-java-z8zng9,Software Engineer,,,,Nigeria,unknown,,,,,,,,,,,Software Development,https://www.jobberman.com/listings/software-engineer-java-z8zng9,2026-09-12T22:29:54+00:00
f6be31a5e9eda1d6,jobberman,software-engineer-n904zz,Software Engineer,,,,Nigeria,unknown,,,,,,,,,,,Software Development,https://www.jobberman.com/listings/software-engineer-n904zz,2026-09-12T22:29:54+00:00
303e77a9a091a75e,jobberman,principal-software-architect-d9dvm5,Principal Software Architect,,,,Nigeria,unknown,,,,,,,,,,,Other Tech,https://www.jobberman.com/listings/principal-software-architect-d9dvm5,2026-09-12T22:29:54+00:00
3a7fad51966da5e6,jobberman,fullstack-developer-6qvd0d,Fullstack Developer,,,,Nigeria,unknown,,,,,,,,,,,Software Development,https://www.jobberman.com/listings/fullstack-developer-6qvd0d,2026-09-12T22:29:54+00:00
ef3b9e75884cffe1,jobberman,product-officer-0k9226,Product Officer,,,,Nigeria,unknown,,,,,,,,,,,,https://www.jobberman.com/listings/product-officer-0k9226,2026-09-12T22:29:54+00:00
6149cc07cfda2cf4,jobberman,product-developer-8m9kdr,Product Developer,,,,Nigeria,unknown,,,,,,,,,,,Software Development,https://www.jobberman.com/listings/product-developer-8m9kdr,2026-09-12T22:29:57+00:00
f6d642cedce381ee,jobberman,senior-full-stack-developer-5pre8g,Senior Full Stack Developer,,,,Nigeria,unknown,,,,,,,,,,,Software Development,https://www.jobberman.com/listings/senior-full-stack-developer-5pre8g,2026-09-12T22:29:57+00:00
0b6ed2b13889a05d,jobberman,civil-structural-engineer-z8r7w9,Civil/ Structural Engineer,,,,Nigeria,unknown,,,,,,,,,,,Other Tech,https://www.jobberman.com/listings/civil-structural-engineer-z8r7w9,2026-09-12T22:29:57+00:00
a7a349a13abf342f,jobberman,operations-manager-9krjdw,Operations Manager,,,,Nigeria,unknown,,,,,,,,,,,,https://www.jobberman.com/listings/operations-manager-9krjdw,2026-09-12T22:29:57+00:00
a5cd9093a6d18422,jobberman,business-development-executive-business-developer-wrg6xk,Business Development Executive,,,,Nigeria,unknown,,,,,,,,,,,,https://www.jobberman.com/listings/business-development-executive-business-developer-wrg6xk,2026-09-12T22:29:57+00:00
c8b0d7263035be60,jobberman,business-development-executive-7jxdwj,Business Development Executive,,,,Nigeria,unknown,,,,,,,,,,,,https://www.jobberman.com/listings/business-development-executive-7jxdwj,2026-09-12T22:29:57+00:00
9189d4d7125718f0,jobberman,software-testing-intern-8mp8n4,Software Testing Intern,,,,Nigeria,unknown,,,,,,,,,,,Other Tech,https://www.jobberman.com/listings/software-testing-intern-8mp8n4,2026-09-12T22:29:57+00:00
20ec0966e59c8551,jobberman,quality-assurance-tester-0k9kqg,Quality Assurance Tester,,,,Nigeria,unknown,,,,,,,,,,,QA & Testing,https://www.jobberman.com/listings/quality-assurance-tester-0k9kqg,2026-09-12T22:29:57+00:00
23a7021283b59658,jobberman,growth-partnerships-executive-vd99p2,Growth & Partnerships Executive,,,,Nigeria,unknown,,,,,,,,,,,,https://www.jobberman.com/listings/growth-partnerships-executive-vd99p2,2026-09-12T22:29:57+00:00
df8aeb8e397a232a,jobberman,technical-project-manager-wrnp95,Technical Project Manager,,,,Nigeria,unknown,,,,,,,,,,,Other Tech,https://www.jobberman.com/listings/technical-project-manager-wrnp95,2026-09-12T22:29:57+00:00
11ff1186fb457bff,jobberman,business-development-manager-j6pddd,Business Development Manager,,,,Nigeria,unknown,,,,,,,,,,,,https://www.jobberman.com/listings/business-development-manager-j6pddd,2026-09-12T22:29:57+00:00
35257bc6a90a8723,jobberman,software-engineer-internship-x8w7k0,Software Engineer (Internship),,,,Nigeria,unknown,,,,,,,,,,,Software Development,https://www.jobberman.com/listings/software-engineer-internship-x8w7k0,2026-09-12T22:29:57+00:00
618c77dbca8bd137,jobberman,frontend-software-engineer-vd9rzj-v1,Frontend Software Engineer,,,,Nigeria,unknown,,,,,,,,,,,Software Development,https://www.jobberman.com/listings/frontend-software-engineer-vd9rzj-v1,2026-09-12T22:29:57+00:00
19176d2e0e01a779,jobberman,backend-software-engineer-0k86x8-v1,Backend Software Engineer,,,,Nigeria,unknown,,,,,,,,,,,Software Development,https://www.jobberman.com/listings/backend-software-engineer-0k86x8-v1,2026-09-12T22:29:57+00:00
df031fb9a8e0bb32,jobberman,professional-services-engineer-quark-remote-15000year-usd-0k8ve6-v2,"Professional Services Engineer, Quark (Remote) - $15,000/year USD",,,,Nigeria,remote,Country-only,,,,,,,,,,Other Tech,https://www.jobberman.com/listings/professional-services-engineer-quark-remote-15000year-usd-0k8ve6-v2,2026-09-12T22:29:57+00:00
91fdb57c2322ddaf,jobberman,junior-business-development-associate-8mkxzp-v2,Junior Business Development Associate,,,,Nigeria,unknown,,,,,,,,,,,,https://www.jobberman.com/listings/junior-business-development-associate-8mkxzp-v2,2026-09-12T22:29:57+00:00
08383e2c05807d9d,jobberman,personal-brand-content-creator-videographer-editor-social-media-manager-6qne5d-v3,"Personal Brand Content Creator, Videographer, Editor & Social Media Manager",,,,Nigeria,unknown,,,,,,,,,,,,https://www.jobberman.com/listings/personal-brand-content-creator-videographer-editor-social-media-manager-6qne5d-v3,2026-09-12T22:29:59+00:00
1f0726c99446642b,jobberman,chinese-translator-7jx2qg-v1,Chinese Translator,,,,Nigeria,unknown,,,,,,,,,,,,https://www.jobberman.com/listings/chinese-translator-7jx2qg-v1,2026-09-12T22:29:59+00:00
aa568b817b60b5c8,jobberman,sales-executives-at-domeo-resources-international-6qrj6p-v1,Sales Executives at Domeo Resources International,,,,Nigeria,unknown,,,,,,,,,,,,https://www.jobberman.com/listings/sales-executives-at-domeo-resources-international-6qrj6p-v1,2026-09-12T22:29:59+00:00
1727f4180c316ca5,jobberman,micro-credit-loan-officer-pmkmgm-v15,Micro Credit Loan Officer,,,,Nigeria,unknown,,,,,,,,,,,,https://www.jobberman.com/listings/micro-credit-loan-officer-pmkmgm-v15,2026-09-12T22:29:59+00:00
31766cef911d7606,jobberman,finance-manager-trilogy-remote-100000year-usd-wrn490-v1,"Finance Manager, Trilogy (Remote) - $100,000/year USD",,,,Nigeria,remote,Country-only,,,,,,,,,,,https://www.jobberman.com/listings/finance-manager-trilogy-remote-100000year-usd-wrn490-v1,2026-09-12T22:29:59+00:00
b38b7d7222f88627,jobberman,senior-web-designer-fintechpayments-erppr9-v2,Senior Web Designer (Fintech/Payments),,,,Nigeria,unknown,,,,,,,,,,,,https://www.jobberman.com/listings/senior-web-designer-fintechpayments-erppr9-v2,2026-09-12T22:29:59+00:00
fcb25317af16adb2,jobberman,cctv-operative-at-domeo-resources-international-z8r049-v1,CCTV Operative at Domeo Resources International,,,,Nigeria,unknown,,,,,,,,,,,,https://www.jobberman.com/listings/cctv-operative-at-domeo-resources-international-z8r049-v1,2026-09-12T22:29:59+00:00
4dc36e781b14d984,jobberman,software-engineer-instructor-8m95d7,Software Engineer Instructor,,,,Nigeria,unknown,,,,,,,,,,,Software Development,https://www.jobberman.com/listings/software-engineer-instructor-8m95d7,2026-09-12T22:30:10+00:00
5c2725d634f3c8cf,jobberman,senior-software-engineer-head-x8wrj8,Head of Software Engineering,,,,Nigeria,unknown,,,,,,,,,,,Software Development,https://www.jobberman.com/listings/senior-software-engineer-head-x8wrj8,2026-09-12T22:30:10+00:00
066a8c3771c36720,jobberman,senior-software-engineer-m0vgq2,Senior Software Engineer,,,,Nigeria,unknown,,,,,,,,,,,Software Development,https://www.jobberman.com/listings/senior-software-engineer-m0vgq2,2026-09-12T22:30:10+00:00
ea0b6e6093d322bd,jobberman,software-engineer-php-7jp6vm,Software Engineer (PHP),,,,Nigeria,unknown,,,,,,,,,,,Software Development,https://www.jobberman.com/listings/software-engineer-php-7jp6vm,2026-09-12T22:30:10+00:00
1db082a417cdd157,jobberman,testerqa-engineer-k7x5jx,QA Engineer / Software Tester.,,,,Nigeria,unknown,,,,,,,,,,,QA & Testing,https://www.jobberman.com/listings/testerqa-engineer-k7x5jx,2026-09-12T22:30:10+00:00
0b3ffb9c2a83ac61,jobberman,software-engineer-full-stack-z8rzed,"Software Engineer, Full Stack",,,,Nigeria,unknown,,,,,,,,,,,Software Development,https://www.jobberman.com/listings/software-engineer-full-stack-z8rzed,2026-09-12T22:30:10+00:00
8306c97a3a355ef1,jobberman,senior-fullstack-software-engineer-nodejs-react-web3-pgn0pv,Senior Fullstack Software Engineer,,,,Nigeria,unknown,,,,,,,,,,,Software Development,https://www.jobberman.com/listings/senior-fullstack-software-engineer-nodejs-react-web3-pgn0pv,2026-09-12T22:30:10+00:00
0e13280661e3724c,jobberman,bim-specialist-9krj6w,BIM Specialist,,,,Nigeria,unknown,,,,,,,,,,,,https://www.jobberman.com/listings/bim-specialist-9krj6w,2026-09-12T22:30:10+00:00
3dcf4d82728adc90,jobberman,pa-to-the-managing-director-engineering-background-x8w5mw,Personal Assistance,,,,Nigeria,unknown,,,,,,,,,,,,https://www.jobberman.com/listings/pa-to-the-managing-director-engineering-background-x8w5mw,2026-09-12T22:30:12+00:00
17fc8e5035f72f24,jobberman,technical-product-manager-business-banking-7jpk68,Technical Product Manager,,,,Nigeria,unknown,,,,,,,,,,,Product & Design,https://www.jobberman.com/listings/technical-product-manager-business-banking-7jpk68,2026-09-12T22:30:12+00:00
4be859a070fbe537,jobberman,senior-ai-engineer-8mk2mx,Senior Ai Engineer,,,,Nigeria,unknown,,,,,,,,,,,Data & AI,https://www.jobberman.com/listings/senior-ai-engineer-8mk2mx,2026-09-12T22:30:12+00:00
66edafe47e12adff,jobberman,sales-operations-specialist-at-jules-construction-pgne9j,Sales Operations Specialist at Jules Construction,,,,Nigeria,unknown,,,,,,,,,,,,https://www.jobberman.com/listings/sales-operations-specialist-at-jules-construction-pgne9j,2026-09-12T22:30:12+00:00
aba975f14d3a9f55,jobberman,facility-technician-z8r57v-v1,Facility Technician,,,,Nigeria,unknown,,,,,,,,,,,,https://www.jobberman.com/listings/facility-technician-z8r57v-v1,2026-09-12T22:30:12+00:00
ca8251497a90858b,jobberman,web-developer-pgnvzr,Web Developer,,,,Nigeria,unknown,,,,,,,,,,,Software Development,https://www.jobberman.com/listings/web-developer-pgnvzr,2026-09-12T22:30:22+00:00
91fe927999518f1a,jobberman,web-developer-erpp5k,Web developer,,,,Nigeria,unknown,,,,,,,,,,,Software Development,https://www.jobberman.com/listings/web-developer-erpp5k,2026-09-12T22:30:22+00:00
bdac74983a5804ee,jobberman,web-development-instructor-0k8q28,Web Development Instructor,,,,Nigeria,unknown,,,,,,,,,,,,https://www.jobberman.com/listings/web-development-instructor-0k8q28,2026-09-12T22:30:22+00:00
f97c8808642c1ad3,jobberman,websiteweb-developeronsite-rr6wz2,Website\Web Developer,,,,Nigeria,unknown,,,,,,,,,,,Software Development,https://www.jobberman.com/listings/websiteweb-developeronsite-rr6wz2,2026-09-12T22:30:22+00:00
6da44f61407cfee7,jobberman,web-application-developer-vd909g,Web Application Developer,,,,Nigeria,unknown,,,,,,,,,,,Software Development,https://www.jobberman.com/listings/web-application-developer-vd909g,2026-09-12T22:30:22+00:00
61c75612e10e1704,jobberman,backend-web-developer-erpqm2,Backend Web Developer,,,,Nigeria,unknown,,,,,,,,,,,Software Development,https://www.jobberman.com/listings/backend-web-developer-erpqm2,2026-09-12T22:30:22+00:00
6d0598f11b3ded4c,jobberman,mobile-app-j6p085,Web Development Instructor,,,,Nigeria,unknown,,,,,,,,,,,,https://www.jobberman.com/listings/mobile-app-j6p085,2026-09-12T22:30:22+00:00
e8aacc4a49bbb3d4,jobberman,front-end-web-developer-8m4qn6,Front-end Web Developer,,,,Nigeria,unknown,,,,,,,,,,,Software Development,https://www.jobberman.com/listings/front-end-web-developer-8m4qn6,2026-09-12T22:30:22+00:00
3c22a348fff160d9,jobberman,front-end-developer-4568ez,Front-End Developer,,,,Nigeria,unknown,,,,,,,,,,,Software Development,https://www.jobberman.com/listings/front-end-developer-4568ez,2026-09-12T22:30:22+00:00
a7402551860cb37d,jobberman,net-core-developer-n9pr2v,.NET Core Developer,,,,Nigeria,unknown,,,,,,,,,,,Software Development,https://www.jobberman.com/listings/net-core-developer-n9pr2v,2026-09-12T22:30:22+00:00
1d4532f9ccdf32bc,jobberman,senior-full-stack-developer-onsite-enugu-wrnxd5,Senior Full-Stack Developer,,,,Nigeria,unknown,,,,,,,,,,,Software Development,https://www.jobberman.com/listings/senior-full-stack-developer-onsite-enugu-wrnxd5,2026-09-12T22:30:22+00:00
15b985a04d73134c,jobberman,tech-instructor-k76rkp,Tech Instructor,,,,Nigeria,unknown,,,,,,,,,,,,https://www.jobberman.com/listings/tech-instructor-k76rkp,2026-09-12T22:30:22+00:00
4e9148705f2f36b5,jobberman,backend-developer-5prgmr,Backend Developer,,,,Nigeria,unknown,,,,,,,,,,,Software Development,https://www.jobberman.com/listings/backend-developer-5prgmr,2026-09-12T22:30:22+00:00
a991ed92207ca512,jobberman,front-end-developer-n90dwz,Front-End Developer,,,,Nigeria,unknown,,,,,,,,,,,Software Development,https://www.jobberman.com/listings/front-end-developer-n90dwz,2026-09-12T22:30:22+00:00
3a6803a4976923a4,jobberman,frontend-developer-2k8g4k,Frontend Developer,,,,Nigeria,unknown,,,,,,,,,,,Software Development,https://www.jobberman.com/listings/frontend-developer-2k8g4k,2026-09-12T22:30:22+00:00
cb64f1ea17c871c0,jobberman,uiux-designer-2k898v,UI/UX Designer,,,,Nigeria,unknown,,,,,,,,,,,Product & Design,https://www.jobberman.com/listings/uiux-designer-2k898v,2026-09-12T22:30:26+00:00
043a6dd0ddc83c47,jobberman,business-development-manager-2k86ep-v1,Business Development Manager,,,,Nigeria,unknown,,,,,,,,,,,,https://www.jobberman.com/listings/business-development-manager-2k86ep-v1,2026-09-12T22:30:26+00:00
6b9af1c388f77fa1,jobberman,training-coordinator-at-jules-construction-rr6egm,Training Coordinator at Jules Construction,,,,Nigeria,unknown,,,,,,,,,,,,https://www.jobberman.com/listings/training-coordinator-at-jules-construction-rr6egm,2026-09-12T22:30:26+00:00
182e514bc9354287,jobberman,managed-services-noc-supervisor-at-alfred-and-victoria-associates-d9dgx8,Managed Services NOC Supervisor at Alfred and Victoria Associates,,,,Nigeria,unknown,,,,,,,,,,,Other Tech,https://www.jobberman.com/listings/managed-services-noc-supervisor-at-alfred-and-victoria-associates-d9dgx8,2026-09-12T22:30:26+00:00
93b5732310f8203a,jobberman,mobile-application-developer-2k707q,Mobile Application Developer,,,,Nigeria,unknown,,,,,,,,,,,Software Development,https://www.jobberman.com/listings/mobile-application-developer-2k707q,2026-09-12T22:30:36+00:00
8ee19ddf0ddcdfe1,jobberman,cross-platform-mobile-developer-k76kjx,Mobile Developer,,,,Nigeria,unknown,,,,,,,,,,,Software Development,https://www.jobberman.com/listings/cross-platform-mobile-developer-k76kjx,2026-09-12T22:30:36+00:00
976e5db6302946a9,jobberman,mobile-developer-z8rr49,Mobile developer,,,,Nigeria,unknown,,,,,,,,,,,Software Development,https://www.jobberman.com/listings/mobile-developer-z8rr49,2026-09-12T22:30:36+00:00
aded755a6cb3cca5,jobberman,mobile-app-developer-7j050g,Mobile App Developer,,,,Nigeria,unknown,,,,,,,,,,,Software Development,https://www.jobberman.com/listings/mobile-app-developer-7j050g,2026-09-12T22:30:36+00:00
48bcc687300fafcd,jobberman,mobile-app-engineer-pgnw7q,Mobile Application Developer,,,,Nigeria,unknown,,,,,,,,,,,Software Development,https://www.jobberman.com/listings/mobile-app-engineer-pgnw7q,2026-09-12T22:30:36+00:00
4a500207feca33f8,jobberman,project-manager-6qrprn,Project Manager,,,,Nigeria,unknown,,,,,,,,,,,,https://www.jobberman.com/listings/project-manager-6qrprn,2026-09-12T22:30:36+00:00
191ea91f1e6ff607,jobberman,head-of-marketing-and-business-development-8mk29x,Head of Marketing and Business Development,,,,Nigeria,unknown,,,,,,,,,,,,https://www.jobberman.com/listings/head-of-marketing-and-business-development-8mk29x,2026-09-12T22:30:36+00:00
840cc5f59a01e5d8,jobberman,business-development-executive-7j0w2j,Business Development Executive,,,,Nigeria,unknown,,,,,,,,,,,,https://www.jobberman.com/listings/business-development-executive-7j0w2j,2026-09-12T22:30:36+00:00
240ee9b2effdba09,jobberman,team-lead-corporate-commercial-9k5v9x,Business Development Executive,,,,Nigeria,unknown,,,,,,,,,,,,https://www.jobberman.com/listings/team-lead-corporate-commercial-9k5v9x,2026-09-12T22:30:36+00:00
8a49bd948a0c1ad6,jobberman,full-stack-developer-rrjnzg,Full stack Developer,,,,Nigeria,unknown,,,,,,,,,,,Software Development,https://www.jobberman.com/listings/full-stack-developer-rrjnzg,2026-09-12T22:30:36+00:00
696a0e19082821df,jobberman,business-development-intern-technology-partnerships-9krk45,Business Development Intern,,,,Nigeria,unknown,,,,,,,,,,,,https://www.jobberman.com/listings/business-development-intern-technology-partnerships-9krk45,2026-09-12T22:30:38+00:00
fbd839b48914754f,jobberman,partnership-manager-wrgdzz,Partnership Manager,,,,Nigeria,unknown,,,,,,,,,,,,https://www.jobberman.com/listings/partnership-manager-wrgdzz,2026-09-12T22:30:38+00:00
9c5572e148e83fd4,jobberman,state-coordinator-ogun-at-international-institute-of-tropical-agriculture-iita-45rvg4,State Coordinator (Ogun) at International Institute of Tropical Agriculture (IITA),,,,Nigeria,unknown,,,,,,,,,,,,https://www.jobberman.com/listings/state-coordinator-ogun-at-international-institute-of-tropical-agriculture-iita-45rvg4,2026-09-12T22:30:38+00:00
9c488beebc6b683c,jobberman,junior-full-stack-developer-j65q9v,Junior Full-Stack Developer,,,,Nigeria,unknown,,,,,,,,,,,Software Development,https://www.jobberman.com/listings/junior-full-stack-developer-j65q9v,2026-09-12T22:30:47+00:00
27e5ac8c57cdb886,jobberman,data-analyst-j65n7v,Data Analyst,,,,Nigeria,unknown,,,,,,,,,,,Data & AI,https://www.jobberman.com/listings/data-analyst-j65n7v,2026-09-12T22:30:57+00:00
13b1a9bb8a0cde24,jobberman,data-analyst-gm4740,Data Analyst,,,,Nigeria,unknown,,,,,,,,,,,Data & AI,https://www.jobberman.com/listings/data-analyst-gm4740,2026-09-12T22:30:57+00:00
8d6ce0a573f130e7,jobberman,data-analyst-6qrw0n,Data Analyst,,,,Nigeria,unknown,,,,,,,,,,,Data & AI,https://www.jobberman.com/listings/data-analyst-6qrw0n,2026-09-12T22:30:57+00:00
b9c4aff89e5564b2,jobberman,data-analyst-8mkxvp,Data Analyst,,,,Nigeria,unknown,,,,,,,,,,,Data & AI,https://www.jobberman.com/listings/data-analyst-8mkxvp,2026-09-12T22:30:57+00:00
e126e5a3d21555eb,jobberman,data-analyst-0knq4w,Data Analyst,,,,Nigeria,unknown,,,,,,,,,,,Data & AI,https://www.jobberman.com/listings/data-analyst-0knq4w,2026-09-12T22:30:57+00:00
01dafd96bc3a7ec3,jobberman,data-analyst-qz9jm7,Data Analyst,,,,Nigeria,unknown,,,,,,,,,,,Data & AI,https://www.jobberman.com/listings/data-analyst-qz9jm7,2026-09-12T22:30:57+00:00
6f2380bd18d1b981,jobberman,financial-analyst-45rwrr,Financial Analyst,,,,Nigeria,unknown,,,,,,,,,,,,https://www.jobberman.com/listings/financial-analyst-45rwrr,2026-09-12T22:30:57+00:00
136501dadd36d5b4,jobberman,quantitative-football-analyst-k7xm6j,Quantitative Football Analyst,,,,Nigeria,unknown,,,,,,,,,,,,https://www.jobberman.com/listings/quantitative-football-analyst-k7xm6j,2026-09-12T22:30:57+00:00
f733c84227f2e819,jobberman,campaign-performance-specialist-2k8492,Campaign Performance Specialist,,,,Nigeria,unknown,,,,,,,,,,,,https://www.jobberman.com/listings/campaign-performance-specialist-2k8492,2026-09-12T22:30:57+00:00
811428045899ba4a,jobberman,inventory-control-analyst-456jp2,Inventory Control Analyst,,,,Nigeria,unknown,,,,,,,,,,,,https://www.jobberman.com/listings/inventory-control-analyst-456jp2,2026-09-12T22:30:57+00:00
820ee5eb62c8eb17,jobberman,modern-trade-manager-j65dgv-v2,Modern Trade Manager,,,,Nigeria,unknown,,,,,,,,,,,,https://www.jobberman.com/listings/modern-trade-manager-j65dgv-v2,2026-09-12T22:30:57+00:00
c29d1fa69ae94afb,jobberman,data-scientist-pgnmrp,Data Scientist,,,,Nigeria,unknown,,,,,,,,,,,Data & AI,https://www.jobberman.com/listings/data-scientist-pgnmrp,2026-09-12T22:31:05+00:00
7f6c6c96e0eb2587,jobberman,natural-scientist-graduate-trainee-rr6gxn,Natural Scientist,,,,Nigeria,unknown,,,,,,,,,,,,https://www.jobberman.com/listings/natural-scientist-graduate-trainee-rr6gxn,2026-09-12T22:31:05+00:00
90ca4be43d034396,jobberman,medical-laboratory-scientist-8mpq0j,Medical Laboratory Scientist,,,,Nigeria,unknown,,,,,,,,,,,,https://www.jobberman.com/listings/medical-laboratory-scientist-8mpq0j,2026-09-12T22:31:05+00:00
993c2a3c9b896d73,jobberman,content-marketing-and-partnerships-lead-5prr6n,"Content, Marketing, and Partnerships Lead",,,,Nigeria,unknown,,,,,,,,,,,,https://www.jobberman.com/listings/content-marketing-and-partnerships-lead-5prr6n,2026-09-12T22:31:14+00:00
b0803a83e620d7c5,jobberman,petroleum-engineers-rr6k8m,Petroleum Engineers,,,,Nigeria,unknown,,,,,,,,,,,Other Tech,https://www.jobberman.com/listings/petroleum-engineers-rr6k8m,2026-09-12T22:31:14+00:00
4b23d1301b2ad6ba,jobberman,machine-learning-ml-builder-x8gvqv,Machine Learning Builder,,,,Nigeria,unknown,,,,,,,,,,,Data & AI,https://www.jobberman.com/listings/machine-learning-ml-builder-x8gvqv,2026-09-12T22:31:14+00:00
6b63919885064e6d,jobberman,assistant-office-administrator-n9jx2k,Assistant Office Administrator,,,,Nigeria,unknown,,,,,,,,,,,,https://www.jobberman.com/listings/assistant-office-administrator-n9jx2k,2026-09-12T22:31:14+00:00
2898443dd031ede8,jobberman,sales-operations-enablement-manager-gmd5de,Sales Operations & Enablement Manager,,,,Nigeria,unknown,,,,,,,,,,,,https://www.jobberman.com/listings/sales-operations-enablement-manager-gmd5de,2026-09-12T22:31:14+00:00
8a8fc4013602bdce,jobberman,oil-gas-reliability-engineer-iii-vdkw2g,Reliability Engineer III,,,,Nigeria,unknown,,,,,,,,,,,Other Tech,https://www.jobberman.com/listings/oil-gas-reliability-engineer-iii-vdkw2g,2026-09-12T22:31:14+00:00
24090a441bb7af56,jobberman,marketing-growth-lead-music-entertainment-7jx4pn,Marketing & Growth Lead,,,,Nigeria,unknown,,,,,,,,,,,,https://www.jobberman.com/listings/marketing-growth-lead-music-entertainment-7jx4pn,2026-09-12T22:31:14+00:00
9c545aba28b39e82,jobberman,product-manager-pgn9jj-v1,Product Manager,,,,Nigeria,unknown,,,,,,,,,,,Product & Design,https://www.jobberman.com/listings/product-manager-pgn9jj-v1,2026-09-12T22:31:14+00:00
73003ff8cd303c42,jobberman,senior-well-engineer-8mk6r7,Senior Well Engineer,,,,Nigeria,unknown,,,,,,,,,,,Other Tech,https://www.jobberman.com/listings/senior-well-engineer-8mk6r7,2026-09-12T22:31:14+00:00
0035fe2d7339a608,jobberman,digital-lead-specialist-at-jules-construction-n90eg9,Digital Lead Specialist at Jules Construction,,,,Nigeria,unknown,,,,,,,,,,,,https://www.jobberman.com/listings/digital-lead-specialist-at-jules-construction-n90eg9,2026-09-12T22:31:14+00:00
c7665c0798a39ed2,jobberman,aml-transaction-monitoring-specialist-fintechpayments-pg6rrj-v5,AML Transaction Monitoring Specialist (Fintech/Payments),,,,Nigeria,unknown,,,,,,,,,,,,https://www.jobberman.com/listings/aml-transaction-monitoring-specialist-fintechpayments-pg6rrj-v5,2026-09-12T22:31:14+00:00
ed8dcfa42c350cc6,jobberman,learning-specialist-2-hour-learning-remote-60000year-usd-qzw6nz-v3,"Learning Specialist, 2 Hour Learning (Remote) - $60,000/year USD",,,,Nigeria,remote,Country-only,,,,,,,,,,,https://www.jobberman.com/listings/learning-specialist-2-hour-learning-remote-60000year-usd-qzw6nz-v3,2026-09-12T22:31:14+00:00
c11c2c105c1c8d21,jobberman,community-health-officer-at-jules-construction-gm4erm,Community Health Officer at Jules Construction,,,,Nigeria,unknown,,,,,,,,,,,,https://www.jobberman.com/listings/community-health-officer-at-jules-construction-gm4erm,2026-09-12T22:31:17+00:00
4a62b5d32f7cfcda,jobberman,senior-ux-researcher-m0p6m6-v2,Senior UX Researcher,,,,Nigeria,unknown,,,,,,,,,,,Other Tech,https://www.jobberman.com/listings/senior-ux-researcher-m0p6m6-v2,2026-09-12T22:31:17+00:00
16ab78a3068a86bf,jobberman,business-head-oil-feed-water-8mkwz9,"Business Head- Oil, Feed & Water",,,,Nigeria,unknown,,,,,,,,,,,,https://www.jobberman.com/listings/business-head-oil-feed-water-8mkwz9,2026-09-12T22:31:17+00:00
0a29e96445101a75,jobberman,senior-ai-engineer-machine-learning-engineer-rr6jkq,Senior AI Engineer / Machine Learning Engineer,,,,Nigeria,unknown,,,,,,,,,,,Data & AI,https://www.jobberman.com/listings/senior-ai-engineer-machine-learning-engineer-rr6jkq,2026-09-12T22:31:28+00:00
b9c1890b576fd84e,jobberman,ai-engineer-er9k0j,AI Engineer,,,,Nigeria,unknown,,,,,,,,,,,Data & AI,https://www.jobberman.com/listings/ai-engineer-er9k0j,2026-09-12T22:31:28+00:00
94405c4d5854692e,jobberman,devops-engineer-z8rnvx,DevOps Engineer,,,,Nigeria,unknown,,,,,,,,,,,DevOps & Cloud,https://www.jobberman.com/listings/devops-engineer-z8rnvx,2026-09-12T22:31:37+00:00
08dcfb6fa25efd07,jobberman,technical-growth-product-manager-9k58m6,Technical Growth Product Manager,,,,Nigeria,unknown,,,,,,,,,,,Product & Design,https://www.jobberman.com/listings/technical-growth-product-manager-9k58m6,2026-09-12T22:31:37+00:00
0d45bfd66a6a8301,jobberman,cloud-infrastructure-engineer-k7p4jw,Cloud Infrastructure Engineer,,,,Nigeria,unknown,,,,,,,,,,,Other Tech,https://www.jobberman.com/listings/cloud-infrastructure-engineer-k7p4jw,2026-09-12T22:31:46+00:00
519bf8e19037048d,jobberman,senior-cybersecurity-cloud-implementation-engineer-er9k8d,Senior Cybersecurity & Cloud Implementation Engineer,,,,Nigeria,unknown,,,,,,,,,,,Cybersecurity,https://www.jobberman.com/listings/senior-cybersecurity-cloud-implementation-engineer-er9k8d,2026-09-12T22:31:46+00:00
016773f4abdbab0f,jobberman,system-administrator-6qv6wd,System Administrator,,,,Nigeria,unknown,,,,,,,,,,,,https://www.jobberman.com/listings/system-administrator-6qv6wd,2026-09-12T22:31:56+00:00
6511444999f0247b,jobberman,senior-administrator-remote-nigeria-qzwp9e,Administrator,,,,Nigeria,unknown,,,,,,,,,,,,https://www.jobberman.com/listings/senior-administrator-remote-nigeria-qzwp9e,2026-09-12T22:31:56+00:00
c71d52d40bc3c742,jobberman,system-administrator-needed-in-an-it-solution-company-2kw7pg,System Administrator,,,,Nigeria,unknown,,,,,,,,,,,,https://www.jobberman.com/listings/system-administrator-needed-in-an-it-solution-company-2kw7pg,2026-09-12T22:31:56+00:00
23e0509b2dfe7254,jobberman,system-administrator-2k8r22,System Administrator,,,,Nigeria,unknown,,,,,,,,,,,,https://www.jobberman.com/listings/system-administrator-2k8r22,2026-09-12T22:31:56+00:00
05e759a8ea89afc0,jobberman,systems-administrator-45rj89,Systems Administrator,,,,Nigeria,unknown,,,,,,,,,,,IT Support & Networking,https://www.jobberman.com/listings/systems-administrator-45rj89,2026-09-12T22:31:56+00:00
a4b7129d75900383,jobberman,school-administrator-z8j25k,School Administrator,,,,Nigeria,unknown,,,,,,,,,,,,https://www.jobberman.com/listings/school-administrator-z8j25k,2026-09-12T22:31:56+00:00
94c36f264995896a,jobberman,church-administrative-officer-n90r9v,Church Administrative Officer,,,,Nigeria,unknown,,,,,,,,,,,,https://www.jobberman.com/listings/church-administrative-officer-n90r9v,2026-09-12T22:31:56+00:00
c208ac943b4190bf,jobberman,admin-staff-7jxd5q,Administrative Officer,,,,Nigeria,unknown,,,,,,,,,,,,https://www.jobberman.com/listings/admin-staff-7jxd5q,2026-09-12T22:31:56+00:00
f2030959f36a3954,jobberman,technology-lms-portal-administrator-7jpene,"Technology, LMS & Portal Administrator",,,,Nigeria,unknown,,,,,,,,,,,,https://www.jobberman.com/listings/technology-lms-portal-administrator-7jpene,2026-09-12T22:31:56+00:00
942ac7ddce751079,jobberman,it-officer-k7x85n,IT Officer,,,,Nigeria,unknown,,,,,,,,,,,Other Tech,https://www.jobberman.com/listings/it-officer-k7x85n,2026-09-12T22:31:56+00:00
effa2d87e3c11110,jobberman,it-administrator-456jq8,IT Administrator,,,,Nigeria,unknown,,,,,,,,,,,,https://www.jobberman.com/listings/it-administrator-456jq8,2026-09-12T22:31:56+00:00
f887e82bd58a1808,jobberman,web-intern-8m9pq0,Web Intern,,,,Nigeria,unknown,,,,,,,,,,,,https://www.jobberman.com/listings/web-intern-8m9pq0,2026-09-12T22:31:56+00:00
6fd78065ede530ce,jobberman,office-administrator-z8rp58,Office Administrator,,,,Nigeria,unknown,,,,,,,,,,,,https://www.jobberman.com/listings/office-administrator-z8rp58,2026-09-12T22:31:56+00:00
59715175f607dacb,jobberman,front-deskadmin-executive-j65kpv,Front Desk/Admin Executive,,,,Nigeria,unknown,,,,,,,,,,,,https://www.jobberman.com/listings/front-deskadmin-executive-j65kpv,2026-09-12T22:31:56+00:00
382b2b906868a987,jobberman,it-specialist-gm40k8,IT Specialist,,,,Nigeria,unknown,,,,,,,,,,,,https://www.jobberman.com/listings/it-specialist-gm40k8,2026-09-12T22:31:56+00:00
2308007f2fde3b88,jobberman,facility-manager-at-domeo-resources-international-7jx67e-v1,Facility Manager at Domeo Resources International,,,,Nigeria,unknown,,,,,,,,,,,,https://www.jobberman.com/listings/facility-manager-at-domeo-resources-international-7jx67e-v1,2026-09-12T22:31:58+00:00
fff770ba62d7d84a,jobberman,clinical-operations-coordinator-and-head-of-lagos-clinic-45rk65,Clinical Operations Coordinator and Head of Lagos Clinic,,,,Nigeria,unknown,,,,,,,,,,,,https://www.jobberman.com/listings/clinical-operations-coordinator-and-head-of-lagos-clinic-45rk65,2026-09-12T22:31:58+00:00
c5677f7047c74772,jobberman,job-position-8mkpzn-v1,Job Position,,,,Nigeria,unknown,,,,,,,,,,,,https://www.jobberman.com/listings/job-position-8mkpzn-v1,2026-09-12T22:31:58+00:00
7adbfb13485ebddf,jobberman,school-principal-vd9j5m-v1,School Principal,,,,Nigeria,unknown,,,,,,,,,,,,https://www.jobberman.com/listings/school-principal-vd9j5m-v1,2026-09-12T22:31:58+00:00
e0027b8e4bdd5ee2,jobberman,financial-advisor-vwnmew-v16,Financial Advisor,,,,Nigeria,unknown,,,,,,,,,,,,https://www.jobberman.com/listings/financial-advisor-vwnmew-v16,2026-09-12T22:31:58+00:00
47164d849d94c089,jobberman,student-success-manager-7jx26n-v1,Student Success Manager,,,,Nigeria,unknown,,,,,,,,,,,,https://www.jobberman.com/listings/student-success-manager-7jx26n-v1,2026-09-12T22:31:58+00:00
ac554e126f215cb8,jobberman,marketing-and-sales-manager-at-domeo-resources-international-erpk5k-v1,Marketing and Sales Manager at Domeo Resources International,,,,Nigeria,unknown,,,,,,,,,,,,https://www.jobberman.com/listings/marketing-and-sales-manager-at-domeo-resources-international-erpk5k-v1,2026-09-12T22:31:58+00:00
bc999eb0dafe752d,jobberman,field-sales-ambassador-network-manager-8m9470,Field Sales & Ambassador Network Manager,,,,Nigeria,unknown,,,,,,,,,,,,https://www.jobberman.com/listings/field-sales-ambassador-network-manager-8m9470,2026-09-12T22:32:07+00:00
dc727f8891b0d97c,jobberman,it-network-engineer-qzwrnz,IT Network Engineer,,,,Nigeria,unknown,,,,,,,,,,,IT Support & Networking,https://www.jobberman.com/listings/it-network-engineer-qzwrnz,2026-09-12T22:32:07+00:00
425134225a042a06,jobberman,network-engineer-0k86p6,Network Engineer,,,,Nigeria,unknown,,,,,,,,,,,IT Support & Networking,https://www.jobberman.com/listings/network-engineer-0k86p6,2026-09-12T22:32:07+00:00
76fb6def4b95d01a,jobberman,senior-network-engineer-j655jw,Senior Network Engineer,,,,Nigeria,unknown,,,,,,,,,,,IT Support & Networking,https://www.jobberman.com/listings/senior-network-engineer-j655jw,2026-09-12T22:32:07+00:00
c2ebbf69ac844d2c,jobberman,network-support-engineer-erp5jk,Network Support Engineer,,,,Nigeria,unknown,,,,,,,,,,,Other Tech,https://www.jobberman.com/listings/network-support-engineer-erp5jk,2026-09-12T22:32:07+00:00
3800374917afe0ce,jobberman,senior-core-network-engineer-5prq6p,Senior Core Network Engineer,,,,Nigeria,unknown,,,,,,,,,,,IT Support & Networking,https://www.jobberman.com/listings/senior-core-network-engineer-5prq6p,2026-09-12T22:32:07+00:00
93fb981807ced585,jobberman,senior-noc-engineer-qz5drv,NOC Engineer,,,,Nigeria,unknown,,,,,,,,,,,Other Tech,https://www.jobberman.com/listings/senior-noc-engineer-qz5drv,2026-09-12T22:32:07+00:00
e6932fd585379b61,jobberman,project-manager-isp-network-infrastructure-wrn70d,Project Manager,,,,Nigeria,unknown,,,,,,,,,,,,https://www.jobberman.com/listings/project-manager-isp-network-infrastructure-wrn70d,2026-09-12T22:32:07+00:00
caf3d12bb6536dff,jobberman,community-and-growth-manager-5pzwv6,Community and Growth Manager,,,,Nigeria,unknown,,,,,,,,,,,,https://www.jobberman.com/listings/community-and-growth-manager-5pzwv6,2026-09-12T22:32:07+00:00
2c351d4400e1e213,jobberman,fiber-implementation-engineer-9kr0j0,Fiber Implementation Engineer,,,,Nigeria,unknown,,,,,,,,,,,Other Tech,https://www.jobberman.com/listings/fiber-implementation-engineer-9kr0j0,2026-09-12T22:32:07+00:00
def1c28ca8394890,jobberman,pr-sales-manager-renewable-energy-energy-storage-d9d8q7-v1,PR Sales Manager – Renewable Energy & Energy Storage,,,,Nigeria,unknown,,,,,,,,,,,,https://www.jobberman.com/listings/pr-sales-manager-renewable-energy-energy-storage-d9d8q7-v1,2026-09-12T22:32:07+00:00
7852b4807bc6fa0e,jobberman,2027-graduate-programme-nigeria-n90e6w-v1,2027 Graduate Programme - Nigeria,,,,Nigeria,unknown,,,,,,,,,,,,https://www.jobberman.com/listings/2027-graduate-programme-nigeria-n90e6w-v1,2026-09-12T22:32:07+00:00
1a3bb213d1ded4eb,jobberman,network-administrator-7jx86q,Network Administrator,,,,Nigeria,unknown,,,,,,,,,,,Other Tech,https://www.jobberman.com/listings/network-administrator-7jx86q,2026-09-12T22:32:10+00:00
4e2fe55fb3cf19da,jobberman,networking-instructor-4568mv,Networking Instructors,,,,Nigeria,unknown,,,,,,,,,,,,https://www.jobberman.com/listings/networking-instructor-4568mv,2026-09-12T22:32:10+00:00
7dc34d5de96f223e,jobberman,senior-tax-manager-rr6eq5-v1,Senior Tax Manager,,,,Nigeria,unknown,,,,,,,,,,,,https://www.jobberman.com/listings/senior-tax-manager-rr6eq5-v1,2026-09-12T22:32:10+00:00
18be9c12d8708eb1,jobberman,school-administrator-6qvne8,School Administrator,,,,Nigeria,unknown,,,,,,,,,,,,https://www.jobberman.com/listings/school-administrator-6qvne8,2026-09-12T22:32:19+00:00
066aef872cf63387,jobberman,admin-sales-officer-4565kv,Admin / Sales Officer,,,,Nigeria,unknown,,,,,,,,,,,,https://www.jobberman.com/listings/admin-sales-officer-4565kv,2026-09-12T22:32:19+00:00
9c3b44a5cbb21498,jobberman,instructor-teacher-8m9m67,Instructor / Teacher,,,,Nigeria,unknown,,,,,,,,,,,,https://www.jobberman.com/listings/instructor-teacher-8m9m67,2026-09-12T22:32:19+00:00
94267a683dbfa1ac,jobberman,social-media-content-creator-7j059g,Social Media / Content Creator,,,,Nigeria,unknown,,,,,,,,,,,,https://www.jobberman.com/listings/social-media-content-creator-7j059g,2026-09-12T22:32:19+00:00
fd927caec0c513b7,jobberman,game-support-specialist-j6x47r,Game Support Specialist,,,,Nigeria,unknown,,,,,,,,,,,,https://www.jobberman.com/listings/game-support-specialist-j6x47r,2026-09-12T22:32:19+00:00
cb3fe69888e9a3d0,jobberman,business-development-operations-executive-z8j4pv,Business Development & Operations Executive,,,,Nigeria,unknown,,,,,,,,,,,,https://www.jobberman.com/listings/business-development-operations-executive-z8j4pv,2026-09-12T22:32:19+00:00
f9168480ffa633e6,jobberman,business-development-executive-edtech-6qvvdg,Business Development Executive,,,,Nigeria,unknown,,,,,,,,,,,,https://www.jobberman.com/listings/business-development-executive-edtech-6qvvdg,2026-09-12T22:32:19+00:00
b0a29717925815ce,jobberman,social-media-content-marketing-specialist-7j00wn,Social Media and Content Marketing Specialist,,,,Nigeria,unknown,,,,,,,,,,,,https://www.jobberman.com/listings/social-media-content-marketing-specialist-7j00wn,2026-09-12T22:32:19+00:00
89c6689d701e39dc,jobberman,executive-assistant-recruiting-specialist-z8jzgq,Human Resource Specialist,,,,Nigeria,unknown,,,,,,,,,,,,https://www.jobberman.com/listings/executive-assistant-recruiting-specialist-z8jzgq,2026-09-12T22:32:19+00:00
14ac14da5cfaa458,jobberman,people-operations-employee-success-specialist-n9j0kz,People Operations & Employee Success Specialist,,,,Nigeria,unknown,,,,,,,,,,,,https://www.jobberman.com/listings/people-operations-employee-success-specialist-n9j0kz,2026-09-12T22:32:19+00:00
63817e465355d1fb,jobberman,finance-operations-officer-k7xxgv,Finance & Operations Officer,,,,Nigeria,unknown,,,,,,,,,,,,https://www.jobberman.com/listings/finance-operations-officer-k7xxgv,2026-09-12T22:32:19+00:00
ed1e02b923031110,jobberman,digital-marketing-social-media-management-0k9nrk,Digital Marketing & Social Media Management,,,,Nigeria,unknown,,,,,,,,,,,,https://www.jobberman.com/listings/digital-marketing-social-media-management-0k9nrk,2026-09-12T22:32:19+00:00
362e57fc5d571e5a,jobberman,whatsapp-customer-support-officer-qz5z0n,Customer Support Officer,,,,Nigeria,unknown,,,,,,,,,,,,https://www.jobberman.com/listings/whatsapp-customer-support-officer-qz5z0n,2026-09-12T22:32:19+00:00
3c1df9823b37093d,jobberman,dental-nurse-aesthetic-nurse-rrj89q,Dental / Aesthetic Nurse,,,,Nigeria,unknown,,,,,,,,,,,,https://www.jobberman.com/listings/dental-nurse-aesthetic-nurse-rrj89q,2026-09-12T22:32:19+00:00
d52473582144d231,jobberman,organization-representative-45rg6v,Organization Representative,,,,Nigeria,unknown,,,,,,,,,,,,https://www.jobberman.com/listings/organization-representative-45rg6v,2026-09-12T22:32:19+00:00
822343f88878719e,jobberman,campus-representative-8mk797,Campus Representative,,,,Nigeria,unknown,,,,,,,,,,,,https://www.jobberman.com/listings/campus-representative-8mk797,2026-09-12T22:32:19+00:00
e0a40355773d177c,jobberman,accountant-8m95n7,Accountant,,,,Nigeria,unknown,,,,,,,,,,,,https://www.jobberman.com/listings/accountant-8m95n7,2026-09-12T22:32:23+00:00
b364927db4c9291a,jobberman,accountant-6qvkrp,Accountant,,,,Nigeria,unknown,,,,,,,,,,,,https://www.jobberman.com/listings/accountant-6qvkrp,2026-09-12T22:32:23+00:00
9a29ca9f24b0c75b,jobberman,sales-representative-gmdg7e,Sales Representative,,,,Nigeria,unknown,,,,,,,,,,,,https://www.jobberman.com/listings/sales-representative-gmdg7e,2026-09-12T22:32:23+00:00
434219b8d1f04eb5,jobberman,content-creator-videographer-qz5ddj,Content Creator & Videographer,,,,Nigeria,unknown,,,,,,,,,,,,https://www.jobberman.com/listings/content-creator-videographer-qz5ddj,2026-09-12T22:32:23+00:00
3acbcc1435a9b6a3,jobberman,executive-assistant-6qvk0z,Executive Assistant,,,,Nigeria,unknown,,,,,,,,,,,,https://www.jobberman.com/listings/executive-assistant-6qvk0z,2026-09-12T22:32:23+00:00
0dff30cf8e0bf99c,jobberman,plc-scada-teacher-tutor-hiring-urgent-z8r799,PLC Programming and Industrial Automation Tutor,,,,Nigeria,unknown,,,,,,,,,,,Other Tech,https://www.jobberman.com/listings/plc-scada-teacher-tutor-hiring-urgent-z8r799,2026-09-12T22:32:23+00:00
053c5fe06699ba2f,jobberman,loan-officer-x8wr8v,Loan Officer,,,,Nigeria,unknown,,,,,,,,,,,,https://www.jobberman.com/listings/loan-officer-x8wr8v,2026-09-12T22:32:23+00:00
92e9af2066d63a67,jobberman,customer-support-store-assistant-gm4mv9,Customer Support & Store Assistant.,,,,Nigeria,unknown,,,,,,,,,,,,https://www.jobberman.com/listings/customer-support-store-assistant-gm4mv9,2026-09-12T22:32:23+00:00
9349d12f8dc1b6ad,jobberman,logistics-assistant-assistant-store-keeper-m0vq8r,Logistics Assistant / Assistant store keeper,,,,Nigeria,unknown,,,,,,,,,,,,https://www.jobberman.com/listings/logistics-assistant-assistant-store-keeper-m0vq8r,2026-09-12T22:32:23+00:00
38a44b8b0002814f,jobberman,assitant-office-manager-6qnqk4,Assistant Office Manager,,,,Nigeria,unknown,,,,,,,,,,,,https://www.jobberman.com/listings/assitant-office-manager-6qnqk4,2026-09-12T22:32:23+00:00
0b960a17ed6dd1ee,jobberman,human-resources-administration-manager-n994je,Human Resources & Administration Manager,,,,Nigeria,unknown,,,,,,,,,,,,https://www.jobberman.com/listings/human-resources-administration-manager-n994je,2026-09-12T22:32:23+00:00
685071ccec0a5994,jobberman,marketing-officer-pgjjww,Marketing Officer,,,,Nigeria,unknown,,,,,,,,,,,,https://www.jobberman.com/listings/marketing-officer-pgjjww,2026-09-12T22:32:23+00:00
90679a7464f449f2,jobberman,us-immigration-paralegal-j65826,U.S. Immigration Paralegal,,,,Nigeria,unknown,,,,,,,,,,,,https://www.jobberman.com/listings/us-immigration-paralegal-j65826,2026-09-12T22:32:23+00:00
31fdb13d61af268c,jobberman,technical-assistant-programmatic-vdgj6j,Technical Assistant,,,,Nigeria,unknown,,,,,,,,,,,Other Tech,https://www.jobberman.com/listings/technical-assistant-programmatic-vdgj6j,2026-09-12T22:32:23+00:00
2a0829fa8941ece1,jobberman,medical-sales-representative-k7px2w,Medical Sales Representative,,,,Nigeria,unknown,,,,,,,,,,,,https://www.jobberman.com/listings/medical-sales-representative-k7px2w,2026-09-12T22:32:23+00:00
c3eb2c85f4ac427e,jobberman,assistant-inventory-officer-vddnmg,Assistant / Inventory Officer,,,,Nigeria,unknown,,,,,,,,,,,,https://www.jobberman.com/listings/assistant-inventory-officer-vddnmg,2026-09-12T22:32:25+00:00
63d130005cde6ebb,jobberman,mep-project-engineer-7jx9eq,MEP Project Engineer,,,,Nigeria,unknown,,,,,,,,,,,Other Tech,https://www.jobberman.com/listings/mep-project-engineer-7jx9eq,2026-09-12T22:32:25+00:00
362968270ed742bd,jobberman,technical-commercial-supervisor-wrnwvp,Technical & Commercial Supervisor,,,,Nigeria,unknown,,,,,,,,,,,Other Tech,https://www.jobberman.com/listings/technical-commercial-supervisor-wrnwvp,2026-09-12T22:32:25+00:00
7f36719863ea32eb,jobberman,farmranch-manager-qz962e,Farm/Ranch Manager,,,,Nigeria,unknown,,,,,,,,,,,,https://www.jobberman.com/listings/farmranch-manager-qz962e,2026-09-12T22:32:25+00:00
77cfffd54e565368,jobberman,office-management-officer-450rk4,Office Management Officer,,,,Nigeria,unknown,,,,,,,,,,,,https://www.jobberman.com/listings/office-management-officer-450rk4,2026-09-12T22:32:25+00:00
0a8bad7a1761404c,jobberman,account-officer-x8g8jj,Account Officer,,,,Nigeria,unknown,,,,,,,,,,,,https://www.jobberman.com/listings/account-officer-x8g8jj,2026-09-12T22:32:25+00:00
963870fe5c860cdc,jobberman,hr-officer-z8jvdr,HR Officer,,,,Nigeria,unknown,,,,,,,,,,,,https://www.jobberman.com/listings/hr-officer-z8jvdr,2026-09-12T22:32:25+00:00
0073ed5dc0c9f621,jobberman,bus-coordinator-pgnw5q,Fleet Coordinator,,,,Nigeria,unknown,,,,,,,,,,,,https://www.jobberman.com/listings/bus-coordinator-pgnw5q,2026-09-12T22:32:25+00:00
d5675fe09d6fec23,jobberman,secondary-school-teacher-gmpv7q,Primary and Secondary School Teacher,,,,Nigeria,unknown,,,,,,,,,,,,https://www.jobberman.com/listings/secondary-school-teacher-gmpv7q,2026-09-12T22:32:25+00:00
58446f2a6e7d6dd3,jobberman,junior-account-officer-4505je,Junior Account Officer,,,,Nigeria,unknown,,,,,,,,,,,,https://www.jobberman.com/listings/junior-account-officer-4505je,2026-09-12T22:32:25+00:00
872c6c0210645672,jobberman,accountant-x88mnz,Accountant,,,,Nigeria,unknown,,,,,,,,,,,,https://www.jobberman.com/listings/accountant-x88mnz,2026-09-12T22:32:25+00:00
3d84ba80b4faf7ba,jobberman,cashier-6qnv8p,Cashier,,,,Nigeria,unknown,,,,,,,,,,,,https://www.jobberman.com/listings/cashier-6qnv8p,2026-09-12T22:32:25+00:00
47dc474edf706427,jobberman,governance-policy-analyst-qz594e,Governance & Policy Analyst,,,,Nigeria,unknown,,,,,,,,,,,,https://www.jobberman.com/listings/governance-policy-analyst-qz594e,2026-09-12T22:32:25+00:00
3835c7f69ca989e8,jobberman,it-offcer-7j08ve,IT Officer,,,,Nigeria,unknown,,,,,,,,,,,Other Tech,https://www.jobberman.com/listings/it-offcer-7j08ve,2026-09-12T22:32:25+00:00
91c0b5e06d65c372,jobberman,customer-service-officer-d9dzdr,Customer Service Officer,,,,Nigeria,unknown,,,,,,,,,,,,https://www.jobberman.com/listings/customer-service-officer-d9dzdr,2026-09-12T22:32:25+00:00
5981969255c65721,jobberman,property-deal-sourcer-fully-remote-uk-qzwd87,Property Deal Sourcer,,,,Nigeria,unknown,,,,,,,,,,,,https://www.jobberman.com/listings/property-deal-sourcer-fully-remote-uk-qzwd87,2026-09-12T22:32:28+00:00
b25fa5f09c4bf8a0,jobberman,chartist-junior-trader-vdgm6w,Junior Trader/Chartist,,,,Nigeria,unknown,,,,,,,,,,,,https://www.jobberman.com/listings/chartist-junior-trader-vdgm6w,2026-09-12T22:32:28+00:00
83701b2d6e8e4411,jobberman,executive-assistant-0k87rm,Executive Assistant and Social Media Manager,,,,Nigeria,unknown,,,,,,,,,,,,https://www.jobberman.com/listings/executive-assistant-0k87rm,2026-09-12T22:32:28+00:00
36c395bd2cc5cc5e,jobberman,accounting-staff-pg0wz0,Accountant,,,,Nigeria,unknown,,,,,,,,,,,,https://www.jobberman.com/listings/accounting-staff-pg0wz0,2026-09-12T22:32:28+00:00
a55e9b1e043d8a7d,jobberman,accountant-450k6z,Accountant,,,,Nigeria,unknown,,,,,,,,,,,,https://www.jobberman.com/listings/accountant-450k6z,2026-09-12T22:32:28+00:00
f3eadeafc3290333,jobberman,software-consultant-n9745g,Software Consultant,,,,Nigeria,unknown,,,,,,,,,,,Other Tech,https://www.jobberman.com/listings/software-consultant-n9745g,2026-09-12T22:32:28+00:00
d66f4313eb2a7f43,jobberman,secretary-j65eze,Secretary,,,,Nigeria,unknown,,,,,,,,,,,,https://www.jobberman.com/listings/secretary-j65eze,2026-09-12T22:32:28+00:00
a322a949e0280374,jobberman,loan-recovery-officer-er9e2v,Loan Recovery Officer,,,,Nigeria,unknown,,,,,,,,,,,,https://www.jobberman.com/listings/loan-recovery-officer-er9e2v,2026-09-12T22:32:28+00:00
5cf43af15f64c903,jobberman,regional-sales-manager-gmdpvm,Regional Sales Manager,,,,Nigeria,unknown,,,,,,,,,,,,https://www.jobberman.com/listings/regional-sales-manager-gmdpvm,2026-09-12T22:32:28+00:00
d9940343071f9718,jobberman,head-warehouse-logistics-management-6qrd8n,"Head, Warehouse & Logistics Management",,,,Nigeria,unknown,,,,,,,,,,,,https://www.jobberman.com/listings/head-warehouse-logistics-management-6qrd8n,2026-09-12T22:32:28+00:00
0520bcbcae532d3b,jobberman,assistant-workshop-manager-rrnkwj,Assistant Workshop Manager,,,,Nigeria,unknown,,,,,,,,,,,,https://www.jobberman.com/listings/assistant-workshop-manager-rrnkwj,2026-09-12T22:32:28+00:00
8d59b79beee7d861,jobberman,country-representative-healthcare-education-mfd-0kn09j,Country Representative,,,,Nigeria,unknown,,,,,,,,,,,,https://www.jobberman.com/listings/country-representative-healthcare-education-mfd-0kn09j,2026-09-12T22:32:28+00:00
616c07d9f3b1a580,jobberman,sales-floor-inventory-assistant-wrg29m,Sales Floor / Inventory Assistant,,,,Nigeria,unknown,,,,,,,,,,,,https://www.jobberman.com/listings/sales-floor-inventory-assistant-wrg29m,2026-09-12T22:32:28+00:00
10d50e5925276dc1,jobberman,community-partnerships-engagement-officer-45re0z,Community Partnership & Engagement Officer,,,,Nigeria,unknown,,,,,,,,,,,,https://www.jobberman.com/listings/community-partnerships-engagement-officer-45re0z,2026-09-12T22:32:28+00:00
e37b74d5da4da872,jobberman,executive-assistant-8mkp7z,Executive Assistant,,,,Nigeria,unknown,,,,,,,,,,,,https://www.jobberman.com/listings/executive-assistant-8mkp7z,2026-09-12T22:32:28+00:00
633d01735225ddc7,jobberman,internal-control-audit-executive-m0626m,Internal Control / Audit Executive,,,,Nigeria,unknown,,,,,,,,,,,,https://www.jobberman.com/listings/internal-control-audit-executive-m0626m,2026-09-12T22:32:28+00:00
0a5035410e54524f,jobberman,sales-manager-aftermarket-esp-bag-filter-gmp56r,Sales Manager,,,,Nigeria,unknown,,,,,,,,,,,,https://www.jobberman.com/listings/sales-manager-aftermarket-esp-bag-filter-gmp56r,2026-09-12T22:32:30+00:00
bb9b3fda7967f908,jobberman,hradmin-officer-0knjzd,HR/Admin Officer,,,,Nigeria,unknown,,,,,,,,,,,,https://www.jobberman.com/listings/hradmin-officer-0knjzd,2026-09-12T22:32:30+00:00
e85169fe3995c6e5,jobberman,front-desk-executive-rrnwdg,Front Desk Executive,,,,Nigeria,unknown,,,,,,,,,,,,https://www.jobberman.com/listings/front-desk-executive-rrnwdg,2026-09-12T22:32:30+00:00
aba83ebb31ae78b1,jobberman,electrical-reliability-engineer-m0vq6d,Electrical Reliability Engineer,,,,Nigeria,unknown,,,,,,,,,,,Other Tech,https://www.jobberman.com/listings/electrical-reliability-engineer-m0vq6d,2026-09-12T22:32:30+00:00
cc02a445f38a04fc,jobberman,auto-ac-technician-45029r,AC Technician,,,,Nigeria,unknown,,,,,,,,,,,,https://www.jobberman.com/listings/auto-ac-technician-45029r,2026-09-12T22:32:30+00:00
9d213bfc6d863c04,jobberman,content-editorial-operations-manager-n975dv,Content & Editorial Operations Manager,,,,Nigeria,unknown,,,,,,,,,,,,https://www.jobberman.com/listings/content-editorial-operations-manager-n975dv,2026-09-12T22:32:30+00:00
99dfe1a82856133b,jobberman,head-growth-and-strategy-er9k5x,"Head, Growth and Strategy",,,,Nigeria,unknown,,,,,,,,,,,,https://www.jobberman.com/listings/head-growth-and-strategy-er9k5x,2026-09-12T22:32:30+00:00
b235ba01eb7e4633,jobberman,production-planning-execution-coordinator-9k5nx0,Production Planning & Execution Coordinator,,,,Nigeria,unknown,,,,,,,,,,,,https://www.jobberman.com/listings/production-planning-execution-coordinator-9k5nx0,2026-09-12T22:32:30+00:00
79817b1ff5f1fc37,jobberman,branch-manager-vdkkdm,Branch Manager,,,,Nigeria,unknown,,,,,,,,,,,,https://www.jobberman.com/listings/branch-manager-vdkkdm,2026-09-12T22:32:30+00:00
374cb199f0a7ec79,jobberman,talent-acquisition-specialist-j6x65v,Talent Acquisition Specialist,,,,Nigeria,unknown,,,,,,,,,,,,https://www.jobberman.com/listings/talent-acquisition-specialist-j6x65v,2026-09-12T22:32:30+00:00
d0bc66672c529187,jobberman,merchandiser-x8kpr2,Merchandiser,,,,Nigeria,unknown,,,,,,,,,,,,https://www.jobberman.com/listings/merchandiser-x8kpr2,2026-09-12T22:32:30+00:00
11cba9d70de85fed,jobberman,local-and-continental-chef-k769p5,Chef,,,,Nigeria,unknown,,,,,,,,,,,,https://www.jobberman.com/listings/local-and-continental-chef-k769p5,2026-09-12T22:32:30+00:00
f5abd6cac3c892ab,jobberman,server-shop-assistant-restaurant-45rxd2,Server / Shop Assistant,,,,Nigeria,unknown,,,,,,,,,,,,https://www.jobberman.com/listings/server-shop-assistant-restaurant-45rxd2,2026-09-12T22:32:30+00:00
610474f8dfdca224,jobberman,head-of-call-center-unit-z8rmvk,Head of Call Center Unit,,,,Nigeria,unknown,,,,,,,,,,,,https://www.jobberman.com/listings/head-of-call-center-unit-z8rmvk,2026-09-12T22:32:30+00:00
349b9ce48f546cdd,jobberman,growth-specialist-pgnrmw,Growth Specialist,,,,Nigeria,unknown,,,,,,,,,,,,https://www.jobberman.com/listings/growth-specialist-pgnrmw,2026-09-12T22:32:30+00:00
455ae98606d666a9,jobberman,investment-officer-n90wex,Investment Officer,,,,Nigeria,unknown,,,,,,,,,,,,https://www.jobberman.com/listings/investment-officer-n90wex,2026-09-12T22:32:34+00:00
21b740159dfeae41,jobberman,crane-maintenance-supervisors-wrnk0j,Crane Maintenance Supervisor,,,,Nigeria,unknown,,,,,,,,,,,,https://www.jobberman.com/listings/crane-maintenance-supervisors-wrnk0j,2026-09-12T22:32:34+00:00
9bed85a5bf89ac67,jobberman,digital-business-and-growth-specialist-9krnd7,Digital Business and Growth Specialist,,,,Nigeria,unknown,,,,,,,,,,,,https://www.jobberman.com/listings/digital-business-and-growth-specialist-9krnd7,2026-09-12T22:32:34+00:00
9a9ca1234543fc11,jobberman,sales-assistant-graduate-trainee-agriculture-wrngwj,Sales Assistant,,,,Nigeria,unknown,,,,,,,,,,,,https://www.jobberman.com/listings/sales-assistant-graduate-trainee-agriculture-wrngwj,2026-09-12T22:32:34+00:00
dbb221d29c3bb6ca,jobberman,litigation-clerk-x8wpev,Litigation Clerk,,,,Nigeria,unknown,,,,,,,,,,,,https://www.jobberman.com/listings/litigation-clerk-x8wpev,2026-09-12T22:32:34+00:00
67d96a8288cc6b65,jobberman,digital-sales-and-partnership-supervisor-rr6808,Digital Sales and Partnership Supervisor,,,,Nigeria,unknown,,,,,,,,,,,,https://www.jobberman.com/listings/digital-sales-and-partnership-supervisor-rr6808,2026-09-12T22:32:34+00:00
2c911dc33f610685,jobberman,junior-associate-wrnp8m,Junior Associate,,,,Nigeria,unknown,,,,,,,,,,,,https://www.jobberman.com/listings/junior-associate-wrnp8m,2026-09-12T22:32:34+00:00
b8cf04596936156a,jobberman,site-inspector-9kr92v,Site Inspector,,,,Nigeria,unknown,,,,,,,,,,,,https://www.jobberman.com/listings/site-inspector-9kr92v,2026-09-12T22:32:34+00:00
3bd60a3ffb5722b7,jobberman,marketing-executive-8mk044,Marketing Executive,,,,Nigeria,unknown,,,,,,,,,,,,https://www.jobberman.com/listings/marketing-executive-8mk044,2026-09-12T22:32:34+00:00
810dd0b7bcfd2219,jobberman,social-media-manager-7jxv5e,Social Media Manager,,,,Nigeria,unknown,,,,,,,,,,,,https://www.jobberman.com/listings/social-media-manager-7jxv5e,2026-09-12T22:32:34+00:00
a6f7345090422b1c,jobberman,information-technology-digital-partnerships-supervisor-2k76dj,Information Technology & Digital Partnerships Supervisor,,,,Nigeria,unknown,,,,,,,,,,,Other Tech,https://www.jobberman.com/listings/information-technology-digital-partnerships-supervisor-2k76dj,2026-09-12T22:32:34+00:00
c50c531338869296,jobberman,insurance-underwriting-officer-ibadan-wrgdmz,Insurance Underwriting Officer,,,,Nigeria,unknown,,,,,,,,,,,,https://www.jobberman.com/listings/insurance-underwriting-officer-ibadan-wrgdmz,2026-09-12T22:32:34+00:00
09b3f82e714bfcfb,jobberman,branch-manager-er90gk,Branch Manager,,,,Nigeria,unknown,,,,,,,,,,,,https://www.jobberman.com/listings/branch-manager-er90gk,2026-09-12T22:32:34+00:00
5c7fa59cb637a467,jobberman,experienced-nanny-m06e92,Experienced Nanny,,,,Nigeria,unknown,,,,,,,,,,,,https://www.jobberman.com/listings/experienced-nanny-m06e92,2026-09-12T22:32:34+00:00
771ae37dbc916fce,jobberman,business-development-manager-vdgjjw,Business Development Manager,,,,Nigeria,unknown,,,,,,,,,,,,https://www.jobberman.com/listings/business-development-manager-vdgjjw,2026-09-12T22:32:34+00:00
3d75a518321bcdc0,jobberman,it-intern-rrjvgg,IT support,,,,Nigeria,unknown,,,,,,,,,,,IT Support & Networking,https://www.jobberman.com/listings/it-intern-rrjvgg,2026-09-12T22:32:34+00:00
d35ccfd2de861397,jobberman,client-support-6qvqeg,Client Support,,,,Nigeria,unknown,,,,,,,,,,,,https://www.jobberman.com/listings/client-support-6qvqeg,2026-09-12T22:32:36+00:00
d21f3ecec004e736,jobberman,technical-support-n9jd00,Technical Support,,,,Nigeria,unknown,,,,,,,,,,,Other Tech,https://www.jobberman.com/listings/technical-support-n9jd00,2026-09-12T22:32:36+00:00
13f71806afc5ec3b,jobberman,it-support-officer-x8kdkm,IT Support Officer,,,,Nigeria,unknown,,,,,,,,,,,IT Support & Networking,https://www.jobberman.com/listings/it-support-officer-x8kdkm,2026-09-12T22:32:36+00:00
f930a703847d3ec8,jobberman,it-support-officer-k76z45,IT Support Officer,,,,Nigeria,unknown,,,,,,,,,,,IT Support & Networking,https://www.jobberman.com/listings/it-support-officer-k76z45,2026-09-12T22:32:36+00:00
59d161671e0502cb,jobberman,it-support-officer-j65644,IT Support Officer,,,,Nigeria,unknown,,,,,,,,,,,IT Support & Networking,https://www.jobberman.com/listings/it-support-officer-j65644,2026-09-12T22:32:36+00:00
fc625798453ce0f9,jobberman,customer-support-m0685r,Customer Support,,,,Nigeria,unknown,,,,,,,,,,,,https://www.jobberman.com/listings/customer-support-m0685r,2026-09-12T22:32:36+00:00
4de23ded62fbac66,jobberman,it-support-entry-level-j6pkne,IT Support Specialists,,,,Nigeria,unknown,,,,,,,,,,,IT Support & Networking,https://www.jobberman.com/listings/it-support-entry-level-j6pkne,2026-09-12T22:32:36+00:00
9459d040ecab88cc,jobberman,it-support-specialistit-technician-n9jjdk,IT Support Specialist/Technician,,,,Nigeria,unknown,,,,,,,,,,,IT Support & Networking,https://www.jobberman.com/listings/it-support-specialistit-technician-n9jjdk,2026-09-12T22:32:36+00:00
58b179c97a86d430,jobberman,tech-support-officer-vdk9k8,Tech support Officer,,,,Nigeria,unknown,,,,,,,,,,,,https://www.jobberman.com/listings/tech-support-officer-vdk9k8,2026-09-12T22:32:36+00:00
08a9c224bc09fbe6,jobberman,field-support-officer-fso-x8kgrn,Field Support Officer,,,,Nigeria,unknown,,,,,,,,,,,,https://www.jobberman.com/listings/field-support-officer-fso-x8kgrn,2026-09-12T22:32:36+00:00
a0a41b2fd3110617,jobberman,it-asset-support-officer-pgjgxr,IT Asset & Support Officer,,,,Nigeria,unknown,,,,,,,,,,,,https://www.jobberman.com/listings/it-asset-support-officer-pgjgxr,2026-09-12T22:32:36+00:00
ef49798ff46687de,jobberman,technical-support-engineer-wrkp6d,Technical Support Engineer,,,,Nigeria,unknown,,,,,,,,,,,Other Tech,https://www.jobberman.com/listings/technical-support-engineer-wrkp6d,2026-09-12T22:32:36+00:00
b4311c541eb11b37,jobberman,field-support-officer-fso-8m95j6,Field Support Officer,,,,Nigeria,unknown,,,,,,,,,,,,https://www.jobberman.com/listings/field-support-officer-fso-8m95j6,2026-09-12T22:32:36+00:00
31871b40055e6cd0,jobberman,customer-support-officer-j6xrw4,Customer Support Officer,,,,Nigeria,unknown,,,,,,,,,,,,https://www.jobberman.com/listings/customer-support-officer-j6xrw4,2026-09-12T22:32:36+00:00
3974ac9903414a9b,jobberman,warehouse-support-assistant-pgjwe2,Warehouse Support Assistant,,,,Nigeria,unknown,,,,,,,,,,,,https://www.jobberman.com/listings/warehouse-support-assistant-pgjwe2,2026-09-12T22:32:36+00:00
9d63e66f30ec74ac,jobberman,customer-service-repsupport-pgjpq2,Customer Service Support,,,,Nigeria,unknown,,,,,,,,,,,,https://www.jobberman.com/listings/customer-service-repsupport-pgjpq2,2026-09-12T22:32:36+00:00
173f9e0a5fcba7ba,jobberman,tech-support-officer-2kwjz2,Tech Support Officer,,,,Nigeria,unknown,,,,,,,,,,,,https://www.jobberman.com/listings/tech-support-officer-2kwjz2,2026-09-12T22:32:40+00:00
45da6b81319d4437,jobberman,office-support-personnel-d9d5kr,Office Support Personnel,,,,Nigeria,unknown,,,,,,,,,,,,https://www.jobberman.com/listings/office-support-personnel-d9d5kr,2026-09-12T22:32:40+00:00
7659d32adedfbfea,jobberman,customer-support-officer-6qrexz,Customer Support Officer,,,,Nigeria,unknown,,,,,,,,,,,,https://www.jobberman.com/listings/customer-support-officer-6qrexz,2026-09-12T22:32:40+00:00
a7130441516ded16,jobberman,customer-care-support-erpezj,Customer Care Support,,,,Nigeria,unknown,,,,,,,,,,,,https://www.jobberman.com/listings/customer-care-support-erpezj,2026-09-12T22:32:40+00:00
3312a48c089c19c6,jobberman,it-support-officer-developer-erpewd,IT Support Officer / Developer,,,,Nigeria,unknown,,,,,,,,,,,Software Development,https://www.jobberman.com/listings/it-support-officer-developer-erpewd,2026-09-12T22:32:40+00:00
556b87781ee88631,jobberman,classroom-support-staff-k76zz5,Classroom Support Staff,,,,Nigeria,unknown,,,,,,,,,,,,https://www.jobberman.com/listings/classroom-support-staff-k76zz5,2026-09-12T22:32:40+00:00
1a219f2b7b69bec4,jobberman,it-support-systems-officer-8mkrkp,IT Support/Systems Officer,,,,Nigeria,unknown,,,,,,,,,,,IT Support & Networking,https://www.jobberman.com/listings/it-support-systems-officer-8mkrkp,2026-09-12T22:32:40+00:00
13311f940e2daa47,jobberman,field-support-engineer-mech-vdg2v5,Field Support Engineer,,,,Nigeria,unknown,,,,,,,,,,,Other Tech,https://www.jobberman.com/listings/field-support-engineer-mech-vdg2v5,2026-09-12T22:32:40+00:00
8f4cea67aca8c048,jobberman,client-support-officer-gmpvq8,Client Support Officer,,,,Nigeria,unknown,,,,,,,,,,,,https://www.jobberman.com/listings/client-support-officer-gmpvq8,2026-09-12T22:32:40+00:00
167fc0ab6fabc6e1,jobberman,customer-support-representative-8mmg5n,Customer Support Representative,,,,Nigeria,unknown,,,,,,,,,,,,https://www.jobberman.com/listings/customer-support-representative-8mmg5n,2026-09-12T22:32:40+00:00
70ec03f32111143f,jobberman,business-support-development-coordinator-qz55dn,Business Support & Development Coordinator,,,,Nigeria,unknown,,,,,,,,,,,,https://www.jobberman.com/listings/business-support-development-coordinator-qz55dn,2026-09-12T22:32:40+00:00
4c4f0dfaebf7871c,jobberman,front-office-business-support-6qrjvv,Front Office & Business Support,,,,Nigeria,unknown,,,,,,,,,,,,https://www.jobberman.com/listings/front-office-business-support-6qrjvv,2026-09-12T22:32:40+00:00
f7b4431b2e52a5a9,jobberman,sms-vas-support-engineer-vd9pvx,SMS VAS Support Engineer,,,,Nigeria,unknown,,,,,,,,,,,Other Tech,https://www.jobberman.com/listings/sms-vas-support-engineer-vd9pvx,2026-09-12T22:32:40+00:00
411c71cb2093e71b,jobberman,business-development-transmission-line-support-manager-x8g50z,Business Development and Support Manager,,,,Nigeria,unknown,,,,,,,,,,,,https://www.jobberman.com/listings/business-development-transmission-line-support-manager-x8g50z,2026-09-12T22:32:40+00:00
c5348d15156001f1,jobberman,administrative-and-business-support-officer-8mpw2r,Administrative and Business Support Officer,,,,Nigeria,unknown,,,,,,,,,,,,https://www.jobberman.com/listings/administrative-and-business-support-officer-8mpw2r,2026-09-12T22:32:40+00:00
c345cab89ee662dd,jobberman,digital-marketing-and-business-support-executive-7j07x5,Digital Marketing and Business Support Executive,,,,Nigeria,unknown,,,,,,,,,,,,https://www.jobberman.com/listings/digital-marketing-and-business-support-executive-7j07x5,2026-09-12T22:32:43+00:00
e5c005be1d77d6f2,jobberman,administrative-executive-travel-desk-support-pgnvnp,Administrative Executive / Travel Desk Support,,,,Nigeria,unknown,,,,,,,,,,,,https://www.jobberman.com/listings/administrative-executive-travel-desk-support-pgnvnp,2026-09-12T22:32:43+00:00
4c44715859f93437,jobberman,operations-assistant-vd970w,Operations Assistant,,,,Nigeria,unknown,,,,,,,,,,,,https://www.jobberman.com/listings/operations-assistant-vd970w,2026-09-12T22:32:43+00:00
e65616d23d4f2109,jobberman,marketing-executive-support-officer-6qrw66,Business Development & Executive Assistant,,,,Nigeria,unknown,,,,,,,,,,,,https://www.jobberman.com/listings/marketing-executive-support-officer-6qrw66,2026-09-12T22:32:43+00:00
37a7e1a409216c50,jobberman,manager-administration-and-operations-7jx54d,"Manager, Administration and Operations",,,,Nigeria,unknown,,,,,,,,,,,,https://www.jobberman.com/listings/manager-administration-and-operations-7jx54d,2026-09-12T22:32:43+00:00
25ba9e2d5948beb2,jobberman,administrative-manager-8mk8er,Administrative Manager,,,,Nigeria,unknown,,,,,,,,,,,,https://www.jobberman.com/listings/administrative-manager-8mk8er,2026-09-12T22:32:43+00:00
c2803efa5de602bb,jobberman,internal-control-officer-x8gm44,Internal Control Officer,,,,Nigeria,unknown,,,,,,,,,,,,https://www.jobberman.com/listings/internal-control-officer-x8gm44,2026-09-12T22:32:43+00:00
5db124726c24041e,jobberman,operations-coordinator-d92w8j,Operations Coordinator,,,,Nigeria,unknown,,,,,,,,,,,,https://www.jobberman.com/listings/operations-coordinator-d92w8j,2026-09-12T22:32:43+00:00
4f5056a4a34bb18c,jobberman,administrative-assistant-rr6dw2,Administrative Assistant,,,,Nigeria,unknown,,,,,,,,,,,,https://www.jobberman.com/listings/administrative-assistant-rr6dw2,2026-09-12T22:32:43+00:00
bff825df9d313464,jobberman,secretarytypist-qz59qz,Secretary/Typist,,,,Nigeria,unknown,,,,,,,,,,,,https://www.jobberman.com/listings/secretarytypist-qz59qz,2026-09-12T22:32:43+00:00
57f710eef39c228c,jobberman,secretary-8mk65r,Secretary,,,,Nigeria,unknown,,,,,,,,,,,,https://www.jobberman.com/listings/secretary-8mk65r,2026-09-12T22:32:43+00:00
409bd4cb129f3141,jobberman,business-assistant-er968x,Business Assistant,,,,Nigeria,unknown,,,,,,,,,,,,https://www.jobberman.com/listings/business-assistant-er968x,2026-09-12T22:32:43+00:00
1c1a342cc4ce59b3,jobberman,psychology-intern-6qvrzj,Psychology Intern,,,,Nigeria,unknown,,,,,,,,,,,,https://www.jobberman.com/listings/psychology-intern-6qvrzj,2026-09-12T22:32:43+00:00
655f9482ce51922f,jobberman,hr-clerk-7j007g,HR Clerk,,,,Nigeria,unknown,,,,,,,,,,,,https://www.jobberman.com/listings/hr-clerk-7j007g,2026-09-12T22:32:43+00:00
9e0f5f142a89fafe,jobberman,public-health-assistant-vd9j2p,Public Health Assistant,,,,Nigeria,unknown,,,,,,,,,,,,https://www.jobberman.com/listings/public-health-assistant-vd9j2p,2026-09-12T22:32:43+00:00
b59b4b935ad7a1ea,jobberman,vacancy-personalexecutive-assistant-wrg26m,Personal Assistant,,,,Nigeria,unknown,,,,,,,,,,,,https://www.jobberman.com/listings/vacancy-personalexecutive-assistant-wrg26m,2026-09-12T22:32:46+00:00
53f403434012a581,jobberman,pharmacist-assistant-vdg28p,Pharmacist Assistant,,,,Nigeria,unknown,,,,,,,,,,,,https://www.jobberman.com/listings/pharmacist-assistant-vdg28p,2026-09-12T22:32:46+00:00
d79dd7afb3ebf90c,jobberman,public-health-assistant-450zx5,Public Health Assistant,,,,Nigeria,unknown,,,,,,,,,,,,https://www.jobberman.com/listings/public-health-assistant-450zx5,2026-09-12T22:32:46+00:00
124536b4d4a847d4,jobberman,office-assistant-k7x878,Office Assistant,,,,Nigeria,unknown,,,,,,,,,,,,https://www.jobberman.com/listings/office-assistant-k7x878,2026-09-12T22:32:46+00:00
d8e7c4a397444402,jobberman,it-personnel-2k8m4v,IT Personnel,,,,Nigeria,unknown,,,,,,,,,,,,https://www.jobberman.com/listings/it-personnel-2k8m4v,2026-09-12T22:32:46+00:00
23973438dbcb7459,jobberman,tenders-supervisor-j6p0ge,Tenders Supervisor,,,,Nigeria,unknown,,,,,,,,,,,,https://www.jobberman.com/listings/tenders-supervisor-j6p0ge,2026-09-12T22:32:46+00:00
d1348e8c763a68bc,jobberman,finance-executive-qzwq7k,Finance Executive,,,,Nigeria,unknown,,,,,,,,,,,,https://www.jobberman.com/listings/finance-executive-qzwq7k,2026-09-12T22:32:46+00:00
8074086c41e79e2a,jobberman,assistant-manager-financial-reporting-x8w57w,Assistant Manager,,,,Nigeria,unknown,,,,,,,,,,,,https://www.jobberman.com/listings/assistant-manager-financial-reporting-x8w57w,2026-09-12T22:32:46+00:00
55773af0454b062b,jobberman,personal-assistant-6qr928,Personal Assistant,,,,Nigeria,unknown,,,,,,,,,,,,https://www.jobberman.com/listings/personal-assistant-6qr928,2026-09-12T22:32:46+00:00
f3ec0bfda60403d1,jobberman,office-assistant-computer-operator-qzwmr7,Office Assistant,,,,Nigeria,unknown,,,,,,,,,,,,https://www.jobberman.com/listings/office-assistant-computer-operator-qzwmr7,2026-09-12T22:32:46+00:00
6e9c06a9fc6e67a1,jobberman,project-communications-officer-7j0ww8,Project & Communications Officer,,,,Nigeria,unknown,,,,,,,,,,,,https://www.jobberman.com/listings/project-communications-officer-7j0ww8,2026-09-12T22:32:46+00:00
1fe0a511974580df,jobberman,admin-officer-2k74vk,Admin Officer,,,,Nigeria,unknown,,,,,,,,,,,,https://www.jobberman.com/listings/admin-officer-2k74vk,2026-09-12T22:32:46+00:00
332a59edd473ebaa,jobberman,administrative-assistant-k7x79v,Administrative Assistant,,,,Nigeria,unknown,,,,,,,,,,,,https://www.jobberman.com/listings/administrative-assistant-k7x79v,2026-09-12T22:32:46+00:00
6495e28c06dd79a9,jobberman,virtual-assistant-erx5ez,Virtual Assistant,,,,Nigeria,unknown,,,,,,,,,,,,https://www.jobberman.com/listings/virtual-assistant-erx5ez,2026-09-12T22:32:46+00:00
cd1f61a33f221e55,jobberman,executive-assistant-z8r9qq,Executive Assistant,,,,Nigeria,unknown,,,,,,,,,,,,https://www.jobberman.com/listings/executive-assistant-z8r9qq,2026-09-12T22:32:46+00:00
c6065ada4b2ebaf1,jobberman,quantity-surveyor-qzwxdn,Quantity Surveyor,,,,Nigeria,unknown,,,,,,,,,,,,https://www.jobberman.com/listings/quantity-surveyor-qzwxdn,2026-09-12T22:32:46+00:00
93208b5b605e97fa,jobberman,equipment-mate-2k8gmv,Equipment Mate,,,,Nigeria,unknown,,,,,,,,,,,,https://www.jobberman.com/listings/equipment-mate-2k8gmv,2026-09-12T22:32:49+00:00
6db3af9f6934e09a,jobberman,finance-operations-specialist-8mkk54,Finance Operations Specialist,,,,Nigeria,unknown,,,,,,,,,,,,https://www.jobberman.com/listings/finance-operations-specialist-8mkk54,2026-09-12T22:32:49+00:00
19c279e4e1b5003a,jobberman,financial-reporting-manager-qz9evk,Financial Reporting Manager,,,,Nigeria,unknown,,,,,,,,,,,,https://www.jobberman.com/listings/financial-reporting-manager-qz9evk,2026-09-12T22:32:49+00:00
dec1d07b35f67575,jobberman,mathematics-further-mathematics-teacher-erxnnk,Mathematics & Further Mathematics Teacher,,,,Nigeria,unknown,,,,,,,,,,,,https://www.jobberman.com/listings/mathematics-further-mathematics-teacher-erxnnk,2026-09-12T22:32:49+00:00
04578452cdf906b6,jobberman,human-resource-officer-6qv7zd,Human Resource Officer,,,,Nigeria,unknown,,,,,,,,,,,,https://www.jobberman.com/listings/human-resource-officer-6qv7zd,2026-09-12T22:32:49+00:00
748aab679e6e3071,jobberman,ancillary-duty-officer-j65v8e,Ancillary Duty Officer,,,,Nigeria,unknown,,,,,,,,,,,,https://www.jobberman.com/listings/ancillary-duty-officer-j65v8e,2026-09-12T22:32:49+00:00
08b94b8dab3a92d0,jobberman,account-associate-6qre6z,Account Associate,,,,Nigeria,unknown,,,,,,,,,,,,https://www.jobberman.com/listings/account-associate-6qre6z,2026-09-12T22:32:49+00:00
780161d47c90fa01,jobberman,asset-manager-z8rn4x,Asset Manager,,,,Nigeria,unknown,,,,,,,,,,,,https://www.jobberman.com/listings/asset-manager-z8rn4x,2026-09-12T22:32:49+00:00
9295e824d1b09a10,jobberman,legal-officer-0k8deg,Legal Officer,,,,Nigeria,unknown,,,,,,,,,,,,https://www.jobberman.com/listings/legal-officer-0k8deg,2026-09-12T22:32:49+00:00
be11a8bccb2706c8,jobberman,ict-officer-d92d4j,ICT Officer,,,,Nigeria,unknown,,,,,,,,,,,Other Tech,https://www.jobberman.com/listings/ict-officer-d92d4j,2026-09-12T22:32:49+00:00
a3c7385809de630a,jobberman,hr-admin-officer-z8z64r,HR & Admin Officer,,,,Nigeria,unknown,,,,,,,,,,,,https://www.jobberman.com/listings/hr-admin-officer-z8z64r,2026-09-12T22:32:49+00:00
aed94140323ac4c4,jobberman,business-operations-officer-n90k9w,Business Operations Officer,,,,Nigeria,unknown,,,,,,,,,,,,https://www.jobberman.com/listings/business-operations-officer-n90k9w,2026-09-12T22:32:49+00:00
efcfe8bc3d996f40,jobberman,contract-lead-iii-j656n6,Contract Lead,,,,Nigeria,unknown,,,,,,,,,,,,https://www.jobberman.com/listings/contract-lead-iii-j656n6,2026-09-12T22:32:49+00:00
ff7fdbb4c83134af,jobberman,creative-studio-assistant-9kr8x6,Creative Studio Assistant,,,,Nigeria,unknown,,,,,,,,,,,,https://www.jobberman.com/listings/creative-studio-assistant-9kr8x6,2026-09-12T22:32:49+00:00
7d8a7c2338dbbee6,jobberman,junior-legal-associate-k762wj,Junior Legal Associate,,,,Nigeria,unknown,,,,,,,,,,,,https://www.jobberman.com/listings/junior-legal-associate-k762wj,2026-09-12T22:32:49+00:00
8d76e84ce99c2b70,jobberman,accounts-officer-n9jppe,Accounts Officer,,,,Nigeria,unknown,,,,,,,,,,,,https://www.jobberman.com/listings/accounts-officer-n9jppe,2026-09-12T22:32:49+00:00
3b593224b8f36659,jobberman,administrative-officer-x8g0rv,Administrative Officer,,,,Nigeria,unknown,,,,,,,,,,,,https://www.jobberman.com/listings/administrative-officer-x8g0rv,2026-09-12T22:32:51+00:00
e6ab4458f38ffd56,jobberman,hse-officer-4560km,HSE Officer,,,,Nigeria,unknown,,,,,,,,,,,,https://www.jobberman.com/listings/hse-officer-4560km,2026-09-12T22:32:51+00:00
9574d94dd6f66d8d,jobberman,executive-assistant-personal-brand-creative-operations-z8j8kr,Executive Assistant,,,,Nigeria,unknown,,,,,,,,,,,,https://www.jobberman.com/listings/executive-assistant-personal-brand-creative-operations-z8j8kr,2026-09-12T22:32:51+00:00
5a88dde453945b6a,jobberman,office-administrator-m0v8zq,Office Administrator,,,,Nigeria,unknown,,,,,,,,,,,,https://www.jobberman.com/listings/office-administrator-m0v8zq,2026-09-12T22:32:51+00:00
f279ccace4cdca6f,jobberman,assistant-chief-marketing-officer-d9d5gm,Assistant Chief Marketing Officer,,,,Nigeria,unknown,,,,,,,,,,,,https://www.jobberman.com/listings/assistant-chief-marketing-officer-d9d5gm,2026-09-12T22:32:51+00:00
733e42407112ede3,jobberman,assistant-slickline-operator-6qr988,Assistant Slickline Operator,,,,Nigeria,unknown,,,,,,,,,,,,https://www.jobberman.com/listings/assistant-slickline-operator-6qr988,2026-09-12T22:32:51+00:00
b64603711585d9d9,jobberman,hr-and-operations-officer-x8wmv8,HR and Operations Officer,,,,Nigeria,unknown,,,,,,,,,,,,https://www.jobberman.com/listings/hr-and-operations-officer-x8wmv8,2026-09-12T22:32:51+00:00
b741fe9949ce4565,jobberman,front-desk-officer-6qr47g,Front Desk Officer,,,,Nigeria,unknown,,,,,,,,,,,,https://www.jobberman.com/listings/front-desk-officer-6qr47g,2026-09-12T22:32:51+00:00
7ca73596c8c49246,jobberman,assistant-store-keeper-erpw6x,Assistant Store Keeper,,,,Nigeria,unknown,,,,,,,,,,,,https://www.jobberman.com/listings/assistant-store-keeper-erpw6x,2026-09-12T22:32:51+00:00
b2a1ab0284613492,jobberman,sales-and-operations-officer-n90d2g,Sales and Operations Officer,,,,Nigeria,unknown,,,,,,,,,,,,https://www.jobberman.com/listings/sales-and-operations-officer-n90d2g,2026-09-12T22:32:51+00:00
65e720dfaf0a3f0c,jobberman,sap-s4hana-cloud-functional-consultant-pg04dm,Cloud Functional Consultant,,,,Nigeria,unknown,,,,,,,,,,,Other Tech,https://www.jobberman.com/listings/sap-s4hana-cloud-functional-consultant-pg04dm,2026-09-12T22:32:51+00:00
25510a6e388db237,jobberman,facilityadmin-officer-2kwq5q,Facility/Admin Officer,,,,Nigeria,unknown,,,,,,,,,,,,https://www.jobberman.com/listings/facilityadmin-officer-2kwq5q,2026-09-12T22:32:51+00:00
52e8f1f134f255c5,jobberman,public-health-assistant-45rzwm,Public Health Assistant,,,,Nigeria,unknown,,,,,,,,,,,,https://www.jobberman.com/listings/public-health-assistant-45rzwm,2026-09-12T22:32:51+00:00
ae890b33008b9254,jobberman,product-marketing-analyst-qzw0zk,Product Marketing Analyst,,,,Nigeria,unknown,,,,,,,,,,,,https://www.jobberman.com/listings/product-marketing-analyst-qzw0zk,2026-09-12T22:32:51+00:00
3418d4d671e8c844,jobberman,trade-operations-officer-j65xw5,Trade Operations Officer,,,,Nigeria,unknown,,,,,,,,,,,,https://www.jobberman.com/listings/trade-operations-officer-j65xw5,2026-09-12T22:32:51+00:00
6df8a311c6e92b90,jobberman,personal-assistant-vddeg2,Personal Assistant,,,,Nigeria,unknown,,,,,,,,,,,,https://www.jobberman.com/listings/personal-assistant-vddeg2,2026-09-12T22:32:51+00:00
35855fe72f3903e3,jobberman,account-officer-j6xrz4,Account Officer,,,,Nigeria,unknown,,,,,,,,,,,,https://www.jobberman.com/listings/account-officer-j6xrz4,2026-09-12T22:32:55+00:00
1499b400da3f211b,jobberman,legal-counsel-2kw7xe,Legal Counsel,,,,Nigeria,unknown,,,,,,,,,,,,https://www.jobberman.com/listings/legal-counsel-2kw7xe,2026-09-12T22:32:55+00:00
7e120ac846937709,jobberman,healthcare-assistant-8mk98x,Healthcare Assistant,,,,Nigeria,unknown,,,,,,,,,,,,https://www.jobberman.com/listings/healthcare-assistant-8mk98x,2026-09-12T22:32:55+00:00
bad8d17a1a21a266,jobberman,implementation-field-specialists-0k8pwm,Implementation & Field Specialist,,,,Nigeria,unknown,,,,,,,,,,,,https://www.jobberman.com/listings/implementation-field-specialists-0k8pwm,2026-09-12T22:32:55+00:00
d7907989e08928e2,jobberman,in-house-counsel-6qr7kp,In-House Counsel,,,,Nigeria,unknown,,,,,,,,,,,,https://www.jobberman.com/listings/in-house-counsel-6qr7kp,2026-09-12T22:32:55+00:00
07bb70ad71b8c81f,jobberman,executive-assistant-d9295g,Executive Assistant,,,,Nigeria,unknown,,,,,,,,,,,,https://www.jobberman.com/listings/executive-assistant-d9295g,2026-09-12T22:32:55+00:00
7ef09f5a2ed7df5d,jobberman,customer-service-hybrid-j6pn8g,Customer Service,,,,Nigeria,unknown,,,,,,,,,,,,https://www.jobberman.com/listings/customer-service-hybrid-j6pn8g,2026-09-12T22:32:55+00:00
9537970e25e24f26,jobberman,account-officer-0k8epx,Account Officer,,,,Nigeria,unknown,,,,,,,,,,,,https://www.jobberman.com/listings/account-officer-0k8epx,2026-09-12T22:32:55+00:00
a99f3a3f6382d3af,jobberman,human-resources-officer-z8rmnn,Human Resources Officer,,,,Nigeria,unknown,,,,,,,,,,,,https://www.jobberman.com/listings/human-resources-officer-z8rmnn,2026-09-12T22:32:55+00:00
ee666e96456b0825,jobberman,executive-assistant-ph-2k88m6,Executive Assitant,,,,Nigeria,unknown,,,,,,,,,,,,https://www.jobberman.com/listings/executive-assistant-ph-2k88m6,2026-09-12T22:32:55+00:00
18a7b2d11fae9543,jobberman,finance-manager-9kr860,Finance Manager,,,,Nigeria,unknown,,,,,,,,,,,,https://www.jobberman.com/listings/finance-manager-9kr860,2026-09-12T22:32:55+00:00
486be49e4297329c,jobberman,spanish-speaking-telemarketing-agent-4557ep,Customer Service Representatives,,,,Nigeria,unknown,,,,,,,,,,,,https://www.jobberman.com/listings/spanish-speaking-telemarketing-agent-4557ep,2026-09-12T22:32:55+00:00
7616c8db4b201dcf,jobberman,digital-marketer-2k85mg,Digital Marketer,,,,Nigeria,unknown,,,,,,,,,,,,https://www.jobberman.com/listings/digital-marketer-2k85mg,2026-09-12T22:32:55+00:00
7148e2b71c75a3bf,jobberman,german-speaking-customer-service-agent-6qrpgg,Customer Service Agent,,,,Nigeria,unknown,,,,,,,,,,,,https://www.jobberman.com/listings/german-speaking-customer-service-agent-6qrpgg,2026-09-12T22:32:55+00:00
57dc408d0c90a592,jobberman,technical-assistant-6qvqpg,Technical Assistant,,,,Nigeria,unknown,,,,,,,,,,,Other Tech,https://www.jobberman.com/listings/technical-assistant-6qvqpg,2026-09-12T22:32:58+00:00
b8f02c0b49d449ac,jobberman,secretary-office-assistant-k7x76w,Secretary / Office Assistant,,,,Nigeria,unknown,,,,,,,,,,,,https://www.jobberman.com/listings/secretary-office-assistant-k7x76w,2026-09-12T22:32:58+00:00
ed99287c5909169f,jobberman,human-resource-assistant-7j05xe,Human Resource Assistant,,,,Nigeria,unknown,,,,,,,,,,,,https://www.jobberman.com/listings/human-resource-assistant-7j05xe,2026-09-12T22:32:58+00:00
d281466458f3fca9,jobberman,hr-intern-456865,HR Intern,,,,Nigeria,unknown,,,,,,,,,,,,https://www.jobberman.com/listings/hr-intern-456865,2026-09-12T22:32:58+00:00
2dfcc324f2805eab,jobberman,operations-officer-qzwjk6,Operations Officer,,,,Nigeria,unknown,,,,,,,,,,,,https://www.jobberman.com/listings/operations-officer-qzwjk6,2026-09-12T22:32:58+00:00
4a5a95fe8b6fbf78,jobberman,personal-assistant-0k8qzd,Personal Assistant,,,,Nigeria,unknown,,,,,,,,,,,,https://www.jobberman.com/listings/personal-assistant-0k8qzd,2026-09-12T22:32:58+00:00
837c6905f68d9d0f,jobberman,finance-and-account-officer-45665r,Finance and Accounts Officer,,,,Nigeria,unknown,,,,,,,,,,,,https://www.jobberman.com/listings/finance-and-account-officer-45665r,2026-09-12T22:32:58+00:00
751837e5834cf770,jobberman,human-resource-officer-z8jdr9,Human Resource Officer,,,,Nigeria,unknown,,,,,,,,,,,,https://www.jobberman.com/listings/human-resource-officer-z8jdr9,2026-09-12T22:32:58+00:00
87835eb8e136e434,jobberman,admin-staff-9kn0dp,Customer Service / Telemarketer,,,,Nigeria,unknown,,,,,,,,,,,,https://www.jobberman.com/listings/admin-staff-9kn0dp,2026-09-12T22:32:58+00:00
194ad146a777c9e6,jobberman,canter-truck-drivers-2kwzgp,Canter Truck Driver,,,,Nigeria,unknown,,,,,,,,,,,,https://www.jobberman.com/listings/canter-truck-drivers-2kwzgp,2026-09-12T22:32:58+00:00
2853f7c2149bf2cb,jobberman,senior-technical-lead-45rzme,Senior Technical Lead,,,,Nigeria,unknown,,,,,,,,,,,Other Tech,https://www.jobberman.com/listings/senior-technical-lead-45rzme,2026-09-12T22:32:58+00:00
95c90431e6da3a97,jobberman,female-gym-assistant-n90ej0,Gym Assistant,,,,Nigeria,unknown,,,,,,,,,,,,https://www.jobberman.com/listings/female-gym-assistant-n90ej0,2026-09-12T22:32:58+00:00
1a005865f314d79c,jobberman,accountant-in-victoria-island-n90vg0,Accountant,,,,Nigeria,unknown,,,,,,,,,,,,https://www.jobberman.com/listings/accountant-in-victoria-island-n90vg0,2026-09-12T22:32:58+00:00
7056fd791a3c4810,jobberman,human-resource-officer-rr6k78,Human Resource Officer,,,,Nigeria,unknown,,,,,,,,,,,,https://www.jobberman.com/listings/human-resource-officer-rr6k78,2026-09-12T22:32:58+00:00
f6fd8e1f4a7125d9,jobberman,insurance-marketing-officer-enugu-state-d9dnpg,Insurance Marketing Officer - Enugu State,,,,Nigeria,unknown,,,,,,,,,,,,https://www.jobberman.com/listings/insurance-marketing-officer-enugu-state-d9dnpg,2026-09-12T22:32:58+00:00
bcbc8eedff9b9e80,jobberman,finanace-manager-n9jp6w,Finanace Manager,,,,Nigeria,unknown,,,,,,,,,,,,https://www.jobberman.com/listings/finanace-manager-n9jp6w,2026-09-12T22:32:58+00:00
2a859f805ccd2192,jobberman,admin-executive-j6xjpe,Admin Executive,,,,Nigeria,unknown,,,,,,,,,,,,https://www.jobberman.com/listings/admin-executive-j6xjpe,2026-09-12T22:33:01+00:00
31debd6f32326a67,jobberman,personal-assistant-6qr9m8,Personal Assistant,,,,Nigeria,unknown,,,,,,,,,,,,https://www.jobberman.com/listings/personal-assistant-6qr9m8,2026-09-12T22:33:01+00:00
16ed091ea734bb06,jobberman,nail-technician-spa-attendant-0k846x,Nail Technician / Spa Attendant,,,,Nigeria,unknown,,,,,,,,,,,,https://www.jobberman.com/listings/nail-technician-spa-attendant-0k846x,2026-09-12T22:33:01+00:00
fc0a63f792e9845d,jobberman,personal-assistant-k76d7j,Personal Assistant,,,,Nigeria,unknown,,,,,,,,,,,,https://www.jobberman.com/listings/personal-assistant-k76d7j,2026-09-12T22:33:01+00:00
7b68e2a4be9ff5d5,jobberman,supply-chain-officer-5prv76,Supply Chain Officer,,,,Nigeria,unknown,,,,,,,,,,,,https://www.jobberman.com/listings/supply-chain-officer-5prv76,2026-09-12T22:33:01+00:00
1f8506a839211437,jobberman,secretary-6qrqxv,Secretary,,,,Nigeria,unknown,,,,,,,,,,,,https://www.jobberman.com/listings/secretary-6qrqxv,2026-09-12T22:33:01+00:00
fd6e9a9b2a672d65,jobberman,kycaml-analyst-x8g57z,KYC/AML Analyst,,,,Nigeria,unknown,,,,,,,,,,,,https://www.jobberman.com/listings/kycaml-analyst-x8g57z,2026-09-12T22:33:01+00:00
8ecad68a6a9a4b55,jobberman,executive-assistant-vdg2r5,Executive Assistant,,,,Nigeria,unknown,,,,,,,,,,,,https://www.jobberman.com/listings/executive-assistant-vdg2r5,2026-09-12T22:33:01+00:00
673752a4196db9e7,jobberman,personal-assistant-gmd4kn,Personal Assistant,,,,Nigeria,unknown,,,,,,,,,,,,https://www.jobberman.com/listings/personal-assistant-gmd4kn,2026-09-12T22:33:01+00:00
d326187a4f108f52,jobberman,project-development-officer-2kwkwj,Project Development Officer,,,,Nigeria,unknown,,,,,,,,,,,,https://www.jobberman.com/listings/project-development-officer-2kwkwj,2026-09-12T22:33:01+00:00
0a946e58c43ee854,jobberman,tax-associate-456nk2,Tax Associate,,,,Nigeria,unknown,,,,,,,,,,,,https://www.jobberman.com/listings/tax-associate-456nk2,2026-09-12T22:33:01+00:00
f453586d5f810934,jobberman,assistant-operations-manager-j6xqe5,Assistant Operations Manager,,,,Nigeria,unknown,,,,,,,,,,,,https://www.jobberman.com/listings/assistant-operations-manager-j6xqe5,2026-09-12T22:33:01+00:00
df9f95715b430230,jobberman,class-assistant-k7xgqm,Class Assistant,,,,Nigeria,unknown,,,,,,,,,,,,https://www.jobberman.com/listings/class-assistant-k7xgqm,2026-09-12T22:33:01+00:00
9eaeb27a55f8acd4,jobberman,junior-port-operation-officer-gmdqg2,Port Operation Officer,,,,Nigeria,unknown,,,,,,,,,,,,https://www.jobberman.com/listings/junior-port-operation-officer-gmdqg2,2026-09-12T22:33:01+00:00
1bb7887f0e028a9b,jobberman,executive-assistant-business-performance-officer-8mkqm6,Executive Assistant,,,,Nigeria,unknown,,,,,,,,,,,,https://www.jobberman.com/listings/executive-assistant-business-performance-officer-8mkqm6,2026-09-12T22:33:01+00:00
2a3aedad0248e874,jobberman,account-officer-2kw76e,Account Officer,,,,Nigeria,unknown,,,,,,,,,,,,https://www.jobberman.com/listings/account-officer-2kw76e,2026-09-12T22:33:04+00:00
46bd2d55a0110b7e,jobberman,passenger-relations-officer-erxvej,Passenger Relations Officer,,,,Nigeria,unknown,,,,,,,,,,,,https://www.jobberman.com/listings/passenger-relations-officer-erxvej,2026-09-12T22:33:04+00:00
0e499d7d14def6d3,jobberman,data-entry-and-tracking-officer-8m946x,Data Entry and Tracking Officer,,,,Nigeria,unknown,,,,,,,,,,,Other Tech,https://www.jobberman.com/listings/data-entry-and-tracking-officer-8m946x,2026-09-12T22:33:04+00:00
5957ec47ad520c70,jobberman,relationship-manager-pgjmvx,Relationship Manager,,,,Nigeria,unknown,,,,,,,,,,,,https://www.jobberman.com/listings/relationship-manager-pgjmvx,2026-09-12T22:33:04+00:00
731b48efa246b086,jobberman,collection-officer-456dnm,Collection Officer,,,,Nigeria,unknown,,,,,,,,,,,,https://www.jobberman.com/listings/collection-officer-456dnm,2026-09-12T22:33:04+00:00
adf6ec02ae886b97,jobberman,operations-officer-vd9jj5,Operations Officer,,,,Nigeria,unknown,,,,,,,,,,,,https://www.jobberman.com/listings/operations-officer-vd9jj5,2026-09-12T22:33:04+00:00
f516c39991ed40d5,jobberman,marketing-officer-9krx96,Marketing Officer,,,,Nigeria,unknown,,,,,,,,,,,,https://www.jobberman.com/listings/marketing-officer-9krx96,2026-09-12T22:33:04+00:00
4b3e098effc9733e,jobberman,finance-officer-z8rpw8,Finance Officer,,,,Nigeria,unknown,,,,,,,,,,,,https://www.jobberman.com/listings/finance-officer-z8rpw8,2026-09-12T22:33:04+00:00
9ab4c849f7eb16ed,jobberman,operations-officer-erp5mk,Operations Officer,,,,Nigeria,unknown,,,,,,,,,,,,https://www.jobberman.com/listings/operations-officer-erp5mk,2026-09-12T22:33:08+00:00
5b68c2e2171dac9a,jobberman,account-officer-wrgddg,Account Officer,,,,Nigeria,unknown,,,,,,,,,,,,https://www.jobberman.com/listings/account-officer-wrgddg,2026-09-12T22:33:08+00:00
4d371594d82fbb85,jobberman,sales-officer-j6p8vw,Sales Officer,,,,Nigeria,unknown,,,,,,,,,,,,https://www.jobberman.com/listings/sales-officer-j6p8vw,2026-09-12T22:33:08+00:00
53abc30f371f8adf,jobberman,credit-officer-vdgqmx,Credit Officer,,,,Nigeria,unknown,,,,,,,,,,,Other Tech,https://www.jobberman.com/listings/credit-officer-vdgqmx,2026-09-12T22:33:08+00:00
e54e9ee53fd96a6c,jobberman,office-assistance-secretary-z8rgzx,Office Assistance / Secretary,,,,Nigeria,unknown,,,,,,,,,,,,https://www.jobberman.com/listings/office-assistance-secretary-z8rgzx,2026-09-12T22:33:08+00:00
c42cd16f5aa8f5b7,jobberman,sales-commercial-pgnvmp,Sales Commercial Officer,,,,Nigeria,unknown,,,,,,,,,,,,https://www.jobberman.com/listings/sales-commercial-pgnvmp,2026-09-12T22:33:08+00:00
61dfd97f18c7e16e,jobberman,business-development-officer-9krzew,Business Development Officer,,,,Nigeria,unknown,,,,,,,,,,,,https://www.jobberman.com/listings/business-development-officer-9krzew,2026-09-12T22:33:08+00:00
101e7ce59834c182,jobberman,client-relations-officer-2k89p8,Client Relations Officer,,,,Nigeria,unknown,,,,,,,,,,,,https://www.jobberman.com/listings/client-relations-officer-2k89p8,2026-09-12T22:33:08+00:00
816480830ced240a,jobberman,business-development-officer-8mkk76,Business Development Officer,,,,Nigeria,unknown,,,,,,,,,,,,https://www.jobberman.com/listings/business-development-officer-8mkk76,2026-09-12T22:33:08+00:00
61896c96c9c0a6c4,jobberman,marketing-and-field-officer-k77dv8,Marketing and Field Officer,,,,Nigeria,unknown,,,,,,,,,,,,https://www.jobberman.com/listings/marketing-and-field-officer-k77dv8,2026-09-12T22:33:08+00:00
f26b0878d3a6f1f7,jobberman,health-records-officer-8mmq24,Health Records Officer,,,,Nigeria,unknown,,,,,,,,,,,,https://www.jobberman.com/listings/health-records-officer-8mmq24,2026-09-12T22:33:10+00:00
7da6a9e34023f23b,jobberman,human-resource-officer-7jjnre,Human Resource Officer,,,,Nigeria,unknown,,,,,,,,,,,,https://www.jobberman.com/listings/human-resource-officer-7jjnre,2026-09-12T22:33:10+00:00
447401e0ad6d16eb,jobberman,account-business-development-officer-5pz6xp,Account & Business Development Officer,,,,Nigeria,unknown,,,,,,,,,,,,https://www.jobberman.com/listings/account-business-development-officer-5pz6xp,2026-09-12T22:33:10+00:00
f021639c3e8983d8,jobberman,hse-dock-operations-officer-pg0r2v,HSE & Dock Operations Officer,,,,Nigeria,unknown,,,,,,,,,,,,https://www.jobberman.com/listings/hse-dock-operations-officer-pg0r2v,2026-09-12T22:33:10+00:00
d16ed7f50b859558,jobberman,kyc-know-your-customer-officer-vd9p02,KYC (Know-Your-Customer) Officer,,,,Nigeria,unknown,,,,,,,,,,,,https://www.jobberman.com/listings/kyc-know-your-customer-officer-vd9p02,2026-09-12T22:33:10+00:00
6b171bca90138c8f,jobberman,office-tools-data-analysis-instructor-d90vxm,Office Tools & Data Analysis Instructor,,,,Nigeria,unknown,,,,,,,,,,,Other Tech,https://www.jobberman.com/listings/office-tools-data-analysis-instructor-d90vxm,2026-09-12T22:33:10+00:00
0d52c84895942ae2,jobberman,legal-adviser-n90qmv,Legal Adviser,,,,Nigeria,unknown,,,,,,,,,,,,https://www.jobberman.com/listings/legal-adviser-n90qmv,2026-09-12T22:33:10+00:00
cd0354d0b08c1700,jobberman,account-and-admin-manager-rrnwdj,Account and Admin Manager,,,,Nigeria,unknown,,,,,,,,,,,,https://www.jobberman.com/listings/account-and-admin-manager-rrnwdj,2026-09-12T22:33:10+00:00
78ae8fa1b7af3a41,jobberman,accountstax-senior-2k886k,Accounts/Tax Senior,,,,Nigeria,unknown,,,,,,,,,,,,https://www.jobberman.com/listings/accountstax-senior-2k886k,2026-09-12T22:33:10+00:00
74169d6e59ea2b9c,jobberman,ticketer-vdk4m2,Ticketer,,,,Nigeria,unknown,,,,,,,,,,,,https://www.jobberman.com/listings/ticketer-vdk4m2,2026-09-12T22:33:10+00:00
0969855956efe800,jobberman,finance-administration-manager-erpqj2,Finance & Administration Manager,,,,Nigeria,unknown,,,,,,,,,,,,https://www.jobberman.com/listings/finance-administration-manager-erpqj2,2026-09-12T22:33:10+00:00
b0f05f214176b4bc,jobberman,project-manager-8mkqen,IT Officer,,,,Nigeria,unknown,,,,,,,,,,,Other Tech,https://www.jobberman.com/listings/project-manager-8mkqen,2026-09-12T22:33:13+00:00
8fbd6bba27f40f59,jobberman,it-officer-rr6e54,IT Officer,,,,Nigeria,unknown,,,,,,,,,,,Other Tech,https://www.jobberman.com/listings/it-officer-rr6e54,2026-09-12T22:33:13+00:00
4cf43d20fe009c63,jobberman,loan-officer-relationship-officer-6qr7kn,Loan Officer / Relationship Officer,,,,Nigeria,unknown,,,,,,,,,,,,https://www.jobberman.com/listings/loan-officer-relationship-officer-6qr7kn,2026-09-12T22:33:13+00:00
aa0c916927e4e6bb,jobberman,relationship-officer-n9j02r,Relationship officer,,,,Nigeria,unknown,,,,,,,,,,,,https://www.jobberman.com/listings/relationship-officer-n9j02r,2026-09-12T22:33:13+00:00
79fca87956f43414,jobberman,credit-officer-x8kkpq,Credit Officer,,,,Nigeria,unknown,,,,,,,,,,,Other Tech,https://www.jobberman.com/listings/credit-officer-x8kkpq,2026-09-12T22:33:13+00:00
c0255bdaa066f8cf,jobberman,loan-officer-rrjj8j,Loan Officer,,,,Nigeria,unknown,,,,,,,,,,,,https://www.jobberman.com/listings/loan-officer-rrjj8j,2026-09-12T22:33:13+00:00
95f84f2f4f63b2c4,jobberman,relationship-officer-8m994p,Relationship Officer,,,,Nigeria,unknown,,,,,,,,,,,,https://www.jobberman.com/listings/relationship-officer-8m994p,2026-09-12T22:33:13+00:00
0d1eda993007ad16,jobberman,store-officer-7j005n,Store Officer,,,,Nigeria,unknown,,,,,,,,,,,,https://www.jobberman.com/listings/store-officer-7j005n,2026-09-12T22:33:13+00:00
3f7672c7d4ec1d68,jobberman,hr-officer-j6xxj4,HR Officer,,,,Nigeria,unknown,,,,,,,,,,,,https://www.jobberman.com/listings/hr-officer-j6xxj4,2026-09-12T22:33:13+00:00
9bbec1ee3dba5688,jobberman,laundry-officer-qz59jp,Laundry Officer,,,,Nigeria,unknown,,,,,,,,,,,,https://www.jobberman.com/listings/laundry-officer-qz59jp,2026-09-12T22:33:13+00:00
c603b69dc3e8d26f,jobberman,hr-officer-4560e4,HR Officer,,,,Nigeria,unknown,,,,,,,,,,,,https://www.jobberman.com/listings/hr-officer-4560e4,2026-09-12T22:33:13+00:00
12e323d669dffee2,jobberman,metallurgy-officer-pgj0vv,Metallurgy Officer,,,,Nigeria,unknown,,,,,,,,,,,,https://www.jobberman.com/listings/metallurgy-officer-pgj0vv,2026-09-12T22:33:13+00:00
060dd4d2871bae68,jobberman,travel-officer-j6xpn5,Travel Officer,,,,Nigeria,unknown,,,,,,,,,,,,https://www.jobberman.com/listings/travel-officer-j6xpn5,2026-09-12T22:33:13+00:00
1e8bf5e4c89a3667,jobberman,legal-officer-vdkg7w,Legal Officer,,,,Nigeria,unknown,,,,,,,,,,,,https://www.jobberman.com/listings/legal-officer-vdkg7w,2026-09-12T22:33:13+00:00
a0ced4d2f9c7b113,jobberman,store-officer-erx95x,Store Officer,,,,Nigeria,unknown,,,,,,,,,,,,https://www.jobberman.com/listings/store-officer-erx95x,2026-09-12T22:33:16+00:00
2d188b13c7c4962e,jobberman,office-assistant-9kn5q5,Office Assistant,,,,Nigeria,unknown,,,,,,,,,,,,https://www.jobberman.com/listings/office-assistant-9kn5q5,2026-09-12T22:33:16+00:00
25d49d422f3cd00f,jobberman,procurement-officer-5pzpnp,Procurement Officer,,,,Nigeria,unknown,,,,,,,,,,,,https://www.jobberman.com/listings/procurement-officer-5pzpnp,2026-09-12T22:33:16+00:00
5ff82b755855dcdb,jobberman,driver-warehouse-keeper-9kn8vp,Logistics Officer,,,,Nigeria,unknown,,,,,,,,,,,,https://www.jobberman.com/listings/driver-warehouse-keeper-9kn8vp,2026-09-12T22:33:16+00:00
4b4dcc57340985f3,jobberman,security-officer-8m9pz6,Security officer,,,,Nigeria,unknown,,,,,,,,,,,,https://www.jobberman.com/listings/security-officer-8m9pz6,2026-09-12T22:33:16+00:00
1c03528351bd59dd,jobberman,accounts-officer-8m9mjp,Accounts Officer,,,,Nigeria,unknown,,,,,,,,,,,,https://www.jobberman.com/listings/accounts-officer-8m9mjp,2026-09-12T22:33:16+00:00
b15391162486b821,jobberman,cash-officer-pgjgzr,Cash Officer,,,,Nigeria,unknown,,,,,,,,,,,,https://www.jobberman.com/listings/cash-officer-pgjgzr,2026-09-12T22:33:16+00:00
1fd1cc3154610f55,jobberman,legal-officer-9kn508,Legal Officer,,,,Nigeria,unknown,,,,,,,,,,,,https://www.jobberman.com/listings/legal-officer-9kn508,2026-09-12T22:33:16+00:00
8b44c08c018e1f31,jobberman,safety-officer-8m9mep,Safety Officer,,,,Nigeria,unknown,,,,,,,,,,,,https://www.jobberman.com/listings/safety-officer-8m9mep,2026-09-12T22:33:16+00:00
0f4f83d2e6077418,jobberman,loan-officer-x8k8r0,Loan Officer,,,,Nigeria,unknown,,,,,,,,,,,,https://www.jobberman.com/listings/loan-officer-x8k8r0,2026-09-12T22:33:16+00:00
1612835943f6ac45,jobberman,procurement-officer-456569,Procurement Officer,,,,Nigeria,unknown,,,,,,,,,,,,https://www.jobberman.com/listings/procurement-officer-456569,2026-09-12T22:33:16+00:00
fcd8d3fb5073b4bb,jobberman,hr-officer-0k92je,HR Officer,,,,Nigeria,unknown,,,,,,,,,,,,https://www.jobberman.com/listings/hr-officer-0k92je,2026-09-12T22:33:16+00:00
80011a2413cb51c9,jobberman,warehouse-officer-gmdwne,Warehouse Officer,,,,Nigeria,unknown,,,,,,,,,,,,https://www.jobberman.com/listings/warehouse-officer-gmdwne,2026-09-12T22:33:16+00:00
9b9f261b6be7dfcd,jobberman,procurement-officer-x8kp0m,Procurement Officer,,,,Nigeria,unknown,,,,,,,,,,,,https://www.jobberman.com/listings/procurement-officer-x8kp0m,2026-09-12T22:33:16+00:00
ba59ba42f743d29d,jobberman,inventory-officer-rrj8pm,Inventory Officer,,,,Nigeria,unknown,,,,,,,,,,,,https://www.jobberman.com/listings/inventory-officer-rrj8pm,2026-09-12T22:33:16+00:00
d400044fdb19f0af,jobberman,school-accounting-officer-0k97e8,Accounting Officer,,,,Nigeria,unknown,,,,,,,,,,,,https://www.jobberman.com/listings/school-accounting-officer-0k97e8,2026-09-12T22:33:16+00:00
fdf3f3371fd1c6b9,jobberman,purchasing-officer-8m94w0,Procurement Officer,,,,Nigeria,unknown,,,,,,,,,,,,https://www.jobberman.com/listings/purchasing-officer-8m94w0,2026-09-12T22:33:20+00:00
14a52763a8b528d5,jobberman,hse-officer-roving-external-works-and-critical-operations-2kw0q6,HSE Officer,,,,Nigeria,unknown,,,,,,,,,,,,https://www.jobberman.com/listings/hse-officer-roving-external-works-and-critical-operations-2kw0q6,2026-09-12T22:33:20+00:00
3efa7f482e7d5227,jobberman,loan-officer-financial-institution-m0jgwg,Loan Officer,,,,Nigeria,unknown,,,,,,,,,,,,https://www.jobberman.com/listings/loan-officer-financial-institution-m0jgwg,2026-09-12T22:33:20+00:00
808de7af1fee7d20,jobberman,credit-officer-9kn87p,Credit Officer,,,,Nigeria,unknown,,,,,,,,,,,Other Tech,https://www.jobberman.com/listings/credit-officer-9kn87p,2026-09-12T22:33:20+00:00
0ade43330b65ca4a,jobberman,hse-officer-j6xqjg,HSE Officer,,,,Nigeria,unknown,,,,,,,,,,,,https://www.jobberman.com/listings/hse-officer-j6xqjg,2026-09-12T22:33:20+00:00
d3ec2686578cfddd,jobberman,operation-officer-real-estate-administration-z8j40d,Operation Officer,,,,Nigeria,unknown,,,,,,,,,,,,https://www.jobberman.com/listings/operation-officer-real-estate-administration-z8j40d,2026-09-12T22:33:20+00:00
0adb91a594621dfc,jobberman,account-officer-wrkpeg,Account Officer,,,,Nigeria,unknown,,,,,,,,,,,,https://www.jobberman.com/listings/account-officer-wrkpeg,2026-09-12T22:33:20+00:00
2c49ae0559ce6e8d,jobberman,audit-officer-vdkw4p,Audit Officer,,,,Nigeria,unknown,,,,,,,,,,,Other Tech,https://www.jobberman.com/listings/audit-officer-vdkw4p,2026-09-12T22:33:20+00:00
75801d3b608f5253,jobberman,payment-officerbetting-industry-2kw0z6,Payment Officer,,,,Nigeria,unknown,,,,,,,,,,,,https://www.jobberman.com/listings/payment-officerbetting-industry-2kw0z6,2026-09-12T22:33:20+00:00
763c6cffaba8efb9,jobberman,sales-officer-gmdw5k,Sales Officer,,,,Nigeria,unknown,,,,,,,,,,,,https://www.jobberman.com/listings/sales-officer-gmdw5k,2026-09-12T22:33:20+00:00
5140719f7e70fd4a,jobberman,commercial-officer-real-estate-business-development-9knj0j,Commercial Officer,,,,Nigeria,unknown,,,,,,,,,,,,https://www.jobberman.com/listings/commercial-officer-real-estate-business-development-9knj0j,2026-09-12T22:33:20+00:00
823c3c8ff86fac95,jobberman,inventory-officer-rrjvdg,Inventory Officer,,,,Nigeria,unknown,,,,,,,,,,,,https://www.jobberman.com/listings/inventory-officer-rrjvdg,2026-09-12T22:33:20+00:00
4bd88f36eb3e4264,jobberman,cashier-erxq29,Cashier Officer,,,,Nigeria,unknown,,,,,,,,,,,,https://www.jobberman.com/listings/cashier-erxq29,2026-09-12T22:33:20+00:00
deed6f87c1072785,jobberman,admin-officer-0k9wdz,Admin Officer,,,,Nigeria,unknown,,,,,,,,,,,,https://www.jobberman.com/listings/admin-officer-0k9wdz,2026-09-12T22:33:20+00:00
df7bdb209e6596ba,jobberman,administrative-officer-0k9w9z,Administrative Officer,,,,Nigeria,unknown,,,,,,,,,,,,https://www.jobberman.com/listings/administrative-officer-0k9w9z,2026-09-12T22:33:23+00:00
df7b40bd25781634,jobberman,hr-officer-gmdgn4,HR Officer,,,,Nigeria,unknown,,,,,,,,,,,,https://www.jobberman.com/listings/hr-officer-gmdgn4,2026-09-12T22:33:23+00:00
dfe2f513b84358f7,jobberman,procurement-officer-2kwrmd,Procurement Officer,,,,Nigeria,unknown,,,,,,,,,,,,https://www.jobberman.com/listings/procurement-officer-2kwrmd,2026-09-12T22:33:23+00:00
3ae3413bcbbaa5b1,jobberman,operation-officer-rrjq98,Operation Officer,,,,Nigeria,unknown,,,,,,,,,,,,https://www.jobberman.com/listings/operation-officer-rrjq98,2026-09-12T22:33:23+00:00
37c033a4dec8f8d8,jobberman,cash-officer-abakaliki-vdkpj8,Cash officer,,,,Nigeria,unknown,,,,,,,,,,,,https://www.jobberman.com/listings/cash-officer-abakaliki-vdkpj8,2026-09-12T22:33:23+00:00
3bede3ae2aa81092,jobberman,ticketing-officer-rrjqe8,Ticketing Officer,,,,Nigeria,unknown,,,,,,,,,,,,https://www.jobberman.com/listings/ticketing-officer-rrjqe8,2026-09-12T22:33:23+00:00
ee9e04d548a9eca9,jobberman,logistics-officer-j6xj98,Logistics Officer,,,,Nigeria,unknown,,,,,,,,,,,,https://www.jobberman.com/listings/logistics-officer-j6xj98,2026-09-12T22:33:23+00:00
448965965c85d43f,jobberman,urgent-hiring-accounts-officer-8m9zkn,Accounts Officer,,,,Nigeria,unknown,,,,,,,,,,,,https://www.jobberman.com/listings/urgent-hiring-accounts-officer-8m9zkn,2026-09-12T22:33:23+00:00
30c6871a62c925cc,jobberman,account-officer-fresh-graduates-z8j4rv,Account Officer,,,,Nigeria,unknown,,,,,,,,,,,,https://www.jobberman.com/listings/account-officer-fresh-graduates-z8j4rv,2026-09-12T22:33:23+00:00
d58f1b6ce963dfcf,jobberman,treasury-officer-erx5vd,Treasury Officer,,,,Nigeria,unknown,,,,,,,,,,,,https://www.jobberman.com/listings/treasury-officer-erx5vd,2026-09-12T22:33:23+00:00
17d57b1254ec3179,jobberman,sales-officer-5pz4x7,Sales Officer,,,,Nigeria,unknown,,,,,,,,,,,,https://www.jobberman.com/listings/sales-officer-5pz4x7,2026-09-12T22:33:23+00:00
37df1d7666c2274b,jobberman,housekeeping-officer-6qv6k6,Housekeeping Officer,,,,Nigeria,unknown,,,,,,,,,,,,https://www.jobberman.com/listings/housekeeping-officer-6qv6k6,2026-09-12T22:33:23+00:00
5c62c5baad98e19e,jobberman,marketing-officer-2kwrr8,Marketing Officer,,,,Nigeria,unknown,,,,,,,,,,,,https://www.jobberman.com/listings/marketing-officer-2kwrr8,2026-09-12T22:33:23+00:00
4803638a30d88167,jobberman,administrative-officer-6qvx4z,Administrative Officer,,,,Nigeria,unknown,,,,,,,,,,,,https://www.jobberman.com/listings/administrative-officer-6qvx4z,2026-09-12T22:33:23+00:00
d0f72f0954f55659,jobberman,hr-officer-4564d5,HR Officer,,,,Nigeria,unknown,,,,,,,,,,,,https://www.jobberman.com/listings/hr-officer-4564d5,2026-09-12T22:33:26+00:00
13974f970ce7fa22,jobberman,hr-officer-n9026m,HR Officer,,,,Nigeria,unknown,,,,,,,,,,,,https://www.jobberman.com/listings/hr-officer-n9026m,2026-09-12T22:33:26+00:00
3ed434f7bfa7dda8,jobberman,hmo-officer-erxdjz,HMO Officer,,,,Nigeria,unknown,,,,,,,,,,,,https://www.jobberman.com/listings/hmo-officer-erxdjz,2026-09-12T22:33:26+00:00
f47888b6f656b9d2,jobberman,finance-officer-8m90xz,Finance Officer,,,,Nigeria,unknown,,,,,,,,,,,,https://www.jobberman.com/listings/finance-officer-8m90xz,2026-09-12T22:33:26+00:00
8591df045ac0f072,jobberman,ticketing-officer-x8kdqm,Ticketing Officer,,,,Nigeria,unknown,,,,,,,,,,,,https://www.jobberman.com/listings/ticketing-officer-x8kdqm,2026-09-12T22:33:26+00:00
ee5f35733103d602,jobberman,hse-officer-gmd58e,HSE Officer,,,,Nigeria,unknown,,,,,,,,,,,,https://www.jobberman.com/listings/hse-officer-gmd58e,2026-09-12T22:33:26+00:00
7b28a662bd3759da,jobberman,hse-officer-m0jmvw,HSE Officer,,,,Nigeria,unknown,,,,,,,,,,,,https://www.jobberman.com/listings/hse-officer-m0jmvw,2026-09-12T22:33:26+00:00
156790a16424c28c,jobberman,hr-executive-officer-pgnkzv,HR Officer,,,,Nigeria,unknown,,,,,,,,,,,,https://www.jobberman.com/listings/hr-executive-officer-pgnkzv,2026-09-12T22:33:26+00:00
193acbd3209282d4,jobberman,operations-officer-qzwpj6,Operations Officer,,,,Nigeria,unknown,,,,,,,,,,,,https://www.jobberman.com/listings/operations-officer-qzwpj6,2026-09-12T22:33:26+00:00
e2bbb8e1bf591cce,jobberman,marketing-officer-6qr0e6,Marketing Officer,,,,Nigeria,unknown,,,,,,,,,,,,https://www.jobberman.com/listings/marketing-officer-6qr0e6,2026-09-12T22:33:26+00:00
dfacb467a1fc0405,jobberman,financial-officer-pgnk40,Financial officer,,,,Nigeria,unknown,,,,,,,,,,,,https://www.jobberman.com/listings/financial-officer-pgnk40,2026-09-12T22:33:26+00:00
768a63ec9f4552d5,jobberman,safety-officer-j65v06,Safety Officer,,,,Nigeria,unknown,,,,,,,,,,,,https://www.jobberman.com/listings/safety-officer-j65v06,2026-09-12T22:33:26+00:00
df4cf2e4085a21a5,jobberman,office-assistant-j65vg6,Office Assistant,,,,Nigeria,unknown,,,,,,,,,,,,https://www.jobberman.com/listings/office-assistant-j65vg6,2026-09-12T22:33:26+00:00
58e523f7b2569213,jobberman,hr-officer-5pr79r,HR Officer,,,,Nigeria,unknown,,,,,,,,,,,,https://www.jobberman.com/listings/hr-officer-5pr79r,2026-09-12T22:33:26+00:00
8d1fa0ec321ae2e4,jobberman,human-resourceadmin-k76965,HR Officer,,,,Nigeria,unknown,,,,,,,,,,,,https://www.jobberman.com/listings/human-resourceadmin-k76965,2026-09-12T22:33:29+00:00
51c23f42dfb1e844,jobberman,visa-officer-j65new,visa officer,,,,Nigeria,unknown,,,,,,,,,,,,https://www.jobberman.com/listings/visa-officer-j65new,2026-09-12T22:33:29+00:00
0c5e247d90ae11b5,jobberman,admin-officer-0k8qvm,Admin Officer,,,,Nigeria,unknown,,,,,,,,,,,,https://www.jobberman.com/listings/admin-officer-0k8qvm,2026-09-12T22:33:29+00:00
9bd3e442e328327a,jobberman,inventory-officer-inventory-control-stock-management-wrnd0z,Inventory Officer,,,,Nigeria,unknown,,,,,,,,,,,,https://www.jobberman.com/listings/inventory-officer-inventory-control-stock-management-wrnd0z,2026-09-12T22:33:29+00:00
e50136d22fc4b29e,jobberman,tourism-officer-2k84v2,Tourism Officer,,,,Nigeria,unknown,,,,,,,,,,,,https://www.jobberman.com/listings/tourism-officer-2k84v2,2026-09-12T22:33:29+00:00
4a25169513491da3,jobberman,cash-officer-gm4vr8,Cash Officer,,,,Nigeria,unknown,,,,,,,,,,,,https://www.jobberman.com/listings/cash-officer-gm4vr8,2026-09-12T22:33:29+00:00
67211a75257523f2,jobberman,cash-officer-6qrg8p,Cash Officer,,,,Nigeria,unknown,,,,,,,,,,,,https://www.jobberman.com/listings/cash-officer-6qrg8p,2026-09-12T22:33:29+00:00
dc6c20775458a896,jobberman,finance-officer-bodija-9krp2w,Finance Officer,,,,Nigeria,unknown,,,,,,,,,,,,https://www.jobberman.com/listings/finance-officer-bodija-9krp2w,2026-09-12T22:33:29+00:00
84585ed82b4cc91e,jobberman,reconciliation-officer-m0vzqj,Reconciliation Officer,,,,Nigeria,unknown,,,,,,,,,,,,https://www.jobberman.com/listings/reconciliation-officer-m0vzqj,2026-09-12T22:33:29+00:00
533bef193e6b75ea,jobberman,medical-officer-x8w5zv,Medical Officer,,,,Nigeria,unknown,,,,,,,,,,,,https://www.jobberman.com/listings/medical-officer-x8w5zv,2026-09-12T22:33:29+00:00
c6b59913eaad25d4,jobberman,finance-officer-5prmz2,Finance Officer,,,,Nigeria,unknown,,,,,,,,,,,,https://www.jobberman.com/listings/finance-officer-5prmz2,2026-09-12T22:33:29+00:00
b03497a6e00278f4,jobberman,office-secretary-9krzvp,Office Secretary,,,,Nigeria,unknown,,,,,,,,,,,,https://www.jobberman.com/listings/office-secretary-9krzvp,2026-09-12T22:33:29+00:00
7a8ebb0cbdb518f9,jobberman,office-assistant-qzwm7v,Office Assistant,,,,Nigeria,unknown,,,,,,,,,,,,https://www.jobberman.com/listings/office-assistant-qzwm7v,2026-09-12T22:33:29+00:00
69eae2cbe96fca3c,jobberman,account-officer-k764dz,Account Officer,,,,Nigeria,unknown,,,,,,,,,,,,https://www.jobberman.com/listings/account-officer-k764dz,2026-09-12T22:33:29+00:00
dfc2c1f9ed962aab,jobberman,office-clerk-n90mdv,Office Clerk,,,,Nigeria,unknown,,,,,,,,,,,,https://www.jobberman.com/listings/office-clerk-n90mdv,2026-09-12T22:33:29+00:00
52421f280d087778,jobberman,operations-officer-5pre6r,Operations Officer,,,,Nigeria,unknown,,,,,,,,,,,,https://www.jobberman.com/listings/operations-officer-5pre6r,2026-09-12T22:33:32+00:00
32ae3a92f5eda85b,jobberman,cash-officer-vd98n5,Cash Officer,,,,Nigeria,unknown,,,,,,,,,,,,https://www.jobberman.com/listings/cash-officer-vd98n5,2026-09-12T22:33:32+00:00
e01b3888847e6ce4,jobberman,office-assistant-cleaner-45rker,Office Assistant,,,,Nigeria,unknown,,,,,,,,,,,,https://www.jobberman.com/listings/office-assistant-cleaner-45rker,2026-09-12T22:33:32+00:00
e4d853b0ca9ed9d8,jobberman,account-officer-rr69rx,Account Officer,,,,Nigeria,unknown,,,,,,,,,,,,https://www.jobberman.com/listings/account-officer-rr69rx,2026-09-12T22:33:32+00:00
53c1cf5bbd1f5a01,jobberman,procurement-officer-m0v2zd,Procurement Officer,,,,Nigeria,unknown,,,,,,,,,,,,https://www.jobberman.com/listings/procurement-officer-m0v2zd,2026-09-12T22:33:32+00:00
c064daf0c5eba5e7,jobberman,hr-officer-wrn4dp,HR Officer,,,,Nigeria,unknown,,,,,,,,,,,,https://www.jobberman.com/listings/hr-officer-wrn4dp,2026-09-12T22:33:32+00:00
0a2f0ee177143924,jobberman,admin-officer-9kr7p8,Admin Officer,,,,Nigeria,unknown,,,,,,,,,,,,https://www.jobberman.com/listings/admin-officer-9kr7p8,2026-09-12T22:33:32+00:00
78a719bccc6567cb,jobberman,payment-officer-for-betting-company-qzw09k,Payment Officer,,,,Nigeria,unknown,,,,,,,,,,,,https://www.jobberman.com/listings/payment-officer-for-betting-company-qzw09k,2026-09-12T22:33:32+00:00
e06a65bd51e729db,jobberman,loan-officer-rr698x,Loan Officer,,,,Nigeria,unknown,,,,,,,,,,,,https://www.jobberman.com/listings/loan-officer-rr698x,2026-09-12T22:33:32+00:00
ee47f6307f197921,jobberman,credit-officer-m0v2g2,Credit Officer,,,,Nigeria,unknown,,,,,,,,,,,Other Tech,https://www.jobberman.com/listings/credit-officer-m0v2g2,2026-09-12T22:33:32+00:00
c03c3d6fbf17a2d1,jobberman,credit-officer-in-mfi-j65kqv,Loan Officer,,,,Nigeria,unknown,,,,,,,,,,,,https://www.jobberman.com/listings/credit-officer-in-mfi-j65kqv,2026-09-12T22:33:32+00:00
753dccd76488acd2,jobberman,warehouse-officer-x8wr2v,Warehouse Officer,,,,Nigeria,unknown,,,,,,,,,,,,https://www.jobberman.com/listings/warehouse-officer-x8wr2v,2026-09-12T22:33:32+00:00
9e1e9e9f0871252b,jobberman,inventory-officer-n906xz,Inventory Officer,,,,Nigeria,unknown,,,,,,,,,,,,https://www.jobberman.com/listings/inventory-officer-n906xz,2026-09-12T22:33:32+00:00
5d36fd18715687bb,jobberman,treasury-officer-7jx28z,Treasury Officer,,,,Nigeria,unknown,,,,,,,,,,,,https://www.jobberman.com/listings/treasury-officer-7jx28z,2026-09-12T22:33:32+00:00
7a8c60b2c6b0b989,jobberman,medical-officer-6qrpkn,Medical Officer,,,,Nigeria,unknown,,,,,,,,,,,,https://www.jobberman.com/listings/medical-officer-6qrpkn,2026-09-12T22:33:35+00:00
effb11f0f55def61,jobberman,procurement-officer-wrn4zm,Procurement Officer,,,,Nigeria,unknown,,,,,,,,,,,,https://www.jobberman.com/listings/procurement-officer-wrn4zm,2026-09-12T22:33:35+00:00
e35ac79affb70d3c,jobberman,inventory-officer-rr69vx,Inventory Officer,,,,Nigeria,unknown,,,,,,,,,,,,https://www.jobberman.com/listings/inventory-officer-rr69vx,2026-09-12T22:33:35+00:00
73996619b10d1a50,jobberman,order-fulfilment-officer-pgn4vm,Fulfilment Officer,,,,Nigeria,unknown,,,,,,,,,,,,https://www.jobberman.com/listings/order-fulfilment-officer-pgn4vm,2026-09-12T22:33:35+00:00
09e4e47353d9d918,jobberman,compliance-officer-x8wvn2,Compliance Officer,,,,Nigeria,unknown,,,,,,,,,,,,https://www.jobberman.com/listings/compliance-officer-x8wvn2,2026-09-12T22:33:35+00:00
3cd6200b97a02121,jobberman,marketing-officer-0k8j0j,Marketing Officer,,,,Nigeria,unknown,,,,,,,,,,,,https://www.jobberman.com/listings/marketing-officer-0k8j0j,2026-09-12T22:33:35+00:00
8b90022f76ecd8b2,jobberman,ticketing-officer-2k86ng,Ticketing Officer,,,,Nigeria,unknown,,,,,,,,,,,,https://www.jobberman.com/listings/ticketing-officer-2k86ng,2026-09-12T22:33:35+00:00
ff6f3213fd4aeaed,jobberman,administrative-officer-pgneqj,Administrative Officer,,,,Nigeria,unknown,,,,,,,,,,,,https://www.jobberman.com/listings/administrative-officer-pgneqj,2026-09-12T22:33:35+00:00
b797e4e646456329,jobberman,operations-officer-z8r96v,Operations Officer,,,,Nigeria,unknown,,,,,,,,,,,,https://www.jobberman.com/listings/operations-officer-z8r96v,2026-09-12T22:33:35+00:00
9275d330121ad8b8,jobberman,compliance-officer-n90e20,Compliance Officer,,,,Nigeria,unknown,,,,,,,,,,,,https://www.jobberman.com/listings/compliance-officer-n90e20,2026-09-12T22:33:35+00:00
d6164d0330d28bfa,jobberman,security-officer-rr6e74,Security Officer,,,,Nigeria,unknown,,,,,,,,,,,,https://www.jobberman.com/listings/security-officer-rr6e74,2026-09-12T22:33:35+00:00
6a3a23a0d3bed32b,jobberman,administrative-officer-45rvq4,Administrative Officer,,,,Nigeria,unknown,,,,,,,,,,,,https://www.jobberman.com/listings/administrative-officer-45rvq4,2026-09-12T22:33:35+00:00
d5cb9345ad60341c,jobberman,hygiene-officer-gm4ezr,Hygiene Officer,,,,Nigeria,unknown,,,,,,,,,,,,https://www.jobberman.com/listings/hygiene-officer-gm4ezr,2026-09-12T22:33:35+00:00
6fd1c3d084779820,jobberman,hr-officer-rr6xpg,HR Officer,,,,Nigeria,unknown,,,,,,,,,,,,https://www.jobberman.com/listings/hr-officer-rr6xpg,2026-09-12T22:33:35+00:00
df73dea80071a2ca,jobberman,admin-officer-9krvz8,Admin Officer,,,,Nigeria,unknown,,,,,,,,,,,,https://www.jobberman.com/listings/admin-officer-9krvz8,2026-09-12T22:33:35+00:00
c4b9ed309561d996,jobberman,admin-officer-45rv6m,Admin Officer,,,,Nigeria,unknown,,,,,,,,,,,,https://www.jobberman.com/listings/admin-officer-45rv6m,2026-09-12T22:33:38+00:00
c0e754a3caf677aa,jobberman,inventory-officer-pgn4rr,Inventory Officer,,,,Nigeria,unknown,,,,,,,,,,,,https://www.jobberman.com/listings/inventory-officer-pgn4rr,2026-09-12T22:33:38+00:00
984f76dcedb9b5ee,jobberman,hotel-security-officer-9krvmw,Security Officer,,,,Nigeria,unknown,,,,,,,,,,,,https://www.jobberman.com/listings/hotel-security-officer-9krvmw,2026-09-12T22:33:38+00:00
f9ba22f86a7dfee2,jobberman,administrative-officer-erp8gv,Administrative officer,,,,Nigeria,unknown,,,,,,,,,,,,https://www.jobberman.com/listings/administrative-officer-erp8gv,2026-09-12T22:33:38+00:00
b6f0269ffaa9b92e,jobberman,credit-officers-45r9x9,Credit Officer,,,,Nigeria,unknown,,,,,,,,,,,Other Tech,https://www.jobberman.com/listings/credit-officers-45r9x9,2026-09-12T22:33:38+00:00
ac245d017ecaf2b5,jobberman,office-assistant-rr6xwg,Office Assistant,,,,Nigeria,unknown,,,,,,,,,,,,https://www.jobberman.com/listings/office-assistant-rr6xwg,2026-09-12T22:33:38+00:00
a8f0bf690e4a6d58,jobberman,account-personnel-to-the-managing-director-6qrwgn,Accounts Officer,,,,Nigeria,unknown,,,,,,,,,,,,https://www.jobberman.com/listings/account-personnel-to-the-managing-director-6qrwgn,2026-09-12T22:33:38+00:00
c83b5e2f6b9c7a93,jobberman,office-assistant-gm4r2n,Office Assistant,,,,Nigeria,unknown,,,,,,,,,,,,https://www.jobberman.com/listings/office-assistant-gm4r2n,2026-09-12T22:33:38+00:00
34a7939014792602,jobberman,warehouse-officer-erp86v,Warehouse Officer,,,,Nigeria,unknown,,,,,,,,,,,,https://www.jobberman.com/listings/warehouse-officer-erp86v,2026-09-12T22:33:38+00:00
219bb202444127d0,jobberman,sales-officer-vd9r7k,Sales officer,,,,Nigeria,unknown,,,,,,,,,,,,https://www.jobberman.com/listings/sales-officer-vd9r7k,2026-09-12T22:33:38+00:00
d11ed2dcf399b7fb,jobberman,audit-officer-45r9k8,Audit Officer,,,,Nigeria,unknown,,,,,,,,,,,Other Tech,https://www.jobberman.com/listings/audit-officer-45r9k8,2026-09-12T22:33:38+00:00
fb87b67e6fa08b64,jobberman,hr-officer-9krzqp,HR Officer,,,,Nigeria,unknown,,,,,,,,,,,,https://www.jobberman.com/listings/hr-officer-9krzqp,2026-09-12T22:33:38+00:00
24a3468c708985fa,jobberman,nursing-officer-7jxq6z,Nursing Officer,,,,Nigeria,unknown,,,,,,,,,,,,https://www.jobberman.com/listings/nursing-officer-7jxq6z,2026-09-12T22:33:38+00:00
3eaea774d074dedf,jobberman,medical-officer-6qrwjj,Medical Officer,,,,Nigeria,unknown,,,,,,,,,,,,https://www.jobberman.com/listings/medical-officer-6qrwjj,2026-09-12T22:33:38+00:00
ef54a0e80e22199e,jobberman,marketing-officers-m0vqmz,Marketing Officer,,,,Nigeria,unknown,,,,,,,,,,,,https://www.jobberman.com/listings/marketing-officers-m0vqmz,2026-09-12T22:33:38+00:00
e7c834ef77d30781,jobberman,procurement-officer-vd9rpw,Procurement Officer,,,,Nigeria,unknown,,,,,,,,,,,,https://www.jobberman.com/listings/procurement-officer-vd9rpw,2026-09-12T22:33:38+00:00
dfd13595d596a46d,jobberman,marketing-officer-pgn9p0,Marketing Officer,,,,Nigeria,unknown,,,,,,,,,,,,https://www.jobberman.com/listings/marketing-officer-pgn9p0,2026-09-12T22:33:41+00:00
3e605ae684bb3458,jobberman,office-assistant-8mk85n,Office Assistant,,,,Nigeria,unknown,,,,,,,,,,,,https://www.jobberman.com/listings/office-assistant-8mk85n,2026-09-12T22:33:41+00:00
717c3ac480ceb2b0,jobberman,finance-officer-45rwee,Finance Officer,,,,Nigeria,unknown,,,,,,,,,,,,https://www.jobberman.com/listings/finance-officer-45rwee,2026-09-12T22:33:41+00:00
b5d3585d2720fcf0,jobberman,office-manager-6qr804,Office Manager,,,,Nigeria,unknown,,,,,,,,,,,,https://www.jobberman.com/listings/office-manager-6qr804,2026-09-12T22:33:41+00:00
97ac3217c8a0f6df,jobberman,revenue-officer-z8rwzn,Revenue Officer,,,,Nigeria,unknown,,,,,,,,,,,,https://www.jobberman.com/listings/revenue-officer-z8rwzn,2026-09-12T22:33:41+00:00
b3e905808580ff22,jobberman,marketer-officer-z8rw8n,Marketer Officer,,,,Nigeria,unknown,,,,,,,,,,,,https://www.jobberman.com/listings/marketer-officer-z8rw8n,2026-09-12T22:33:41+00:00
87a1955e21bddfcf,jobberman,bank-officer-5prqxp,Bank Officer,,,,Nigeria,unknown,,,,,,,,,,,,https://www.jobberman.com/listings/bank-officer-5prqxp,2026-09-12T22:33:41+00:00
a4bf11c1c34c0635,jobberman,safety-officer-6qr86v,Safety Officer,,,,Nigeria,unknown,,,,,,,,,,,,https://www.jobberman.com/listings/safety-officer-6qr86v,2026-09-12T22:33:41+00:00
f95b92aa60a9d628,jobberman,purchasing-officer-m0vq5z,Purchasing Officer,,,,Nigeria,unknown,,,,,,,,,,,,https://www.jobberman.com/listings/purchasing-officer-m0vq5z,2026-09-12T22:33:41+00:00
b2272963a253afdc,jobberman,insurance-officer-6qr2vd,Insurance Officer,,,,Nigeria,unknown,,,,,,,,,,,,https://www.jobberman.com/listings/insurance-officer-6qr2vd,2026-09-12T22:33:41+00:00
9c2a14a86b9a149d,jobberman,account-offer-vd90k8,Account Officer,,,,Nigeria,unknown,,,,,,,,,,,,https://www.jobberman.com/listings/account-offer-vd90k8,2026-09-12T22:33:41+00:00
bf484b178dd316f4,jobberman,insurance-officer-0k8x98,Insurance Officer,,,,Nigeria,unknown,,,,,,,,,,,,https://www.jobberman.com/listings/insurance-officer-0k8x98,2026-09-12T22:33:41+00:00
5b960dd85357a369,jobberman,store-officer-2k828p,Store Officer,,,,Nigeria,unknown,,,,,,,,,,,,https://www.jobberman.com/listings/store-officer-2k828p,2026-09-12T22:33:41+00:00
32a48250efa9eaf2,jobberman,account-officer-x8wnwm,Account Officer,,,,Nigeria,unknown,,,,,,,,,,,,https://www.jobberman.com/listings/account-officer-x8wnwm,2026-09-12T22:33:41+00:00
f920d4d2eec66a1f,jobberman,school-marketing-officer-45r2r2,Marketing Officer,,,,Nigeria,unknown,,,,,,,,,,,,https://www.jobberman.com/listings/school-marketing-officer-45r2r2,2026-09-12T22:33:41+00:00
ef4fb914edda8c24,jobberman,activation-officer-qzwkwv,Activation Officer,,,,Nigeria,unknown,,,,,,,,,,,,https://www.jobberman.com/listings/activation-officer-qzwkwv,2026-09-12T22:33:41+00:00
deb2b32f3491eb98,jobberman,operations-officer-5pr2r6,Operations Officer,,,,Nigeria,unknown,,,,,,,,,,,,https://www.jobberman.com/listings/operations-officer-5pr2r6,2026-09-12T22:33:44+00:00
0b0c7111c93ad6bb,jobberman,school-hr-officer-erpm95,HR Officer,,,,Nigeria,unknown,,,,,,,,,,,,https://www.jobberman.com/listings/school-hr-officer-erpm95,2026-09-12T22:33:44+00:00
a90766c388d29e29,jobberman,it-technical-officer-6qr2qd,IT Technical officer,,,,Nigeria,unknown,,,,,,,,,,,Other Tech,https://www.jobberman.com/listings/it-technical-officer-6qr2qd,2026-09-12T22:33:44+00:00
8ba1935558e0a3fa,jobberman,merchandising-officer-wrn92d,Merchandising Officer,,,,Nigeria,unknown,,,,,,,,,,,,https://www.jobberman.com/listings/merchandising-officer-wrn92d,2026-09-12T22:33:44+00:00
0db8518f108cb0e0,jobberman,investment-officer-pgn56j,Investment Officer,,,,Nigeria,unknown,,,,,,,,,,,,https://www.jobberman.com/listings/investment-officer-pgn56j,2026-09-12T22:33:44+00:00
973c97253178fc35,jobberman,medical-officer-7jxrr8,Medical Officer,,,,Nigeria,unknown,,,,,,,,,,,,https://www.jobberman.com/listings/medical-officer-7jxrr8,2026-09-12T22:33:44+00:00
28313eac51b290fb,jobberman,operations-officer-8mkxd9,Operations Officer,,,,Nigeria,unknown,,,,,,,,,,,,https://www.jobberman.com/listings/operations-officer-8mkxd9,2026-09-12T22:33:44+00:00
75c7bf1985aed9bc,jobberman,sales-officer-d9dj48,Sales Officer,,,,Nigeria,unknown,,,,,,,,,,,,https://www.jobberman.com/listings/sales-officer-d9dj48,2026-09-12T22:33:44+00:00
e8b93f716bb8edd7,jobberman,transaction-officer-wrn5jg,Transaction Officer,,,,Nigeria,unknown,,,,,,,,,,,,https://www.jobberman.com/listings/transaction-officer-wrn5jg,2026-09-12T22:33:44+00:00
aefeb73f923045c3,jobberman,recruitment-officer-pgnqj4,Recruitment Officer,,,,Nigeria,unknown,,,,,,,,,,,,https://www.jobberman.com/listings/recruitment-officer-pgnqj4,2026-09-12T22:33:44+00:00
22f1b6e249db884f,jobberman,store-officer-k76vmv,Store Officer,,,,Nigeria,unknown,,,,,,,,,,,,https://www.jobberman.com/listings/store-officer-k76vmv,2026-09-12T22:33:44+00:00
d41827611659bef1,jobberman,rental-officer-d9d4xr,Rental Officer,,,,Nigeria,unknown,,,,,,,,,,,,https://www.jobberman.com/listings/rental-officer-d9d4xr,2026-09-12T22:33:44+00:00
db5e2e6ac337761a,jobberman,content-officer-45r7x4,Content Officer,,,,Nigeria,unknown,,,,,,,,,,,,https://www.jobberman.com/listings/content-officer-45r7x4,2026-09-12T22:33:44+00:00
457580973abdfa3e,jobberman,administrative-officer-x8wxr2,Administrative Officer,,,,Nigeria,unknown,,,,,,,,,,,,https://www.jobberman.com/listings/administrative-officer-x8wxr2,2026-09-12T22:33:44+00:00
f8372e647e4d49a3,jobberman,operations-officer-m0vd2g,Operations Officer,,,,Nigeria,unknown,,,,,,,,,,,,https://www.jobberman.com/listings/operations-officer-m0vd2g,2026-09-12T22:33:44+00:00
deec02ea1cc7dd69,jobberman,admin-officer-x8wq04,Admin Officer,,,,Nigeria,unknown,,,,,,,,,,,,https://www.jobberman.com/listings/admin-officer-x8wq04,2026-09-12T22:33:48+00:00
597268e6a6698e32,jobberman,senior-loan-officer-vd9z75,Loan Officer,,,,Nigeria,unknown,,,,,,,,,,,,https://www.jobberman.com/listings/senior-loan-officer-vd9z75,2026-09-12T22:33:48+00:00
682651a8dba1e1bc,jobberman,loan-officer-8mkgep,Loan Officer,,,,Nigeria,unknown,,,,,,,,,,,,https://www.jobberman.com/listings/loan-officer-8mkgep,2026-09-12T22:33:48+00:00
6f8d1d9cfbe780d6,jobberman,credit-officer-qzw6jz,Credit Officer,,,,Nigeria,unknown,,,,,,,,,,,Other Tech,https://www.jobberman.com/listings/credit-officer-qzw6jz,2026-09-12T22:33:48+00:00
3281b21be8da794c,jobberman,procurement-officer-d9d2gr,Procurement Officer,,,,Nigeria,unknown,,,,,,,,,,,,https://www.jobberman.com/listings/procurement-officer-d9d2gr,2026-09-12T22:33:48+00:00
2848b68341c826c4,jobberman,program-officer-wrnk9d,Program Officer,,,,Nigeria,unknown,,,,,,,,,,,,https://www.jobberman.com/listings/program-officer-wrnk9d,2026-09-12T22:33:48+00:00
f59416a049f53e87,jobberman,account-officer-rr668n,Account Officer,,,,Nigeria,unknown,,,,,,,,,,,,https://www.jobberman.com/listings/account-officer-rr668n,2026-09-12T22:33:48+00:00
dbbfeeaaffb21d56,jobberman,procurement-officer-0k88ew,Procurement Officer,,,,Nigeria,unknown,,,,,,,,,,,,https://www.jobberman.com/listings/procurement-officer-0k88ew,2026-09-12T22:33:48+00:00
2d5c4f07f8eee291,jobberman,project-officer-0k88qw,Project Officer,,,,Nigeria,unknown,,,,,,,,,,,,https://www.jobberman.com/listings/project-officer-0k88qw,2026-09-12T22:33:48+00:00
83c0305a945753b5,jobberman,hotel-procurement-officer-rr6695,Procurement Officer,,,,Nigeria,unknown,,,,,,,,,,,,https://www.jobberman.com/listings/hotel-procurement-officer-rr6695,2026-09-12T22:33:48+00:00
e39dcfa0d12eb7aa,jobberman,hotel-security-officer-7jxx28,Security Officer,,,,Nigeria,unknown,,,,,,,,,,,,https://www.jobberman.com/listings/hotel-security-officer-7jxx28,2026-09-12T22:33:48+00:00
4248b13698e4dda4,jobberman,loan-officer-8mk9d0,Loan Officer,,,,Nigeria,unknown,,,,,,,,,,,,https://www.jobberman.com/listings/loan-officer-8mk9d0,2026-09-12T22:33:48+00:00
cf74926c06265c6d,jobberman,accountant-9krrqx,Accounting Officer,,,,Nigeria,unknown,,,,,,,,,,,,https://www.jobberman.com/listings/accountant-9krrqx,2026-09-12T22:33:48+00:00
67dead940bdd0a7a,jobberman,account-officer-qzwwre,Account Officer,,,,Nigeria,unknown,,,,,,,,,,,,https://www.jobberman.com/listings/account-officer-qzwwre,2026-09-12T22:33:48+00:00
19971c2b26991a47,jobberman,control-room-operator-j6xpee,Control Room Operator,,,,Nigeria,unknown,,,,,,,,,,,,https://www.jobberman.com/listings/control-room-operator-j6xpee,2026-09-12T22:33:51+00:00
51c557318a68ca1f,jobberman,security-systems-installation-it-engineer-wrkgvk,Security Systems Installation/ IT Engineer,,,,Nigeria,unknown,,,,,,,,,,,Other Tech,https://www.jobberman.com/listings/security-systems-installation-it-engineer-wrkgvk,2026-09-12T22:33:51+00:00
2335a75ff519eb28,jobberman,business-development-manager-gmdgpr,Business Development Manager,,,,Nigeria,unknown,,,,,,,,,,,,https://www.jobberman.com/listings/business-development-manager-gmdgpr,2026-09-12T22:33:51+00:00
0364829861ba3245,jobberman,commercial-manager-4566ve,Commercial Manager,,,,Nigeria,unknown,,,,,,,,,,,,https://www.jobberman.com/listings/commercial-manager-4566ve,2026-09-12T22:33:51+00:00
51f99860787272f6,jobberman,sales-marketing-executive-2kwwkv,Sales & Marketing Executive,,,,Nigeria,unknown,,,,,,,,,,,,https://www.jobberman.com/listings/sales-marketing-executive-2kwwkv,2026-09-12T22:33:52+00:00
e47c0b55e3d96292,jobberman,head-of-strategy-2kw7rk,Head of Strategy,,,,Nigeria,unknown,,,,,,,,,,,,https://www.jobberman.com/listings/head-of-strategy-2kw7rk,2026-09-12T22:33:52+00:00
7538ac27649f7f7d,jobberman,partnership-executive-wrn6k0,Partnership Executive,,,,Nigeria,unknown,,,,,,,,,,,,https://www.jobberman.com/listings/partnership-executive-wrn6k0,2026-09-12T22:33:52+00:00
5bdb4e92c6bd1d5d,jobberman,production-manager-wrk2w0,Production Manager,,,,Nigeria,unknown,,,,,,,,,,,,https://www.jobberman.com/listings/production-manager-wrk2w0,2026-09-12T22:33:52+00:00
947c5e92e5bc6834,jobberman,chef-manager-with-baking-skills-9kn8j5,Chef Manager,,,,Nigeria,unknown,,,,,,,,,,,,https://www.jobberman.com/listings/chef-manager-with-baking-skills-9kn8j5,2026-09-12T22:33:54+00:00
19a52a118ca5f896,jobberman,senior-store-manager-rrjq84,Senior Store Manager,,,,Nigeria,unknown,,,,,,,,,,,,https://www.jobberman.com/listings/senior-store-manager-rrjq84,2026-09-12T22:33:54+00:00
1eef16a1effc34ae,jobberman,operations-supervisor-2kwrvp,Operations Supervisor,,,,Nigeria,unknown,,,,,,,,,,,,https://www.jobberman.com/listings/operations-supervisor-2kwrvp,2026-09-12T22:33:54+00:00
e1e81de9619662a7,jobberman,accountant-x8k6gn,Accountant,,,,Nigeria,unknown,,,,,,,,,,,,https://www.jobberman.com/listings/accountant-x8k6gn,2026-09-12T22:33:54+00:00
2d71b2163009c24f,jobberman,human-resources-manager-n9jdx0,Human Resources Manager,,,,Nigeria,unknown,,,,,,,,,,,,https://www.jobberman.com/listings/human-resources-manager-n9jdx0,2026-09-12T22:33:54+00:00
98ada193450f8948,jobberman,digital-community-marketing-coordinator-456dde,Digital & Community Marketing Coordinator,,,,Nigeria,unknown,,,,,,,,,,,,https://www.jobberman.com/listings/digital-community-marketing-coordinator-456dde,2026-09-12T22:33:54+00:00
9d25c15e45081141,jobberman,medical-laboratory-accountant-0k8q8e,Medical Laboratory Accountant,,,,Nigeria,unknown,,,,,,,,,,,,https://www.jobberman.com/listings/medical-laboratory-accountant-0k8q8e,2026-09-12T22:33:54+00:00
a28048b11e2e0819,jobberman,head-of-operations-vd9942,Head of operations,,,,Nigeria,unknown,,,,,,,,,,,,https://www.jobberman.com/listings/head-of-operations-vd9942,2026-09-12T22:33:54+00:00
683f8c4ab02458e6,jobberman,manager-d9ddem,Manager,,,,Nigeria,unknown,,,,,,,,,,,,https://www.jobberman.com/listings/manager-d9ddem,2026-09-12T22:33:54+00:00
ca0b3ad0f6043f9d,jobberman,manager-0knrkx,Manager,,,,Nigeria,unknown,,,,,,,,,,,,https://www.jobberman.com/listings/manager-0knrkx,2026-09-12T22:33:54+00:00
5eb308ca160377b8,jobberman,sales-manager-x8kk8q,Sales Manager,,,,Nigeria,unknown,,,,,,,,,,,,https://www.jobberman.com/listings/sales-manager-x8kk8q,2026-09-12T22:33:54+00:00
ee703dd7ca11986a,jobberman,farm-manager-j6x57v,Farm Manager,,,,Nigeria,unknown,,,,,,,,,,,,https://www.jobberman.com/listings/farm-manager-j6x57v,2026-09-12T22:33:54+00:00
514d2b1013642b72,jobberman,center-manager-6qvded,Center Manager,,,,Nigeria,unknown,,,,,,,,,,,,https://www.jobberman.com/listings/center-manager-6qvded,2026-09-12T22:33:54+00:00
535a3e9f86d39500,jobberman,project-manager-project-lead-project-engineer-2k8m8j,Project Manager,,,,Nigeria,unknown,,,,,,,,,,,,https://www.jobberman.com/listings/project-manager-project-lead-project-engineer-2k8m8j,2026-09-12T22:33:54+00:00
9a054f37b692c637,jobberman,commercial-manager-j6x44w,Commercial Manager,,,,Nigeria,unknown,,,,,,,,,,,,https://www.jobberman.com/listings/commercial-manager-j6x44w,2026-09-12T22:33:58+00:00
ee22e9a79725d7c0,jobberman,sales-manager-8mkj84,Sales Manager,,,,Nigeria,unknown,,,,,,,,,,,,https://www.jobberman.com/listings/sales-manager-8mkj84,2026-09-12T22:33:58+00:00
e04e9f133ae9560d,jobberman,finance-manager-0k86je,Finance Manager,,,,Nigeria,unknown,,,,,,,,,,,,https://www.jobberman.com/listings/finance-manager-0k86je,2026-09-12T22:33:58+00:00
3151565f86b9d8b5,jobberman,production-manager-0k844x,Production Manager,,,,Nigeria,unknown,,,,,,,,,,,,https://www.jobberman.com/listings/production-manager-0k844x,2026-09-12T22:33:58+00:00
bc1b0dbd629568c9,jobberman,technical-manager-m0v9d9,Technical Manager,,,,Nigeria,unknown,,,,,,,,,,,Other Tech,https://www.jobberman.com/listings/technical-manager-m0v9d9,2026-09-12T22:33:58+00:00
49293a2960656bb3,jobberman,operations-manager-45r5xe,Operations Manager,,,,Nigeria,unknown,,,,,,,,,,,,https://www.jobberman.com/listings/operations-manager-45r5xe,2026-09-12T22:33:58+00:00
594518d2336d5ace,jobberman,store-manager-9krje0,Store Manager,,,,Nigeria,unknown,,,,,,,,,,,,https://www.jobberman.com/listings/store-manager-9krje0,2026-09-12T22:33:58+00:00
518b9db699edca55,jobberman,facility-manager-vd9e5v,Facility Manager,,,,Nigeria,unknown,,,,,,,,,,,,https://www.jobberman.com/listings/facility-manager-vd9e5v,2026-09-12T22:33:58+00:00
7720f933fa10dbf2,jobberman,finance-manager-erpnej,Finance Manager,,,,Nigeria,unknown,,,,,,,,,,,,https://www.jobberman.com/listings/finance-manager-erpnej,2026-09-12T22:33:58+00:00
e36bc316a25b439b,jobberman,hr-manager-m0vr9j,HR Manager,,,,Nigeria,unknown,,,,,,,,,,,,https://www.jobberman.com/listings/hr-manager-m0vr9j,2026-09-12T22:33:58+00:00
237d7c3e48eeb523,jobberman,marketing-manager-0knmp6,Marketing Manager,,,,Nigeria,unknown,,,,,,,,,,,,https://www.jobberman.com/listings/marketing-manager-0knmp6,2026-09-12T22:33:58+00:00
572443de7af59484,jobberman,community-manager-gmpv29,Community Manager,,,,Nigeria,unknown,,,,,,,,,,,,https://www.jobberman.com/listings/community-manager-gmpv29,2026-09-12T22:33:58+00:00
3391423c4aa4e3b5,jobberman,content-manager-m06z8r,Content Manager,,,,Nigeria,unknown,,,,,,,,,,,,https://www.jobberman.com/listings/content-manager-m06z8r,2026-09-12T22:33:58+00:00
fb316ff90b96e85e,jobberman,brand-manager-x8g54j,Brand Manager,,,,Nigeria,unknown,,,,,,,,,,,,https://www.jobberman.com/listings/brand-manager-x8g54j,2026-09-12T22:33:58+00:00
6d50adb79fb4447c,jobberman,sales-manager-9k5e40,Sales Manager,,,,Nigeria,unknown,,,,,,,,,,,,https://www.jobberman.com/listings/sales-manager-9k5e40,2026-09-12T22:33:58+00:00
7e4d9250fb6426eb,jobberman,sales-manager-x8gm4q,Sales Manager,,,,Nigeria,unknown,,,,,,,,,,,,https://www.jobberman.com/listings/sales-manager-x8gm4q,2026-09-12T22:33:58+00:00
faa92c1fd5bdd3aa,jobberman,workshop-manager-8mp28p,Workshop Manager,,,,Nigeria,unknown,,,,,,,,,,,,https://www.jobberman.com/listings/workshop-manager-8mp28p,2026-09-12T22:34:02+00:00
9b7f9c879186820d,jobberman,operations-manager-9k5gnj,Operations Manager,,,,Nigeria,unknown,,,,,,,,,,,,https://www.jobberman.com/listings/operations-manager-9k5gnj,2026-09-12T22:34:02+00:00
ba6fc9a3e8ebec3b,jobberman,housekeeping-manager-m064w9,Housekeeping Manager,,,,Nigeria,unknown,,,,,,,,,,,,https://www.jobberman.com/listings/housekeeping-manager-m064w9,2026-09-12T22:34:02+00:00
1937910a7da94ae9,jobberman,housekeeping-manager-x8gq5n,Housekeeping Manager,,,,Nigeria,unknown,,,,,,,,,,,,https://www.jobberman.com/listings/housekeeping-manager-x8gq5n,2026-09-12T22:34:02+00:00
d1420a7b7fb0c055,jobberman,sales-manager-gmpdzn,Sales Manager,,,,Nigeria,unknown,,,,,,,,,,,,https://www.jobberman.com/listings/sales-manager-gmpdzn,2026-09-12T22:34:02+00:00
7722ab8bc8bbd1a3,jobberman,bakery-manager-5p9drp,Bakery Manager,,,,Nigeria,unknown,,,,,,,,,,,,https://www.jobberman.com/listings/bakery-manager-5p9drp,2026-09-12T22:34:02+00:00
8328c32cbb975cb2,jobberman,hotel-manager-450n5v,Hotel Manager,,,,Nigeria,unknown,,,,,,,,,,,,https://www.jobberman.com/listings/hotel-manager-450n5v,2026-09-12T22:34:02+00:00
1cb7762365c3efac,jobberman,production-in-charge-pg0wdw,Production Manager,,,,Nigeria,unknown,,,,,,,,,,,,https://www.jobberman.com/listings/production-in-charge-pg0wdw,2026-09-12T22:34:02+00:00
1c545a3612f1ab1f,jobberman,farm-manager-m008qz,Farm Manager,,,,Nigeria,unknown,,,,,,,,,,,,https://www.jobberman.com/listings/farm-manager-m008qz,2026-09-12T22:34:02+00:00
e7f9ec29fc1f35ee,jobberman,senior-business-manager-metering-m0vz92,Senior Business Manager,,,,Nigeria,unknown,,,,,,,,,,,,https://www.jobberman.com/listings/senior-business-manager-metering-m0vz92,2026-09-12T22:34:02+00:00
0f0f6291aedbcf3d,jobberman,regional-sales-manager-7jx25x,Regional Sales Manager,,,,Nigeria,unknown,,,,,,,,,,,,https://www.jobberman.com/listings/regional-sales-manager-7jx25x,2026-09-12T22:34:02+00:00
ff6c9efa174f1f67,jobberman,business-development-manager-8mkrjj,Business Development Manager,,,,Nigeria,unknown,,,,,,,,,,,,https://www.jobberman.com/listings/business-development-manager-8mkrjj,2026-09-12T22:34:02+00:00
9253fa30df600996,jobberman,social-media-manager-0k808x,Social Media Manager,,,,Nigeria,unknown,,,,,,,,,,,,https://www.jobberman.com/listings/social-media-manager-0k808x,2026-09-12T22:34:02+00:00
a76fc8a0b2b0102b,jobberman,deputy-project-manager-assistant-project-cordinator-telecoms-j65qv4,Deputy Project Manager,,,,Nigeria,unknown,,,,,,,,,,,,https://www.jobberman.com/listings/deputy-project-manager-assistant-project-cordinator-telecoms-j65qv4,2026-09-12T22:34:06+00:00
b2f79a6786fc41ab,jobberman,property-inspection-manager-7jxw9z,Property Inspection Manager,,,,Nigeria,unknown,,,,,,,,,,,,https://www.jobberman.com/listings/property-inspection-manager-7jxw9z,2026-09-12T22:34:06+00:00
f227ce884c4aeceb,jobberman,shortlet-property-manager-9krmv7,Shortlet Property Manager,,,,Nigeria,unknown,,,,,,,,,,,,https://www.jobberman.com/listings/shortlet-property-manager-9krmv7,2026-09-12T22:34:06+00:00
13bfb85b985d2d67,jobberman,technical-project-manager-wrnp55,Technical Project Manager,,,,Nigeria,unknown,,,,,,,,,,,Other Tech,https://www.jobberman.com/listings/technical-project-manager-wrnp55,2026-09-12T22:34:06+00:00
cef9f08cd322ad68,jobberman,business-development-manager-6qrk44,Business Development Manager,,,,Nigeria,unknown,,,,,,,,,,,,https://www.jobberman.com/listings/business-development-manager-6qrk44,2026-09-12T22:34:06+00:00
3ca7530b285c7fcf,jobberman,assistant-general-manager-pg0zvp,Assistant General Manager,,,,Nigeria,unknown,,,,,,,,,,,,https://www.jobberman.com/listings/assistant-general-manager-pg0zvp,2026-09-12T22:34:06+00:00
d6e3e3d3201956aa,jobberman,business-development-manager-x8g79n,Business Development Manager,,,,Nigeria,unknown,,,,,,,,,,,,https://www.jobberman.com/listings/business-development-manager-x8g79n,2026-09-12T22:34:06+00:00
1a7dd40c8074896e,jobberman,social-media-manager-8mp8q6,Social Media Manager,,,,Nigeria,unknown,,,,,,,,,,,,https://www.jobberman.com/listings/social-media-manager-8mp8q6,2026-09-12T22:34:06+00:00
b76b27279fabfba7,jobberman,portfolio-manager-investment-analyst-9krzpw,Portfolio Manager / Investment Analyst,,,,Nigeria,unknown,,,,,,,,,,,,https://www.jobberman.com/listings/portfolio-manager-investment-analyst-9krzpw,2026-09-12T22:34:06+00:00
6e3da35bbff32024,jobberman,document-and-data-management-intern-pgnrk0,Document and Data Management Intern,,,,Nigeria,unknown,,,,,,,,,,,Other Tech,https://www.jobberman.com/listings/document-and-data-management-intern-pgnrk0,2026-09-12T22:34:06+00:00
262dc705f3122b9a,jobberman,business-development-partnerships-manager-8mkrmp,Business Development & Partnerships Manager,,,,Nigeria,unknown,,,,,,,,,,,,https://www.jobberman.com/listings/business-development-partnerships-manager-8mkrmp,2026-09-12T22:34:09+00:00
2635d1f5a5137d80,jobberman,brand-communications-pr-manager-pgnj5j,Brand Communications & PR Manager,,,,Nigeria,unknown,,,,,,,,,,,,https://www.jobberman.com/listings/brand-communications-pr-manager-pgnj5j,2026-09-12T22:34:09+00:00
6337c6c18a111b12,jobberman,area-sales-manager-asm-8mk4j7,Area Sales Manager (ASM),,,,Nigeria,unknown,,,,,,,,,,,,https://www.jobberman.com/listings/area-sales-manager-asm-8mk4j7,2026-09-12T22:34:09+00:00
3f1af1af165b8d5d,jobberman,development-and-digital-marketing-manager-m0vrqz,Development and Digital Marketing Manager,,,,Nigeria,unknown,,,,,,,,,,,,https://www.jobberman.com/listings/development-and-digital-marketing-manager-m0vrqz,2026-09-12T22:34:09+00:00
9aee847a10484d00,jobberman,business-development-marketing-manager-gmpk5n,Business Development & Marketing Manager,,,,Nigeria,unknown,,,,,,,,,,,,https://www.jobberman.com/listings/business-development-marketing-manager-gmpk5n,2026-09-12T22:34:09+00:00
20d895413b84872f,jobberman,social-media-digital-growth-manager-gm4n09,Social Media & Digital Growth Manager,,,,Nigeria,unknown,,,,,,,,,,,,https://www.jobberman.com/listings/social-media-digital-growth-manager-gm4n09,2026-09-12T22:34:09+00:00
dabd8bee52115083,jobberman,general-manger-retailconsumer-banking-uyo-akwa-ibom-state-2k869g,"General Manager, Business Development & Consumer/Retail Banking",,,,Nigeria,unknown,,,,,,,,,,,,https://www.jobberman.com/listings/general-manger-retailconsumer-banking-uyo-akwa-ibom-state-2k869g,2026-09-12T22:34:09+00:00
06610526442a7eaa,jobberman,head-of-finance-7j0pkq,Head of Finance,,,,Nigeria,unknown,,,,,,,,,,,,https://www.jobberman.com/listings/head-of-finance-7j0pkq,2026-09-12T22:34:09+00:00
8222c8e8c00e0c48,jobberman,sales-engineer-thermal-steam-engineering-m06mwq,Sales Engineer,,,,Nigeria,unknown,,,,,,,,,,,Other Tech,https://www.jobberman.com/listings/sales-engineer-thermal-steam-engineering-m06mwq,2026-09-12T22:34:09+00:00
c652c626d54599a3,jobberman,accountant-8mp4p7,Accountant,,,,Nigeria,unknown,,,,,,,,,,,,https://www.jobberman.com/listings/accountant-8mp4p7,2026-09-12T22:34:11+00:00
dcf08ef8a9fe1008,jobberman,accountant-7jjn7z,Accountant,,,,Nigeria,unknown,,,,,,,,,,,,https://www.jobberman.com/listings/accountant-7jjn7z,2026-09-12T22:34:11+00:00
0ee587ba88509d99,jobberman,medical-representative-d92054,Medical Representative,,,,Nigeria,unknown,,,,,,,,,,,,https://www.jobberman.com/listings/medical-representative-d92054,2026-09-12T22:34:11+00:00
188d7866f64cb8ba,jobberman,medical-representative-2kw74g,Medical Representative,,,,Nigeria,unknown,,,,,,,,,,,,https://www.jobberman.com/listings/medical-representative-2kw74g,2026-09-12T22:34:11+00:00
640a90107e07ed3c,jobberman,medical-representative-n9064x,Medical Representative,,,,Nigeria,unknown,,,,,,,,,,,,https://www.jobberman.com/listings/medical-representative-n9064x,2026-09-12T22:34:11+00:00
cc548e29488d27da,jobberman,medical-representative-vd99m2,Medical Representative,,,,Nigeria,unknown,,,,,,,,,,,,https://www.jobberman.com/listings/medical-representative-vd99m2,2026-09-12T22:34:11+00:00
af363ea8c0e95063,jobberman,accountant-z8j4kd,Accountant,,,,Nigeria,unknown,,,,,,,,,,,,https://www.jobberman.com/listings/accountant-z8j4kd,2026-09-12T22:34:11+00:00
3e5ae8f04ea49701,jobberman,business-operations-coordinator-x8wk92,Business Operations Coordinator,,,,Nigeria,unknown,,,,,,,,,,,,https://www.jobberman.com/listings/business-operations-coordinator-x8wk92,2026-09-12T22:34:11+00:00
033c817cfc5a765f,jobberman,storekeeper-rr6wz4,Storekeeper,,,,Nigeria,unknown,,,,,,,,,,,,https://www.jobberman.com/listings/storekeeper-rr6wz4,2026-09-12T22:34:11+00:00
dbb99cd4a3a8c706,jobberman,principal-450828,Principal,,,,Nigeria,unknown,,,,,,,,,,,,https://www.jobberman.com/listings/principal-450828,2026-09-12T22:34:13+00:00
1f2cc1a7016eeb7e,jobberman,school-accountant-9k5806,Accountant,,,,Nigeria,unknown,,,,,,,,,,,,https://www.jobberman.com/listings/school-accountant-9k5806,2026-09-12T22:34:13+00:00
b15e0948a1f383fb,jobberman,medical-representative-n90q8x,Medical Representative,,,,Nigeria,unknown,,,,,,,,,,,,https://www.jobberman.com/listings/medical-representative-n90q8x,2026-09-12T22:34:13+00:00
5e37b982103bd915,jobberman,medical-representative-0k84vg,Medical Representative,,,,Nigeria,unknown,,,,,,,,,,,,https://www.jobberman.com/listings/medical-representative-0k84vg,2026-09-12T22:34:13+00:00
7d689f879377d7d3,jobberman,social-media-manager-graphic-designer-qzw074,Sales & Marketing Executive,,,,Nigeria,unknown,,,,,,,,,,,,https://www.jobberman.com/listings/social-media-manager-graphic-designer-qzw074,2026-09-12T22:34:13+00:00
3b0ae37e408f927b,jobberman,partnerships-grants-lead-rrn294,Partnerships & Grants Lead,,,,Nigeria,unknown,,,,,,,,,,,,https://www.jobberman.com/listings/partnerships-grants-lead-rrn294,2026-09-12T22:34:13+00:00
36e5d463ab1abee6,jobberman,digital-marketer-d90707,Digital Marketer,,,,Nigeria,unknown,,,,,,,,,,,,https://www.jobberman.com/listings/digital-marketer-d90707,2026-09-12T22:34:13+00:00
91e30f0aa2005176,jobberman,early-years-teacher-z8z60g,Early Years and Primary Teachers,,,,Nigeria,unknown,,,,,,,,,,,,https://www.jobberman.com/listings/early-years-teacher-z8z60g,2026-09-12T22:34:13+00:00
063a845827ac5e6b,jobberman,sales-executive-qzw5kp,Sales Executive,,,,Nigeria,unknown,,,,,,,,,,,,https://www.jobberman.com/listings/sales-executive-qzw5kp,2026-09-12T22:34:13+00:00
88b94e1e035e835b,jobberman,media-buyer-9k5jg8,Media Buyer,,,,Nigeria,unknown,,,,,,,,,,,,https://www.jobberman.com/listings/media-buyer-9k5jg8,2026-09-12T22:34:13+00:00
c3a72e2adfa06549,jobberman,social-media-marketer-pg0pev,Social Media Marketer,,,,Nigeria,unknown,,,,,,,,,,,,https://www.jobberman.com/listings/social-media-marketer-pg0pev,2026-09-12T22:34:13+00:00
aa76c5502742b800,jobberman,procurement-specialist-x8wq0q,Procurement Specialist,,,,Nigeria,unknown,,,,,,,,,,,,https://www.jobberman.com/listings/procurement-specialist-x8wq0q,2026-09-12T22:34:16+00:00
8e617ffd46c5456f,jobberman,operations-lead-pg0j7p,Operations Lead,,,,Nigeria,unknown,,,,,,,,,,,,https://www.jobberman.com/listings/operations-lead-pg0j7p,2026-09-12T22:34:16+00:00
6e7bfae8853e4089,jobberman,head-of-finance-rrnnjn,Financial Controler,,,,Nigeria,unknown,,,,,,,,,,,,https://www.jobberman.com/listings/head-of-finance-rrnnjn,2026-09-12T22:34:16+00:00
7795e162ba350654,jobberman,b2b-payments-sales-executive-j65g4e,Sales Executive,,,,Nigeria,unknown,,,,,,,,,,,,https://www.jobberman.com/listings/b2b-payments-sales-executive-j65g4e,2026-09-12T22:34:16+00:00
c24028aa003611bf,jobberman,business-development-executive-x8wg78,Business Development Executive,,,,Nigeria,unknown,,,,,,,,,,,,https://www.jobberman.com/listings/business-development-executive-x8wg78,2026-09-12T22:34:16+00:00
3ec3dd1c9a9d4f54,jobberman,full-stack-product-engineer-gm4xq4,Full-Stack Product Engineer,,,,Nigeria,unknown,,,,,,,,,,,Other Tech,https://www.jobberman.com/listings/full-stack-product-engineer-gm4xq4,2026-09-12T22:34:16+00:00
1286d70bf72bd610,jobberman,salesmarketing-executive-qzwgmv,Sales/Marketing Executive,,,,Nigeria,unknown,,,,,,,,,,,,https://www.jobberman.com/listings/salesmarketing-executive-qzwgmv,2026-09-12T22:34:16+00:00
3f8dc5b6407e5b6c,jobberman,growth-community-executive-n9046g,Growth and Community Executive,,,,Nigeria,unknown,,,,,,,,,,,,https://www.jobberman.com/listings/growth-community-executive-n9046g,2026-09-12T22:34:16+00:00
ee85c993f7c317e1,jobberman,ux-specialist-5p908x,UX Specialist,,,,Nigeria,unknown,,,,,,,,,,,Other Tech,https://www.jobberman.com/listings/ux-specialist-5p908x,2026-09-12T22:34:16+00:00
da2bc07b2bcaed5e,jobberman,client-engagement-conversion-specialist-0k8xn8,Client Engagement & Conversion Specialist,,,,Nigeria,unknown,,,,,,,,,,,,https://www.jobberman.com/listings/client-engagement-conversion-specialist-0k8xn8,2026-09-12T22:34:16+00:00
d978031d264b45ab,jobberman,production-supervisor-injection-moulding-blow-moulding-5p9zqn,"Production Supervisor, Injection Moulding / Blow Moulding",,,,Nigeria,unknown,,,,,,,,,,,,https://www.jobberman.com/listings/production-supervisor-injection-moulding-blow-moulding-5p9zqn,2026-09-12T22:34:16+00:00
e6fd93ee7f4f6793,jobberman,visual-storyteller-motion-designer-7j07qj,Visual Storyteller & Motion Designer,,,,Nigeria,unknown,,,,,,,,,,,,https://www.jobberman.com/listings/visual-storyteller-motion-designer-7j07qj,2026-09-12T22:34:19+00:00
e13fdefe61573b97,jobberman,crypto-sales-business-development-executive-otc-trading-desk-d908n0,Sales & Business Development Executive,,,,Nigeria,unknown,,,,,,,,,,,,https://www.jobberman.com/listings/crypto-sales-business-development-executive-otc-trading-desk-d908n0,2026-09-12T22:34:19+00:00
c262123602b1d78f,jobberman,production-coordinator-export-branding-gmpd78,"Production Coordinator, Export & Branding",,,,Nigeria,unknown,,,,,,,,,,,,https://www.jobberman.com/listings/production-coordinator-export-branding-gmpd78,2026-09-12T22:34:19+00:00
58766b56b245bf7c,jobberman,vocational-therapist-wrkke0,Vocational therapist,,,,Nigeria,unknown,,,,,,,,,,,,https://www.jobberman.com/listings/vocational-therapist-wrkke0,2026-09-12T22:34:19+00:00
808829fec124aaa3,jobberman,business-development-officer-training-consulting-5pz9m5,Business Development Officer,,,,Nigeria,unknown,,,,,,,,,,,,https://www.jobberman.com/listings/business-development-officer-training-consulting-5pz9m5,2026-09-12T22:34:19+00:00
7217df43d1238f25,jobberman,cinematographer-wrnj7d,Cinematographer,,,,Nigeria,unknown,,,,,,,,,,,,https://www.jobberman.com/listings/cinematographer-wrnj7d,2026-09-12T22:34:19+00:00
54f5db4be5bf3a41,jobberman,ai-expert-real-estate-9krwq7,AI Expert,,,,Nigeria,unknown,,,,,,,,,,,Data & AI,https://www.jobberman.com/listings/ai-expert-real-estate-9krwq7,2026-09-12T22:34:19+00:00
237c960591fd03ef,jobberman,skits-maker-abuja-and-kaduna-k76kex,Skits maker,,,,Nigeria,unknown,,,,,,,,,,,,https://www.jobberman.com/listings/skits-maker-abuja-and-kaduna-k76kex,2026-09-12T22:34:19+00:00
c7f1f3fa83fa6735,jobberman,laundry-manager-9kr6dj,Laundry Manager,,,,Nigeria,unknown,,,,,,,,,,,,https://www.jobberman.com/listings/laundry-manager-9kr6dj,2026-09-12T22:34:19+00:00
d0ca4b279df2d4ea,jobberman,business-development-officer-training-consulting-j652n8,Business Development Officer,,,,Nigeria,unknown,,,,,,,,,,,,https://www.jobberman.com/listings/business-development-officer-training-consulting-j652n8,2026-09-12T22:34:19+00:00
ec8176db52534671,jobberman,laundry-assistant-8mpj69,Laundry Assistant,,,,Nigeria,unknown,,,,,,,,,,,,https://www.jobberman.com/listings/laundry-assistant-8mpj69,2026-09-12T22:34:19+00:00
691899204571e609,jobberman,hospitality-quality-assurance-lead-wrgd4g,Quality Assurance Lead,,,,Nigeria,unknown,,,,,,,,,,,QA & Testing,https://www.jobberman.com/listings/hospitality-quality-assurance-lead-wrgd4g,2026-09-12T22:34:19+00:00
508eab480afd1aa2,jobberman,hospitality-general-manager-6qngp7,General Manager,,,,Nigeria,unknown,,,,,,,,,,,,https://www.jobberman.com/listings/hospitality-general-manager-6qngp7,2026-09-12T22:34:19+00:00
30c2419fc8e3c340,jobberman,guest-relations-officer-0knqrw,Guest Relations Officer,,,,Nigeria,unknown,,,,,,,,,,,,https://www.jobberman.com/listings/guest-relations-officer-0knqrw,2026-09-12T22:34:19+00:00
ccaa53f596f7c4d5,jobberman,creative-media-officer-pg0vxv,Media Officer,,,,Nigeria,unknown,,,,,,,,,,,,https://www.jobberman.com/listings/creative-media-officer-pg0vxv,2026-09-12T22:34:23+00:00
f8652273dd3f2663,jobberman,female-real-estate-marketer-m062zq,Marketer,,,,Nigeria,unknown,,,,,,,,,,,,https://www.jobberman.com/listings/female-real-estate-marketer-m062zq,2026-09-12T22:34:23+00:00
9b46351732526927,jobberman,hospitality-supervisor-rrn9jg,Hospitality Supervisor,,,,Nigeria,unknown,,,,,,,,,,,,https://www.jobberman.com/listings/hospitality-supervisor-rrn9jg,2026-09-12T22:34:23+00:00
47d9974ada05aa7c,jobberman,property-cleaning-specialist-pcs-level-1-gmpezn,Cleaning Specialist,,,,Nigeria,unknown,,,,,,,,,,,,https://www.jobberman.com/listings/property-cleaning-specialist-pcs-level-1-gmpezn,2026-09-12T22:34:23+00:00
5f640951fc4ec869,jobberman,head-of-production-pgjj6r,Head of Production,,,,Nigeria,unknown,,,,,,,,,,,,https://www.jobberman.com/listings/head-of-production-pgjj6r,2026-09-12T22:34:23+00:00
1151c7fffac15611,jobberman,sales-executive-n9jpd9,Sales Executive,,,,Nigeria,unknown,,,,,,,,,,,,https://www.jobberman.com/listings/sales-executive-n9jpd9,2026-09-12T22:34:23+00:00
f12bcac737f1a243,jobberman,sales-agent-rrj825,Sales Agent,,,,Nigeria,unknown,,,,,,,,,,,,https://www.jobberman.com/listings/sales-agent-rrj825,2026-09-12T22:34:23+00:00
81ab4b114823c480,jobberman,sales-agent-456njp,Sales Agent,,,,Nigeria,unknown,,,,,,,,,,,,https://www.jobberman.com/listings/sales-agent-456njp,2026-09-12T22:34:23+00:00
a3be1bf535fd8f8d,jobberman,business-development-executive-9kn94x,Business Development Executive,,,,Nigeria,unknown,,,,,,,,,,,,https://www.jobberman.com/listings/business-development-executive-9kn94x,2026-09-12T22:34:23+00:00
9327357dccbc4ac4,jobberman,sales-executive-real-estate-0k9wmx,Sales Executive,,,,Nigeria,unknown,,,,,,,,,,,,https://www.jobberman.com/listings/sales-executive-real-estate-0k9wmx,2026-09-12T22:34:23+00:00
6e560a5e798beafc,jobberman,sales-agent-vdken5,Sales Agent,,,,Nigeria,unknown,,,,,,,,,,,,https://www.jobberman.com/listings/sales-agent-vdken5,2026-09-12T22:34:23+00:00
36eb71c8b35786df,jobberman,head-of-production-qz5d04,Head of Production,,,,Nigeria,unknown,,,,,,,,,,,,https://www.jobberman.com/listings/head-of-production-qz5d04,2026-09-12T22:34:23+00:00
1c32c75185b60209,jobberman,site-engineer-d92wgr,Site Engineer,,,,Nigeria,unknown,,,,,,,,,,,Other Tech,https://www.jobberman.com/listings/site-engineer-d92wgr,2026-09-12T22:34:23+00:00
1b261578c863f94a,jobberman,hr-manager-2kwrqe,HR MANAGER,,,,Nigeria,unknown,,,,,,,,,,,,https://www.jobberman.com/listings/hr-manager-2kwrqe,2026-09-12T22:34:23+00:00
8cf532f56580f30d,jobberman,background-checks-due-diligence-officer-pgjw6v,Background Checks & Due Diligence Officer,,,,Nigeria,unknown,,,,,,,,,,,,https://www.jobberman.com/listings/background-checks-due-diligence-officer-pgjw6v,2026-09-12T22:34:26+00:00
65cd7dd3a711fb34,jobberman,sales-business-development-officer-d92wk5,SALES / BUSINESS DEVELOPMENT OFFICER,,,,Nigeria,unknown,,,,,,,,,,,,https://www.jobberman.com/listings/sales-business-development-officer-d92wk5,2026-09-12T22:34:26+00:00
a56f2218336a066c,jobberman,driver-k76wz2,Driver,,,,Nigeria,unknown,,,,,,,,,,,,https://www.jobberman.com/listings/driver-k76wz2,2026-09-12T22:34:26+00:00
3381cdafb29d6961,jobberman,general-manager-gm4vge,General Manager,,,,Nigeria,unknown,,,,,,,,,,,,https://www.jobberman.com/listings/general-manager-gm4vge,2026-09-12T22:34:26+00:00
fa3d47fa9a96930d,jobberman,digital-marketing-and-content-creation-specialist-6qrpqn,Digital Marketing and Content Creation Specialist,,,,Nigeria,unknown,,,,,,,,,,,,https://www.jobberman.com/listings/digital-marketing-and-content-creation-specialist-6qrpqn,2026-09-12T22:34:26+00:00
a2764ae8ec4851e5,jobberman,travel-manager-n906gr,Travel Manager,,,,Nigeria,unknown,,,,,,,,,,,,https://www.jobberman.com/listings/travel-manager-n906gr,2026-09-12T22:34:26+00:00
88be88d72b9fe264,jobberman,driver-0k8j5k,Driver,,,,Nigeria,unknown,,,,,,,,,,,,https://www.jobberman.com/listings/driver-0k8j5k,2026-09-12T22:34:26+00:00
f74406f0abf25dc0,jobberman,chinese-restaurant-waiter-waitress-pgne8v,Waiter,,,,Nigeria,unknown,,,,,,,,,,,,https://www.jobberman.com/listings/chinese-restaurant-waiter-waitress-pgne8v,2026-09-12T22:34:26+00:00
87e2e8345ac9dbe2,jobberman,executive-assistant-qzwrxz,Executive Assistant,,,,Nigeria,unknown,,,,,,,,,,,,https://www.jobberman.com/listings/executive-assistant-qzwrxz,2026-09-12T22:34:26+00:00
7fbb85a5f630b917,jobberman,head-of-operation-5prk20,Head of Operation,,,,Nigeria,unknown,,,,,,,,,,,,https://www.jobberman.com/listings/head-of-operation-5prk20,2026-09-12T22:34:26+00:00
27a343197537cb7e,jobberman,sales-representative-rr6mv9,Sales Representative,,,,Nigeria,unknown,,,,,,,,,,,,https://www.jobberman.com/listings/sales-representative-rr6mv9,2026-09-12T22:34:26+00:00
5cf5cd16522b18dd,jobberman,mnnnnnjj-vd90gg,Marketer,,,,Nigeria,unknown,,,,,,,,,,,,https://www.jobberman.com/listings/mnnnnnjj-vd90gg,2026-09-12T22:34:26+00:00
9ef251ae1180bc70,jobberman,videographer-45rqmp,Videographer,,,,Nigeria,unknown,,,,,,,,,,,,https://www.jobberman.com/listings/videographer-45rqmp,2026-09-12T22:34:29+00:00
eefa2112e64b7135,jobberman,real-estate-sales-marketing-operations-coordinator-k766wn,"Sales, Marketing & Operations Coordinator",,,,Nigeria,unknown,,,,,,,,,,,,https://www.jobberman.com/listings/real-estate-sales-marketing-operations-coordinator-k766wn,2026-09-12T22:34:29+00:00
33e3733d9e4e17fa,jobberman,driver-6qrz98,Driver,,,,Nigeria,unknown,,,,,,,,,,,,https://www.jobberman.com/listings/driver-6qrz98,2026-09-12T22:34:29+00:00
88227646bb4ae1bc,jobberman,community-health-worker-wrnwd6,Community Health Worker,,,,Nigeria,unknown,,,,,,,,,,,,https://www.jobberman.com/listings/community-health-worker-wrnwd6,2026-09-12T22:34:29+00:00
8c4ef3803611e641,jobberman,marketer-j6554w,Marketer,,,,Nigeria,unknown,,,,,,,,,,,,https://www.jobberman.com/listings/marketer-j6554w,2026-09-12T22:34:29+00:00
f1f6a7fa12073a6e,jobberman,head-of-operation-7jx0mq,Head of Operations,,,,Nigeria,unknown,,,,,,,,,,,,https://www.jobberman.com/listings/head-of-operation-7jx0mq,2026-09-12T22:34:29+00:00
e9d4a403ebaaa511,jobberman,sales-consultant-real-estate-abuja-k76xqp,Sales Consultant,,,,Nigeria,unknown,,,,,,,,,,,,https://www.jobberman.com/listings/sales-consultant-real-estate-abuja-k76xqp,2026-09-12T22:34:29+00:00
8c2ab4ddc6b1940d,jobberman,customer-relation-lead-j655er,Customer Relation Lead,,,,Nigeria,unknown,,,,,,,,,,,,https://www.jobberman.com/listings/customer-relation-lead-j655er,2026-09-12T22:34:29+00:00
d3f1214074c7b404,jobberman,marketer-0k88rw,Marketer,,,,Nigeria,unknown,,,,,,,,,,,,https://www.jobberman.com/listings/marketer-0k88rw,2026-09-12T22:34:29+00:00
404058ba5cc83a1a,jobberman,executive-assistant-gm446q,Executive Assistant,,,,Nigeria,unknown,,,,,,,,,,,,https://www.jobberman.com/listings/executive-assistant-gm446q,2026-09-12T22:34:29+00:00
bb28204ccf853eb5,jobberman,admin-officer-wrnnzz,Admin Officer,,,,Nigeria,unknown,,,,,,,,,,,,https://www.jobberman.com/listings/admin-officer-wrnnzz,2026-09-12T22:34:29+00:00
d59f73bcf3847b17,jobberman,finance-accounts-manager-6qrn5d,Finance & Accounts Manager,,,,Nigeria,unknown,,,,,,,,,,,,https://www.jobberman.com/listings/finance-accounts-manager-6qrn5d,2026-09-12T22:34:29+00:00
4635f46f9d1936e7,jobberman,parts-inventory-manager-9kr5gn,Parts & Inventory Manager,,,,Nigeria,unknown,,,,,,,,,,,,https://www.jobberman.com/listings/parts-inventory-manager-9kr5gn,2026-09-12T22:34:29+00:00
e2f1c31a6708e474,jobberman,workshop-manager-0k8nd8,Workshop Manager,,,,Nigeria,unknown,,,,,,,,,,,,https://www.jobberman.com/listings/workshop-manager-0k8nd8,2026-09-12T22:34:33+00:00
9b14bd9f2c7d7153,jobberman,sales-agents-j65pme,Sales Agents,,,,Nigeria,unknown,,,,,,,,,,,,https://www.jobberman.com/listings/sales-agents-j65pme,2026-09-12T22:34:33+00:00
426d671462415d2f,jobberman,business-development-marketing-manager-vd9gzg,Business Development & Marketing Manager,,,,Nigeria,unknown,,,,,,,,,,,,https://www.jobberman.com/listings/business-development-marketing-manager-vd9gzg,2026-09-12T22:34:33+00:00
48d788187717e1bd,jobberman,executive-assistant-gm4p5r,Executive Assistant,,,,Nigeria,unknown,,,,,,,,,,,,https://www.jobberman.com/listings/executive-assistant-gm4p5r,2026-09-12T22:34:33+00:00
64a3e204d4557fad,jobberman,hr-manager-qzwz4n,HR Manager,,,,Nigeria,unknown,,,,,,,,,,,,https://www.jobberman.com/listings/hr-manager-qzwz4n,2026-09-12T22:34:33+00:00
276b8e1ccd6a5ce0,jobberman,marketing-manager-m0vg8z,Marketing Manager,,,,Nigeria,unknown,,,,,,,,,,,,https://www.jobberman.com/listings/marketing-manager-m0vg8z,2026-09-12T22:34:33+00:00
9e39447c7e517d12,jobberman,customer-relations-manager-45rnxv,Customer Relations Manager,,,,Nigeria,unknown,,,,,,,,,,,,https://www.jobberman.com/listings/customer-relations-manager-45rnxv,2026-09-12T22:34:33+00:00
812dc13462414ae5,jobberman,customer-service-representative-9krjp0,Customer Service Representative,,,,Nigeria,unknown,,,,,,,,,,,,https://www.jobberman.com/listings/customer-service-representative-9krjp0,2026-09-12T22:34:33+00:00
476f6bf5e90b91df,jobberman,driver-m0vg92,Driver,,,,Nigeria,unknown,,,,,,,,,,,,https://www.jobberman.com/listings/driver-m0vg92,2026-09-12T22:34:33+00:00
d158d8da12dff26c,jobberman,executive-assistant-45rnq9,Executive Assistant,,,,Nigeria,unknown,,,,,,,,,,,,https://www.jobberman.com/listings/executive-assistant-45rnq9,2026-09-12T22:34:33+00:00
068c161271511aba,jobberman,creative-director-5prd8x,Creative Director,,,,Nigeria,unknown,,,,,,,,,,,,https://www.jobberman.com/listings/creative-director-5prd8x,2026-09-12T22:34:33+00:00
e9670f53dddc3252,jobberman,head-of-production-pgnwqq,Head of Operation,,,,Nigeria,unknown,,,,,,,,,,,,https://www.jobberman.com/listings/head-of-production-pgnwqq,2026-09-12T22:34:33+00:00
fb0f7d456594df4f,jobberman,head-of-production-5pr48n,Head of Production,,,,Nigeria,unknown,,,,,,,,,,,,https://www.jobberman.com/listings/head-of-production-5pr48n,2026-09-12T22:34:33+00:00
dddba804c298f09b,jobberman,merchandising-officer-rr6q4n,Merchandising Officer,,,,Nigeria,unknown,,,,,,,,,,,,https://www.jobberman.com/listings/merchandising-officer-rr6q4n,2026-09-12T22:34:33+00:00
5ad82c7988a7f01f,jobberman,ticketing-officer-j65jww,Ticketing Officer,,,,Nigeria,unknown,,,,,,,,,,,,https://www.jobberman.com/listings/ticketing-officer-j65jww,2026-09-12T22:34:33+00:00
e1f6c146566ee3ad,jobberman,travel-manager-qzwdv7,Travel Manager,,,,Nigeria,unknown,,,,,,,,,,,,https://www.jobberman.com/listings/travel-manager-qzwdv7,2026-09-12T22:34:36+00:00
993a7333fad60697,jobberman,investment-analyst-gm4q6m,Investment Analyst,,,,Nigeria,unknown,,,,,,,,,,,,https://www.jobberman.com/listings/investment-analyst-gm4q6m,2026-09-12T22:34:36+00:00
06a7b3abc085681f,jobberman,marketing-manager-microfinance-bank-5prwdn,Marketing Manager,,,,Nigeria,unknown,,,,,,,,,,,,https://www.jobberman.com/listings/marketing-manager-microfinance-bank-5prwdn,2026-09-12T22:34:36+00:00
e63807831ad37717,jobberman,nurse-assistant-rr62qx,Nurse Assistant,,,,Nigeria,unknown,,,,,,,,,,,,https://www.jobberman.com/listings/nurse-assistant-rr62qx,2026-09-12T22:34:36+00:00
2bdfd3a8cc4da5ea,jobberman,treasury-officer-8mpeer,Treasury Officer,,,,Nigeria,unknown,,,,,,,,,,,,https://www.jobberman.com/listings/treasury-officer-8mpeer,2026-09-12T22:34:36+00:00
6b3c251bbaf2cf90,jobberman,real-estate-sales-consultant-wrgv75,Sales Consultant,,,,Nigeria,unknown,,,,,,,,,,,,https://www.jobberman.com/listings/real-estate-sales-consultant-wrgv75,2026-09-12T22:34:36+00:00
44fa09515ed83e56,jobberman,sales-executive-wrg795,Sales Officer,,,,Nigeria,unknown,,,,,,,,,,,,https://www.jobberman.com/listings/sales-executive-wrg795,2026-09-12T22:34:36+00:00
1cb5ab33089812ce,jobberman,operations-officer-parcel-scanning-documentation-450v29,Operations Officer,,,,Nigeria,unknown,,,,,,,,,,,,https://www.jobberman.com/listings/operations-officer-parcel-scanning-documentation-450v29,2026-09-12T22:34:36+00:00
ed96fe1e86c4c567,jobberman,program-officer-n97vwg,Program Officer,,,,Nigeria,unknown,,,,,,,,,,,,https://www.jobberman.com/listings/program-officer-n97vwg,2026-09-12T22:34:36+00:00
d8785c45b57f9681,jobberman,creative-lead-6qnwvp,Creative Lead,,,,Nigeria,unknown,,,,,,,,,,,,https://www.jobberman.com/listings/creative-lead-6qnwvp,2026-09-12T22:34:36+00:00
348981c742c5422b,jobberman,restaurant-manager-z8jrek,Manager,,,,Nigeria,unknown,,,,,,,,,,,,https://www.jobberman.com/listings/restaurant-manager-z8jrek,2026-09-12T22:34:36+00:00
484bf19c225d5f55,jobberman,manager-qz547n,Manager,,,,Nigeria,unknown,,,,,,,,,,,,https://www.jobberman.com/listings/manager-qz547n,2026-09-12T22:34:36+00:00
68ca51284c29d035,jobberman,ngo-manager-6-months-contract-9kremx,Manager,,,,Nigeria,unknown,,,,,,,,,,,,https://www.jobberman.com/listings/ngo-manager-6-months-contract-9kremx,2026-09-12T22:34:36+00:00
06e5455250b4837c,jobberman,manager-45rz4z,Manager,,,,Nigeria,unknown,,,,,,,,,,,,https://www.jobberman.com/listings/manager-45rz4z,2026-09-12T22:34:36+00:00
d51ec3753777abc4,jobberman,manager-rr6455,Manager,,,,Nigeria,unknown,,,,,,,,,,,,https://www.jobberman.com/listings/manager-rr6455,2026-09-12T22:34:36+00:00
2ee75a16ce52067b,jobberman,clublounge-manager-pgn8km,Manager,,,,Nigeria,unknown,,,,,,,,,,,,https://www.jobberman.com/listings/clublounge-manager-pgn8km,2026-09-12T22:34:36+00:00
1a4bbcb9e5eccdfd,jobberman,field-mechanic-industrial-generator-technician-qz55zz,Field Mechanic / Industrial Generator Technician,,,,Nigeria,unknown,,,,,,,,,,,,https://www.jobberman.com/listings/field-mechanic-industrial-generator-technician-qz55zz,2026-09-12T22:34:39+00:00
06971012f3422eea,jobberman,electrical-technician-k7xxw8,Electrical Technician,,,,Nigeria,unknown,,,,,,,,,,,,https://www.jobberman.com/listings/electrical-technician-k7xxw8,2026-09-12T22:34:39+00:00
c65d61216d009195,jobberman,plumbing-technician-gmddv9,Plumbing Technician,,,,Nigeria,unknown,,,,,,,,,,,,https://www.jobberman.com/listings/plumbing-technician-gmddv9,2026-09-12T22:34:39+00:00
5fa68f4b4da5b4b8,jobberman,r-a-technician-x8kk5j,R & A Technician,,,,Nigeria,unknown,,,,,,,,,,,,https://www.jobberman.com/listings/r-a-technician-x8kk5j,2026-09-12T22:34:39+00:00
cf8bd878456c8598,jobberman,maintenance-technician-electrical-general-rrrg54,Maintenance Technician,,,,Nigeria,unknown,,,,,,,,,,,,https://www.jobberman.com/listings/maintenance-technician-electrical-general-rrrg54,2026-09-12T22:34:39+00:00
bef293d2990c5f7a,jobberman,technician-qzw0mz,Industrial Refrigeration Technician,,,,Nigeria,unknown,,,,,,,,,,,,https://www.jobberman.com/listings/technician-qzw0mz,2026-09-12T22:34:39+00:00
c009c63d2ea7e223,jobberman,elv-technician-d90820,Technician,,,,Nigeria,unknown,,,,,,,,,,,,https://www.jobberman.com/listings/elv-technician-d90820,2026-09-12T22:34:39+00:00
5888f2416179682c,jobberman,laboratory-technician-9knrgp,Laboratory Technician,,,,Nigeria,unknown,,,,,,,,,,,,https://www.jobberman.com/listings/laboratory-technician-9knrgp,2026-09-12T22:34:39+00:00
c39a5ddce268a225,jobberman,pharmacy-technician-qz5zmz,Pharmacy Technician,,,,Nigeria,unknown,,,,,,,,,,,,https://www.jobberman.com/listings/pharmacy-technician-qz5zmz,2026-09-12T22:34:39+00:00
fae4260565d31b5f,jobberman,pharmacy-technician-d92k47,Pharmacy Technician,,,,Nigeria,unknown,,,,,,,,,,,,https://www.jobberman.com/listings/pharmacy-technician-d92k47,2026-09-12T22:34:39+00:00
1bb3cd58d1fff62c,jobberman,in-house-electronic-technician-7j07zz,Electronics Technician,,,,Nigeria,unknown,,,,,,,,,,,,https://www.jobberman.com/listings/in-house-electronic-technician-7j07zz,2026-09-12T22:34:39+00:00
0b2396188dc08644,jobberman,automobile-technician-pdiev-x8k6v8,Automobile Technician,,,,Nigeria,unknown,,,,,,,,,,,,https://www.jobberman.com/listings/automobile-technician-pdiev-x8k6v8,2026-09-12T22:34:39+00:00
05d4ba7b3f69e87a,jobberman,nail-technician-0k92wk,Nail Technician,,,,Nigeria,unknown,,,,,,,,,,,,https://www.jobberman.com/listings/nail-technician-0k92wk,2026-09-12T22:34:39+00:00
e3b32a1104457af4,jobberman,pharmacy-technician-5pzw82,Pharmacy Technician,,,,Nigeria,unknown,,,,,,,,,,,,https://www.jobberman.com/listings/pharmacy-technician-5pzw82,2026-09-12T22:34:39+00:00
1e8e0ef69f5d55d1,jobberman,nail-technician-x8kdwm,Nail Technician,,,,Nigeria,unknown,,,,,,,,,,,,https://www.jobberman.com/listings/nail-technician-x8kdwm,2026-09-12T22:34:43+00:00
060503c27dc642f6,jobberman,pharmacy-assistant-2k8p7k,Pharmacy Technician,,,,Nigeria,unknown,,,,,,,,,,,,https://www.jobberman.com/listings/pharmacy-assistant-2k8p7k,2026-09-12T22:34:43+00:00
c873659cb99b3ed7,jobberman,maintenance-mechanical-8mkj74,Maintenance Technician,,,,Nigeria,unknown,,,,,,,,,,,,https://www.jobberman.com/listings/maintenance-mechanical-8mkj74,2026-09-12T22:34:43+00:00
abb79c6192e719c4,jobberman,elv-technician-45rx29,ELV Technician,,,,Nigeria,unknown,,,,,,,,,,,,https://www.jobberman.com/listings/elv-technician-45rx29,2026-09-12T22:34:43+00:00
64c4f4abfab5f43f,jobberman,electrical-technician-m0vzj6,Electrical Technician,,,,Nigeria,unknown,,,,,,,,,,,,https://www.jobberman.com/listings/electrical-technician-m0vzj6,2026-09-12T22:34:43+00:00
efd07fa12a384b8c,jobberman,pharmacy-technician-z8rm88,Pharmacy Technician,,,,Nigeria,unknown,,,,,,,,,,,,https://www.jobberman.com/listings/pharmacy-technician-z8rm88,2026-09-12T22:34:43+00:00
50c5f270cda9e008,jobberman,maintenance-technician-2k865e,Maintenance Technician,,,,Nigeria,unknown,,,,,,,,,,,,https://www.jobberman.com/listings/maintenance-technician-2k865e,2026-09-12T22:34:43+00:00
e55ed55c92dea096,jobberman,electrical-technician-45r9je,Electrical Technician,,,,Nigeria,unknown,,,,,,,,,,,,https://www.jobberman.com/listings/electrical-technician-45r9je,2026-09-12T22:34:43+00:00
ef3672d57fea8796,jobberman,medical-technician-0k86wk,Medical Technician,,,,Nigeria,unknown,,,,,,,,,,,,https://www.jobberman.com/listings/medical-technician-0k86wk,2026-09-12T22:34:43+00:00
f2b8deefcfd8a594,jobberman,mechanical-technicians-vd9595,Mechanical Technicians,,,,Nigeria,unknown,,,,,,,,,,,,https://www.jobberman.com/listings/mechanical-technicians-vd9595,2026-09-12T22:34:43+00:00
4cf04acc4a73d872,jobberman,valve-technician-psv-gm44xk,Valve Technician,,,,Nigeria,unknown,,,,,,,,,,,,https://www.jobberman.com/listings/valve-technician-psv-gm44xk,2026-09-12T22:34:43+00:00
fb40268220d8f529,jobberman,hvac-technician-qzw96v,HVAC Technician,,,,Nigeria,unknown,,,,,,,,,,,,https://www.jobberman.com/listings/hvac-technician-qzw96v,2026-09-12T22:34:43+00:00
c143b24c5a244b87,jobberman,pharmacy-technician-x8wpz8,Pharmacy Technician,,,,Nigeria,unknown,,,,,,,,,,,,https://www.jobberman.com/listings/pharmacy-technician-x8wpz8,2026-09-12T22:34:43+00:00
992a8b4a53893c11,jobberman,electrical-technician-d9dkz2,Electrical Technician,,,,Nigeria,unknown,,,,,,,,,,,,https://www.jobberman.com/listings/electrical-technician-d9dkz2,2026-09-12T22:34:43+00:00
3f4a3463187dbf64,jobberman,maintenance-technician-m0v5eg,Maintenance Technician,,,,Nigeria,unknown,,,,,,,,,,,,https://www.jobberman.com/listings/maintenance-technician-m0v5eg,2026-09-12T22:34:43+00:00
31acaeebb35ae468,jobberman,pharmacy-technician-pgnp6p,Pharmacy Technician,,,,Nigeria,unknown,,,,,,,,,,,,https://www.jobberman.com/listings/pharmacy-technician-pgnp6p,2026-09-12T22:34:43+00:00
0312c5d867be03fb,jobberman,maintenance-facilities-technician-0knq2z,Facility Technician,,,,Nigeria,unknown,,,,,,,,,,,,https://www.jobberman.com/listings/maintenance-facilities-technician-0knq2z,2026-09-12T22:34:45+00:00
a0885a25ac0ab5df,jobberman,ndt-technician-6qneen,NDT Technician,,,,Nigeria,unknown,,,,,,,,,,,,https://www.jobberman.com/listings/ndt-technician-6qneen,2026-09-12T22:34:45+00:00
20181b1ffc25a37f,jobberman,phone-technician-9k5zjw,Phone Technician,,,,Nigeria,unknown,,,,,,,,,,,,https://www.jobberman.com/listings/phone-technician-9k5zjw,2026-09-12T22:34:45+00:00
ec9da9091b534a4f,jobberman,generator-technician-7jpz9x,Generator Technician,,,,Nigeria,unknown,,,,,,,,,,,,https://www.jobberman.com/listings/generator-technician-7jpz9x,2026-09-12T22:34:45+00:00
9d9cc1b87e64beba,jobberman,electrical-technician-6qnj86,Electrical Technician,,,,Nigeria,unknown,,,,,,,,,,,,https://www.jobberman.com/listings/electrical-technician-6qnj86,2026-09-12T22:34:45+00:00
8ecc5fb22f266393,jobberman,automobile-technician-wrgxqp,Automobile Technician,,,,Nigeria,unknown,,,,,,,,,,,,https://www.jobberman.com/listings/automobile-technician-wrgxqp,2026-09-12T22:34:45+00:00
84e22b4fbab387a1,jobberman,jobmanfacility-maintenance-technician-d909w2,Maintenance Technician,,,,Nigeria,unknown,,,,,,,,,,,,https://www.jobberman.com/listings/jobmanfacility-maintenance-technician-d909w2,2026-09-12T22:34:45+00:00
a5f8672d621bd32b,jobberman,ink-matcher-ink-technician-8mmezr,Ink Technician,,,,Nigeria,unknown,,,,,,,,,,,,https://www.jobberman.com/listings/ink-matcher-ink-technician-8mmezr,2026-09-12T22:34:45+00:00
ccaf8e8cdee435d3,jobberman,urgent-hiring-it-officer-it-network-technician-wrkznk,IT Officer / IT & Network Technician,,,,Nigeria,unknown,,,,,,,,,,,Other Tech,https://www.jobberman.com/listings/urgent-hiring-it-officer-it-network-technician-wrkznk,2026-09-12T22:34:45+00:00
184ca8aeef354bc6,jobberman,cad-technician-draughtsman-pgjdpq,CAD Technician/ Draughtsman,,,,Nigeria,unknown,,,,,,,,,,,,https://www.jobberman.com/listings/cad-technician-draughtsman-pgjdpq,2026-09-12T22:34:45+00:00
8b85ed2db1b08899,jobberman,lash-extension-technician-vdkmkg,Lash Extension Technician,,,,Nigeria,unknown,,,,,,,,,,,,https://www.jobberman.com/listings/lash-extension-technician-vdkmkg,2026-09-12T22:34:45+00:00
5c5feacbba4eb135,jobberman,instrument-maintenance-technician-i-d9dx82,Instrument Maintenance Technician,,,,Nigeria,unknown,,,,,,,,,,,,https://www.jobberman.com/listings/instrument-maintenance-technician-i-d9dx82,2026-09-12T22:34:45+00:00
90b5445135d142fa,jobberman,heavy-duty-mechanical-field-technician-j65ve6,Mechanical Field Technician,,,,Nigeria,unknown,,,,,,,,,,,,https://www.jobberman.com/listings/heavy-duty-mechanical-field-technician-j65ve6,2026-09-12T22:34:45+00:00
ef47d0ae64bdf4e3,jobberman,fiber-optics-technician-gm46d2,Fiber Optics Technician,,,,Nigeria,unknown,,,,,,,,,,,,https://www.jobberman.com/listings/fiber-optics-technician-gm46d2,2026-09-12T22:34:45+00:00
97e3368e6360079c,jobberman,electrical-and-maintenance-technician-qzwrqk,Electrical and Maintenance Technician,,,,Nigeria,unknown,,,,,,,,,,,,https://www.jobberman.com/listings/electrical-and-maintenance-technician-qzwrqk,2026-09-12T22:34:45+00:00
d9e1fb355ac75f47,jobberman,electrical-electronics-technician-7jxrxm,Electrical & Electronics Technician,,,,Nigeria,unknown,,,,,,,,,,,,https://www.jobberman.com/listings/electrical-electronics-technician-7jxrxm,2026-09-12T22:34:49+00:00
8d4ac26b11d915af,jobberman,medical-laboratory-technician-7jx5dd,Medical Laboratory Technician,,,,Nigeria,unknown,,,,,,,,,,,,https://www.jobberman.com/listings/medical-laboratory-technician-7jx5dd,2026-09-12T22:34:49+00:00
a8f96472a71b9fa5,jobberman,field-solar-installationelectrical-installation-technicians-x8w6wv,Electrical Installation Technician,,,,Nigeria,unknown,,,,,,,,,,,,https://www.jobberman.com/listings/field-solar-installationelectrical-installation-technicians-x8w6wv,2026-09-12T22:34:49+00:00
8aa76afd19c18127,jobberman,medical-laboratory-technician-5p9mwn,Medical Laboratory Technician,,,,Nigeria,unknown,,,,,,,,,,,,https://www.jobberman.com/listings/medical-laboratory-technician-5p9mwn,2026-09-12T22:34:49+00:00
8bca1d6bcdc60a89,jobberman,machine-repair-technician-z8z0mq,Machine Repair Technician,,,,Nigeria,unknown,,,,,,,,,,,,https://www.jobberman.com/listings/machine-repair-technician-z8z0mq,2026-09-12T22:34:49+00:00
7216f6a7636311e3,jobberman,mechanical-engineerstechnicians-7jp4m5,Mechanical Engineering Technicians,,,,Nigeria,unknown,,,,,,,,,,,Other Tech,https://www.jobberman.com/listings/mechanical-engineerstechnicians-7jp4m5,2026-09-12T22:34:49+00:00
04f442f4f528f60c,jobberman,electrical-engineerstechnicians-vdgvqw,Electrical Engineering Technicians,,,,Nigeria,unknown,,,,,,,,,,,Other Tech,https://www.jobberman.com/listings/electrical-engineerstechnicians-vdgvqw,2026-09-12T22:34:49+00:00
0d45abb3626b476a,jobberman,techinician-phone-repair-pgngx0,Techinician,,,,Nigeria,unknown,,,,,,,,,,,,https://www.jobberman.com/listings/techinician-phone-repair-pgngx0,2026-09-12T22:34:49+00:00
56322edc2bf54c78,jobberman,heavy-duty-electrical-field-technician-5pr70g,Heavy-Duty Electrical Field Technician,,,,Nigeria,unknown,,,,,,,,,,,,https://www.jobberman.com/listings/heavy-duty-electrical-field-technician-5pr70g,2026-09-12T22:34:49+00:00
e7d3b444526bd9b5,jobberman,inverter-solar-installer-technicianengineer-wrnndg,Inverter Solar Installer Technician/Engineer,,,,Nigeria,unknown,,,,,,,,,,,Other Tech,https://www.jobberman.com/listings/inverter-solar-installer-technicianengineer-wrnndg,2026-09-12T22:34:49+00:00
6065a5d9fcfd353a,jobberman,quality-control-analyst-m0vjqw,Quality Control Analyst,,,,Nigeria,unknown,,,,,,,,,,,,https://www.jobberman.com/listings/quality-control-analyst-m0vjqw,2026-09-12T22:34:49+00:00
035c5ed14693065a,jobberman,plantprocess-operator-ii-6qne0p,Plant/Process Operator,,,,Nigeria,unknown,,,,,,,,,,,,https://www.jobberman.com/listings/plantprocess-operator-ii-6qne0p,2026-09-12T22:34:49+00:00
7e041c9f4f07b2cb,jobberman,service-manager-rr6xwj,Service Manager,,,,Nigeria,unknown,,,,,,,,,,,,https://www.jobberman.com/listings/service-manager-rr6xwj,2026-09-12T22:34:49+00:00
b8bede2c114bd34e,jobberman,workshop-manager-6qv7mj,Workshop Manager,,,,Nigeria,unknown,,,,,,,,,,,,https://www.jobberman.com/listings/workshop-manager-6qv7mj,2026-09-12T22:34:49+00:00
01be4c33ac441e5d,jobberman,automotive-service-writer-456d0m,Automotive Service Writer,,,,Nigeria,unknown,,,,,,,,,,,,https://www.jobberman.com/listings/automotive-service-writer-456d0m,2026-09-12T22:34:52+00:00
4920eea32a76984e,jobberman,workshop-supervisor-z8rjqq,Workshop Supervisor,,,,Nigeria,unknown,,,,,,,,,,,,https://www.jobberman.com/listings/workshop-supervisor-z8rjqq,2026-09-12T22:34:52+00:00
39249830e23c89ee,jobberman,quality-control-laboratory-qc-rr6689,Quality Control & Laboratory (QC),,,,Nigeria,unknown,,,,,,,,,,,,https://www.jobberman.com/listings/quality-control-laboratory-qc-rr6689,2026-09-12T22:34:52+00:00
801765b338423d4b,jobberman,quality-control-laboratory-qc-45rrnv,Quality Control & Laboratory Officer,,,,Nigeria,unknown,,,,,,,,,,,,https://www.jobberman.com/listings/quality-control-laboratory-qc-45rrnv,2026-09-12T22:34:52+00:00
e4d9f58ee3183fd1,jobberman,facility-manager-associate-intern-vd9r4w,Facility Manager Associate,,,,Nigeria,unknown,,,,,,,,,,,,https://www.jobberman.com/listings/facility-manager-associate-intern-vd9r4w,2026-09-12T22:34:52+00:00
ee7fd7b1177f4400,jobberman,automotive-fleet-technician-8mk6wp-v1,Automotive Fleet Technician,,,,Nigeria,unknown,,,,,,,,,,,,https://www.jobberman.com/listings/automotive-fleet-technician-8mk6wp-v1,2026-09-12T22:34:52+00:00
f2b11f0f9104d6a0,jobberman,fleet-officer-6qrvk4-v2,Fleet Officer,,,,Nigeria,unknown,,,,,,,,,,,,https://www.jobberman.com/listings/fleet-officer-6qrvk4-v2,2026-09-12T22:34:52+00:00
4874e93dd0f4deb5,jobberman,soc-analyst-erp0nx,Soc Analyst,,,,Nigeria,unknown,,,,,,,,,,,,https://www.jobberman.com/listings/soc-analyst-erp0nx,2026-09-12T22:35:01+00:00
fb9ff2404053902b,jobberman,it-security-engineer-erxx59,IT Security Engineer,,,,Nigeria,unknown,,,,,,,,,,,Cybersecurity,https://www.jobberman.com/listings/it-security-engineer-erxx59,2026-09-12T22:35:12+00:00
033eead188a38131,jobberman,it-security-analyst-z8jj4r,IT Security Analyst,,,,Nigeria,unknown,,,,,,,,,,,Cybersecurity,https://www.jobberman.com/listings/it-security-analyst-z8jj4r,2026-09-12T22:35:12+00:00
8781fbca5be10ae3,jobberman,information-system-engineer-2kwq82,Information System Engineer,,,,Nigeria,unknown,,,,,,,,,,,Other Tech,https://www.jobberman.com/listings/information-system-engineer-2kwq82,2026-09-12T22:35:12+00:00
41df080ea9864ba5,jobberman,product-manager-vd9njv,Product Manager,,,,Nigeria,unknown,,,,,,,,,,,Product & Design,https://www.jobberman.com/listings/product-manager-vd9njv,2026-09-12T22:35:12+00:00
5ae4ed58e1d6abe5,jobberman,pre-sales-engineer-7jx9kj,Pre-Sales Engineer,,,,Nigeria,unknown,,,,,,,,,,,Other Tech,https://www.jobberman.com/listings/pre-sales-engineer-7jx9kj,2026-09-12T22:35:12+00:00
262d7d7016b983db,jobberman,admin-officer-9k596p,Administrative Officer,,,,Nigeria,unknown,,,,,,,,,,,,https://www.jobberman.com/listings/admin-officer-9k596p,2026-09-12T22:35:22+00:00
458c0d5d778435c8,jobberman,hr-officer-at-elizabeth-maddeux-limited-d9dpk2,HR Officer at Elizabeth Maddeux Limited,,,,Nigeria,unknown,,,,,,,,,,,Other Tech,https://www.jobberman.com/listings/hr-officer-at-elizabeth-maddeux-limited-d9dpk2,2026-09-12T22:35:22+00:00
65cda10d5b2e84d1,jobberman,ai-solutions-architect-m06en2,AI Solutions Architect,,,,Nigeria,unknown,,,,,,,,,,,Data & AI,https://www.jobberman.com/listings/ai-solutions-architect-m06en2,2026-09-12T22:35:31+00:00
7e116c8f2400ff71,jobberman,experience-architect-erpqz2,Architect,,,,Nigeria,unknown,,,,,,,,,,,,https://www.jobberman.com/listings/experience-architect-erpqz2,2026-09-12T22:35:31+00:00
2e7c7e356368c5b9,jobberman,business-development-and-partnerships-executive-5p98x7-v2,BUSINESS DEVELOPMENT AND PARTNERSHIPS EXECUTIVE,,,,Nigeria,unknown,,,,,,,,,,,,https://www.jobberman.com/listings/business-development-and-partnerships-executive-5p98x7-v2,2026-09-12T22:35:31+00:00
73ce284081b17344,jobberman,qaqc-engineer-0k887z,QA/QC Engineer,,,,Nigeria,unknown,,,,,,,,,,,Other Tech,https://www.jobberman.com/listings/qaqc-engineer-0k887z,2026-09-12T22:35:40+00:00
a104488c68e6d85f,jobberman,qaqc-civil-engineer-z8rjeq,QA/QC Civil Engineer,,,,Nigeria,unknown,,,,,,,,,,,Other Tech,https://www.jobberman.com/listings/qaqc-civil-engineer-z8rjeq,2026-09-12T22:35:40+00:00
79546025c46735a0,jobberman,quality-assurancequality-control-8mpe6r,Quality Assurance/Quality Control,,,,Nigeria,unknown,,,,,,,,,,,QA & Testing,https://www.jobberman.com/listings/quality-assurancequality-control-8mpe6r,2026-09-12T22:35:40+00:00
a4b1978cb273c4b4,jobberman,senior-quality-assurance-engineer-7jpgnq,Senior Quality Assurance Engineer,,,,Nigeria,unknown,,,,,,,,,,,QA & Testing,https://www.jobberman.com/listings/senior-quality-assurance-engineer-7jpgnq,2026-09-12T22:35:40+00:00
0ccb27953ba7f7d9,jobberman,quality-assurance-analyst-6qn92n,Quality Assurance Analyst,,,,Nigeria,unknown,,,,,,,,,,,QA & Testing,https://www.jobberman.com/listings/quality-assurance-analyst-6qn92n,2026-09-12T22:35:48+00:00
a659c1d0492ffd99,jobberman,hardware-engineer-0k9p98,Hardware Engineer,,,,Nigeria,unknown,,,,,,,,,,,Other Tech,https://www.jobberman.com/listings/hardware-engineer-0k9p98,2026-09-12T22:35:57+00:00
37f449a2f85c8dfe,jobberman,mechanical-engineer-wrkn8m,Mechanical Engineer,,,,Nigeria,unknown,,,,,,,,,,,Other Tech,https://www.jobberman.com/listings/mechanical-engineer-wrkn8m,2026-09-12T22:35:57+00:00
3b282834bbd4dc53,jobberman,fibre-optic-engineer-6qrwk6,Fibre Optic Engineer,,,,Nigeria,unknown,,,,,,,,,,,Other Tech,https://www.jobberman.com/listings/fibre-optic-engineer-6qrwk6,2026-09-12T22:35:57+00:00
93f0b23e4ce117c8,jobberman,electrical-engineer-7j0x9z,Electrical Engineer,,,,Nigeria,unknown,,,,,,,,,,,Other Tech,https://www.jobberman.com/listings/electrical-engineer-7j0x9z,2026-09-12T22:35:57+00:00
45f3071e0130b608,jobberman,hvac-engineer-gm4rx4,HVAC Engineer,,,,Nigeria,unknown,,,,,,,,,,,Other Tech,https://www.jobberman.com/listings/hvac-engineer-gm4rx4,2026-09-12T22:35:57+00:00
4e2e4794f5965f2f,jobberman,electrical-engineer-5pr85e,Electrical Engineer,,,,Nigeria,unknown,,,,,,,,,,,Other Tech,https://www.jobberman.com/listings/electrical-engineer-5pr85e,2026-09-12T22:35:57+00:00
091029746ffe8329,jobberman,electrical-enginneer-8mkge6,Electrical Enginneer,,,,Nigeria,unknown,,,,,,,,,,,,https://www.jobberman.com/listings/electrical-enginneer-8mkge6,2026-09-12T22:35:57+00:00
d6ce022db382d7aa,jobberman,electrical-engineer-d905q0,Electrical Engineer,,,,Nigeria,unknown,,,,,,,,,,,Other Tech,https://www.jobberman.com/listings/electrical-engineer-d905q0,2026-09-12T22:35:57+00:00
1acc763f7215d073,jobberman,quality-assurance-engineer-n9767v,Quality Assurance Engineer,,,,Nigeria,unknown,,,,,,,,,,,QA & Testing,https://www.jobberman.com/listings/quality-assurance-engineer-n9767v,2026-09-12T22:35:57+00:00
fb8496ab9169fd8e,jobberman,electrical-engineer-8mp7v6,Electrical Engineer,,,,Nigeria,unknown,,,,,,,,,,,Other Tech,https://www.jobberman.com/listings/electrical-engineer-8mp7v6,2026-09-12T22:35:57+00:00
af220f663ce64d56,jobberman,mechanical-mep-supervisor-rr6949-v1,Mechanical MEP Supervisor,,,,Nigeria,unknown,,,,,,,,,,,,https://www.jobberman.com/listings/mechanical-mep-supervisor-rr6949-v1,2026-09-12T22:35:59+00:00
ecd954a1dec5ab83,jobberman,uiux-designer-rr6w84-v1,UI/UX Designer,,,,Nigeria,unknown,,,,,,,,,,,Product & Design,https://www.jobberman.com/listings/uiux-designer-rr6w84-v1,2026-09-12T22:35:59+00:00
591cb65474bef3f6,jobberman,uiux-designer-vd9pzk,UI/UX Designer,,,,Nigeria,unknown,,,,,,,,,,,Product & Design,https://www.jobberman.com/listings/uiux-designer-vd9pzk,2026-09-12T22:36:09+00:00
89e784cd3413081f,jobberman,investment-portfolio-manager-d9dn50,Investment & Portfolio Manager,,,,Nigeria,unknown,,,,,,,,,,,,https://www.jobberman.com/listings/investment-portfolio-manager-d9dn50,2026-09-12T22:36:20+00:00
9456abc940c77bee,jobberman,sales-executive-n90rm0,Sales Executive,,,,Nigeria,unknown,,,,,,,,,,,,https://www.jobberman.com/listings/sales-executive-n90rm0,2026-09-12T22:36:20+00:00
4ccf0083f9e61ecf,jobberman,soffware-application-developer-vd92v2,Soffware & Application Developer,,,,Nigeria,unknown,,,,,,,,,,,Software Development,https://www.jobberman.com/listings/soffware-application-developer-vd92v2,2026-09-12T22:36:29+00:00
1d3a300b40add03b,jobberman,technical-sales-engineer-rrj885,Technical sales engineer,,,,Nigeria,unknown,,,,,,,,,,,Other Tech,https://www.jobberman.com/listings/technical-sales-engineer-rrj885,2026-09-12T22:36:38+00:00
b832aee9c20972d0,jobberman,aqua-technical-officer-vdg8nw,Aqua Technical Officer,,,,Nigeria,unknown,,,,,,,,,,,Other Tech,https://www.jobberman.com/listings/aqua-technical-officer-vdg8nw,2026-09-12T22:36:41+00:00
6b6a16ad5fe2292c,jobberman,sales-manager-5pzxrn,Service Engineer,,,,Nigeria,unknown,,,,,,,,,,,Other Tech,https://www.jobberman.com/listings/sales-manager-5pzxrn,2026-09-12T22:36:41+00:00
64458ed903dd7353,jobberman,technical-site-architect-qzwq97,Technical Site Architect,,,,Nigeria,unknown,,,,,,,,,,,Other Tech,https://www.jobberman.com/listings/technical-site-architect-qzwq97,2026-09-12T22:36:41+00:00
e76fec4d8b0c3dee,jobberman,poultry-technical-officer-x8gr4n,Poultry Technical Officer,,,,Nigeria,unknown,,,,,,,,,,,Other Tech,https://www.jobberman.com/listings/poultry-technical-officer-x8gr4n,2026-09-12T22:36:44+00:00
7807ad0d99fdb9ff,jobberman,junior-engineer-7jxed5,Junior Engineer,,,,Nigeria,unknown,,,,,,,,,,,Other Tech,https://www.jobberman.com/listings/junior-engineer-7jxed5,2026-09-12T22:36:44+00:00
7f46f906330678ac,jobberman,biomedical-engineer-qzwnj4,Biomedical Engineer,,,,Nigeria,unknown,,,,,,,,,,,Other Tech,https://www.jobberman.com/listings/biomedical-engineer-qzwnj4,2026-09-12T22:36:44+00:00
43de3e5d3bb08147,jobberman,mechanical-engineer-x8wnpm,Mechanical Engineer,,,,Nigeria,unknown,,,,,,,,,,,Other Tech,https://www.jobberman.com/listings/mechanical-engineer-x8wnpm,2026-09-12T22:36:44+00:00
21deaec96f6583e6,jobberman,network-cloud-cybersecurity-n9jd70,"Network, Cloud & Cybersecurity",,,,Nigeria,unknown,,,,,,,,,,,Cybersecurity,https://www.jobberman.com/listings/network-cloud-cybersecurity-n9jd70,2026-09-12T22:36:44+00:00
0cdddb990577cbf2,jobberman,crm-specialist-6qrdpp,CRM Specialist,,,,Nigeria,unknown,,,,,,,,,,,,https://www.jobberman.com/listings/crm-specialist-6qrdpp,2026-09-12T22:36:47+00:00
bf5207adaf0511a7,jobberman,implementation-field-specialists-gm45w8,Implementation & Field Specialist,,,,Nigeria,unknown,,,,,,,,,,,,https://www.jobberman.com/listings/implementation-field-specialists-gm45w8,2026-09-12T22:36:47+00:00
866507081fcbd1b3,jobberman,implementation-field-specialists-qzwq27,Implementation & Field Specialist,,,,Nigeria,unknown,,,,,,,,,,,,https://www.jobberman.com/listings/implementation-field-specialists-qzwq27,2026-09-12T22:36:47+00:00
c10bef39e53865e2,jobberman,ai-operation-associate-450vp9,AI Operation Associate,,,,Nigeria,unknown,,,,,,,,,,,Data & AI,https://www.jobberman.com/listings/ai-operation-associate-450vp9,2026-09-12T22:36:47+00:00
3409c636c6ecdf14,jobberman,business-development-manager-gm4edr,Business Development Manager,,,,Nigeria,unknown,,,,,,,,,,,,https://www.jobberman.com/listings/business-development-manager-gm4edr,2026-09-12T22:36:47+00:00
0f7080591b99e8c7,jobberman,architect-n9094e,Architect,,,,Nigeria,unknown,,,,,,,,,,,,https://www.jobberman.com/listings/architect-n9094e,2026-09-12T22:36:47+00:00
f99a19b4b3051dde,jobberman,egineering-graduate-trainee-rr6jmm,Engineering Graduate Trainee,,,,Nigeria,unknown,,,,,,,,,,,Other Tech,https://www.jobberman.com/listings/egineering-graduate-trainee-rr6jmm,2026-09-12T22:36:47+00:00
1c525a228698b84d,jobberman,medical-laboratory-scientist-qzwmvk,Medical Laboratory Scientist,,,,Nigeria,unknown,,,,,,,,,,,,https://www.jobberman.com/listings/medical-laboratory-scientist-qzwmvk,2026-09-12T22:36:47+00:00
26529ffe4140b182,jobberman,mining-engineer-6qnezj,Mining Engineer,,,,Nigeria,unknown,,,,,,,,,,,Other Tech,https://www.jobberman.com/listings/mining-engineer-6qnezj,2026-09-12T22:36:47+00:00
fab99b61a468745e,jobberman,pre-sale-engineer-9kr7jw,Pre-Sale Engineer,,,,Nigeria,unknown,,,,,,,,,,,Other Tech,https://www.jobberman.com/listings/pre-sale-engineer-9kr7jw,2026-09-12T22:36:47+00:00
e27cee964f19388e,jobberman,computer-operator-z8jrxk,Computer Operator,,,,Nigeria,unknown,,,,,,,,,,,,https://www.jobberman.com/listings/computer-operator-z8jrxk,2026-09-12T22:36:50+00:00
a50547ea971a08f0,jobberman,finance-manager-asset-management-company-7jxp85,Finance Manager,,,,Nigeria,unknown,,,,,,,,,,,,https://www.jobberman.com/listings/finance-manager-asset-management-company-7jxp85,2026-09-12T22:36:50+00:00
cc3a01bfa38616a2,jobberman,junior-technology-project-supervisor-rrnw5n,Technology Project Supervisor,,,,Nigeria,unknown,,,,,,,,,,,,https://www.jobberman.com/listings/junior-technology-project-supervisor-rrnw5n,2026-09-12T22:36:50+00:00
d3027deeec073d4b,jobberman,it-digital-operations-assistant-m0vzwj,IT & Digital Operations Assistant,,,,Nigeria,unknown,,,,,,,,,,,,https://www.jobberman.com/listings/it-digital-operations-assistant-m0vzwj,2026-09-12T22:36:50+00:00
834d5757c820fa4a,jobberman,logistics-specialist-iii-5pzdm6,Logistics Specialist III,,,,Nigeria,unknown,,,,,,,,,,,,https://www.jobberman.com/listings/logistics-specialist-iii-5pzdm6,2026-09-12T22:36:50+00:00
1d928b32a37828b5,jobberman,civil-engineer-power-energy-epc-wrnzn5,Civil Engineer,,,,Nigeria,unknown,,,,,,,,,,,Other Tech,https://www.jobberman.com/listings/civil-engineer-power-energy-epc-wrnzn5,2026-09-12T22:36:50+00:00
74bcd3e694aafc6f,jobberman,nysc-ppa-opportunity-computer-engineer-technical-support-logistics-erpdrk,Computer Engineer,,,,Nigeria,unknown,,,,,,,,,,,Other Tech,https://www.jobberman.com/listings/nysc-ppa-opportunity-computer-engineer-technical-support-logistics-erpdrk,2026-09-12T22:36:50+00:00
bcc91ae2bf50c872,jobberman,technical-sales-engineer-k7gwxm-v2,Technical Sales Engineer,,,,Nigeria,unknown,,,,,,,,,,,Other Tech,https://www.jobberman.com/listings/technical-sales-engineer-k7gwxm-v2,2026-09-12T22:36:50+00:00
61c810171869b0c3,jobberman,independent-legal-regulatory-consultant-nigeria-7jxzwd,Independent Legal & Regulatory Consultant – Nigeria,,,,Nigeria,unknown,,,,,,,,,,,,https://www.jobberman.com/listings/independent-legal-regulatory-consultant-nigeria-7jxzwd,2026-09-12T22:36:53+00:00
3599fafcea4846ff,jobberman,business-analyst-j6x52z,Business Analyst,,,,Nigeria,unknown,,,,,,,,,,,Other Tech,https://www.jobberman.com/listings/business-analyst-j6x52z,2026-09-12T22:37:04+00:00
3ecbfb6f20ada59f,jobberman,business-analyst-iii-z8rg06,Business Analyst,,,,Nigeria,unknown,,,,,,,,,,,Other Tech,https://www.jobberman.com/listings/business-analyst-iii-z8rg06,2026-09-12T22:37:04+00:00
f6e5bc2fbd9d78f0,jobberman,business-analyst-wrnd85,Business Analyst,,,,Nigeria,unknown,,,,,,,,,,,Other Tech,https://www.jobberman.com/listings/business-analyst-wrnd85,2026-09-12T22:37:04+00:00
a04e9ea1ba51190a,jobberman,business-analyst-k76n6v,Business Analyst,,,,Nigeria,unknown,,,,,,,,,,,Other Tech,https://www.jobberman.com/listings/business-analyst-k76n6v,2026-09-12T22:37:04+00:00
f72a6fbf2693b174,jobberman,business-analystintern-rr6xj9,Business Analyst,,,,Nigeria,unknown,,,,,,,,,,,Other Tech,https://www.jobberman.com/listings/business-analystintern-rr6xj9,2026-09-12T22:37:04+00:00
b73758c86d152b32,jobberman,junior-business-development-analyst-456445,Business Development Analyst,,,,Nigeria,unknown,,,,,,,,,,,,https://www.jobberman.com/listings/junior-business-development-analyst-456445,2026-09-12T22:37:04+00:00
8550cbf5c817b8b7,jobberman,business-development-analyst-0k8vng,Business Development Analyst,,,,Nigeria,unknown,,,,,,,,,,,,https://www.jobberman.com/listings/business-development-analyst-0k8vng,2026-09-12T22:37:04+00:00
e29b8da39d080f4c,jobberman,user-engagement-analyst-rrjqv2,User Engagement Analyst,,,,Nigeria,unknown,,,,,,,,,,,,https://www.jobberman.com/listings/user-engagement-analyst-rrjqv2,2026-09-12T22:37:04+00:00
e00f85c3c06d5b04,jobberman,legal-analyst-z8r0wn,Legal Analyst,,,,Nigeria,unknown,,,,,,,,,,,,https://www.jobberman.com/listings/legal-analyst-z8r0wn,2026-09-12T22:37:04+00:00
1160574d095d7b8d,jobberman,senior-operations-analyst-6qr2dd,Senior Operations Analyst,,,,Nigeria,unknown,,,,,,,,,,,,https://www.jobberman.com/listings/senior-operations-analyst-6qr2dd,2026-09-12T22:37:04+00:00
432903e4e052d208,jobberman,tender-manager-wrn7zg-v1,Tender Manager,,,,Nigeria,unknown,,,,,,,,,,,,https://www.jobberman.com/listings/tender-manager-wrn7zg-v1,2026-09-12T22:37:06+00:00
8eca56264a7ff821,jobberman,junior-software-developer-9j74kn,Junior Software Developer,,,,Ghana,unknown,,,,,,,,,,,Software Development,https://www.jobberman.com.gh/listings/junior-software-developer-9j74kn,2026-09-12T22:37:16+00:00
cb9fe77f82f78810,jobberman,ai-focused-software-developer-vw8ng8,AI-Focused Software Developer,,,,Ghana,unknown,,,,,,,,,,,Software Development,https://www.jobberman.com.gh/listings/ai-focused-software-developer-vw8ng8,2026-09-12T22:37:16+00:00
2ea68fd0c5cc212e,jobberman,software-engineer-technical-sales-pmzpdw,Software Engineer – Technical Sales,,,,Ghana,unknown,,,,,,,,,,,Software Development,https://www.jobberman.com.gh/listings/software-engineer-technical-sales-pmzpdw,2026-09-12T22:37:16+00:00
37946c90fc736788,jobberman,business-developer-africa-mining-software-npmgg0,Business Developer Africa – Mining Software,,,,Ghana,unknown,,,,,,,,,,,Software Development,https://www.jobberman.com.gh/listings/business-developer-africa-mining-software-npmgg0,2026-09-12T22:37:16+00:00
48baca6830d5a9d6,jobberman,application-software-sales-officer-npm5v9,Application & Software Sales Officer,,,,Ghana,unknown,,,,,,,,,,,Other Tech,https://www.jobberman.com.gh/listings/application-software-sales-officer-npm5v9,2026-09-12T22:37:16+00:00
4a02d7c8b29acad3,jobberman,manual-qa-tester-gh-k84mkn,Manual Qa Tester Gh,,,,Ghana,unknown,,,,,,,,,,,,https://www.jobberman.com.gh/listings/manual-qa-tester-gh-k84mkn,2026-09-12T22:37:16+00:00
08cbe1fee714eccf,jobberman,achievers-in-technology-ait-program-5djm5g-v1,Achievers In Technology (ait) Program,,,,Ghana,unknown,,,,,,,,,,,,https://www.jobberman.com.gh/listings/achievers-in-technology-ait-program-5djm5g-v1,2026-09-12T22:37:16+00:00
fbc8aaa86b5d8afe,jobberman,business-development-executive-mg22zw-v1,Business Development Executive,,,,Ghana,unknown,,,,,,,,,,,,https://www.jobberman.com.gh/listings/business-development-executive-mg22zw-v1,2026-09-12T22:37:16+00:00
19eed682720b5e1f,jobberman,business-development-agents-marketing-4nzjem,Business Development Agents (marketing),,,,Ghana,unknown,,,,,,,,,,,,https://www.jobberman.com.gh/listings/business-development-agents-marketing-4nzjem,2026-09-12T22:37:16+00:00
61e01c561850d01f,jobberman,business-development-partnerships-associate-9jem85,Business Development & Partnerships Associate,,,,Ghana,unknown,,,,,,,,,,,,https://www.jobberman.com.gh/listings/business-development-partnerships-associate-9jem85,2026-09-12T22:37:16+00:00
37eadbab66883262,jobberman,forward-deployed-software-engineer-84e096,Forward Deployed Software Engineer,,,,Ghana,unknown,,,,,,,,,,,Software Development,https://www.jobberman.com.gh/listings/forward-deployed-software-engineer-84e096,2026-09-12T22:37:16+00:00
f3f55da59d0e65de,jobberman,monitoring-evaluation-specialist-at-busac-fund-20mvkq-v1,Monitoring & Evaluation Specialist At Busac Fund,,,,Ghana,unknown,,,,,,,,,,,,https://www.jobberman.com.gh/listings/monitoring-evaluation-specialist-at-busac-fund-20mvkq-v1,2026-09-12T22:37:16+00:00
b0c01f08100951e8,jobberman,full-stack-engineer-react-native-ev44r2-v1,Full Stack Engineer (react Native),,,,Ghana,unknown,,,,,,,,,,,Software Development,https://www.jobberman.com.gh/listings/full-stack-engineer-react-native-ev44r2-v1,2026-09-12T22:37:16+00:00
cba3572a6011db60,jobberman,sales-and-marketing-executive-5dj77p-v1,Sales And Marketing Executive,,,,Ghana,unknown,,,,,,,,,,,,https://www.jobberman.com.gh/listings/sales-and-marketing-executive-5dj77p-v1,2026-09-12T22:37:16+00:00
502625fef36ebb74,jobberman,analyst-system-architect-mobile-bss-07eppz-v1,"Analyst, System Architect - Mobile & Bss",,,,Ghana,unknown,,,,,,,,,,,,https://www.jobberman.com.gh/listings/analyst-system-architect-mobile-bss-07eppz-v1,2026-09-12T22:37:16+00:00
386127fd2f4b6c08,jobberman,auto-service-engineer-auto-electrical-vw87vx-v1,Auto Service Engineer (auto-electrical),,,,Ghana,unknown,,,,,,,,,,,Other Tech,https://www.jobberman.com.gh/listings/auto-service-engineer-auto-electrical-vw87vx-v1,2026-09-12T22:37:16+00:00
49e546a9dd5a1ded,jobberman,business-development-executive-7w2n6e-v1,Business Development Executive,,,,Ghana,unknown,,,,,,,,,,,,https://www.jobberman.com.gh/listings/business-development-executive-7w2n6e-v1,2026-09-12T22:37:19+00:00
f76c90eb26dce9eb,jobberman,survey-engineer-mgx5rq,Survey Engineer,,,,Ghana,unknown,,,,,,,,,,,Other Tech,https://www.jobberman.com.gh/listings/survey-engineer-mgx5rq,2026-09-12T22:37:19+00:00
c58a6fbba9d12f49,jobberman,business-development-executive-service-industry-xp0jdn,Business Development Executive (service Industry),,,,Ghana,unknown,,,,,,,,,,,,https://www.jobberman.com.gh/listings/business-development-executive-service-industry-xp0jdn,2026-09-12T22:37:19+00:00
64bb6a733355919c,jobberman,construction-manager-846j46-v1,Construction Manager,,,,Ghana,unknown,,,,,,,,,,,,https://www.jobberman.com.gh/listings/construction-manager-846j46-v1,2026-09-12T22:37:19+00:00
4e087d801693211d,jobberman,quantity-surveyor-k8j9j2-v1,Quantity Surveyor,,,,Ghana,unknown,,,,,,,,,,,,https://www.jobberman.com.gh/listings/quantity-surveyor-k8j9j2-v1,2026-09-12T22:37:19+00:00
9cd1d3d29c2c798f,jobberman,technical-solutions-engineer-07ep9x,Technical Solutions Engineer,,,,Ghana,unknown,,,,,,,,,,,Other Tech,https://www.jobberman.com.gh/listings/technical-solutions-engineer-07ep9x,2026-09-12T22:37:19+00:00
65da175bc4314c07,jobberman,water-engineer-q20kp6-v2,Water Engineer,,,,Ghana,unknown,,,,,,,,,,,Other Tech,https://www.jobberman.com.gh/listings/water-engineer-q20kp6-v2,2026-09-12T22:37:19+00:00
5effe9df2fd662c6,jobberman,senior-accountant-xpr42m-v1,Senior Accountant,,,,Ghana,unknown,,,,,,,,,,,,https://www.jobberman.com.gh/listings/senior-accountant-xpr42m-v1,2026-09-12T22:37:19+00:00
af9714d2fb14cea4,jobberman,professional-trainer-ev0nnd,Professional Trainer,,,,Ghana,unknown,,,,,,,,,,,,https://www.jobberman.com.gh/listings/professional-trainer-ev0nnd,2026-09-12T22:37:19+00:00
6291afce34fd3cef,jobberman,professional-trainer-7we885,Professional Trainer,,,,Ghana,unknown,,,,,,,,,,,,https://www.jobberman.com.gh/listings/professional-trainer-7we885,2026-09-12T22:37:19+00:00
48bc5022914f11d9,jobberman,textile-designer-7wevzd,Textile Designer,,,,Ghana,unknown,,,,,,,,,,,,https://www.jobberman.com.gh/listings/textile-designer-7wevzd,2026-09-12T22:37:19+00:00
d337151c4bd0839a,jobberman,chief-mine-geologist-at-top-notch-business-group-western-region-zpmwg9-v1,Chief Mine Geologist At Top-notch Business Group (western Region),,,,Ghana,unknown,,,,,,,,,,,,https://www.jobberman.com.gh/listings/chief-mine-geologist-at-top-notch-business-group-western-region-zpmwg9-v1,2026-09-12T22:37:19+00:00
1ae31d4a3cb1e211,jobberman,mechanical-engineer-20m4n8-v1,Mechanical Engineer,,,,Ghana,unknown,,,,,,,,,,,Other Tech,https://www.jobberman.com.gh/listings/mechanical-engineer-20m4n8-v1,2026-09-12T22:37:19+00:00
e5b3ab7168242a09,jobberman,senior-business-developer-ghana-846qj4-v1,Senior Business Developer (ghana),,,,Ghana,unknown,,,,,,,,,,,Software Development,https://www.jobberman.com.gh/listings/senior-business-developer-ghana-846qj4-v1,2026-09-12T22:37:19+00:00
6084942c9022493c,jobberman,mining-engineer-q20m4z-v1,Mining Engineer,,,,Ghana,unknown,,,,,,,,,,,Other Tech,https://www.jobberman.com.gh/listings/mining-engineer-q20m4z-v1,2026-09-12T22:37:19+00:00
865aa89144b2a968,jobberman,deputy-director-of-internal-audit-np64gv-v2,Deputy Director Of Internal Audit,,,,Ghana,unknown,,,,,,,,,,,,https://www.jobberman.com.gh/listings/deputy-director-of-internal-audit-np64gv-v2,2026-09-12T22:37:19+00:00
9f6b5d33f61ca803,jobberman,school-librarian-k8jwn8-v1,School Librarian,,,,Ghana,unknown,,,,,,,,,,,,https://www.jobberman.com.gh/listings/school-librarian-k8jwn8-v1,2026-09-12T22:37:23+00:00
c1829f35ee25682c,jobberman,sales-technician-solar-epc-4nzjke,Sales Technician (solar Epc),,,,Ghana,unknown,,,,,,,,,,,,https://www.jobberman.com.gh/listings/sales-technician-solar-epc-4nzjke,2026-09-12T22:37:23+00:00
4e8df7b23f5150bc,jobberman,sales-technician-solar-epc-5dewjg,Sales Technician (solar Epc),,,,Ghana,unknown,,,,,,,,,,,,https://www.jobberman.com.gh/listings/sales-technician-solar-epc-5dewjg,2026-09-12T22:37:23+00:00
d3fa72a04e242991,jobberman,chartered-accountant-20ejre,Chartered Accountant,,,,Ghana,unknown,,,,,,,,,,,,https://www.jobberman.com.gh/listings/chartered-accountant-20ejre,2026-09-12T22:37:23+00:00
7729df1edcea6f39,jobberman,data-manager-6de7xv-v1,Data Manager,,,,Ghana,unknown,,,,,,,,,,,Other Tech,https://www.jobberman.com.gh/listings/data-manager-6de7xv-v1,2026-09-12T22:37:23+00:00
b9c159049ac21f7c,jobberman,quantity-surveyor-846qzx-v1,Quantity Surveyor,,,,Ghana,unknown,,,,,,,,,,,,https://www.jobberman.com.gh/listings/quantity-surveyor-846qzx-v1,2026-09-12T22:37:23+00:00
655fc4dd5c810a13,jobberman,engineer-control-systems-npm5zv,"Engineer, Control Systems",,,,Ghana,unknown,,,,,,,,,,,Other Tech,https://www.jobberman.com.gh/listings/engineer-control-systems-npm5zv,2026-09-12T22:37:23+00:00
2a5d749c4b735f12,jobberman,test-automation-engineer-4nzj6z,Test Automation Engineer,,,,Ghana,unknown,,,,,,,,,,,Other Tech,https://www.jobberman.com.gh/listings/test-automation-engineer-4nzj6z,2026-09-12T22:37:23+00:00
a041b4e83492ec51,jobberman,application-security-engineer-npm5jv,Application Security Engineer,,,,Ghana,unknown,,,,,,,,,,,Cybersecurity,https://www.jobberman.com.gh/listings/application-security-engineer-npm5jv,2026-09-12T22:37:23+00:00
f97303fbbcac2c8e,jobberman,graphic-designer-ev4456-v1,Graphic Designer,,,,Ghana,unknown,,,,,,,,,,,,https://www.jobberman.com.gh/listings/graphic-designer-ev4456-v1,2026-09-12T22:37:23+00:00
4740e144a5ab8fad,jobberman,revenue-assurance-specialist-mg28xj-v1,Revenue Assurance Specialist,,,,Ghana,unknown,,,,,,,,,,,,https://www.jobberman.com.gh/listings/revenue-assurance-specialist-mg28xj-v1,2026-09-12T22:37:23+00:00
27a6e83aae319f5a,jobberman,field-sales-specialist-4nzjge,Field Sales Specialist,,,,Ghana,unknown,,,,,,,,,,,,https://www.jobberman.com.gh/listings/field-sales-specialist-4nzjge,2026-09-12T22:37:23+00:00
9b82c50c172a4252,jobberman,senior-finance-officer-q20pg4-v1,Senior Finance Officer,,,,Ghana,unknown,,,,,,,,,,,,https://www.jobberman.com.gh/listings/senior-finance-officer-q20pg4-v1,2026-09-12T22:37:23+00:00
15536e762ad3744b,jobberman,warehouse-audit-supervisor-4nk9dv-v3,Warehouse Audit Supervisor,,,,Ghana,unknown,,,,,,,,,,,,https://www.jobberman.com.gh/listings/warehouse-audit-supervisor-4nk9dv-v3,2026-09-12T22:37:23+00:00
37b033da4a2bbf98,jobberman,underground-shiftboss-9j7e0p-v2,Underground Shiftboss,,,,Ghana,unknown,,,,,,,,,,,,https://www.jobberman.com.gh/listings/underground-shiftboss-9j7e0p-v2,2026-09-12T22:37:23+00:00
4dccdde4286fe120,jobberman,senior-customer-portfolio-manager-cs-9j74xw-v1,Senior Customer Portfolio Manager-cs,,,,Ghana,unknown,,,,,,,,,,,,https://www.jobberman.com.gh/listings/senior-customer-portfolio-manager-cs-9j74xw-v1,2026-09-12T22:37:23+00:00
b3000f832e1bfe8a,jobberman,national-service-personnel-4nzj2p,National Service Personnel,,,,Ghana,unknown,,,,,,,,,,,,https://www.jobberman.com.gh/listings/national-service-personnel-4nzj2p,2026-09-12T22:37:25+00:00
c523f1fe43863a45,jobberman,chinese-translator-7w2ede-v1,Chinese Translator,,,,Ghana,unknown,,,,,,,,,,,,https://www.jobberman.com.gh/listings/chinese-translator-7w2ede-v1,2026-09-12T22:37:25+00:00
467775f3eccf1bda,jobberman,mine-captain-production-xpr0xw-v2,Mine Captain – Production,,,,Ghana,unknown,,,,,,,,,,,,https://www.jobberman.com.gh/listings/mine-captain-production-xpr0xw-v2,2026-09-12T22:37:25+00:00
3d3eb421485af115,jobberman,fleet-operations-manager-zpm7zg-v1,Fleet Operations Manager,,,,Ghana,unknown,,,,,,,,,,,,https://www.jobberman.com.gh/listings/fleet-operations-manager-zpm7zg-v1,2026-09-12T22:37:25+00:00
d1b00202a0f09bc3,jobberman,deputy-director-of-finance-q20r6p-v2,Deputy Director Of Finance,,,,Ghana,unknown,,,,,,,,,,,,https://www.jobberman.com.gh/listings/deputy-director-of-finance-q20r6p-v2,2026-09-12T22:37:25+00:00
f368a4539c1a5edd,jobberman,finance-manager-expat-5djerx-v1,Finance Manager (expat),,,,Ghana,unknown,,,,,,,,,,,,https://www.jobberman.com.gh/listings/finance-manager-expat-5djerx-v1,2026-09-12T22:37:25+00:00
ff5b03e1d8a4b4a2,jobberman,last-mile-hub-senior-coordinator-box-minya-d7vrq8,Last Mile Hub Senior Coordinator - Box ( Minya ),,,,Ghana,unknown,,,,,,,,,,,,https://www.jobberman.com.gh/listings/last-mile-hub-senior-coordinator-box-minya-d7vrq8,2026-09-12T22:37:25+00:00
a9e9f5b9086e19b2,jobberman,sales-partner-5dew4p-v1,Sales Partner,,,,Ghana,unknown,,,,,,,,,,,,https://www.jobberman.com.gh/listings/sales-partner-5dew4p-v1,2026-09-12T22:37:25+00:00
fdadbc8e8f1d072c,jobberman,senior-bi-developer-oracle-analytics-cloud-r8pzq4,Senior Bi Developer (oracle Analytics Cloud),,,,Ghana,unknown,,,,,,,,,,,Software Development,https://www.jobberman.com.gh/listings/senior-bi-developer-oracle-analytics-cloud-r8pzq4,2026-09-12T22:37:25+00:00
e823d71fa830a66a,jobberman,privacy-specialist-pmv770-v1,Privacy Specialist,,,,Ghana,unknown,,,,,,,,,,,,https://www.jobberman.com.gh/listings/privacy-specialist-pmv770-v1,2026-09-12T22:37:25+00:00
e44c22df7bf0904d,jobberman,partnerships-sales-lead-07epr6,Partnerships & Sales Lead,,,,Ghana,unknown,,,,,,,,,,,,https://www.jobberman.com.gh/listings/partnerships-sales-lead-07epr6,2026-09-12T22:37:25+00:00
db6c67a1d9337bdc,jobberman,web-developer-zpmmwq-v1,Web Developer,,,,Ghana,unknown,,,,,,,,,,,Software Development,https://www.jobberman.com.gh/listings/web-developer-zpmmwq-v1,2026-09-12T22:37:25+00:00
e65601104e191dd4,jobberman,principal-mining-projects-6de794,"Principal, Mining Projects",,,,Ghana,unknown,,,,,,,,,,,,https://www.jobberman.com.gh/listings/principal-mining-projects-6de794,2026-09-12T22:37:25+00:00
11c106fab96e4672,jobberman,forensic-accountant-84e079,Forensic Accountant,,,,Ghana,unknown,,,,,,,,,,,,https://www.jobberman.com.gh/listings/forensic-accountant-84e079,2026-09-12T22:37:25+00:00
131faa6d0ec5408a,jobberman,noc-it-support-engineer-ghana-vw7m95,Noc & It Support Engineer - Ghana,,,,Ghana,unknown,,,,,,,,,,,IT Support & Networking,https://www.jobberman.com.gh/listings/noc-it-support-engineer-ghana-vw7m95,2026-09-12T22:37:25+00:00
2ea9efea683ea8e5,jobberman,noc-it-support-engineer-ghana-q2jqwz,Noc & It Support Engineer - Ghana,,,,Ghana,unknown,,,,,,,,,,,IT Support & Networking,https://www.jobberman.com.gh/listings/noc-it-support-engineer-ghana-q2jqwz,2026-09-12T22:37:25+00:00
7498768f387482f6,jobberman,senior-forester-9j7e9p-v1,Senior Forester,,,,Ghana,unknown,,,,,,,,,,,,https://www.jobberman.com.gh/listings/senior-forester-9j7e9p-v1,2026-09-12T22:37:28+00:00
dcc9dfd2ef7162ff,jobberman,lecturersenior-lecturerprofessor-computer-scienceinformation-technology-at-gimpa-zpn2n6,Lecturer/senior Lecturer/professor (computer Science/information Technology) At Gimpa,,,,Ghana,unknown,,,,,,,,,,,Other Tech,https://www.jobberman.com.gh/listings/lecturersenior-lecturerprofessor-computer-scienceinformation-technology-at-gimpa-zpn2n6,2026-09-12T22:37:28+00:00
2bd1f49c1d6c8687,jobberman,intership-at-rootech-pmvk5p-v1,Intership At Rootech,,,,Ghana,unknown,,,,,,,,,,,,https://www.jobberman.com.gh/listings/intership-at-rootech-pmvk5p-v1,2026-09-12T22:37:28+00:00
4772884b2bce0965,jobberman,full-stack-engineering-lead-net-react-gwn5kk,"Full-stack Engineering Lead (.net, React)",,,,Ghana,unknown,,,,,,,,,,,Other Tech,https://www.jobberman.com.gh/listings/full-stack-engineering-lead-net-react-gwn5kk,2026-09-12T22:37:28+00:00
1df8b3d06773ca54,jobberman,technical-lead-react-net-7wevd8,"Technical Lead (react, .net)",,,,Ghana,unknown,,,,,,,,,,,Other Tech,https://www.jobberman.com.gh/listings/technical-lead-react-net-7wevd8,2026-09-12T22:37:28+00:00
5c08cf7b6ec859bb,jobberman,commercial-analyst-20ez0v,Commercial Analyst,,,,Ghana,unknown,,,,,,,,,,,,https://www.jobberman.com.gh/listings/commercial-analyst-20ez0v,2026-09-12T22:37:28+00:00
b33e0c87abca9fe4,jobberman,engineer-projects-geotechnical-vw7m8v,"Engineer Projects, Geotechnical",,,,Ghana,unknown,,,,,,,,,,,Other Tech,https://www.jobberman.com.gh/listings/engineer-projects-geotechnical-vw7m8v,2026-09-12T22:37:28+00:00
f47958a6dfd84640,jobberman,head-of-workplace-it-r8p2k5,Head Of Workplace It,,,,Ghana,unknown,,,,,,,,,,,,https://www.jobberman.com.gh/listings/head-of-workplace-it-r8p2k5,2026-09-12T22:37:28+00:00
4aee65b9a1a45fa5,jobberman,senior-ai-applications-engineer-mgxmnm,Senior Ai Applications Engineer,,,,Ghana,unknown,,,,,,,,,,,Data & AI,https://www.jobberman.com.gh/listings/senior-ai-applications-engineer-mgxmnm,2026-09-12T22:37:28+00:00
0f629478dbb7dc55,jobberman,tech-sales-executive-ghana-6dp0gv-v1,Tech Sales Executive - Ghana,,,,Ghana,unknown,,,,,,,,,,,,https://www.jobberman.com.gh/listings/tech-sales-executive-ghana-6dp0gv-v1,2026-09-12T22:37:28+00:00
c128faaa943bd7b2,jobberman,electronic-maintenance-technician-for-direct-to-garment-print-machine-jqkke5-v1,Electronic Maintenance Technician For Direct-to-garment Print Machine,,,,Ghana,unknown,,,,,,,,,,,,https://www.jobberman.com.gh/listings/electronic-maintenance-technician-for-direct-to-garment-print-machine-jqkke5-v1,2026-09-12T22:37:28+00:00
05edd777fa582307,jobberman,business-development-managerhr-consultancy-services-84e029,Business Development Manager(hr Consultancy Services),,,,Ghana,unknown,,,,,,,,,,,,https://www.jobberman.com.gh/listings/business-development-managerhr-consultancy-services-84e029,2026-09-12T22:37:28+00:00
c8fa4cbd13589370,jobberman,technical-content-marketing-manager-wpvmk6,Technical Content Marketing Manager,,,,Ghana,unknown,,,,,,,,,,,Other Tech,https://www.jobberman.com.gh/listings/technical-content-marketing-manager-wpvmk6,2026-09-12T22:37:28+00:00
04b18ab92c87a104,jobberman,finance-specialist-controllership-zpnvvv,Finance Specialist - Controllership,,,,Ghana,unknown,,,,,,,,,,,,https://www.jobberman.com.gh/listings/finance-specialist-controllership-zpnvvv,2026-09-12T22:37:28+00:00
6ef2db0a66e14fae,jobberman,finance-specialist-controllership-vw744w,Finance Specialist - Controllership,,,,Ghana,unknown,,,,,,,,,,,,https://www.jobberman.com.gh/listings/finance-specialist-controllership-vw744w,2026-09-12T22:37:28+00:00
80ba0adb68df629c,jobberman,ict-assistant-6de787,Ict Assistant,,,,Ghana,unknown,,,,,,,,,,,Other Tech,https://www.jobberman.com.gh/listings/ict-assistant-6de787,2026-09-12T22:37:28+00:00
e20247d3329c8e8e,jobberman,analyst-commercial-performance-business-intelligence-data-mining-7wevq8,Analyst Commercial Performance & Business Intelligence (data Mining),,,,Ghana,unknown,,,,,,,,,,,Data & AI,https://www.jobberman.com.gh/listings/analyst-commercial-performance-business-intelligence-data-mining-7wevq8,2026-09-12T22:37:32+00:00
5d7c4434a603f3d6,jobberman,applied-ai-engineer-q2jq5e,Applied Ai Engineer,,,,Ghana,unknown,,,,,,,,,,,Data & AI,https://www.jobberman.com.gh/listings/applied-ai-engineer-q2jq5e,2026-09-12T22:37:32+00:00
0256b3778b6c9232,jobberman,taxi-driver-scout-xpr5jq-v1,Taxi Driver Scout,,,,Ghana,unknown,,,,,,,,,,,,https://www.jobberman.com.gh/listings/taxi-driver-scout-xpr5jq-v1,2026-09-12T22:37:32+00:00
738820c7fc8e17c5,jobberman,enterprise-solutions-architect-20ezgk,Enterprise Solutions Architect,,,,Ghana,unknown,,,,,,,,,,,Other Tech,https://www.jobberman.com.gh/listings/enterprise-solutions-architect-20ezgk,2026-09-12T22:37:32+00:00
748446018897fe55,jobberman,enterprise-solutions-architect-gwn58q,Enterprise Solutions Architect,,,,Ghana,unknown,,,,,,,,,,,Other Tech,https://www.jobberman.com.gh/listings/enterprise-solutions-architect-gwn58q,2026-09-12T22:37:32+00:00
f0dca9be6c232376,jobberman,territory-manager-20ezv6,Territory Manager,,,,Ghana,unknown,,,,,,,,,,,,https://www.jobberman.com.gh/listings/territory-manager-20ezv6,2026-09-12T22:37:32+00:00
6dd3883931599dee,jobberman,project-manager-wp4v70-v1,Project Manager,,,,Ghana,unknown,,,,,,,,,,,,https://www.jobberman.com.gh/listings/project-manager-wp4v70-v1,2026-09-12T22:37:32+00:00
51643f3072deeb76,jobberman,fleet-manager-ev44ej-v1,Fleet Manager,,,,Ghana,unknown,,,,,,,,,,,,https://www.jobberman.com.gh/listings/fleet-manager-ev44ej-v1,2026-09-12T22:37:32+00:00
6b7b1505ec395e0e,jobberman,senior-executive-assistant-to-the-chief-executive-officer-ceo-4nkzvv-v1,Senior Executive Assistant To The Chief Executive Officer (ceo),,,,Ghana,unknown,,,,,,,,,,,,https://www.jobberman.com.gh/listings/senior-executive-assistant-to-the-chief-executive-officer-ceo-4nkzvv-v1,2026-09-12T22:37:32+00:00
62149a2fa993b968,jobberman,electrical-field-engineer-renewables-zpmnq9-v1,Electrical Field Engineer (renewables),,,,Ghana,unknown,,,,,,,,,,,Other Tech,https://www.jobberman.com.gh/listings/electrical-field-engineer-renewables-zpmnq9-v1,2026-09-12T22:37:42+00:00
63ffff9241cca26b,jobberman,it-systems-administrator-at-university-college-of-management-studies-xp0d4n,It Systems Administrator At University College Of Management Studies,,,,Ghana,unknown,,,,,,,,,,,IT Support & Networking,https://www.jobberman.com.gh/listings/it-systems-administrator-at-university-college-of-management-studies-xp0d4n,2026-09-12T22:37:42+00:00
9bcb72becd6adcd4,jobberman,engine-field-service-engine-workshop-technician-q2jq6e,Engine Field Service / Engine Workshop Technician,,,,Ghana,unknown,,,,,,,,,,,,https://www.jobberman.com.gh/listings/engine-field-service-engine-workshop-technician-q2jq6e,2026-09-12T22:37:42+00:00
9ebf63e914d5f4a1,jobberman,civil-engineer-ev0d94,Civil Engineer,,,,Ghana,unknown,,,,,,,,,,,Other Tech,https://www.jobberman.com.gh/listings/civil-engineer-ev0d94,2026-09-12T22:37:45+00:00
9d24ab484e7b9a0e,jobberman,noc-engineer-at-teledata-ict-ltd-9je0pv,Noc Engineer At Teledata Ict Ltd,,,,Ghana,unknown,,,,,,,,,,,Other Tech,https://www.jobberman.com.gh/listings/noc-engineer-at-teledata-ict-ltd-9je0pv,2026-09-12T22:37:45+00:00
cee3a0b5c76b56db,jobberman,mep-processing-maintenance-manager-gwx2me-v1,Mep & Processing Maintenance Manager,,,,Ghana,unknown,,,,,,,,,,,,https://www.jobberman.com.gh/listings/mep-processing-maintenance-manager-gwx2me-v1,2026-09-12T22:37:48+00:00
93a0e924982973dd,jobberman,fullstack-web-and-mobile-app-developer-r89dqq,Fullstack web and mobile app developer,,,,Ghana,unknown,,,,,,,,,,,Software Development,https://www.jobberman.com.gh/listings/fullstack-web-and-mobile-app-developer-r89dqq,2026-09-12T22:37:52+00:00
852401d241f80e23,jobberman,job-vacancy-at-national-health-insurance-authority-zpn276,Job Vacancy At National Health Insurance Authority,,,,Ghana,unknown,,,,,,,,,,,,https://www.jobberman.com.gh/listings/job-vacancy-at-national-health-insurance-authority-zpn276,2026-09-12T22:37:52+00:00
ec2ae5d207167e30,jobberman,communications-officer-at-ibis-tamale-jq8mve,Communications Officer At Ibis (tamale),,,,Ghana,unknown,,,,,,,,,,,,https://www.jobberman.com.gh/listings/communications-officer-at-ibis-tamale-jq8mve,2026-09-12T22:37:52+00:00
fbe04a07de165865,jobberman,business-development-representative-20m46e-v1,Business Development Representative,,,,Ghana,unknown,,,,,,,,,,,,https://www.jobberman.com.gh/listings/business-development-representative-20m46e-v1,2026-09-12T22:37:52+00:00
265bac39dc7f862f,jobberman,marketing-manager-jq8mgg,Marketing Manager,,,,Ghana,unknown,,,,,,,,,,,,https://www.jobberman.com.gh/listings/marketing-manager-jq8mgg,2026-09-12T22:37:52+00:00
349978b0a2d1c04a,jobberman,marketing-manager-interior-design-5dew0g,Marketing Manager (interior Design),,,,Ghana,unknown,,,,,,,,,,,,https://www.jobberman.com.gh/listings/marketing-manager-interior-design-5dew0g,2026-09-12T22:37:52+00:00
f1ef9d06f428e983,jobberman,ptp-specialist-wpvm86,Ptp Specialist,,,,Ghana,unknown,,,,,,,,,,,,https://www.jobberman.com.gh/listings/ptp-specialist-wpvm86,2026-09-12T22:37:52+00:00
9bb50ede902dc0d3,jobberman,credit-collections-ev0dn9-v1,Credit & Collections,,,,Ghana,unknown,,,,,,,,,,,,https://www.jobberman.com.gh/listings/credit-collections-ev0dn9-v1,2026-09-12T22:37:54+00:00
1149ff7e0742668e,jobberman,social-media-and-retail-assistant-ananse-studios-accra-npm50x,"Social Media And Retail Assistant, Ananse Studios Accra",,,,Ghana,unknown,,,,,,,,,,,Software Development,https://www.jobberman.com.gh/listings/social-media-and-retail-assistant-ananse-studios-accra-npm50x,2026-09-12T22:37:54+00:00
2cbcc152a5473c5c,jobberman,global-client-manager-6-months-fixed-termremote-xp0j6n,Global Client Manager (6 Months Fixed-term/remote),,,,Ghana,remote,Global,,,,,,,,,,,https://www.jobberman.com.gh/listings/global-client-manager-6-months-fixed-termremote-xp0j6n,2026-09-12T22:37:54+00:00
ce77fdd34986ff3a,jobberman,sales-manager-2-vacancies-q20ppn,Sales Manager,,,,Ghana,unknown,,,,,,,,,,,,https://www.jobberman.com.gh/listings/sales-manager-2-vacancies-q20ppn,2026-09-12T22:38:04+00:00
4b8f296bca82f36d,jobberman,-6de7zz,地区销售经理,,,,Ghana,unknown,,,,,,,,,,,,https://www.jobberman.com.gh/listings/-6de7zz,2026-09-12T22:38:04+00:00
b1efc1ec7ef0c341,jobberman,relationship-manager-asset-management-pmvvrj-v1,"Relationship Manager, Asset Management",,,,Ghana,unknown,,,,,,,,,,,,https://www.jobberman.com.gh/listings/relationship-manager-asset-management-pmvvrj-v1,2026-09-12T22:38:04+00:00
79b5d55dd040bb2c,jobberman,account-manager-r89972-v1,Account Manager,,,,Ghana,unknown,,,,,,,,,,,,https://www.jobberman.com.gh/listings/account-manager-r89972-v1,2026-09-12T22:38:04+00:00
a7ca0bd793948980,jobberman,country-director-atlantic-cluster-ghana-sierra-leone-and-liberia-4nke82,"Country Director Atlantic Cluster (ghana, Sierra Leone And Liberia)",,,,Ghana,unknown,,,,,,,,,,,,https://www.jobberman.com.gh/listings/country-director-atlantic-cluster-ghana-sierra-leone-and-liberia-4nke82,2026-09-12T22:38:04+00:00
8d3cddf377bc99c9,jobberman,senior-plant-operator-5de647,Senior Plant Operator,,,,Ghana,unknown,,,,,,,,,,,,https://www.jobberman.com.gh/listings/senior-plant-operator-5de647,2026-09-12T22:38:04+00:00
fa90f3d207ca0b3f,jobberman,senior-plant-operator-20ejje,Senior Plant Operator,,,,Ghana,unknown,,,,,,,,,,,,https://www.jobberman.com.gh/listings/senior-plant-operator-20ejje,2026-09-12T22:38:07+00:00
43553e8749311aba,jobberman,section-operator-i-d78vnw-v1,Section Operator I,,,,Ghana,unknown,,,,,,,,,,,,https://www.jobberman.com.gh/listings/section-operator-i-d78vnw-v1,2026-09-12T22:38:07+00:00
c49f8e868daee817,jobberman,lecturer-faculty-of-computing-and-information-systems-4nkzn8-v1,Lecturer — Faculty Of Computing And Information Systems,,,,Ghana,unknown,,,,,,,,,,,,https://www.jobberman.com.gh/listings/lecturer-faculty-of-computing-and-information-systems-4nkzn8-v1,2026-09-12T22:38:07+00:00
fec106d2c7cc78df,jobberman,corporate-ehs-manager-building-construction-projects-d7vrz8,Corporate Ehs Manager- Building / Construction Projects,,,,Ghana,unknown,,,,,,,,,,,,https://www.jobberman.com.gh/listings/corporate-ehs-manager-building-construction-projects-d7vrz8,2026-09-12T22:38:07+00:00
e7d14eff6cdce868,jobberman,msmes-associate-84e0kp,Msme's Associate,,,,Ghana,unknown,,,,,,,,,,,,https://www.jobberman.com.gh/listings/msmes-associate-84e0kp,2026-09-12T22:38:07+00:00
5ca8ae453911e6de,jobberman,coordinator-resource-mobilization-and-finance-5djqmn-v1,Coordinator Resource Mobilization And Finance,,,,Ghana,unknown,,,,,,,,,,,,https://www.jobberman.com.gh/listings/coordinator-resource-mobilization-and-finance-5djqmn-v1,2026-09-12T22:38:07+00:00
8cce72cc4d6f6706,jobberman,senior-project-officer-west-africa-7wevjn,"Senior Project Officer, West Africa",,,,Ghana,unknown,,,,,,,,,,,,https://www.jobberman.com.gh/listings/senior-project-officer-west-africa-7wevjn,2026-09-12T22:38:07+00:00
b93e97c96b8e9cb2,jobberman,senior-lecturer-faculty-of-computing-and-information-systems-4nkkpm-v3,Senior Lecturer — Faculty Of Computing And Information Systems,,,,Ghana,unknown,,,,,,,,,,,,https://www.jobberman.com.gh/listings/senior-lecturer-faculty-of-computing-and-information-systems-4nkkpm-v3,2026-09-12T22:38:07+00:00
4a71293cd45396ae,jobberman,associate-professor-faculty-of-computing-and-information-systems-gwxx8r-v3,Associate Professor — Faculty Of Computing And Information Systems,,,,Ghana,unknown,,,,,,,,,,,,https://www.jobberman.com.gh/listings/associate-professor-faculty-of-computing-and-information-systems-gwxx8r-v3,2026-09-12T22:38:07+00:00
a35fde27ce9809b3,jobberman,professor-faculty-of-computing-and-information-systems-07re2e-v1,Professor — Faculty Of Computing And Information Systems,,,,Ghana,unknown,,,,,,,,,,,,https://www.jobberman.com.gh/listings/professor-faculty-of-computing-and-information-systems-07re2e-v1,2026-09-12T22:38:07+00:00
59369b5d9ac6716a,jobberman,micro-insurance-coordinator-milife-insurance-d78xx7-v1,"Micro Insurance Coordinator, Milife Insurance",,,,Ghana,unknown,,,,,,,,,,,,https://www.jobberman.com.gh/listings/micro-insurance-coordinator-milife-insurance-d78xx7-v1,2026-09-12T22:38:07+00:00
289d328fbb01e86f,jobberman,technical-sales-engineer-radio-communications-846649-v1,Technical Sales Engineer – Radio Communications,,,,Ghana,unknown,,,,,,,,,,,Other Tech,https://www.jobberman.com.gh/listings/technical-sales-engineer-radio-communications-846649-v1,2026-09-12T22:38:07+00:00
ccfd07cf7f9b35ed,jobberman,wash-up-project-director-at-global-communities-ghana-q2jqmj,Wash-up Project Director At Global Communities-ghana,,,,Ghana,unknown,,,,,,,,,,,,https://www.jobberman.com.gh/listings/wash-up-project-director-at-global-communities-ghana-q2jqmj,2026-09-12T22:38:07+00:00
c2c9c96453da2e13,jobberman,digital-content-creative-media-specialist-jq8mdg,Digital Content & Creative Media Specialist,,,,Ghana,unknown,,,,,,,,,,,,https://www.jobberman.com.gh/listings/digital-content-creative-media-specialist-jq8mdg,2026-09-12T22:38:11+00:00
05acb61bbd1850ea,jobberman,delivery-driver-jq84je,Delivery Driver,,,,Ghana,unknown,,,,,,,,,,,,https://www.jobberman.com.gh/listings/delivery-driver-jq84je,2026-09-12T22:38:11+00:00
0ef22bb08187c562,jobberman,business-manager-jq8mwr,Business Manager,,,,Ghana,unknown,,,,,,,,,,,,https://www.jobberman.com.gh/listings/business-manager-jq8mwr,2026-09-12T22:38:11+00:00
da439ecc682c6d0a,jobberman,field-service-technician-grinding-mills-mgxm99,Field Service Technician-grinding Mills,,,,Ghana,unknown,,,,,,,,,,,,https://www.jobberman.com.gh/listings/field-service-technician-grinding-mills-mgxm99,2026-09-12T22:38:11+00:00
ca089e2b31610a50,jobberman,people-solutions-generalist-i-vw7m4x-v1,People Solutions Generalist I,,,,Ghana,unknown,,,,,,,,,,,,https://www.jobberman.com.gh/listings/people-solutions-generalist-i-vw7m4x-v1,2026-09-12T22:38:11+00:00
50da62cd56a4aef9,jobberman,field-service-technician-crushing-screening-20ezn6,Field Service Technician- Crushing & Screening,,,,Ghana,unknown,,,,,,,,,,,,https://www.jobberman.com.gh/listings/field-service-technician-crushing-screening-20ezn6,2026-09-12T22:38:11+00:00
de2b05bfa6bc03a0,jobberman,robotics-data-collector-ghana-vw82d5-v1,Robotics Data Collector (ghana),,,,Ghana,unknown,,,,,,,,,,,Other Tech,https://www.jobberman.com.gh/listings/robotics-data-collector-ghana-vw82d5-v1,2026-09-12T22:38:11+00:00
d0eb5f35ac6761ad,jobberman,deputy-representative-operations-p-4-fixed-term-accra-ghana-5974-wpvmxg,"Deputy Representative Operations, (p-4) Fixed Term – Accra, Ghana # 5974",,,,Ghana,unknown,,,,,,,,,,,,https://www.jobberman.com.gh/listings/deputy-representative-operations-p-4-fixed-term-accra-ghana-5974-wpvmxg,2026-09-12T22:38:11+00:00
3daf87b58ac9cb47,jobberman,supervisor-electrical-energy-management-07epzx,"Supervisor, Electrical & Energy Management",,,,Ghana,unknown,,,,,,,,,,,,https://www.jobberman.com.gh/listings/supervisor-electrical-energy-management-07epzx,2026-09-12T22:38:11+00:00
693c20daf5027171,jobberman,ai-platform-engineer-vw7mk5,Ai Platform Engineer,,,,Ghana,unknown,,,,,,,,,,,Data & AI,https://www.jobberman.com.gh/listings/ai-platform-engineer-vw7mk5,2026-09-12T22:38:21+00:00
1100d2e537e049f4,jobberman,senior-devops-engineer-jq8mzr,Senior Devops Engineer,,,,Ghana,unknown,,,,,,,,,,,DevOps & Cloud,https://www.jobberman.com.gh/listings/senior-devops-engineer-jq8mzr,2026-09-12T22:38:21+00:00
c1c0256c3d02b952,jobberman,monitoring-evaluation-research-and-learning-merl-associate-20m4me,"Monitoring, Evaluation, Research, and Learning (MERL) Associate & Data Analyst",,,,Ghana,unknown,,,,,,,,,,,Data & AI,https://www.jobberman.com.gh/listings/monitoring-evaluation-research-and-learning-merl-associate-20m4me,2026-09-12T22:38:30+00:00
1e67838d7b5b244b,jobberman,credit-analyst-gwxnmn-v1,Credit Analyst,,,,Ghana,unknown,,,,,,,,,,,,https://www.jobberman.com.gh/listings/credit-analyst-gwxnmn-v1,2026-09-12T22:38:30+00:00
11289c52fc9d6791,jobberman,bank-of-baroda-so-recruitment-2026-out-apply-now-for-1100-posts-07ep6w,Bank Of Baroda So Recruitment 2026 Out – Apply Now For 1100 Posts,,,,Ghana,unknown,,,,,,,,,,,,https://www.jobberman.com.gh/listings/bank-of-baroda-so-recruitment-2026-out-apply-now-for-1100-posts-07ep6w,2026-09-12T22:38:30+00:00
53e62d0e96517f07,jobberman,analyst-commercial-planning-k84mpv,"Analyst, Commercial Planning",,,,Ghana,unknown,,,,,,,,,,,,https://www.jobberman.com.gh/listings/analyst-commercial-planning-k84mpv,2026-09-12T22:38:30+00:00
f218ea14cfe8f67b,jobberman,finance-decision-support-specialist-technology-k84mj8,Finance Decision Support Specialist - Technology,,,,Ghana,unknown,,,,,,,,,,,,https://www.jobberman.com.gh/listings/finance-decision-support-specialist-technology-k84mj8,2026-09-12T22:38:30+00:00
981a34f4486fa395,jobberman,coordinator-enterprise-value-management-mgxm6d,"Coordinator, Enterprise Value Management",,,,Ghana,unknown,,,,,,,,,,,Other Tech,https://www.jobberman.com.gh/listings/coordinator-enterprise-value-management-mgxm6d,2026-09-12T22:38:30+00:00
906960603a8ea4a9,jobberman,quality-assurance-officer-vw82kp-v1,Quality Assurance Officer,,,,Ghana,unknown,,,,,,,,,,,QA & Testing,https://www.jobberman.com.gh/listings/quality-assurance-officer-vw82kp-v1,2026-09-12T22:38:30+00:00
480c379afa28f765,jobberman,research-chemist-scientist-polymer-innovation-product-development-vw872m-v1,Research Chemist / Scientist – Polymer Innovation & Product Development,,,,Ghana,unknown,,,,,,,,,,,,https://www.jobberman.com.gh/listings/research-chemist-scientist-polymer-innovation-product-development-vw872m-v1,2026-09-12T22:38:38+00:00
502a1c0cc213ad07,jobberman,research-assistant-maize-trial-preparations-and-management-at-iita-tamale-r8p2p2,Research Assistant Maize Trial Preparations And Management At Iita (tamale),,,,Ghana,unknown,,,,,,,,,,,,https://www.jobberman.com.gh/listings/research-assistant-maize-trial-preparations-and-management-at-iita-tamale-r8p2p2,2026-09-12T22:38:38+00:00
3f6abac5c0fe4251,jobberman,research-assistant-maize-trial-preparations-and-management-at-iita-tamale-7wev2d,Research Assistant Maize Trial Preparations And Management At Iita (tamale),,,,Ghana,unknown,,,,,,,,,,,,https://www.jobberman.com.gh/listings/research-assistant-maize-trial-preparations-and-management-at-iita-tamale-7wev2d,2026-09-12T22:38:38+00:00
3afae9b312dd68e0,jobberman,dyno-operator-9j74p0-v1,Dyno Operator,,,,Ghana,unknown,,,,,,,,,,,,https://www.jobberman.com.gh/listings/dyno-operator-9j74p0-v1,2026-09-12T22:38:47+00:00
11e48ea4b2825fac,jobberman,quality-control-officers-9j7ex0,Quality Control Officers,,,,Ghana,unknown,,,,,,,,,,,,https://www.jobberman.com.gh/listings/quality-control-officers-9j7ex0,2026-09-12T22:38:47+00:00
8216657895ae733f,jobberman,business-development-manager-ev0d62,Business Development Manager,,,,Ghana,unknown,,,,,,,,,,,,https://www.jobberman.com.gh/listings/business-development-manager-ev0d62,2026-09-12T22:38:47+00:00
c4a7a3dbf9bc9282,jobberman,electrical-supervisor-underground-4nzjqp,Electrical Supervisor – Underground,,,,Ghana,unknown,,,,,,,,,,,,https://www.jobberman.com.gh/listings/electrical-supervisor-underground-4nzjqp,2026-09-12T22:38:51+00:00
88a388774d3b3e52,jobberman,digital-marketing-investor-relations-specialist-wp4vqp-v1,Digital Marketing & Investor Relations Specialist,,,,Ghana,unknown,,,,,,,,,,,,https://www.jobberman.com.gh/listings/digital-marketing-investor-relations-specialist-wp4vqp-v1,2026-09-12T22:38:51+00:00
3d7a9d7d52da9e86,jobberman,winder-cic-supervisor-6dpeeg-v1,Winder Cic Supervisor,,,,Ghana,unknown,,,,,,,,,,,,https://www.jobberman.com.gh/listings/winder-cic-supervisor-6dpeeg-v1,2026-09-12T22:38:51+00:00
6bb6d619c80ddae5,jobberman,head-of-operations-ev4gzv-v1,Head Of Operations,,,,Ghana,unknown,,,,,,,,,,,,https://www.jobberman.com.gh/listings/head-of-operations-ev4gzv-v1,2026-09-12T22:38:51+00:00
df9a66fe9b5e75ab,jobberman,winder-engine-driver-5djee0-v2,Winder Engine Driver,,,,Ghana,unknown,,,,,,,,,,,,https://www.jobberman.com.gh/listings/winder-engine-driver-5djee0-v2,2026-09-12T22:38:51+00:00
25a6bb5926f9fdd7,jobberman,control-instrumentation-ci-reliability-engineer-d7vr9g,Control & Instrumentation (c&i) Reliability Engineer,,,,Ghana,unknown,,,,,,,,,,,Other Tech,https://www.jobberman.com.gh/listings/control-instrumentation-ci-reliability-engineer-d7vr9g,2026-09-12T22:38:51+00:00
8f502b2fd73e1c98,jobberman,winder-engineer-electrical-pmvzxr-v2,Winder Engineer – Electrical,,,,Ghana,unknown,,,,,,,,,,,Other Tech,https://www.jobberman.com.gh/listings/winder-engineer-electrical-pmvzxr-v2,2026-09-12T22:38:51+00:00
b9ac459d4ccd1565,jobberman,winder-specialist-electrical-wp4vmj-v3,Winder Specialist – Electrical,,,,Ghana,unknown,,,,,,,,,,,,https://www.jobberman.com.gh/listings/winder-specialist-electrical-wp4vmj-v3,2026-09-12T22:38:51+00:00
d18b1f6e430cb4dd,jobberman,material-handling-supervisor-07rep8-v1,Material Handling Supervisor,,,,Ghana,unknown,,,,,,,,,,,,https://www.jobberman.com.gh/listings/material-handling-supervisor-07rep8-v1,2026-09-12T22:38:53+00:00
9291b82435d67456,jobberman,mechanical-supervisor-4nkz75-v1,Mechanical Supervisor,,,,Ghana,unknown,,,,,,,,,,,,https://www.jobberman.com.gh/listings/mechanical-supervisor-4nkz75-v1,2026-09-12T22:38:53+00:00
c64c5191cebbc0ed,jobberman,mechanical-supervisor-processing-plant-846eqp-v1,Mechanical Supervisor – Processing Plant,,,,Ghana,unknown,,,,,,,,,,,,https://www.jobberman.com.gh/listings/mechanical-supervisor-processing-plant-846eqp-v1,2026-09-12T22:38:53+00:00
e89c2ff34db75a95,jobberman,procurement-coordinator-npm5dk,Procurement Coordinator,,,,Ghana,unknown,,,,,,,,,,,,https://www.jobberman.com.gh/listings/procurement-coordinator-npm5dk,2026-09-12T22:38:53+00:00
bcee59d699bc8126,jobberman,cofounder-ceo-equityonly-small-monthly-allowance-9je098,Co‑founder & Ceo (equity‑only + Small Monthly Allowance),,,,Ghana,unknown,,,,,,,,,,,,https://www.jobberman.com.gh/listings/cofounder-ceo-equityonly-small-monthly-allowance-9je098,2026-09-12T22:38:53+00:00
d2e46e28453fde34,jobberman,limestone-mining-technical-adviser-9jemm5,Limestone Mining Technical Adviser,,,,Ghana,unknown,,,,,,,,,,,Other Tech,https://www.jobberman.com.gh/listings/limestone-mining-technical-adviser-9jemm5,2026-09-12T22:38:56+00:00
e18c7c25233c5fd1,jobberman,junior-electrical-mechanical-engineers-mg2xez-v1,Junior Electrical/ Mechanical Engineers,,,,Ghana,unknown,,,,,,,,,,,Other Tech,https://www.jobberman.com.gh/listings/junior-electrical-mechanical-engineers-mg2xez-v1,2026-09-12T22:39:05+00:00
e41d72fb57187625,jobberman,hse-manager-pmzppw-v1,Hse Manager,,,,Ghana,unknown,,,,,,,,,,,,https://www.jobberman.com.gh/listings/hse-manager-pmzppw-v1,2026-09-12T22:39:05+00:00
01e848355afe47f4,jobberman,clinical-sales-manager-eastern-region-jq8mk6,Clinical Sales Manager (eastern Region),,,,Ghana,unknown,,,,,,,,,,,,https://www.jobberman.com.gh/listings/clinical-sales-manager-eastern-region-jq8mk6,2026-09-12T22:39:05+00:00
ea8dccd7ee7e1f26,jobberman,ip-network-services-planning-specialist-7w2ejx-v1,Ip Network & Services Planning Specialist,,,,Ghana,unknown,,,,,,,,,,,,https://www.jobberman.com.gh/listings/ip-network-services-planning-specialist-7w2ejx-v1,2026-09-12T22:39:15+00:00
2e9a665da2fd7f3a,jobberman,lubrication-technician-process-plant-np6m5w-v3,Lubrication Technician – Process Plant,,,,Ghana,unknown,,,,,,,,,,,,https://www.jobberman.com.gh/listings/lubrication-technician-process-plant-np6m5w-v3,2026-09-12T22:39:25+00:00
6bb9949fb72b86f9,jobberman,sales-specialist-medicallaboratory-devices-and-consumables-gwx2v2-v1,Sales Specialist ( Medical/laboratory Devices And Consumables),,,,Ghana,unknown,,,,,,,,,,,,https://www.jobberman.com.gh/listings/sales-specialist-medicallaboratory-devices-and-consumables-gwx2v2-v1,2026-09-12T22:39:25+00:00
d0d2d182240c2722,jobberman,finance-is-and-administration-manager-jq8me6,"Finance, IS and Administration Manager",,,,Ghana,unknown,,,,,,,,,,,,https://www.jobberman.com.gh/listings/finance-is-and-administration-manager-jq8me6,2026-09-12T22:39:28+00:00
7ec1ff129ec19f54,jobberman,purchasing-superintendent-at-african-mining-services-tarkwa-pmzpv0,Purchasing Superintendent At African Mining Services (tarkwa),,,,Ghana,unknown,,,,,,,,,,,,https://www.jobberman.com.gh/listings/purchasing-superintendent-at-african-mining-services-tarkwa-pmzpv0,2026-09-12T22:39:28+00:00
5e62a599ccb6f38c,jobberman,regulatory-compliance-administration-officer-wp448k-v1,"Regulatory, Compliance & Administration Officer",,,,Ghana,unknown,,,,,,,,,,,,https://www.jobberman.com.gh/listings/regulatory-compliance-administration-officer-wp448k-v1,2026-09-12T22:39:28+00:00
ede02fcbf90b1bb1,jobberman,data-entry-clerk-gh-zpn2wg,Data Entry Clerk Gh,,,,Ghana,unknown,,,,,,,,,,,Other Tech,https://www.jobberman.com.gh/listings/data-entry-clerk-gh-zpn2wg,2026-09-12T22:39:28+00:00
9efa948da74535c8,jobberman,administration-and-training-manager-9j774n-v1,Administration And Training Manager,,,,Ghana,unknown,,,,,,,,,,,,https://www.jobberman.com.gh/listings/administration-and-training-manager-9j774n-v1,2026-09-12T22:39:28+00:00
7dfaf498f65b5b20,jobberman,administrative-specialist-gh-vw7mrp,Administrative Specialist Gh,,,,Ghana,unknown,,,,,,,,,,,,https://www.jobberman.com.gh/listings/administrative-specialist-gh-vw7mrp,2026-09-12T22:39:28+00:00
a9cdc1c9fa8d5009,jobberman,6-months-internship-corporate-admin-assistance-zpn26x,6 Months Internship-corporate Admin Assistance,,,,Ghana,unknown,,,,,,,,,,,,https://www.jobberman.com.gh/listings/6-months-internship-corporate-admin-assistance-zpn26x,2026-09-12T22:39:28+00:00
1cc5fada3d0c4bc2,jobberman,director-of-information-technology-at-ghana-technology-university-college-9je045,Director Of Information Technology At Ghana Technology University College,,,,Ghana,unknown,,,,,,,,,,,Other Tech,https://www.jobberman.com.gh/listings/director-of-information-technology-at-ghana-technology-university-college-9je045,2026-09-12T22:39:28+00:00
ae093d506a843a9c,jobberman,human-resource-officer-school-setting-experience-9je0gx,Human Resource Officer- School Setting Experience,,,,Ghana,unknown,,,,,,,,,,,,https://www.jobberman.com.gh/listings/human-resource-officer-school-setting-experience-9je0gx,2026-09-12T22:39:28+00:00
313603880e82747c,jobberman,director-of-allied-health-mg2xdj-v1,Director Of Allied Health,,,,Ghana,unknown,,,,,,,,,,,,https://www.jobberman.com.gh/listings/director-of-allied-health-mg2xdj-v1,2026-09-12T22:39:28+00:00
13d5e55454ea1073,jobberman,project-assistant-gh-5dewqe,Project Assistant Gh,,,,Ghana,unknown,,,,,,,,,,,,https://www.jobberman.com.gh/listings/project-assistant-gh-5dewqe,2026-09-12T22:39:28+00:00
dc9c190f4bbc2f10,jobberman,operations-assistant-gh-ev0dm6,Operations Assistant Gh,,,,Ghana,unknown,,,,,,,,,,,,https://www.jobberman.com.gh/listings/operations-assistant-gh-ev0dm6,2026-09-12T22:39:28+00:00
4230b195650649ed,jobberman,onsite-manager-6dpp46-v1,Onsite Manager,,,,Ghana,onsite,,,,,,,,,,,,https://www.jobberman.com.gh/listings/onsite-manager-6dpp46-v1,2026-09-12T22:39:28+00:00
f303445348465620,jobberman,secretary-registrar-wanted-for-employment-at-ghana-institute-of-management-and-public-administration-gimpa-7weved,Secretary / Registrar Wanted For Employment At Ghana Institute Of Management And Public Administration (gimpa),,,,Ghana,unknown,,,,,,,,,,,,https://www.jobberman.com.gh/listings/secretary-registrar-wanted-for-employment-at-ghana-institute-of-management-and-public-administration-gimpa-7weved,2026-09-12T22:39:28+00:00
84f08ae6b8d277c3,jobberman,territory-sales-manager-mg2zkr-v1,Territory Sales Manager,,,,Ghana,unknown,,,,,,,,,,,,https://www.jobberman.com.gh/listings/territory-sales-manager-mg2zkr-v1,2026-09-12T22:39:32+00:00
9c5133139449710a,jobberman,issuing-officer-r8p245,Issuing Officer,,,,Ghana,unknown,,,,,,,,,,,,https://www.jobberman.com.gh/listings/issuing-officer-r8p245,2026-09-12T22:39:32+00:00
fa1f0ee99fc6cc78,jobberman,general-manager-4nzjrr,General Manager,,,,Ghana,unknown,,,,,,,,,,,,https://www.jobberman.com.gh/listings/general-manager-4nzjrr,2026-09-12T22:39:32+00:00
710a7414bf5ca5aa,jobberman,data-processing-specialist-gh-ev0dz6,Data Processing Specialist Gh,,,,Ghana,unknown,,,,,,,,,,,Other Tech,https://www.jobberman.com.gh/listings/data-processing-specialist-gh-ev0dz6,2026-09-12T22:39:32+00:00
3450df25bfc00cd9,jobberman,sales-officer-jq8m7g,Sales Officer,,,,Ghana,unknown,,,,,,,,,,,,https://www.jobberman.com.gh/listings/sales-officer-jq8m7g,2026-09-12T22:39:32+00:00
84cb90909f21e202,jobberman,national-service-personnel-np6rrk-v1,National Service Personnel,,,,Ghana,unknown,,,,,,,,,,,,https://www.jobberman.com.gh/listings/national-service-personnel-np6rrk-v1,2026-09-12T22:39:32+00:00
1a8e2a496bc2676b,jobberman,scheduling-coordinator-gh-9je0zj,Scheduling Coordinator Gh,,,,Ghana,unknown,,,,,,,,,,,,https://www.jobberman.com.gh/listings/scheduling-coordinator-gh-9je0zj,2026-09-12T22:39:32+00:00
41e14cfbf8508420,jobberman,warehouse-manager-9j7pmx-v1,Warehouse Manager,,,,Ghana,unknown,,,,,,,,,,,,https://www.jobberman.com.gh/listings/warehouse-manager-9j7pmx-v1,2026-09-12T22:39:32+00:00
14b065a476f0d9b2,jobberman,payroll-specialisthuman-resources-specialist-jqkv45-v2,Payroll Specialist/human Resources Specialist,,,,Ghana,unknown,,,,,,,,,,,,https://www.jobberman.com.gh/listings/payroll-specialisthuman-resources-specialist-jqkv45-v2,2026-09-12T22:39:32+00:00
fa98887a1f4be04a,jobberman,records-specialist-gh-6de7w7,Records Specialist Gh,,,,Ghana,unknown,,,,,,,,,,,,https://www.jobberman.com.gh/listings/records-specialist-gh-6de7w7,2026-09-12T22:39:32+00:00
dbd115442c4591f6,jobberman,finished-product-warehouse-issuing-manager-k8jwv8-v1,Finished Product Warehouse Issuing Manager,,,,Ghana,unknown,,,,,,,,,,,,https://www.jobberman.com.gh/listings/finished-product-warehouse-issuing-manager-k8jwv8-v1,2026-09-12T22:39:35+00:00
98b3fc101ad51ad8,jobberman,director-of-finance-at-ghana-atomic-energy-commission-gwn52r,Director Of Finance At Ghana Atomic Energy Commission,,,,Ghana,unknown,,,,,,,,,,,,https://www.jobberman.com.gh/listings/director-of-finance-at-ghana-atomic-energy-commission-gwn52r,2026-09-12T22:39:35+00:00
15751b44e39c85a3,jobberman,old-mutual-ghana-national-service-recruitment-q20g44-v1,Old Mutual Ghana National Service Recruitment,,,,Ghana,unknown,,,,,,,,,,,,https://www.jobberman.com.gh/listings/old-mutual-ghana-national-service-recruitment-q20g44-v1,2026-09-12T22:39:35+00:00
7ceaf7c787147455,jobberman,sales-consultant-ghana-accra-gwxegn-v1,Sales Consultant- Ghana (accra),,,,Ghana,unknown,,,,,,,,,,,,https://www.jobberman.com.gh/listings/sales-consultant-ghana-accra-gwxegn-v1,2026-09-12T22:39:35+00:00
d8e311acc2c9b540,jobberman,patient-growth-coordinator-7w2kkq-v1,Patient Growth Coordinator,,,,Ghana,unknown,,,,,,,,,,,,https://www.jobberman.com.gh/listings/patient-growth-coordinator-7w2kkq-v1,2026-09-12T22:39:35+00:00
f85638c55be30c71,jobberman,recruitment-manager-7w2nng-v1,Recruitment Manager,,,,Ghana,unknown,,,,,,,,,,,,https://www.jobberman.com.gh/listings/recruitment-manager-7w2nng-v1,2026-09-12T22:39:35+00:00
fc44b0e6de7b22e7,jobberman,sales-executive-heavy-machinery-ev40xv-v1,Sales Executive - Heavy Machinery,,,,Ghana,unknown,,,,,,,,,,,,https://www.jobberman.com.gh/listings/sales-executive-heavy-machinery-ev40xv-v1,2026-09-12T22:39:35+00:00
de0796edd57364bf,jobberman,account-assistant-20me6q-v1,Account Assistant,,,,Ghana,unknown,,,,,,,,,,,,https://www.jobberman.com.gh/listings/account-assistant-20me6q-v1,2026-09-12T22:39:35+00:00
19ca3b075ef006ed,jobberman,real-estate-associate-vw7mq5,Real Estate Associate,,,,Ghana,unknown,,,,,,,,,,,,https://www.jobberman.com.gh/listings/real-estate-associate-vw7mq5,2026-09-12T22:39:35+00:00
11064963508ef66c,jobberman,real-estate-associate-pmzp7m,Real Estate Associate,,,,Ghana,unknown,,,,,,,,,,,,https://www.jobberman.com.gh/listings/real-estate-associate-pmzp7m,2026-09-12T22:39:35+00:00
7bba5ed7789ab42e,jobberman,taxi-fleet-specialist-9j7egw-v1,Taxi Fleet Specialist,,,,Ghana,unknown,,,,,,,,,,,,https://www.jobberman.com.gh/listings/taxi-fleet-specialist-9j7egw-v1,2026-09-12T22:39:35+00:00
ce0ac627a7dab44f,jobberman,human-resources-manager-gwxver-v1,Human Resources Manager,,,,Ghana,unknown,,,,,,,,,,,,https://www.jobberman.com.gh/listings/human-resources-manager-gwxver-v1,2026-09-12T22:39:39+00:00
4256642030974e42,jobberman,executive-secretary-ghana-7wevxm,Executive Secretary - Ghana,,,,Ghana,unknown,,,,,,,,,,,,https://www.jobberman.com.gh/listings/executive-secretary-ghana-7wevxm,2026-09-12T22:39:39+00:00
9ea0954e9a68e57d,jobberman,executive-secretary-ghana-7wevpn,Executive Secretary - Ghana,,,,Ghana,unknown,,,,,,,,,,,,https://www.jobberman.com.gh/listings/executive-secretary-ghana-7wevpn,2026-09-12T22:39:39+00:00
4579f82160d816f1,jobberman,chief-operating-officer-k8jj2z-v1,Chief Operating Officer,,,,Ghana,unknown,,,,,,,,,,,,https://www.jobberman.com.gh/listings/chief-operating-officer-k8jj2z-v1,2026-09-12T22:39:39+00:00
cf30b7ce9f9d8d9f,jobberman,front-office-manager-k8j4wv-v1,Front Office Manager,,,,Ghana,unknown,,,,,,,,,,,,https://www.jobberman.com.gh/listings/front-office-manager-k8j4wv-v1,2026-09-12T22:39:39+00:00
e1fe4b0c7520bcac,jobberman,recruitment-supervisor-mg22r9-v2,Recruitment Supervisor,,,,Ghana,unknown,,,,,,,,,,,,https://www.jobberman.com.gh/listings/recruitment-supervisor-mg22r9-v2,2026-09-12T22:39:39+00:00
7d947801886fcd8d,jobberman,sales-supervisor-alternative-business-markets-20m40k-v1,Sales Supervisor (alternative Business Markets),,,,Ghana,unknown,,,,,,,,,,,,https://www.jobberman.com.gh/listings/sales-supervisor-alternative-business-markets-20m40k-v1,2026-09-12T22:39:39+00:00
f18287533305d32b,jobberman,personal-assistant-human-resource-9je0wx,Personal Assistant - Human Resource,,,,Ghana,unknown,,,,,,,,,,,,https://www.jobberman.com.gh/listings/personal-assistant-human-resource-9je0wx,2026-09-12T22:39:39+00:00
b669808cb24cc1a5,jobberman,project-assistant-07rqqj-v1,Project Assistant,,,,Ghana,unknown,,,,,,,,,,,,https://www.jobberman.com.gh/listings/project-assistant-07rqqj-v1,2026-09-12T22:39:39+00:00
7b6f05d2482cb4c9,jobberman,project-coordinator-gh-5dew2e,Project Coordinator Gh,,,,Ghana,unknown,,,,,,,,,,,,https://www.jobberman.com.gh/listings/project-coordinator-gh-5dew2e,2026-09-12T22:39:39+00:00
4bf8ea775df7ee32,jobberman,project-coordinator-gh-20ez26,Project Coordinator Gh,,,,Ghana,unknown,,,,,,,,,,,,https://www.jobberman.com.gh/listings/project-coordinator-gh-20ez26,2026-09-12T22:39:39+00:00
054c3ca17d19fe1c,jobberman,sales-program-executive-5dew90,Sales & Program Executive,,,,Ghana,unknown,,,,,,,,,,,,https://www.jobberman.com.gh/listings/sales-program-executive-5dew90,2026-09-12T22:39:39+00:00
91a02357011a4026,jobberman,policy-dialogue-and-research-communication-specialist-at-indepth-network-20ezpe,Policy Dialogue And Research Communication Specialist At Indepth Network,,,,Ghana,unknown,,,,,,,,,,,,https://www.jobberman.com.gh/listings/policy-dialogue-and-research-communication-specialist-at-indepth-network-20ezpe,2026-09-12T22:39:42+00:00
738673364c84d0f7,jobberman,librarian-6dpemp-v1,Librarian,,,,Ghana,unknown,,,,,,,,,,,,https://www.jobberman.com.gh/listings/librarian-6dpemp-v1,2026-09-12T22:39:42+00:00
4c3c7d12cead389b,jobberman,director-of-operations-b-5dew5r,Director Of Operations-b,,,,Ghana,unknown,,,,,,,,,,,,https://www.jobberman.com.gh/listings/director-of-operations-b-5dew5r,2026-09-12T22:39:42+00:00
a82aea45c1d8e7ba,jobberman,business-development-lead-ghana-b2b-saas-telecommunications-4nkex5-v1,Business Development Lead - Ghana | B2b Saas |telecommunications,,,,Ghana,unknown,,,,,,,,,,,Other Tech,https://www.jobberman.com.gh/listings/business-development-lead-ghana-b2b-saas-telecommunications-4nkex5-v1,2026-09-12T22:39:42+00:00
309016fd0e91b5b4,jobberman,project-manager-bright-shea-q2j446,Project Manager - Bright Shea,,,,Ghana,unknown,,,,,,,,,,,,https://www.jobberman.com.gh/listings/project-manager-bright-shea-q2j446,2026-09-12T22:39:42+00:00
c0beb1fa55478cb2,jobberman,head-of-communications-and-public-relations-hcpr-5dj7jn-v1,Head Of Communications And Public Relations (hcpr),,,,Ghana,unknown,,,,,,,,,,,,https://www.jobberman.com.gh/listings/head-of-communications-and-public-relations-hcpr-5dj7jn-v1,2026-09-12T22:39:42+00:00
866f355b9074ff91,jobberman,head-of-grants-and-consultancy-hgc-d78x8m-v1,Head Of Grants And Consultancy (hgc),,,,Ghana,unknown,,,,,,,,,,,,https://www.jobberman.com.gh/listings/head-of-grants-and-consultancy-hgc-d78x8m-v1,2026-09-12T22:39:42+00:00
2277aefddab0756e,jobberman,gynecologist-4nkx4r-v1,Gynecologist,,,,Ghana,unknown,,,,,,,,,,,,https://www.jobberman.com.gh/listings/gynecologist-4nkx4r-v1,2026-09-12T22:39:42+00:00
22d7b758117ba0ab,jobberman,national-director-wv-ghana-gwnqgr,National Director - Wv Ghana,,,,Ghana,unknown,,,,,,,,,,,,https://www.jobberman.com.gh/listings/national-director-wv-ghana-gwnqgr,2026-09-12T22:39:42+00:00
b120cffff1900862,jobberman,it-field-service-field-support-engineer-07rmqz,IT Field Service / Field Support Engineer,,,,Ghana,unknown,,,,,,,,,,,Other Tech,https://www.jobberman.com.gh/listings/it-field-service-field-support-engineer-07rmqz,2026-09-12T22:39:51+00:00
786e52f00ae156cd,jobberman,engineer-networks-field-service-vw7mgm,"Engineer, Networks Field Service",,,,Ghana,unknown,,,,,,,,,,,Other Tech,https://www.jobberman.com.gh/listings/engineer-networks-field-service-vw7mgm,2026-09-12T22:39:51+00:00
c9f802e6fafa0d01,jobberman,operations-manager-r8p2jg,Operations Manager,,,,Ghana,unknown,,,,,,,,,,,,https://www.jobberman.com.gh/listings/operations-manager-r8p2jg,2026-09-12T22:39:51+00:00
9c4154112a4bcb28,jobberman,system-operator-at-west-african-power-pool-wapp-q2jq0j,System Operator At West African Power Pool (wapp),,,,Ghana,unknown,,,,,,,,,,,,https://www.jobberman.com.gh/listings/system-operator-at-west-african-power-pool-wapp-q2jq0j,2026-09-12T22:39:51+00:00
cc242b260a6a49cf,jobberman,business-developer-intrapreneur-ghana-d788xr-v1,🇬🇭 Business Developer / Intrapreneur – Ghana,,,,Ghana,unknown,,,,,,,,,,,Software Development,https://www.jobberman.com.gh/listings/business-developer-intrapreneur-ghana-d788xr-v1,2026-09-12T22:39:51+00:00
b5df3d0c6ebef157,jobberman,general-manager-9je0rx,General Manager,,,,Ghana,unknown,,,,,,,,,,,,https://www.jobberman.com.gh/listings/general-manager-9je0rx,2026-09-12T22:39:51+00:00
78cde26a0c51c42f,jobberman,sales-engineer-6dp0pp-v1,Sales Engineer,,,,Ghana,unknown,,,,,,,,,,,Other Tech,https://www.jobberman.com.gh/listings/sales-engineer-6dp0pp-v1,2026-09-12T22:39:55+00:00
c909bb41ce535b8e,jobberman,electrical-technician-7w2nee-v1,Electrical Technician,,,,Ghana,unknown,,,,,,,,,,,,https://www.jobberman.com.gh/listings/electrical-technician-7w2nee-v1,2026-09-12T22:39:55+00:00
e012536b24bd2ec0,jobberman,project-manager-field-support-services-project-fssp-ghana-zpmgk8-v1,"Project Manager - Field Support Services Project (fssp), Ghana",,,,Ghana,unknown,,,,,,,,,,,,https://www.jobberman.com.gh/listings/project-manager-field-support-services-project-fssp-ghana-zpmgk8-v1,2026-09-12T22:39:55+00:00
8807aa6306048833,jobberman,office-assistant-846qmx,Office Assistant,,,,Ghana,unknown,,,,,,,,,,,,https://www.jobberman.com.gh/listings/office-assistant-846qmx,2026-09-12T22:40:04+00:00
8a3c4a5bb7ba38eb,jobberman,volunteer-wpvm2p,Volunteer,,,,Ghana,unknown,,,,,,,,,,,,https://www.jobberman.com.gh/listings/volunteer-wpvm2p,2026-09-12T22:40:04+00:00
c87d6704cae2e2ed,jobberman,director-legon-centre-for-international-affairs-and-diplomacy-leciad-zpnv2v,"Director, Legon Centre For International Affairs And Diplomacy (leciad)",,,,Ghana,unknown,,,,,,,,,,,,https://www.jobberman.com.gh/listings/director-legon-centre-for-international-affairs-and-diplomacy-leciad-zpnv2v,2026-09-12T22:40:04+00:00
cc551f5a88dc54a5,jobberman,medical-sales-specialist-4nz4dm,Medical Sales Specialist,,,,Ghana,unknown,,,,,,,,,,,,https://www.jobberman.com.gh/listings/medical-sales-specialist-4nz4dm,2026-09-12T22:40:04+00:00
a022b0ff51472633,jobberman,dean-school-of-performing-arts-mg26w9-v5,"Dean, School Of Performing Arts",,,,Ghana,unknown,,,,,,,,,,,,https://www.jobberman.com.gh/listings/dean-school-of-performing-arts-mg26w9-v5,2026-09-12T22:40:04+00:00
96e3eef59f7a99e2,jobberman,marketer-mg2892-v1,Marketer,,,,Ghana,unknown,,,,,,,,,,,,https://www.jobberman.com.gh/listings/marketer-mg2892-v1,2026-09-12T22:40:04+00:00
d3c136bd05484298,jobberman,marketer-846qxr-v1,Marketer,,,,Ghana,unknown,,,,,,,,,,,,https://www.jobberman.com.gh/listings/marketer-846qxr-v1,2026-09-12T22:40:04+00:00
3681baeb87374793,jobberman,sales-executive-steel-industry-5djj4e,Sales Executive - Steel Industry,,,,Ghana,unknown,,,,,,,,,,,,https://www.jobberman.com.gh/listings/sales-executive-steel-industry-5djj4e,2026-09-12T22:40:04+00:00
1bb57a351bb0cce9,jobberman,marketing-manager-at-accra-world-trade-centre-limited-awtcl-pmzpkv,Marketing Manager At Accra World Trade Centre Limited (awtcl),,,,Ghana,unknown,,,,,,,,,,,,https://www.jobberman.com.gh/listings/marketing-manager-at-accra-world-trade-centre-limited-awtcl-pmzpkv,2026-09-12T22:40:08+00:00
93de0d211cf65073,jobberman,corporate-relations-marketing-officer-vw8nwg-v1,Corporate Relations & Marketing Officer,,,,Ghana,unknown,,,,,,,,,,,,https://www.jobberman.com.gh/listings/corporate-relations-marketing-officer-vw8nwg-v1,2026-09-12T22:40:08+00:00
59ac77c467f4881e,jobberman,sales-representative-d7vrp2,Sales Representative,,,,Ghana,unknown,,,,,,,,,,,,https://www.jobberman.com.gh/listings/sales-representative-d7vrp2,2026-09-12T22:40:16+00:00
fd7213790fe53dec,jobberman,business-development-telesales-consultant-7wevr8,Business Development & Telesales Consultant,,,,Ghana,unknown,,,,,,,,,,,,https://www.jobberman.com.gh/listings/business-development-telesales-consultant-7wevr8,2026-09-12T22:40:16+00:00
a637323a72bf8d68,jobberman,industrial-electrician-maintenance-technician-9je06j,Industrial Electrician / Maintenance Technician,,,,Ghana,unknown,,,,,,,,,,,,https://www.jobberman.com.gh/listings/industrial-electrician-maintenance-technician-9je06j,2026-09-12T22:40:16+00:00
7e8b3527a7383269,jobberman,quality-control-lab-technician-npm5n9,Quality Control Lab Technician,,,,Ghana,unknown,,,,,,,,,,,,https://www.jobberman.com.gh/listings/quality-control-lab-technician-npm5n9,2026-09-12T22:40:16+00:00
d0fffd72bf163696,jobberman,head-teacher-r8pzz4,Head Teacher,,,,Ghana,unknown,,,,,,,,,,,,https://www.jobberman.com.gh/listings/head-teacher-r8pzz4,2026-09-12T22:40:16+00:00
c5d5c2f953ceae92,jobberman,mortuary-assistant-funeral-director-4nz4jm,Mortuary Assistant & Funeral Director,,,,Ghana,unknown,,,,,,,,,,,,https://www.jobberman.com.gh/listings/mortuary-assistant-funeral-director-4nz4jm,2026-09-12T22:40:16+00:00
8e4d0742741d74f1,jobberman,restaurant-manager-07epj6,Restaurant Manager,,,,Ghana,unknown,,,,,,,,,,,,https://www.jobberman.com.gh/listings/restaurant-manager-07epj6,2026-09-12T22:40:16+00:00
f39d0bcefb61a9fe,jobberman,student-success-coordinator-zpn2kg,Student Success Coordinator,,,,Ghana,unknown,,,,,,,,,,,,https://www.jobberman.com.gh/listings/student-success-coordinator-zpn2kg,2026-09-12T22:40:16+00:00
27c09af4781427ab,jobberman,housekeeping-guest-support-assistant-npm5ee,Housekeeping & Guest Support Assistant,,,,Ghana,unknown,,,,,,,,,,,,https://www.jobberman.com.gh/listings/housekeeping-guest-support-assistant-npm5ee,2026-09-12T22:40:16+00:00
f642e9d37ba87a3c,jobberman,live-in-domestic-assistant-childcare-support-4nkek5,Live-in House-Help & Childcare Support,,,,Ghana,unknown,,,,,,,,,,,,https://www.jobberman.com.gh/listings/live-in-domestic-assistant-childcare-support-4nkek5,2026-09-12T22:40:16+00:00
d2397558510fc37d,jobberman,proposal-project-coordinator-zpmgvq,Proposal-Project Coordinator,,,,Ghana,unknown,,,,,,,,,,,,https://www.jobberman.com.gh/listings/proposal-project-coordinator-zpmgvq,2026-09-12T22:40:16+00:00
65e5fc4bdf5d0084,jobberman,accounts-assistant-7w2kq5,Accounts Assistant,,,,Ghana,unknown,,,,,,,,,,,,https://www.jobberman.com.gh/listings/accounts-assistant-7w2kq5,2026-09-12T22:40:16+00:00
ddad8d0f1f9d3f6a,jobberman,human-resource-officer-school-based-84e05p,Human Resource Officer (School-based),,,,Ghana,unknown,,,,,,,,,,,,https://www.jobberman.com.gh/listings/human-resource-officer-school-based-84e05p,2026-09-12T22:40:16+00:00
b39cb69e4e13061c,jobberman,principal-marketing-advertising-officer-07rmw8,Principal Marketing & Advertising Officer,,,,Ghana,unknown,,,,,,,,,,,,https://www.jobberman.com.gh/listings/principal-marketing-advertising-officer-07rmw8,2026-09-12T22:40:16+00:00
5cf7fef48725c50f,jobberman,special-needs-teacher-r89d9n,Special needs teacher,,,,Ghana,unknown,,,,,,,,,,,,https://www.jobberman.com.gh/listings/special-needs-teacher-r89d9n,2026-09-12T22:40:16+00:00
f2ea07e4b8727ecd,jobberman,project-manager-d78xmw,Project Manager,,,,Ghana,unknown,,,,,,,,,,,,https://www.jobberman.com.gh/listings/project-manager-d78xmw,2026-09-12T22:40:19+00:00
1051433ba809d060,jobberman,mechanical-engineer-xpr49v,Mechanical Engineer,,,,Ghana,unknown,,,,,,,,,,,Other Tech,https://www.jobberman.com.gh/listings/mechanical-engineer-xpr49v,2026-09-12T22:40:19+00:00
c7616e55b9f822b4,jobberman,accountant-mg28q2,Accountant,,,,Ghana,unknown,,,,,,,,,,,,https://www.jobberman.com.gh/listings/accountant-mg28q2,2026-09-12T22:40:19+00:00
70ff656fea01feca,jobberman,site-engineer-np6rmg,Site Engineer,,,,Ghana,unknown,,,,,,,,,,,Other Tech,https://www.jobberman.com.gh/listings/site-engineer-np6rmg,2026-09-12T22:40:19+00:00
798f7bb09e967cbf,jobberman,civil-engineer-q20pj7,Civil Engineer,,,,Ghana,unknown,,,,,,,,,,,Other Tech,https://www.jobberman.com.gh/listings/civil-engineer-q20pj7,2026-09-12T22:40:19+00:00
0fd0f046a3fddef0,jobberman,customer-service-manager-communications-relation-6de747,Customer Service Manager & Communications Relation,,,,Ghana,unknown,,,,,,,,,,,,https://www.jobberman.com.gh/listings/customer-service-manager-communications-relation-6de747,2026-09-12T22:40:19+00:00
949dbc5dc6762b6a,jobberman,customer-service-communications-manager-r89drm,Customer Service & Communications Manager,,,,Ghana,unknown,,,,,,,,,,,,https://www.jobberman.com.gh/listings/customer-service-communications-manager-r89drm,2026-09-12T22:40:19+00:00
0d8a7cd43b26f97e,jobberman,business-operations-executive-6de7j7,Business Operations Executive,,,,Ghana,unknown,,,,,,,,,,,,https://www.jobberman.com.gh/listings/business-operations-executive-6de7j7,2026-09-12T22:40:19+00:00
fb23f6357d01fb8b,jobberman,administrative-officer-gwn5m0,Administrative Officer,,,,Ghana,unknown,,,,,,,,,,,,https://www.jobberman.com.gh/listings/administrative-officer-gwn5m0,2026-09-12T22:40:19+00:00
28ce0422c061da48,jobberman,accountant-r8p28j,Accountant,,,,Ghana,unknown,,,,,,,,,,,,https://www.jobberman.com.gh/listings/accountant-r8p28j,2026-09-12T22:40:19+00:00
f2bf5d993691a09b,jobberman,reconciliation-accountant-mgxmgd,Reconciliation Accountant,,,,Ghana,unknown,,,,,,,,,,,,https://www.jobberman.com.gh/listings/reconciliation-accountant-mgxmgd,2026-09-12T22:40:19+00:00
1df9469f40a53d97,jobberman,student-success-manager-07rmrm,Student Success Manager,,,,Ghana,unknown,,,,,,,,,,,,https://www.jobberman.com.gh/listings/student-success-manager-07rmrm,2026-09-12T22:40:19+00:00
ebe4ef4c268782e0,jobberman,finance-manager-xp0dpq,Finance Manager,,,,Ghana,unknown,,,,,,,,,,,,https://www.jobberman.com.gh/listings/finance-manager-xp0dpq,2026-09-12T22:40:19+00:00
adaaeaf1a633790d,jobberman,hr-manager-4nzjnr,HR Manager,,,,Ghana,unknown,,,,,,,,,,,,https://www.jobberman.com.gh/listings/hr-manager-4nzjnr,2026-09-12T22:40:19+00:00
25635594a5655df5,jobberman,corporate-ehs-manager-ehqs-manager-ehs-discipline-5dewzr,Corporate EHS Manager (EHQS Manager - EHS Discipline),,,,Ghana,unknown,,,,,,,,,,,,https://www.jobberman.com.gh/listings/corporate-ehs-manager-ehqs-manager-ehs-discipline-5dewzr,2026-09-12T22:40:19+00:00
2e8fb42847e3c256,jobberman,sales-executives-jq844e,Sales Executives,,,,Ghana,unknown,,,,,,,,,,,,https://www.jobberman.com.gh/listings/sales-executives-jq844e,2026-09-12T22:40:19+00:00
76ab3b5e4e398051,jobberman,finance-and-administration-manager-20ezwk,Finance and Administration Manager,,,,Ghana,unknown,,,,,,,,,,,,https://www.jobberman.com.gh/listings/finance-and-administration-manager-20ezwk,2026-09-12T22:40:22+00:00
72960a1579345f92,jobberman,country-engagement-team-cet-administrative-assistant-5dj7qx,Country Engagement Team (CET) - Administrative Assistant,,,,Ghana,unknown,,,,,,,,,,,,https://www.jobberman.com.gh/listings/country-engagement-team-cet-administrative-assistant-5dj7qx,2026-09-12T22:40:22+00:00
e1e157163a27a723,jobberman,accountant-gwn5zq,Accountant,,,,Ghana,unknown,,,,,,,,,,,,https://www.jobberman.com.gh/listings/accountant-gwn5zq,2026-09-12T22:40:22+00:00
ac6712da88e8b6dd,jobberman,accountant-xpr440,Accountant,,,,Ghana,unknown,,,,,,,,,,,,https://www.jobberman.com.gh/listings/accountant-xpr440,2026-09-12T22:40:22+00:00
8cc25a08ff19f3c9,jobberman,sales-marketing-operations-officer-6dp0zj,Sales & Marketing Operations Officer,,,,Ghana,unknown,,,,,,,,,,,,https://www.jobberman.com.gh/listings/sales-marketing-operations-officer-6dp0zj,2026-09-12T22:40:22+00:00
a1206e149561c171,jobberman,driver-20mpwd,Company Driver,,,,Ghana,unknown,,,,,,,,,,,,https://www.jobberman.com.gh/listings/driver-20mpwd,2026-09-12T22:40:22+00:00
4c06a8a2c69680f1,jobberman,studio-manager-wp4qnm,Office Manager,,,,Ghana,unknown,,,,,,,,,,,,https://www.jobberman.com.gh/listings/studio-manager-wp4qnm,2026-09-12T22:40:22+00:00
b594a4ee4af86265,jobberman,junior-architect-4nke52,Junior Architect,,,,Ghana,unknown,,,,,,,,,,,,https://www.jobberman.com.gh/listings/junior-architect-4nke52,2026-09-12T22:40:22+00:00
ee1690c3e5edd46e,jobberman,technical-sales-specialist-poultry-livestock-wp4djg,Technical Sales Specialist (Poultry & Livestock),,,,Ghana,unknown,,,,,,,,,,,Other Tech,https://www.jobberman.com.gh/listings/technical-sales-specialist-poultry-livestock-wp4djg,2026-09-12T22:40:22+00:00
d6f6d3e788a90b16,jobberman,recruiter-q20pr7,Recruiter,,,,Ghana,unknown,,,,,,,,,,,,https://www.jobberman.com.gh/listings/recruiter-q20pr7,2026-09-12T22:40:22+00:00
40fb1816c7ca9ec6,jobberman,human-resource-generalistoutsourcing-wp4q6z,Human Resource Generalist(Outsourcing),,,,Ghana,unknown,,,,,,,,,,,,https://www.jobberman.com.gh/listings/human-resource-generalistoutsourcing-wp4q6z,2026-09-12T22:40:22+00:00
9cd61950b6a8f4e3,jobberman,project-coordinator-jq8mxr,Project Coordinator,,,,Ghana,unknown,,,,,,,,,,,,https://www.jobberman.com.gh/listings/project-coordinator-jq8mxr,2026-09-12T22:40:22+00:00
c2201f23ca9bf2ed,jobberman,plant-and-equipment-manager-k84mx5,Plant and Equipment Manager,,,,Ghana,unknown,,,,,,,,,,,,https://www.jobberman.com.gh/listings/plant-and-equipment-manager-k84mx5,2026-09-12T22:40:22+00:00
ed442f7c163ebfab,jobberman,credit-control-collections-r89dg9,Credit Control & Collections Officer,,,,Ghana,unknown,,,,,,,,,,,,https://www.jobberman.com.gh/listings/credit-control-collections-r89dg9,2026-09-12T22:40:22+00:00
27582d8c417c992d,jobberman,chemistry-teacher-cambridge-igcse-cambridge-international-a-level-6dp0kd,Chemistry Teacher (Cambridge IGCSE & Cambridge International A Level),,,,Ghana,unknown,,,,,,,,,,,,https://www.jobberman.com.gh/listings/chemistry-teacher-cambridge-igcse-cambridge-international-a-level-6dp0kd,2026-09-12T22:40:22+00:00
260537f42ff332a6,jobberman,ict-teacher-cambridge-igcse-cambridge-international-a-level-7w2n5j,ICT Teacher (Cambridge IGCSE & Cambridge International A Level),,,,Ghana,unknown,,,,,,,,,,,Other Tech,https://www.jobberman.com.gh/listings/ict-teacher-cambridge-igcse-cambridge-international-a-level-7w2n5j,2026-09-12T22:40:22+00:00
ec6f499413c42ac1,jobberman,technical-office-manager-wpvmn6,Technical Office Manager,,,,Ghana,unknown,,,,,,,,,,,Other Tech,https://www.jobberman.com.gh/listings/technical-office-manager-wpvmn6,2026-09-12T22:40:26+00:00
bda4616b7b42e88b,jobberman,project-coordinator-6de7ng,Project Coordinator,,,,Ghana,unknown,,,,,,,,,,,,https://www.jobberman.com.gh/listings/project-coordinator-6de7ng,2026-09-12T22:40:26+00:00
ad087acd3cc9ed01,jobberman,executive-manager-r89dd9,Executive Manager,,,,Ghana,unknown,,,,,,,,,,,,https://www.jobberman.com.gh/listings/executive-manager-r89dd9,2026-09-12T22:40:26+00:00
7b6a349b187e2f66,jobberman,business-manager-846qpx,Business Manager,,,,Ghana,unknown,,,,,,,,,,,,https://www.jobberman.com.gh/listings/business-manager-846qpx,2026-09-12T22:40:26+00:00
5d175665d3ae5593,jobberman,field-sales-and-training-manager-zpn2zn,Field Sales and Training Manager,,,,Ghana,unknown,,,,,,,,,,,,https://www.jobberman.com.gh/listings/field-sales-and-training-manager-zpn2zn,2026-09-12T22:40:26+00:00
cc667bc6a3eacaf1,jobberman,junior-accountant-accounts-procurement-846qdz,Junior Accountant (Accounts & Procurement),,,,Ghana,unknown,,,,,,,,,,,,https://www.jobberman.com.gh/listings/junior-accountant-accounts-procurement-846qdz,2026-09-12T22:40:26+00:00
371330da84bcc4cb,jobberman,customer-support-representative-mgxmer,Customer Support Representative,,,,Ghana,unknown,,,,,,,,,,,,https://www.jobberman.com.gh/listings/customer-support-representative-mgxmer,2026-09-12T22:40:26+00:00
af4d6e4a0d0fb87f,jobberman,customer-service-app-support-agent-q20p9v,Customer Service & App Support Agent,,,,Ghana,unknown,,,,,,,,,,,,https://www.jobberman.com.gh/listings/customer-service-app-support-agent-q20p9v,2026-09-12T22:40:26+00:00
04a70454a4ec9da5,jobberman,early-childhoodelementary-school-teacherspreschool-teaching-assistants-q20mgw,Early Childhood/Elementary school teachers/Preschool Teaching Assistants,,,,Ghana,unknown,,,,,,,,,,,,https://www.jobberman.com.gh/listings/early-childhoodelementary-school-teacherspreschool-teaching-assistants-q20mgw,2026-09-12T22:40:26+00:00
06f108cc65ec7d2b,jobberman,conservation-program-associate-avu-lagoon-wi-ghana-07ep7g,Conservation Program Associate -(Avu Lagoon),,,,Ghana,unknown,,,,,,,,,,,,https://www.jobberman.com.gh/listings/conservation-program-associate-avu-lagoon-wi-ghana-07ep7g,2026-09-12T22:40:26+00:00
e2b1a796bbdf6d05,jobberman,conservation-program-associate-7wev5n,Conservation Program Associate-(Wechiau),,,,Ghana,unknown,,,,,,,,,,,,https://www.jobberman.com.gh/listings/conservation-program-associate-7wev5n,2026-09-12T22:40:26+00:00
95ea2c5158b253c8,jobberman,sales-representative-sales-promoter-q2jqej,Sales Representative / Sales Promoter,,,,Ghana,unknown,,,,,,,,,,,,https://www.jobberman.com.gh/listings/sales-representative-sales-promoter-q2jqej,2026-09-12T22:40:26+00:00
2c54bbf871467ebf,jobberman,business-development-officer-wechiau-wpvmpp,Business Development Officer - (Wechiau),,,,Ghana,unknown,,,,,,,,,,,,https://www.jobberman.com.gh/listings/business-development-officer-wechiau-wpvmpp,2026-09-12T22:40:26+00:00
550062588cdddff4,jobberman,administrator-20mpzg,Administrator,,,,Ghana,unknown,,,,,,,,,,,,https://www.jobberman.com.gh/listings/administrator-20mpzg,2026-09-12T22:40:26+00:00
e20c4a9c01639fc8,jobberman,administrative-assistant-gwx27n,Administrative Assistant,,,,Ghana,unknown,,,,,,,,,,,,https://www.jobberman.com.gh/listings/administrative-assistant-gwx27n,2026-09-12T22:40:26+00:00
b19ff2406c230db2,jobberman,administrator-pmvkpj,Administrator,,,,Ghana,unknown,,,,,,,,,,,,https://www.jobberman.com.gh/listings/administrator-pmvkpj,2026-09-12T22:40:29+00:00
d63eab33f382876a,jobberman,capacity-development-officer-avu-lagoon-wi-ghana-84e04p,Capacity Development Officer - (Avu Lagoon ),,,,Ghana,unknown,,,,,,,,,,,,https://www.jobberman.com.gh/listings/capacity-development-officer-avu-lagoon-wi-ghana-84e04p,2026-09-12T22:40:29+00:00
340e11ce4994973b,jobberman,capacity-development-officer-wechiau-vw7mwm,Capacity Development Officer - (Wechiau),,,,Ghana,unknown,,,,,,,,,,,,https://www.jobberman.com.gh/listings/capacity-development-officer-wechiau-vw7mwm,2026-09-12T22:40:29+00:00
246223f0619613b8,jobberman,front-office-executive-office-coordinator-female-candidate-only-20mp9j,Front Office Executive / Office Coordinator - Female Candidate Only.,,,,Ghana,unknown,,,,,,,,,,,,https://www.jobberman.com.gh/listings/front-office-executive-office-coordinator-female-candidate-only-20mp9j,2026-09-12T22:40:29+00:00
82ee03e044774e59,jobberman,marketing-client-relations-officer-6dp0nj,Marketing & Client Relations Officer,,,,Ghana,unknown,,,,,,,,,,,,https://www.jobberman.com.gh/listings/marketing-client-relations-officer-6dp0nj,2026-09-12T22:40:29+00:00
22c8debe674475db,jobberman,account-clerk-4nke68,Account Clerk,,,,Ghana,unknown,,,,,,,,,,,,https://www.jobberman.com.gh/listings/account-clerk-4nke68,2026-09-12T22:40:29+00:00
2b7ddf5fe9764719,jobberman,program-transport-and-logistics-officer-6de7kg,Program Transport and Logistics Officer,,,,Ghana,unknown,,,,,,,,,,,,https://www.jobberman.com.gh/listings/program-transport-and-logistics-officer-6de7kg,2026-09-12T22:40:29+00:00
0848d9a4f2cb1323,jobberman,store-supervisor-sales-associate-9je0qv,Store Supervisor / Sales Associate,,,,Ghana,unknown,,,,,,,,,,,,https://www.jobberman.com.gh/listings/store-supervisor-sales-associate-9je0qv,2026-09-12T22:40:29+00:00
1b51dcbb9fbcc7f1,jobberman,national-service-personnel-20ez5k,National Service Personnel,,,,Ghana,unknown,,,,,,,,,,,,https://www.jobberman.com.gh/listings/national-service-personnel-20ez5k,2026-09-12T22:40:29+00:00
0c27ea2508804d4f,jobberman,executive-assistant-secretary-to-director-female-candidates-only-846q74,Executive Assistant / Secretary to Director – Female Candidates Only,,,,Ghana,unknown,,,,,,,,,,,,https://www.jobberman.com.gh/listings/executive-assistant-secretary-to-director-female-candidates-only-846q74,2026-09-12T22:40:29+00:00
94d75e5cfe683128,jobberman,hse-assistant-wp4q8m,HSE Assistant,,,,Ghana,unknown,,,,,,,,,,,,https://www.jobberman.com.gh/listings/hse-assistant-wp4q8m,2026-09-12T22:40:29+00:00
e5fc5f9489fa6909,jobberman,client-operations-associate-20ez68,Client & Operations Associate,,,,Ghana,unknown,,,,,,,,,,,,https://www.jobberman.com.gh/listings/client-operations-associate-20ez68,2026-09-12T22:40:29+00:00
ccf3ab977e4b586a,jobberman,shop-attendant-kitchen-assistant-gwn50q,Shop Attendant / Kitchen Assistant,,,,Ghana,unknown,,,,,,,,,,,,https://www.jobberman.com.gh/listings/shop-attendant-kitchen-assistant-gwn50q,2026-09-12T22:40:29+00:00
24bb25d2a1d2ea6c,jobberman,waitress-k8j9z2,Waitress,,,,Ghana,unknown,,,,,,,,,,,,https://www.jobberman.com.gh/listings/waitress-k8j9z2,2026-09-12T22:40:29+00:00
20ad32035c7b5885,jobberman,kitchen-assistant-gwx268,Kitchen Assistant,,,,Ghana,unknown,,,,,,,,,,,,https://www.jobberman.com.gh/listings/kitchen-assistant-gwx268,2026-09-12T22:40:29+00:00
cc9fe221154b26b2,jobberman,warehouse-staff-4nkeev,Warehouse Staff,,,,Ghana,unknown,,,,,,,,,,,,https://www.jobberman.com.gh/listings/warehouse-staff-4nkeev,2026-09-12T22:40:29+00:00
5853a146cd8d9d67,jobberman,assistant-time-attendance-r89dxn,Assistant - Time & Attendance,,,,Ghana,unknown,,,,,,,,,,,,https://www.jobberman.com.gh/listings/assistant-time-attendance-r89dxn,2026-09-12T22:40:32+00:00
c76aaa1952268b26,jobberman,kitchen-assistant-20ezqv,Kitchen Assistant,,,,Ghana,unknown,,,,,,,,,,,,https://www.jobberman.com.gh/listings/kitchen-assistant-20ezqv,2026-09-12T22:40:32+00:00
f1e441864793dd48,jobberman,accountant-q20pmn,Accountant,,,,Ghana,unknown,,,,,,,,,,,,https://www.jobberman.com.gh/listings/accountant-q20pmn,2026-09-12T22:40:32+00:00
0130e7670a20fb9b,jobberman,male-shop-attendant-gwnqqr,Male Shop Attendant,,,,Ghana,unknown,,,,,,,,,,,,https://www.jobberman.com.gh/listings/male-shop-attendant-gwnqqr,2026-09-12T22:40:32+00:00
103b1fe38c9534e9,jobberman,project-manager-846qz0,Project Manager,,,,Ghana,unknown,,,,,,,,,,,,https://www.jobberman.com.gh/listings/project-manager-846qz0,2026-09-12T22:40:32+00:00
d47a1a3f0b2b5e9c,jobberman,warehouse-loader-4nz44m,Warehouse Loader,,,,Ghana,unknown,,,,,,,,,,,,https://www.jobberman.com.gh/listings/warehouse-loader-4nz44m,2026-09-12T22:40:32+00:00
1e84f3ee6740cd77,jobberman,sales-officer-q2jq2z,Sales Officer,,,,Ghana,unknown,,,,,,,,,,,,https://www.jobberman.com.gh/listings/sales-officer-q2jq2z,2026-09-12T22:40:32+00:00
0ff5de9dde8a51fd,jobberman,sales-coordinator-pmvk4q,Sales Coordinator,,,,Ghana,unknown,,,,,,,,,,,,https://www.jobberman.com.gh/listings/sales-coordinator-pmvk4q,2026-09-12T22:40:32+00:00
28272e4124953d40,jobberman,administrative-officer-9j74p6,Administrative Officer,,,,Ghana,unknown,,,,,,,,,,,,https://www.jobberman.com.gh/listings/administrative-officer-9j74p6,2026-09-12T22:40:32+00:00
73eb4fba94491252,jobberman,pharmaceutical-service-assistants-2-positions-wp4qd0,Pharmaceutical Service Assistants,,,,Ghana,unknown,,,,,,,,,,,,https://www.jobberman.com.gh/listings/pharmaceutical-service-assistants-2-positions-wp4qd0,2026-09-12T22:40:32+00:00
945a0835d17ab533,jobberman,electrical-engineer-trainee-4nkeg5,Electrical Engineer Trainee,,,,Ghana,unknown,,,,,,,,,,,Other Tech,https://www.jobberman.com.gh/listings/electrical-engineer-trainee-4nkeg5,2026-09-12T22:40:32+00:00
f51b8ca2997f0374,jobberman,school-administrator-vw7mpx,School Administrator,,,,Ghana,unknown,,,,,,,,,,,,https://www.jobberman.com.gh/listings/school-administrator-vw7mpx,2026-09-12T22:40:32+00:00
f25d365d2f410e2f,jobberman,accounts-officer-jq8m44,Accounts Officer,,,,Ghana,unknown,,,,,,,,,,,,https://www.jobberman.com.gh/listings/accounts-officer-jq8m44,2026-09-12T22:40:32+00:00
bdc588d72e68d88a,jobberman,marketing-and-sales-officer-6dp04n,Marketing and Sales Officer,,,,Ghana,unknown,,,,,,,,,,,,https://www.jobberman.com.gh/listings/marketing-and-sales-officer-6dp04n,2026-09-12T22:40:32+00:00
73c0920e5b213d27,jobberman,personal-assistant-xpr4z8,Personal Assistant,,,,Ghana,unknown,,,,,,,,,,,,https://www.jobberman.com.gh/listings/personal-assistant-xpr4z8,2026-09-12T22:40:32+00:00
6294fe2d59a18e13,jobberman,hotel-receptionist-administrative-assistant-20ezjq,Hotel Receptionist / Administrative Assistant,,,,Ghana,unknown,,,,,,,,,,,,https://www.jobberman.com.gh/listings/hotel-receptionist-administrative-assistant-20ezjq,2026-09-12T22:40:32+00:00
136561b6ff9578e7,jobberman,social-studies-rme-teacher-q20pw4,"Social, English and Pre-School Teacher",,,,Ghana,unknown,,,,,,,,,,,,https://www.jobberman.com.gh/listings/social-studies-rme-teacher-q20pw4,2026-09-12T22:40:35+00:00
0db711ad78a09c10,jobberman,house-father-mother-residential-supervisor-9j746w,House Father/ Mother (Residential Supervisor),,,,Ghana,unknown,,,,,,,,,,,,https://www.jobberman.com.gh/listings/house-father-mother-residential-supervisor-9j746w,2026-09-12T22:40:35+00:00
2d601ab0430a1073,jobberman,school-cook-xpr4w8,School Cook,,,,Ghana,unknown,,,,,,,,,,,,https://www.jobberman.com.gh/listings/school-cook-xpr4w8,2026-09-12T22:40:35+00:00
3aebe2e931e6036c,jobberman,science-mathematics-teacher-shs-dept-xpr48m,Science & Mathematics Teacher ( SHS dept ),,,,Ghana,unknown,,,,,,,,,,,,https://www.jobberman.com.gh/listings/science-mathematics-teacher-shs-dept-xpr48m,2026-09-12T22:40:35+00:00
60c01c35644074db,jobberman,chartered-accountant-7w2nrx,Chartered Accountant,,,,Ghana,unknown,,,,,,,,,,,,https://www.jobberman.com.gh/listings/chartered-accountant-7w2nrx,2026-09-12T22:40:35+00:00
2a20648254bfd89e,jobberman,facility-officer-vw8nx8,Facility Officer,,,,Ghana,unknown,,,,,,,,,,,,https://www.jobberman.com.gh/listings/facility-officer-vw8nx8,2026-09-12T22:40:35+00:00
e4f36fbb866167aa,jobberman,business-and-accounting-teacher-q2jqwe,Business and Accounting teacher,,,,Ghana,unknown,,,,,,,,,,,,https://www.jobberman.com.gh/listings/business-and-accounting-teacher-q2jqwe,2026-09-12T22:40:35+00:00
5eaa36ee724615a4,jobberman,business-development-officer-avu-lagoon-wi-ghana-npm5px,Business Development Officer - (Avu Lagoon),,,,Ghana,unknown,,,,,,,,,,,,https://www.jobberman.com.gh/listings/business-development-officer-avu-lagoon-wi-ghana-npm5px,2026-09-12T22:40:35+00:00
6b451bb99e57431e,jobberman,sales-advisor-4nzjjv,Sales Advisor,,,,Ghana,unknown,,,,,,,,,,,,https://www.jobberman.com.gh/listings/sales-advisor-4nzjjv,2026-09-12T22:40:35+00:00
a486380df5057c4b,jobberman,preschool-and-kindergarten-teachers-r89dj8,Preschool and Kindergarten Teachers,,,,Ghana,unknown,,,,,,,,,,,,https://www.jobberman.com.gh/listings/preschool-and-kindergarten-teachers-r89dj8,2026-09-12T22:40:35+00:00
d7a6d4ec0be66b9d,jobberman,sous-chef-ev4gq5,Sous Chef,,,,Ghana,unknown,,,,,,,,,,,,https://www.jobberman.com.gh/listings/sous-chef-ev4gq5,2026-09-12T22:40:35+00:00
d20a5bd7cc1a3a1a,jobberman,b2b-field-research-and-market-validation-agent-gwn5e9,B2B FIeld Research and Market Validation Agent,,,,Ghana,unknown,,,,,,,,,,,,https://www.jobberman.com.gh/listings/b2b-field-research-and-market-validation-agent-gwn5e9,2026-09-12T22:40:35+00:00
4e71fb8dde381fb8,jobberman,brand-communications-executive-np6rqg,Brand & Communications Executive,,,,Ghana,unknown,,,,,,,,,,,,https://www.jobberman.com.gh/listings/brand-communications-executive-np6rqg,2026-09-12T22:40:35+00:00
c59e2220815e2725,jobberman,jhs-science-teacher-q20p54,JHS Science Teacher,,,,Ghana,unknown,,,,,,,,,,,,https://www.jobberman.com.gh/listings/jhs-science-teacher-q20p54,2026-09-12T22:40:35+00:00
491314ba00bcfadb,jobberman,results-based-management-officer-9je0j8,Results-Based Management Officer,,,,Ghana,unknown,,,,,,,,,,,,https://www.jobberman.com.gh/listings/results-based-management-officer-9je0j8,2026-09-12T22:40:35+00:00
6174588cc3a8bc04,jobberman,project-engineer-ev0dq4,Project Engineer,,,,Ghana,unknown,,,,,,,,,,,Other Tech,https://www.jobberman.com.gh/listings/project-engineer-ev0dq4,2026-09-12T22:40:35+00:00
5ab6216899812b95,jobberman,tipper-truck-drivers-20m4xe-v1,Tipper Truck Drivers,,,,Ghana,unknown,,,,,,,,,,,,https://www.jobberman.com.gh/listings/tipper-truck-drivers-20m4xe-v1,2026-09-12T22:40:38+00:00
5b5e101cc1c7112f,jobberman,mathematics-teacher-upper-primary-ev0dr4,Mathematics Teacher - Upper Primary,,,,Ghana,unknown,,,,,,,,,,,,https://www.jobberman.com.gh/listings/mathematics-teacher-upper-primary-ev0dr4,2026-09-12T22:40:38+00:00
53fda7a5b950696c,jobberman,electrical-technician-pmzpgr,Electrical Technician,,,,Ghana,unknown,,,,,,,,,,,,https://www.jobberman.com.gh/listings/electrical-technician-pmzpgr,2026-09-12T22:40:38+00:00
896f04f83ee6baa8,jobberman,it-support-based-in-ghana-07rq9w-v1,It Support (based In Ghana),,,,Ghana,unknown,,,,,,,,,,,IT Support & Networking,https://www.jobberman.com.gh/listings/it-support-based-in-ghana-07rq9w-v1,2026-09-12T22:40:38+00:00
01a4afc6848c6a06,jobberman,teacher-education-support-zpn2pn,Teacher - Education Support,,,,Ghana,unknown,,,,,,,,,,,,https://www.jobberman.com.gh/listings/teacher-education-support-zpn2pn,2026-09-12T22:40:38+00:00
e611fceb7ae4df53,jobberman,project-management-support-officer-vw7mvp,Project Management Support - Officer,,,,Ghana,unknown,,,,,,,,,,,,https://www.jobberman.com.gh/listings/project-management-support-officer-vw7mvp,2026-09-12T22:40:38+00:00
56084701a5eed6f1,jobberman,customer-support-specialist-gh-ev0dwx,Customer Support Specialist Gh,,,,Ghana,unknown,,,,,,,,,,,,https://www.jobberman.com.gh/listings/customer-support-specialist-gh-ev0dwx,2026-09-12T22:40:38+00:00
f61b2204387d41b5,jobberman,client-support-specialist-gh-5dewgr,Client Support Specialist Gh,,,,Ghana,unknown,,,,,,,,,,,,https://www.jobberman.com.gh/listings/client-support-specialist-gh-5dewgr,2026-09-12T22:40:38+00:00
6aa08f9755cd6889,jobberman,smiggle-christmas-support-crew-erina-7wevvg-v1,Smiggle - Christmas Support Crew - Erina,,,,Ghana,unknown,,,,,,,,,,,,https://www.jobberman.com.gh/listings/smiggle-christmas-support-crew-erina-7wevvg-v1,2026-09-12T22:40:38+00:00
d7a8a811b55c972e,jobberman,smiggle-christmas-support-crew-tuggerah-6de77v-v1,Smiggle - Christmas Support Crew - Tuggerah,,,,Ghana,unknown,,,,,,,,,,,,https://www.jobberman.com.gh/listings/smiggle-christmas-support-crew-tuggerah-6de77v-v1,2026-09-12T22:40:38+00:00
bac41c60d34d916f,jobberman,it-jobs-in-ghana-planning-security-support-deputy-chief-information-technology-officer-20mv7q-v1,"It Jobs In Ghana – (planning, Security & Support) Deputy Chief Information Technology Officer",,,,Ghana,unknown,,,,,,,,,,,Other Tech,https://www.jobberman.com.gh/listings/it-jobs-in-ghana-planning-security-support-deputy-chief-information-technology-officer-20mv7q-v1,2026-09-12T22:40:42+00:00
bb65516daed8039c,jobberman,project-officer-xp0dgq,Project Officer,,,,Ghana,unknown,,,,,,,,,,,,https://www.jobberman.com.gh/listings/project-officer-xp0dgq,2026-09-12T22:40:42+00:00
a4708810216aa24a,jobberman,nanny-9j7pwj-v2,Nanny,,,,Ghana,unknown,,,,,,,,,,,,https://www.jobberman.com.gh/listings/nanny-9j7pwj-v2,2026-09-12T22:40:42+00:00
fde763f11b6ba45b,jobberman,natuonal-service-person-sales-marketing-coordinator-vw7mem,Natuonal Service Person: Sales & Marketing Coordinator,,,,Ghana,unknown,,,,,,,,,,,,https://www.jobberman.com.gh/listings/natuonal-service-person-sales-marketing-coordinator-vw7mem,2026-09-12T22:40:42+00:00
fc4821bc905bc4de,jobberman,supply-chain-parts-operations-coordinator-7wev9m,Supply Chain & Parts Operations Coordinator,,,,Ghana,unknown,,,,,,,,,,,,https://www.jobberman.com.gh/listings/supply-chain-parts-operations-coordinator-7wev9m,2026-09-12T22:40:42+00:00
027534afa3a358ef,jobberman,survey-assistant-jqkv8w-v1,Survey Assistant,,,,Ghana,unknown,,,,,,,,,,,,https://www.jobberman.com.gh/listings/survey-assistant-jqkv8w-v1,2026-09-12T22:40:42+00:00
24d4ee0a38037e32,jobberman,sat-tutor-pmzpmr,Sat Tutor,,,,Ghana,unknown,,,,,,,,,,,,https://www.jobberman.com.gh/listings/sat-tutor-pmzpmr,2026-09-12T22:40:42+00:00
0854b202334ab049,jobberman,senior-operator-production-ev0de2,Senior Operator-production,,,,Ghana,unknown,,,,,,,,,,,,https://www.jobberman.com.gh/listings/senior-operator-production-ev0de2,2026-09-12T22:40:42+00:00
c4ad30279efadeab,jobberman,head-office-of-the-cpco-zpn25g,"Head, Office Of The Cpco",,,,Ghana,unknown,,,,,,,,,,,,https://www.jobberman.com.gh/listings/head-office-of-the-cpco-zpn25g,2026-09-12T22:40:42+00:00
9d24759b382ca4d2,jobberman,sampler-k8j942-v1,Sampler,,,,Ghana,unknown,,,,,,,,,,,,https://www.jobberman.com.gh/listings/sampler-k8j942-v1,2026-09-12T22:40:42+00:00
0027862c7d659c4c,jobberman,foreman-crusher-plant-9je0k8,Foreman-crusher Plant,,,,Ghana,unknown,,,,,,,,,,,,https://www.jobberman.com.gh/listings/foreman-crusher-plant-9je0k8,2026-09-12T22:40:44+00:00
3e6e1bdfb3fbda82,jobberman,french-tutor-7we875,French Tutor,,,,Ghana,unknown,,,,,,,,,,,,https://www.jobberman.com.gh/listings/french-tutor-7we875,2026-09-12T22:40:44+00:00
d985d3d9bce9d149,jobberman,gre-tutor-npm5xx,Gre Tutor,,,,Ghana,unknown,,,,,,,,,,,,https://www.jobberman.com.gh/listings/gre-tutor-npm5xx,2026-09-12T22:40:44+00:00
e66927013a706a49,jobberman,mathematics-teacher-pmvkzq-v1,Mathematics Teacher,,,,Ghana,unknown,,,,,,,,,,,,https://www.jobberman.com.gh/listings/mathematics-teacher-pmvkzq-v1,2026-09-12T22:40:44+00:00
9100e8b6c732f1f2,jobberman,office-assistant-gh-pmzp54,Office Assistant Gh,,,,Ghana,unknown,,,,,,,,,,,,https://www.jobberman.com.gh/listings/office-assistant-gh-pmzp54,2026-09-12T22:40:44+00:00
081800ae0bcc0d48,jobberman,office-assistant-gh-xp0dnz,Office Assistant Gh,,,,Ghana,unknown,,,,,,,,,,,,https://www.jobberman.com.gh/listings/office-assistant-gh-xp0dnz,2026-09-12T22:40:44+00:00
4f6fbe6602f222e0,jobberman,product-specialist-charging-and-ecm-process-ev0d2x,Product Specialist - Charging And Ecm Process,,,,Ghana,unknown,,,,,,,,,,,,https://www.jobberman.com.gh/listings/product-specialist-charging-and-ecm-process-ev0d2x,2026-09-12T22:40:44+00:00
2eaad5feeb7c5c5a,jobberman,foreman-instrumentation-r89dpn-v1,Foreman-instrumentation,,,,Ghana,unknown,,,,,,,,,,,,https://www.jobberman.com.gh/listings/foreman-instrumentation-r89dpn-v1,2026-09-12T22:40:44+00:00
7d25666c0c997f17,jobberman,cafe-manager-4nzjze,Cafe Manager,,,,Ghana,unknown,,,,,,,,,,,,https://www.jobberman.com.gh/listings/cafe-manager-4nzjze,2026-09-12T22:40:44+00:00
c268cc250f2235d6,jobberman,sales-and-marketing-specialist-zpm7jg-v1,Sales And Marketing Specialist,,,,Ghana,unknown,,,,,,,,,,,,https://www.jobberman.com.gh/listings/sales-and-marketing-specialist-zpm7jg-v1,2026-09-12T22:40:47+00:00
051d6050c8a02b8e,jobberman,elementary-school-teacher-84e0z7,Elementary School Teacher,,,,Ghana,unknown,,,,,,,,,,,,https://www.jobberman.com.gh/listings/elementary-school-teacher-84e0z7,2026-09-12T22:40:47+00:00
fe6ac4c321e5bcca,jobberman,finance-manager-npm5me,Finance Manager,,,,Ghana,unknown,,,,,,,,,,,,https://www.jobberman.com.gh/listings/finance-manager-npm5me,2026-09-12T22:40:47+00:00
24435ea8f103cfa5,jobberman,volunteer-facilitator-ev0dj6,Volunteer Facilitator,,,,Ghana,unknown,,,,,,,,,,,,https://www.jobberman.com.gh/listings/volunteer-facilitator-ev0dj6,2026-09-12T22:40:47+00:00
b2c8a515d753e1e4,jobberman,information-systems-business-analyst-9j7765-v1,Information Systems Business Analyst,,,,Ghana,unknown,,,,,,,,,,,Other Tech,https://www.jobberman.com.gh/listings/information-systems-business-analyst-9j7765-v1,2026-09-12T22:40:47+00:00
0395b8d6dfb49b3c,jobberman,sales-executive-np66mw-v1,Sales Executive,,,,Ghana,unknown,,,,,,,,,,,,https://www.jobberman.com.gh/listings/sales-executive-np66mw-v1,2026-09-12T22:40:47+00:00
6c6a6caea8deed28,jobberman,specialist-business-development-07epkg,Specialist - Business Development,,,,Ghana,unknown,,,,,,,,,,,,https://www.jobberman.com.gh/listings/specialist-business-development-07epkg,2026-09-12T22:40:47+00:00
548076748e57bb0b,jobberman,tower-crane-operator-9je0m6-v1,Tower Crane Operator,,,,Ghana,unknown,,,,,,,,,,,,https://www.jobberman.com.gh/listings/tower-crane-operator-9je0m6-v1,2026-09-12T22:40:47+00:00
dd201822e334417c,jobberman,recruiting-specialist-zpmngn-v2,Recruiting Specialist,,,,Ghana,unknown,,,,,,,,,,,,https://www.jobberman.com.gh/listings/recruiting-specialist-zpmngn-v2,2026-09-12T22:40:47+00:00
edf51da009ae9c46,jobberman,chinese-english-translator-vw8zpv-v1,Chinese-english Translator,,,,Ghana,unknown,,,,,,,,,,,,https://www.jobberman.com.gh/listings/chinese-english-translator-vw8zpv-v1,2026-09-12T22:40:47+00:00
9ca74b267d813934,jobberman,transport-assistant-5dew8e,Transport Assistant,,,,Ghana,unknown,,,,,,,,,,,,https://www.jobberman.com.gh/listings/transport-assistant-5dew8e,2026-09-12T22:40:50+00:00
80ec9f7a9d3c531e,jobberman,marketing-specialist-r8p2w5,Marketing Specialist,,,,Ghana,unknown,,,,,,,,,,,,https://www.jobberman.com.gh/listings/marketing-specialist-r8p2w5,2026-09-12T22:40:50+00:00
821842582e123a18,jobberman,business-development-specialist-wpvm0g,Business Development Specialist,,,,Ghana,unknown,,,,,,,,,,,,https://www.jobberman.com.gh/listings/business-development-specialist-wpvm0g,2026-09-12T22:40:50+00:00
1e6be45948762847,jobberman,senior-business-development-manager-wpvmnp,(senior) Business Development Manager,,,,Ghana,unknown,,,,,,,,,,,,https://www.jobberman.com.gh/listings/senior-business-development-manager-wpvmnp,2026-09-12T22:40:50+00:00
e256447977443f6f,jobberman,senior-operator-production-zpn296,Senior Operator-production,,,,Ghana,unknown,,,,,,,,,,,,https://www.jobberman.com.gh/listings/senior-operator-production-zpn296,2026-09-12T22:40:50+00:00
c6a428e3b584dc57,jobberman,human-resources-manager-international-school-vw8nk8-v1,Human Resources Manager - International School,,,,Ghana,unknown,,,,,,,,,,,,https://www.jobberman.com.gh/listings/human-resources-manager-international-school-vw8nk8-v1,2026-09-12T22:40:50+00:00
131372428071e082,jobberman,sales-marketing-executive-vw7mdm,Sales Marketing Executive,,,,Ghana,unknown,,,,,,,,,,,,https://www.jobberman.com.gh/listings/sales-marketing-executive-vw7mdm,2026-09-12T22:40:50+00:00
f5521a1961464913,jobberman,director-legal-company-secretary-ghana-6de7e4,"Director, Legal & Company Secretary - Ghana",,,,Ghana,unknown,,,,,,,,,,,,https://www.jobberman.com.gh/listings/director-legal-company-secretary-ghana-6de7e4,2026-09-12T22:40:50+00:00
3b8e4bb45700c999,jobberman,developer-relations-engineer-7wev0m,Developer Relations Engineer,,,,Ghana,unknown,,,,,,,,,,,Software Development,https://www.jobberman.com.gh/listings/developer-relations-engineer-7wev0m,2026-09-12T22:40:50+00:00
afb8edcf04b90f6a,jobberman,special-needs-preschool-teacher-west-legon-zpmqgv-v2,Special Needs Preschool Teacher (west Legon),,,,Ghana,unknown,,,,,,,,,,,,https://www.jobberman.com.gh/listings/special-needs-preschool-teacher-west-legon-zpmqgv-v2,2026-09-12T22:40:50+00:00
a0f1c5a2d4e9d065,jobberman,salesperson-zpn28n,Salesperson,,,,Ghana,unknown,,,,,,,,,,,,https://www.jobberman.com.gh/listings/salesperson-zpn28n,2026-09-12T22:40:54+00:00
aa03854badc0cf67,jobberman,head-of-instructional-technology-systems-unit-at-ghana-technology-university-college-9j7z00-v1,"Head Of Instructional Technology, Systems Unit At Ghana Technology University College",,,,Ghana,unknown,,,,,,,,,,,,https://www.jobberman.com.gh/listings/head-of-instructional-technology-systems-unit-at-ghana-technology-university-college-9j7z00-v1,2026-09-12T22:40:54+00:00
b79a469b22e4a57f,jobberman,education-operations-manager-xp0dvj,Education Operations Manager,,,,Ghana,unknown,,,,,,,,,,,,https://www.jobberman.com.gh/listings/education-operations-manager-xp0dvj,2026-09-12T22:40:54+00:00
7eacbccb8642e764,jobberman,hyper-local-genre-ar-r8p2e2,Hyper-local Genre A&r,,,,Ghana,unknown,,,,,,,,,,,,https://www.jobberman.com.gh/listings/hyper-local-genre-ar-r8p2e2,2026-09-12T22:40:54+00:00
7d359419f5ba036d,jobberman,accountant-gwn5jk,Accountant,,,,Ghana,unknown,,,,,,,,,,,,https://www.jobberman.com.gh/listings/accountant-gwn5jk,2026-09-12T22:40:54+00:00
4fcc168ab60e220f,jobberman,reporter-mg282j,Reporter,,,,Ghana,unknown,,,,,,,,,,,,https://www.jobberman.com.gh/listings/reporter-mg282j,2026-09-12T22:40:54+00:00
44b51fe9fcacf3d4,jobberman,investment-associate-20mp2j,Investment Associate,,,,Ghana,unknown,,,,,,,,,,,,https://www.jobberman.com.gh/listings/investment-associate-20mp2j,2026-09-12T22:40:54+00:00
f4a2db05f1dddf01,jobberman,quality-engineer-plastics-recycling-07redd-v1,Quality Engineer (plastics & Recycling),,,,Ghana,unknown,,,,,,,,,,,Other Tech,https://www.jobberman.com.gh/listings/quality-engineer-plastics-recycling-07redd-v1,2026-09-12T22:40:54+00:00
b714ded880fc885e,jobberman,cs-operations-specialist-safety-mgx5mq,Cs Operations Specialist - Safety,,,,Ghana,unknown,,,,,,,,,,,,https://www.jobberman.com.gh/listings/cs-operations-specialist-safety-mgx5mq,2026-09-12T22:40:54+00:00
b2b8c6ab8329871d,jobberman,project-officer-bright-shea-5de6w7,Project Officer - Bright Shea,,,,Ghana,unknown,,,,,,,,,,,,https://www.jobberman.com.gh/listings/project-officer-bright-shea-5de6w7,2026-09-12T22:40:56+00:00
44d6dcd062de321b,jobberman,junior-swine-technician-9je086,Junior Swine Technician,,,,Ghana,unknown,,,,,,,,,,,,https://www.jobberman.com.gh/listings/junior-swine-technician-9je086,2026-09-12T22:40:56+00:00
7c9c0981720a6c05,jobberman,senior-gp-q2jqdn,Senior Gp,,,,Ghana,unknown,,,,,,,,,,,,https://www.jobberman.com.gh/listings/senior-gp-q2jqdn,2026-09-12T22:40:56+00:00
21dabb35d114601a,jobberman,ghana-thrive-performance-evaluation-consultancy-9je0nx,Ghana Thrive Performance Evaluation Consultancy,,,,Ghana,unknown,,,,,,,,,,,,https://www.jobberman.com.gh/listings/ghana-thrive-performance-evaluation-consultancy-9je0nx,2026-09-12T22:40:56+00:00
19c8b06d09124cce,jobberman,superintendent-drilling-evaluation-7wev6d,"Superintendent, Drilling & Evaluation",,,,Ghana,unknown,,,,,,,,,,,,https://www.jobberman.com.gh/listings/superintendent-drilling-evaluation-7wev6d,2026-09-12T22:40:56+00:00
4bb109f97cd9e10f,jobberman,education-counsellor-uk-ireland-8469p7-v1,Education Counsellor (uk & Ireland),,,,Ghana,unknown,,,,,,,,,,,,https://www.jobberman.com.gh/listings/education-counsellor-uk-ireland-8469p7-v1,2026-09-12T22:40:56+00:00
635864806d072412,jobberman,technician-br-ghana-takoradi-6de7dg,Technician - Br Ghana (takoradi),,,,Ghana,unknown,,,,,,,,,,,,https://www.jobberman.com.gh/listings/technician-br-ghana-takoradi-6de7dg,2026-09-12T22:40:56+00:00
c1d3d88787dba0e4,jobberman,mentor-and-mentee-applications-zpn2vr-v1,Mentor And Mentee Applications,,,,Ghana,unknown,,,,,,,,,,,,https://www.jobberman.com.gh/listings/mentor-and-mentee-applications-zpn2vr-v1,2026-09-12T22:41:00+00:00
05ca78652bdf460a,jobberman,teacher-career-practitioner-k84m05,Teacher - Career Practitioner,,,,Ghana,unknown,,,,,,,,,,,,https://www.jobberman.com.gh/listings/teacher-career-practitioner-k84m05,2026-09-12T22:41:00+00:00
b8aac66ae37efe8a,jobberman,research-assistant-wpvezk,Research Assistant,,,,Ghana,unknown,,,,,,,,,,,,https://www.jobberman.com.gh/listings/research-assistant-wpvezk,2026-09-12T22:41:00+00:00
65ba556e16b94e74,jobberman,research-assistant-84evzn,Research Assistant,,,,Ghana,unknown,,,,,,,,,,,,https://www.jobberman.com.gh/listings/research-assistant-84evzn,2026-09-12T22:41:00+00:00
a0b23c0654d12308,jobberman,national-service-personnel-7wevn5,National Service Personnel,,,,Ghana,unknown,,,,,,,,,,,,https://www.jobberman.com.gh/listings/national-service-personnel-7wevn5,2026-09-12T22:41:00+00:00
5094c88deb299ac6,jobberman,expat-structural-engineer-high-rise-residential-projects-npm5gk-v1,Expat Structural Engineer- High Rise Residential Projects,,,,Ghana,unknown,,,,,,,,,,,Other Tech,https://www.jobberman.com.gh/listings/expat-structural-engineer-high-rise-residential-projects-npm5gk-v1,2026-09-12T22:41:00+00:00
1d34dff44d67c31a,jobberman,pharmacist-07epmk,Pharmacist,,,,Ghana,unknown,,,,,,,,,,,,https://www.jobberman.com.gh/listings/pharmacist-07epmk,2026-09-12T22:41:00+00:00
267e361c9193fe47,jobberman,sales-marketing-officer-20mpe2-v1,Sales Marketing Officer,,,,Ghana,unknown,,,,,,,,,,,,https://www.jobberman.com.gh/listings/sales-marketing-officer-20mpe2-v1,2026-09-12T22:41:00+00:00
d989fd36d98818b1,jobberman,company-driver-6dp0ep-v1,Company Driver,,,,Ghana,unknown,,,,,,,,,,,,https://www.jobberman.com.gh/listings/company-driver-6dp0ep-v1,2026-09-12T22:41:00+00:00
a509b11dc525b870,jobberman,transport-officer-4nkep8-v1,Transport Officer,,,,Ghana,unknown,,,,,,,,,,,,https://www.jobberman.com.gh/listings/transport-officer-4nkep8-v1,2026-09-12T22:41:00+00:00
95fa0b95ae0d35c8,jobberman,environment-health-safety-compliance-officer-07ep0w,"Environment, Health, Safety & Compliance Officer",,,,Ghana,unknown,,,,,,,,,,,,https://www.jobberman.com.gh/listings/environment-health-safety-compliance-officer-07ep0w,2026-09-12T22:41:03+00:00
c143fe495e70f77d,jobberman,security-officer-84ev0n,Security Officer,,,,Ghana,unknown,,,,,,,,,,,,https://www.jobberman.com.gh/listings/security-officer-84ev0n,2026-09-12T22:41:03+00:00
f20ad2eccdc8aac5,jobberman,transport-officer-wpvm9g,Transport Officer,,,,Ghana,unknown,,,,,,,,,,,,https://www.jobberman.com.gh/listings/transport-officer-wpvm9g,2026-09-12T22:41:03+00:00
1bc3286eaa3c65aa,jobberman,purchasing-officer-9j74v0,Purchasing Officer,,,,Ghana,unknown,,,,,,,,,,,,https://www.jobberman.com.gh/listings/purchasing-officer-9j74v0,2026-09-12T22:41:03+00:00
573c37fe0779dfca,jobberman,quality-control-officer-20mp62,Quality Control Officer,,,,Ghana,unknown,,,,,,,,,,,,https://www.jobberman.com.gh/listings/quality-control-officer-20mp62,2026-09-12T22:41:03+00:00
5cbf504563362a1b,jobberman,wholesale-sales-marketing-officer-pmzp2m,Wholesale Sales & Marketing Officer,,,,Ghana,unknown,,,,,,,,,,,,https://www.jobberman.com.gh/listings/wholesale-sales-marketing-officer-pmzp2m,2026-09-12T22:41:03+00:00
691a3587db6f4f4d,jobberman,sales-manager-jqkvxz,Sales Manager,,,,Ghana,unknown,,,,,,,,,,,,https://www.jobberman.com.gh/listings/sales-manager-jqkvxz,2026-09-12T22:41:03+00:00
b791225f5e8fce80,jobberman,senior-property-sales-executive-zpmgjk,Senior Property Sales Executive,,,,Ghana,unknown,,,,,,,,,,,,https://www.jobberman.com.gh/listings/senior-property-sales-executive-zpmgjk,2026-09-12T22:41:05+00:00
455aab196b99a861,jobberman,senior-cost-estimator-84e0k6,Senior Cost Estimator,,,,Ghana,unknown,,,,,,,,,,,,https://www.jobberman.com.gh/listings/senior-cost-estimator-84e0k6,2026-09-12T22:41:05+00:00
f318c53a9871588b,jobberman,store-officer-mgxmdm,Store Officer,,,,Ghana,unknown,,,,,,,,,,,,https://www.jobberman.com.gh/listings/store-officer-mgxmdm,2026-09-12T22:41:05+00:00
6f4c0f1985de97c3,jobberman,sales-officer-gwn552,Sales Officer,,,,Ghana,unknown,,,,,,,,,,,,https://www.jobberman.com.gh/listings/sales-officer-gwn552,2026-09-12T22:41:05+00:00
c67a548f5bcaffcf,jobberman,security-officer-4nker8,Security Officer,,,,Ghana,unknown,,,,,,,,,,,,https://www.jobberman.com.gh/listings/security-officer-4nker8,2026-09-12T22:41:05+00:00
50a325ccde53aefd,jobberman,recovery-credit-officer-xp0jjn,Recovery / Credit Officer,,,,Ghana,unknown,,,,,,,,,,,Other Tech,https://www.jobberman.com.gh/listings/recovery-credit-officer-xp0jjn,2026-09-12T22:41:05+00:00
ddc6e8ea4b8c884f,jobberman,stock-procurement-officer-k84mgv,Stock & Procurement Officer,,,,Ghana,unknown,,,,,,,,,,,,https://www.jobberman.com.gh/listings/stock-procurement-officer-k84mgv,2026-09-12T22:41:05+00:00
096ae34c7f32bb90,jobberman,marketing-sales-officer-vw8n82,Marketing & Sales Officer,,,,Ghana,unknown,,,,,,,,,,,,https://www.jobberman.com.gh/listings/marketing-sales-officer-vw8n82,2026-09-12T22:41:05+00:00
da2f8c7acadf744c,jobberman,mobile-bankerscredit-officers-wpvm74,Mobile Bankers/Credit Officers,,,,Ghana,unknown,,,,,,,,,,,Other Tech,https://www.jobberman.com.gh/listings/mobile-bankerscredit-officers-wpvm74,2026-09-12T22:41:07+00:00
c4e3bef76625e913,jobberman,human-resource-hr-officer-k84mrm,Human Resource (HR) officer,,,,Ghana,unknown,,,,,,,,,,,,https://www.jobberman.com.gh/listings/human-resource-hr-officer-k84mrm,2026-09-12T22:41:07+00:00
baca42780a8eca01,jobberman,customer-service-amp-marketing-officer-xp0drj,Customer Service & Marketing Officer,,,,Ghana,unknown,,,,,,,,,,,,https://www.jobberman.com.gh/listings/customer-service-amp-marketing-officer-xp0drj,2026-09-12T22:41:07+00:00
e28ff24c0bebf67d,jobberman,digital-marketing-officer-wp4dwg,Digital Marketing Officer & AI Animation Designer,,,,Ghana,unknown,,,,,,,,,,,Data & AI,https://www.jobberman.com.gh/listings/digital-marketing-officer-wp4dwg,2026-09-12T22:41:07+00:00
4e664f684cab1057,jobberman,estate-and-transport-5dj70n,Estate and Transport,,,,Ghana,unknown,,,,,,,,,,,,https://www.jobberman.com.gh/listings/estate-and-transport-5dj70n,2026-09-12T22:41:07+00:00
d4ec752e34bc1194,jobberman,physiotherapist-4nkez5,Physiotherapist,,,,Ghana,unknown,,,,,,,,,,,,https://www.jobberman.com.gh/listings/physiotherapist-4nkez5,2026-09-12T22:41:10+00:00
4b16e34559c127ca,jobberman,maintenance-safeguarding-officer-mg280w,Project Manager,,,,Ghana,unknown,,,,,,,,,,,,https://www.jobberman.com.gh/listings/maintenance-safeguarding-officer-mg280w,2026-09-12T22:41:10+00:00
e999126927db8db6,jobberman,legal-officer-wpvmqk,Legal Officer,,,,Ghana,unknown,,,,,,,,,,,,https://www.jobberman.com.gh/listings/legal-officer-wpvmqk,2026-09-12T22:41:10+00:00
304dfa2f9587b6dc,jobberman,procurement-officer-8466jx-v1,Procurement Officer,,,,Ghana,unknown,,,,,,,,,,,,https://www.jobberman.com.gh/listings/procurement-officer-8466jx-v1,2026-09-12T22:41:10+00:00
ec3a2af694b4cf5f,jobberman,office-manager-9je0vv,Office Manager,,,,Ghana,unknown,,,,,,,,,,,,https://www.jobberman.com.gh/listings/office-manager-9je0vv,2026-09-12T22:41:10+00:00
68119a98dd7cba75,jobberman,security-officer-r8999q-v2,Security Officer,,,,Ghana,unknown,,,,,,,,,,,,https://www.jobberman.com.gh/listings/security-officer-r8999q-v2,2026-09-12T22:41:10+00:00
728d2e4d553dfcc7,jobberman,office-assistant-ev0d59-v1,Office Assistant,,,,Ghana,unknown,,,,,,,,,,,,https://www.jobberman.com.gh/listings/office-assistant-ev0d59-v1,2026-09-12T22:41:10+00:00
b1c2126d9a743449,jobberman,finance-officer-mg28n6-v1,Finance Officer,,,,Ghana,unknown,,,,,,,,,,,,https://www.jobberman.com.gh/listings/finance-officer-mg28n6-v1,2026-09-12T22:41:10+00:00
8bdc0d33a9cdba68,jobberman,office-staff-xpr4rw-v1,Office Staff,,,,Ghana,unknown,,,,,,,,,,,,https://www.jobberman.com.gh/listings/office-staff-xpr4rw-v1,2026-09-12T22:41:10+00:00
5f38b7d8cabce179,jobberman,medical-officers-5dj7nx-v1,Medical Officers,,,,Ghana,unknown,,,,,,,,,,,,https://www.jobberman.com.gh/listings/medical-officers-5dj7nx-v1,2026-09-12T22:41:13+00:00
9b3ed273c7f00161,jobberman,estate-officer-7w2eme-v1,Estate Officer,,,,Ghana,unknown,,,,,,,,,,,,https://www.jobberman.com.gh/listings/estate-officer-7w2eme-v1,2026-09-12T22:41:13+00:00
e3547d5fe4c53ddc,jobberman,sales-officer-wp457z-v2,Sales Officer,,,,Ghana,unknown,,,,,,,,,,,,https://www.jobberman.com.gh/listings/sales-officer-wp457z-v2,2026-09-12T22:41:13+00:00
aeb79d831506ff82,jobberman,security-officer-gwn5q2-v1,Security Officer,,,,Ghana,unknown,,,,,,,,,,,,https://www.jobberman.com.gh/listings/security-officer-gwn5q2-v1,2026-09-12T22:41:13+00:00
0fcd24485cc45417,jobberman,juniorlegal-officer-npm5r0,Junior/legal Officer,,,,Ghana,unknown,,,,,,,,,,,,https://www.jobberman.com.gh/listings/juniorlegal-officer-npm5r0,2026-09-12T22:41:13+00:00
0f8fdd0fd75fe601,jobberman,guidance-counselling-officer-6dpekj-v2,Guidance & Counselling Officer,,,,Ghana,unknown,,,,,,,,,,,,https://www.jobberman.com.gh/listings/guidance-counselling-officer-6dpekj-v2,2026-09-12T22:41:13+00:00
b5bd5ea00bce3369,jobberman,chief-financial-officer-pmzp0r,Chief Financial Officer,,,,Ghana,unknown,,,,,,,,,,,,https://www.jobberman.com.gh/listings/chief-financial-officer-pmzp0r,2026-09-12T22:41:13+00:00
83929a1daeba9193,jobberman,sales-and-marketing-officer-20me8j-v1,Sales And Marketing Officer,,,,Ghana,unknown,,,,,,,,,,,,https://www.jobberman.com.gh/listings/sales-and-marketing-officer-20me8j-v1,2026-09-12T22:41:13+00:00
c225e0a9df1c1b76,jobberman,junior-stores-officer-pmzpww-v1,Junior Stores Officer,,,,Ghana,unknown,,,,,,,,,,,,https://www.jobberman.com.gh/listings/junior-stores-officer-pmzpww-v1,2026-09-12T22:41:17+00:00
7339fad1a5c672ce,jobberman,data-processing-officer-ev4gg9-v1,Data Processing Officer,,,,Ghana,unknown,,,,,,,,,,,Other Tech,https://www.jobberman.com.gh/listings/data-processing-officer-ev4gg9-v1,2026-09-12T22:41:17+00:00
121a47b38d9da8a7,jobberman,accountant-office-manager-d7vr7g,Accountant & Office Manager,,,,Ghana,unknown,,,,,,,,,,,,https://www.jobberman.com.gh/listings/accountant-office-manager-d7vr7g,2026-09-12T22:41:17+00:00
792e900b0f9ffa9d,jobberman,security-officers-5-positions-d7vrv2,Security Officers (5 Positions),,,,Ghana,unknown,,,,,,,,,,,,https://www.jobberman.com.gh/listings/security-officers-5-positions-d7vrv2,2026-09-12T22:41:17+00:00
7f9a2a559dce46ea,jobberman,marketing-officer-at-rudder-solutions-gwn5x9,Marketing Officer At Rudder Solutions,,,,Ghana,unknown,,,,,,,,,,,,https://www.jobberman.com.gh/listings/marketing-officer-at-rudder-solutions-gwn5x9,2026-09-12T22:41:17+00:00
db79130078ddf94c,jobberman,chief-community-officer-cco-6de7mz,Chief Community Officer (cco),,,,Ghana,unknown,,,,,,,,,,,,https://www.jobberman.com.gh/listings/chief-community-officer-cco-6de7mz,2026-09-12T22:41:17+00:00
36da09734a618cf0,jobberman,chief-community-officer-cco-84e0d6,Chief Community Officer (cco),,,,Ghana,unknown,,,,,,,,,,,,https://www.jobberman.com.gh/listings/chief-community-officer-cco-84e0d6,2026-09-12T22:41:17+00:00
c316a975cc194d5f,jobberman,senior-assistant-development-officer-jqk8qz-v2,Senior Assistant Development Officer,,,,Ghana,unknown,,,,,,,,,,,,https://www.jobberman.com.gh/listings/senior-assistant-development-officer-jqk8qz-v2,2026-09-12T22:41:17+00:00
2fb01061de4029bf,jobberman,safety-officermanufacturing-industry-84e0pp,Safety Officer(manufacturing Industry),,,,Ghana,unknown,,,,,,,,,,,,https://www.jobberman.com.gh/listings/safety-officermanufacturing-industry-84e0pp,2026-09-12T22:41:17+00:00
e62e0c542bc5dd97,jobberman,safety-officermanufacturing-industry-20ez7v,Safety Officer(manufacturing Industry),,,,Ghana,unknown,,,,,,,,,,,,https://www.jobberman.com.gh/listings/safety-officermanufacturing-industry-20ez7v,2026-09-12T22:41:17+00:00
0e48f8aea1b2dcaa,jobberman,western-steel-sales-officer-6de7qg,Western Steel Sales Officer,,,,Ghana,unknown,,,,,,,,,,,,https://www.jobberman.com.gh/listings/western-steel-sales-officer-6de7qg,2026-09-12T22:41:20+00:00
77e77d6f2926c3d4,jobberman,sales-executive-it-solutions-office-equipment-r8p26j,Sales Executive (it Solutions & Office Equipment),,,,Ghana,unknown,,,,,,,,,,,,https://www.jobberman.com.gh/listings/sales-executive-it-solutions-office-equipment-r8p26j,2026-09-12T22:41:20+00:00
e98da25583ac76bb,jobberman,business-development-officer-medical-diagnostics-jqk86v-v1,Business Development Officer - Medical Diagnostics,,,,Ghana,unknown,,,,,,,,,,,,https://www.jobberman.com.gh/listings/business-development-officer-medical-diagnostics-jqk86v-v1,2026-09-12T22:41:20+00:00
5ed64a57694ed93d,jobberman,muti-lingual-front-office-executive-ev4g0k-v1,Muti-lingual Front Office Executive,,,,Ghana,unknown,,,,,,,,,,,,https://www.jobberman.com.gh/listings/muti-lingual-front-office-executive-ev4g0k-v1,2026-09-12T22:41:20+00:00
c59400fce9685aaf,jobberman,marketing-officer-wanted-for-employment-by-tridot-ghana-84e0jj,Marketing Officer Wanted For Employment By Tridot Ghana,,,,Ghana,unknown,,,,,,,,,,,,https://www.jobberman.com.gh/listings/marketing-officer-wanted-for-employment-by-tridot-ghana-84e0jj,2026-09-12T22:41:20+00:00
09f98f7c5afed742,jobberman,customer-service-officers-at-man-capital-ltd-84e0ej,Customer Service Officers At Man Capital Ltd,,,,Ghana,unknown,,,,,,,,,,,,https://www.jobberman.com.gh/listings/customer-service-officers-at-man-capital-ltd-84e0ej,2026-09-12T22:41:20+00:00
577cf1dc2f2eceff,jobberman,front-office-manager-at-airport-view-hotel-wp4xnp-v1,Front Office Manager At Airport View Hotel,,,,Ghana,unknown,,,,,,,,,,,,https://www.jobberman.com.gh/listings/front-office-manager-at-airport-view-hotel-wp4xnp-v1,2026-09-12T22:41:20+00:00
a7b5722f53531b0e,jobberman,purchasing-officer-at-aqua-safari-resort-ada-xprmdw-v1,Purchasing Officer At Aqua Safari Resort (ada),,,,Ghana,unknown,,,,,,,,,,,,https://www.jobberman.com.gh/listings/purchasing-officer-at-aqua-safari-resort-ada-xprmdw-v1,2026-09-12T22:41:20+00:00
c0439c500790f0f4,jobberman,microfinance-credit-officers-at-agave-rural-bank-volta-region-6dp80p-v1,Microfinance Credit Officers At Agave Rural Bank (volta Region),,,,Ghana,unknown,,,,,,,,,,,Other Tech,https://www.jobberman.com.gh/listings/microfinance-credit-officers-at-agave-rural-bank-volta-region-6dp80p-v1,2026-09-12T22:41:20+00:00
8c2e27089aed3869,jobberman,marketing-and-trade-fair-officer-at-ghanaian-german-economic-association-6dpwnv-v1,Marketing And Trade Fair Officer At Ghanaian-german Economic Association,,,,Ghana,unknown,,,,,,,,,,,,https://www.jobberman.com.gh/listings/marketing-and-trade-fair-officer-at-ghanaian-german-economic-association-6dpwnv-v1,2026-09-12T22:41:20+00:00
e159858e74c77bc2,jobberman,credit-control-and-collections-officer-real-estates-financial-services-mgxm5z-v1,Credit Control And Collections Officer-real Estates/ Financial Services,,,,Ghana,unknown,,,,,,,,,,,,https://www.jobberman.com.gh/listings/credit-control-and-collections-officer-real-estates-financial-services-mgxm5z-v1,2026-09-12T22:41:20+00:00
9b2c7cb6ef44fd66,jobberman,senior-sales-marketing-officers-at-med-x-health-systems-limited-wp40qz-v1,Senior Sales & Marketing Officers At Med-x Health Systems Limited,,,,Ghana,unknown,,,,,,,,,,,,https://www.jobberman.com.gh/listings/senior-sales-marketing-officers-at-med-x-health-systems-limited-wp40qz-v1,2026-09-12T22:41:20+00:00
ac6e94acad3499ed,jobberman,assistant-project-officer-apo-at-planned-parenthood-association-of-ghana-ppag-tamale-r89w89-v1,Assistant Project Officer (apo) At Planned Parenthood Association Of Ghana (ppag) – Tamale,,,,Ghana,unknown,,,,,,,,,,,,https://www.jobberman.com.gh/listings/assistant-project-officer-apo-at-planned-parenthood-association-of-ghana-ppag-tamale-r89w89-v1,2026-09-12T22:41:23+00:00
ecf13678bf99f78f,jobberman,college-registrar-ev0d02,College Registrar,,,,Ghana,unknown,,,,,,,,,,,,https://www.jobberman.com.gh/listings/college-registrar-ev0d02,2026-09-12T22:41:23+00:00
4005ff0e8f5de9e7,jobberman,finance-accounts-officer-evening-weekend-at-ghana-telecom-university-college-accra-kumasi-and-koforidua-vw7m2v,"Finance / Accounts Officer (evening & Weekend) At Ghana Telecom University College (accra, Kumasi And Koforidua)",,,,Ghana,unknown,,,,,,,,,,,Other Tech,https://www.jobberman.com.gh/listings/finance-accounts-officer-evening-weekend-at-ghana-telecom-university-college-accra-kumasi-and-koforidua-vw7m2v,2026-09-12T22:41:23+00:00
2446f557ae1d9d97,jobberman,deputy-director-operations-6de706,"Deputy Director, Operations",,,,Ghana,unknown,,,,,,,,,,,,https://www.jobberman.com.gh/listings/deputy-director-operations-6de706,2026-09-12T22:41:23+00:00
9dc3bab3e9bb1b34,jobberman,architectural-draughtsperson-q2jq8w,Architectural Draughtsperson,,,,Ghana,unknown,,,,,,,,,,,,https://www.jobberman.com.gh/listings/architectural-draughtsperson-q2jq8w,2026-09-12T22:41:23+00:00
841e250e79582bb7,jobberman,director-of-finance-jqkvr8-v1,Director Of Finance,,,,Ghana,unknown,,,,,,,,,,,,https://www.jobberman.com.gh/listings/director-of-finance-jqkvr8-v1,2026-09-12T22:41:23+00:00
4d570a7210557bfc,jobberman,cci-recruitment-2026-notification-out-apply-now-for-15-posts-k84m5m-v1,Cci Recruitment 2026 Notification Out – Apply Now For 15 Posts,,,,Ghana,unknown,,,,,,,,,,,,https://www.jobberman.com.gh/listings/cci-recruitment-2026-notification-out-apply-now-for-15-posts-k84m5m-v1,2026-09-12T22:41:23+00:00
20164e9b25ed5ebf,jobberman,job-vacancy-at-ramona-hospital-ev0ndd,Job Vacancy At Ramona Hospital,,,,Ghana,unknown,,,,,,,,,,,,https://www.jobberman.com.gh/listings/job-vacancy-at-ramona-hospital-ev0ndd,2026-09-12T22:41:23+00:00
a65518d6d3971aa6,jobberman,secretary-at-vanguard-assurance-co-ltd-7wevkd,Secretary At Vanguard Assurance Co. Ltd,,,,Ghana,unknown,,,,,,,,,,,,https://www.jobberman.com.gh/listings/secretary-at-vanguard-assurance-co-ltd-7wevkd,2026-09-12T22:41:23+00:00
5f67c11676b644f2,jobberman,senior-technician-department-of-geomatic-engineering-at-kwame-nkrumah-university-of-science-and-technology-q2jqjj,Senior Technician (department Of Geomatic Engineering) At Kwame Nkrumah University Of Science And Technology,,,,Ghana,unknown,,,,,,,,,,,Other Tech,https://www.jobberman.com.gh/listings/senior-technician-department-of-geomatic-engineering-at-kwame-nkrumah-university-of-science-and-technology-q2jqjj,2026-09-12T22:41:23+00:00
65edd9acc81b4ab5,jobberman,president-at-presbyterian-university-college-abetifi-kwahu-eastern-region-84e06j,"President At Presbyterian University College (abetifi-kwahu, Eastern Region)",,,,Ghana,unknown,,,,,,,,,,,,https://www.jobberman.com.gh/listings/president-at-presbyterian-university-college-abetifi-kwahu-eastern-region-84e06j,2026-09-12T22:41:23+00:00
60b20a7b752c5b0b,jobberman,registrar-at-valley-view-university-xprmg0-v1,Registrar At Valley View University,,,,Ghana,unknown,,,,,,,,,,,,https://www.jobberman.com.gh/listings/registrar-at-valley-view-university-xprmg0-v1,2026-09-12T22:41:23+00:00
13e5fc9fd7cf5438,jobberman,director-of-nursing-services-9j7e48-v1,Director Of Nursing Services,,,,Ghana,unknown,,,,,,,,,,,,https://www.jobberman.com.gh/listings/director-of-nursing-services-9j7e48-v1,2026-09-12T22:41:25+00:00
75e87687e4b5e6e4,jobberman,security-guards-at-ghs-housing-limited-mg2q8j-v1,Security Guards At Ghs Housing Limited,,,,Ghana,unknown,,,,,,,,,,,,https://www.jobberman.com.gh/listings/security-guards-at-ghs-housing-limited-mg2q8j-v1,2026-09-12T22:41:25+00:00
65560bccd384614e,jobberman,safety-specialist-zpn2ex,Safety Specialist,,,,Ghana,unknown,,,,,,,,,,,,https://www.jobberman.com.gh/listings/safety-specialist-zpn2ex,2026-09-12T22:41:25+00:00
144ea89ec96d03ca,jobberman,registrar-5dje5n-v2,Registrar,,,,Ghana,unknown,,,,,,,,,,,,https://www.jobberman.com.gh/listings/registrar-5dje5n-v2,2026-09-12T22:41:25+00:00
6dc36e9be4838278,jobberman,architectdraftsmanship-at-biz-consult-jq8m86,Architect/draftsmanship At Biz Consult,,,,Ghana,unknown,,,,,,,,,,,,https://www.jobberman.com.gh/listings/architectdraftsmanship-at-biz-consult-jq8m86,2026-09-12T22:41:25+00:00
2eb81613c1434491,jobberman,environmentalist-economist-wanted-for-employment-by-energy-commission-gwx7v8-v1,Environmentalist / Economist Wanted For Employment By Energy Commission,,,,Ghana,unknown,,,,,,,,,,,,https://www.jobberman.com.gh/listings/environmentalist-economist-wanted-for-employment-by-energy-commission-gwx7v8-v1,2026-09-12T22:41:25+00:00
d635c1df2133a4dd,jobberman,mechanical-engineer-jq8mpd,Mechanical Engineer,,,,Ghana,unknown,,,,,,,,,,,Other Tech,https://www.jobberman.com.gh/listings/mechanical-engineer-jq8mpd,2026-09-12T22:41:25+00:00
3b9edf28134f8363,jobberman,technology-specialist-at-axxend-limited-zpn2m6,Technology Specialist At Axxend Limited,,,,Ghana,unknown,,,,,,,,,,,,https://www.jobberman.com.gh/listings/technology-specialist-at-axxend-limited-zpn2m6,2026-09-12T22:41:25+00:00
16cb586839f05ef8,jobberman,relationship-manager-6de727,Relationship Manager,,,,Ghana,unknown,,,,,,,,,,,,https://www.jobberman.com.gh/listings/relationship-manager-6de727,2026-09-12T22:41:25+00:00
1b0424e6a7a3f084,jobberman,field-sales-representative-xpr7pn-v1,Field Sales Representative,,,,Ghana,unknown,,,,,,,,,,,,https://www.jobberman.com.gh/listings/field-sales-representative-xpr7pn-v1,2026-09-12T22:41:25+00:00
c13a1b461b3ef262,jobberman,sales-and-marketing-representative-5dewd0,Sales And Marketing Representative,,,,Ghana,unknown,,,,,,,,,,,,https://www.jobberman.com.gh/listings/sales-and-marketing-representative-5dewd0,2026-09-12T22:41:25+00:00
3b7ecd0516dc37f3,jobberman,project-management-specialist-d78xvm-v1,Project Management Specialist,,,,Ghana,unknown,,,,,,,,,,,,https://www.jobberman.com.gh/listings/project-management-specialist-d78xvm-v1,2026-09-12T22:41:28+00:00
66eca7acb1d44b15,jobberman,director-centre-for-disability-studies-and-advocacy-cedsa-wpvmv4,"Director, Centre For Disability Studies And Advocacy (cedsa)",,,,Ghana,unknown,,,,,,,,,,,,https://www.jobberman.com.gh/listings/director-centre-for-disability-studies-and-advocacy-cedsa-wpvmv4,2026-09-12T22:41:28+00:00
3f5eaf90cf4f4fb0,jobberman,customs-clearance-specialist-5de667,Customs Clearance Specialist,,,,Ghana,unknown,,,,,,,,,,,,https://www.jobberman.com.gh/listings/customs-clearance-specialist-5de667,2026-09-12T22:41:28+00:00
898fbe3adafd3fd7,jobberman,candidate-and-onboarding-specialist-q2jqnw,Candidate And Onboarding Specialist,,,,Ghana,unknown,,,,,,,,,,,,https://www.jobberman.com.gh/listings/candidate-and-onboarding-specialist-q2jqnw,2026-09-12T22:41:28+00:00
5a35064d6280ad91,jobberman,director-of-internal-audit-gwx4r4-v5,Director Of Internal Audit,,,,Ghana,unknown,,,,,,,,,,,,https://www.jobberman.com.gh/listings/director-of-internal-audit-gwx4r4-v5,2026-09-12T22:41:31+00:00
ba566a841e54d9dc,jobberman,sales-and-marketing-executive-hospitality-r89085-v2,Sales And Marketing Executive (hospitality),,,,Ghana,unknown,,,,,,,,,,,,https://www.jobberman.com.gh/listings/sales-and-marketing-executive-hospitality-r89085-v2,2026-09-12T22:41:31+00:00
2944b8c10c5fad2a,jobberman,b2b-sales-manager-r89dgn-v1,B2b Sales Manager,,,,Ghana,unknown,,,,,,,,,,,,https://www.jobberman.com.gh/listings/b2b-sales-manager-r89dgn-v1,2026-09-12T22:41:31+00:00
559570a5e9264f14,jobberman,ilo-score-training-coordinator-at-association-of-ghana-industries-20mv0q-v1,Ilo Score Training Coordinator At Association Of Ghana Industries,,,,Ghana,unknown,,,,,,,,,,,,https://www.jobberman.com.gh/listings/ilo-score-training-coordinator-at-association-of-ghana-industries-20mv0q-v1,2026-09-12T22:41:31+00:00
15c6cb61d1e6131e,jobberman,electrical-hvac-mechanical-technicians-mg2z0m-v1,"Electrical, Hvac, Mechanical Technicians",,,,Ghana,unknown,,,,,,,,,,,,https://www.jobberman.com.gh/listings/electrical-hvac-mechanical-technicians-mg2z0m-v1,2026-09-12T22:41:31+00:00
3e0cd913992b77cc,jobberman,facilities-manager-wpvmd4,Facilities Manager,,,,Ghana,unknown,,,,,,,,,,,,https://www.jobberman.com.gh/listings/facilities-manager-wpvmd4,2026-09-12T22:41:31+00:00
eb6a0420c1ea6136,jobberman,customer-service-advisor-7w2e0x-v1,Customer Service Advisor,,,,Ghana,unknown,,,,,,,,,,,,https://www.jobberman.com.gh/listings/customer-service-advisor-7w2e0x-v1,2026-09-12T22:41:31+00:00
b7eff2655f0206b6,jobberman,dean-school-of-veterinary-medicine-d7vr52,"Dean, School Of Veterinary Medicine",,,,Ghana,unknown,,,,,,,,,,,,https://www.jobberman.com.gh/listings/dean-school-of-veterinary-medicine-d7vr52,2026-09-12T22:41:31+00:00
bd7b3f1ea5d7e097,jobberman,security-supervisor-k8jj78-v3,Security Supervisor,,,,Ghana,unknown,,,,,,,,,,,,https://www.jobberman.com.gh/listings/security-supervisor-k8jj78-v3,2026-09-12T22:41:31+00:00
ff6492ed57cb5eea,jobberman,sales-manager-xp0d7z,Sales Manager,,,,Ghana,unknown,,,,,,,,,,,,https://www.jobberman.com.gh/listings/sales-manager-xp0d7z,2026-09-12T22:41:31+00:00
74ea44a5a893a220,jobberman,project-engineer-q200v6-v1,Project Engineer,,,,Ghana,unknown,,,,,,,,,,,Other Tech,https://www.jobberman.com.gh/listings/project-engineer-q200v6-v1,2026-09-12T22:41:33+00:00
c044057f0d727f56,jobberman,group-general-manager-r899pm-v1,Group General Manager,,,,Ghana,unknown,,,,,,,,,,,,https://www.jobberman.com.gh/listings/group-general-manager-r899pm-v1,2026-09-12T22:41:33+00:00
a41248cf6daec116,jobberman,sr-spl-sourcing-07rmmz-v1,Sr Spl Sourcing,,,,Ghana,unknown,,,,,,,,,,,,https://www.jobberman.com.gh/listings/sr-spl-sourcing-07rmmz-v1,2026-09-12T22:41:33+00:00
a783945a5356198d,jobberman,sales-marketer-jq84me,Sales Marketer,,,,Ghana,unknown,,,,,,,,,,,,https://www.jobberman.com.gh/listings/sales-marketer-jq84me,2026-09-12T22:41:33+00:00
086de833c68ab4ea,jobberman,sales-marketer-k84rmz,Sales Marketer,,,,Ghana,unknown,,,,,,,,,,,,https://www.jobberman.com.gh/listings/sales-marketer-k84rmz,2026-09-12T22:41:33+00:00
e78b2aaf41070fbe,jobberman,student-part-time-job-client-acquisition-assistant-vw7mjv,Student Part-time Job | Client Acquisition Assistant,,,,Ghana,unknown,,,,,,,,,,,,https://www.jobberman.com.gh/listings/student-part-time-job-client-acquisition-assistant-vw7mjv,2026-09-12T22:41:33+00:00
b2edfd4668f2677d,jobberman,shortlets-portfolio-manager-npm5qe,Shortlets Portfolio Manager,,,,Ghana,unknown,,,,,,,,,,,,https://www.jobberman.com.gh/listings/shortlets-portfolio-manager-npm5qe,2026-09-12T22:41:36+00:00
9a8e5e6fb4b8d447,jobberman,telesales-representative-ev0d7x,Telesales Representative,,,,Ghana,unknown,,,,,,,,,,,,https://www.jobberman.com.gh/listings/telesales-representative-ev0d7x,2026-09-12T22:41:36+00:00
052ea9ab4601a95f,jobberman,technician-ii-diesel-mechanic-for-rolling-stock-by-mps-4nzjxe,Technician Ii (diesel Mechanic For Rolling Stock) By Mps,,,,Ghana,unknown,,,,,,,,,,,,https://www.jobberman.com.gh/listings/technician-ii-diesel-mechanic-for-rolling-stock-by-mps-4nzjxe,2026-09-12T22:41:36+00:00
76de24f72f387329,jobberman,commercial-manager-west-africa-q2jq4n-v1,Commercial Manager - West Africa,,,,Ghana,unknown,,,,,,,,,,,,https://www.jobberman.com.gh/listings/commercial-manager-west-africa-q2jq4n-v1,2026-09-12T22:41:36+00:00
bfcc9f5126a983c9,jobberman,aircraft-maintenance-planner-at-africa-world-airlines-limited-awa-6dex76,Aircraft Maintenance Planner At Africa World Airlines Limited (awa),,,,Ghana,unknown,,,,,,,,,,,,https://www.jobberman.com.gh/listings/aircraft-maintenance-planner-at-africa-world-airlines-limited-awa-6dex76,2026-09-12T22:41:36+00:00
7137508002cf273c,jobberman,macroeconomist-and-financial-sector-specialist-at-the-embassy-of-switzerland-mgxmxr,Macroeconomist And Financial Sector Specialist At The Embassy Of Switzerland,,,,Ghana,unknown,,,,,,,,,,,,https://www.jobberman.com.gh/listings/macroeconomist-and-financial-sector-specialist-at-the-embassy-of-switzerland-mgxmxr,2026-09-12T22:41:36+00:00
2fedcc8d9a5ba073,jobberman,sales-marketing-person-r8p2x5,Sales & Marketing Person,,,,Ghana,unknown,,,,,,,,,,,,https://www.jobberman.com.gh/listings/sales-marketing-person-r8p2x5,2026-09-12T22:41:36+00:00
b07210e1b69c2fa3,jobberman,sales-business-development-4nzjgp,Sales Business Development,,,,Ghana,unknown,,,,,,,,,,,,https://www.jobberman.com.gh/listings/sales-business-development-4nzjgp,2026-09-12T22:41:36+00:00
f9adbf7a14a1fd72,jobberman,graduate-trainee-gwn5p0,Graduate Trainee,,,,Ghana,unknown,,,,,,,,,,,,https://www.jobberman.com.gh/listings/graduate-trainee-gwn5p0,2026-09-12T22:41:40+00:00
240c0975decab76b,jobberman,digital-manager-ev0dd9-v1,Digital Manager,,,,Ghana,unknown,,,,,,,,,,,,https://www.jobberman.com.gh/listings/digital-manager-ev0dd9-v1,2026-09-12T22:41:40+00:00
c1bd6e744893f833,jobberman,logistics-coordinator-ghana-6dexx6,Logistics Coordinator - Ghana,,,,Ghana,unknown,,,,,,,,,,,,https://www.jobberman.com.gh/listings/logistics-coordinator-ghana-6dexx6,2026-09-12T22:41:40+00:00
5bee90502a89d22d,jobberman,accountant-at-millionaires-casino-accra-kumasi-tema-vw8rdx-v1,"Accountant At Millionaires Casino (accra, Kumasi, Tema)",,,,Ghana,unknown,,,,,,,,,,,,https://www.jobberman.com.gh/listings/accountant-at-millionaires-casino-accra-kumasi-tema-vw8rdx-v1,2026-09-12T22:41:40+00:00
d0dfff5decb9ca7c,jobberman,board-member-legal-governance-zpn2jx,Board Member – Legal & Governance,,,,Ghana,unknown,,,,,,,,,,,,https://www.jobberman.com.gh/listings/board-member-legal-governance-zpn2jx,2026-09-12T22:41:40+00:00
7fadb34b067b9082,jobberman,senior-assistant-internal-auditor-mg2xg6-v2,Senior Assistant Internal Auditor,,,,Ghana,unknown,,,,,,,,,,,,https://www.jobberman.com.gh/listings/senior-assistant-internal-auditor-mg2xg6-v2,2026-09-12T22:41:40+00:00
89fa34e9eb801525,jobberman,hotel-manager-xpr40w-v1,Hotel Manager,,,,Ghana,unknown,,,,,,,,,,,,https://www.jobberman.com.gh/listings/hotel-manager-xpr40w-v1,2026-09-12T22:41:44+00:00
0c6b5376518d79de,jobberman,airport-manager-accra-ghana-vw7mmx-v1,"Airport Manager - Accra, Ghana",,,,Ghana,unknown,,,,,,,,,,,,https://www.jobberman.com.gh/listings/airport-manager-accra-ghana-vw7mmx-v1,2026-09-12T22:41:44+00:00
56d9f6aa1918fce9,jobberman,communications-specialist-5dewvr,Communications Specialist,,,,Ghana,unknown,,,,,,,,,,,,https://www.jobberman.com.gh/listings/communications-specialist-5dewvr,2026-09-12T22:41:46+00:00
de8cd9b4a578aafe,jobberman,agency-growth-creative-lead-4nzj7z,Agency growth & Creative Lead,,,,Ghana,unknown,,,,,,,,,,,,https://www.jobberman.com.gh/listings/agency-growth-creative-lead-4nzj7z,2026-09-12T22:41:46+00:00
b0d175e61b9aa6d8,jobberman,admissions-counselor-tele-sales-representative-9j74e0,Admissions Counselor/ Tele-Sales Representative,,,,Ghana,unknown,,,,,,,,,,,,https://www.jobberman.com.gh/listings/admissions-counselor-tele-sales-representative-9j74e0,2026-09-12T22:41:46+00:00
f4c5dd65cc35aed7,jobberman,operations-manager-pmzpjm,Operations Manager,,,,Ghana,unknown,,,,,,,,,,,,https://www.jobberman.com.gh/listings/operations-manager-pmzpjm,2026-09-12T22:41:46+00:00
61db4b55a52f2246,jobberman,project-manager-mgxm0d,Project Manager,,,,Ghana,unknown,,,,,,,,,,,,https://www.jobberman.com.gh/listings/project-manager-mgxm0d,2026-09-12T22:41:46+00:00
cfe68b8092c7fad8,jobberman,sales-manager-gwn5w0,Sales Manager,,,,Ghana,unknown,,,,,,,,,,,,https://www.jobberman.com.gh/listings/sales-manager-gwn5w0,2026-09-12T22:41:46+00:00
02f5ad5c0a1671f7,jobberman,programs-manager-xp0dd0,Programs Manager,,,,Ghana,unknown,,,,,,,,,,,,https://www.jobberman.com.gh/listings/programs-manager-xp0dd0,2026-09-12T22:41:46+00:00
04dae48a7ffbf7e5,jobberman,warehouse-manager-846qq7,Warehouse Manager,,,,Ghana,unknown,,,,,,,,,,,,https://www.jobberman.com.gh/listings/warehouse-manager-846qq7,2026-09-12T22:41:46+00:00
ba023a27ec127592,jobberman,project-manager-846qe4,Project Manager,,,,Ghana,unknown,,,,,,,,,,,,https://www.jobberman.com.gh/listings/project-manager-846qe4,2026-09-12T22:41:46+00:00
2ac75f6d6466a348,jobberman,operations-manager-r89dmx,Operations Manager,,,,Ghana,unknown,,,,,,,,,,,,https://www.jobberman.com.gh/listings/operations-manager-r89dmx,2026-09-12T22:41:46+00:00
aac5e986acfc980a,jobberman,hr-manager-workplace-near-kwame-nkrumahcircle-accra-xpr4gm,HR Manager,,,,Ghana,unknown,,,,,,,,,,,,https://www.jobberman.com.gh/listings/hr-manager-workplace-near-kwame-nkrumahcircle-accra-xpr4gm,2026-09-12T22:41:49+00:00
167a90081aa99721,jobberman,restaurant-manager-9j749n,Restaurant Manager,,,,Ghana,unknown,,,,,,,,,,,,https://www.jobberman.com.gh/listings/restaurant-manager-9j749n,2026-09-12T22:41:49+00:00
16edd2526029b1b2,jobberman,hr-and-admin-manager-84e0wj,HR and Admin Manager,,,,Ghana,unknown,,,,,,,,,,,,https://www.jobberman.com.gh/listings/hr-and-admin-manager-84e0wj,2026-09-12T22:41:49+00:00
21d71eddf53d32ee,jobberman,operations-facility-manager-jqkvew,Operations / Facility Manager,,,,Ghana,unknown,,,,,,,,,,,,https://www.jobberman.com.gh/listings/operations-facility-manager-jqkvew,2026-09-12T22:41:49+00:00
094b021c9f9e56b3,jobberman,assistant-planning-manager-4nkem8,Assistant Planning Manager,,,,Ghana,unknown,,,,,,,,,,,,https://www.jobberman.com.gh/listings/assistant-planning-manager-4nkem8,2026-09-12T22:41:49+00:00
ecbdf382165bb18f,jobberman,travel-content-creator-and-social-media-manager-mgxmq9,Travel Content Creator and Social Media Manager,,,,Ghana,unknown,,,,,,,,,,,,https://www.jobberman.com.gh/listings/travel-content-creator-and-social-media-manager-mgxmq9,2026-09-12T22:41:52+00:00
bac0116c6464cbdb,jobberman,business-development-manager-vw7m5p,Business Development Manager- HR Consultancy Services,,,,Ghana,unknown,,,,,,,,,,,,https://www.jobberman.com.gh/listings/business-development-manager-vw7m5p,2026-09-12T22:41:52+00:00
cca49712067668fd,jobberman,corporate-qaqc-manager-corporate-quality-function-ev0dxx,Corporate QA/QC Manager (Corporate Quality Function),,,,Ghana,unknown,,,,,,,,,,,,https://www.jobberman.com.gh/listings/corporate-qaqc-manager-corporate-quality-function-ev0dxx,2026-09-12T22:41:52+00:00
94fda815a412c4e6,jobberman,supply-chain-logistics-manager-r89d08,Supply Chain & Logistics Manager (Retail Industry Experience),,,,Ghana,unknown,,,,,,,,,,,,https://www.jobberman.com.gh/listings/supply-chain-logistics-manager-r89d08,2026-09-12T22:41:52+00:00
482a66368b9e855b,jobberman,portfolio-manager-zpmg99,Investment Analyst,,,,Ghana,unknown,,,,,,,,,,,,https://www.jobberman.com.gh/listings/portfolio-manager-zpmg99,2026-09-12T22:41:52+00:00
1bdb891e6b59a436,jobberman,commercial-executive-b2b-sales-np6rgm,Commercial Executive (B2B Sales),,,,Ghana,unknown,,,,,,,,,,,,https://www.jobberman.com.gh/listings/commercial-executive-b2b-sales-np6rgm,2026-09-12T22:41:52+00:00
9408c45eac65a516,jobberman,lettings-supervisor-xpr450,Property Rental / Reservations Supervisor,,,,Ghana,unknown,,,,,,,,,,,,https://www.jobberman.com.gh/listings/lettings-supervisor-xpr450,2026-09-12T22:41:52+00:00
bd5028bdd54e3c27,jobberman,sale-executive-np6r4k,Sale Executive,,,,Ghana,unknown,,,,,,,,,,,,https://www.jobberman.com.gh/listings/sale-executive-np6r4k,2026-09-12T22:41:52+00:00
8f065067b654307a,jobberman,head-of-internal-audit-7w2n9z,Head of Internal Audit,,,,Ghana,unknown,,,,,,,,,,,,https://www.jobberman.com.gh/listings/head-of-internal-audit-7w2n9z,2026-09-12T22:41:52+00:00
b56ed41e7732113f,jobberman,administrative-and-sales-assistant-7we8v5,Administrative and Sales Assistant,,,,Ghana,unknown,,,,,,,,,,,,https://www.jobberman.com.gh/listings/administrative-and-sales-assistant-7we8v5,2026-09-12T22:41:55+00:00
c21f8db49960b893,jobberman,senior-business-development-7wev68,Senior Business Development,,,,Ghana,unknown,,,,,,,,,,,,https://www.jobberman.com.gh/listings/senior-business-development-7wev68,2026-09-12T22:41:55+00:00
1647a5a85de6a0fc,jobberman,ac-technician-k84m7v,AC Technician,,,,Ghana,unknown,,,,,,,,,,,,https://www.jobberman.com.gh/listings/ac-technician-k84m7v,2026-09-12T22:41:55+00:00
8f80216edb9d1c27,jobberman,production-quality-control-associate-07rm0d,Production & Quality Control Associate,,,,Ghana,unknown,,,,,,,,,,,,https://www.jobberman.com.gh/listings/production-quality-control-associate-07rm0d,2026-09-12T22:41:55+00:00
20d92d3721388bec,jobberman,production-manager-07epxw,Production Manager,,,,Ghana,unknown,,,,,,,,,,,,https://www.jobberman.com.gh/listings/production-manager-07epxw,2026-09-12T22:41:55+00:00
97330a691186549d,jobberman,shop-manager-vw7m0p,Shop Manager,,,,Ghana,unknown,,,,,,,,,,,,https://www.jobberman.com.gh/listings/shop-manager-vw7m0p,2026-09-12T22:41:59+00:00
c974f5ed8cda5db9,jobberman,operations-manager-npm50v,Operations Manager,,,,Ghana,unknown,,,,,,,,,,,,https://www.jobberman.com.gh/listings/operations-manager-npm50v,2026-09-12T22:41:59+00:00
7520a7c67fa24369,jobberman,shop-manager-q2jqzz,Shop Manager,,,,Ghana,unknown,,,,,,,,,,,,https://www.jobberman.com.gh/listings/shop-manager-q2jqzz,2026-09-12T22:41:59+00:00
93999a3d950d8b89,jobberman,hotel-manager-xp0d2q,Hotel Manager,,,,Ghana,unknown,,,,,,,,,,,,https://www.jobberman.com.gh/listings/hotel-manager-xp0d2q,2026-09-12T22:41:59+00:00
2fba6cf01cd46549,jobberman,spa-manager-mgxmmz,Spa Manager,,,,Ghana,unknown,,,,,,,,,,,,https://www.jobberman.com.gh/listings/spa-manager-mgxmmz,2026-09-12T22:41:59+00:00
f21730491def7bfc,jobberman,sales-manager-mg288z,Sales Manager,,,,Ghana,unknown,,,,,,,,,,,,https://www.jobberman.com.gh/listings/sales-manager-mg288z,2026-09-12T22:41:59+00:00
dd54154e89bc1f80,jobberman,sales-manager-84evvn,ASSISTANT SHOP MANAGER,,,,Ghana,unknown,,,,,,,,,,,,https://www.jobberman.com.gh/listings/sales-manager-84evvn,2026-09-12T22:41:59+00:00
8f44edc982975da2,jobberman,construction-engineermanager-d7vr40,Construction Engineer/Manager,,,,Ghana,unknown,,,,,,,,,,,Other Tech,https://www.jobberman.com.gh/listings/construction-engineermanager-d7vr40,2026-09-12T22:41:59+00:00
4fb0176094bda1c2,jobberman,managerproduction-supervisor-zpn2dn,Manager/Production Supervisor,,,,Ghana,unknown,,,,,,,,,,,,https://www.jobberman.com.gh/listings/managerproduction-supervisor-zpn2dn,2026-09-12T22:41:59+00:00
54cc3e29e8bb5c31,jobberman,sales-marketing-manager-q2jq7z,Sales & Marketing Manager,,,,Ghana,unknown,,,,,,,,,,,,https://www.jobberman.com.gh/listings/sales-marketing-manager-q2jq7z,2026-09-12T22:41:59+00:00
626db1e3e3a10801,jobberman,store-production-manager-jqkv0w,Store & Production Manager,,,,Ghana,unknown,,,,,,,,,,,,https://www.jobberman.com.gh/listings/store-production-manager-jqkv0w,2026-09-12T22:41:59+00:00
0eef0d7867a0569b,jobberman,poultry-farm-manager-zpmgek,Poultry Farm Manager,,,,Ghana,unknown,,,,,,,,,,,,https://www.jobberman.com.gh/listings/poultry-farm-manager-zpmgek,2026-09-12T22:41:59+00:00
a41e05e083579221,jobberman,finance-manager-part-time-5dewne,Finance Manager (Part time),,,,Ghana,unknown,,,,,,,,,,,,https://www.jobberman.com.gh/listings/finance-manager-part-time-5dewne,2026-09-12T22:41:59+00:00
3a1c77da850f9ea0,jobberman,school-administrator-operations-manager-r8p26g,School Administrator & Operations Manager,,,,Ghana,unknown,,,,,,,,,,,,https://www.jobberman.com.gh/listings/school-administrator-operations-manager-r8p26g,2026-09-12T22:41:59+00:00
bda744176edf8959,jobberman,clinical-trial-project-manager-k84m8v,Clinical Trial Project Manager,,,,Ghana,unknown,,,,,,,,,,,,https://www.jobberman.com.gh/listings/clinical-trial-project-manager-k84m8v,2026-09-12T22:42:02+00:00
f900c1ba482ae59f,jobberman,fb-supervisor-restaurant-manager-846qkz,F&B Supervisor / Restaurant Manager,,,,Ghana,unknown,,,,,,,,,,,,https://www.jobberman.com.gh/listings/fb-supervisor-restaurant-manager-846qkz,2026-09-12T22:42:02+00:00
d6d7a48c70dafcf6,jobberman,head-teacher-principal-mgxmjm,Head Teacher / Principal,,,,Ghana,unknown,,,,,,,,,,,,https://www.jobberman.com.gh/listings/head-teacher-principal-mgxmjm,2026-09-12T22:42:02+00:00
6d806f7af7eee357,jobberman,chinese-translator-interpreter-9j74m7,Chinese Translator / Interpreter,,,,Ghana,unknown,,,,,,,,,,,Other Tech,https://www.jobberman.com.gh/listings/chinese-translator-interpreter-9j74m7,2026-09-12T22:42:02+00:00
9d3a29ff916c65d0,jobberman,wellness-assistant-pmvkj2,Wellness Assistant,,,,Ghana,unknown,,,,,,,,,,,,https://www.jobberman.com.gh/listings/wellness-assistant-pmvkj2,2026-09-12T22:42:02+00:00
e32cb26fbc691311,jobberman,landscape-designer-k84mq5,Landscape Designer,,,,Ghana,unknown,,,,,,,,,,,,https://www.jobberman.com.gh/listings/landscape-designer-k84mq5,2026-09-12T22:42:02+00:00
b2fbd44dfe4e6fde,jobberman,chef-mgxmpd,Chef,,,,Ghana,unknown,,,,,,,,,,,,https://www.jobberman.com.gh/listings/chef-mgxmpd,2026-09-12T22:42:02+00:00
42710bb9271230b7,jobberman,shop-keeper-d78xgm,Shop Keeper,,,,Ghana,unknown,,,,,,,,,,,,https://www.jobberman.com.gh/listings/shop-keeper-d78xgm,2026-09-12T22:42:05+00:00
71092d279a2ec596,jobberman,business-development-consultant-d78xkr,Business Development Consultant,,,,Ghana,unknown,,,,,,,,,,,,https://www.jobberman.com.gh/listings/business-development-consultant-d78xkr,2026-09-12T22:42:05+00:00
a0fc09cb028ca9ee,jobberman,warehouse-inventory-assistant-k84mnn,Warehouse & Inventory Assistant,,,,Ghana,unknown,,,,,,,,,,,,https://www.jobberman.com.gh/listings/warehouse-inventory-assistant-k84mnn,2026-09-12T22:42:05+00:00
22ef7daa8c828a67,jobberman,customer-service-lead-k84rrz,Customer Service Lead,,,,Ghana,unknown,,,,,,,,,,,,https://www.jobberman.com.gh/listings/customer-service-lead-k84rrz,2026-09-12T22:42:05+00:00
13fe71fe91b93fa4,jobberman,account-executive-07rmne,Account Executive,,,,Ghana,unknown,,,,,,,,,,,,https://www.jobberman.com.gh/listings/account-executive-07rmne,2026-09-12T22:42:05+00:00
620fefdb493b6945,jobberman,internal-auditor-wp4q55,Internal Auditor,,,,Ghana,unknown,,,,,,,,,,,,https://www.jobberman.com.gh/listings/internal-auditor-wp4q55,2026-09-12T22:42:05+00:00
3a0d0b96d8124a02,jobberman,chef-caterer-np6r9w,Chef / Caterer,,,,Ghana,unknown,,,,,,,,,,,,https://www.jobberman.com.gh/listings/chef-caterer-np6r9w,2026-09-12T22:42:05+00:00
05267337c4339e6e,jobberman,ict-teacher-q2j4q6,ICT Teacher,,,,Ghana,unknown,,,,,,,,,,,Other Tech,https://www.jobberman.com.gh/listings/ict-teacher-q2j4q6,2026-09-12T22:42:05+00:00
c6c085716c6696c7,jobberman,front-of-house-foh-supervisor-gwn590,Front of House (FOH) Supervisor,,,,Ghana,unknown,,,,,,,,,,,,https://www.jobberman.com.gh/listings/front-of-house-foh-supervisor-gwn590,2026-09-12T22:42:08+00:00
ed39fad676bf4dca,jobberman,deputy-registrar-accra-campus-npm5wv,Deputy Registrar (accra Campus),,,,Ghana,unknown,,,,,,,,,,,,https://www.jobberman.com.gh/listings/deputy-registrar-accra-campus-npm5wv,2026-09-12T22:42:08+00:00
36e59412e5bdfeea,jobberman,store-manager-zpnv4v,Store Manager,,,,Ghana,unknown,,,,,,,,,,,,https://www.jobberman.com.gh/listings/store-manager-zpnv4v,2026-09-12T22:42:08+00:00
f4b2f96b4182e324,jobberman,recruitment-manager-zpmndk-v1,Recruitment Manager,,,,Ghana,unknown,,,,,,,,,,,,https://www.jobberman.com.gh/listings/recruitment-manager-zpmndk-v1,2026-09-12T22:42:10+00:00
e02ceebd2a7c0b35,jobberman,salon-manager-r89pmn-v1,Salon Manager,,,,Ghana,unknown,,,,,,,,,,,,https://www.jobberman.com.gh/listings/salon-manager-r89pmn-v1,2026-09-12T22:42:10+00:00
b505b1dfa5266ddd,jobberman,brand-manager-6dpp26-v1,Brand Manager,,,,Ghana,unknown,,,,,,,,,,,,https://www.jobberman.com.gh/listings/brand-manager-6dpp26-v1,2026-09-12T22:42:10+00:00
64e37eeafc0c3ec2,jobberman,brand-manager-846660-v1,Brand Manager,,,,Ghana,unknown,,,,,,,,,,,,https://www.jobberman.com.gh/listings/brand-manager-846660-v1,2026-09-12T22:42:10+00:00
f1f12849f68496e6,jobberman,general-manager-4nkxdz-v1,General Manager,,,,Ghana,unknown,,,,,,,,,,,,https://www.jobberman.com.gh/listings/general-manager-4nkxdz-v1,2026-09-12T22:42:10+00:00
287bbfd7ace74bd6,jobberman,procurement-manager-07rm28-v1,Procurement Manager,,,,Ghana,unknown,,,,,,,,,,,,https://www.jobberman.com.gh/listings/procurement-manager-07rm28-v1,2026-09-12T22:42:10+00:00
35ec866f9effe1d8,jobberman,farm-manager-20mp5d-v1,Farm Manager,,,,Ghana,unknown,,,,,,,,,,,,https://www.jobberman.com.gh/listings/farm-manager-20mp5d-v1,2026-09-12T22:42:14+00:00
c827d1d3d3089d7d,jobberman,regional-sales-manager-vw7mx5,Regional Sales Manager,,,,Ghana,unknown,,,,,,,,,,,,https://www.jobberman.com.gh/listings/regional-sales-manager-vw7mx5,2026-09-12T22:42:14+00:00
fb6d94c6148ae24e,jobberman,regional-sales-manager-07ep5x,Regional Sales Manager,,,,Ghana,unknown,,,,,,,,,,,,https://www.jobberman.com.gh/listings/regional-sales-manager-07ep5x,2026-09-12T22:42:14+00:00
20b158246f8dd709,jobberman,social-media-manager-4nzjpz,Social Media Manager,,,,Ghana,unknown,,,,,,,,,,,,https://www.jobberman.com.gh/listings/social-media-manager-4nzjpz,2026-09-12T22:42:14+00:00
433099f1a16ef9f3,jobberman,health-safety-manager-07ep8g,Health & Safety Manager,,,,Ghana,unknown,,,,,,,,,,,,https://www.jobberman.com.gh/listings/health-safety-manager-07ep8g,2026-09-12T22:42:14+00:00
55a9511ea8dcff5b,jobberman,sales-manager-ghana-r8p2nj,Sales Manager - Ghana,,,,Ghana,unknown,,,,,,,,,,,,https://www.jobberman.com.gh/listings/sales-manager-ghana-r8p2nj,2026-09-12T22:42:14+00:00
d381ca731afb8a33,jobberman,sales-manager-ghana-d7vr0g,Sales Manager - Ghana,,,,Ghana,unknown,,,,,,,,,,,,https://www.jobberman.com.gh/listings/sales-manager-ghana-d7vr0g,2026-09-12T22:42:14+00:00
db921d6caa40bb8d,jobberman,social-media-manager-d78vxg-v1,Social Media Manager,,,,Ghana,unknown,,,,,,,,,,,,https://www.jobberman.com.gh/listings/social-media-manager-d78vxg-v1,2026-09-12T22:42:17+00:00
b7a02f45823d9f2b,jobberman,underground-technical-manager-np6mek-v1,Underground Technical Manager,,,,Ghana,unknown,,,,,,,,,,,Other Tech,https://www.jobberman.com.gh/listings/underground-technical-manager-np6mek-v1,2026-09-12T22:42:17+00:00
06f7180a57ed74f6,jobberman,underground-mine-manager-pmvz9w-v1,Underground Mine Manager,,,,Ghana,unknown,,,,,,,,,,,,https://www.jobberman.com.gh/listings/underground-mine-manager-pmvz9w-v1,2026-09-12T22:42:17+00:00
d04806eeb555049c,jobberman,manager-marketing-pharma-7wev8g-v1,Manager - Marketing (pharma),,,,Ghana,unknown,,,,,,,,,,,,https://www.jobberman.com.gh/listings/manager-marketing-pharma-7wev8g-v1,2026-09-12T22:42:17+00:00
b877cef2bf29fbe5,jobberman,forensic-auditing-manager-4nkej4-v1,Forensic Auditing Manager,,,,Ghana,unknown,,,,,,,,,,,,https://www.jobberman.com.gh/listings/forensic-auditing-manager-4nkej4-v1,2026-09-12T22:42:17+00:00
a6f9fc02dd86851c,jobberman,food-and-beverage-manager-07epgz-v1,Food And Beverage Manager,,,,Ghana,unknown,,,,,,,,,,,,https://www.jobberman.com.gh/listings/food-and-beverage-manager-07epgz-v1,2026-09-12T22:42:17+00:00
8b8137aa25d2aef2,jobberman,social-media-manager-pmvx70-v2,Social Media Manager,,,,Ghana,unknown,,,,,,,,,,,,https://www.jobberman.com.gh/listings/social-media-manager-pmvx70-v2,2026-09-12T22:42:17+00:00
c0073c82e846e2aa,jobberman,community-growth-manager-07rmem-v1,Community & Growth Manager,,,,Ghana,unknown,,,,,,,,,,,,https://www.jobberman.com.gh/listings/community-growth-manager-07rmem-v1,2026-09-12T22:42:17+00:00
2e828537fba1b5a8,jobberman,sales-and-marketing-manager-pmvkkw-v1,Sales And Marketing Manager,,,,Ghana,unknown,,,,,,,,,,,,https://www.jobberman.com.gh/listings/sales-and-marketing-manager-pmvkkw-v1,2026-09-12T22:42:17+00:00
83f416cffcb4192a,jobberman,finance-and-accounting-manager-zpmgw8-v1,Finance And Accounting Manager,,,,Ghana,unknown,,,,,,,,,,,,https://www.jobberman.com.gh/listings/finance-and-accounting-manager-zpmgw8-v1,2026-09-12T22:42:21+00:00
448f2e5776380481,jobberman,general-manager-mining-vw87rx,General Manager – Mining,,,,Ghana,unknown,,,,,,,,,,,,https://www.jobberman.com.gh/listings/general-manager-mining-vw87rx,2026-09-12T22:42:21+00:00
ed7bdf87379fa66f,jobberman,mine-manager-underground-20mevq,Mine Manager – Underground,,,,Ghana,unknown,,,,,,,,,,,,https://www.jobberman.com.gh/listings/mine-manager-underground-20mevq,2026-09-12T22:42:21+00:00
4115434523baa897,jobberman,manager-at-falis-hot-pot-vw8rwx-v1,Manager At Falis Hot Pot,,,,Ghana,unknown,,,,,,,,,,,,https://www.jobberman.com.gh/listings/manager-at-falis-hot-pot-vw8rwx-v1,2026-09-12T22:42:21+00:00
5463a8fd129fbf71,jobberman,account-manager-at-mitsumi-distribution-07epe6,Account Manager At Mitsumi Distribution,,,,Ghana,unknown,,,,,,,,,,,,https://www.jobberman.com.gh/listings/account-manager-at-mitsumi-distribution-07epe6,2026-09-12T22:42:21+00:00
6189e05fc2ebf3d1,jobberman,assistant-account-finance-manager-d7vrj8,Assistant Account & Finance Manager,,,,Ghana,unknown,,,,,,,,,,,,https://www.jobberman.com.gh/listings/assistant-account-finance-manager-d7vrj8,2026-09-12T22:42:21+00:00
e8249231cd026cf0,jobberman,project-manager-fruit-processing-20m4qk-v1,Project Manager – Fruit Processing,,,,Ghana,unknown,,,,,,,,,,,,https://www.jobberman.com.gh/listings/project-manager-fruit-processing-20m4qk-v1,2026-09-12T22:42:21+00:00
457dd7f3e5df9d10,jobberman,general-manager-lead-aesthetician-zpmn9r-v1,General Manager & Lead Aesthetician,,,,Ghana,unknown,,,,,,,,,,,,https://www.jobberman.com.gh/listings/general-manager-lead-aesthetician-zpmn9r-v1,2026-09-12T22:42:24+00:00
565f2432887753da,jobberman,global-rewards-project-manager-20mmge-v2,Global Rewards Project Manager,,,,Ghana,unknown,,,,,,,,,,,,https://www.jobberman.com.gh/listings/global-rewards-project-manager-20mmge-v2,2026-09-12T22:42:24+00:00
e500125acdbcfcb9,jobberman,mep-processing-maintenance-manager-gwxvrr-v1,Mep & Processing Maintenance Manager,,,,Ghana,unknown,,,,,,,,,,,,https://www.jobberman.com.gh/listings/mep-processing-maintenance-manager-gwxvrr-v1,2026-09-12T22:42:24+00:00
074286e814376100,jobberman,fitness-manager-local-hire-4nzjdv,Fitness Manager (local Hire),,,,Ghana,unknown,,,,,,,,,,,,https://www.jobberman.com.gh/listings/fitness-manager-local-hire-4nzjdv,2026-09-12T22:42:24+00:00
f5b8b7b41a6c0b9a,jobberman,territory-sales-manager-mj002141-d78x7r-v1,Territory Sales Manager (mj002141),,,,Ghana,unknown,,,,,,,,,,,,https://www.jobberman.com.gh/listings/territory-sales-manager-mj002141-d78x7r-v1,2026-09-12T22:42:24+00:00
c8373946aee10cf9,jobberman,social-media-manager-intern-d7vrw7-v1,Social Media Manager Intern,,,,Ghana,unknown,,,,,,,,,,,,https://www.jobberman.com.gh/listings/social-media-manager-intern-d7vrw7-v1,2026-09-12T22:42:24+00:00
34ff4dfb3c4bd457,jobberman,director-facilities-management-southern-sector-xp0d4j,"Director, Facilities Management (southern Sector)",,,,Ghana,unknown,,,,,,,,,,,,https://www.jobberman.com.gh/listings/director-facilities-management-southern-sector-xp0d4j,2026-09-12T22:42:24+00:00
a1d2004cd281fd6e,jobberman,transport-and-logistic-manager-at-select-global-9je07v,Transport And Logistic Manager At Select Global,,,,Ghana,unknown,,,,,,,,,,,,https://www.jobberman.com.gh/listings/transport-and-logistic-manager-at-select-global-9je07v,2026-09-12T22:42:24+00:00
3b5abefefbfc0566,jobberman,directorsenior-manager-food-agribusiness-07reqg-v1,Director/senior Manager - Food & Agribusiness,,,,Ghana,unknown,,,,,,,,,,,,https://www.jobberman.com.gh/listings/directorsenior-manager-food-agribusiness-07reqg-v1,2026-09-12T22:42:24+00:00
4d1117e54774302c,jobberman,sales-manager-ghana-mf-ev40qz-v1,Sales Manager Ghana (m/f),,,,Ghana,unknown,,,,,,,,,,,,https://www.jobberman.com.gh/listings/sales-manager-ghana-mf-ev40qz-v1,2026-09-12T22:42:24+00:00
8d6051e11abf4344,jobberman,duty-manager-hotel-concept-apartments-846qrr-v1,Duty Manager (hotel Concept Apartments),,,,Ghana,unknown,,,,,,,,,,,,https://www.jobberman.com.gh/listings/duty-manager-hotel-concept-apartments-846qrr-v1,2026-09-12T22:42:27+00:00
b35082c35ee2b65d,jobberman,quality-assurance-manager-at-polytank-ghana-ltd-vw7m7v,Quality Assurance Manager At Polytank Ghana Ltd,,,,Ghana,unknown,,,,,,,,,,,QA & Testing,https://www.jobberman.com.gh/listings/quality-assurance-manager-at-polytank-ghana-ltd-vw7m7v,2026-09-12T22:42:27+00:00
16e4a32c88d18aa5,jobberman,duty-manager-hospitality-hotel-concept-apartments-20mmne-v1,Duty Manager (hospitality - Hotel Concept Apartments),,,,Ghana,unknown,,,,,,,,,,,,https://www.jobberman.com.gh/listings/duty-manager-hospitality-hotel-concept-apartments-20mmne-v1,2026-09-12T22:42:27+00:00
c4269bb4990d4428,jobberman,relationship-managers-at-guaranty-trust-bank-gh-limited-vw7mnw,Relationship Managers At Guaranty Trust Bank (gh) Limited,,,,Ghana,unknown,,,,,,,,,,,,https://www.jobberman.com.gh/listings/relationship-managers-at-guaranty-trust-bank-gh-limited-vw7mnw,2026-09-12T22:42:27+00:00
a8b1fc665fba66c3,jobberman,key-account-manager-tv-jumia-full-time-q2jqve,Key Account Manager (tv) - Jumia (full Time),,,,Ghana,unknown,,,,,,,,,,,,https://www.jobberman.com.gh/listings/key-account-manager-tv-jumia-full-time-q2jqve,2026-09-12T22:42:27+00:00
feca946764648fdb,jobberman,zonal-sales-manager-at-avnash-industries-ghana-limited-pmvkwx-v1,Zonal Sales Manager At Avnash Industries Ghana Limited,,,,Ghana,unknown,,,,,,,,,,,,https://www.jobberman.com.gh/listings/zonal-sales-manager-at-avnash-industries-ghana-limited-pmvkwx-v1,2026-09-12T22:42:27+00:00
d72cda40699062d6,jobberman,tertiary-sales-manager-at-avnash-industries-ghana-limited-pmvkn2-v1,Tertiary Sales Manager At Avnash Industries Ghana Limited,,,,Ghana,unknown,,,,,,,,,,,,https://www.jobberman.com.gh/listings/tertiary-sales-manager-at-avnash-industries-ghana-limited-pmvkn2-v1,2026-09-12T22:42:27+00:00
ab433f6bc0e83cc0,jobberman,sales-manager-vivago-ghana-market-mf-7wevwn,Sales Manager – Vivago Ghana Market (m/f),,,,Ghana,unknown,,,,,,,,,,,,https://www.jobberman.com.gh/listings/sales-manager-vivago-ghana-market-mf-7wevwn,2026-09-12T22:42:27+00:00
33f4292e44376f3c,jobberman,regional-manager-eastern-region-kent-essex-norfolk-suffolk-vw74pw,"Regional Manager - Eastern Region (kent, Essex, Norfolk & Suffolk)",,,,Ghana,unknown,,,,,,,,,,,,https://www.jobberman.com.gh/listings/regional-manager-eastern-region-kent-essex-norfolk-suffolk-vw74pw,2026-09-12T22:42:27+00:00
88870f6712b04c7d,jobberman,general-manager-at-paraclete-executive-lodge-aflao-volta-region-gwxrg2-v1,"General Manager At Paraclete Executive Lodge (aflao, Volta Region)",,,,Ghana,unknown,,,,,,,,,,,,https://www.jobberman.com.gh/listings/general-manager-at-paraclete-executive-lodge-aflao-volta-region-gwxrg2-v1,2026-09-12T22:42:27+00:00
a088509b127dad1f,jobberman,sales-manager-bulk-sales-at-avnash-industries-ghana-limited-pmvzkr-v2,Sales Manager (bulk Sales) At Avnash Industries Ghana Limited,,,,Ghana,unknown,,,,,,,,,,,,https://www.jobberman.com.gh/listings/sales-manager-bulk-sales-at-avnash-industries-ghana-limited-pmvzkr-v2,2026-09-12T22:42:31+00:00
d3e4bc21eb601a5e,jobberman,emba-marketing-manager-at-china-europe-international-business-school-ceibs-r89wr9-v1,Emba Marketing Manager At China Europe International Business School (ceibs),,,,Ghana,unknown,,,,,,,,,,,,https://www.jobberman.com.gh/listings/emba-marketing-manager-at-china-europe-international-business-school-ceibs-r89wr9-v1,2026-09-12T22:42:31+00:00
3d9174ef15bdcd50,jobberman,irrigation-engineer-4nkk6e-v1,Irrigation Engineer,,,,Ghana,unknown,,,,,,,,,,,Other Tech,https://www.jobberman.com.gh/listings/irrigation-engineer-4nkk6e-v1,2026-09-12T22:42:31+00:00
cc06cd3563a00a97,jobberman,warehouse-supervisor-pmvznp-v1,Warehouse Supervisor,,,,Ghana,unknown,,,,,,,,,,,,https://www.jobberman.com.gh/listings/warehouse-supervisor-pmvznp-v1,2026-09-12T22:42:31+00:00
9f816c00f40ca92c,jobberman,quality-control-and-assembling-technician-vw8n2x,Quality Control and Assembling Technician,,,,Ghana,unknown,,,,,,,,,,,,https://www.jobberman.com.gh/listings/quality-control-and-assembling-technician-vw8n2x,2026-09-12T22:42:34+00:00
3f419acd5be0acd7,jobberman,mobile-phone-repair-technician-5dj7z2,Mobile Phone Repair Technician,,,,Ghana,unknown,,,,,,,,,,,,https://www.jobberman.com.gh/listings/mobile-phone-repair-technician-5dj7z2,2026-09-12T22:42:34+00:00
ae67f09e972b2186,jobberman,mechanical-technician-r8p2d4,Mechanical Technician,,,,Ghana,unknown,,,,,,,,,,,,https://www.jobberman.com.gh/listings/mechanical-technician-r8p2d4,2026-09-12T22:42:34+00:00
b6dec106e4237486,jobberman,mortuary-technician-r89pq8-v1,Mortuary Technician,,,,Ghana,unknown,,,,,,,,,,,,https://www.jobberman.com.gh/listings/mortuary-technician-r89pq8-v1,2026-09-12T22:42:34+00:00
9b795700abf292de,jobberman,maintenance-technician-7w2k98-v1,Maintenance Technician,,,,Ghana,unknown,,,,,,,,,,,,https://www.jobberman.com.gh/listings/maintenance-technician-7w2k98-v1,2026-09-12T22:42:34+00:00
b6785928dd1e0ff3,jobberman,renal-technician-20m4ve-v1,Renal Technician,,,,Ghana,unknown,,,,,,,,,,,,https://www.jobberman.com.gh/listings/renal-technician-20m4ve-v1,2026-09-12T22:42:34+00:00
79cb4e4849023263,jobberman,electrical-technician-underground-vw87m8-v3,Electrical Technician – Underground,,,,Ghana,unknown,,,,,,,,,,,,https://www.jobberman.com.gh/listings/electrical-technician-underground-vw87m8-v3,2026-09-12T22:42:34+00:00
c1a2718ae99a9dd3,jobberman,cic-technician-underground-gwxnq4-v1,Cic Technician – Underground,,,,Ghana,unknown,,,,,,,,,,,,https://www.jobberman.com.gh/listings/cic-technician-underground-gwxnq4-v1,2026-09-12T22:42:34+00:00
c58bbea1d13051c2,jobberman,cic-technician-process-plant-6dpe7j-v3,Cic Technician – Process Plant,,,,Ghana,unknown,,,,,,,,,,,,https://www.jobberman.com.gh/listings/cic-technician-process-plant-6dpe7j-v3,2026-09-12T22:42:34+00:00
839c93b44a5cd35c,jobberman,lab-technician-accra-tema-9j7p47-v1,Lab Technician-accra/ Tema,,,,Ghana,unknown,,,,,,,,,,,,https://www.jobberman.com.gh/listings/lab-technician-accra-tema-9j7p47-v1,2026-09-12T22:42:36+00:00
dc905155e05fae49,jobberman,mechanical-technician-surface-mine-infrastructure-jqk88d-v1,Mechanical Technician – Surface Mine Infrastructure,,,,Ghana,unknown,,,,,,,,,,,,https://www.jobberman.com.gh/listings/mechanical-technician-surface-mine-infrastructure-jqk88d-v1,2026-09-12T22:42:36+00:00
d06842a99bddfc7d,jobberman,hwf-forklift-maintenance-technician-mj002062-d785n8-v1,Hwf (forklift Maintenance Technician) (mj002062),,,,Ghana,unknown,,,,,,,,,,,,https://www.jobberman.com.gh/listings/hwf-forklift-maintenance-technician-mj002062-d785n8-v1,2026-09-12T22:42:36+00:00
39e218f82fc211bb,jobberman,electrical-technicians-at-bxc-company-ghana-ltd-gwn5v9,Electrical Technicians At Bxc Company (ghana) Ltd,,,,Ghana,unknown,,,,,,,,,,,,https://www.jobberman.com.gh/listings/electrical-technicians-at-bxc-company-ghana-ltd-gwn5v9,2026-09-12T22:42:36+00:00
dcc601dfe96705d2,jobberman,it-technician-at-golden-bean-hotels-limited-kumasi-ev0d42,It Technician At Golden Bean Hotels Limited (kumasi),,,,Ghana,unknown,,,,,,,,,,,Other Tech,https://www.jobberman.com.gh/listings/it-technician-at-golden-bean-hotels-limited-kumasi-ev0d42,2026-09-12T22:42:36+00:00
dc82fdb79bcbb1d0,jobberman,electrical-technician-mv-surface-mine-infrastructure-vw82jw-v1,Electrical Technician (mv) – Surface Mine Infrastructure,,,,Ghana,unknown,,,,,,,,,,,,https://www.jobberman.com.gh/listings/electrical-technician-mv-surface-mine-infrastructure-vw82jw-v1,2026-09-12T22:42:36+00:00
18a9ce9473376a99,jobberman,pharmacy-technician-at-sanford-world-clinics-greater-accra-and-central-region-5dew77,Pharmacy Technician At Sanford World Clinics (greater Accra And Central Region),,,,Ghana,unknown,,,,,,,,,,,,https://www.jobberman.com.gh/listings/pharmacy-technician-at-sanford-world-clinics-greater-accra-and-central-region-5dew77,2026-09-12T22:42:36+00:00
65450ad366757e52,jobberman,caterpillar-electricians-5djnke-v1,Caterpillar Electricians,,,,Ghana,unknown,,,,,,,,,,,Other Tech,https://www.jobberman.com.gh/listings/caterpillar-electricians-5djnke-v1,2026-09-12T22:42:39+00:00
95271c264ed03d28,jobberman,medical-representative-at-tablets-india-limited-accra-and-kumasi-k84m9z,Medical Representative At Tablets India Limited (accra And Kumasi),,,,Ghana,unknown,,,,,,,,,,,,https://www.jobberman.com.gh/listings/medical-representative-at-tablets-india-limited-accra-and-kumasi-k84m9z,2026-09-12T22:42:39+00:00
06d3fce19d2e1541,jobberman,mechanical-technician-at-twifo-oil-palm-plantations-limited-central-region-q20ndn-v1,Mechanical Technician At Twifo Oil Palm Plantations Limited (central Region),,,,Ghana,unknown,,,,,,,,,,,,https://www.jobberman.com.gh/listings/mechanical-technician-at-twifo-oil-palm-plantations-limited-central-region-q20ndn-v1,2026-09-12T22:42:39+00:00
9c100cf1d694071c,jobberman,pharmacy-technologist-at-sanford-world-clinics-adenta-and-mankessim-k84m48,Pharmacy Technologist At Sanford World Clinics (adenta And Mankessim),,,,Ghana,unknown,,,,,,,,,,,,https://www.jobberman.com.gh/listings/pharmacy-technologist-at-sanford-world-clinics-adenta-and-mankessim-k84m48,2026-09-12T22:42:39+00:00
cc68e1cd29eb4206,jobberman,fleet-maintenance-supervisor-9je0r8,Fleet Maintenance Supervisor,,,,Ghana,unknown,,,,,,,,,,,,https://www.jobberman.com.gh/listings/fleet-maintenance-supervisor-9je0r8,2026-09-12T22:42:39+00:00
835c75fbff69ff80,jobberman,heavy-duty-mechanic-team-leader-20mppq-v1,Heavy Duty Mechanic Team Leader,,,,Ghana,unknown,,,,,,,,,,,,https://www.jobberman.com.gh/listings/heavy-duty-mechanic-team-leader-20mppq-v1,2026-09-12T22:42:39+00:00
02333f48779c7e0b,jobberman,electrical-instrumentation-supervisor-process-plant-r89gx4-v1,Electrical & Instrumentation Supervisor – Process Plant,,,,Ghana,unknown,,,,,,,,,,,,https://www.jobberman.com.gh/listings/electrical-instrumentation-supervisor-process-plant-r89gx4-v1,2026-09-12T22:42:43+00:00
0c15db0844b4cb90,jobberman,materials-handling-supervisor-pmzpq4,Materials Handling Supervisor,,,,Ghana,unknown,,,,,,,,,,,,https://www.jobberman.com.gh/listings/materials-handling-supervisor-pmzpq4,2026-09-12T22:42:43+00:00
2e825248d53e839f,jobberman,security-guard-6dppd7-v2,Security Guard,,,,Ghana,unknown,,,,,,,,,,,,https://www.jobberman.com.gh/listings/security-guard-6dppd7-v2,2026-09-12T22:42:53+00:00
90324bfed15ae04f,jobberman,mechanical-engineer-07rm5e,Mechanical Engineer,,,,Ghana,unknown,,,,,,,,,,,Other Tech,https://www.jobberman.com.gh/listings/mechanical-engineer-07rm5e,2026-09-12T22:43:02+00:00
d7409a1f0c56d8f2,jobberman,site-engineer-trunk-road-upgrade-d78x2j,Site Engineer - Trunk Road Upgrade,,,,Ghana,unknown,,,,,,,,,,,Other Tech,https://www.jobberman.com.gh/listings/site-engineer-trunk-road-upgrade-d78x2j,2026-09-12T22:43:02+00:00
7d58926afe781573,jobberman,quantitative-researcher-microstructure-np6r8z-v1,Quantitative Researcher — Microstructure,,,,Ghana,unknown,,,,,,,,,,,,https://www.jobberman.com.gh/listings/quantitative-researcher-microstructure-np6r8z-v1,2026-09-12T22:43:05+00:00
4f8fb83c2f6e69f3,jobberman,robotics-ai-educator-20mpkp-v1,Robotics & Ai Educator,,,,Ghana,unknown,,,,,,,,,,,Data & AI,https://www.jobberman.com.gh/listings/robotics-ai-educator-20mpkp-v1,2026-09-12T22:43:11+00:00
83339e1aec7a572c,jobberman,react-native-expo-developer-interns-k84mvn,React Native / Expo Developer Interns,,,,Ghana,unknown,,,,,,,,,,,Software Development,https://www.jobberman.com.gh/listings/react-native-expo-developer-interns-k84mvn,2026-09-12T22:43:21+00:00
d39b35569b1a9f26,jobberman,react-native-expo-developer-interns-84e0x9,React Native / Expo Developer Interns,,,,Ghana,unknown,,,,,,,,,,,Software Development,https://www.jobberman.com.gh/listings/react-native-expo-developer-interns-84e0x9,2026-09-12T22:43:21+00:00
6fb428e26aaa8d2f,jobberman,dean-faculty-of-engineering-at-ghana-technology-university-college-d78mw4-v1,"Dean, Faculty Of Engineering At Ghana Technology University College",,,,Ghana,unknown,,,,,,,,,,,Other Tech,https://www.jobberman.com.gh/listings/dean-faculty-of-engineering-at-ghana-technology-university-college-d78mw4-v1,2026-09-12T22:43:33+00:00
