[2026-08-25 02:00:48] 
[2026-08-25 02:00:48] ======================================================================
[2026-08-25 02:00:48] JOBPULSE OVERNIGHT HISTORICAL COLLECTION
[2026-08-25 02:00:48] ======================================================================
[2026-08-25 02:00:48] Loaded existing historical records: 57
[2026-08-25 02:00:48] Already processed URLs: 0
[2026-08-25 02:00:48] Existing dataset URLs: 330
[2026-08-25 02:00:48] Existing historical records: 57
[2026-08-25 02:00:48] 
[2026-08-25 02:00:48] SOURCE: https://www.myjobmag.co.ke/jobs-by-field/information-technology
[2026-08-25 02:00:48] [PAGE 1] https://www.myjobmag.co.ke/jobs-by-field/information-technology
[2026-08-25 02:00:52]   Links: 29 | New: 29 | Total: 29
[2026-08-25 02:00:52] [PAGE 2] https://www.myjobmag.co.ke/jobs-by-field/information-technology/2
[2026-08-25 02:00:55]   Links: 26 | New: 21 | Total: 50
[2026-08-25 02:00:55] [PAGE 3] https://www.myjobmag.co.ke/jobs-by-field/information-technology/3
[2026-08-25 02:00:58]   Links: 26 | New: 22 | Total: 72
[2026-08-25 02:00:58] [PAGE 4] https://www.myjobmag.co.ke/jobs-by-field/information-technology/4
[2026-08-25 02:01:01]   Links: 26 | New: 19 | Total: 91
[2026-08-25 02:01:01] [PAGE 5] https://www.myjobmag.co.ke/jobs-by-field/information-technology/5
[2026-08-25 02:01:04]   Links: 26 | New: 18 | Total: 109
[2026-08-25 02:01:04] [PAGE 6] https://www.myjobmag.co.ke/jobs-by-field/information-technology/6
[2026-08-25 02:01:08]   Links: 26 | New: 17 | Total: 126
[2026-08-25 02:01:08] [PAGE 7] https://www.myjobmag.co.ke/jobs-by-field/information-technology/7
[2026-08-25 02:01:11]   Links: 26 | New: 18 | Total: 144
[2026-08-25 02:01:11] [PAGE 8] https://www.myjobmag.co.ke/jobs-by-field/information-technology/8
[2026-08-25 02:01:14]   Links: 26 | New: 19 | Total: 163
[2026-08-25 02:01:14] [PAGE 9] https://www.myjobmag.co.ke/jobs-by-field/information-technology/9
[2026-08-25 02:01:19]   Links: 26 | New: 20 | Total: 183
[2026-08-25 02:01:19] [PAGE 10] https://www.myjobmag.co.ke/jobs-by-field/information-technology/10
[2026-08-25 02:01:22]   Links: 26 | New: 16 | Total: 199
[2026-08-25 02:01:22] [PAGE 11] https://www.myjobmag.co.ke/jobs-by-field/information-technology/11
[2026-08-25 02:01:27]   Links: 26 | New: 18 | Total: 217
[2026-08-25 02:01:27] [PAGE 12] https://www.myjobmag.co.ke/jobs-by-field/information-technology/12
[2026-08-25 02:01:30]   Links: 26 | New: 18 | Total: 235
[2026-08-25 02:01:30] [PAGE 13] https://www.myjobmag.co.ke/jobs-by-field/information-technology/13
[2026-08-25 02:01:34]   Links: 26 | New: 18 | Total: 253
[2026-08-25 02:01:34] [PAGE 14] https://www.myjobmag.co.ke/jobs-by-field/information-technology/14
[2026-08-25 02:01:37]   Links: 26 | New: 18 | Total: 271
[2026-08-25 02:01:37] [PAGE 15] https://www.myjobmag.co.ke/jobs-by-field/information-technology/15
[2026-08-25 02:01:40]   Links: 26 | New: 18 | Total: 289
[2026-08-25 02:01:40] [PAGE 16] https://www.myjobmag.co.ke/jobs-by-field/information-technology/16
[2026-08-25 02:01:44]   Links: 26 | New: 18 | Total: 307
[2026-08-25 02:01:44] [PAGE 17] https://www.myjobmag.co.ke/jobs-by-field/information-technology/17
[2026-08-25 02:01:47]   Links: 26 | New: 18 | Total: 325
[2026-08-25 02:01:47] [PAGE 18] https://www.myjobmag.co.ke/jobs-by-field/information-technology/18
[2026-08-25 02:01:50]   Links: 26 | New: 18 | Total: 343
[2026-08-25 02:01:50] [PAGE 19] https://www.myjobmag.co.ke/jobs-by-field/information-technology/19
[2026-08-25 02:01:57]   Links: 26 | New: 18 | Total: 361
[2026-08-25 02:01:57] [PAGE 20] https://www.myjobmag.co.ke/jobs-by-field/information-technology/20
[2026-08-25 02:02:01]   Links: 26 | New: 18 | Total: 379
[2026-08-25 02:02:01] [PAGE 21] https://www.myjobmag.co.ke/jobs-by-field/information-technology/21
[2026-08-25 02:02:04]   Links: 26 | New: 18 | Total: 397
[2026-08-25 02:02:04] [PAGE 22] https://www.myjobmag.co.ke/jobs-by-field/information-technology/22
[2026-08-25 02:02:11]   Links: 26 | New: 18 | Total: 415
[2026-08-25 02:02:11] [PAGE 23] https://www.myjobmag.co.ke/jobs-by-field/information-technology/23
[2026-08-25 02:02:14]   Links: 26 | New: 18 | Total: 433
[2026-08-25 02:02:14] [PAGE 24] https://www.myjobmag.co.ke/jobs-by-field/information-technology/24
[2026-08-25 02:02:17]   Links: 26 | New: 18 | Total: 451
[2026-08-25 02:02:17] [PAGE 25] https://www.myjobmag.co.ke/jobs-by-field/information-technology/25
[2026-08-25 02:02:23]   Links: 26 | New: 18 | Total: 469
[2026-08-25 02:02:23] [PAGE 26] https://www.myjobmag.co.ke/jobs-by-field/information-technology/26
[2026-08-25 02:02:26]   Links: 26 | New: 18 | Total: 487
[2026-08-25 02:02:26] [PAGE 27] https://www.myjobmag.co.ke/jobs-by-field/information-technology/27
[2026-08-25 02:02:31]   Links: 26 | New: 18 | Total: 505
[2026-08-25 02:02:31] [PAGE 28] https://www.myjobmag.co.ke/jobs-by-field/information-technology/28
[2026-08-25 02:02:34]   Links: 26 | New: 18 | Total: 523
[2026-08-25 02:02:34] [PAGE 29] https://www.myjobmag.co.ke/jobs-by-field/information-technology/29
[2026-08-25 02:02:37]   Links: 26 | New: 18 | Total: 541
[2026-08-25 02:02:37] [PAGE 30] https://www.myjobmag.co.ke/jobs-by-field/information-technology/30
[2026-08-25 02:02:41]   Links: 26 | New: 18 | Total: 559
[2026-08-25 02:02:41] [PAGE 31] https://www.myjobmag.co.ke/jobs-by-field/information-technology/31
[2026-08-25 02:02:44]   Links: 26 | New: 18 | Total: 577
[2026-08-25 02:02:44] [PAGE 32] https://www.myjobmag.co.ke/jobs-by-field/information-technology/32
[2026-08-25 02:02:47]   Links: 26 | New: 18 | Total: 595
[2026-08-25 02:02:47] [PAGE 33] https://www.myjobmag.co.ke/jobs-by-field/information-technology/33
[2026-08-25 02:02:51]   Links: 26 | New: 18 | Total: 613
[2026-08-25 02:02:51] [PAGE 34] https://www.myjobmag.co.ke/jobs-by-field/information-technology/34
[2026-08-25 02:02:58]   Links: 26 | New: 18 | Total: 631
[2026-08-25 02:02:58] [PAGE 35] https://www.myjobmag.co.ke/jobs-by-field/information-technology/35
[2026-08-25 02:03:01]   Links: 26 | New: 18 | Total: 649
[2026-08-25 02:03:01] [PAGE 36] https://www.myjobmag.co.ke/jobs-by-field/information-technology/36
[2026-08-25 02:03:04]   Links: 26 | New: 18 | Total: 667
[2026-08-25 02:03:04] [PAGE 37] https://www.myjobmag.co.ke/jobs-by-field/information-technology/37
[2026-08-25 02:03:07]   Links: 26 | New: 18 | Total: 685
[2026-08-25 02:03:07] [PAGE 38] https://www.myjobmag.co.ke/jobs-by-field/information-technology/38
[2026-08-25 02:03:11]   Links: 26 | New: 18 | Total: 703
[2026-08-25 02:03:11] [PAGE 39] https://www.myjobmag.co.ke/jobs-by-field/information-technology/39
[2026-08-25 02:03:17]   Links: 26 | New: 18 | Total: 721
[2026-08-25 02:03:17] [PAGE 40] https://www.myjobmag.co.ke/jobs-by-field/information-technology/40
[2026-08-25 02:03:20]   Links: 26 | New: 18 | Total: 739
[2026-08-25 02:03:20] [PAGE 41] https://www.myjobmag.co.ke/jobs-by-field/information-technology/41
[2026-08-25 02:03:23]   Links: 26 | New: 18 | Total: 757
[2026-08-25 02:03:23] [PAGE 42] https://www.myjobmag.co.ke/jobs-by-field/information-technology/42
[2026-08-25 02:03:27]   Links: 26 | New: 18 | Total: 775
[2026-08-25 02:03:27] [PAGE 43] https://www.myjobmag.co.ke/jobs-by-field/information-technology/43
[2026-08-25 02:03:30]   Links: 26 | New: 18 | Total: 793
[2026-08-25 02:03:30] [PAGE 44] https://www.myjobmag.co.ke/jobs-by-field/information-technology/44
[2026-08-25 02:03:35]   Links: 26 | New: 18 | Total: 811
[2026-08-25 02:03:35] [PAGE 45] https://www.myjobmag.co.ke/jobs-by-field/information-technology/45
[2026-08-25 02:03:38]   Links: 26 | New: 18 | Total: 829
[2026-08-25 02:03:38] [PAGE 46] https://www.myjobmag.co.ke/jobs-by-field/information-technology/46
[2026-08-25 02:03:41]   Links: 26 | New: 18 | Total: 847
[2026-08-25 02:03:41] [PAGE 47] https://www.myjobmag.co.ke/jobs-by-field/information-technology/47
[2026-08-25 02:03:44]   Links: 26 | New: 18 | Total: 865
[2026-08-25 02:03:44] [PAGE 48] https://www.myjobmag.co.ke/jobs-by-field/information-technology/48
[2026-08-25 02:03:47]   Links: 26 | New: 18 | Total: 883
[2026-08-25 02:03:47] [PAGE 49] https://www.myjobmag.co.ke/jobs-by-field/information-technology/49
[2026-08-25 02:03:51]   Links: 26 | New: 18 | Total: 901
[2026-08-25 02:03:51] [PAGE 50] https://www.myjobmag.co.ke/jobs-by-field/information-technology/50
[2026-08-25 02:03:54]   Links: 26 | New: 18 | Total: 919
[2026-08-25 02:03:54] [PAGE 51] https://www.myjobmag.co.ke/jobs-by-field/information-technology/51
[2026-08-25 02:03:57]   Links: 26 | New: 18 | Total: 937
[2026-08-25 02:03:57] [PAGE 52] https://www.myjobmag.co.ke/jobs-by-field/information-technology/52
[2026-08-25 02:04:01]   Links: 26 | New: 18 | Total: 955
[2026-08-25 02:04:01] [PAGE 53] https://www.myjobmag.co.ke/jobs-by-field/information-technology/53
[2026-08-25 02:04:04]   Links: 26 | New: 18 | Total: 973
[2026-08-25 02:04:04] [PAGE 54] https://www.myjobmag.co.ke/jobs-by-field/information-technology/54
[2026-08-25 02:04:07]   Links: 26 | New: 18 | Total: 991
[2026-08-25 02:04:07] [PAGE 55] https://www.myjobmag.co.ke/jobs-by-field/information-technology/55
[2026-08-25 02:04:12]   Links: 26 | New: 18 | Total: 1009
[2026-08-25 02:04:12] [PAGE 56] https://www.myjobmag.co.ke/jobs-by-field/information-technology/56
[2026-08-25 02:04:15]   Links: 26 | New: 18 | Total: 1027
[2026-08-25 02:04:15] [PAGE 57] https://www.myjobmag.co.ke/jobs-by-field/information-technology/57
[2026-08-25 02:04:21]   Links: 26 | New: 18 | Total: 1045
[2026-08-25 02:04:21] [PAGE 58] https://www.myjobmag.co.ke/jobs-by-field/information-technology/58
[2026-08-25 02:04:24]   Links: 26 | New: 18 | Total: 1063
[2026-08-25 02:04:24] [PAGE 59] https://www.myjobmag.co.ke/jobs-by-field/information-technology/59
[2026-08-25 02:04:28]   Links: 26 | New: 18 | Total: 1081
[2026-08-25 02:04:28] [PAGE 60] https://www.myjobmag.co.ke/jobs-by-field/information-technology/60
[2026-08-25 02:04:32]   Links: 26 | New: 18 | Total: 1099
[2026-08-25 02:04:32] [PAGE 61] https://www.myjobmag.co.ke/jobs-by-field/information-technology/61
[2026-08-25 02:04:35]   Links: 26 | New: 18 | Total: 1117
[2026-08-25 02:04:35] [PAGE 62] https://www.myjobmag.co.ke/jobs-by-field/information-technology/62
[2026-08-25 02:04:39]   Links: 26 | New: 18 | Total: 1135
[2026-08-25 02:04:39] [PAGE 63] https://www.myjobmag.co.ke/jobs-by-field/information-technology/63
[2026-08-25 02:04:43]   Links: 26 | New: 18 | Total: 1153
[2026-08-25 02:04:43] [PAGE 64] https://www.myjobmag.co.ke/jobs-by-field/information-technology/64
[2026-08-25 02:04:46]   Links: 26 | New: 18 | Total: 1171
[2026-08-25 02:04:46] [PAGE 65] https://www.myjobmag.co.ke/jobs-by-field/information-technology/65
[2026-08-25 02:04:49]   Links: 26 | New: 18 | Total: 1189
[2026-08-25 02:04:49] [PAGE 66] https://www.myjobmag.co.ke/jobs-by-field/information-technology/66
[2026-08-25 02:04:52]   Links: 26 | New: 18 | Total: 1207
[2026-08-25 02:04:52] [PAGE 67] https://www.myjobmag.co.ke/jobs-by-field/information-technology/67
[2026-08-25 02:04:56]   Links: 26 | New: 18 | Total: 1225
[2026-08-25 02:04:56] [PAGE 68] https://www.myjobmag.co.ke/jobs-by-field/information-technology/68
[2026-08-25 02:04:59]   Links: 26 | New: 18 | Total: 1243
[2026-08-25 02:04:59] [PAGE 69] https://www.myjobmag.co.ke/jobs-by-field/information-technology/69
[2026-08-25 02:05:03]   Links: 26 | New: 18 | Total: 1261
[2026-08-25 02:05:03] [PAGE 70] https://www.myjobmag.co.ke/jobs-by-field/information-technology/70
[2026-08-25 02:05:06]   Links: 26 | New: 18 | Total: 1279
[2026-08-25 02:05:06] [PAGE 71] https://www.myjobmag.co.ke/jobs-by-field/information-technology/71
[2026-08-25 02:05:09]   Links: 18 | New: 18 | Total: 1297
[2026-08-25 02:05:09] [PAGE 72] https://www.myjobmag.co.ke/jobs-by-field/information-technology/72
[2026-08-25 02:05:13]   Links: 18 | New: 18 | Total: 1315
[2026-08-25 02:05:13] [PAGE 73] https://www.myjobmag.co.ke/jobs-by-field/information-technology/73
[2026-08-25 02:05:16]   Links: 18 | New: 18 | Total: 1333
[2026-08-25 02:05:16] [PAGE 74] https://www.myjobmag.co.ke/jobs-by-field/information-technology/74
[2026-08-25 02:05:19]   Links: 26 | New: 23 | Total: 1356
[2026-08-25 02:05:19] [PAGE 75] https://www.myjobmag.co.ke/jobs-by-field/information-technology/75
[2026-08-25 02:05:23]   Links: 26 | New: 20 | Total: 1376
[2026-08-25 02:05:23] [PAGE 76] https://www.myjobmag.co.ke/jobs-by-field/information-technology/76
[2026-08-25 02:05:26]   Links: 26 | New: 21 | Total: 1397
[2026-08-25 02:05:26] [PAGE 77] https://www.myjobmag.co.ke/jobs-by-field/information-technology/77
[2026-08-25 02:05:29]   Links: 26 | New: 21 | Total: 1418
[2026-08-25 02:05:29] [PAGE 78] https://www.myjobmag.co.ke/jobs-by-field/information-technology/78
[2026-08-25 02:05:32]   Links: 26 | New: 18 | Total: 1436
[2026-08-25 02:05:32] [PAGE 79] https://www.myjobmag.co.ke/jobs-by-field/information-technology/79
[2026-08-25 02:05:36]   Links: 26 | New: 18 | Total: 1454
[2026-08-25 02:05:36] [PAGE 80] https://www.myjobmag.co.ke/jobs-by-field/information-technology/80
[2026-08-25 02:05:39]   Links: 26 | New: 19 | Total: 1473
[2026-08-25 02:05:39] [PAGE 81] https://www.myjobmag.co.ke/jobs-by-field/information-technology/81
[2026-08-25 02:05:43]   Links: 26 | New: 18 | Total: 1491
[2026-08-25 02:05:43] [PAGE 82] https://www.myjobmag.co.ke/jobs-by-field/information-technology/82
[2026-08-25 02:05:47]   Links: 26 | New: 18 | Total: 1509
[2026-08-25 02:05:47] [PAGE 83] https://www.myjobmag.co.ke/jobs-by-field/information-technology/83
[2026-08-25 02:05:51]   Links: 26 | New: 18 | Total: 1527
[2026-08-25 02:05:51] [PAGE 84] https://www.myjobmag.co.ke/jobs-by-field/information-technology/84
[2026-08-25 02:05:55]   Links: 26 | New: 18 | Total: 1545
[2026-08-25 02:05:55] [PAGE 85] https://www.myjobmag.co.ke/jobs-by-field/information-technology/85
[2026-08-25 02:05:59]   Links: 26 | New: 18 | Total: 1563
[2026-08-25 02:05:59] [PAGE 86] https://www.myjobmag.co.ke/jobs-by-field/information-technology/86
[2026-08-25 02:06:02]   Links: 26 | New: 18 | Total: 1581
[2026-08-25 02:06:02] [PAGE 87] https://www.myjobmag.co.ke/jobs-by-field/information-technology/87
[2026-08-25 02:06:08]   Links: 26 | New: 18 | Total: 1599
[2026-08-25 02:06:08] [PAGE 88] https://www.myjobmag.co.ke/jobs-by-field/information-technology/88
[2026-08-25 02:06:12]   Links: 26 | New: 18 | Total: 1617
[2026-08-25 02:06:12] [PAGE 89] https://www.myjobmag.co.ke/jobs-by-field/information-technology/89
[2026-08-25 02:06:15]   Links: 26 | New: 18 | Total: 1635
[2026-08-25 02:06:15] [PAGE 90] https://www.myjobmag.co.ke/jobs-by-field/information-technology/90
[2026-08-25 02:06:18]   Links: 26 | New: 18 | Total: 1653
[2026-08-25 02:06:18] [PAGE 91] https://www.myjobmag.co.ke/jobs-by-field/information-technology/91
[2026-08-25 02:06:23]   Links: 26 | New: 18 | Total: 1671
[2026-08-25 02:06:23] [PAGE 92] https://www.myjobmag.co.ke/jobs-by-field/information-technology/92
[2026-08-25 02:06:26]   Links: 26 | New: 18 | Total: 1689
[2026-08-25 02:06:26] [PAGE 93] https://www.myjobmag.co.ke/jobs-by-field/information-technology/93
[2026-08-25 02:06:30]   Links: 26 | New: 18 | Total: 1707
[2026-08-25 02:06:30] [PAGE 94] https://www.myjobmag.co.ke/jobs-by-field/information-technology/94
[2026-08-25 02:06:33]   Links: 26 | New: 18 | Total: 1725
[2026-08-25 02:06:33] [PAGE 95] https://www.myjobmag.co.ke/jobs-by-field/information-technology/95
[2026-08-25 02:06:36]   Links: 26 | New: 18 | Total: 1743
[2026-08-25 02:06:36] [PAGE 96] https://www.myjobmag.co.ke/jobs-by-field/information-technology/96
[2026-08-25 02:06:42]   Links: 26 | New: 18 | Total: 1761
[2026-08-25 02:06:42] [PAGE 97] https://www.myjobmag.co.ke/jobs-by-field/information-technology/97
[2026-08-25 02:06:45]   Links: 26 | New: 18 | Total: 1779
[2026-08-25 02:06:45] [PAGE 98] https://www.myjobmag.co.ke/jobs-by-field/information-technology/98
[2026-08-25 02:06:49]   Links: 26 | New: 18 | Total: 1797
[2026-08-25 02:06:49] [PAGE 99] https://www.myjobmag.co.ke/jobs-by-field/information-technology/99
[2026-08-25 02:06:52]   Links: 26 | New: 18 | Total: 1815
[2026-08-25 02:06:52] [PAGE 100] https://www.myjobmag.co.ke/jobs-by-field/information-technology/100
[2026-08-25 02:07:08]   Links: 26 | New: 18 | Total: 1833
[2026-08-25 02:07:08] 
[2026-08-25 02:07:08] SOURCE: https://www.myjobmag.co.ke/jobs-by-field/research-data-analysis
[2026-08-25 02:07:08] [PAGE 1] https://www.myjobmag.co.ke/jobs-by-field/research-data-analysis
[2026-08-25 02:07:13]   Links: 26 | New: 0 | Total: 1833
[2026-08-25 02:07:13] [PAGE 2] https://www.myjobmag.co.ke/jobs-by-field/research-data-analysis/2
[2026-08-25 02:07:15]   Links: 26 | New: 0 | Total: 1833
[2026-08-25 02:07:15] [PAGE 3] https://www.myjobmag.co.ke/jobs-by-field/research-data-analysis/3
[2026-08-25 02:07:19]   Links: 26 | New: 0 | Total: 1833
[2026-08-25 02:07:19] [PAGE 4] https://www.myjobmag.co.ke/jobs-by-field/research-data-analysis/4
[2026-08-25 02:07:26]   Links: 26 | New: 0 | Total: 1833
[2026-08-25 02:07:26] [PAGE 5] https://www.myjobmag.co.ke/jobs-by-field/research-data-analysis/5
[2026-08-25 02:07:30]   Links: 26 | New: 0 | Total: 1833
[2026-08-25 02:07:30] [PAGE 6] https://www.myjobmag.co.ke/jobs-by-field/research-data-analysis/6
[2026-08-25 02:07:33]   Links: 26 | New: 0 | Total: 1833
[2026-08-25 02:07:33] [PAGE 7] https://www.myjobmag.co.ke/jobs-by-field/research-data-analysis/7
[2026-08-25 02:07:36]   Links: 26 | New: 0 | Total: 1833
[2026-08-25 02:07:36] [PAGE 8] https://www.myjobmag.co.ke/jobs-by-field/research-data-analysis/8
[2026-08-25 02:07:39]   Links: 26 | New: 1 | Total: 1834
[2026-08-25 02:07:39] [PAGE 9] https://www.myjobmag.co.ke/jobs-by-field/research-data-analysis/9
[2026-08-25 02:07:43]   Links: 26 | New: 0 | Total: 1834
[2026-08-25 02:07:43] [PAGE 10] https://www.myjobmag.co.ke/jobs-by-field/research-data-analysis/10
[2026-08-25 02:07:45]   Links: 26 | New: 0 | Total: 1834
[2026-08-25 02:07:45] [PAGE 11] https://www.myjobmag.co.ke/jobs-by-field/research-data-analysis/11
[2026-08-25 02:07:50]   Links: 26 | New: 0 | Total: 1834
[2026-08-25 02:07:50] [PAGE 12] https://www.myjobmag.co.ke/jobs-by-field/research-data-analysis/12
[2026-08-25 02:07:53]   Links: 26 | New: 0 | Total: 1834
[2026-08-25 02:07:53] [PAGE 13] https://www.myjobmag.co.ke/jobs-by-field/research-data-analysis/13
[2026-08-25 02:07:56]   Links: 26 | New: 0 | Total: 1834
[2026-08-25 02:07:56] [PAGE 14] https://www.myjobmag.co.ke/jobs-by-field/research-data-analysis/14
[2026-08-25 02:08:03]   Links: 26 | New: 0 | Total: 1834
[2026-08-25 02:08:03] [PAGE 15] https://www.myjobmag.co.ke/jobs-by-field/research-data-analysis/15
[2026-08-25 02:08:06]   Links: 26 | New: 0 | Total: 1834
[2026-08-25 02:08:06] [PAGE 16] https://www.myjobmag.co.ke/jobs-by-field/research-data-analysis/16
[2026-08-25 02:08:09]   Links: 26 | New: 0 | Total: 1834
[2026-08-25 02:08:09] [PAGE 17] https://www.myjobmag.co.ke/jobs-by-field/research-data-analysis/17
[2026-08-25 02:08:12]   Links: 26 | New: 0 | Total: 1834
[2026-08-25 02:08:12] [PAGE 18] https://www.myjobmag.co.ke/jobs-by-field/research-data-analysis/18
[2026-08-25 02:08:15]   Links: 26 | New: 1 | Total: 1835
[2026-08-25 02:08:15] [PAGE 19] https://www.myjobmag.co.ke/jobs-by-field/research-data-analysis/19
[2026-08-25 02:08:18]   Links: 26 | New: 0 | Total: 1835
[2026-08-25 02:08:18] [PAGE 20] https://www.myjobmag.co.ke/jobs-by-field/research-data-analysis/20
[2026-08-25 02:08:24]   Links: 26 | New: 1 | Total: 1836
[2026-08-25 02:08:24] [PAGE 21] https://www.myjobmag.co.ke/jobs-by-field/research-data-analysis/21
[2026-08-25 02:08:27]   Links: 26 | New: 0 | Total: 1836
[2026-08-25 02:08:27] [PAGE 22] https://www.myjobmag.co.ke/jobs-by-field/research-data-analysis/22
[2026-08-25 02:08:32]   Links: 26 | New: 0 | Total: 1836
[2026-08-25 02:08:32] [PAGE 23] https://www.myjobmag.co.ke/jobs-by-field/research-data-analysis/23
[2026-08-25 02:08:35]   Links: 26 | New: 0 | Total: 1836
[2026-08-25 02:08:35] [PAGE 24] https://www.myjobmag.co.ke/jobs-by-field/research-data-analysis/24
[2026-08-25 02:08:38]   Links: 26 | New: 0 | Total: 1836
[2026-08-25 02:08:38] [PAGE 25] https://www.myjobmag.co.ke/jobs-by-field/research-data-analysis/25
[2026-08-25 02:08:41]   Links: 26 | New: 0 | Total: 1836
[2026-08-25 02:08:41] [PAGE 26] https://www.myjobmag.co.ke/jobs-by-field/research-data-analysis/26
[2026-08-25 02:08:44]   Links: 26 | New: 0 | Total: 1836
[2026-08-25 02:08:44] [PAGE 27] https://www.myjobmag.co.ke/jobs-by-field/research-data-analysis/27
[2026-08-25 02:08:47]   Links: 26 | New: 1 | Total: 1837
[2026-08-25 02:08:47] [PAGE 28] https://www.myjobmag.co.ke/jobs-by-field/research-data-analysis/28
[2026-08-25 02:08:50]   Links: 26 | New: 0 | Total: 1837
[2026-08-25 02:08:50] [PAGE 29] https://www.myjobmag.co.ke/jobs-by-field/research-data-analysis/29
[2026-08-25 02:08:55]   Links: 26 | New: 2 | Total: 1839
[2026-08-25 02:08:55] [PAGE 30] https://www.myjobmag.co.ke/jobs-by-field/research-data-analysis/30
[2026-08-25 02:08:58]   Links: 26 | New: 1 | Total: 1840
[2026-08-25 02:08:58] [PAGE 31] https://www.myjobmag.co.ke/jobs-by-field/research-data-analysis/31
[2026-08-25 02:09:02]   Links: 26 | New: 2 | Total: 1842
[2026-08-25 02:09:02] [PAGE 32] https://www.myjobmag.co.ke/jobs-by-field/research-data-analysis/32
[2026-08-25 02:09:05]   Links: 26 | New: 1 | Total: 1843
[2026-08-25 02:09:05] [PAGE 33] https://www.myjobmag.co.ke/jobs-by-field/research-data-analysis/33
[2026-08-25 02:09:08]   Links: 26 | New: 0 | Total: 1843
[2026-08-25 02:09:08] [PAGE 34] https://www.myjobmag.co.ke/jobs-by-field/research-data-analysis/34
[2026-08-25 02:09:11]   Links: 26 | New: 13 | Total: 1856
[2026-08-25 02:09:11] [PAGE 35] https://www.myjobmag.co.ke/jobs-by-field/research-data-analysis/35
[2026-08-25 02:09:14]   Links: 26 | New: 18 | Total: 1874
[2026-08-25 02:09:14] [PAGE 36] https://www.myjobmag.co.ke/jobs-by-field/research-data-analysis/36
[2026-08-25 02:09:17]   Links: 26 | New: 18 | Total: 1892
[2026-08-25 02:09:17] [PAGE 37] https://www.myjobmag.co.ke/jobs-by-field/research-data-analysis/37
[2026-08-25 02:09:20]   Links: 26 | New: 18 | Total: 1910
[2026-08-25 02:09:20] [PAGE 38] https://www.myjobmag.co.ke/jobs-by-field/research-data-analysis/38
[2026-08-25 02:09:23]   Links: 26 | New: 18 | Total: 1928
[2026-08-25 02:09:23] [PAGE 39] https://www.myjobmag.co.ke/jobs-by-field/research-data-analysis/39
[2026-08-25 02:09:26]   Links: 26 | New: 18 | Total: 1946
[2026-08-25 02:09:26] [PAGE 40] https://www.myjobmag.co.ke/jobs-by-field/research-data-analysis/40
[2026-08-25 02:09:29]   Links: 26 | New: 18 | Total: 1964
[2026-08-25 02:09:29] [PAGE 41] https://www.myjobmag.co.ke/jobs-by-field/research-data-analysis/41
[2026-08-25 02:09:32]   Links: 26 | New: 18 | Total: 1982
[2026-08-25 02:09:32] [PAGE 42] https://www.myjobmag.co.ke/jobs-by-field/research-data-analysis/42
[2026-08-25 02:09:35]   Links: 26 | New: 18 | Total: 2000
[2026-08-25 02:09:35] [PAGE 43] https://www.myjobmag.co.ke/jobs-by-field/research-data-analysis/43
[2026-08-25 02:09:50]   Links: 26 | New: 18 | Total: 2018
[2026-08-25 02:09:50] [PAGE 44] https://www.myjobmag.co.ke/jobs-by-field/research-data-analysis/44
[2026-08-25 02:09:53]   Links: 26 | New: 18 | Total: 2036
[2026-08-25 02:09:53] [PAGE 45] https://www.myjobmag.co.ke/jobs-by-field/research-data-analysis/45
[2026-08-25 02:09:56]   Links: 26 | New: 18 | Total: 2054
[2026-08-25 02:09:56] [PAGE 46] https://www.myjobmag.co.ke/jobs-by-field/research-data-analysis/46
[2026-08-25 02:09:59]   Links: 26 | New: 18 | Total: 2072
[2026-08-25 02:09:59] [PAGE 47] https://www.myjobmag.co.ke/jobs-by-field/research-data-analysis/47
[2026-08-25 02:10:02]   Links: 26 | New: 18 | Total: 2090
[2026-08-25 02:10:02] [PAGE 48] https://www.myjobmag.co.ke/jobs-by-field/research-data-analysis/48
[2026-08-25 02:10:05]   Links: 26 | New: 18 | Total: 2108
[2026-08-25 02:10:05] [PAGE 49] https://www.myjobmag.co.ke/jobs-by-field/research-data-analysis/49
[2026-08-25 02:10:08]   Links: 26 | New: 18 | Total: 2126
[2026-08-25 02:10:08] [PAGE 50] https://www.myjobmag.co.ke/jobs-by-field/research-data-analysis/50
[2026-08-25 02:10:11]   Links: 18 | New: 18 | Total: 2144
[2026-08-25 02:10:11] [PAGE 51] https://www.myjobmag.co.ke/jobs-by-field/research-data-analysis/51
[2026-08-25 02:10:14]   Links: 18 | New: 18 | Total: 2162
[2026-08-25 02:10:14] [PAGE 52] https://www.myjobmag.co.ke/jobs-by-field/research-data-analysis/52
[2026-08-25 02:10:17]   Links: 18 | New: 18 | Total: 2180
[2026-08-25 02:10:17] [PAGE 53] https://www.myjobmag.co.ke/jobs-by-field/research-data-analysis/53
[2026-08-25 02:10:22]   Links: 18 | New: 18 | Total: 2198
[2026-08-25 02:10:22] [PAGE 54] https://www.myjobmag.co.ke/jobs-by-field/research-data-analysis/54
[2026-08-25 02:10:25]   Links: 26 | New: 21 | Total: 2219
[2026-08-25 02:10:25] [PAGE 55] https://www.myjobmag.co.ke/jobs-by-field/research-data-analysis/55
[2026-08-25 02:10:28]   Links: 26 | New: 18 | Total: 2237
[2026-08-25 02:10:28] [PAGE 56] https://www.myjobmag.co.ke/jobs-by-field/research-data-analysis/56
[2026-08-25 02:10:33]   Links: 26 | New: 18 | Total: 2255
[2026-08-25 02:10:33] [PAGE 57] https://www.myjobmag.co.ke/jobs-by-field/research-data-analysis/57
[2026-08-25 02:10:36]   Links: 26 | New: 18 | Total: 2273
[2026-08-25 02:10:36] [PAGE 58] https://www.myjobmag.co.ke/jobs-by-field/research-data-analysis/58
[2026-08-25 02:10:42]   Links: 26 | New: 18 | Total: 2291
[2026-08-25 02:10:42] [PAGE 59] https://www.myjobmag.co.ke/jobs-by-field/research-data-analysis/59
[2026-08-25 02:10:45]   Links: 26 | New: 18 | Total: 2309
[2026-08-25 02:10:45] [PAGE 60] https://www.myjobmag.co.ke/jobs-by-field/research-data-analysis/60
[2026-08-25 02:10:48]   Links: 26 | New: 18 | Total: 2327
[2026-08-25 02:10:48] [PAGE 61] https://www.myjobmag.co.ke/jobs-by-field/research-data-analysis/61
[2026-08-25 02:10:54]   Links: 26 | New: 18 | Total: 2345
[2026-08-25 02:10:54] [PAGE 62] https://www.myjobmag.co.ke/jobs-by-field/research-data-analysis/62
[2026-08-25 02:10:57]   Links: 26 | New: 18 | Total: 2363
[2026-08-25 02:10:57] [PAGE 63] https://www.myjobmag.co.ke/jobs-by-field/research-data-analysis/63
[2026-08-25 02:11:00]   Links: 26 | New: 18 | Total: 2381
[2026-08-25 02:11:00] [PAGE 64] https://www.myjobmag.co.ke/jobs-by-field/research-data-analysis/64
[2026-08-25 02:11:03]   Links: 26 | New: 18 | Total: 2399
[2026-08-25 02:11:03] [PAGE 65] https://www.myjobmag.co.ke/jobs-by-field/research-data-analysis/65
[2026-08-25 02:11:06]   Links: 26 | New: 18 | Total: 2417
[2026-08-25 02:11:06] [PAGE 66] https://www.myjobmag.co.ke/jobs-by-field/research-data-analysis/66
[2026-08-25 02:11:09]   Links: 26 | New: 18 | Total: 2435
[2026-08-25 02:11:09] [PAGE 67] https://www.myjobmag.co.ke/jobs-by-field/research-data-analysis/67
[2026-08-25 02:11:12]   Links: 26 | New: 18 | Total: 2453
[2026-08-25 02:11:12] [PAGE 68] https://www.myjobmag.co.ke/jobs-by-field/research-data-analysis/68
[2026-08-25 02:11:15]   Links: 26 | New: 18 | Total: 2471
[2026-08-25 02:11:15] [PAGE 69] https://www.myjobmag.co.ke/jobs-by-field/research-data-analysis/69
[2026-08-25 02:11:18]   Links: 26 | New: 18 | Total: 2489
[2026-08-25 02:11:18] [PAGE 70] https://www.myjobmag.co.ke/jobs-by-field/research-data-analysis/70
[2026-08-25 02:11:21]   Links: 26 | New: 18 | Total: 2507
[2026-08-25 02:11:21] [PAGE 71] https://www.myjobmag.co.ke/jobs-by-field/research-data-analysis/71
[2026-08-25 02:11:24]   Links: 26 | New: 18 | Total: 2525
[2026-08-25 02:11:24] [PAGE 72] https://www.myjobmag.co.ke/jobs-by-field/research-data-analysis/72
[2026-08-25 02:11:27]   Links: 26 | New: 18 | Total: 2543
[2026-08-25 02:11:27] [PAGE 73] https://www.myjobmag.co.ke/jobs-by-field/research-data-analysis/73
[2026-08-25 02:11:30]   Links: 26 | New: 18 | Total: 2561
[2026-08-25 02:11:30] [PAGE 74] https://www.myjobmag.co.ke/jobs-by-field/research-data-analysis/74
[2026-08-25 02:11:33]   Links: 26 | New: 18 | Total: 2579
[2026-08-25 02:11:33] [PAGE 75] https://www.myjobmag.co.ke/jobs-by-field/research-data-analysis/75
[2026-08-25 02:11:36]   Links: 26 | New: 18 | Total: 2597
[2026-08-25 02:11:36] [PAGE 76] https://www.myjobmag.co.ke/jobs-by-field/research-data-analysis/76
[2026-08-25 02:11:39]   Links: 26 | New: 18 | Total: 2615
[2026-08-25 02:11:39] [PAGE 77] https://www.myjobmag.co.ke/jobs-by-field/research-data-analysis/77
[2026-08-25 02:11:43]   Links: 26 | New: 18 | Total: 2633
[2026-08-25 02:11:43] [PAGE 78] https://www.myjobmag.co.ke/jobs-by-field/research-data-analysis/78
[2026-08-25 02:11:46]   Links: 26 | New: 18 | Total: 2651
[2026-08-25 02:11:46] [PAGE 79] https://www.myjobmag.co.ke/jobs-by-field/research-data-analysis/79
[2026-08-25 02:11:49]   Links: 26 | New: 18 | Total: 2669
[2026-08-25 02:11:49] [PAGE 80] https://www.myjobmag.co.ke/jobs-by-field/research-data-analysis/80
[2026-08-25 02:11:52]   Links: 26 | New: 18 | Total: 2687
[2026-08-25 02:11:52] [PAGE 81] https://www.myjobmag.co.ke/jobs-by-field/research-data-analysis/81
[2026-08-25 02:11:55]   Links: 26 | New: 18 | Total: 2705
[2026-08-25 02:11:55] [PAGE 82] https://www.myjobmag.co.ke/jobs-by-field/research-data-analysis/82
[2026-08-25 02:11:58]   Links: 26 | New: 18 | Total: 2723
[2026-08-25 02:11:58] [PAGE 83] https://www.myjobmag.co.ke/jobs-by-field/research-data-analysis/83
[2026-08-25 02:12:01]   Links: 26 | New: 18 | Total: 2741
[2026-08-25 02:12:01] [PAGE 84] https://www.myjobmag.co.ke/jobs-by-field/research-data-analysis/84
[2026-08-25 02:12:04]   Links: 26 | New: 18 | Total: 2759
[2026-08-25 02:12:04] [PAGE 85] https://www.myjobmag.co.ke/jobs-by-field/research-data-analysis/85
[2026-08-25 02:12:07]   Links: 26 | New: 18 | Total: 2777
[2026-08-25 02:12:07] [PAGE 86] https://www.myjobmag.co.ke/jobs-by-field/research-data-analysis/86
[2026-08-25 02:12:10]   Links: 26 | New: 18 | Total: 2795
[2026-08-25 02:12:10] [PAGE 87] https://www.myjobmag.co.ke/jobs-by-field/research-data-analysis/87
[2026-08-25 02:12:13]   Links: 26 | New: 18 | Total: 2813
[2026-08-25 02:12:13] [PAGE 88] https://www.myjobmag.co.ke/jobs-by-field/research-data-analysis/88
[2026-08-25 02:12:16]   Links: 26 | New: 18 | Total: 2831
[2026-08-25 02:12:16] [PAGE 89] https://www.myjobmag.co.ke/jobs-by-field/research-data-analysis/89
[2026-08-25 02:12:19]   Links: 26 | New: 18 | Total: 2849
[2026-08-25 02:12:19] [PAGE 90] https://www.myjobmag.co.ke/jobs-by-field/research-data-analysis/90
[2026-08-25 02:12:22]   Links: 26 | New: 18 | Total: 2867
[2026-08-25 02:12:22] [PAGE 91] https://www.myjobmag.co.ke/jobs-by-field/research-data-analysis/91
[2026-08-25 02:12:25]   Links: 26 | New: 18 | Total: 2885
[2026-08-25 02:12:25] [PAGE 92] https://www.myjobmag.co.ke/jobs-by-field/research-data-analysis/92
[2026-08-25 02:12:28]   Links: 26 | New: 18 | Total: 2903
[2026-08-25 02:12:28] [PAGE 93] https://www.myjobmag.co.ke/jobs-by-field/research-data-analysis/93
[2026-08-25 02:12:31]   Links: 26 | New: 18 | Total: 2921
[2026-08-25 02:12:31] [PAGE 94] https://www.myjobmag.co.ke/jobs-by-field/research-data-analysis/94
[2026-08-25 02:12:34]   Links: 26 | New: 18 | Total: 2939
[2026-08-25 02:12:34] [PAGE 95] https://www.myjobmag.co.ke/jobs-by-field/research-data-analysis/95
[2026-08-25 02:12:37]   Links: 26 | New: 18 | Total: 2957
[2026-08-25 02:12:37] [PAGE 96] https://www.myjobmag.co.ke/jobs-by-field/research-data-analysis/96
[2026-08-25 02:12:40]   Links: 26 | New: 18 | Total: 2975
[2026-08-25 02:12:40] [PAGE 97] https://www.myjobmag.co.ke/jobs-by-field/research-data-analysis/97
[2026-08-25 02:12:43]   Links: 26 | New: 18 | Total: 2993
[2026-08-25 02:12:43] [PAGE 98] https://www.myjobmag.co.ke/jobs-by-field/research-data-analysis/98
[2026-08-25 02:12:46]   Links: 26 | New: 18 | Total: 3011
[2026-08-25 02:12:46] [PAGE 99] https://www.myjobmag.co.ke/jobs-by-field/research-data-analysis/99
[2026-08-25 02:12:49]   Links: 26 | New: 18 | Total: 3029
[2026-08-25 02:12:49] [PAGE 100] https://www.myjobmag.co.ke/jobs-by-field/research-data-analysis/100
[2026-08-25 02:12:52]   Links: 26 | New: 18 | Total: 3047
[2026-08-25 02:12:52] 
[2026-08-25 02:12:52] Historical vacancy URLs discovered: 3047
[2026-08-25 02:12:52] [1/3047] https://www.myjobmag.co.ke/job/account-manager-openran-africa-parallel-wireless-1
[2026-08-25 02:12:54] [2/3047] https://www.myjobmag.co.ke/job/account-manager-tugende-20
[2026-08-25 02:12:57] [3/3047] https://www.myjobmag.co.ke/job/actuarial-consultant-deloitte-consulting
[2026-08-25 02:13:00] [4/3047] https://www.myjobmag.co.ke/job/actuarial-consultant-minet-kenya-1
[2026-08-25 02:13:02] [5/3047] https://www.myjobmag.co.ke/job/actuarial-intern-acre-africa-1
[2026-08-25 02:13:05] [6/3047] https://www.myjobmag.co.ke/job/administrative-assistant-data-analyst-embu-university-college
[2026-08-25 02:13:08]   TECH: Administrative Assistant (Data Analyst) at Embu University College [Data & AI] [2026-02-19]
[2026-08-25 02:13:08] [7/3047] https://www.myjobmag.co.ke/job/administrative-assistant-sales-support-cdl-human-resouce
[2026-08-25 02:13:10] [8/3047] https://www.myjobmag.co.ke/job/administrator-digital-technology-office-britam
[2026-08-25 02:13:13] [9/3047] https://www.myjobmag.co.ke/job/administrator-iii-data-operations-transunion
[2026-08-25 02:13:15] [10/3047] https://www.myjobmag.co.ke/job/advisor-advanced-ai-centre-for-humanitarian-dialogue
[2026-08-25 02:13:18] [11/3047] https://www.myjobmag.co.ke/job/advisor-data-analytics-compliance-accountability-due-diligence-world-vision-kenya
[2026-08-25 02:13:20] [12/3047] https://www.myjobmag.co.ke/job/advisor-i-monitoring-population-services-international-psi
[2026-08-25 02:13:23] [13/3047] https://www.myjobmag.co.ke/job/advocacy-reporting-and-data-intern-un-habitat
[2026-08-25 02:13:26] [14/3047] https://www.myjobmag.co.ke/job/after-school-ai-program-tutor-tatu-city-limited
[2026-08-25 02:13:28] [15/3047] https://www.myjobmag.co.ke/job/agency-services-officer-reporting-liberty-life
[2026-08-25 02:13:31] [16/3047] https://www.myjobmag.co.ke/job/agile-product-owner-international-organisation-health-cigna-1
[2026-08-25 02:13:33]   TECH: Agile Product Owner - International Organisation Health at Cigna [Product & UX] [2026-07-06]
[2026-08-25 02:13:33] [17/3047] https://www.myjobmag.co.ke/job/agile-team-coach-senior-analyst-cigna
[2026-08-25 02:13:37] [18/3047] https://www.myjobmag.co.ke/job/agile-team-coach-senior-analyst-cigna-1
[2026-08-25 02:13:39] [19/3047] https://www.myjobmag.co.ke/job/ai-adoption-enablement-lead-finsense-africa
[2026-08-25 02:13:42] [20/3047] https://www.myjobmag.co.ke/job/ai-and-data-scientist-food-systems-world-resources-institute-wri
[2026-08-25 02:13:45]   TECH: AI and Data Scientist – Food Systems at World Resources Institute (WRI) [Data & AI] [2025-11-29]
[2026-08-25 02:13:45] [21/3047] https://www.myjobmag.co.ke/job/ai-automation-acquisition-administration-officer-swisscontact
[2026-08-25 02:13:48] [22/3047] https://www.myjobmag.co.ke/job/ai-automation-acquisition-administration-officer-swisscontact-1
[2026-08-25 02:13:51] [23/3047] https://www.myjobmag.co.ke/job/ai-automation-consultant-burn
[2026-08-25 02:13:53] [24/3047] https://www.myjobmag.co.ke/job/ai-automation-consultant-burn-1
[2026-08-25 02:13:56] [25/3047] https://www.myjobmag.co.ke/job/ai-automation-intern-welcome-tomorrow
[2026-08-25 02:13:59] [26/3047] https://www.myjobmag.co.ke/job/ai-automation-specialist-pavago
[2026-08-25 02:14:01] [27/3047] https://www.myjobmag.co.ke/job/ai-automation-specialist-pavago-2
[2026-08-25 02:14:04] [28/3047] https://www.myjobmag.co.ke/job/ai-automation-specialist-solvo-global
[2026-08-25 02:14:06] [29/3047] https://www.myjobmag.co.ke/job/ai-data-annotators-luo-rws
[2026-08-25 02:14:09] [30/3047] https://www.myjobmag.co.ke/job/ai-data-solution-engineer-environmental-resources-management-erm
[2026-08-25 02:14:11] [31/3047] https://www.myjobmag.co.ke/job/ai-data-specialist-amharic-rws
[2026-08-25 02:14:14] [32/3047] https://www.myjobmag.co.ke/job/ai-data-specialist-oromo-rws
[2026-08-25 02:14:16] [33/3047] https://www.myjobmag.co.ke/job/ai-data-specialist-rws
[2026-08-25 02:14:19] [34/3047] https://www.myjobmag.co.ke/job/ai-data-specialist-swahili-rws
[2026-08-25 02:14:22] [35/3047] https://www.myjobmag.co.ke/job/ai-data-transformations-lead-aar-insurance
[2026-08-25 02:14:24] [36/3047] https://www.myjobmag.co.ke/job/ai-engineer-ai-transformation-idinsight
[2026-08-25 02:14:27]   TECH: AI Engineer, AI Transformation at IDinsight [Data & AI] [2026-04-02]
[2026-08-25 02:14:27] [38/3047] https://www.myjobmag.co.ke/job/ai-engineer-code-for-africa-cfa
[2026-08-25 02:14:29]   TECH: AI Engineer at Code for Africa (CfA) [Data & AI] [2026-04-21]
[2026-08-25 02:14:29] [40/3047] https://www.myjobmag.co.ke/job/ai-engineer-flutterwave-2
[2026-08-25 02:14:32]   TECH: AI Engineer at Flutterwave [Data & AI] [2026-02-28]
[2026-08-25 02:14:32] [41/3047] https://www.myjobmag.co.ke/job/ai-engineer-fullstack-jubilee-insurance
[2026-08-25 02:14:34]   TECH: AI Engineer -Fullstack at Jubilee Insurance [Data & AI] [2026-02-26]
[2026-08-25 02:14:34] [42/3047] https://www.myjobmag.co.ke/job/ai-engineer-ii-solutions-engineer-jubilee-insurance
[2026-08-25 02:14:37]   TECH: AI Engineer II (Solutions Engineer) at Jubilee Insurance [Data & AI] [2026-02-26]
[2026-08-25 02:14:37] [43/3047] https://www.myjobmag.co.ke/job/ai-engineer-ii-systems-design-jubilee-insurance
[2026-08-25 02:14:40]   TECH: AI Engineer II (Systems Design) at Jubilee Insurance [Data & AI] [2026-02-26]
[2026-08-25 02:14:40] [44/3047] https://www.myjobmag.co.ke/job/ai-engineer-platform-jubilee-insurance
[2026-08-25 02:14:43]   TECH: AI Engineer - Platform at Jubilee Insurance [Data & AI] [2026-02-26]
[2026-08-25 02:14:43] Checkpoint saved: 67 historical records
[2026-08-25 02:14:43] [45/3047] https://www.myjobmag.co.ke/job/ai-engineering-fellow-february-2026-dalberg
[2026-08-25 02:14:45] [46/3047] https://www.myjobmag.co.ke/job/ai-engineering-trainer-mediacrest-training-college
[2026-08-25 02:14:48] [47/3047] https://www.myjobmag.co.ke/job/ai-evaluator-french-samasource
[2026-08-25 02:14:50] [48/3047] https://www.myjobmag.co.ke/job/ai-evaluator-german-sama
[2026-08-25 02:14:53] [49/3047] https://www.myjobmag.co.ke/job/ai-evaluator-italian-sama
[2026-08-25 02:14:55] [50/3047] https://www.myjobmag.co.ke/job/ai-evaluator-sama-2
[2026-08-25 02:14:58] [51/3047] https://www.myjobmag.co.ke/job/ai-for-good-research-lab-internship-opportunities-microsoft
[2026-08-25 02:15:01] [52/3047] https://www.myjobmag.co.ke/job/ai-full-stack-application-developer-inua-ai
[2026-08-25 02:15:04]   TECH: AI Full Stack Application Developer at INUA AI [Software & IT] [2026-03-25]
[2026-08-25 02:15:04] [53/3047] https://www.myjobmag.co.ke/job/ai-implementation-adoption-lead-educate
[2026-08-25 02:15:06] [54/3047] https://www.myjobmag.co.ke/job/ai-intern-2-positions-jubilee-insurance
[2026-08-25 02:15:09] [55/3047] https://www.myjobmag.co.ke/job/ai-learning-enablement-specialist-digital-divide-data
[2026-08-25 02:15:11] [56/3047] https://www.myjobmag.co.ke/job/ai-learning-specialist-international-rescue-committee
[2026-08-25 02:15:14] [57/3047] https://www.myjobmag.co.ke/job/ai-learning-specialist-international-rescue-committee-1
[2026-08-25 02:15:17] [60/3047] https://www.myjobmag.co.ke/job/ai-ml-automation-trainer-mediacrest-training-college
[2026-08-25 02:15:19] [61/3047] https://www.myjobmag.co.ke/job/ai-ml-engineer-apenia-mfb
[2026-08-25 02:15:22] [62/3047] https://www.myjobmag.co.ke/job/ai-operations-lead-m-kopa-solar
[2026-08-25 02:15:24] [63/3047] https://www.myjobmag.co.ke/job/ai-operations-lead-m-kopa-solar-1
[2026-08-25 02:15:27] [64/3047] https://www.myjobmag.co.ke/job/ai-orchestration-engineer-computer-science-zetech-university
[2026-08-25 02:15:29] [65/3047] https://www.myjobmag.co.ke/job/ai-orchestration-engineer-computer-science-zetech-university-1
[2026-08-25 02:15:32] [66/3047] https://www.myjobmag.co.ke/job/ai-orchestration-engineer-zetech-university
[2026-08-25 02:15:35] [67/3047] https://www.myjobmag.co.ke/job/ai-platform-engineer-cloud-ke-absa-bank-limited
[2026-08-25 02:15:38] [68/3047] https://www.myjobmag.co.ke/job/ai-platform-engineer-international-rescue-committee
[2026-08-25 02:15:41] [69/3047] https://www.myjobmag.co.ke/job/ai-platform-engineer-international-rescue-committee-1
[2026-08-25 02:15:44] [70/3047] https://www.myjobmag.co.ke/job/ai-power-platform-developer-swisscontact
[2026-08-25 02:15:46] [71/3047] https://www.myjobmag.co.ke/job/ai-prototyping-automation-intern-kwara
[2026-08-25 02:15:49] [73/3047] https://www.myjobmag.co.ke/job/ai-solutions-lead-impact-and-emerging-markets-east-africa-genesis-analytics
[2026-08-25 02:15:51] [74/3047] https://www.myjobmag.co.ke/job/ai-solutions-manager-digital-divide-data
[2026-08-25 02:15:54] [75/3047] https://www.myjobmag.co.ke/job/ai-solutions-manager-digital-divide-data-1
[2026-08-25 02:15:57] [76/3047] https://www.myjobmag.co.ke/job/ai-solutions-manager-digital-divide-data-ddd-kenya
[2026-08-25 02:16:00] [77/3047] https://www.myjobmag.co.ke/job/ai-strategist-solvo-global
[2026-08-25 02:16:03] [78/3047] https://www.myjobmag.co.ke/job/ai-workflow-automation-specialist-cdl-human-resouce
[2026-08-25 02:16:05] [79/3047] https://www.myjobmag.co.ke/job/aiops-lead-m-kopa-solar-1
[2026-08-25 02:16:08] [80/3047] https://www.myjobmag.co.ke/job/al-developer-dataposit
[2026-08-25 02:16:10] [81/3047] https://www.myjobmag.co.ke/job/alliance-specialist-cloud-hyperscalers-ntt-ltd
[2026-08-25 02:16:13] [82/3047] https://www.myjobmag.co.ke/job/aml-analyst-i-m-bank-2
[2026-08-25 02:16:16] [83/3047] https://www.myjobmag.co.ke/job/aml-system-support-analyst-l1-prodapt
[2026-08-25 02:16:18] [84/3047] https://www.myjobmag.co.ke/job/analyst-africa-dalberg
[2026-08-25 02:16:21] [85/3047] https://www.myjobmag.co.ke/job/analyst-application-support-standard-bank-group
[2026-08-25 02:16:24] [86/3047] https://www.myjobmag.co.ke/job/analyst-digital-business-bank-of-africa-kenya-limited
[2026-08-25 02:16:26] [87/3047] https://www.myjobmag.co.ke/job/analyst-food-systems-agriculture-and-climate-resilience-management-busara-center
[2026-08-25 02:16:29] [88/3047] https://www.myjobmag.co.ke/job/analyst-for-nation-statistics-office-un-habitat
[2026-08-25 02:16:32] [89/3047] https://www.myjobmag.co.ke/job/analyst-payments-and-digital-financial-services-genesis-analytics
[2026-08-25 02:16:34] [90/3047] https://www.myjobmag.co.ke/job/analyst-portfolio-management-risk-standard-bank-group
[2026-08-25 02:16:37] [91/3047] https://www.myjobmag.co.ke/job/analyst-portfolio-management-risk-standard-bank-group-1
[2026-08-25 02:16:39] [92/3047] https://www.myjobmag.co.ke/job/analyst-pricing-and-portfolio-management-ppm-carepay-ltd
[2026-08-25 02:16:42] [93/3047] https://www.myjobmag.co.ke/job/analyst-product-standard-bank-group-2
[2026-08-25 02:16:45] [94/3047] https://www.myjobmag.co.ke/job/analyst-qualitative-busara-center
[2026-08-25 02:16:47] [95/3047] https://www.myjobmag.co.ke/job/analyst-service-desk-6-months-maternity-cover-cellulant-corporation
[2026-08-25 02:16:50] [96/3047] https://www.myjobmag.co.ke/job/analyst-solutions-standard-bank-group
[2026-08-25 02:16:53] [97/3047] https://www.myjobmag.co.ke/job/analyst-vca-visa
[2026-08-25 02:16:55] [98/3047] https://www.myjobmag.co.ke/job/analyst-visa-1
[2026-08-25 02:16:58] [99/3047] https://www.myjobmag.co.ke/job/analytics-engineer-turaco
[2026-08-25 02:17:00] [100/3047] https://www.myjobmag.co.ke/job/analytics-engineer-watu-credit-limited-1
[2026-08-25 02:17:04] [101/3047] https://www.myjobmag.co.ke/job/analytics-engineer-watu-credit-limited-2
[2026-08-25 02:17:07] [102/3047] https://www.myjobmag.co.ke/job/analytics-engineer-watu-credit-limited-3
[2026-08-25 02:17:10] [103/3047] https://www.myjobmag.co.ke/job/analytics-reports-bi-campaign-support-engineer-sheer-logistics
[2026-08-25 02:17:13] [104/3047] https://www.myjobmag.co.ke/job/analytics-reports-bi-campaign-support-engineer-sheer-logistics-1
[2026-08-25 02:17:15] [107/3047] https://www.myjobmag.co.ke/job/anti-money-laundering-analyst-safaricom-kenya-2
[2026-08-25 02:17:18] [108/3047] https://www.myjobmag.co.ke/job/anti-money-laundering-analyst-safaricom-kenya-3
[2026-08-25 02:17:21] [109/3047] https://www.myjobmag.co.ke/job/api-developer-market-place-lead-safaricom-kenya
[2026-08-25 02:17:24] [110/3047] https://www.myjobmag.co.ke/job/application-analyst-and-developer-team-lead-stima-sacco
[2026-08-25 02:17:27] [111/3047] https://www.myjobmag.co.ke/job/application-development-intern-2-posts-judicial-service-commission
[2026-08-25 02:17:29] [112/3047] https://www.myjobmag.co.ke/job/application-engineer-baker-hughes
[2026-08-25 02:17:32]   TECH: Application Engineer at Baker Hughes [Software & IT] [2026-05-06]
[2026-08-25 02:17:32] [113/3047] https://www.myjobmag.co.ke/job/application-manager-insights-2-action-project-medecins-sans-frontieres-msf
[2026-08-25 02:17:35] [114/3047] https://www.myjobmag.co.ke/job/application-manager-single-data-entry-sde-medecins-sans-frontieres-msf
[2026-08-25 02:17:37] [115/3047] https://www.myjobmag.co.ke/job/application-security-support-specialist-international-rescue-committee
[2026-08-25 02:17:40] [116/3047] https://www.myjobmag.co.ke/job/application-security-support-specialist-international-rescue-committee-1
[2026-08-25 02:17:43] [117/3047] https://www.myjobmag.co.ke/job/application-support-analyst-integrations-standard-bank-group
[2026-08-25 02:17:46] [118/3047] https://www.myjobmag.co.ke/job/application-support-analyst-integrations-standard-bank-group-1
[2026-08-25 02:17:48] [119/3047] https://www.myjobmag.co.ke/job/application-support-analyst-payments-standard-bank-group
[2026-08-25 02:17:51] [120/3047] https://www.myjobmag.co.ke/job/application-support-analyst-solvo-global
[2026-08-25 02:17:54] [121/3047] https://www.myjobmag.co.ke/job/application-support-implementation-intern-software-technologies-limited-stl
[2026-08-25 02:17:56] [122/3047] https://www.myjobmag.co.ke/job/applications-administrator-kenya-airways
[2026-08-25 02:17:59] [123/3047] https://www.myjobmag.co.ke/job/applications-analyst-cdl-human-resouce-1
[2026-08-25 02:18:01] [124/3047] https://www.myjobmag.co.ke/job/applications-developer-frank-management-consult-ltd
[2026-08-25 02:18:04] [125/3047] https://www.myjobmag.co.ke/job/applications-developer-wananchi-group
[2026-08-25 02:18:06] [126/3047] https://www.myjobmag.co.ke/job/applications-specialist-customer-experience-systems-kcb-bank-kenya
[2026-08-25 02:18:09] [127/3047] https://www.myjobmag.co.ke/job/applications-specialist-liberty-life
[2026-08-25 02:18:12] [128/3047] https://www.myjobmag.co.ke/job/applications-specialist-peoplelink-consultants-ltd
[2026-08-25 02:18:15] [129/3047] https://www.myjobmag.co.ke/job/applications-support-engineer-kcb-bank-kenya-2
[2026-08-25 02:18:17] [130/3047] https://www.myjobmag.co.ke/job/applications-support-specialist-ncba-group
[2026-08-25 02:18:20] [131/3047] https://www.myjobmag.co.ke/job/applications-technician-medecins-sans-frontieres-msf
[2026-08-25 02:18:22] [133/3047] https://www.myjobmag.co.ke/job/architecture-practice-lead-world-vision-kenya-2
[2026-08-25 02:18:25] [134/3047] https://www.myjobmag.co.ke/job/archives-and-records-management-2-posts-council-of-legal-education-1
[2026-08-25 02:18:28] [135/3047] https://www.myjobmag.co.ke/job/artificial-intelligence-ai-engineer-united-nations-office-for-project-services-unops
[2026-08-25 02:18:30]   TECH: Artificial Intelligence (AI) Engineer at United Nations Office for Project Services (UNOPS) [Data & AI] [2025-12-19]
[2026-08-25 02:18:30] [136/3047] https://www.myjobmag.co.ke/job/artificial-intelligence-ai-internship-cytonn-investments
[2026-08-25 02:18:33]   TECH: Artificial Intelligence (AI) Internship at Cytonn Investments [Data & AI] [2026-03-30]
[2026-08-25 02:18:33] [137/3047] https://www.myjobmag.co.ke/job/artificial-intelligence-lead-education-development-center
[2026-08-25 02:18:35]   TECH: Artificial Intelligence Lead at Education Development Center [Data & AI] [2026-03-13]
[2026-08-25 02:18:35] [138/3047] https://www.myjobmag.co.ke/job/artificial-intelligence-machine-learning-trainer-charles-mordecai-training-institute
[2026-08-25 02:18:38]   TECH: Artificial Intelligence & Machine Learning Trainer at Charles Mordecai Training Institute [Data & AI] [2026-03-03]
[2026-08-25 02:18:38] [140/3047] https://www.myjobmag.co.ke/job/artificial-technology-intern-united-nations-environment-programme-unep
[2026-08-25 02:18:41] [141/3047] https://www.myjobmag.co.ke/job/assessment-officer-2-posts-kitale-national-polytechnic
[2026-08-25 02:18:43] [143/3047] https://www.myjobmag.co.ke/job/assistant-data-analyst-java-house
[2026-08-25 02:18:46]   TECH: Assistant Data Analyst at Java House [Data & AI] [2025-08-21]
[2026-08-25 02:18:46] [144/3047] https://www.myjobmag.co.ke/job/assistant-data-manager-kisumu-kemya-medical-research-kemri
[2026-08-25 02:18:49] [145/3047] https://www.myjobmag.co.ke/job/assistant-data-manager-migori-kemya-medical-research-kemri
[2026-08-25 02:18:52] [146/3047] https://www.myjobmag.co.ke/job/assistant-data-protection-officer-cic-insurance
[2026-08-25 02:18:54] [147/3047] https://www.myjobmag.co.ke/job/assistant-director-corporate-planning-national-crime-research-centre
[2026-08-25 02:18:57] [148/3047] https://www.myjobmag.co.ke/job/assistant-director-digital-health-informatics-digital-health-agency-dha
[2026-08-25 02:19:00] [149/3047] https://www.myjobmag.co.ke/job/assistant-director-ict-business-applications-jkuat-enterprises-limited
[2026-08-25 02:19:02] [150/3047] https://www.myjobmag.co.ke/job/assistant-director-information-systems-audit-judicial-service-commission
[2026-08-25 02:19:05] [151/3047] https://www.myjobmag.co.ke/job/assistant-director-infrastructure-and-economic-services-infrastructure-and-economic-services-division-kenya-institute-for-public-policy-research-and-analysis-kippra
[2026-08-25 02:19:07] [152/3047] https://www.myjobmag.co.ke/job/assistant-director-macroeconomics-macroeconomics-division-kenya-institute-for-public-policy-research-and-analysis-kippra
[2026-08-25 02:19:11] [153/3047] https://www.myjobmag.co.ke/job/assistant-director-planning-quality-and-risk-planning-risk-and-quality-management-division-kenya-institute-for-public-policy-research-and-analysis-kippra
[2026-08-25 02:19:13] [154/3047] https://www.myjobmag.co.ke/job/assistant-director-social-sector-social-sector-division-kenya-institute-for-public-policy-research-and-analysis-kippra
[2026-08-25 02:19:16] [155/3047] https://www.myjobmag.co.ke/job/assistant-education-it-and-e-learning-officer-aic-kijabe-hospital
[2026-08-25 02:19:19] [156/3047] https://www.myjobmag.co.ke/job/assistant-executive-data-strategy-pwani-oil
[2026-08-25 02:19:22] [157/3047] https://www.myjobmag.co.ke/job/assistant-health-records-and-information-management-officer-iii-4-posts-kisumu-county
[2026-08-25 02:19:25] [158/3047] https://www.myjobmag.co.ke/job/assistant-health-records-and-information-management-officer-iii-5-posts-kwale-county-government
[2026-08-25 02:19:27] [159/3047] https://www.myjobmag.co.ke/job/assistant-health-records-and-information-management-officers-iii-mombasa-county
[2026-08-25 02:19:30] [160/3047] https://www.myjobmag.co.ke/job/assistant-health-records-information-management-officer-iii-5-posts-garissa-county
[2026-08-25 02:19:33] [161/3047] https://www.myjobmag.co.ke/job/assistant-health-records-information-technologist-i-ru-afp-05-08-26-rongo-university
[2026-08-25 02:19:36] [162/3047] https://www.myjobmag.co.ke/job/assistant-impact-data-manager-sinapis
[2026-08-25 02:19:38] [163/3047] https://www.myjobmag.co.ke/job/assistant-it-communications-officer-kenya-healthcare-federation-khf
[2026-08-25 02:19:41] [164/3047] https://www.myjobmag.co.ke/job/assistant-librarian-iii-kwale-county-government
[2026-08-25 02:19:43] [165/3047] https://www.myjobmag.co.ke/job/assistant-librarian-intern-crawford-international-school
[2026-08-25 02:19:46] [166/3047] https://www.myjobmag.co.ke/job/assistant-librarian-p-c-e-a-tumutumu-hospital
[2026-08-25 02:19:48] [167/3047] https://www.myjobmag.co.ke/job/assistant-manager-audit-analytics-equity-bank-kenya
[2026-08-25 02:19:51] [168/3047] https://www.myjobmag.co.ke/job/assistant-manager-digital-channels-dubai-islamic-bank
[2026-08-25 02:19:53] [169/3047] https://www.myjobmag.co.ke/job/assistant-manager-ict-governance-assurance-i-m-bank
[2026-08-25 02:19:56] [170/3047] https://www.myjobmag.co.ke/job/assistant-manager-marketing-planning-and-analytics-ncba-group
[2026-08-25 02:19:59] [171/3047] https://www.myjobmag.co.ke/job/assistant-manager-monitoring-and-evaluation-affordable-housing-board-ahb
[2026-08-25 02:20:01] [172/3047] https://www.myjobmag.co.ke/job/assistant-manager-product-support-i-m-bank
[2026-08-25 02:20:05] [173/3047] https://www.myjobmag.co.ke/job/assistant-manager-resiliency-dubai-islamic-bank-1
[2026-08-25 02:20:08] [174/3047] https://www.myjobmag.co.ke/job/assistant-manager-systems-analyst-rafiki-microfinance-bank
[2026-08-25 02:20:10] [175/3047] https://www.myjobmag.co.ke/job/assistant-officer-i-records-management-independent-policing-oversight-authority-ipoa
[2026-08-25 02:20:13] [176/3047] https://www.myjobmag.co.ke/job/assistant-officer-iii-records-management-independent-policing-oversight-authority-ipoa
[2026-08-25 02:20:15] [177/3047] https://www.myjobmag.co.ke/job/assistant-professor-in-machine-learning-and-big-data-data-science-united-states-international-university-usiu-africa
[2026-08-25 02:20:19]   TECH: Assistant Professor in Machine Learning and Big Data/ Data Science at United States International University - USIU Africa [Data & AI] [2026-02-23]
[2026-08-25 02:20:19] [178/3047] https://www.myjobmag.co.ke/job/assistant-project-engineer-tetra-tech
[2026-08-25 02:20:21] [179/3047] https://www.myjobmag.co.ke/job/assistant-research-manager-acled
[2026-08-25 02:20:24] [180/3047] https://www.myjobmag.co.ke/job/assistant-research-officer-epidemiologist-data-analyst-nairobi-kemya-medical-research-kemri
[2026-08-25 02:20:26]   TECH: Assistant Research Officer – Epidemiologist/Data Analyst Nairobi at Kenya Medical Research - KEMRI [Data & AI] [2026-05-08]
[2026-08-25 02:20:26] [181/3047] https://www.myjobmag.co.ke/job/assistant-soc-analyst-britam
[2026-08-25 02:20:29] [183/3047] https://www.myjobmag.co.ke/job/assistant-statistician-field-services-5-posts-kenya-national-bureau-of-statistics-knbs
[2026-08-25 02:20:32] [184/3047] https://www.myjobmag.co.ke/job/associate-applications-developer-fixed-term-aga-khan-university-hospital-1
[2026-08-25 02:20:34] [185/3047] https://www.myjobmag.co.ke/job/associate-brain-and-mind-institute-aga-khan-university-hospital
[2026-08-25 02:20:37] [186/3047] https://www.myjobmag.co.ke/job/associate-clasp
[2026-08-25 02:20:39] [187/3047] https://www.myjobmag.co.ke/job/associate-clinical-data-manager-iqvia-2
[2026-08-25 02:20:42] [188/3047] https://www.myjobmag.co.ke/job/associate-cloud-technical-architect-ntt-ltd-4
[2026-08-25 02:20:45] [189/3047] https://www.myjobmag.co.ke/job/associate-cloud-technical-architect-ntt-ltd-5
[2026-08-25 02:20:47] [190/3047] https://www.myjobmag.co.ke/job/associate-credit-analyst-ezra
[2026-08-25 02:20:50] [191/3047] https://www.myjobmag.co.ke/job/associate-data-analyst-lend-plus
[2026-08-25 02:20:53]   TECH: Associate Data Analyst at Lend Plus [Data & AI] [2026-01-15]
[2026-08-25 02:20:53] Checkpoint saved: 77 historical records
[2026-08-25 02:20:53] [192/3047] https://www.myjobmag.co.ke/job/associate-data-analytics-disc-population-services-international-psi
[2026-08-25 02:20:55] [193/3047] https://www.myjobmag.co.ke/job/associate-data-annotation-3d-lidar-digital-divide-data
[2026-08-25 02:20:58] [194/3047] https://www.myjobmag.co.ke/job/associate-data-annotation-digital-divide-data-ddd-kenya
[2026-08-25 02:21:00] [195/3047] https://www.myjobmag.co.ke/job/associate-data-engineering-disc-project-population-services-international-psi
[2026-08-25 02:21:03] [196/3047] https://www.myjobmag.co.ke/job/associate-data-systems-and-mel-specialist-busara-center
[2026-08-25 02:21:05] [197/3047] https://www.myjobmag.co.ke/job/associate-digital-divide-data
[2026-08-25 02:21:08] [198/3047] https://www.myjobmag.co.ke/job/associate-digital-divide-data-ddd-kenya
[2026-08-25 02:21:11] [199/3047] https://www.myjobmag.co.ke/job/associate-director-ai-transformation-idinsight
[2026-08-25 02:21:13] [200/3047] https://www.myjobmag.co.ke/job/associate-director-ai-transformation-idinsight-1
[2026-08-25 02:21:16] [201/3047] https://www.myjobmag.co.ke/job/associate-full-stack-developer-nathan-digital
[2026-08-25 02:21:19]   TECH: Associate Full Stack Developer at Nathan Digital [Software & IT] [2026-05-03]
[2026-08-25 02:21:19] [202/3047] https://www.myjobmag.co.ke/job/associate-nutrition-africa-genesis-analytics
[2026-08-25 02:21:22] [203/3047] https://www.myjobmag.co.ke/job/associate-nutrition-genesis-analytics
[2026-08-25 02:21:24] [204/3047] https://www.myjobmag.co.ke/job/associate-operations-officer-regional-portfolio-strategic-engagement-africa-world-bank-group
[2026-08-25 02:21:27] [205/3047] https://www.myjobmag.co.ke/job/associate-or-senior-associate-fundraising-database-administration-idinsight
[2026-08-25 02:21:30] [206/3047] https://www.myjobmag.co.ke/job/associate-professor-computer-science-university-of-embu-3
[2026-08-25 02:21:32] [207/3047] https://www.myjobmag.co.ke/job/associate-professor-cyber-security-university-of-embu-4
[2026-08-25 02:21:35]   TECH: Associate Professor Cyber Security at University of Embu [Cybersecurity] [2026-04-20]
[2026-08-25 02:21:35] [208/3047] https://www.myjobmag.co.ke/job/associate-research-data-africa-minigrid-developers-association-amda-1
[2026-08-25 02:21:37] [210/3047] https://www.myjobmag.co.ke/job/associate-social-sectors-financing-africa-genesis-analytics
[2026-08-25 02:21:40] [211/3047] https://www.myjobmag.co.ke/job/atlas-ti-training-consultants-indepthresearch
[2026-08-25 02:21:43] [212/3047] https://www.myjobmag.co.ke/job/attachment-data-analytics-kenya-revenue-authority-kra
[2026-08-25 02:21:45] [213/3047] https://www.myjobmag.co.ke/job/attachment-economics-kenya-revenue-authority-kra
[2026-08-25 02:21:48] [214/3047] https://www.myjobmag.co.ke/job/attachment-program-technology-swahilipot-hub-foundation
[2026-08-25 02:21:50] [215/3047] https://www.myjobmag.co.ke/job/attachment-statistics-kenya-revenue-authority-kra
[2026-08-25 02:21:53] [216/3047] https://www.myjobmag.co.ke/job/audio-data-collection-transcription-english-telus-international
[2026-08-25 02:21:56] [217/3047] https://www.myjobmag.co.ke/job/automation-and-control-2-posts-masinde-muliro-university-of-science-amp-technology-mmust
[2026-08-25 02:21:58] [218/3047] https://www.myjobmag.co.ke/job/automation-engineer-for-a-duration-of-3-months-manual-testing-focus-tezza-business-solutions-ltd
[2026-08-25 02:22:01] [219/3047] https://www.myjobmag.co.ke/job/automation-engineer-manual-testing-focus-tezza-business-solutions-ltd
[2026-08-25 02:22:03] [220/3047] https://www.myjobmag.co.ke/job/automation-engineer-technobrain
[2026-08-25 02:22:06] [221/3047] https://www.myjobmag.co.ke/job/automation-qa-engineer-tana
[2026-08-25 02:22:08]   TECH: Automation QA Engineer at Tana [QA & Testing] [2026-04-30]
[2026-08-25 02:22:08] [222/3047] https://www.myjobmag.co.ke/job/automation-team-lead-kisumu-green-wells-energies-limited
[2026-08-25 02:22:11] [223/3047] https://www.myjobmag.co.ke/job/automation-team-lead-nairobi-green-wells-energies-limited
[2026-08-25 02:22:13] [224/3047] https://www.myjobmag.co.ke/job/aws-data-engineer-jumia-1
[2026-08-25 02:22:16]   TECH: AWS Data Engineer at Jumia [Data & AI] [2025-10-08]
[2026-08-25 02:22:16] [225/3047] https://www.myjobmag.co.ke/job/b2b-reporting-and-analytics-manager-airtel
[2026-08-25 02:22:19] [226/3047] https://www.myjobmag.co.ke/job/bachelor-of-science-in-biostatistics-internship-kemya-medical-research-kemri
[2026-08-25 02:22:21] [227/3047] https://www.myjobmag.co.ke/job/backend-developer-britam-1
[2026-08-25 02:22:24]   TECH: Backend Developer at Britam [Software & IT] [2026-06-22]
[2026-08-25 02:22:24] [230/3047] https://www.myjobmag.co.ke/job/backend-developer-savannah-informatics-4
[2026-08-25 02:22:26]   TECH: Backend Developer at Savannah Informatics [Software & IT] [2026-05-22]
[2026-08-25 02:22:26] [232/3047] https://www.myjobmag.co.ke/job/backend-engineer-ncba-group-1
[2026-08-25 02:22:29]   TECH: Backend Engineer at NCBA Group [Software & IT] [2026-05-20]
[2026-08-25 02:22:29] [233/3047] https://www.myjobmag.co.ke/job/backend-engineering-team-lead-m-kopa-solar-1
[2026-08-25 02:22:32]   TECH: Backend Engineering Team Lead at M-KOPA Solar [Software & IT] [2026-05-15]
[2026-08-25 02:22:32] [234/3047] https://www.myjobmag.co.ke/job/banking-systems-administrator-national-bank-of-kenya
[2026-08-25 02:22:34]   TECH: Banking Systems Administrator at National Bank of Kenya [Software & IT] [2026-04-30]
[2026-08-25 02:22:34] [235/3047] https://www.myjobmag.co.ke/job/banking-systems-administrator-national-bank-of-kenya-1
[2026-08-25 02:22:37]   TECH: Banking Systems Administrator at National Bank of Kenya [Software & IT] [2026-07-28]
[2026-08-25 02:22:37] Checkpoint saved: 87 historical records
[2026-08-25 02:22:37] [236/3047] https://www.myjobmag.co.ke/job/base-management-lead-cvm-fixed-safaricom-kenya
[2026-08-25 02:22:40] [237/3047] https://www.myjobmag.co.ke/job/baseline-consultant-international-rescue-committee-1
[2026-08-25 02:22:43] [238/3047] https://www.myjobmag.co.ke/job/bi-analyst-penda-health-1
[2026-08-25 02:22:45] [239/3047] https://www.myjobmag.co.ke/job/bi-analyst-sunculture-kenya-ltd
[2026-08-25 02:22:48] [240/3047] https://www.myjobmag.co.ke/job/bi-analyst-sunculture-kenya-ltd-1
[2026-08-25 02:22:51] [241/3047] https://www.myjobmag.co.ke/job/bi-data-analyst-d-light
[2026-08-25 02:22:54]   TECH: BI Data Analyst at d.light [Data & AI] [2025-11-07]
[2026-08-25 02:22:54] [242/3047] https://www.myjobmag.co.ke/job/bi-data-analytics-engineer-d-light
[2026-08-25 02:22:57] [243/3047] https://www.myjobmag.co.ke/job/bi-developer-qlik-sense-onafriq
[2026-08-25 02:22:59] [244/3047] https://www.myjobmag.co.ke/job/bi-developer-tezza-business-solutions-ltd-2
[2026-08-25 02:23:02] [245/3047] https://www.myjobmag.co.ke/job/bid-executive-dynasoft-business-solutions-3
[2026-08-25 02:23:05] [246/3047] https://www.myjobmag.co.ke/job/big-data-engineer-safaricom-kenya-5
[2026-08-25 02:23:07]   TECH: Big Data Engineer at Safaricom Kenya [Data & AI] [2025-11-19]
[2026-08-25 02:23:07] [247/3047] https://www.myjobmag.co.ke/job/big-data-support-engineer-absa-bank-limited
[2026-08-25 02:23:10] [248/3047] https://www.myjobmag.co.ke/job/bigdata-platform-analytics-engineer-safaricom-kenya-1
[2026-08-25 02:23:12] [249/3047] https://www.myjobmag.co.ke/job/bilingual-provider-network-manager-french-english-senegal-cigna
[2026-08-25 02:23:15] [250/3047] https://www.myjobmag.co.ke/job/billing-analyst-africa-business-cigna-1
[2026-08-25 02:23:17] [251/3047] https://www.myjobmag.co.ke/job/biometric-officer-simba-group-1
[2026-08-25 02:23:20] [252/3047] https://www.myjobmag.co.ke/job/biostatistician-bioinformatics-nairobi-kemya-medical-research-kemri
[2026-08-25 02:23:23] [253/3047] https://www.myjobmag.co.ke/job/biostatistician-pharmacy-and-poisons-board
[2026-08-25 02:23:25] [254/3047] https://www.myjobmag.co.ke/job/biostatistician-turkana-county-kakuma-kalobeyei-kemya-medical-research-kemri
[2026-08-25 02:23:28] [255/3047] https://www.myjobmag.co.ke/job/biostatistics-specialist-fhi360-ngo
[2026-08-25 02:23:30] [256/3047] https://www.myjobmag.co.ke/job/biostatistics-specialist-fhi360-ngo-1
[2026-08-25 02:23:33] [257/3047] https://www.myjobmag.co.ke/job/board-member-artificial-intelligence-africa-michael-page-1
[2026-08-25 02:23:35]   TECH: Board Member - Artificial Intelligence - Africa at Michael Page [Data & AI] [2025-11-10]
[2026-08-25 02:23:35] [258/3047] https://www.myjobmag.co.ke/job/branch-infrastructure-technology-bit-officer-unifi
[2026-08-25 02:23:38] [259/3047] https://www.myjobmag.co.ke/job/business-analysis-insight-manager-titc-io
[2026-08-25 02:23:40] [260/3047] https://www.myjobmag.co.ke/job/business-analysis-operations-mgmt-british-american-tobacco-bat
[2026-08-25 02:23:43] [261/3047] https://www.myjobmag.co.ke/job/business-analyst-1-data-analysis-central-bank-of-kenya
[2026-08-25 02:23:46] [262/3047] https://www.myjobmag.co.ke/job/business-analyst-1-post-agile-business-solutions-limited
[2026-08-25 02:23:48] [263/3047] https://www.myjobmag.co.ke/job/business-analyst-2-data-analytics-business-analyst-2-central-bank-of-kenya
[2026-08-25 02:23:51] [264/3047] https://www.myjobmag.co.ke/job/business-analyst-abno-softwares-international
[2026-08-25 02:23:54] [265/3047] https://www.myjobmag.co.ke/job/business-analyst-apeiro
[2026-08-25 02:23:56] [266/3047] https://www.myjobmag.co.ke/job/business-analyst-associate-spark-internship-east-africa-market-development-associates-eamda
[2026-08-25 02:23:59] [267/3047] https://www.myjobmag.co.ke/job/business-analyst-becton-dickinson-and-company-bd
[2026-08-25 02:24:01] [268/3047] https://www.myjobmag.co.ke/job/business-analyst-boston-consulting-group-bcg-1
[2026-08-25 02:24:04] [269/3047] https://www.myjobmag.co.ke/job/business-analyst-boston-consulting-group-bcg-2
[2026-08-25 02:24:07] [270/3047] https://www.myjobmag.co.ke/job/business-analyst-britam-4
[2026-08-25 02:24:09] [271/3047] https://www.myjobmag.co.ke/job/business-analyst-business-development-general-insurance-britam
[2026-08-25 02:24:12] [272/3047] https://www.myjobmag.co.ke/job/business-analyst-caritas-mfb
[2026-08-25 02:24:15] [273/3047] https://www.myjobmag.co.ke/job/business-analyst-christ-is-the-answer-ministries
[2026-08-25 02:24:17] [274/3047] https://www.myjobmag.co.ke/job/business-analyst-co-operative-bank-of-kenya
[2026-08-25 02:24:20] [275/3047] https://www.myjobmag.co.ke/job/business-analyst-consultant-transunion
[2026-08-25 02:24:22] [276/3047] https://www.myjobmag.co.ke/job/business-analyst-credit-eligibility-m-kopa-solar
[2026-08-25 02:24:25] [277/3047] https://www.myjobmag.co.ke/job/business-analyst-d-a-mgmt-british-american-tobacco-bat
[2026-08-25 02:24:27] [278/3047] https://www.myjobmag.co.ke/job/business-analyst-d365-finance-and-operations-sos-children-s-villages
[2026-08-25 02:24:30] [279/3047] https://www.myjobmag.co.ke/job/business-analyst-data-scientist-regulatory-technology-business-analyst-2-central-bank-of-kenya
[2026-08-25 02:24:33]   TECH: Business Analyst (Data Scientist), Regulatory Technology (Business Analyst 2) at Central Bank of Kenya [Data & AI] [2025-12-23]
[2026-08-25 02:24:33] [280/3047] https://www.myjobmag.co.ke/job/business-analyst-debt-collection-nairobi-mogo-finance
[2026-08-25 02:24:35] [281/3047] https://www.myjobmag.co.ke/job/business-analyst-delivery-coordinator-enterprise-solutions-saas-project-delivery-operations-accurex-leadership-and-management-consultants-ltd
[2026-08-25 02:24:38] [282/3047] https://www.myjobmag.co.ke/job/business-analyst-equity-bank-kenya-4
[2026-08-25 02:24:40] [283/3047] https://www.myjobmag.co.ke/job/business-analyst-finance-oxygene-marketing-communications-ltd
[2026-08-25 02:24:43] [284/3047] https://www.myjobmag.co.ke/job/business-analyst-gertrude-s-children-s-hospital
[2026-08-25 02:24:45] [285/3047] https://www.myjobmag.co.ke/job/business-analyst-ict-officer-business-analyst-2-finance-pensions-central-bank-of-kenya
[2026-08-25 02:24:48]   TECH: Business Analyst (ICT Officer) (Business Analyst 2), Finance, Pensions at Central Bank of Kenya [Software & IT] [2025-11-07]
[2026-08-25 02:24:48] [286/3047] https://www.myjobmag.co.ke/job/business-analyst-iii-world-vision-kenya-2
[2026-08-25 02:24:50] [287/3047] https://www.myjobmag.co.ke/job/business-analyst-intern-agile-business-solutions-limited
[2026-08-25 02:24:53] [288/3047] https://www.myjobmag.co.ke/job/business-analyst-intern-burn
[2026-08-25 02:24:55] [289/3047] https://www.myjobmag.co.ke/job/business-analyst-intern-softclans-technologies-limited
[2026-08-25 02:24:58] [290/3047] https://www.myjobmag.co.ke/job/business-analyst-international-rescue-committee-2
[2026-08-25 02:25:00] [291/3047] https://www.myjobmag.co.ke/job/business-analyst-international-scholars-program
[2026-08-25 02:25:03] [292/3047] https://www.myjobmag.co.ke/job/business-analyst-jubilee-insurance-7
[2026-08-25 02:25:05] [293/3047] https://www.myjobmag.co.ke/job/business-analyst-jubilee-insurance-8
[2026-08-25 02:25:08] [294/3047] https://www.myjobmag.co.ke/job/business-analyst-kcb-bank-kenya-10
[2026-08-25 02:25:11] [295/3047] https://www.myjobmag.co.ke/job/business-analyst-kcb-bank-kenya-9
[2026-08-25 02:25:13] [296/3047] https://www.myjobmag.co.ke/job/business-analyst-mckinsey-amp-company-12
[2026-08-25 02:25:16] [297/3047] https://www.myjobmag.co.ke/job/business-analyst-minet-kenya
[2026-08-25 02:25:18] [298/3047] https://www.myjobmag.co.ke/job/business-analyst-one-year-contract-liberty-life
[2026-08-25 02:25:20] [299/3047] https://www.myjobmag.co.ke/job/business-analyst-palladium-international
[2026-08-25 02:25:23] [300/3047] https://www.myjobmag.co.ke/job/business-analyst-peoplelink-consultants-ltd
[2026-08-25 02:25:26] [301/3047] https://www.myjobmag.co.ke/job/business-analyst-process-engineering-dhl-supply-chain-kenya
[2026-08-25 02:25:28] [302/3047] https://www.myjobmag.co.ke/job/business-analyst-project-manager-arc-ride
[2026-08-25 02:25:31] [303/3047] https://www.myjobmag.co.ke/job/business-analyst-rendeavour-tatu-city-limited
[2026-08-25 02:25:33] [304/3047] https://www.myjobmag.co.ke/job/business-analyst-rendeavour-tatu-city-limited-1
[2026-08-25 02:25:36] [305/3047] https://www.myjobmag.co.ke/job/business-analyst-safal-group-1
[2026-08-25 02:25:39] [306/3047] https://www.myjobmag.co.ke/job/business-analyst-sheer-logistics-2
[2026-08-25 02:25:41] [307/3047] https://www.myjobmag.co.ke/job/business-analyst-smart-applications-international-ltd
[2026-08-25 02:25:44] [308/3047] https://www.myjobmag.co.ke/job/business-analyst-stratostaff-2
[2026-08-25 02:25:46] [309/3047] https://www.myjobmag.co.ke/job/business-analyst-tatu-city-limited-4
[2026-08-25 02:25:49] [310/3047] https://www.myjobmag.co.ke/job/business-analyst-tatu-city-limited-5
[2026-08-25 02:25:51] [311/3047] https://www.myjobmag.co.ke/job/business-analyst-test-manager-tezza-business-solutions-ltd
[2026-08-25 02:25:54] [312/3047] https://www.myjobmag.co.ke/job/business-analyst-test-manager-tezza-business-solutions-ltd-1
[2026-08-25 02:25:57] [313/3047] https://www.myjobmag.co.ke/job/business-analytics-manager-hf-group-1
[2026-08-25 02:25:59] [314/3047] https://www.myjobmag.co.ke/job/business-analytics-manager-ssa-haleon
[2026-08-25 02:26:02] [315/3047] https://www.myjobmag.co.ke/job/business-analytics-trainer-charles-mordecai-training-institute
[2026-08-25 02:26:04] [316/3047] https://www.myjobmag.co.ke/job/business-applications-analyst-cloudfactory
[2026-08-25 02:26:07] [317/3047] https://www.myjobmag.co.ke/job/business-applications-developer-pavago
[2026-08-25 02:26:09] [318/3047] https://www.myjobmag.co.ke/job/business-applications-developer-pavago-2
[2026-08-25 02:26:17] [319/3047] https://www.myjobmag.co.ke/job/business-applications-developer-pavago-7
[2026-08-25 02:26:27] [320/3047] https://www.myjobmag.co.ke/job/business-architect-kcb-bank-kenya-8
[2026-08-25 02:26:30] [321/3047] https://www.myjobmag.co.ke/job/business-architect-kcb-bank-kenya-9
[2026-08-25 02:26:34] [322/3047] https://www.myjobmag.co.ke/job/business-consulting-and-market-intelligence-senior-manager-equity-bank-kenya
[2026-08-25 02:26:37] [323/3047] https://www.myjobmag.co.ke/job/business-consulting-intern-wylde-international
[2026-08-25 02:26:39] [324/3047] https://www.myjobmag.co.ke/job/business-data-analyst-cdl-human-resouce
[2026-08-25 02:26:42]   TECH: Business Data Analyst at CDL Human Resource [Data & AI] [2026-02-10]
[2026-08-25 02:26:42] [325/3047] https://www.myjobmag.co.ke/job/business-developer-apa-life-assurance-company-ltd-4
[2026-08-25 02:26:44] [326/3047] https://www.myjobmag.co.ke/job/business-development-analyst-ctg-global
[2026-08-25 02:26:47] [327/3047] https://www.myjobmag.co.ke/job/business-development-manager-ict-digital-transformation-viscar-industrial-capacity
[2026-08-25 02:26:50] [328/3047] https://www.myjobmag.co.ke/job/business-development-manager-ict-elv-solutions-mybest-ltd
[2026-08-25 02:26:52] [329/3047] https://www.myjobmag.co.ke/job/business-development-manager-it-business-solutions-technology-cdl-human-resouce
[2026-08-25 02:26:55] [330/3047] https://www.myjobmag.co.ke/job/business-development-managers-viscar-industrial-capacity
[2026-08-25 02:26:57] [331/3047] https://www.myjobmag.co.ke/job/business-development-managers-viscar-industrial-capacity-1
[2026-08-25 02:27:00] [332/3047] https://www.myjobmag.co.ke/job/business-insights-and-data-coordinator-strathmore-business-school
[2026-08-25 02:27:02] [333/3047] https://www.myjobmag.co.ke/job/business-intelligence-analyst-absa-bank-limited-2
[2026-08-25 02:27:05] [334/3047] https://www.myjobmag.co.ke/job/business-intelligence-analyst-consultant-agriculture-markets-busara-center
[2026-08-25 02:27:07] [335/3047] https://www.myjobmag.co.ke/job/business-intelligence-analyst-consultant-agriculture-markets-busara-center-1
[2026-08-25 02:27:10] [336/3047] https://www.myjobmag.co.ke/job/business-intelligence-analyst-east-africa-iqvia
[2026-08-25 02:27:13] [337/3047] https://www.myjobmag.co.ke/job/business-intelligence-analyst-grant-thornton-kenya
[2026-08-25 02:27:15] [338/3047] https://www.myjobmag.co.ke/job/business-intelligence-analyst-intern-senri-ltd-africa-incubator-ltd
[2026-08-25 02:27:18] [339/3047] https://www.myjobmag.co.ke/job/business-intelligence-analyst-kisumu-green-wells-energies-limited
[2026-08-25 02:27:20] [340/3047] https://www.myjobmag.co.ke/job/business-intelligence-analyst-nairobi-green-wells-energies-limited
[2026-08-25 02:27:23] [341/3047] https://www.myjobmag.co.ke/job/business-intelligence-analyst-senri-ltd-africa-incubator-ltd-1
[2026-08-25 02:27:26] [342/3047] https://www.myjobmag.co.ke/job/business-intelligence-analyst-shipping-industry-talent-grid-africa
[2026-08-25 02:27:28] [343/3047] https://www.myjobmag.co.ke/job/business-intelligence-analyst-west-indian-ocean-cable-company-wiocc
[2026-08-25 02:27:31] [344/3047] https://www.myjobmag.co.ke/job/business-intelligence-and-analytics-manager-4g-capital
[2026-08-25 02:27:33] [345/3047] https://www.myjobmag.co.ke/job/business-intelligence-bi-developer-co-operative-bank-of-kenya-4
[2026-08-25 02:27:36] [346/3047] https://www.myjobmag.co.ke/job/business-intelligence-bi-developer-teleperformance
[2026-08-25 02:27:39] [347/3047] https://www.myjobmag.co.ke/job/business-intelligence-bi-trainer-mediacrest-training-college
[2026-08-25 02:27:41] [348/3047] https://www.myjobmag.co.ke/job/business-intelligence-manager-m-kopa-solar
[2026-08-25 02:27:44] [349/3047] https://www.myjobmag.co.ke/job/business-intelligence-manager-solvo-global
[2026-08-25 02:27:47] [350/3047] https://www.myjobmag.co.ke/job/business-intelligence-pricing-analyst-teleperformance
[2026-08-25 02:27:49] [351/3047] https://www.myjobmag.co.ke/job/business-intelligence-specialist-ezra
[2026-08-25 02:27:52] [352/3047] https://www.myjobmag.co.ke/job/business-performance-analyst-human-capital-outsourcing-limited-1
[2026-08-25 02:27:55] [353/3047] https://www.myjobmag.co.ke/job/business-performance-analyst-islamic-banking-national-bank-of-kenya
[2026-08-25 02:27:57] [354/3047] https://www.myjobmag.co.ke/job/business-performance-analyst-kcb-bank-kenya
[2026-08-25 02:28:00] [355/3047] https://www.myjobmag.co.ke/job/business-performance-analytics-manager-absa-bank-limited-1
[2026-08-25 02:28:02] [356/3047] https://www.myjobmag.co.ke/job/business-performance-and-analytics-manager-absa-bank-limited-3
[2026-08-25 02:28:05] [357/3047] https://www.myjobmag.co.ke/job/business-planning-and-market-development-analyst-network-international-2
[2026-08-25 02:28:08] [358/3047] https://www.myjobmag.co.ke/job/business-process-analyst-co-operative-bank-of-kenya-2
[2026-08-25 02:28:12] [359/3047] https://www.myjobmag.co.ke/job/business-process-analyst-inkomoko
[2026-08-25 02:28:15] [360/3047] https://www.myjobmag.co.ke/job/business-processing-compliance-assistant-britam-1
[2026-08-25 02:28:17] [361/3047] https://www.myjobmag.co.ke/job/business-research-analyst-tatu-city-limited
[2026-08-25 02:28:20] [362/3047] https://www.myjobmag.co.ke/job/business-system-support-analyst-world-vision-kenya
[2026-08-25 02:28:22] [363/3047] https://www.myjobmag.co.ke/job/business-systems-analyst-international-rescue-committee-1
[2026-08-25 02:28:25] [364/3047] https://www.myjobmag.co.ke/job/business-systems-analyst-international-rescue-committee-2
[2026-08-25 02:28:28] [365/3047] https://www.myjobmag.co.ke/job/business-systems-analyst-mobilehub-kenya
[2026-08-25 02:28:30] [366/3047] https://www.myjobmag.co.ke/job/business-systems-analyst-penda-health-1
[2026-08-25 02:28:33] [367/3047] https://www.myjobmag.co.ke/job/business-systems-lead-penda-health-2
[2026-08-25 02:28:35] [368/3047] https://www.myjobmag.co.ke/job/business-systems-support-officer-bank-of-africa-kenya-limited-2
[2026-08-25 02:28:38] [369/3047] https://www.myjobmag.co.ke/job/business-technology-senior-manager-enko-education-2
[2026-08-25 02:28:41] [370/3047] https://www.myjobmag.co.ke/job/business-technology-services-interns-10-posts-jubilee-insurance
[2026-08-25 02:28:44] [371/3047] https://www.myjobmag.co.ke/job/cadet-officers-economist-statistician-3-posts-national-youth-service-nys
[2026-08-25 02:28:46] [372/3047] https://www.myjobmag.co.ke/job/call-for-baseline-enumerators-dream-achievers-youth-organization-dayo
[2026-08-25 02:28:49] [373/3047] https://www.myjobmag.co.ke/job/cambridge-library-intern-makini-high-school
[2026-08-25 02:28:51] [374/3047] https://www.myjobmag.co.ke/job/capabilities-insights-analyst-social-healthcare-public-entities-mckinsey-amp-company-1
[2026-08-25 02:28:54] [375/3047] https://www.myjobmag.co.ke/job/carbon-technical-officer-burn-5
[2026-08-25 02:28:57] [376/3047] https://www.myjobmag.co.ke/job/card-engineer-stratostaff-1
[2026-08-25 02:28:59] [377/3047] https://www.myjobmag.co.ke/job/carm-and-mrela-officer-border-security-programme-bsp-mercy-corps
[2026-08-25 02:29:02] [378/3047] https://www.myjobmag.co.ke/job/case-management-data-senior-specialist-international-rescue-committee
[2026-08-25 02:29:07] [379/3047] https://www.myjobmag.co.ke/job/category-business-analytics-officer-cdl-human-resouce
[2026-08-25 02:29:09] [380/3047] https://www.myjobmag.co.ke/job/cctv-officer-cdl-human-resouce
[2026-08-25 02:29:12] [381/3047] https://www.myjobmag.co.ke/job/cdit-manager-unilever
[2026-08-25 02:29:14] [382/3047] https://www.myjobmag.co.ke/job/change-control-coordinator-west-indian-ocean-cable-company-wiocc-1
[2026-08-25 02:29:17] [383/3047] https://www.myjobmag.co.ke/job/change-manager-ai-automation-i-m-bank
[2026-08-25 02:29:20] [384/3047] https://www.myjobmag.co.ke/job/change-manager-hf-group
[2026-08-25 02:29:23] [385/3047] https://www.myjobmag.co.ke/job/channels-support-analyst-75k-sheer-logistics
[2026-08-25 02:29:30] [386/3047] https://www.myjobmag.co.ke/job/chief-data-officer-kcb-bank-kenya
[2026-08-25 02:29:32] [387/3047] https://www.myjobmag.co.ke/job/chief-information-officer-royal-mabati-factory
[2026-08-25 02:29:35] [388/3047] https://www.myjobmag.co.ke/job/chief-information-technology-audits-p-5-fta-office-of-internal-audit-investigation-nairobi-kenya-00114281-unicef
[2026-08-25 02:29:38] [389/3047] https://www.myjobmag.co.ke/job/chief-librarian-kenya-institute-of-management-kim
[2026-08-25 02:29:40] [390/3047] https://www.myjobmag.co.ke/job/chief-manager-data-engineering-kenya-revenue-authority-kra
[2026-08-25 02:29:43] [391/3047] https://www.myjobmag.co.ke/job/chief-manager-data-engineering-kenya-revenue-authority-kra-1
[2026-08-25 02:29:46] [392/3047] https://www.myjobmag.co.ke/job/chief-manager-education-policy-and-compliance-kenya-revenue-authority-kra
[2026-08-25 02:29:48] [393/3047] https://www.myjobmag.co.ke/job/chief-manager-intelligence-analysis-production-exchange-kenya-revenue-authority-kra
[2026-08-25 02:29:51] [394/3047] https://www.myjobmag.co.ke/job/chief-officer-information-communication-e-government-youth-affairs-gender-and-sports-kericho-county
[2026-08-25 02:29:53] [395/3047] https://www.myjobmag.co.ke/job/chief-technology-officer-knights-energy-limited
[2026-08-25 02:29:56] [396/3047] https://www.myjobmag.co.ke/job/child-protection-digital-solutions-specialist-kenya-terre-des-hommes-tdh
[2026-08-25 02:29:59] [397/3047] https://www.myjobmag.co.ke/job/child-protection-digital-solutions-specialist-kenya-terre-des-hommes-tdh-1
[2026-08-25 02:30:01] [398/3047] https://www.myjobmag.co.ke/job/cisoc-analyst-kcb-bank-kenya-6
[2026-08-25 02:30:04] [399/3047] https://www.myjobmag.co.ke/job/claims-analyst-ab-entheos
[2026-08-25 02:30:07] [400/3047] https://www.myjobmag.co.ke/job/clean-energy-access-research-fellow-data-analyst-clasp
[2026-08-25 02:30:09]   TECH: Clean Energy Access Research Fellow – Data Analyst at CLASP [Data & AI] [2026-01-15]
[2026-08-25 02:30:09] [401/3047] https://www.myjobmag.co.ke/job/client-experience-analyst-absa-bank-limited
[2026-08-25 02:30:12] [402/3047] https://www.myjobmag.co.ke/job/client-operations-analyst-root-capital
[2026-08-25 02:30:14] [403/3047] https://www.myjobmag.co.ke/job/client-service-ai-support-verde-edge-consulting-ltd
[2026-08-25 02:30:17] [404/3047] https://www.myjobmag.co.ke/job/climate-data-analyst-international-rescue-committee
[2026-08-25 02:30:20]   TECH: Climate Data Analyst at International Rescue Committee [Data & AI] [2026-01-27]
[2026-08-25 02:30:20] [405/3047] https://www.myjobmag.co.ke/job/clinical-bioinformatician-cancer-centre-aga-khan-university-hospital-1
[2026-08-25 02:30:22] [406/3047] https://www.myjobmag.co.ke/job/clinical-data-analyst-liaison-group
[2026-08-25 02:30:25]   TECH: Clinical Data Analyst at Liaison Group [Data & AI] [2025-08-12]
[2026-08-25 02:30:25] [407/3047] https://www.myjobmag.co.ke/job/clinical-data-management-lead-iqvia
[2026-08-25 02:30:27] [408/3047] https://www.myjobmag.co.ke/job/cloud-database-administrator-cloud-dba-world-vision-kenya-3
[2026-08-25 02:30:30] [409/3047] https://www.myjobmag.co.ke/job/cloud-developer-paas-saas-konza-technopolis-development-authority
[2026-08-25 02:30:32] [411/3047] https://www.myjobmag.co.ke/job/cloud-finops-analyst-world-vision-kenya-2
[2026-08-25 02:30:35] [412/3047] https://www.myjobmag.co.ke/job/cloud-solutions-developer-integrations-platforms-path
[2026-08-25 02:30:38] [415/3047] https://www.myjobmag.co.ke/job/cmi-consumer-and-market-insight-cd-perform-specialist-unilever
[2026-08-25 02:30:40] [416/3047] https://www.myjobmag.co.ke/job/cmi-consumer-market-insight-brand-building-specialist-growth-partner-unilever
[2026-08-25 02:30:43] [417/3047] https://www.myjobmag.co.ke/job/coders-kilimall
[2026-08-25 02:30:46] [418/3047] https://www.myjobmag.co.ke/job/coding-data-science-tutor-commission-based-softech-enterprises-ltd
[2026-08-25 02:30:48]   TECH: Coding & Data Science Tutor (Commission-Based) at Softech Enterprises Ltd [Data & AI] [2025-09-24]
[2026-08-25 02:30:48] Checkpoint saved: 97 historical records
[2026-08-25 02:30:48] [419/3047] https://www.myjobmag.co.ke/job/cognitive-field-interviewers-kilifi-flexi-personnel
[2026-08-25 02:30:51] [420/3047] https://www.myjobmag.co.ke/job/cognitive-field-interviewers-migori-flexi-personnel
[2026-08-25 02:30:53] [421/3047] https://www.myjobmag.co.ke/job/cognitive-field-interviewers-narok-flexi-personnel
[2026-08-25 02:30:56] [422/3047] https://www.myjobmag.co.ke/job/commercial-analyst-turaco-1
[2026-08-25 02:30:59] [423/3047] https://www.myjobmag.co.ke/job/commercial-analyst-turaco-2
[2026-08-25 02:31:03] [424/3047] https://www.myjobmag.co.ke/job/commercial-business-analyst-burn-1
[2026-08-25 02:31:06] [426/3047] https://www.myjobmag.co.ke/job/commercial-data-analyst-reliever-role-apollo-agriculture
[2026-08-25 02:31:08]   TECH: Commercial Data Analyst (Reliever Role) at Apollo Agriculture [Data & AI] [2026-03-09]
[2026-08-25 02:31:08] [427/3047] https://www.myjobmag.co.ke/job/commercial-data-tropical-heat
[2026-08-25 02:31:11] [428/3047] https://www.myjobmag.co.ke/job/commercial-excellence-manager-shalina-healthcare
[2026-08-25 02:31:13] [429/3047] https://www.myjobmag.co.ke/job/commercial-insights-data-manager-axmed
[2026-08-25 02:31:16] [430/3047] https://www.myjobmag.co.ke/job/commissioner-business-strategy-technology-and-enterprise-modernisation-kenya-revenue-authority-kra
[2026-08-25 02:31:19] [431/3047] https://www.myjobmag.co.ke/job/commissioner-business-strategy-technology-and-enterprise-modernisation-pkf-firms-2
[2026-08-25 02:31:22] [432/3047] https://www.myjobmag.co.ke/job/communication-technology-officer-ii-national-communications-secretariat
[2026-08-25 02:31:24] [433/3047] https://www.myjobmag.co.ke/job/communications-and-it-representative-cdl-human-resouce
[2026-08-25 02:31:27] [434/3047] https://www.myjobmag.co.ke/job/community-interviewers-3-posts-kemya-medical-research-kemri
[2026-08-25 02:31:29] [435/3047] https://www.myjobmag.co.ke/job/complex-deal-solution-sales-lead-africa-kpmg-1
[2026-08-25 02:31:32] [436/3047] https://www.myjobmag.co.ke/job/compliance-analyst-network-international-2
[2026-08-25 02:31:35] [437/3047] https://www.myjobmag.co.ke/job/compliance-monitoring-specialist-ge-healthcare
[2026-08-25 02:31:37] [438/3047] https://www.myjobmag.co.ke/job/compliance-officer-30-posts-national-authority-for-the-campaign-against-alcohol-and-drug-abuse-nacada
[2026-08-25 02:31:40] [439/3047] https://www.myjobmag.co.ke/job/computer-science-and-mathematics-key-stage-3-to-a-leve-kitengela-international-school
[2026-08-25 02:31:42] [440/3047] https://www.myjobmag.co.ke/job/computer-science-teacher-crawford-international-school
[2026-08-25 02:31:45] [441/3047] https://www.myjobmag.co.ke/job/computer-science-teacher-nairobi-international-school
[2026-08-25 02:31:48] [442/3047] https://www.myjobmag.co.ke/job/computer-science-tharaka-university
[2026-08-25 02:31:51] [443/3047] https://www.myjobmag.co.ke/job/computer-tutor-jodan-driving-school
[2026-08-25 02:31:53] [444/3047] https://www.myjobmag.co.ke/job/computing-and-mathematics-teacher-sabis-international-school-1
[2026-08-25 02:31:55] [445/3047] https://www.myjobmag.co.ke/job/computing-informatics-department-trainers-shamberere-training
[2026-08-25 02:31:58] [446/3047] https://www.myjobmag.co.ke/job/conservation-data-advisor-africa-nature-conservancy
[2026-08-25 02:32:01] [447/3047] https://www.myjobmag.co.ke/job/construction-surveyor-tatu-city-limited
[2026-08-25 02:32:03] [448/3047] https://www.myjobmag.co.ke/job/consultancy-ai-driven-capacity-building-for-programme-design-and-resource-mobilization-nomadic-assistance-for-peace-and-development
[2026-08-25 02:32:06] [449/3047] https://www.myjobmag.co.ke/job/consultancy-data-analysis-reporting-and-dissemination-dignitas-project
[2026-08-25 02:32:08] [450/3047] https://www.myjobmag.co.ke/job/consultancy-score-programme-baseline-study-help-age-international
[2026-08-25 02:32:11] [451/3047] https://www.myjobmag.co.ke/job/consultant-baseline-assessment-partnership-harmonised-indicators-snv-netherlands-development-organisation
[2026-08-25 02:32:14] [452/3047] https://www.myjobmag.co.ke/job/consultant-for-ejrf-support-and-immunization-data-analysis-coe-nairobi-unicef
[2026-08-25 02:32:16] [453/3047] https://www.myjobmag.co.ke/job/consultant-information-management-international-federation-of-red-cross-and-red-crescent-societies-ifrc-1
[2026-08-25 02:32:19] [454/3047] https://www.myjobmag.co.ke/job/consultant-programme-monitoring-reporting-and-information-management-international-organization-for-migration-iom
[2026-08-25 02:32:22] [455/3047] https://www.myjobmag.co.ke/job/consultant-senior-data-platform-architect-living-goods
[2026-08-25 02:32:24] [456/3047] https://www.myjobmag.co.ke/job/consultant-website-optimization-and-content-migration-boma-projects
[2026-08-25 02:32:27] [457/3047] https://www.myjobmag.co.ke/job/consumer-planning-manager-diageo
[2026-08-25 02:32:29] [458/3047] https://www.myjobmag.co.ke/job/content-digitization-interns-3-posts-kabarak-university
[2026-08-25 02:32:32] [459/3047] https://www.myjobmag.co.ke/job/continental-chef-1
[2026-08-25 02:32:34] [460/3047] https://www.myjobmag.co.ke/job/control-tower-analyst-platinum-outsourcing-and-logistics
[2026-08-25 02:32:37] [461/3047] https://www.myjobmag.co.ke/job/control-tower-analyst-supply-chain-platinum-outsourcing-and-logistics
[2026-08-25 02:32:40] [462/3047] https://www.myjobmag.co.ke/job/core-banking-systems-cbs-administration-manager-kenya-teachers-sacco-association-ketsa
[2026-08-25 02:32:42] [463/3047] https://www.myjobmag.co.ke/job/core-hr-data-collection-specialist-care-international
[2026-08-25 02:32:45] [464/3047] https://www.myjobmag.co.ke/job/core-systems-solutions-manager-vilcom-networks-limited
[2026-08-25 02:32:47] [465/3047] https://www.myjobmag.co.ke/job/country-business-analyst-pz-cussons-1
[2026-08-25 02:32:50] [466/3047] https://www.myjobmag.co.ke/job/country-ict-information-and-communication-technology-manager-braeburn-schools
[2026-08-25 02:32:52] [467/3047] https://www.myjobmag.co.ke/job/county-chief-officers-information-communication-technology-ict-makueni-county-public-service-board
[2026-08-25 02:32:55] [468/3047] https://www.myjobmag.co.ke/job/county-field-supervisor-meru-international-centre-for-reproductive-health
[2026-08-25 02:32:58] [469/3047] https://www.myjobmag.co.ke/job/county-field-supervisor-tharaka-nithi-international-centre-for-reproductive-health
[2026-08-25 02:33:00] [470/3047] https://www.myjobmag.co.ke/job/county-monitoring-and-evaluation-officer-kakamega-path
[2026-08-25 02:33:03] [471/3047] https://www.myjobmag.co.ke/job/credit-analyst-ezra
[2026-08-25 02:33:05] [472/3047] https://www.myjobmag.co.ke/job/credit-clerk-lainisha-sacco-limited
[2026-08-25 02:33:08] [473/3047] https://www.myjobmag.co.ke/job/credit-data-analytics-and-systems-officer-micro-enterprises-support-programme-trust-mespt
[2026-08-25 02:33:10] [474/3047] https://www.myjobmag.co.ke/job/credit-risk-analyst-4g-capital
[2026-08-25 02:33:13] [475/3047] https://www.myjobmag.co.ke/job/credit-risk-analyst-umba
[2026-08-25 02:33:16] [476/3047] https://www.myjobmag.co.ke/job/crm-configuration-specialist-trainer-calltronix-contact-training-centre-3
[2026-08-25 02:33:18] [478/3047] https://www.myjobmag.co.ke/job/crrd-data-analyst-international-rescue-committee-1
[2026-08-25 02:33:20]   TECH: CRRD Data Analyst at International Rescue Committee [Data & AI] [2026-08-06]
[2026-08-25 02:33:20] [479/3047] https://www.myjobmag.co.ke/job/customer-experience-business-analyst-burn-2
[2026-08-25 02:33:23] [480/3047] https://www.myjobmag.co.ke/job/customer-experience-cx-data-analytics-manager-equity-bank-kenya
[2026-08-25 02:33:27] [481/3047] https://www.myjobmag.co.ke/job/customer-insights-data-analyst-m-kopa-solar-1
[2026-08-25 02:33:29]   TECH: Customer Insights Data Analyst at M-KOPA Solar [Data & AI] [2026-03-26]
[2026-08-25 02:33:29] [482/3047] https://www.myjobmag.co.ke/job/customer-support-analyst-world-vision-kenya
[2026-08-25 02:33:32] [483/3047] https://www.myjobmag.co.ke/job/customer-support-and-fibre-operations-supervisor-mybest-ltd
[2026-08-25 02:33:34] [484/3047] https://www.myjobmag.co.ke/job/customer-support-engineer-telecommunications-40k-sheer-logistics
[2026-08-25 02:33:37] [485/3047] https://www.myjobmag.co.ke/job/customer-support-executive-intern-m-paya
[2026-08-25 02:33:39] [486/3047] https://www.myjobmag.co.ke/job/customer-support-technician-fibre-to-home-mybest-ltd
[2026-08-25 02:33:42] [487/3047] https://www.myjobmag.co.ke/job/cx-analytics-officer-equity-bank-kenya
[2026-08-25 02:33:44] [488/3047] https://www.myjobmag.co.ke/job/cx-intelligence-lead-equity-bank-kenya
[2026-08-25 02:33:47] [489/3047] https://www.myjobmag.co.ke/job/cyber-risk-specialist-cic-insurance
[2026-08-25 02:33:50] [490/3047] https://www.myjobmag.co.ke/job/cyber-security-analyst-devsecops-finsense-africa
[2026-08-25 02:33:52]   TECH: Cyber Security Analyst (DevSecOps) at FinSense Africa [Cybersecurity] [2026-07-16]
[2026-08-25 02:33:52] [491/3047] https://www.myjobmag.co.ke/job/cyber-security-analyst-devsecops-stratostaff
[2026-08-25 02:33:55]   TECH: Cyber Security Analyst (DevSecOps) at Stratostaff [Cybersecurity] [2026-05-11]
[2026-08-25 02:33:55] [492/3047] https://www.myjobmag.co.ke/job/cyber-security-analyst-engineer-harleys-limited
[2026-08-25 02:33:58]   TECH: Cyber Security Analyst/Engineer at Harleys Limited [Cybersecurity] [2026-05-15]
[2026-08-25 02:33:58] [493/3047] https://www.myjobmag.co.ke/job/cyber-security-analyst-kcb-bank-kenya
[2026-08-25 02:34:01]   TECH: Cyber Security Analyst at KCB Bank Kenya [Cybersecurity] [2026-07-03]
[2026-08-25 02:34:01] [494/3047] https://www.myjobmag.co.ke/job/cyber-security-and-information-security-lead-carepay-ltd
[2026-08-25 02:34:03]   TECH: Cyber Security and Information Security Lead at CarePay Ltd [Cybersecurity] [2026-04-27]
[2026-08-25 02:34:03] [495/3047] https://www.myjobmag.co.ke/job/cyber-security-expert-farsight-africa-group
[2026-08-25 02:34:06]   TECH: Cyber Security Expert at Farsight Africa Group [Cybersecurity] [2026-05-18]
[2026-08-25 02:34:06] [497/3047] https://www.myjobmag.co.ke/job/cyber-security-specialist-absa-bank-limited-3
[2026-08-25 02:34:08]   TECH: Cyber Security Specialist at Absa Bank Limited [Cybersecurity] [2026-05-07]
[2026-08-25 02:34:08] Checkpoint saved: 107 historical records
[2026-08-25 02:34:08] [499/3047] https://www.myjobmag.co.ke/job/cyber-transformation-lead-alliance-led-kpmg-1
[2026-08-25 02:34:11] [500/3047] https://www.myjobmag.co.ke/job/cybersecurity-architect-pre-sales-solutioning-abacus-1
[2026-08-25 02:34:13]   TECH: Cybersecurity Architect (Pre-Sales & Solutioning) at Abacus [Cybersecurity] [2026-07-24]
[2026-08-25 02:34:13] [502/3047] https://www.myjobmag.co.ke/job/cybersecurity-digital-protection-trainer-charles-mordecai-training-institute
[2026-08-25 02:34:16]   TECH: Cybersecurity & Digital Protection Trainer at Charles Mordecai Training Institute [Cybersecurity] [2026-06-25]
[2026-08-25 02:34:16] [504/3047] https://www.myjobmag.co.ke/job/cybersecurity-manager-jambojet
[2026-08-25 02:34:18]   TECH: Cybersecurity Manager at Jambojet [Cybersecurity] [2026-06-12]
[2026-08-25 02:34:18] [505/3047] https://www.myjobmag.co.ke/job/cybersecurity-manager-national-bank-of-kenya-2
[2026-08-25 02:34:21]   TECH: Cybersecurity Manager at National Bank of Kenya [Cybersecurity] [2026-07-22]
[2026-08-25 02:34:21] [506/3047] https://www.myjobmag.co.ke/job/cybersecurity-trainer-mediacrest-training-college-2
[2026-08-25 02:34:24]   TECH: Cybersecurity Trainer at Mediacrest Training College [Cybersecurity] [2026-05-05]
[2026-08-25 02:34:24] [508/3047] https://www.myjobmag.co.ke/job/data-accountability-officer-help-age-international
[2026-08-25 02:34:26] [509/3047] https://www.myjobmag.co.ke/job/data-administrator-west-indian-ocean-cable-company-wiocc-1
[2026-08-25 02:34:29] [510/3047] https://www.myjobmag.co.ke/job/data-administrator-west-indian-ocean-cable-company-wiocc-2
[2026-08-25 02:34:32] [511/3047] https://www.myjobmag.co.ke/job/data-ai-analyst-international-potato-center
[2026-08-25 02:34:34] [512/3047] https://www.myjobmag.co.ke/job/data-ai-architecture-lead-africa-kpmg-1
[2026-08-25 02:34:37] [513/3047] https://www.myjobmag.co.ke/job/data-ai-governance-analyst-jubilee-insurance
[2026-08-25 02:34:39] [514/3047] https://www.myjobmag.co.ke/job/data-analysis-assistant-united-nations-environment-programme-unep
[2026-08-25 02:34:42] [515/3047] https://www.myjobmag.co.ke/job/data-analysis-trainee-capwell-industries-ltd
[2026-08-25 02:34:44] [516/3047] https://www.myjobmag.co.ke/job/data-analysis-trainer-mediacrest-training-college
[2026-08-25 02:34:47] [517/3047] https://www.myjobmag.co.ke/job/data-analysis-trainer-mediacrest-training-college-1
[2026-08-25 02:34:50] [518/3047] https://www.myjobmag.co.ke/job/data-analysis-trainer-mediacrest-training-college-2
[2026-08-25 02:34:52] [520/3047] https://www.myjobmag.co.ke/job/data-analyst-apprentice-frank-management-consult-ltd
[2026-08-25 02:34:55]   TECH: Data Analyst Apprentice at Frank Management Consult Ltd [Data & AI] [2025-10-02]
[2026-08-25 02:34:55] [521/3047] https://www.myjobmag.co.ke/job/data-analyst-associate-chancen-international
[2026-08-25 02:34:57]   TECH: Data Analyst Associate at Chancen International [Data & AI] [2026-05-15]
[2026-08-25 02:34:57] [522/3047] https://www.myjobmag.co.ke/job/data-analyst-autoxpress-ltd
[2026-08-25 02:35:00]   TECH: Data Analyst at AutoXpress Ltd [Data & AI] [2026-01-15]
[2026-08-25 02:35:00] [523/3047] https://www.myjobmag.co.ke/job/data-analyst-basigo
[2026-08-25 02:35:02]   TECH: Data Analyst at BasiGo [Data & AI] [2025-09-03]
[2026-08-25 02:35:02] [524/3047] https://www.myjobmag.co.ke/job/data-analyst-calltronix-contact-training-centre-1
[2026-08-25 02:35:05]   TECH: Data Analyst at Calltronix Contact & Training Centre [Data & AI] [2026-06-02]
[2026-08-25 02:35:05] Checkpoint saved: 117 historical records
[2026-08-25 02:35:05] [525/3047] https://www.myjobmag.co.ke/job/data-analyst-cdl-human-resouce
[2026-08-25 02:35:08]   TECH: Data Analyst at CDL Human Resource [Data & AI] [2026-03-05]
[2026-08-25 02:35:08] [526/3047] https://www.myjobmag.co.ke/job/data-analyst-cema-university-of-nairobi
[2026-08-25 02:35:10]   TECH: Data Analyst - CEMA at University of Nairobi [Data & AI] [2025-12-06]
[2026-08-25 02:35:10] [528/3047] https://www.myjobmag.co.ke/job/data-analyst-conservation-alpha
[2026-08-25 02:35:13]   TECH: Data Analyst at Conservation Alpha [Data & AI] [2025-09-08]
[2026-08-25 02:35:13] [529/3047] https://www.myjobmag.co.ke/job/data-analyst-credit-eligibility-m-kopa-solar
[2026-08-25 02:35:15]   TECH: Data Analyst - Credit Eligibility at M-KOPA Solar [Data & AI] [2025-12-11]
[2026-08-25 02:35:15] [530/3047] https://www.myjobmag.co.ke/job/data-analyst-credit-product-mophones
[2026-08-25 02:35:18]   TECH: Data Analyst - Credit & Product at MoPhones [Data & AI] [2026-04-13]
[2026-08-25 02:35:18] [531/3047] https://www.myjobmag.co.ke/job/data-analyst-data-products-rainforest-alliance-1
[2026-08-25 02:35:21]   TECH: Data Analyst, Data Products at Rainforest Alliance [Data & AI] [2026-05-19]
[2026-08-25 02:35:21] [532/3047] https://www.myjobmag.co.ke/job/data-analyst-dhl-supply-chain-kenya
[2026-08-25 02:35:24]   TECH: Data Analyst at DHL Supply Chain Kenya [Data & AI] [2026-05-22]
[2026-08-25 02:35:24] [533/3047] https://www.myjobmag.co.ke/job/data-analyst-first-assurance-kenya-absa-bank-limited
[2026-08-25 02:35:26]   TECH: Data Analyst - First Assurance Kenya at Absa Bank Limited [Data & AI] [2025-09-15]
[2026-08-25 02:35:26] [534/3047] https://www.myjobmag.co.ke/job/data-analyst-global-data-hub-sos-children-s-villages
[2026-08-25 02:35:29]   TECH: Data Analyst (Global Data Hub) at SOS Children's Villages [Data & AI] [2026-05-09]
[2026-08-25 02:35:29] [535/3047] https://www.myjobmag.co.ke/job/data-analyst-global-finance-operations-international-rescue-committee
[2026-08-25 02:35:33]   TECH: Data Analyst, Global Finance Operations at International Rescue Committee [Data & AI] [2025-11-06]
[2026-08-25 02:35:33] Checkpoint saved: 127 historical records
[2026-08-25 02:35:33] [536/3047] https://www.myjobmag.co.ke/job/data-analyst-healthx-africa-1
[2026-08-25 02:35:36]   TECH: Data Analyst at HealthX Africa [Data & AI] [2025-09-18]
[2026-08-25 02:35:36] [538/3047] https://www.myjobmag.co.ke/job/data-analyst-ii-rainforest-alliance
[2026-08-25 02:35:38]   TECH: Data Analyst II at Rainforest Alliance [Data & AI] [2025-08-18]
[2026-08-25 02:35:38] [540/3047] https://www.myjobmag.co.ke/job/data-analyst-infotrak-research-and-consulting
[2026-08-25 02:35:41]   TECH: Data Analyst at Infotrak Research and Consulting [Data & AI] [2025-08-20]
[2026-08-25 02:35:41] [543/3047] https://www.myjobmag.co.ke/job/data-analyst-intern-fireside-engineering-group
[2026-08-25 02:35:43]   TECH: Data Analyst Intern at Fireside Engineering Group [Data & AI] [2025-08-04]
[2026-08-25 02:35:43] [544/3047] https://www.myjobmag.co.ke/job/data-analyst-intern-nw-realite-limited
[2026-08-25 02:35:46]   TECH: Data Analyst Intern at NW Realite Limited [Data & AI] [2025-10-14]
[2026-08-25 02:35:46] [545/3047] https://www.myjobmag.co.ke/job/data-analyst-intern-pula-5
[2026-08-25 02:35:48]   TECH: Data Analyst Intern at Pula [Data & AI] [2025-08-02]
[2026-08-25 02:35:48] [546/3047] https://www.myjobmag.co.ke/job/data-analyst-internship-pars-research
[2026-08-25 02:35:51]   TECH: Data Analyst Internship at PARS Research [Data & AI] [2026-01-29]
[2026-08-25 02:35:51] [547/3047] https://www.myjobmag.co.ke/job/data-analyst-m-f-agl-africa-global-logistics
[2026-08-25 02:35:54]   TECH: Data Analyst M/f at AGL- Africa Global Logistics [Data & AI] [2026-04-30]
[2026-08-25 02:35:54] [549/3047] https://www.myjobmag.co.ke/job/data-analyst-marketing-sheer-logistics
[2026-08-25 02:35:56]   TECH: Data Analyst (Marketing) at Sheer Logic [Data & AI] [2025-10-22]
[2026-08-25 02:35:56] [550/3047] https://www.myjobmag.co.ke/job/data-analyst-medic-mobile
[2026-08-25 02:35:58]   TECH: Data Analyst at Medic Mobile [Data & AI] [2025-11-28]
[2026-08-25 02:35:58] Checkpoint saved: 137 historical records
[2026-08-25 02:35:58] [551/3047] https://www.myjobmag.co.ke/job/data-analyst-mini-group
[2026-08-25 02:36:01]   TECH: Data Analyst at Mini Group [Data & AI] [2025-10-09]
[2026-08-25 02:36:01] [552/3047] https://www.myjobmag.co.ke/job/data-analyst-modern-trade-operations-hotpoint-appliances-ltd
[2026-08-25 02:36:04]   TECH: Data Analyst- Modern Trade Operations at Hotpoint Appliances Ltd [Data & AI] [2025-10-15]
[2026-08-25 02:36:04] [553/3047] https://www.myjobmag.co.ke/job/data-analyst-mwananchi-credit-ltd
[2026-08-25 02:36:06]   TECH: Data Analyst at Mwananchi Credit Ltd [Data & AI] [2025-08-27]
[2026-08-25 02:36:06] [554/3047] https://www.myjobmag.co.ke/job/data-analyst-mwananchi-credit-ltd-1
[2026-08-25 02:36:09]   TECH: Data Analyst at Mwananchi Credit Ltd [Data & AI] [2025-09-04]
[2026-08-25 02:36:09] [555/3047] https://www.myjobmag.co.ke/job/data-analyst-mwangaza-light
[2026-08-25 02:36:11]   TECH: Data Analyst at Mwangaza Light [Data & AI] [2025-10-28]
[2026-08-25 02:36:11] [556/3047] https://www.myjobmag.co.ke/job/data-analyst-national-church-world-service
[2026-08-25 02:36:14]   TECH: Data Analyst (National) at Church World Service [Data & AI] [2025-12-17]
[2026-08-25 02:36:14] [557/3047] https://www.myjobmag.co.ke/job/data-analyst-operations-cdl-human-resouce
[2026-08-25 02:36:17]   TECH: Data Analyst-Operations at CDL Human Resource [Data & AI] [2026-05-21]
[2026-08-25 02:36:17] [558/3047] https://www.myjobmag.co.ke/job/data-analyst-operations-java-house
[2026-08-25 02:36:20]   TECH: Data Analyst - Operations at Java House [Data & AI] [2026-04-13]
[2026-08-25 02:36:20] [559/3047] https://www.myjobmag.co.ke/job/data-analyst-part-time-luton-hospital
[2026-08-25 02:36:23]   TECH: Data Analyst (Part-Time) at Luton Hospital [Data & AI] [2025-09-15]
[2026-08-25 02:36:23] [560/3047] https://www.myjobmag.co.ke/job/data-analyst-piposoft
[2026-08-25 02:36:26]   TECH: Data Analyst at PIPOSOFT [Data & AI] [2025-10-03]
[2026-08-25 02:36:26] Checkpoint saved: 147 historical records
[2026-08-25 02:36:26] [561/3047] https://www.myjobmag.co.ke/job/data-analyst-pula
[2026-08-25 02:36:28]   TECH: Data Analyst at Pula [Data & AI] [2026-02-19]
[2026-08-25 02:36:28] [562/3047] https://www.myjobmag.co.ke/job/data-analyst-pula-1
[2026-08-25 02:36:31]   TECH: Data Analyst at Pula [Data & AI] [2026-02-26]
[2026-08-25 02:36:31] [563/3047] https://www.myjobmag.co.ke/job/data-analyst-recours-global-hr
[2026-08-25 02:36:33]   TECH: Data Analyst at Recours Global HR [Data & AI] [2026-03-18]
[2026-08-25 02:36:33] [564/3047] https://www.myjobmag.co.ke/job/data-analyst-rta-mis-amp-wfm-calltronix-contact-training-centre
[2026-08-25 02:36:36]   TECH: Data Analyst (RTA, MIS & WFM) at Calltronix Contact & Training Centre [Data & AI] [2025-11-28]
[2026-08-25 02:36:36] [567/3047] https://www.myjobmag.co.ke/job/data-analyst-scientist-swisscontact
[2026-08-25 02:36:38]   TECH: Data Analyst & Scientist at Swisscontact [Data & AI] [2026-02-25]
[2026-08-25 02:36:38] [568/3047] https://www.myjobmag.co.ke/job/data-analyst-specialist-hilalium-sons-ur-home-ltd
[2026-08-25 02:36:41]   TECH: Data Analyst Specialist at Hilalium & Sons (Ur Home ) Ltd [Data & AI] [2025-08-12]
[2026-08-25 02:36:41] [569/3047] https://www.myjobmag.co.ke/job/data-analyst-standard-bank-group-4
[2026-08-25 02:36:44]   TECH: Data Analyst at Standard Bank Group [Data & AI] [2026-02-11]
[2026-08-25 02:36:44] [570/3047] https://www.myjobmag.co.ke/job/data-analyst-standard-bank-group-5
[2026-08-25 02:36:47]   TECH: Data Analyst at Standard Bank Group [Data & AI] [2026-02-26]
[2026-08-25 02:36:47] [571/3047] https://www.myjobmag.co.ke/job/data-analyst-stima-sacco
[2026-08-25 02:36:49]   TECH: Data Analyst at Stima Sacco [Data & AI] [2026-04-13]
[2026-08-25 02:36:49] [572/3047] https://www.myjobmag.co.ke/job/data-analyst-strathmore-business-school
[2026-08-25 02:36:52]   TECH: Data Analyst at Strathmore Business School [Data & AI] [2025-12-20]
[2026-08-25 02:36:52] Checkpoint saved: 157 historical records
[2026-08-25 02:36:52] [575/3047] https://www.myjobmag.co.ke/job/data-analyst-team-lead-rainforest-alliance-1
[2026-08-25 02:36:54]   TECH: Data Analyst, Team Lead at Rainforest Alliance [Data & AI] [2025-08-26]
[2026-08-25 02:36:54] [576/3047] https://www.myjobmag.co.ke/job/data-analyst-team-lead-rainforest-alliance-2
[2026-08-25 02:36:57]   TECH: Data Analyst, Team Lead at Rainforest Alliance [Data & AI] [2025-09-19]
[2026-08-25 02:36:57] [578/3047] https://www.myjobmag.co.ke/job/data-analyst-tenwek-hospital
[2026-08-25 02:36:59]   TECH: Data Analyst at Tenwek Hospital [Data & AI] [2025-07-28]
[2026-08-25 02:36:59] [581/3047] https://www.myjobmag.co.ke/job/data-analyst-transport-q-sourcing-servtec-group
[2026-08-25 02:37:02]   TECH: Data Analyst-Transport at Q-Sourcing Servtec Group [Data & AI] [2025-08-22]
[2026-08-25 02:37:02] [582/3047] https://www.myjobmag.co.ke/job/data-analyst-transport-q-sourcing-servtec-group-1
[2026-08-25 02:37:05]   TECH: Data Analyst-Transport at Q-Sourcing Servtec Group [Data & AI] [2025-08-25]
[2026-08-25 02:37:05] [583/3047] https://www.myjobmag.co.ke/job/data-analyst-transunion-1
[2026-08-25 02:37:07]   TECH: Data Analyst at TransUnion [Data & AI] [2025-10-31]
[2026-08-25 02:37:07] [584/3047] https://www.myjobmag.co.ke/job/data-analyst-un-habitat-4
[2026-08-25 02:37:10]   TECH: Data Analyst at UN-Habitat [Data & AI] [2025-12-04]
[2026-08-25 02:37:10] [585/3047] https://www.myjobmag.co.ke/job/data-analyst-united-nations-environment-programme-unep-4
[2026-08-25 02:37:12]   TECH: Data Analyst at United Nations Environment Programme (UNEP) [Data & AI] [2026-01-16]
[2026-08-25 02:37:12] [586/3047] https://www.myjobmag.co.ke/job/data-analyst-watu-credit-limited-3
[2026-08-25 02:37:15]   TECH: Data Analyst at Watu Credit Limited [Data & AI] [2025-08-22]
[2026-08-25 02:37:15] [587/3047] https://www.myjobmag.co.ke/job/data-analysts-spinners-and-spinners-ltd-s-amp-s
[2026-08-25 02:37:18] [588/3047] https://www.myjobmag.co.ke/job/data-analytics-50-posts-ict-authority
[2026-08-25 02:37:21] [589/3047] https://www.myjobmag.co.ke/job/data-analytics-al-trainer-charles-mordecai-training-institute
[2026-08-25 02:37:23] [590/3047] https://www.myjobmag.co.ke/job/data-analytics-and-artificial-intelligence-intern-united-nations-environment-programme-unep
[2026-08-25 02:37:26]   TECH: Data Analytics And Artificial Intelligence Intern at United Nations Environment Programme (UNEP) [Data & AI] [2026-05-04]
[2026-08-25 02:37:26] Checkpoint saved: 167 historical records
[2026-08-25 02:37:26] [591/3047] https://www.myjobmag.co.ke/job/data-analytics-business-partner-safaricom-kenya-3
[2026-08-25 02:37:29] [592/3047] https://www.myjobmag.co.ke/job/data-analytics-developer-safaricom-kenya-1
[2026-08-25 02:37:31] [593/3047] https://www.myjobmag.co.ke/job/data-analytics-engineer-international-rescue-committee
[2026-08-25 02:37:34] [594/3047] https://www.myjobmag.co.ke/job/data-analytics-engineer-international-rescue-committee-1
[2026-08-25 02:37:36] [595/3047] https://www.myjobmag.co.ke/job/data-analytics-expert-farsight-africa-group
[2026-08-25 02:37:39] [596/3047] https://www.myjobmag.co.ke/job/data-analytics-ict-authority-2
[2026-08-25 02:37:42] [597/3047] https://www.myjobmag.co.ke/job/data-analytics-intern-jubilee-insurance
[2026-08-25 02:37:45] [598/3047] https://www.myjobmag.co.ke/job/data-analytics-intern-kenya-revenue-authority-kra-1
[2026-08-25 02:37:49] [599/3047] https://www.myjobmag.co.ke/job/data-analytics-kenya-revenue-authority-kra-1
[2026-08-25 02:37:51] [600/3047] https://www.myjobmag.co.ke/job/data-analytics-lecturer-africa-digital-media-institute-admi
[2026-08-25 02:37:54] [601/3047] https://www.myjobmag.co.ke/job/data-analytics-manager-cic-insurance
[2026-08-25 02:37:56] [602/3047] https://www.myjobmag.co.ke/job/data-analytics-manager-jacaranda-health
[2026-08-25 02:38:00] [603/3047] https://www.myjobmag.co.ke/job/data-analytics-specialist-jubilee-insurance
[2026-08-25 02:38:02] [604/3047] https://www.myjobmag.co.ke/job/data-and-accountability-officer-re-advertised-help-age-international
[2026-08-25 02:38:06] [605/3047] https://www.myjobmag.co.ke/job/data-and-geographic-information-systems-advisor-mercy-corps
[2026-08-25 02:38:12] [606/3047] https://www.myjobmag.co.ke/job/data-and-impact-analyst-officer-ripple-effect
[2026-08-25 02:38:15] [607/3047] https://www.myjobmag.co.ke/job/data-and-operations-intern-sunculture-kenya-ltd-1
[2026-08-25 02:38:18] [608/3047] https://www.myjobmag.co.ke/job/data-and-product-design-manager-aceli-africa
[2026-08-25 02:38:21] [609/3047] https://www.myjobmag.co.ke/job/data-and-reporting-manager-mara-elephant-project-mep
[2026-08-25 02:38:23] [610/3047] https://www.myjobmag.co.ke/job/data-and-research-intern-africa-centre-for-health-systems-and-gender-justice
[2026-08-25 02:38:26] [611/3047] https://www.myjobmag.co.ke/job/data-and-research-intern-africa-centre-for-health-systems-and-gender-justice-1
[2026-08-25 02:38:29] [612/3047] https://www.myjobmag.co.ke/job/data-and-software-engineering-scientist-icipe-ndash-african-insect-science-for-food-and-health
[2026-08-25 02:38:32] [613/3047] https://www.myjobmag.co.ke/job/data-and-statistics-associate-shamiri-institute
[2026-08-25 02:38:36] [614/3047] https://www.myjobmag.co.ke/job/data-architect-ai-enablement-co-operative-bank-of-kenya
[2026-08-25 02:38:39] [615/3047] https://www.myjobmag.co.ke/job/data-architect-co-operative-bank-of-kenya-6
[2026-08-25 02:38:42] [616/3047] https://www.myjobmag.co.ke/job/data-assistant-national-position-avsi-foundation
[2026-08-25 02:38:44] [617/3047] https://www.myjobmag.co.ke/job/data-associate-palladium-international
[2026-08-25 02:38:50] [618/3047] https://www.myjobmag.co.ke/job/data-capture-analyst-entry-level-tezza-business-solutions-ltd
[2026-08-25 02:38:52] [619/3047] https://www.myjobmag.co.ke/job/data-center-manager-system-integration-large-data-center-deployments-reeds-africa-consult
[2026-08-25 02:38:58] [620/3047] https://www.myjobmag.co.ke/job/data-center-operations-site-manager-oracle
[2026-08-25 02:39:00] [621/3047] https://www.myjobmag.co.ke/job/data-centre-engineer-cdl-human-resouce
[2026-08-25 02:39:03] [622/3047] https://www.myjobmag.co.ke/job/data-centre-executive-reeds-africa-consult
[2026-08-25 02:39:07] [623/3047] https://www.myjobmag.co.ke/job/data-centre-officer-prime-bank-kenya
[2026-08-25 02:39:09] [624/3047] https://www.myjobmag.co.ke/job/data-centre-officer-reeds-africa-consult-1
[2026-08-25 02:39:12] [625/3047] https://www.myjobmag.co.ke/job/data-centre-operations-manager-equity-bank-kenya-1
[2026-08-25 02:39:16] [626/3047] https://www.myjobmag.co.ke/job/data-clerk-1-mini-group
[2026-08-25 02:39:19] [627/3047] https://www.myjobmag.co.ke/job/data-clerk-avsi-foundation
[2026-08-25 02:39:23] [628/3047] https://www.myjobmag.co.ke/job/data-clerk-cdl-human-resouce
[2026-08-25 02:39:26] [629/3047] https://www.myjobmag.co.ke/job/data-clerk-ebola-virus-disease-evd-preparedness-and-response-amref-kenya
[2026-08-25 02:39:29] [630/3047] https://www.myjobmag.co.ke/job/data-clerk-ihd-aga-khan-university-hospital
[2026-08-25 02:39:32] [631/3047] https://www.myjobmag.co.ke/job/data-clerk-interim-engagement-christian-health-association-of-kenya-chak
[2026-08-25 02:39:34] [632/3047] https://www.myjobmag.co.ke/job/data-clerk-interim-engagement-christian-health-association-of-kenya-chak-1
[2026-08-25 02:39:37] [633/3047] https://www.myjobmag.co.ke/job/data-clerk-kisumu-kemya-medical-research-kemri-1
[2026-08-25 02:39:40] [634/3047] https://www.myjobmag.co.ke/job/data-clerk-kisumu-kemya-medical-research-kemri-2
[2026-08-25 02:39:42] [635/3047] https://www.myjobmag.co.ke/job/data-collection-assistant-generation
[2026-08-25 02:39:45] [636/3047] https://www.myjobmag.co.ke/job/data-collection-enumerators-embu-co-operative-university-of-kenya-cuk
[2026-08-25 02:39:47] [637/3047] https://www.myjobmag.co.ke/job/data-collection-enumerators-kiambu-co-operative-university-of-kenya-cuk
[2026-08-25 02:39:50] [638/3047] https://www.myjobmag.co.ke/job/data-collection-enumerators-kirinyaga-co-operative-university-of-kenya-cuk
[2026-08-25 02:39:52] [639/3047] https://www.myjobmag.co.ke/job/data-collection-enumerators-meru-co-operative-university-of-kenya-cuk
[2026-08-25 02:39:55] [640/3047] https://www.myjobmag.co.ke/job/data-collection-enumerators-murang-a-co-operative-university-of-kenya-cuk
[2026-08-25 02:39:57] [641/3047] https://www.myjobmag.co.ke/job/data-collection-enumerators-nyeri-co-operative-university-of-kenya-cuk
[2026-08-25 02:40:00] [642/3047] https://www.myjobmag.co.ke/job/data-collection-enumerators-tharaka-nithi-co-operative-university-of-kenya-cuk
[2026-08-25 02:40:02] [643/3047] https://www.myjobmag.co.ke/job/data-collection-enumerators-thika-co-operative-university-of-kenya-cuk
[2026-08-25 02:40:05] [644/3047] https://www.myjobmag.co.ke/job/data-collection-officer-reeds-africa-consult
[2026-08-25 02:40:07] [645/3047] https://www.myjobmag.co.ke/job/data-coordinator-norwegian-refugee-council
[2026-08-25 02:40:10] [647/3047] https://www.myjobmag.co.ke/job/data-engineer-and-analytics-specialist-victory-farms
[2026-08-25 02:40:15]   TECH: Data Engineer and Analytics Specialist at Victory Farms [Data & AI] [2026-02-06]
[2026-08-25 02:40:15] [649/3047] https://www.myjobmag.co.ke/job/data-engineer-burn-4
[2026-08-25 02:40:18]   TECH: Data Engineer at BURN [Data & AI] [2025-12-02]
[2026-08-25 02:40:18] [651/3047] https://www.myjobmag.co.ke/job/data-engineer-co-operative-bank-of-kenya-7
[2026-08-25 02:40:20]   TECH: Data Engineer at Co-operative Bank of Kenya [Data & AI] [2025-11-28]
[2026-08-25 02:40:20] [652/3047] https://www.myjobmag.co.ke/job/data-engineer-consultant-solutech-limited
[2026-08-25 02:40:23]   TECH: Data Engineer Consultant at Solutech Limited [Data & AI] [2025-08-04]
[2026-08-25 02:40:23] [653/3047] https://www.myjobmag.co.ke/job/data-engineer-crossboundary
[2026-08-25 02:40:26]   TECH: Data Engineer at CrossBoundary [Data & AI] [2026-04-27]
[2026-08-25 02:40:26] [655/3047] https://www.myjobmag.co.ke/job/data-engineer-ezra
[2026-08-25 02:40:28]   TECH: Data Engineer at Ezra [Data & AI] [2026-05-14]
[2026-08-25 02:40:28] [656/3047] https://www.myjobmag.co.ke/job/data-engineer-family-bank-ltd-1
[2026-08-25 02:40:31]   TECH: Data Engineer at Family Bank Ltd [Data & AI] [2026-05-06]
[2026-08-25 02:40:31] [657/3047] https://www.myjobmag.co.ke/job/data-engineer-hospitality-nairobi-summit-recruitment-and-search
[2026-08-25 02:40:33]   TECH: Data Engineer (Hospitality) – Nairobi at Summit Recruitment and Search [Data & AI] [2025-12-08]
[2026-08-25 02:40:33] [658/3047] https://www.myjobmag.co.ke/job/data-engineer-i-m-bank-1
[2026-08-25 02:40:36]   TECH: Data Engineer at I&M Bank [Data & AI] [2025-09-30]
[2026-08-25 02:40:36] [659/3047] https://www.myjobmag.co.ke/job/data-engineer-international-rescue-committee-1
[2026-08-25 02:40:39]   TECH: Data Engineer at International Rescue Committee [Data & AI] [2026-01-23]
[2026-08-25 02:40:39] Checkpoint saved: 177 historical records
[2026-08-25 02:40:39] [660/3047] https://www.myjobmag.co.ke/job/data-engineer-international-rescue-committee-2
[2026-08-25 02:40:41]   TECH: Data Engineer at International Rescue Committee [Data & AI] [2026-02-19]
[2026-08-25 02:40:41] [661/3047] https://www.myjobmag.co.ke/job/data-engineer-international-rescue-committee-4
[2026-08-25 02:40:44]   TECH: Data Engineer at International Rescue Committee [Data & AI] [2026-05-07]
[2026-08-25 02:40:44] [662/3047] https://www.myjobmag.co.ke/job/data-engineer-jubilee-insurance-5
[2026-08-25 02:40:46]   TECH: Data Engineer at Jubilee Insurance [Data & AI] [2025-08-07]
[2026-08-25 02:40:46] [663/3047] https://www.myjobmag.co.ke/job/data-engineer-jubilee-insurance-6
[2026-08-25 02:40:49]   TECH: Data Engineer at Jubilee Insurance [Data & AI] [2025-12-20]
[2026-08-25 02:40:49] [664/3047] https://www.myjobmag.co.ke/job/data-engineer-kcb-bank-kenya-6
[2026-08-25 02:40:51]   TECH: Data Engineer at KCB Bank Kenya [Data & AI] [2025-12-10]
[2026-08-25 02:40:51] [665/3047] https://www.myjobmag.co.ke/job/data-engineer-kenya-airways
[2026-08-25 02:40:54]   TECH: Data Engineer at Kenya Airways [Data & AI] [2025-08-11]
[2026-08-25 02:40:54] [666/3047] https://www.myjobmag.co.ke/job/data-engineer-living-goods-2
[2026-08-25 02:40:56]   TECH: Data Engineer at Living Goods [Data & AI] [2025-09-24]
[2026-08-25 02:40:56] [667/3047] https://www.myjobmag.co.ke/job/data-engineer-living-goods-3
[2026-08-25 02:40:59]   TECH: Data Engineer at Living Goods [Data & AI] [2026-01-24]
[2026-08-25 02:40:59] [669/3047] https://www.myjobmag.co.ke/job/data-engineer-nairobi-summit-recruitment-and-search
[2026-08-25 02:41:02]   TECH: Data Engineer – Nairobi at Summit Recruitment and Search [Data & AI] [2026-03-17]
[2026-08-25 02:41:02] [670/3047] https://www.myjobmag.co.ke/job/data-engineer-one-acre-fund
[2026-08-25 02:41:05]   TECH: Data Engineer at One Acre Fund [Data & AI] [2026-04-13]
[2026-08-25 02:41:05] Checkpoint saved: 187 historical records
[2026-08-25 02:41:05] [671/3047] https://www.myjobmag.co.ke/job/data-engineer-p3-united-nations-environment-programme-unep
[2026-08-25 02:41:07]   TECH: Data Engineer, P3 at United Nations Environment Programme (UNEP) [Data & AI] [2026-04-03]
[2026-08-25 02:41:07] [672/3047] https://www.myjobmag.co.ke/job/data-engineer-sankuphc-1
[2026-08-25 02:41:10]   TECH: Data Engineer at SankuPHC [Data & AI] [2026-01-28]
[2026-08-25 02:41:10] [673/3047] https://www.myjobmag.co.ke/job/data-engineer-world-vision-kenya
[2026-08-25 02:41:13]   TECH: Data Engineer at World Vision Kenya [Data & AI] [2025-09-30]
[2026-08-25 02:41:13] [674/3047] https://www.myjobmag.co.ke/job/data-engineer-world-vision-kenya-1
[2026-08-25 02:41:15]   TECH: Data Engineer at World Vision Kenya [Data & AI] [2025-11-28]
[2026-08-25 02:41:15] [675/3047] https://www.myjobmag.co.ke/job/data-engineering-advisor-cigna
[2026-08-25 02:41:18] [676/3047] https://www.myjobmag.co.ke/job/data-engineering-advisor-cigna-1
[2026-08-25 02:41:20] [677/3047] https://www.myjobmag.co.ke/job/data-engineering-intern-1-post-agile-business-solutions-limited
[2026-08-25 02:41:23] [678/3047] https://www.myjobmag.co.ke/job/data-engineering-lead-analyst-cigna
[2026-08-25 02:41:25] [679/3047] https://www.myjobmag.co.ke/job/data-engineering-lead-analyst-cigna-1
[2026-08-25 02:41:28] [680/3047] https://www.myjobmag.co.ke/job/data-entry-admin-intern-nairobi-central-hardware
[2026-08-25 02:41:31] [681/3047] https://www.myjobmag.co.ke/job/data-entry-and-typist-clerk-centropen-stationers-limited-1
[2026-08-25 02:41:33] [682/3047] https://www.myjobmag.co.ke/job/data-entry-assistants-africa-management-solutions-limited-amsol
[2026-08-25 02:41:36] [683/3047] https://www.myjobmag.co.ke/job/data-entry-clerk-agri-experience-limited
[2026-08-25 02:41:39] [684/3047] https://www.myjobmag.co.ke/job/data-entry-clerk-finance-kenya-builders-concrete-co-ltd
[2026-08-25 02:41:41] [685/3047] https://www.myjobmag.co.ke/job/data-entry-clerk-garage-kenya-builders-concrete-co-ltd
[2026-08-25 02:41:44] [686/3047] https://www.myjobmag.co.ke/job/data-entry-clerk-intern-zade-associates-llp
[2026-08-25 02:41:46] [687/3047] https://www.myjobmag.co.ke/job/data-entry-clerk-kenya-builders-concrete-co-ltd
[2026-08-25 02:41:49] [688/3047] https://www.myjobmag.co.ke/job/data-entry-clerk-ramco-group
[2026-08-25 02:41:51] [689/3047] https://www.myjobmag.co.ke/job/data-entry-clerk-reeds-africa-consult
[2026-08-25 02:41:54] [690/3047] https://www.myjobmag.co.ke/job/data-entry-clerks-aga-khan-foundation
[2026-08-25 02:41:56] [691/3047] https://www.myjobmag.co.ke/job/data-entry-intern-nova-pioneer
[2026-08-25 02:41:59] [692/3047] https://www.myjobmag.co.ke/job/data-entry-officer-itm-kenya-ltd
[2026-08-25 02:42:01] [693/3047] https://www.myjobmag.co.ke/job/data-entry-officer-kenyatta-national-hospital
[2026-08-25 02:42:04] [694/3047] https://www.myjobmag.co.ke/job/data-entry-operator-medecins-sans-frontieres-msf
[2026-08-25 02:42:06] [695/3047] https://www.myjobmag.co.ke/job/data-entry-operator-sap-business-one-peoplelink-consultants-ltd
[2026-08-25 02:42:09] [696/3047] https://www.myjobmag.co.ke/job/data-entry-personnel-imexolutions
[2026-08-25 02:42:11] [697/3047] https://www.myjobmag.co.ke/job/data-enumerator-somo
[2026-08-25 02:42:14] [698/3047] https://www.myjobmag.co.ke/job/data-extraction-specialist-acled
[2026-08-25 02:42:17] [699/3047] https://www.myjobmag.co.ke/job/data-fi-kenya-country-director-governance-and-policy-lead-palladium-international
[2026-08-25 02:42:20] [700/3047] https://www.myjobmag.co.ke/job/data-fi-kenya-health-financing-technical-associate-palladium-international
[2026-08-25 02:42:22] [701/3047] https://www.myjobmag.co.ke/job/data-fi-kenya-project-intern-data-health-systems-palladium-international
[2026-08-25 02:42:25] [702/3047] https://www.myjobmag.co.ke/job/data-generalist-carepay-ltd
[2026-08-25 02:42:27] [703/3047] https://www.myjobmag.co.ke/job/data-gis-intern-space-for-giants
[2026-08-25 02:42:30] [704/3047] https://www.myjobmag.co.ke/job/data-governance-intern-jubilee-insurance
[2026-08-25 02:42:32] [705/3047] https://www.myjobmag.co.ke/job/data-governance-manager-i-m-bank
[2026-08-25 02:42:35] [706/3047] https://www.myjobmag.co.ke/job/data-governance-quality-enablement-lead-plan-international
[2026-08-25 02:42:38] [707/3047] https://www.myjobmag.co.ke/job/data-ict-assistant-mtwapa-3-posts-kemya-medical-research-kemri
[2026-08-25 02:42:40] [708/3047] https://www.myjobmag.co.ke/job/data-insights-analytics-manager-standard-bank-group
[2026-08-25 02:42:43] [709/3047] https://www.myjobmag.co.ke/job/data-insights-officer-dignitas
[2026-08-25 02:42:45] [710/3047] https://www.myjobmag.co.ke/job/data-intern-kemya-medical-research-kemri-2
[2026-08-25 02:42:48] [711/3047] https://www.myjobmag.co.ke/job/data-intern-pig-food-takataka-solutions
[2026-08-25 02:42:52] [712/3047] https://www.myjobmag.co.ke/job/data-intern-takataka-solutions
[2026-08-25 02:42:55] [713/3047] https://www.myjobmag.co.ke/job/data-interns-dtii-insupply-health
[2026-08-25 02:42:58] [714/3047] https://www.myjobmag.co.ke/job/data-labelling-associate-digital-divide-data-ddd-kenya
[2026-08-25 02:43:02] [715/3047] https://www.myjobmag.co.ke/job/data-literacy-interns-2-positions-icon-data-and-learning-labs-idl
[2026-08-25 02:43:05] [716/3047] https://www.myjobmag.co.ke/job/data-management-intern-the-maa-trust
[2026-08-25 02:43:08] [717/3047] https://www.myjobmag.co.ke/job/data-management-kenya-school-of-government
[2026-08-25 02:43:11] [718/3047] https://www.myjobmag.co.ke/job/data-management-processor-adec-kenya-services-epz-limited-adec-kenya
[2026-08-25 02:43:14] [719/3047] https://www.myjobmag.co.ke/job/data-management-specialist-absa-bank-limited
[2026-08-25 02:43:16] [720/3047] https://www.myjobmag.co.ke/job/data-management-strategy-and-governance-manager-cigna
[2026-08-25 02:43:21] [721/3047] https://www.myjobmag.co.ke/job/data-manager-1-position-k-mr-5-kemya-medical-research-kemri
[2026-08-25 02:43:23] [722/3047] https://www.myjobmag.co.ke/job/data-manager-associate-busara-center
[2026-08-25 02:43:28] [723/3047] https://www.myjobmag.co.ke/job/data-manager-department-of-population-health-aga-khan-university-hospital
[2026-08-25 02:43:33] [724/3047] https://www.myjobmag.co.ke/job/data-manager-kemya-medical-research-kemri-13
[2026-08-25 02:43:37] [725/3047] https://www.myjobmag.co.ke/job/data-manager-kilifi-kemya-medical-research-kemri
[2026-08-25 02:43:41] [726/3047] https://www.myjobmag.co.ke/job/data-manager-kisumu-kemya-medical-research-kemri
[2026-08-25 02:43:44] [727/3047] https://www.myjobmag.co.ke/job/data-manager-kisumu-kemya-medical-research-kemri-1
[2026-08-25 02:43:47] [728/3047] https://www.myjobmag.co.ke/job/data-managment-processor-adec-kenya-services-epz-limited-adec-kenya
[2026-08-25 02:43:51] [729/3047] https://www.myjobmag.co.ke/job/data-migration-specialist-tezza-business-solutions-ltd
[2026-08-25 02:43:53] [730/3047] https://www.myjobmag.co.ke/job/data-mining-specialist-ison-xperiences-limited
[2026-08-25 02:43:58] [731/3047] https://www.myjobmag.co.ke/job/data-officer-acted
[2026-08-25 02:44:04] [732/3047] https://www.myjobmag.co.ke/job/data-officer-for-sudan-impact-initiatives
[2026-08-25 02:44:06] [733/3047] https://www.myjobmag.co.ke/job/data-officer-intern-christian-health-association-of-kenya-chak
[2026-08-25 02:44:09] [734/3047] https://www.myjobmag.co.ke/job/data-officer-kemya-medical-research-kemri-1
[2026-08-25 02:44:12] [735/3047] https://www.myjobmag.co.ke/job/data-officer-lattice-1
[2026-08-25 02:44:14] [736/3047] https://www.myjobmag.co.ke/job/data-platforms-manager-international-rescue-committee
[2026-08-25 02:44:17] [737/3047] https://www.myjobmag.co.ke/job/data-privacy-analyst-co-operative-bank-of-kenya-1
[2026-08-25 02:44:20] [738/3047] https://www.myjobmag.co.ke/job/data-privacy-manager-plan-international-1
[2026-08-25 02:44:23] [739/3047] https://www.myjobmag.co.ke/job/data-privacy-manager-standard-bank-group-1
[2026-08-25 02:44:25] [740/3047] https://www.myjobmag.co.ke/job/data-privacy-officer-equity-bank-kenya-1
[2026-08-25 02:44:28] [741/3047] https://www.myjobmag.co.ke/job/data-product-manager-4g-capital
[2026-08-25 02:44:30]   TECH: Data Product Manager at 4G Capital [Product & UX] [2025-08-25]
[2026-08-25 02:44:30] [742/3047] https://www.myjobmag.co.ke/job/data-protection-compliance-officer-kenya-airways
[2026-08-25 02:44:33] [743/3047] https://www.myjobmag.co.ke/job/data-protection-officer-blue-ventures
[2026-08-25 02:44:35] [744/3047] https://www.myjobmag.co.ke/job/data-protection-officer-commercial-international-bank-cib-kenya
[2026-08-25 02:44:38] [745/3047] https://www.myjobmag.co.ke/job/data-protection-officer-fairmont-hotels-amp-resorts
[2026-08-25 02:44:41] [746/3047] https://www.myjobmag.co.ke/job/data-protection-officer-jalaram-medical-services
[2026-08-25 02:44:43] [747/3047] https://www.myjobmag.co.ke/job/data-protection-officer-madison-group-limited-2
[2026-08-25 02:44:46] [748/3047] https://www.myjobmag.co.ke/job/data-protection-quality-assurance-officer-kenya-network-information-centre-kenic
[2026-08-25 02:44:49]   TECH: Data Protection & Quality Assurance Officer at Kenya Network Information Centre (KENIC) [QA & Testing] [2025-12-22]
[2026-08-25 02:44:49] [749/3047] https://www.myjobmag.co.ke/job/data-protection-specialist-equity-bank-kenya
[2026-08-25 02:44:52] [750/3047] https://www.myjobmag.co.ke/job/data-quality-analyst-co-operative-bank-of-kenya-3
[2026-08-25 02:44:54] [751/3047] https://www.myjobmag.co.ke/job/data-quality-analyst-contract-tezza-business-solutions-ltd
[2026-08-25 02:44:57] [752/3047] https://www.myjobmag.co.ke/job/data-quality-lead-jubilee-insurance
[2026-08-25 02:44:59] [753/3047] https://www.myjobmag.co.ke/job/data-quality-manager-i-m-bank
[2026-08-25 02:45:02] [754/3047] https://www.myjobmag.co.ke/job/data-reporting-analyst-victory-farms
[2026-08-25 02:45:04] [755/3047] https://www.myjobmag.co.ke/job/data-research-intern-united-nations-office-for-project-services-unops
[2026-08-25 02:45:07] [756/3047] https://www.myjobmag.co.ke/job/data-science-and-analytics-interns-diageo
[2026-08-25 02:45:10]   TECH: Data Science and Analytics Interns at Diageo [Data & AI] [2025-11-20]
[2026-08-25 02:45:10] [757/3047] https://www.myjobmag.co.ke/job/data-science-and-analytics-specialist-old-mutual-kenya
[2026-08-25 02:45:13]   TECH: Data Science and Analytics Specialist at Old Mutual Kenya [Data & AI] [2025-08-21]
[2026-08-25 02:45:13] [758/3047] https://www.myjobmag.co.ke/job/data-science-and-data-analytics-consultant-pkf-firms
[2026-08-25 02:45:17]   TECH: Data Science and Data Analytics Consultant at PKF firms [Data & AI] [2025-10-06]
[2026-08-25 02:45:17] [759/3047] https://www.myjobmag.co.ke/job/data-science-and-machine-learning-engineer-sight-and-sound-limited
[2026-08-25 02:45:20]   TECH: Data Science and Machine Learning Engineer at Sight and Sound Limited [Data & AI] [2025-07-24]
[2026-08-25 02:45:20] Checkpoint saved: 197 historical records
[2026-08-25 02:45:20] [760/3047] https://www.myjobmag.co.ke/job/data-science-assistant-g5-united-nations-environment-programme-unep
[2026-08-25 02:45:22]   TECH: Data Science Assistant, G5 at United Nations Environment Programme (UNEP) [Data & AI] [2026-03-03]
[2026-08-25 02:45:22] [761/3047] https://www.myjobmag.co.ke/job/data-science-engineer-assistant-senior-manager-diamond-trust-bank-dtb
[2026-08-25 02:45:25]   TECH: Data Science Engineer, Assistant Senior Manager at Diamond Trust Bank (DTB) [Data & AI] [2026-03-28]
[2026-08-25 02:45:25] [762/3047] https://www.myjobmag.co.ke/job/data-science-engineer-credit-scoring-ml-advanced-analytics-assistant-senior-manager-diamond-trust-bank-dtb
[2026-08-25 02:45:28]   TECH: Data Science Engineer, Credit Scoring, ML & Advanced Analytics, Assistant Senior Manager at Diamond Trust Bank (DTB) [Data & AI] [2026-03-28]
[2026-08-25 02:45:28] [763/3047] https://www.myjobmag.co.ke/job/data-science-officer-micro-and-small-enterprise-authority-msea
[2026-08-25 02:45:30]   TECH: Data Science Officer at Micro and Small Enterprise Authority (MSEA) [Data & AI] [2026-03-27]
[2026-08-25 02:45:30] [764/3047] https://www.myjobmag.co.ke/job/data-science-support-intern-pezesha
[2026-08-25 02:45:33]   TECH: Data Science Support Intern at Pezesha [Data & AI] [2026-01-19]
[2026-08-25 02:45:33] [765/3047] https://www.myjobmag.co.ke/job/data-science-technical-mentor-moringa-school-2
[2026-08-25 02:45:36]   TECH: Data Science Technical Mentor at Moringa School [Data & AI] [2025-11-28]
[2026-08-25 02:45:36] [766/3047] https://www.myjobmag.co.ke/job/data-science-technical-trainers-moringa-school
[2026-08-25 02:45:38]   TECH: Data Science Technical Trainers at Moringa School [Data & AI] [2026-01-19]
[2026-08-25 02:45:38] [767/3047] https://www.myjobmag.co.ke/job/data-science-trainer-mediacrest-training-college
[2026-08-25 02:45:41]   TECH: Data Science Trainer at Mediacrest Training College [Data & AI] [2025-12-16]
[2026-08-25 02:45:41] [768/3047] https://www.myjobmag.co.ke/job/data-science-trainer-mediacrest-training-college-1
[2026-08-25 02:45:43]   TECH: Data Science Trainer at Mediacrest Training College [Data & AI] [2026-01-19]
[2026-08-25 02:45:43] [769/3047] https://www.myjobmag.co.ke/job/data-science-trainer-mediacrest-training-college-2
[2026-08-25 02:45:46]   TECH: Data Science Trainer at Mediacrest Training College [Data & AI] [2026-05-05]
[2026-08-25 02:45:46] Checkpoint saved: 207 historical records
[2026-08-25 02:45:46] [771/3047] https://www.myjobmag.co.ke/job/data-science-trainers-mediacrest-training-college
[2026-08-25 02:45:49]   TECH: Data Science Trainers at Mediacrest Training College [Data & AI] [2025-09-11]
[2026-08-25 02:45:49] [773/3047] https://www.myjobmag.co.ke/job/data-scientist-ai-native-growth-credit-umba
[2026-08-25 02:45:51]   TECH: Data Scientist (AI-Native) — Growth & Credit at Umba [Data & AI] [2026-05-14]
[2026-08-25 02:45:51] [774/3047] https://www.myjobmag.co.ke/job/data-scientist-apeiro
[2026-08-25 02:45:54]   TECH: Data Scientist at Apeiro Kenya [Data & AI] [2026-03-12]
[2026-08-25 02:45:54] [775/3047] https://www.myjobmag.co.ke/job/data-scientist-assistant-manager-equity-bank-kenya
[2026-08-25 02:45:57]   TECH: Data Scientist - Assistant Manager at Equity Bank Kenya [Data & AI] [2025-10-23]
[2026-08-25 02:45:57] [777/3047] https://www.myjobmag.co.ke/job/data-scientist-co-operative-bank-of-kenya-6
[2026-08-25 02:46:00]   TECH: Data Scientist at Co-operative Bank of Kenya [Data & AI] [2025-10-07]
[2026-08-25 02:46:00] [778/3047] https://www.myjobmag.co.ke/job/data-scientist-co-operative-bank-of-kenya-7
[2026-08-25 02:46:04]   TECH: Data Scientist at Co-operative Bank of Kenya [Data & AI] [2025-11-27]
[2026-08-25 02:46:04] [779/3047] https://www.myjobmag.co.ke/job/data-scientist-credit-eligibility-nairobi-m-kopa-solar
[2026-08-25 02:46:07]   TECH: Data Scientist - Credit Eligibility - Nairobi at M-KOPA Solar [Data & AI] [2026-06-01]
[2026-08-25 02:46:07] [780/3047] https://www.myjobmag.co.ke/job/data-scientist-educate
[2026-08-25 02:46:10]   TECH: Data Scientist at Educate! [Data & AI] [2026-02-11]
[2026-08-25 02:46:10] [782/3047] https://www.myjobmag.co.ke/job/data-scientist-family-bank-ltd-2
[2026-08-25 02:46:13]   TECH: Data Scientist at Family Bank Ltd [Data & AI] [2025-11-03]
[2026-08-25 02:46:13] [783/3047] https://www.myjobmag.co.ke/job/data-scientist-family-bank-ltd-3
[2026-08-25 02:46:15]   TECH: Data Scientist at Family Bank Ltd [Data & AI] [2026-05-06]
[2026-08-25 02:46:15] Checkpoint saved: 217 historical records
[2026-08-25 02:46:15] [786/3047] https://www.myjobmag.co.ke/job/data-scientist-graduate-trainee-btc-group
[2026-08-25 02:46:18]   TECH: Data Scientist- Graduate Trainee at BTC Group [Data & AI] [2025-11-04]
[2026-08-25 02:46:18] [787/3047] https://www.myjobmag.co.ke/job/data-scientist-i-m-bank-1
[2026-08-25 02:46:21]   TECH: Data Scientist at I&M Bank [Data & AI] [2025-12-08]
[2026-08-25 02:46:21] [788/3047] https://www.myjobmag.co.ke/job/data-scientist-ict-administration-office-aga-khan-university-hospital-1
[2026-08-25 02:46:24]   TECH: Data Scientist, ICT Administration Office at Aga Khan University Hospital [Data & AI] [2025-09-02]
[2026-08-25 02:46:24] [790/3047] https://www.myjobmag.co.ke/job/data-scientist-intern-africa-e-mobility-alliance-afema
[2026-08-25 02:46:26]   TECH: Data Scientist Intern at Africa E-Mobility Alliance (AfEMA) [Data & AI] [2026-01-14]
[2026-08-25 02:46:26] [791/3047] https://www.myjobmag.co.ke/job/data-scientist-kenya-airways
[2026-08-25 02:46:29]   TECH: Data Scientist at Kenya Airways [Data & AI] [2025-08-11]
[2026-08-25 02:46:29] [792/3047] https://www.myjobmag.co.ke/job/data-scientist-p4-united-nations-environment-programme-unep-1
[2026-08-25 02:46:32]   TECH: Data Scientist, P4 at United Nations Environment Programme (UNEP) [Data & AI] [2026-01-29]
[2026-08-25 02:46:32] [793/3047] https://www.myjobmag.co.ke/job/data-scientist-senior-officer-equity-bank-kenya
[2026-08-25 02:46:34]   TECH: Data Scientist - Senior Officer at Equity Bank Kenya [Data & AI] [2025-10-20]
[2026-08-25 02:46:34] [794/3047] https://www.myjobmag.co.ke/job/data-scientist-senior-officer-equity-bank-kenya-1
[2026-08-25 02:46:37]   TECH: Data Scientist - Senior Officer at Equity Bank Kenya [Data & AI] [2026-02-06]
[2026-08-25 02:46:37] [795/3047] https://www.myjobmag.co.ke/job/data-scientist-standard-bank-group-5
[2026-08-25 02:46:40]   TECH: Data Scientist at Standard Bank Group [Data & AI] [2025-12-16]
[2026-08-25 02:46:40] [796/3047] https://www.myjobmag.co.ke/job/data-scientist-strathmore-business-school
[2026-08-25 02:46:42]   TECH: Data Scientist at Strathmore Business School [Data & AI] [2025-12-20]
[2026-08-25 02:46:42] Checkpoint saved: 227 historical records
[2026-08-25 02:46:42] [797/3047] https://www.myjobmag.co.ke/job/data-scientist-tatu-city-limited-3
[2026-08-25 02:46:45]   TECH: Data Scientist at Tatu City Limited [Data & AI] [2025-11-26]
[2026-08-25 02:46:45] [798/3047] https://www.myjobmag.co.ke/job/data-scientist-un-habitat-1
[2026-08-25 02:46:48]   TECH: Data Scientist at UN-Habitat [Data & AI] [2025-08-12]
[2026-08-25 02:46:48] [799/3047] https://www.myjobmag.co.ke/job/data-scientist-world-food-programme-wfp
[2026-08-25 02:46:50]   TECH: Data Scientist at World Food Programme (WFP) [Data & AI] [2026-01-21]
[2026-08-25 02:46:50] [800/3047] https://www.myjobmag.co.ke/job/data-solution-architect-rainforest-alliance
[2026-08-25 02:46:53]   TECH: Data Solution Architect at Rainforest Alliance [Software & IT] [2025-07-28]
[2026-08-25 02:46:53] [801/3047] https://www.myjobmag.co.ke/job/data-specialist-international-rescue-committee-1
[2026-08-25 02:46:55] [802/3047] https://www.myjobmag.co.ke/job/data-specialist-programme-monitoring-and-improvement-global-alliance-for-improved-nutrition-gain
[2026-08-25 02:46:58] [803/3047] https://www.myjobmag.co.ke/job/data-specialist-rws
[2026-08-25 02:47:01] [804/3047] https://www.myjobmag.co.ke/job/data-specialist-trocaire
[2026-08-25 02:47:03] [805/3047] https://www.myjobmag.co.ke/job/data-specialist-un-habitat-1
[2026-08-25 02:47:06] [806/3047] https://www.myjobmag.co.ke/job/data-system-and-analysis-consultant-pme-kenya-nairobi-7-months-remote-open-only-for-national-consultants-592756-unicef
[2026-08-25 02:47:08] [807/3047] https://www.myjobmag.co.ke/job/data-systems-senior-manager-trees-for-the-future
[2026-08-25 02:47:11] [808/3047] https://www.myjobmag.co.ke/job/data-team-lead-iqvia-6
[2026-08-25 02:47:13] [809/3047] https://www.myjobmag.co.ke/job/data-team-lead-iqvia-7
[2026-08-25 02:47:16] [810/3047] https://www.myjobmag.co.ke/job/data-tech-incubation-intern-1-position-icon-data-and-learning-labs-idl
[2026-08-25 02:47:19] [811/3047] https://www.myjobmag.co.ke/job/data-technology-manager-acumen-east-west-africa-acumen-2
[2026-08-25 02:47:22] [812/3047] https://www.myjobmag.co.ke/job/data-verification-assistant-18-posts-nairobi-city-water-and-sewerage-company-limited-ncwsc
[2026-08-25 02:47:25] [813/3047] https://www.myjobmag.co.ke/job/data-visualization-intern-office-of-the-special-envoy-of-the-secretary
[2026-08-25 02:47:27] [814/3047] https://www.myjobmag.co.ke/job/database-administration-database-administrator-safaricom-kenya-1
[2026-08-25 02:47:30] [815/3047] https://www.myjobmag.co.ke/job/database-administration-intern-2-posts-judicial-service-commission-1
[2026-08-25 02:47:32] [816/3047] https://www.myjobmag.co.ke/job/database-administration-officer-hf-group
[2026-08-25 02:47:35] [817/3047] https://www.myjobmag.co.ke/job/database-administrator-consolidated-bank-of-kenya-2
[2026-08-25 02:47:37] [818/3047] https://www.myjobmag.co.ke/job/database-administrator-consolidated-bank-of-kenya-3
[2026-08-25 02:47:40] [819/3047] https://www.myjobmag.co.ke/job/database-administrator-credit-bank
[2026-08-25 02:47:43] [820/3047] https://www.myjobmag.co.ke/job/database-administrator-credit-bank-1
[2026-08-25 02:47:46] [821/3047] https://www.myjobmag.co.ke/job/database-administrator-dba-madison-group-limited
[2026-08-25 02:47:48] [822/3047] https://www.myjobmag.co.ke/job/database-administrator-dubai-islamic-bank-3
[2026-08-25 02:47:51] [823/3047] https://www.myjobmag.co.ke/job/database-administrator-flexi-personnel
[2026-08-25 02:47:53] [824/3047] https://www.myjobmag.co.ke/job/database-administrator-geminia-insurance-company
[2026-08-25 02:47:56] [825/3047] https://www.myjobmag.co.ke/job/database-administrator-hf-group-1
[2026-08-25 02:47:59] [826/3047] https://www.myjobmag.co.ke/job/database-administrator-hf-group-2
[2026-08-25 02:48:01] [827/3047] https://www.myjobmag.co.ke/job/database-administrator-ict-department-abc-bank-african-banking-corporation-limited
[2026-08-25 02:48:04] [828/3047] https://www.myjobmag.co.ke/job/database-administrator-ig-sacco
[2026-08-25 02:48:09] [829/3047] https://www.myjobmag.co.ke/job/database-administrator-kenya-methodist-university-kemu
[2026-08-25 02:48:12] [830/3047] https://www.myjobmag.co.ke/job/database-administrator-kingdom-bank-limited
[2026-08-25 02:48:14] [831/3047] https://www.myjobmag.co.ke/job/database-administrator-manager-hf-group
[2026-08-25 02:48:17] [832/3047] https://www.myjobmag.co.ke/job/database-administrator-mobilehub-kenya
[2026-08-25 02:48:20] [833/3047] https://www.myjobmag.co.ke/job/database-administrator-mysql-edb-postgresql-sybyl-limited
[2026-08-25 02:48:22] [834/3047] https://www.myjobmag.co.ke/job/database-administrator-naivas
[2026-08-25 02:48:25] [835/3047] https://www.myjobmag.co.ke/job/database-administrator-nawiri-sacco
[2026-08-25 02:48:27] [836/3047] https://www.myjobmag.co.ke/job/database-administrator-officer-hf-group
[2026-08-25 02:48:30] [837/3047] https://www.myjobmag.co.ke/job/database-administrator-smart-applications-international-ltd
[2026-08-25 02:48:33] [838/3047] https://www.myjobmag.co.ke/job/database-administrator-tana
[2026-08-25 02:48:35] [839/3047] https://www.myjobmag.co.ke/job/database-and-it-security-analyst-geminia-insurance-company
[2026-08-25 02:48:39]   TECH: Database and IT Security Analyst at Geminia Insurance Company [Cybersecurity] [2025-11-10]
[2026-08-25 02:48:39] [840/3047] https://www.myjobmag.co.ke/job/database-developer-cigna
[2026-08-25 02:48:41] [841/3047] https://www.myjobmag.co.ke/job/database-developer-cigna-1
[2026-08-25 02:48:44] [842/3047] https://www.myjobmag.co.ke/job/database-developer-intern-softclans-technologies-limited
[2026-08-25 02:48:46] [843/3047] https://www.myjobmag.co.ke/job/database-platforms-specialist-absa-bank-limited
[2026-08-25 02:48:49] [844/3047] https://www.myjobmag.co.ke/job/datacenter-technician-oracle
[2026-08-25 02:48:52] [845/3047] https://www.myjobmag.co.ke/job/dean-school-of-ict-media-engineering-zetech-university-1
[2026-08-25 02:48:54] [846/3047] https://www.myjobmag.co.ke/job/debt-collection-process-lead-mogo-finance
[2026-08-25 02:48:57] [847/3047] https://www.myjobmag.co.ke/job/decision-analytics-lead-d-light
[2026-08-25 02:49:00] [848/3047] https://www.myjobmag.co.ke/job/demand-planner-sales-analyst-chloride-exide-k-limited-cekl
[2026-08-25 02:49:03] [849/3047] https://www.myjobmag.co.ke/job/department-of-econometrics-and-statistics-lecturer-kenyatta-university
[2026-08-25 02:49:06] [850/3047] https://www.myjobmag.co.ke/job/deputy-chief-economist-nandi-county
[2026-08-25 02:49:09] [851/3047] https://www.myjobmag.co.ke/job/deputy-director-ai-delivery-government-partnerships-gates-foundation
[2026-08-25 02:49:11] [852/3047] https://www.myjobmag.co.ke/job/deputy-director-geoinformatics-migori-county
[2026-08-25 02:49:15] [853/3047] https://www.myjobmag.co.ke/job/deputy-director-information-and-communication-technology-privatisation-authority
[2026-08-25 02:49:17] [854/3047] https://www.myjobmag.co.ke/job/deputy-director-information-and-communication-technology-privatization-commission
[2026-08-25 02:49:20] [855/3047] https://www.myjobmag.co.ke/job/deputy-director-information-communication-technology-hrm-cs-ddict-2-2026-kasneb
[2026-08-25 02:49:23] [856/3047] https://www.myjobmag.co.ke/job/deputy-director-information-communication-technology-national-legal-aid-service-nlas
[2026-08-25 02:49:25] [857/3047] https://www.myjobmag.co.ke/job/deputy-director-information-communication-technology-tourism-fund-tf-1
[2026-08-25 02:49:28] [858/3047] https://www.myjobmag.co.ke/job/deputy-director-information-systems-audit-mount-kenya-university
[2026-08-25 02:49:31] [859/3047] https://www.myjobmag.co.ke/job/deputy-director-planning-monitoring-evaluation-national-drought-management-authority
[2026-08-25 02:49:33] [860/3047] https://www.myjobmag.co.ke/job/deputy-director-planning-risk-and-quality-management-planning-risk-and-quality-management-division-kenya-institute-for-public-policy-research-and-analysis-kippra
[2026-08-25 02:49:36] [861/3047] https://www.myjobmag.co.ke/job/deputy-director-policy-analysis-gender-and-special-groups-gender-and-special-groups-division-kenya-institute-for-public-policy-research-and-analysis-kippra
[2026-08-25 02:49:39] [862/3047] https://www.myjobmag.co.ke/job/deputy-director-policy-analysis-governance-governance-division-kenya-institute-for-public-policy-research-and-analysis-kippra
[2026-08-25 02:49:41] [863/3047] https://www.myjobmag.co.ke/job/deputy-director-policy-analysis-infrastructure-and-economic-services-infrastructure-and-economic-services-division-kenya-institute-for-public-policy-research-and-analysis-kippra
[2026-08-25 02:49:44] [864/3047] https://www.myjobmag.co.ke/job/deputy-director-policy-analysis-macroeconomics-macroeconomics-division-kenya-institute-for-public-policy-research-and-analysis-kippra
[2026-08-25 02:49:47] [865/3047] https://www.myjobmag.co.ke/job/deputy-director-policy-analysis-modelling-modelling-division-kenya-institute-for-public-policy-research-and-analysis-kippra
[2026-08-25 02:49:49] [866/3047] https://www.myjobmag.co.ke/job/deputy-director-policy-analysis-nutrition-and-dietetics-nutrition-and-dietetics-division-kenya-institute-for-public-policy-research-and-analysis-kippra
[2026-08-25 02:49:52] [867/3047] https://www.myjobmag.co.ke/job/deputy-director-policy-analysis-predictive-analytics-predictive-analytics-division-kenya-institute-for-public-policy-research-and-analysis-kippra
[2026-08-25 02:49:55] [868/3047] https://www.myjobmag.co.ke/job/deputy-director-policy-analysis-productive-sector-productive-sector-division-kenya-institute-for-public-policy-research-and-analysis-kippra
[2026-08-25 02:49:57] [869/3047] https://www.myjobmag.co.ke/job/deputy-director-policy-analysis-social-sector-social-sector-division-kenya-institute-for-public-policy-research-and-analysis-kippra
[2026-08-25 02:50:00] [870/3047] https://www.myjobmag.co.ke/job/deputy-director-policy-analysis-trade-and-foreign-policy-trade-and-foreign-policy-division-kenya-institute-for-public-policy-research-and-analysis-kippra
[2026-08-25 02:50:02] [871/3047] https://www.myjobmag.co.ke/job/deputy-director-policy-capacity-development-capacity-development-division-kenya-institute-for-public-policy-research-and-analysis-kippra
[2026-08-25 02:50:05] [872/3047] https://www.myjobmag.co.ke/job/deputy-director-registration-and-data-management-public-benefit-organizations-regulatory-authority
[2026-08-25 02:50:08] [873/3047] https://www.myjobmag.co.ke/job/deputy-director-research-data-analytics-judicial-service-commission
[2026-08-25 02:50:10] [874/3047] https://www.myjobmag.co.ke/job/deputy-director-research-innovation-ddri-national-irrigation-authority-nia
[2026-08-25 02:50:13] [875/3047] https://www.myjobmag.co.ke/job/deputy-director-strategy-planning-research-kenya-institute-of-supplies-management
[2026-08-25 02:50:16] [876/3047] https://www.myjobmag.co.ke/job/deputy-manager-data-analytics-data-steward-statistics-and-library-services-division-central-bank-of-kenya
[2026-08-25 02:50:18] [877/3047] https://www.myjobmag.co.ke/job/deputy-manager-publications-and-dissemination-statistics-and-library-services-division-central-bank-of-kenya
[2026-08-25 02:50:21] [878/3047] https://www.myjobmag.co.ke/job/deputy-manager-retail-payments-oversight-central-bank-of-kenya
[2026-08-25 02:50:24] [879/3047] https://www.myjobmag.co.ke/job/deputy-manager-virtual-asset-service-provider-oversight-and-compliance-in-digital-payment-services-division-central-bank-of-kenya
[2026-08-25 02:50:26] [880/3047] https://www.myjobmag.co.ke/job/design-and-simulation-3-posts-masinde-muliro-university-of-science-amp-technology-mmust
[2026-08-25 02:50:29] [881/3047] https://www.myjobmag.co.ke/job/design-engineer-nairobi-safal-group
[2026-08-25 02:50:31] [882/3047] https://www.myjobmag.co.ke/job/desktop-and-site-support-technician-teleperformance-teleperformance
[2026-08-25 02:50:34] [883/3047] https://www.myjobmag.co.ke/job/developer-data-analytics-safaricom-kenya
[2026-08-25 02:50:37] [884/3047] https://www.myjobmag.co.ke/job/developer-standard-bank-group-5
[2026-08-25 02:50:39] [885/3047] https://www.myjobmag.co.ke/job/development-and-innovation-officer-royal-mabati-factory
[2026-08-25 02:50:42] [886/3047] https://www.myjobmag.co.ke/job/development-of-pastoral-data-collection-pan-african-standards-guidelines-consultant-african-union-interafrican-bureau-for-animal-resources
[2026-08-25 02:50:45] [888/3047] https://www.myjobmag.co.ke/job/development-programme-internship-digital-standard-bank-group
[2026-08-25 02:50:47] [889/3047] https://www.myjobmag.co.ke/job/development-programme-internship-technology-standard-bank-group
[2026-08-25 02:50:50] [890/3047] https://www.myjobmag.co.ke/job/devices-and-innovation-lead-safaricom-kenya
[2026-08-25 02:50:52] [891/3047] https://www.myjobmag.co.ke/job/devops-engineer-4g-capital
[2026-08-25 02:50:55]   TECH: DevOps Engineer at 4G Capital [Cloud & DevOps] [2026-05-15]
[2026-08-25 02:50:55] [893/3047] https://www.myjobmag.co.ke/job/devops-engineer-living-goods-3
[2026-08-25 02:50:57]   TECH: DevOps Engineer at Living Goods [Cloud & DevOps] [2026-05-20]
[2026-08-25 02:50:57] [894/3047] https://www.myjobmag.co.ke/job/devops-engineer-ncba-group-1
[2026-08-25 02:51:00]   TECH: DevOps Engineer at NCBA Group [Cloud & DevOps] [2025-10-17]
[2026-08-25 02:51:00] [896/3047] https://www.myjobmag.co.ke/job/devsecops-engineer-safaricom-kenya-1
[2026-08-25 02:51:03] [897/3047] https://www.myjobmag.co.ke/job/dfg-field-enumerator-ihd-aga-khan-university-hospital
[2026-08-25 02:51:06] [898/3047] https://www.myjobmag.co.ke/job/digital-agricultural-transformation-manager-kakuzi-plc
[2026-08-25 02:51:08] [899/3047] https://www.myjobmag.co.ke/job/digital-business-partner-product-manager-tony-blair-institute-for-global-change
[2026-08-25 02:51:11]   TECH: Digital Business Partner - Product Manager at Tony Blair Institute for Global Change [Product & UX] [2025-07-24]
[2026-08-25 02:51:11] [900/3047] https://www.myjobmag.co.ke/job/digital-e-channels-support-officer-co-operative-bank-of-kenya-7
[2026-08-25 02:51:13] [901/3047] https://www.myjobmag.co.ke/job/digital-forensics-data-analyst-old-mutual-kenya
[2026-08-25 02:51:16]   TECH: Digital Forensics & Data Analyst at Old Mutual Kenya [Data & AI] [2025-08-21]
[2026-08-25 02:51:16] Checkpoint saved: 237 historical records
[2026-08-25 02:51:16] [902/3047] https://www.myjobmag.co.ke/job/digital-identity-lead-frontier-technologies-foundations-genesis-analytics
[2026-08-25 02:51:19] [903/3047] https://www.myjobmag.co.ke/job/digital-literacy-officer-the-ol-pejeta-conservancy-opc-1
[2026-08-25 02:51:22] [904/3047] https://www.myjobmag.co.ke/job/digital-media-specialist-library-department-aga-khan-university-hospital
[2026-08-25 02:51:25] [905/3047] https://www.myjobmag.co.ke/job/digital-operations-officer-i-m-bank
[2026-08-25 02:51:27] [906/3047] https://www.myjobmag.co.ke/job/digital-solutions-engineer-summit-recruitment-and-search
[2026-08-25 02:51:30] [907/3047] https://www.myjobmag.co.ke/job/digital-support-specialist-kcb-bank-kenya-9
[2026-08-25 02:51:32] [908/3047] https://www.myjobmag.co.ke/job/digital-transformation-lead-reg-cst-world-food-programme-wfp
[2026-08-25 02:51:35] [909/3047] https://www.myjobmag.co.ke/job/digital-transformation-lecturer-africa-digital-media-institute-admi
[2026-08-25 02:51:38] [910/3047] https://www.myjobmag.co.ke/job/digital-transformation-project-manager-pmii-world-vision-kenya
[2026-08-25 02:51:40] [911/3047] https://www.myjobmag.co.ke/job/direct-sales-agent-nanyuki-hcs-affiliates-group-1
[2026-08-25 02:51:43] [912/3047] https://www.myjobmag.co.ke/job/director-ai-security-international-rescue-committee
[2026-08-25 02:51:46] [913/3047] https://www.myjobmag.co.ke/job/director-capacity-development-partnerships-and-knowledge-management-directorate-of-capacity-development-partnerships-and-knowledge-management-kenya-institute-for-public-policy-research-and-analysis-kippra
[2026-08-25 02:51:48] [914/3047] https://www.myjobmag.co.ke/job/director-communication-technology-national-communications-secretariat
[2026-08-25 02:51:53] [915/3047] https://www.myjobmag.co.ke/job/director-digital-health-and-informatics-digital-health-agency-dha
[2026-08-25 02:51:56] [916/3047] https://www.myjobmag.co.ke/job/director-digital-platforms-business-development-palladium-international
[2026-08-25 02:51:58] [917/3047] https://www.myjobmag.co.ke/job/director-global-data-quality-insights-reporting-splash-international
[2026-08-25 02:52:01] [918/3047] https://www.myjobmag.co.ke/job/director-information-communication-and-technology-jkuat-enterprises-limited
[2026-08-25 02:52:03] [919/3047] https://www.myjobmag.co.ke/job/director-integrated-development-directorate-of-integrated-development-kenya-institute-for-public-policy-research-and-analysis-kippra
[2026-08-25 02:52:06] [920/3047] https://www.myjobmag.co.ke/job/director-macroeconomics-modelling-and-forecasting-directorate-of-economic-management-kenya-institute-for-public-policy-research-and-analysis-kippra
[2026-08-25 02:52:08] [921/3047] https://www.myjobmag.co.ke/job/director-marketing-analytics-remote
[2026-08-25 02:52:12] [922/3047] https://www.myjobmag.co.ke/job/director-monitoring-and-evaluation-county-of-kitui
[2026-08-25 02:52:14] [923/3047] https://www.myjobmag.co.ke/job/director-of-data-analytics-educate
[2026-08-25 02:52:17] [924/3047] https://www.myjobmag.co.ke/job/director-of-data-wikimedia-foundation
[2026-08-25 02:52:21] [925/3047] https://www.myjobmag.co.ke/job/director-of-information-systems-burn
[2026-08-25 02:52:24] [926/3047] https://www.myjobmag.co.ke/job/director-of-monitoring-and-evaluation-kenya-connect
[2026-08-25 02:52:26] [927/3047] https://www.myjobmag.co.ke/job/director-of-monitoring-evaluation-and-learning-trees-for-the-future
[2026-08-25 02:52:30] [928/3047] https://www.myjobmag.co.ke/job/director-of-performance-metrics-educate
[2026-08-25 02:52:32] [929/3047] https://www.myjobmag.co.ke/job/director-research-data-informatics-national-drought-management-authority
[2026-08-25 02:52:36] [930/3047] https://www.myjobmag.co.ke/job/director-social-development-and-governance-directorate-of-social-development-and-governance-kenya-institute-for-public-policy-research-and-analysis-kippra
[2026-08-25 02:52:39] [931/3047] https://www.myjobmag.co.ke/job/director-technology-operations-cloudfactory
[2026-08-25 02:52:43] [932/3047] https://www.myjobmag.co.ke/job/disaster-data-specialist-consultant-united-nations-office-for-disaster-risk-reduction
[2026-08-25 02:52:48] [933/3047] https://www.myjobmag.co.ke/job/disaster-data-specialist-united-nations-office-for-disaster-risk-reduction
[2026-08-25 02:52:51] [934/3047] https://www.myjobmag.co.ke/job/disaster-risk-management-expert-avsi-foundation
[2026-08-25 02:52:56] [935/3047] https://www.myjobmag.co.ke/job/disaster-risk-reduction-and-early-warning-officer-data-analysis-and-information-management-p-international-organization-for-migration-iom
[2026-08-25 02:53:01] [936/3047] https://www.myjobmag.co.ke/job/distribution-analytics-executive-sheer-logistics
[2026-08-25 02:53:03] [937/3047] https://www.myjobmag.co.ke/job/document-controller-administrator-lake-turkana-wind-power-ltwp
[2026-08-25 02:53:09] [938/3047] https://www.myjobmag.co.ke/job/donor-systems-analyst-oxfam
[2026-08-25 02:53:12] [939/3047] https://www.myjobmag.co.ke/job/driving-school-analyst-aa-kenya
[2026-08-25 02:53:17] [940/3047] https://www.myjobmag.co.ke/job/drupal-developer-abacus
[2026-08-25 02:53:20] [941/3047] https://www.myjobmag.co.ke/job/dynamics-365-crm-developer-cdl-human-resouce
[2026-08-25 02:53:22] [942/3047] https://www.myjobmag.co.ke/job/dynamics-365-crm-developer-cdl-human-resouce-1
[2026-08-25 02:53:27] [943/3047] https://www.myjobmag.co.ke/job/dynamics-365-f-o-developer-cdl-human-resouce
[2026-08-25 02:53:31] [944/3047] https://www.myjobmag.co.ke/job/e-t-consultant-regional-engagement-analyst-world-bank-group
[2026-08-25 02:53:34] [945/3047] https://www.myjobmag.co.ke/job/e-t-consultant-world-bank-group-9
[2026-08-25 02:53:36] [946/3047] https://www.myjobmag.co.ke/job/ebkl-hr-business-reporting-analyst-equity-bank-kenya
[2026-08-25 02:53:39] [947/3047] https://www.myjobmag.co.ke/job/economics-statistics-and-data-management-african-development-bank
[2026-08-25 02:53:43] [948/3047] https://www.myjobmag.co.ke/job/economics-statistics-and-data-management-african-development-bank-1
[2026-08-25 02:53:47] [949/3047] https://www.myjobmag.co.ke/job/economics-statistics-kenya-tsetse-and-trypanosomiasis-eradication-council
[2026-08-25 02:53:49] [950/3047] https://www.myjobmag.co.ke/job/economics-teacher-nairobi-international-school
[2026-08-25 02:53:53] [951/3047] https://www.myjobmag.co.ke/job/economist-i-statistician-i-8-posts-migori-county
[2026-08-25 02:53:56] [952/3047] https://www.myjobmag.co.ke/job/economist-ii-2-posts-isiolo-county-government-1
[2026-08-25 02:54:00] [953/3047] https://www.myjobmag.co.ke/job/economist-ii-2-posts-tana-river-county
[2026-08-25 02:54:03] [954/3047] https://www.myjobmag.co.ke/job/economist-ii-4-posts-nandi-county
[2026-08-25 02:54:06] [955/3047] https://www.myjobmag.co.ke/job/economist-ii-statistician-ii-3-posts-county-government-of-nyandarua
[2026-08-25 02:54:09] [956/3047] https://www.myjobmag.co.ke/job/economist-ii-uasin-gishu-county
[2026-08-25 02:54:12] [957/3047] https://www.myjobmag.co.ke/job/economist-intern-kenya-electricity-generating-company-kengen
[2026-08-25 02:54:15] [958/3047] https://www.myjobmag.co.ke/job/economist-kenya-electricity-generating-company-kengen
[2026-08-25 02:54:19] [959/3047] https://www.myjobmag.co.ke/job/economist-statistician-interns-2-posts-county-government-of-nyeri
[2026-08-25 02:54:21] [960/3047] https://www.myjobmag.co.ke/job/edi-business-analyst-salix-data
[2026-08-25 02:54:24] [961/3047] https://www.myjobmag.co.ke/job/education-solutions-engineer-google
[2026-08-25 02:54:27] [962/3047] https://www.myjobmag.co.ke/job/educators-ict-kiota-school
[2026-08-25 02:54:29] [963/3047] https://www.myjobmag.co.ke/job/eligibility-representative-ghb-cigna-1
[2026-08-25 02:54:32] [965/3047] https://www.myjobmag.co.ke/job/endpoint-engineer-world-vision-kenya-2
[2026-08-25 02:54:35] [966/3047] https://www.myjobmag.co.ke/job/engagement-delivery-lead-technology-kpmg
[2026-08-25 02:54:40] [967/3047] https://www.myjobmag.co.ke/job/engineer-cyber-security-assurance-ncba-group
[2026-08-25 02:54:43]   TECH: Engineer Cyber Security Assurance at NCBA Group [Cybersecurity] [2026-05-13]
[2026-08-25 02:54:43] [968/3047] https://www.myjobmag.co.ke/job/engineer-cyber-security-standard-bank-group-3
[2026-08-25 02:54:47]   TECH: Engineer, Cyber Security at Standard Bank Group [Cybersecurity] [2026-06-11]
[2026-08-25 02:54:47] [969/3047] https://www.myjobmag.co.ke/job/engineer-data-analytics-operations-safaricom-kenya-1
[2026-08-25 02:54:52] [970/3047] https://www.myjobmag.co.ke/job/engineer-data-standard-bank-group-10
[2026-08-25 02:54:55] [971/3047] https://www.myjobmag.co.ke/job/engineer-enterprise-customer-support-safaricom-kenya-1
[2026-08-25 02:54:58] [972/3047] https://www.myjobmag.co.ke/job/engineer-ipcc-planning-safaricom-kenya
[2026-08-25 02:55:03] [973/3047] https://www.myjobmag.co.ke/job/engineer-software-automation-standard-bank-group
[2026-08-25 02:55:06] [974/3047] https://www.myjobmag.co.ke/job/engineering-team-leader-remote-3
[2026-08-25 02:55:09] [975/3047] https://www.myjobmag.co.ke/job/enterprise-architect-2-posts-national-bank-of-kenya
[2026-08-25 02:55:12] [976/3047] https://www.myjobmag.co.ke/job/enterprise-architecture-head-world-vision-kenya
[2026-08-25 02:55:14] [977/3047] https://www.myjobmag.co.ke/job/enterprise-business-analyst-ai-enablement-co-operative-bank-of-kenya
[2026-08-25 02:55:17] [978/3047] https://www.myjobmag.co.ke/job/enterprise-customer-project-manager-airtel
[2026-08-25 02:55:22] [979/3047] https://www.myjobmag.co.ke/job/enterprise-data-architect-jubilee-insurance
[2026-08-25 02:55:25] [980/3047] https://www.myjobmag.co.ke/job/enterprise-it-account-manager-cdl-human-resouce
[2026-08-25 02:55:27] [981/3047] https://www.myjobmag.co.ke/job/enterprise-noc-support-engineer-jamii-telecommunications-1
[2026-08-25 02:55:33] [982/3047] https://www.myjobmag.co.ke/job/enterprise-product-manager-leo-satellite-airtel
[2026-08-25 02:55:39]   TECH: Enterprise Product Manager - LEO Satellite at Airtel [Product & UX] [2026-07-30]
[2026-08-25 02:55:39] [983/3047] https://www.myjobmag.co.ke/job/enterprise-product-manager-network-as-a-service-naas-airtel
[2026-08-25 02:55:42]   TECH: Enterprise Product Manager - Network-as-a-Service (NaaS) at Airtel [Product & UX] [2026-07-30]
[2026-08-25 02:55:42] [984/3047] https://www.myjobmag.co.ke/job/enterprise-solution-architecture-lead-cloud-platform-africa-kpmg
[2026-08-25 02:55:44] [985/3047] https://www.myjobmag.co.ke/job/entry-level-ftth-technician-reeds-africa-consult
[2026-08-25 02:55:49] [986/3047] https://www.myjobmag.co.ke/job/enumerator-annual-survey-yisa-program-busia-farm-africa
[2026-08-25 02:55:52] [987/3047] https://www.myjobmag.co.ke/job/enumerator-annual-survey-yisa-program-homabay-farm-africa
[2026-08-25 02:55:57] [988/3047] https://www.myjobmag.co.ke/job/enumerator-annual-survey-yisa-program-kakamega-farm-africa
[2026-08-25 02:55:59] [989/3047] https://www.myjobmag.co.ke/job/enumerator-annual-survey-yisa-program-kilifi-farm-africa
[2026-08-25 02:56:02] [990/3047] https://www.myjobmag.co.ke/job/enumerator-annual-survey-yisa-program-kisumu-farm-africa
[2026-08-25 02:56:04] [991/3047] https://www.myjobmag.co.ke/job/enumerator-annual-survey-yisa-program-migori-farm-africa
[2026-08-25 02:56:07] [992/3047] https://www.myjobmag.co.ke/job/enumerator-field-data-collection-bungoma-world-vegetable-center
[2026-08-25 02:56:10] [993/3047] https://www.myjobmag.co.ke/job/enumerator-field-data-collection-busia-world-vegetable-center
[2026-08-25 02:56:12] [994/3047] https://www.myjobmag.co.ke/job/enumerator-field-data-collection-kakamega-world-vegetable-center
[2026-08-25 02:56:15] [995/3047] https://www.myjobmag.co.ke/job/enumerator-field-officer-10-positions-insight-axis-africa
[2026-08-25 02:56:18] [996/3047] https://www.myjobmag.co.ke/job/enumerator-kajido-infotrak-research-and-consulting
[2026-08-25 02:56:24] [997/3047] https://www.myjobmag.co.ke/job/enumerator-kiambu-infotrak-research-and-consulting
[2026-08-25 02:56:26] [998/3047] https://www.myjobmag.co.ke/job/enumerator-nairobi-infotrak-research-and-consulting
[2026-08-25 02:56:29] [999/3047] https://www.myjobmag.co.ke/job/enumerator-nakuru-infotrak-research-and-consulting
[2026-08-25 02:56:31] [1000/3047] https://www.myjobmag.co.ke/job/enumerator-uasin-gishu-infotrak-research-and-consulting
[2026-08-25 02:56:34] [1001/3047] https://www.myjobmag.co.ke/job/enumerators-10-positions-hias
[2026-08-25 02:56:40] [1002/3047] https://www.myjobmag.co.ke/job/enumerators-10-quantitative-helen-keller-international
[2026-08-25 02:56:43] [1003/3047] https://www.myjobmag.co.ke/job/enumerators-6-qualitative-helen-keller-international
[2026-08-25 02:56:49] [1004/3047] https://www.myjobmag.co.ke/job/enumerators-murang-rsquo-a-county
[2026-08-25 02:56:53] [1005/3047] https://www.myjobmag.co.ke/job/enumerators-strides-baseline-study-aga-khan-foundation
[2026-08-25 02:56:58] [1006/3047] https://www.myjobmag.co.ke/job/environment-statistics-and-analysis-united-nations-environment-programme-unep
[2026-08-25 02:57:01] [1007/3047] https://www.myjobmag.co.ke/job/environmental-investigative-analyst-code-for-africa-cfa
[2026-08-25 02:57:04] [1008/3047] https://www.myjobmag.co.ke/job/eqms-implementation-quality-systems-specialist-apeiro
[2026-08-25 02:57:11] [1009/3047] https://www.myjobmag.co.ke/job/erp-implementation-analyst-intern-value8-group
[2026-08-25 02:57:14] [1010/3047] https://www.myjobmag.co.ke/job/erp-integrations-consultant-solutech-limited
[2026-08-25 02:57:17] [1011/3047] https://www.myjobmag.co.ke/job/erp-web-portal-developer-kenya-red-cross-society-1
[2026-08-25 02:57:26] [1012/3047] https://www.myjobmag.co.ke/job/evidence-to-action-officer-marie-stopes
[2026-08-25 02:57:29] [1013/3047] https://www.myjobmag.co.ke/job/examination-data-management-officer-management-university-of-africa-1
[2026-08-25 02:57:36] [1014/3047] https://www.myjobmag.co.ke/job/executive-assistant-to-chief-executive-officer-managing-director-atl-global-business
[2026-08-25 02:57:39] [1015/3047] https://www.myjobmag.co.ke/job/executive-head-enterprise-data-management-kcb-bank-kenya
[2026-08-25 02:57:42] [1016/3047] https://www.myjobmag.co.ke/job/executive-vice-president-evidence-evidence-action-1
[2026-08-25 02:57:47] [1017/3047] https://www.myjobmag.co.ke/job/expedited-recruitment-consultant-graphic-designer-data-and-research-international-organization-for-migration-iom
[2026-08-25 02:57:50] [1018/3047] https://www.myjobmag.co.ke/job/experienced-digital-content-editor-seo-marketing-executive-insolvency-law-ltd
[2026-08-25 02:57:53] [1019/3047] https://www.myjobmag.co.ke/job/expert-data-scientists-on-credit-scoring-tezza-business-solutions-ltd
[2026-08-25 02:57:58] [1020/3047] https://www.myjobmag.co.ke/job/expert-data-scientists-on-credit-scoring-tezza-business-solutions-ltd-1
[2026-08-25 02:58:01] [1021/3047] https://www.myjobmag.co.ke/job/expression-of-interest-individual-consultant-computational-modeling-international-institute-of-tropical-agriculture
[2026-08-25 02:58:05] [1022/3047] https://www.myjobmag.co.ke/job/external-examiners-school-of-computing-and-informatics-mount-kenya-university
[2026-08-25 02:58:12] [1023/3047] https://www.myjobmag.co.ke/job/faulu-mfb-analyst-transaction-monitoring-old-mutual-kenya
[2026-08-25 02:58:17] [1024/3047] https://www.myjobmag.co.ke/job/faulu-mfb-data-risk-and-sustainability-officer-old-mutual-kenya
[2026-08-25 02:58:20] [1025/3047] https://www.myjobmag.co.ke/job/faulu-mfb-internal-auditor-data-analytics-old-mutual-kenya
[2026-08-25 02:58:26] [1026/3047] https://www.myjobmag.co.ke/job/fellow-data-knowledge-management-the-global-energy-alliance-for-people-and-planet-geapp
[2026-08-25 02:58:31] [1027/3047] https://www.myjobmag.co.ke/job/fellow-young-leaders-program-mckinsey-amp-company-13
[2026-08-25 02:58:34] [1028/3047] https://www.myjobmag.co.ke/job/field-data-collection-on-human-trafficking-and-irregular-migration-in-the-kenya-somalia-ethiopia-borderlands-international-organization-for-migration-iom
[2026-08-25 02:58:40] [1029/3047] https://www.myjobmag.co.ke/job/field-data-supervisor-loshak-population-health-aga-khan-university-hospital
[2026-08-25 02:58:45] [1030/3047] https://www.myjobmag.co.ke/job/field-enumerators-and-supervisors-bomet-infotrak-research-and-consulting
[2026-08-25 02:58:48] [1031/3047] https://www.myjobmag.co.ke/job/field-enumerators-and-supervisors-bungoma-infotrak-research-and-consulting
[2026-08-25 02:58:55] [1032/3047] https://www.myjobmag.co.ke/job/field-enumerators-and-supervisors-embu-infotrak-research-and-consulting
[2026-08-25 02:59:03] [1033/3047] https://www.myjobmag.co.ke/job/field-enumerators-and-supervisors-isiolo-infotrak-research-and-consulting
[2026-08-25 02:59:05] [1034/3047] https://www.myjobmag.co.ke/job/field-enumerators-and-supervisors-kajiado-infotrak-research-and-consulting
[2026-08-25 02:59:11] [1035/3047] https://www.myjobmag.co.ke/job/field-enumerators-and-supervisors-kakamega-infotrak-research-and-consulting
[2026-08-25 02:59:14] [1036/3047] https://www.myjobmag.co.ke/job/field-enumerators-and-supervisors-kericho-infotrak-research-and-consulting
[2026-08-25 02:59:18] [1037/3047] https://www.myjobmag.co.ke/job/field-enumerators-and-supervisors-machakos-infotrak-research-and-consulting
[2026-08-25 02:59:21] [1038/3047] https://www.myjobmag.co.ke/job/field-enumerators-and-supervisors-makueni-infotrak-research-and-consulting
[2026-08-25 02:59:25] [1039/3047] https://www.myjobmag.co.ke/job/field-enumerators-and-supervisors-mandera-infotrak-research-and-consulting
[2026-08-25 02:59:29] [1040/3047] https://www.myjobmag.co.ke/job/field-enumerators-and-supervisors-marsabit-infotrak-research-and-consulting
[2026-08-25 02:59:33] [1041/3047] https://www.myjobmag.co.ke/job/field-enumerators-and-supervisors-meru-infotrak-research-and-consulting
[2026-08-25 02:59:36] [1042/3047] https://www.myjobmag.co.ke/job/field-enumerators-and-supervisors-nakuru-infotrak-research-and-consulting
[2026-08-25 02:59:40] [1043/3047] https://www.myjobmag.co.ke/job/field-enumerators-and-supervisors-narok-infotrak-research-and-consulting
[2026-08-25 02:59:43] [1044/3047] https://www.myjobmag.co.ke/job/field-enumerators-and-supervisors-samburu-infotrak-research-and-consulting
[2026-08-25 02:59:47] [1045/3047] https://www.myjobmag.co.ke/job/field-enumerators-and-supervisors-tana-river-infotrak-research-and-consulting
[2026-08-25 02:59:52] [1046/3047] https://www.myjobmag.co.ke/job/field-enumerators-and-supervisors-turkana-infotrak-research-and-consulting
[2026-08-25 02:59:55] [1047/3047] https://www.myjobmag.co.ke/job/field-enumerators-and-supervisors-wajir-infotrak-research-and-consulting
[2026-08-25 03:00:00] [1048/3047] https://www.myjobmag.co.ke/job/field-enumerators-busia-county-kenya-sugar-board
[2026-08-25 03:00:05] [1049/3047] https://www.myjobmag.co.ke/job/field-enumerators-homabay-county-kenya-sugar-board
[2026-08-25 03:00:08] [1050/3047] https://www.myjobmag.co.ke/job/field-enumerators-kakamega-county-kenya-sugar-board
[2026-08-25 03:00:12] [1051/3047] https://www.myjobmag.co.ke/job/field-enumerators-kericho-county-kenya-sugar-board
[2026-08-25 03:00:18] [1052/3047] https://www.myjobmag.co.ke/job/field-enumerators-kisumu-county-kenya-sugar-board
[2026-08-25 03:00:21] [1053/3047] https://www.myjobmag.co.ke/job/field-enumerators-migori-county-kenya-sugar-board
[2026-08-25 03:00:26] [1054/3047] https://www.myjobmag.co.ke/job/field-enumerators-nandi-county-kenya-sugar-board
[2026-08-25 03:00:29] [1055/3047] https://www.myjobmag.co.ke/job/field-enumerators-narok-county-kenya-sugar-board
[2026-08-25 03:00:34] [1056/3047] https://www.myjobmag.co.ke/job/field-insight-and-operations-support-officer-burn
[2026-08-25 03:00:38] [1057/3047] https://www.myjobmag.co.ke/job/field-officer-mle-temporary-evidence-action
[2026-08-25 03:00:43] [1058/3047] https://www.myjobmag.co.ke/job/field-operations-business-analyst-burn
[2026-08-25 03:00:46] [1059/3047] https://www.myjobmag.co.ke/job/field-operations-engineer-fibre-coast-north-rift-valley-hcs-affiliates-group
[2026-08-25 03:00:49] [1060/3047] https://www.myjobmag.co.ke/job/field-operations-engineer-fibre-nairobi-hcs-affiliates-group-2
[2026-08-25 03:00:53] [1061/3047] https://www.myjobmag.co.ke/job/field-operations-engineer-transmission-gsm-senior-central-rift-valley-hcs-affiliates-group
[2026-08-25 03:00:56] [1062/3047] https://www.myjobmag.co.ke/job/field-operations-engineer-transmission-gsm-western-central-eastern-region-hcs-affiliates-group
[2026-08-25 03:01:01] [1063/3047] https://www.myjobmag.co.ke/job/field-supervisor-2-positions-insight-axis-africa
[2026-08-25 03:01:06] [1064/3047] https://www.myjobmag.co.ke/job/finance-ai-architect-software-dynamics
[2026-08-25 03:01:08] [1065/3047] https://www.myjobmag.co.ke/job/finance-data-analytics-engineer-equity-bank-kenya
[2026-08-25 03:01:16] [1066/3047] https://www.myjobmag.co.ke/job/finance-it-officer-africa-management-solutions-limited-amsol
[2026-08-25 03:01:19]   TECH: Finance & IT Officer at Africa Management Solutions Limited (AMSOL) [Software & IT] [2026-05-14]
[2026-08-25 03:01:19] [1067/3047] https://www.myjobmag.co.ke/job/finance-manager-city-walk-ltd
[2026-08-25 03:01:23] [1068/3047] https://www.myjobmag.co.ke/job/finance-revenue-assurance-fraud-management-prepaid-network-assurance-analyst-airtel-1
[2026-08-25 03:01:26] [1069/3047] https://www.myjobmag.co.ke/job/financial-analysis-graduate-ericsson
[2026-08-25 03:01:29] [1070/3047] https://www.myjobmag.co.ke/job/financial-analyst-kca-university-kcau
[2026-08-25 03:01:32] [1071/3047] https://www.myjobmag.co.ke/job/financial-data-analyst-financial-modeling-oasis-outsourcing
[2026-08-25 03:01:38]   TECH: Financial Data Analyst- Financial Modeling at Oasis Outsourcing [Data & AI] [2025-10-21]
[2026-08-25 03:01:38] [1072/3047] https://www.myjobmag.co.ke/job/financial-data-analyst-nairobi-solar-panda
[2026-08-25 03:01:46]   TECH: Financial & Data Analyst – Nairobi at Solar Panda [Data & AI] [2026-04-24]
[2026-08-25 03:01:46] [1073/3047] https://www.myjobmag.co.ke/job/financial-data-analyst-nairobi-summit-recruitment-and-search
[2026-08-25 03:01:49]   TECH: Financial & Data Analyst – Nairobi at Summit Recruitment and Search [Data & AI] [2026-02-16]
[2026-08-25 03:01:49] [1074/3047] https://www.myjobmag.co.ke/job/financial-planning-and-analysis-manager-international-institute-of-tropical-agriculture
[2026-08-25 03:01:51] [1075/3047] https://www.myjobmag.co.ke/job/financial-services-consultant-africa-genesis-analytics
[2026-08-25 03:02:00] [1076/3047] https://www.myjobmag.co.ke/job/fintech-data-analyst-power-learn-project
[2026-08-25 03:02:03]   TECH: Fintech Data Analyst at Power Learn Project [Data & AI] [2026-04-24]
[2026-08-25 03:02:03] [1077/3047] https://www.myjobmag.co.ke/job/firmware-engineering-intern-burn
[2026-08-25 03:02:10] [1078/3047] https://www.myjobmag.co.ke/job/fiscal-analyst-i-busia-county-assembly-service-board
[2026-08-25 03:02:13] [1079/3047] https://www.myjobmag.co.ke/job/fixed-term-actuarial-data-analyst-old-mutual-kenya
[2026-08-25 03:02:18]   TECH: Fixed Term - Actuarial Data Analyst at Old Mutual Kenya [Data & AI] [2025-11-18]
[2026-08-25 03:02:18] Checkpoint saved: 247 historical records
[2026-08-25 03:02:18] [1080/3047] https://www.myjobmag.co.ke/job/flutter-developer-nathan-digital
[2026-08-25 03:02:25] [1081/3047] https://www.myjobmag.co.ke/job/font-end-engineer-ncba-group
[2026-08-25 03:02:28] [1082/3047] https://www.myjobmag.co.ke/job/football-data-agent-awendo-tisini
[2026-08-25 03:02:31] [1083/3047] https://www.myjobmag.co.ke/job/football-data-agent-bomet-tisini
[2026-08-25 03:02:36] [1084/3047] https://www.myjobmag.co.ke/job/football-data-agent-homabay-tisini
[2026-08-25 03:02:38] [1085/3047] https://www.myjobmag.co.ke/job/football-data-agent-kericho-tisini
[2026-08-25 03:02:41] [1086/3047] https://www.myjobmag.co.ke/job/football-data-agent-kisii-tisini
[2026-08-25 03:02:45] [1087/3047] https://www.myjobmag.co.ke/job/football-data-agent-mombasa-tisini
[2026-08-25 03:02:47] [1088/3047] https://www.myjobmag.co.ke/job/football-data-agent-muranga-tisini
[2026-08-25 03:02:50] [1089/3047] https://www.myjobmag.co.ke/job/football-data-agent-nyeri-tisini
[2026-08-25 03:02:55] [1090/3047] https://www.myjobmag.co.ke/job/forensic-investigation-data-analytics-intern-jubilee-insurance
[2026-08-25 03:02:57] [1091/3047] https://www.myjobmag.co.ke/job/forensics-analyst-intern-m-kopa-solar
[2026-08-25 03:03:00] [1092/3047] https://www.myjobmag.co.ke/job/forensics-officer-analytics-and-investigation-apollo-life-assurance-apa-insurance
[2026-08-25 03:03:04] [1094/3047] https://www.myjobmag.co.ke/job/fraud-cybersecurity-analyst-data-investigation-focused-kingdom-bank-limited
[2026-08-25 03:03:09]   TECH: Fraud & Cybersecurity Analyst (Data & Investigation Focused) at Kingdom Bank Limited [Cybersecurity] [2025-12-31]
[2026-08-25 03:03:09] [1096/3047] https://www.myjobmag.co.ke/job/freelancer-lionbridge
[2026-08-25 03:03:12] [1097/3047] https://www.myjobmag.co.ke/job/freelancer-lionbridge-1
[2026-08-25 03:03:14] [1098/3047] https://www.myjobmag.co.ke/job/front-end-developer-britam-1
[2026-08-25 03:03:19]   TECH: Front-End Developer at Britam [Software & IT] [2026-06-22]
[2026-08-25 03:03:19] [1099/3047] https://www.myjobmag.co.ke/job/front-end-developer-intern-d-light
[2026-08-25 03:03:21]   TECH: Front-End Developer Intern at d.light [Software & IT] [2026-06-30]
[2026-08-25 03:03:21] [1100/3047] https://www.myjobmag.co.ke/job/front-end-developer-react-ai-native-tools-inua-ai
[2026-08-25 03:03:25]   TECH: Front End Developer (React & AI-Native Tools) at INUA AI [Software & IT] [2026-02-17]
[2026-08-25 03:03:25] [1101/3047] https://www.myjobmag.co.ke/job/front-end-engineer-co-operative-bank-of-kenya
[2026-08-25 03:03:28] [1103/3047] https://www.myjobmag.co.ke/job/frontend-developer-1-year-fixed-term-contract-britam
[2026-08-25 03:03:31]   TECH: Frontend Developer (1 Year Fixed-Term Contract) at Britam [Software & IT] [2026-06-03]
[2026-08-25 03:03:31] [1105/3047] https://www.myjobmag.co.ke/job/frontend-lead-power-learn-project
[2026-08-25 03:03:33]   TECH: Frontend Lead at Power Learn Project [Software & IT] [2026-06-01]
[2026-08-25 03:03:33] [1106/3047] https://www.myjobmag.co.ke/job/frontend-software-developer
[2026-08-25 03:03:36]   TECH: Frontend Software Developer at a Reputable Company [Software & IT] [2026-07-22]
[2026-08-25 03:03:36] [1108/3047] https://www.myjobmag.co.ke/job/full-stack-developer-human-capital-outsourcing-limited
[2026-08-25 03:03:38]   TECH: Full-Stack Developer at Human Capital Outsourcing Limited [Software & IT] [2026-06-29]
[2026-08-25 03:03:38] [1109/3047] https://www.myjobmag.co.ke/job/full-stack-developer-jubilee-insurance-4
[2026-08-25 03:03:41]   TECH: Full Stack Developer at Jubilee Insurance [Software & IT] [2026-07-29]
[2026-08-25 03:03:41] [1110/3047] https://www.myjobmag.co.ke/job/full-stack-developer-power-learn-project
[2026-08-25 03:03:43]   TECH: Full-Stack Developer at Power Learn Project [Software & IT] [2026-04-24]
[2026-08-25 03:03:43] Checkpoint saved: 257 historical records
[2026-08-25 03:03:43] [1111/3047] https://www.myjobmag.co.ke/job/full-stack-developer-power-learn-project-1
[2026-08-25 03:03:46]   TECH: Full-Stack Developer at Power Learn Project [Software & IT] [2026-05-28]
[2026-08-25 03:03:46] [1115/3047] https://www.myjobmag.co.ke/job/full-stack-engineer-absa-bank-limited
[2026-08-25 03:03:49]   TECH: Full Stack Engineer at Absa Bank Limited [Software & IT] [2026-05-15]
[2026-08-25 03:03:49] [1116/3047] https://www.myjobmag.co.ke/job/full-stack-engineer-bandwidth-cloud-services-group-bcs-group
[2026-08-25 03:03:52]   TECH: Full Stack Engineer at Bandwidth & Cloud Services Group(BCS Group) [Software & IT] [2026-05-18]
[2026-08-25 03:03:52] [1118/3047] https://www.myjobmag.co.ke/job/full-stack-engineer-iii-iv-idinsight
[2026-08-25 03:03:54]   TECH: Full Stack Engineer III/IV at IDinsight [Software & IT] [2026-05-19]
[2026-08-25 03:03:54] [1119/3047] https://www.myjobmag.co.ke/job/full-stack-platform-engineer-social-impact
[2026-08-25 03:03:57]   TECH: Full-Stack Platform Engineer at Social Impact [Software & IT] [2026-04-30]
[2026-08-25 03:03:57] [1120/3047] https://www.myjobmag.co.ke/job/full-stack-software-developer-2-posts-kenya-broadcasting-corporation-kbc
[2026-08-25 03:03:59]   TECH: Full–stack Software Developer - 2 Posts at Kenya Broadcasting Corporation (KBC) [Software & IT] [2026-05-21]
[2026-08-25 03:03:59] [1121/3047] https://www.myjobmag.co.ke/job/full-stack-software-developer-family-bank-ltd
[2026-08-25 03:04:02]   TECH: Full Stack Software Developer at Family Bank Ltd [Software & IT] [2026-06-26]
[2026-08-25 03:04:02] [1122/3047] https://www.myjobmag.co.ke/job/full-stack-software-engineer-consultant-solutech-limited
[2026-08-25 03:04:04]   TECH: Full Stack Software Engineer Consultant at Solutech Limited [Software & IT] [2025-08-04]
[2026-08-25 03:04:04] [1123/3047] https://www.myjobmag.co.ke/job/full-stack-web-developer-medecins-sans-frontieres-msf
[2026-08-25 03:04:07]   TECH: Full Stack Web Developer at Medecins Sans Frontieres (MSF) [Software & IT] [2026-06-02]
[2026-08-25 03:04:07] [1124/3047] https://www.myjobmag.co.ke/job/fullstack-developer-6-months-fixed-term-contract-britam
[2026-08-25 03:04:10] [1125/3047] https://www.myjobmag.co.ke/job/fullstack-developer-britam
[2026-08-25 03:04:12] [1126/3047] https://www.myjobmag.co.ke/job/fullstack-developer-nathan-digital-2
[2026-08-25 03:04:15] [1127/3047] https://www.myjobmag.co.ke/job/fullstack-developer-nathan-digital-3
[2026-08-25 03:04:18] [1128/3047] https://www.myjobmag.co.ke/job/fullstack-developer-node-js-typescript-vue-3-react-nosql-mongodb-git-nathan-digital
[2026-08-25 03:04:20] [1130/3047] https://www.myjobmag.co.ke/job/gemologist-taita-taveta-county-1
[2026-08-25 03:04:23] [1131/3047] https://www.myjobmag.co.ke/job/general-data-annotation-specialist-cloudfactory
[2026-08-25 03:04:25] [1132/3047] https://www.myjobmag.co.ke/job/general-support-digital-trainer-danish-refugee-council
[2026-08-25 03:04:29] [1134/3047] https://www.myjobmag.co.ke/job/geo-information-data-management-officer-2-posts-kenya-space-agency
[2026-08-25 03:04:32] [1135/3047] https://www.myjobmag.co.ke/job/geo-information-officer-i-meru-county
[2026-08-25 03:04:34] [1136/3047] https://www.myjobmag.co.ke/job/geofencing-agent-stan-consulting-group-limited
[2026-08-25 03:04:37] [1137/3047] https://www.myjobmag.co.ke/job/geographic-information-systems-gis-analyst-intern-county-government-of-nyeri
[2026-08-25 03:04:41] [1138/3047] https://www.myjobmag.co.ke/job/geographic-information-systems-officer-kenya-space-agency
[2026-08-25 03:04:43] [1139/3047] https://www.myjobmag.co.ke/job/geographical-information-systems-gis-specialist-moma-and-machanga-united-nations-environment-programme-unep
[2026-08-25 03:04:47] [1140/3047] https://www.myjobmag.co.ke/job/geologist-ii-15-posts-water-resources-authority
[2026-08-25 03:04:49] [1141/3047] https://www.myjobmag.co.ke/job/geologist-ii-laikipia-county-government
[2026-08-25 03:04:52] [1142/3047] https://www.myjobmag.co.ke/job/geologist-taita-taveta-county
[2026-08-25 03:04:54] [1143/3047] https://www.myjobmag.co.ke/job/geomatist-kenya-electricity-generating-company-kengen
[2026-08-25 03:04:57] [1144/3047] https://www.myjobmag.co.ke/job/geospatial-and-machine-learning-engineer-strathmore-university
[2026-08-25 03:05:00]   TECH: Geospatial and Machine Learning Engineer at Strathmore University [Data & AI] [2025-12-03]
[2026-08-25 03:05:00] Checkpoint saved: 267 historical records
[2026-08-25 03:05:00] [1145/3047] https://www.myjobmag.co.ke/job/geospatial-data-management-officer-2-posts-narok-county-public-service-board
[2026-08-25 03:05:02] [1146/3047] https://www.myjobmag.co.ke/job/geospatial-data-management-officer-nandi-county
[2026-08-25 03:05:04] [1147/3047] https://www.myjobmag.co.ke/job/geospatial-data-officer-icipe-ndash-african-insect-science-for-food-and-health
[2026-08-25 03:05:07] [1148/3047] https://www.myjobmag.co.ke/job/geospatial-data-scientist-french-speaking-vida
[2026-08-25 03:05:10]   TECH: Geospatial Data Scientist (French Speaking) at VIDA [Data & AI] [2025-12-22]
[2026-08-25 03:05:10] [1149/3047] https://www.myjobmag.co.ke/job/geospatial-information-officer-2-posts-migori-county
[2026-08-25 03:05:13] [1150/3047] https://www.myjobmag.co.ke/job/gis-data-officers-verst-carbon
[2026-08-25 03:05:16] [1151/3047] https://www.myjobmag.co.ke/job/gis-mel-officer-wetlands-international
[2026-08-25 03:05:18] [1152/3047] https://www.myjobmag.co.ke/job/gis-officer-eldoret-water-and-sanitation-company-limited-eldowas
[2026-08-25 03:05:21] [1153/3047] https://www.myjobmag.co.ke/job/gis-officer-sudan-acted
[2026-08-25 03:05:23] [1154/3047] https://www.myjobmag.co.ke/job/gis-specialist-greenlight-planet
[2026-08-25 03:05:27] [1155/3047] https://www.myjobmag.co.ke/job/global-automation-it-system-specialist-relief-international-ri
[2026-08-25 03:05:29] [1156/3047] https://www.myjobmag.co.ke/job/global-client-data-intern-m-kopa-solar
[2026-08-25 03:05:32] [1157/3047] https://www.myjobmag.co.ke/job/global-crisis-coder-2-positions-acled
[2026-08-25 03:05:35] [1158/3047] https://www.myjobmag.co.ke/job/global-data-analyst-fixed-term-one-acre-fund
[2026-08-25 03:05:38]   TECH: Global Data Analyst (Fixed-Term) at One Acre Fund [Data & AI] [2026-03-09]
[2026-08-25 03:05:38] [1159/3047] https://www.myjobmag.co.ke/job/global-data-analyst-intern-one-acre-fund
[2026-08-25 03:05:41]   TECH: Global Data Analyst Intern at One Acre Fund [Data & AI] [2026-04-17]
[2026-08-25 03:05:41] [1160/3047] https://www.myjobmag.co.ke/job/global-data-science-analytics-manager-living-goods
[2026-08-25 03:05:44]   TECH: Global Data Science & Analytics Manager at Living Goods [Data & AI] [2025-11-17]
[2026-08-25 03:05:44] [1161/3047] https://www.myjobmag.co.ke/job/global-data-science-analytics-manager-living-goods-1
[2026-08-25 03:05:47]   TECH: Global Data Science & Analytics Manager at Living Goods [Data & AI] [2025-12-02]
[2026-08-25 03:05:47] [1162/3047] https://www.myjobmag.co.ke/job/global-gsc-input-delivery-data-senior-supervisor-one-acre-fund
[2026-08-25 03:05:49] [1163/3047] https://www.myjobmag.co.ke/job/global-health-advisory-analyst-axmed
[2026-08-25 03:05:52] [1164/3047] https://www.myjobmag.co.ke/job/global-l-d-data-and-operations-specialist-fixed-term-one-acre-fund
[2026-08-25 03:05:55] [1165/3047] https://www.myjobmag.co.ke/job/global-lead-crrd-data-analytics-international-rescue-committee
[2026-08-25 03:05:57] [1166/3047] https://www.myjobmag.co.ke/job/global-mel-senior-associate-fixed-term-one-acre-fund
[2026-08-25 03:06:00] [1167/3047] https://www.myjobmag.co.ke/job/global-r-d-data-analyst-fixed-term-one-acre-fund
[2026-08-25 03:06:04]   TECH: Global R&D Data Analyst (Fixed-Term) at One Acre Fund [Data & AI] [2026-04-14]
[2026-08-25 03:06:04] [1168/3047] https://www.myjobmag.co.ke/job/global-r-d-data-analyst-fixed-term-one-acre-fund-1
[2026-08-25 03:06:13]   TECH: Global R&D Data Analyst (Fixed-Term) at One Acre Fund [Data & AI] [2026-06-01]
[2026-08-25 03:06:13] [1169/3047] https://www.myjobmag.co.ke/job/global-systems-and-financial-operations-manager-educate
[2026-08-25 03:06:16] [1170/3047] https://www.myjobmag.co.ke/job/global-technical-lead-digital-futures-sightsavers-1
[2026-08-25 03:06:18] [1171/3047] https://www.myjobmag.co.ke/job/global-technical-senior-specialist-nutrition-fews-net-chemonics-international
[2026-08-25 03:06:22] [1172/3047] https://www.myjobmag.co.ke/job/global-telesales-business-analyst-m-kopa-solar
[2026-08-25 03:06:25] [1173/3047] https://www.myjobmag.co.ke/job/graduate-assistant-computing-informatics-technical-university-of-mombasa
[2026-08-25 03:06:27] [1174/3047] https://www.myjobmag.co.ke/job/graduate-assistant-in-data-science-and-artificial-intelligence-kca-university-kcau
[2026-08-25 03:06:30]   TECH: Graduate Assistant In Data Science And Artificial Intelligence at KCA University (KCAU) [Data & AI] [2026-04-28]
[2026-08-25 03:06:30] [1175/3047] https://www.myjobmag.co.ke/job/graduate-assistant-in-software-development-kca-university-kcau
[2026-08-25 03:06:32]   TECH: Graduate Assistant In Software Development at KCA University (KCAU) [Software & IT] [2026-04-28]
[2026-08-25 03:06:32] [1176/3047] https://www.myjobmag.co.ke/job/graduate-assistant-it-kabarak-university
[2026-08-25 03:06:35] [1177/3047] https://www.myjobmag.co.ke/job/graduate-commercial-data-tropical-heat
[2026-08-25 03:06:38] [1178/3047] https://www.myjobmag.co.ke/job/graduate-data-analyst-beef-production-kenchic-limited
[2026-08-25 03:06:43]   TECH: Graduate Data Analyst - Beef Production at Kenchic Limited [Data & AI] [2026-04-22]
[2026-08-25 03:06:43] Checkpoint saved: 277 historical records
[2026-08-25 03:06:43] [1179/3047] https://www.myjobmag.co.ke/job/graduate-intern-mel-business-engagement-market-systems-mercy-corps
[2026-08-25 03:06:45] [1180/3047] https://www.myjobmag.co.ke/job/graduate-student-supervisors-master-of-data-science-the-open-university-of-kenya
[2026-08-25 03:06:48]   TECH: Graduate Student Supervisors - Master of Data Science at The Open University of Kenya [Data & AI] [2025-11-18]
[2026-08-25 03:06:48] [1181/3047] https://www.myjobmag.co.ke/job/graduate-trainee-ict-digital-transformation-services-the-science-for-africa-foundation
[2026-08-25 03:06:51] [1182/3047] https://www.myjobmag.co.ke/job/graduate-trainee-keda-kenya-ceramics-company-limited-1
[2026-08-25 03:06:53] [1183/3047] https://www.myjobmag.co.ke/job/graphic-design-and-data-visualization-consultant-un-women
[2026-08-25 03:06:56] [1184/3047] https://www.myjobmag.co.ke/job/graphic-design-intern-nairobi-central-hardware
[2026-08-25 03:06:58] [1185/3047] https://www.myjobmag.co.ke/job/group-data-protection-lead-equity-bank-kenya
[2026-08-25 03:07:01] [1186/3047] https://www.myjobmag.co.ke/job/group-data-protection-officer-nairobi-summit-recruitment-and-search
[2026-08-25 03:07:04] [1187/3047] https://www.myjobmag.co.ke/job/group-database-administrator-cic-insurance-1
[2026-08-25 03:07:07] [1188/3047] https://www.myjobmag.co.ke/job/group-director-digital-transformation-business-technology-victory-farms
[2026-08-25 03:07:09] [1189/3047] https://www.myjobmag.co.ke/job/group-financial-planning-analysis-lead-q-sourcing-servtec-group
[2026-08-25 03:07:13] [1190/3047] https://www.myjobmag.co.ke/job/group-head-ict-and-smart-mobility-systems-kpmg
[2026-08-25 03:07:15] [1191/3047] https://www.myjobmag.co.ke/job/group-legal-officer-interactive-resource-management-ltd
[2026-08-25 03:07:18] [1192/3047] https://www.myjobmag.co.ke/job/group-senior-economist-equity-bank-kenya
[2026-08-25 03:07:21] [1193/3047] https://www.myjobmag.co.ke/job/group-supply-chain-performance-monitoring-and-kpi-reporting-manager-equity-bank-kenya-1
[2026-08-25 03:07:23] [1194/3047] https://www.myjobmag.co.ke/job/gsm-engineer-central-eastern-hcs-affiliates-group
[2026-08-25 03:07:26] [1195/3047] https://www.myjobmag.co.ke/job/gsm-engineer-central-eastern-job-grade-2-2-hcs-affiliates-group
[2026-08-25 03:07:28] [1196/3047] https://www.myjobmag.co.ke/job/gsm-engineer-western-region-hcs-affiliates-group
[2026-08-25 03:07:31] [1197/3047] https://www.myjobmag.co.ke/job/gsm-engineer-western-region-job-grade-2-2-hcs-affiliates-group
[2026-08-25 03:07:34] [1198/3047] https://www.myjobmag.co.ke/job/gso-cadets-graduates-geologist-kenya-defence-forces
[2026-08-25 03:07:36] [1199/3047] https://www.myjobmag.co.ke/job/gso-cadets-graduates-gis-kenya-defence-forces
[2026-08-25 03:07:41] [1200/3047] https://www.myjobmag.co.ke/job/hardware-support-specialist-kcb-bank-kenya-3
[2026-08-25 03:07:44] [1201/3047] https://www.myjobmag.co.ke/job/hardware-support-specialist-kcb-bank-kenya-4
[2026-08-25 03:07:46] [1202/3047] https://www.myjobmag.co.ke/job/head-data-analytics-data-privacy-standard-bank-group
[2026-08-25 03:07:49] [1203/3047] https://www.myjobmag.co.ke/job/head-data-governance-i-m-bank
[2026-08-25 03:07:51] [1204/3047] https://www.myjobmag.co.ke/job/head-data-governance-save-the-children
[2026-08-25 03:07:54] [1205/3047] https://www.myjobmag.co.ke/job/head-ecosystems-development-ncba-group
[2026-08-25 03:07:56] [1206/3047] https://www.myjobmag.co.ke/job/head-enterprise-data-management-mastercard-foundation
[2026-08-25 03:07:59] [1207/3047] https://www.myjobmag.co.ke/job/head-finance-operations-data-analytics-mastercard-foundation
[2026-08-25 03:08:02] [1208/3047] https://www.myjobmag.co.ke/job/head-integrated-data-and-analytics-platform-icipe-ndash-african-insect-science-for-food-and-health
[2026-08-25 03:08:04] [1209/3047] https://www.myjobmag.co.ke/job/head-it-enterprise-architecture-ncba-group
[2026-08-25 03:08:07] [1210/3047] https://www.myjobmag.co.ke/job/head-of-ai-healthy-u
[2026-08-25 03:08:10] [1211/3047] https://www.myjobmag.co.ke/job/head-of-ai-program-technology-engineering-international-rescue-committee
[2026-08-25 03:08:12] [1212/3047] https://www.myjobmag.co.ke/job/head-of-business-intelligence-analytics-equity-bank-kenya
[2026-08-25 03:08:15] [1213/3047] https://www.myjobmag.co.ke/job/head-of-centre-of-excellence-technical-implementation-lead-power-learn-project
[2026-08-25 03:08:17] [1215/3047] https://www.myjobmag.co.ke/job/head-of-control-analytics-absa-bank-limited
[2026-08-25 03:08:20] [1216/3047] https://www.myjobmag.co.ke/job/head-of-data-analysis-and-management-kenya-tea-development-agency-ms-ltd
[2026-08-25 03:08:22] [1217/3047] https://www.myjobmag.co.ke/job/head-of-data-analytics-millar-cameron
[2026-08-25 03:08:25] [1218/3047] https://www.myjobmag.co.ke/job/head-of-data-analytics-renew-capital
[2026-08-25 03:08:28] [1219/3047] https://www.myjobmag.co.ke/job/head-of-data-and-ai-inkomoko
[2026-08-25 03:08:30] [1220/3047] https://www.myjobmag.co.ke/job/head-of-data-governance-management-ncba-group
[2026-08-25 03:08:33] [1221/3047] https://www.myjobmag.co.ke/job/head-of-department-ict-engineering-zetech-university-5
[2026-08-25 03:08:35] [1222/3047] https://www.myjobmag.co.ke/job/head-of-department-science-aga-khan-academy
[2026-08-25 03:08:38] [1223/3047] https://www.myjobmag.co.ke/job/head-of-design-monitoring-evaluation-accountability-and-learning-dmeal-the-maa-trust
[2026-08-25 03:08:41] [1224/3047] https://www.myjobmag.co.ke/job/head-of-digital-data-and-technology-global-alliance-for-improved-nutrition-gain
[2026-08-25 03:08:43] [1225/3047] https://www.myjobmag.co.ke/job/head-of-digital-transformation-stratostaff
[2026-08-25 03:08:46] [1226/3047] https://www.myjobmag.co.ke/job/head-of-engineering-data-nuru-kenya
[2026-08-25 03:08:48] [1227/3047] https://www.myjobmag.co.ke/job/head-of-fraud-prevention-and-detection-equity-bank-kenya
[2026-08-25 03:08:52] [1228/3047] https://www.myjobmag.co.ke/job/head-of-iam-identity-lifecycle-standard-chartered-bank-kenya
[2026-08-25 03:08:54] [1229/3047] https://www.myjobmag.co.ke/job/head-of-ict-aa-kenya-1
[2026-08-25 03:08:57] [1230/3047] https://www.myjobmag.co.ke/job/head-of-ict-cdl-human-resouce-1
[2026-08-25 03:09:00] [1231/3047] https://www.myjobmag.co.ke/job/head-of-ict-data-systems-and-digital-transformation-international-livestock-research-institute-ilri
[2026-08-25 03:09:02] [1232/3047] https://www.myjobmag.co.ke/job/head-of-ict-financial-services-cdl-human-resouce
[2026-08-25 03:09:04] [1233/3047] https://www.myjobmag.co.ke/job/head-of-ict-medecins-sans-frontieres-msf
[2026-08-25 03:09:07] [1234/3047] https://www.myjobmag.co.ke/job/head-of-ict-msf-ubuntu-medecins-sans-frontieres-msf
[2026-08-25 03:09:10] [1235/3047] https://www.myjobmag.co.ke/job/head-of-ict-projects-africa-management-solutions-limited-amsol
[2026-08-25 03:09:13] [1236/3047] https://www.myjobmag.co.ke/job/head-of-information-and-technology-flexi-personnel
[2026-08-25 03:09:15] [1237/3047] https://www.myjobmag.co.ke/job/head-of-information-communication-and-technology-ict-skills-global
[2026-08-25 03:09:18] [1238/3047] https://www.myjobmag.co.ke/job/head-of-information-technology-flexi-personnel
[2026-08-25 03:09:20] [1239/3047] https://www.myjobmag.co.ke/job/head-of-infrastructure-family-bank-ltd
[2026-08-25 03:09:23] [1240/3047] https://www.myjobmag.co.ke/job/head-of-it-and-ai-automation-remote
[2026-08-25 03:09:25] [1241/3047] https://www.myjobmag.co.ke/job/head-of-master-data-management-iqvia
[2026-08-25 03:09:28] [1242/3047] https://www.myjobmag.co.ke/job/head-of-monitoring-evaluation-and-learning-mel-international-centre-for-reproductive-health
[2026-08-25 03:09:31] [1243/3047] https://www.myjobmag.co.ke/job/head-of-policy-and-research-advocacy-kenya-association-of-manufacturers
[2026-08-25 03:09:33] [1244/3047] https://www.myjobmag.co.ke/job/head-of-retail-analytics-ncba-group
[2026-08-25 03:09:36] [1245/3047] https://www.myjobmag.co.ke/job/head-of-solution-delivery-equity-bank-kenya
[2026-08-25 03:09:39] [1246/3047] https://www.myjobmag.co.ke/job/head-of-technology-healthy-u
[2026-08-25 03:09:42] [1247/3047] https://www.myjobmag.co.ke/job/head-of-technology-rsm
[2026-08-25 03:09:44] [1248/3047] https://www.myjobmag.co.ke/job/head-of-technology-transformation-gilani-s-distributors-ltd
[2026-08-25 03:09:47] [1249/3047] https://www.myjobmag.co.ke/job/head-of-technology-tropical-heat
[2026-08-25 03:09:49] [1250/3047] https://www.myjobmag.co.ke/job/head-of-thought-leadership-financial-sector-deepening-kenya-fsd-kenya
[2026-08-25 03:09:52] [1251/3047] https://www.myjobmag.co.ke/job/head-pmel-data-quality-and-analytics-world-wide-fund-for-nature-wwf-kenya
[2026-08-25 03:09:54] [1252/3047] https://www.myjobmag.co.ke/job/head-risk-and-compliance-analytics-flutterwave-2
[2026-08-25 03:09:57] [1253/3047] https://www.myjobmag.co.ke/job/head-software-engineering-data-tribe-hf-group
[2026-08-25 03:10:00] [1254/3047] https://www.myjobmag.co.ke/job/head-statistics-and-library-services-deputy-director-central-bank-of-kenya
[2026-08-25 03:10:02] [1255/3047] https://www.myjobmag.co.ke/job/health-facility-assessment-interviewers-flexi-personnel
[2026-08-25 03:10:05] [1256/3047] https://www.myjobmag.co.ke/job/health-informatics-officer-christian-health-association-of-kenya-chak
[2026-08-25 03:10:08] [1257/3047] https://www.myjobmag.co.ke/job/health-informatics-specialist-fhi360-ngo
[2026-08-25 03:10:10] [1258/3047] https://www.myjobmag.co.ke/job/health-information-systems-officer-records-kenya-red-cross-society
[2026-08-25 03:10:13] [1259/3047] https://www.myjobmag.co.ke/job/health-information-technician-data-clerk-the-international-centre-for-reproductive-health
[2026-08-25 03:10:15] [1260/3047] https://www.myjobmag.co.ke/job/health-records-and-information-locum-25-posts-nairobi-city-county-public-service-board
[2026-08-25 03:10:18] [1261/3047] https://www.myjobmag.co.ke/job/health-records-and-information-management-assistant-iii-2-posts-nandi-county
[2026-08-25 03:10:21] [1262/3047] https://www.myjobmag.co.ke/job/health-records-and-information-management-assistant-iii-machakos-county-public-service-board
[2026-08-25 03:10:23] [1263/3047] https://www.myjobmag.co.ke/job/health-records-and-information-management-officer-nandi-county
[2026-08-25 03:10:26] [1264/3047] https://www.myjobmag.co.ke/job/health-records-and-information-officer-interns-2-posts-county-government-of-nyeri
[2026-08-25 03:10:28] [1265/3047] https://www.myjobmag.co.ke/job/health-records-and-information-officer-locum-20-posts-nairobi-city-county-public-service-board
[2026-08-25 03:10:32] [1266/3047] https://www.myjobmag.co.ke/job/health-records-and-information-technology-trainer-kiharu-technical-college-murang-a
[2026-08-25 03:10:35] [1267/3047] https://www.myjobmag.co.ke/job/health-records-information-management-assistant-iii-2-posts-county-government-of-nyandarua
[2026-08-25 03:10:37] [1268/3047] https://www.myjobmag.co.ke/job/health-records-information-officers-hrio-cfk-africa
[2026-08-25 03:10:40] [1269/3047] https://www.myjobmag.co.ke/job/health-records-makueni-county-public-service-board
[2026-08-25 03:10:42] [1270/3047] https://www.myjobmag.co.ke/job/health-records-officer-aic-kijabe-hospital-1
[2026-08-25 03:10:45] [1271/3047] https://www.myjobmag.co.ke/job/health-records-officer-nanyuki-cottage-hospital
[2026-08-25 03:10:48] [1272/3047] https://www.myjobmag.co.ke/job/health-records-technician-pcea-kikuyu-hospital-1
[2026-08-25 03:10:50] [1273/3047] https://www.myjobmag.co.ke/job/health-records-trainer-kisiwa-technical-institute
[2026-08-25 03:10:53] [1274/3047] https://www.myjobmag.co.ke/job/help-desk-specialist-mobilehub-kenya
[2026-08-25 03:10:57] [1275/3047] https://www.myjobmag.co.ke/job/help-desk-support-assistant-stima-sacco
[2026-08-25 03:11:00] [1276/3047] https://www.myjobmag.co.ke/job/hmis-implementation-operations-specialist-apeiro
[2026-08-25 03:11:02] [1277/3047] https://www.myjobmag.co.ke/job/home-strategic-amplification-regional-growth-manager-safaricom-kenya
[2026-08-25 03:11:05] [1278/3047] https://www.myjobmag.co.ke/job/housing-sector-consultant-bishkek-kyrgyz-republic-un-habitat
[2026-08-25 03:11:07] [1279/3047] https://www.myjobmag.co.ke/job/housing-solutions-intern-un-habitat
[2026-08-25 03:11:10] [1280/3047] https://www.myjobmag.co.ke/job/hq-information-manager-national-applicants-only-international-ngo-safety-organisation-inso
[2026-08-25 03:11:12] [1281/3047] https://www.myjobmag.co.ke/job/hq-information-officer-national-applicants-only-international-ngo-safety-organisation-inso
[2026-08-25 03:11:15] [1282/3047] https://www.myjobmag.co.ke/job/hr-information-system-hris-analyst-payroll-processing-officer-apa-life-assurance-company-ltd-1
[2026-08-25 03:11:18] [1283/3047] https://www.myjobmag.co.ke/job/hr-operations-manager-payroll-master-data-bi-victory-farms
[2026-08-25 03:11:20] [1284/3047] https://www.myjobmag.co.ke/job/hubspot-specialist-renew-capital
[2026-08-25 03:11:23] [1285/3047] https://www.myjobmag.co.ke/job/human-resources-systems-and-data-specialist-hf-group
[2026-08-25 03:11:25] [1286/3047] https://www.myjobmag.co.ke/job/human-rights-officer-analyst-reporting-officer-temporary-job-opening-p4-united-nations
[2026-08-25 03:11:28] [1287/3047] https://www.myjobmag.co.ke/job/humanitarian-emergency-affairs-intern-world-vision-kenya-4
[2026-08-25 03:11:31] [1288/3047] https://www.myjobmag.co.ke/job/hydrologist-wts-energy
[2026-08-25 03:11:33] [1289/3047] https://www.myjobmag.co.ke/job/i-c-t-computer-science-teacher-mm-shah-and-mv-shah-academy
[2026-08-25 03:11:36] [1290/3047] https://www.myjobmag.co.ke/job/iam-analyst-equity-bank-kenya
[2026-08-25 03:11:41] [1291/3047] https://www.myjobmag.co.ke/job/iam-enterprise-architect-ai-standard-chartered-bank-kenya
[2026-08-25 03:11:44] [1292/3047] https://www.myjobmag.co.ke/job/ict-and-data-protection-associate-shining-hope-for-communities
[2026-08-25 03:11:50] [1293/3047] https://www.myjobmag.co.ke/job/ict-assistant-human-capital-outsourcing-limited
[2026-08-25 03:11:52] [1294/3047] https://www.myjobmag.co.ke/job/ict-assistant-ii-nyeri-water-sewerage-company-limited-nyewasco
[2026-08-25 03:11:58] [1295/3047] https://www.myjobmag.co.ke/job/ict-assistant-iii-county-government-of-nyandarua
[2026-08-25 03:12:00] [1296/3047] https://www.myjobmag.co.ke/job/ict-assistant-kca-university-kcau-1
[2026-08-25 03:12:03] [1297/3047] https://www.myjobmag.co.ke/job/ict-assistant-km-6-kibwezi-makindu-water-and-sanitation-company
[2026-08-25 03:12:05] [1298/3047] https://www.myjobmag.co.ke/job/ict-assistant-manager-summit-recruitment-and-search
[2026-08-25 03:12:08] [1299/3047] https://www.myjobmag.co.ke/job/ict-assistant-network-administration-hcs-affiliates-group
[2026-08-25 03:12:10] [1300/3047] https://www.myjobmag.co.ke/job/ict-assistant-network-administration-kenya-tea-packers-limited
[2026-08-25 03:12:16] [1301/3047] https://www.myjobmag.co.ke/job/ict-assistant-network-security-kca-university-kcau
[2026-08-25 03:12:18] [1302/3047] https://www.myjobmag.co.ke/job/ict-assistants-6-posts-nairobi-city-water-and-sewerage-company-limited-ncwsc
[2026-08-25 03:12:21] [1303/3047] https://www.myjobmag.co.ke/job/ict-associate-quality-assurance-ipsas-united-nations-office-for-project-services-unops
[2026-08-25 03:12:23]   TECH: ICT Associate - Quality Assurance, IPSAS at United Nations Office for Project Services (UNOPS) [QA & Testing] [2026-06-02]
[2026-08-25 03:12:23] [1304/3047] https://www.myjobmag.co.ke/job/ict-associate-un-women-2
[2026-08-25 03:12:26] [1305/3047] https://www.myjobmag.co.ke/job/ict-attachment-the-rural-electrification-and-renewable-energy-corporation
[2026-08-25 03:12:29] [1306/3047] https://www.myjobmag.co.ke/job/ict-bid-tender-intern-green-com-enterprise-solutions-ltd-1
[2026-08-25 03:12:32] [1307/3047] https://www.myjobmag.co.ke/job/ict-broadcast-technology-assistant-1-position-girwa-radio
[2026-08-25 03:12:37] [1308/3047] https://www.myjobmag.co.ke/job/ict-business-partner-britam-1
[2026-08-25 03:12:40] [1309/3047] https://www.myjobmag.co.ke/job/ict-business-systems-analyst-mombasa-siginon-group
[2026-08-25 03:12:42] [1310/3047] https://www.myjobmag.co.ke/job/ict-business-systems-analyst-nairobi-siginon-group
[2026-08-25 03:12:47] [1311/3047] https://www.myjobmag.co.ke/job/ict-cloud-officer-medecins-sans-frontieres-msf
[2026-08-25 03:12:50] [1312/3047] https://www.myjobmag.co.ke/job/ict-computer-science-teacher-oshwal-academy-nairobi-2
[2026-08-25 03:12:53] [1313/3047] https://www.myjobmag.co.ke/job/ict-consultant-the-green-belt-movement
[2026-08-25 03:12:59] [1314/3047] https://www.myjobmag.co.ke/job/ict-database-assistant-kengen-staff-retirement-benefits-scheme
[2026-08-25 03:13:01] [1315/3047] https://www.myjobmag.co.ke/job/ict-database-assistant-kengen-staff-retirement-benefits-scheme-1
[2026-08-25 03:13:04] [1316/3047] https://www.myjobmag.co.ke/job/ict-database-intern-kengen-staff-retirement-benefits-scheme
[2026-08-25 03:13:10] [1317/3047] https://www.myjobmag.co.ke/job/ict-database-intern-kengen-staff-retirement-benefits-scheme-1
[2026-08-25 03:13:12] [1318/3047] https://www.myjobmag.co.ke/job/ict-department-3-posts-national-construction-authority
[2026-08-25 03:13:15] [1319/3047] https://www.myjobmag.co.ke/job/ict-engineering-al-machine-learning-kenya-advanced-institute-of-science-and-technology-kenya-aist
[2026-08-25 03:13:22]   TECH: Professor/Associate Professor - ICT Engineering - Al: Machine Learning at Kenya Advanced Institute of Science and Technology (Kenya-AIST) [Data & AI] [2025-11-04]
[2026-08-25 03:13:22] [1320/3047] https://www.myjobmag.co.ke/job/ict-engineering-data-science-kenya-advanced-institute-of-science-and-technology-kenya-aist
[2026-08-25 03:13:24]   TECH: Professor/Associate Professor - ICT Engineering - Data Science at Kenya Advanced Institute of Science and Technology (Kenya-AIST) [Data & AI] [2025-11-04]
[2026-08-25 03:13:24] [1321/3047] https://www.myjobmag.co.ke/job/ict-graduate-trainee-premier-hospital
[2026-08-25 03:13:31] [1322/3047] https://www.myjobmag.co.ke/job/ict-graphic-design-officer-human-capital-outsourcing-limited
[2026-08-25 03:13:34] [1323/3047] https://www.myjobmag.co.ke/job/ict-graphic-designer-intern-county-government-of-nyeri-1
[2026-08-25 03:13:37] [1324/3047] https://www.myjobmag.co.ke/job/ict-intern-2-posts-trans-nzoia-county-water-sanitation-company-ltd
[2026-08-25 03:13:46] [1325/3047] https://www.myjobmag.co.ke/job/ict-intern-aic-kijabe-hospital-2
[2026-08-25 03:13:48] [1326/3047] https://www.myjobmag.co.ke/job/ict-intern-alliance-for-a-green-revolution-in-africa-agra
[2026-08-25 03:13:51] [1327/3047] https://www.myjobmag.co.ke/job/ict-intern-degree-holders-mombasa-county
[2026-08-25 03:13:57] [1328/3047] https://www.myjobmag.co.ke/job/ict-intern-diploma-holders-mombasa-county
[2026-08-25 03:14:00] [1329/3047] https://www.myjobmag.co.ke/job/ict-intern-kituo-cha-sheria-kituo
[2026-08-25 03:14:03] [1330/3047] https://www.myjobmag.co.ke/job/ict-intern-konza-technopolis-development-authority
[2026-08-25 03:14:10] [1332/3047] https://www.myjobmag.co.ke/job/ict-interns-kenya-institute-of-management-kim-1
[2026-08-25 03:14:13] [1333/3047] https://www.myjobmag.co.ke/job/ict-interns-maasai-mara-wildlife-conservancies-association-mmwca
[2026-08-25 03:14:16] [1334/3047] https://www.myjobmag.co.ke/job/ict-internship-2-posts-county-assembly-of-kericho
[2026-08-25 03:14:22] [1336/3047] https://www.myjobmag.co.ke/job/ict-manager-business-systems-applications-consolidated-bank-of-kenya
[2026-08-25 03:14:25]   TECH: ICT Manager-Business Systems & Applications at Consolidated Bank of Kenya [Software & IT] [2026-05-12]
[2026-08-25 03:14:25] [1337/3047] https://www.myjobmag.co.ke/job/ict-manager-lions-sightfirst-eye-hospital
[2026-08-25 03:14:32]   TECH: ICT Manager at Lions Sightfirst Eye Hospital [Software & IT] [2026-07-02]
[2026-08-25 03:14:32] [1338/3047] https://www.myjobmag.co.ke/job/ict-manager-rose-avenue-group
[2026-08-25 03:14:35]   TECH: ICT Manager at Rose Avenue Group [Software & IT] [2026-07-23]
[2026-08-25 03:14:35] [1339/3047] https://www.myjobmag.co.ke/job/ict-manager-stratostaff-1
[2026-08-25 03:14:37]   TECH: ICT Manager at Stratostaff [Software & IT] [2026-06-02]
[2026-08-25 03:14:37] [1340/3047] https://www.myjobmag.co.ke/job/ict-officer-5-posts-nandi-county
[2026-08-25 03:14:42]   TECH: ICT Officer - 5 Posts at County Government of Nandi [Software & IT] [2026-04-21]
[2026-08-25 03:14:42] [1341/3047] https://www.myjobmag.co.ke/job/ict-officer-beachfront-vipingo
[2026-08-25 03:14:45]   TECH: ICT Officer at Beachfront Vipingo [Software & IT] [2026-07-17]
[2026-08-25 03:14:45] Checkpoint saved: 287 historical records
[2026-08-25 03:14:45] [1342/3047] https://www.myjobmag.co.ke/job/ict-officer-business-systems-applications-consolidated-bank-of-kenya
[2026-08-25 03:14:48]   TECH: ICT Officer -Business Systems & Applications at Consolidated Bank of Kenya [Software & IT] [2026-05-12]
[2026-08-25 03:14:48] [1343/3047] https://www.myjobmag.co.ke/job/ict-officer-grade-ncpd-6-one-1-post-national-council-for-population-and-development
[2026-08-25 03:14:52]   TECH: ICT Officer – Grade Ncpd 6 One (1) Post at National Council for Population and Development [Software & IT] [2026-05-12]
[2026-08-25 03:14:52] [1345/3047] https://www.myjobmag.co.ke/job/ict-officer-i-database-administrator-meru-university-of-science-and-technology
[2026-08-25 03:14:55]   TECH: ICT Officer I (Database Administrator) at Meru University of Science and Technology [Software & IT] [2026-07-28]
[2026-08-25 03:14:55] [1346/3047] https://www.myjobmag.co.ke/job/ict-officer-i-software-developer-meru-university-of-science-and-technology
[2026-08-25 03:14:57]   TECH: ICT Officer I (Software Developer) at Meru University of Science and Technology [Software & IT] [2026-07-28]
[2026-08-25 03:14:57] [1347/3047] https://www.myjobmag.co.ke/job/ict-officer-ii-grade-ad-8-system-networking-laikipia-university
[2026-08-25 03:15:02]   TECH: ICT Officer II- Grade Ad 8 [System Networking] at Laikipia University [Software & IT] [2026-05-19]
[2026-08-25 03:15:02] [1348/3047] https://www.myjobmag.co.ke/job/ict-officer-ii-grade-ad-8-system-programme-developer-laikipia-university
[2026-08-25 03:15:04]   TECH: ICT Officer II - Grade Ad 8 [System/Programme Developer] at Laikipia University [Software & IT] [2026-05-19]
[2026-08-25 03:15:04] [1349/3047] https://www.myjobmag.co.ke/job/ict-officer-iii-ict-technician-2-posts-meru-university-of-science-and-technology
[2026-08-25 03:15:07]   TECH: ICT Officer III (ICT Technician) - 2 Posts at Meru University of Science and Technology [Software & IT] [2026-07-28]
[2026-08-25 03:15:07] [1350/3047] https://www.myjobmag.co.ke/job/ict-officer-iii-nandi-county
[2026-08-25 03:15:09]   TECH: ICT Officer III at County Government of Nandi [Software & IT] [2026-04-21]
[2026-08-25 03:15:09] [1351/3047] https://www.myjobmag.co.ke/job/ict-officer-intern-kenya-electricity-generating-company-kengen
[2026-08-25 03:15:12]   TECH: ICT Officer Intern at Kenya Electricity Generating Company PLC, KenGen [Software & IT] [2026-05-18]
[2026-08-25 03:15:12] [1352/3047] https://www.myjobmag.co.ke/job/ict-officer-interns-3-posts-county-government-of-nyeri
[2026-08-25 03:15:17]   TECH: ICT Officer Interns - 3 Posts at County Government of Nyeri [Software & IT] [2026-05-22]
[2026-08-25 03:15:17] Checkpoint saved: 297 historical records
[2026-08-25 03:15:17] [1353/3047] https://www.myjobmag.co.ke/job/ict-officer-nandi-county
[2026-08-25 03:15:20]   TECH: ICT Officer at County Government of Nandi [Software & IT] [2026-04-22]
[2026-08-25 03:15:20] [1354/3047] https://www.myjobmag.co.ke/job/ict-officer-national-cancer-institute-of-kenya
[2026-08-25 03:15:28]   TECH: ICT Officer at National Cancer Institute of Kenya [Software & IT] [2026-04-21]
[2026-08-25 03:15:28] [1355/3047] https://www.myjobmag.co.ke/job/ict-officer-north-coast-medical-training-college
[2026-08-25 03:15:30]   TECH: ICT Officer at North Coast Medical Training College [Software & IT] [2026-05-08]
[2026-08-25 03:15:30] [1358/3047] https://www.myjobmag.co.ke/job/ict-officer-united-winners-sacco
[2026-08-25 03:15:33]   TECH: ICT Officer at United Winners Sacco [Software & IT] [2026-05-04]
[2026-08-25 03:15:33] [1359/3047] https://www.myjobmag.co.ke/job/ict-officers-2-posts-mount-kenya-university
[2026-08-25 03:15:36] [1360/3047] https://www.myjobmag.co.ke/job/ict-policy-and-sustainable-digital-transformation-consultant-nairobi-kenya-united-nations-environment-programme-unep
[2026-08-25 03:15:39] [1361/3047] https://www.myjobmag.co.ke/job/ict-program-director-ericsson-6
[2026-08-25 03:15:41] [1362/3047] https://www.myjobmag.co.ke/job/ict-project-manager-co-operative-bank-of-kenya-5
[2026-08-25 03:15:44] [1363/3047] https://www.myjobmag.co.ke/job/ict-risk-and-data-protection-analyst-sidian-bank-1
[2026-08-25 03:15:49] [1364/3047] https://www.myjobmag.co.ke/job/ict-risk-officer-co-operative-bank-of-kenya-3
[2026-08-25 03:15:52] [1365/3047] https://www.myjobmag.co.ke/job/ict-risk-officer-united-bank-for-africa-uba-kenya
[2026-08-25 03:15:55] [1366/3047] https://www.myjobmag.co.ke/job/ict-sales-lead-safaricom-kenya
[2026-08-25 03:15:57] [1367/3047] https://www.myjobmag.co.ke/job/ict-security-intern-6-posts-judicial-service-commission
[2026-08-25 03:16:01] [1368/3047] https://www.myjobmag.co.ke/job/ict-security-structured-cabling-technician-smoothtel
[2026-08-25 03:16:03] [1369/3047] https://www.myjobmag.co.ke/job/ict-senior-analyst-united-nations-office-for-project-services-unops
[2026-08-25 03:16:08] [1370/3047] https://www.myjobmag.co.ke/job/ict-senior-officer-software-development-united-nations-office-for-project-services-unops
[2026-08-25 03:16:11]   TECH: ICT Senior Officer - Software Development at United Nations Office for Project Services (UNOPS) [Software & IT] [2026-04-24]
[2026-08-25 03:16:11] [1371/3047] https://www.myjobmag.co.ke/job/ict-service-desk-analyst-aar-hospital
[2026-08-25 03:16:14] [1372/3047] https://www.myjobmag.co.ke/job/ict-specialist-data-digital-innovation-international-committee-of-the-red-cross-icrc
[2026-08-25 03:16:20] [1373/3047] https://www.myjobmag.co.ke/job/ict-specialist-scaling-and-ai-product-united-nations-office-for-project-services-unops
[2026-08-25 03:16:22] [1374/3047] https://www.myjobmag.co.ke/job/ict-specialist-software-development-full-stack-developer-node-typescript-express-react-united-nations-office-for-project-services-unops
[2026-08-25 03:16:25]   TECH: ICT Specialist - Software Development (Full Stack Developer - Node, Typescript, Express, React) at United Nations Office for Project Services (UNOPS) [Software & IT] [2026-07-30]
[2026-08-25 03:16:25] [1375/3047] https://www.myjobmag.co.ke/job/ict-supervisor-medecins-sans-frontieres-msf-2
[2026-08-25 03:16:29] [1376/3047] https://www.myjobmag.co.ke/job/ict-support-assistant-qona-sacco
[2026-08-25 03:16:31]   TECH: ICT Support Assistant at Qona Sacco [Software & IT] [2026-06-26]
[2026-08-25 03:16:31] [1377/3047] https://www.myjobmag.co.ke/job/ict-support-intern-35-posts-judicial-service-commission
[2026-08-25 03:16:34]   TECH: ICT Support Intern -35 Posts at Judicial Service Commission [Software & IT] [2026-07-24]
[2026-08-25 03:16:34] [1379/3047] https://www.myjobmag.co.ke/job/ict-support-technician-durham-international-schools
[2026-08-25 03:16:37]   TECH: ICT Support Technician at Durham International Schools [Software & IT] [2026-07-22]
[2026-08-25 03:16:37] [1380/3047] https://www.myjobmag.co.ke/job/ict-support-technician-oshwal-academy-nairobi-1
[2026-08-25 03:16:39]   TECH: ICT Support Technician at Oshwal Academy Nairobi [Software & IT] [2026-07-06]
[2026-08-25 03:16:39] Checkpoint saved: 307 historical records
[2026-08-25 03:16:39] [1381/3047] https://www.myjobmag.co.ke/job/ict-system-administrator-and-support-officer-kenya-revenue-authority-kra
[2026-08-25 03:16:42]   TECH: ICT System Administrator and Support Officer at Kenya Revenue Authority (KRA) [Software & IT] [2026-07-21]
[2026-08-25 03:16:42] [1382/3047] https://www.myjobmag.co.ke/job/ict-system-administrator-st-joseph-s-technical-institute-nyang-oma
[2026-08-25 03:16:46]   TECH: ICT System Administrator at St. Joseph’s Technical Institute, Nyang’oma [Software & IT] [2026-04-23]
[2026-08-25 03:16:46] [1383/3047] https://www.myjobmag.co.ke/job/ict-systems-and-support-assistant-st-john-ambulance-1
[2026-08-25 03:16:49] [1384/3047] https://www.myjobmag.co.ke/job/ict-teacher-makini-high-school-1
[2026-08-25 03:16:52] [1385/3047] https://www.myjobmag.co.ke/job/ict-teacher-makini-high-school-2
[2026-08-25 03:16:55] [1386/3047] https://www.myjobmag.co.ke/job/ict-teacher-nairobi-international-school-1
[2026-08-25 03:16:57] [1387/3047] https://www.myjobmag.co.ke/job/ict-teacher-nairobi-international-school-2
[2026-08-25 03:17:00] [1388/3047] https://www.myjobmag.co.ke/job/ict-technician-kiirua-technical-training-institute
[2026-08-25 03:17:03]   TECH: ICT Technician at Kiirua Technical Training Institute [Software & IT] [2026-04-26]
[2026-08-25 03:17:03] [1389/3047] https://www.myjobmag.co.ke/job/ict-trainee-cdl-human-resouce-1
[2026-08-25 03:17:05] [1390/3047] https://www.myjobmag.co.ke/job/ict-trainer-8posts-thika-technical-training-institute
[2026-08-25 03:17:08] [1391/3047] https://www.myjobmag.co.ke/job/ict-trainer-diploma-holder-siaya-national-polytechnic
[2026-08-25 03:17:11] [1392/3047] https://www.myjobmag.co.ke/job/ict-trainer-technician-cascade-institute-of-hospitality
[2026-08-25 03:17:13] [1393/3047] https://www.myjobmag.co.ke/job/ict-trainers-institute-of-advanced-technology-limited-1
[2026-08-25 03:17:16] [1394/3047] https://www.myjobmag.co.ke/job/ict-tutor-st-francis-research-and-training-college
[2026-08-25 03:17:18] [1395/3047] https://www.myjobmag.co.ke/job/ict-vendor-management-specialist-hf-group
[2026-08-25 03:17:21] [1396/3047] https://www.myjobmag.co.ke/job/ict-webmaster-digital-specialist-st-joseph-s-technical-institute-nyang-oma
[2026-08-25 03:17:26] [1397/3047] https://www.myjobmag.co.ke/job/impact-data-analyst-nairobi-summit-recruitment-and-search
[2026-08-25 03:17:29]   TECH: Impact & Data Analyst – Nairobi at Summit Recruitment and Search [Data & AI] [2025-12-02]
[2026-08-25 03:17:29] [1398/3047] https://www.myjobmag.co.ke/job/impact-data-associate-sinapis
[2026-08-25 03:17:32] [1399/3047] https://www.myjobmag.co.ke/job/impact-insights-analyst-kenya-african-management-institute-ami
[2026-08-25 03:17:34] [1400/3047] https://www.myjobmag.co.ke/job/impact-measurement-consultant-united-nations-environment-programme-unep
[2026-08-25 03:17:43] [1401/3047] https://www.myjobmag.co.ke/job/impact-studies-expert-pars-research
[2026-08-25 03:17:46] [1402/3047] https://www.myjobmag.co.ke/job/implementation-engineer-intern-interintel-technologies-limited-1
[2026-08-25 03:17:49] [1403/3047] https://www.myjobmag.co.ke/job/independent-consultant-evaluator-irc-s-final-evaluation-of-sida-s-humanitarian-framework-agreement-v-international-rescue-committee
[2026-08-25 03:17:55] [1404/3047] https://www.myjobmag.co.ke/job/independent-research-fellow-ai-digital-health-helium-health
[2026-08-25 03:17:58] [1405/3047] https://www.myjobmag.co.ke/job/industrial-attachment-digital-strategy-innovation-kenya-broadcasting-corporation-kbc
[2026-08-25 03:18:03] [1406/3047] https://www.myjobmag.co.ke/job/industrial-attachment-internship-3-positions-insight-axis-africa
[2026-08-25 03:18:06] [1407/3047] https://www.myjobmag.co.ke/job/industrial-attachment-it-network-infastructure-kenya-broadcasting-corporation-kbc
[2026-08-25 03:18:13] [1408/3047] https://www.myjobmag.co.ke/job/industrial-attachment-opportunities-kenya-pipeline-company-kpc-limited-2
[2026-08-25 03:18:16] [1409/3047] https://www.myjobmag.co.ke/job/industrial-automation-ioe-and-robotics-laboratory-2-posts-masinde-muliro-university-of-science-amp-technology-mmust
[2026-08-25 03:18:18] [1410/3047] https://www.myjobmag.co.ke/job/information-analyst-crisis-insight-norwegian-refugee-council
[2026-08-25 03:18:21] [1411/3047] https://www.myjobmag.co.ke/job/information-and-communication-technology-trainer-gichugu-technical-and-vocational-college
[2026-08-25 03:18:23] [1412/3047] https://www.myjobmag.co.ke/job/information-and-data-science-lead-chiromo-hospital-group
[2026-08-25 03:18:31]   TECH: Information and Data Science Lead at Chiromo Hospital Group [Data & AI] [2025-08-04]
[2026-08-25 03:18:31] [1413/3047] https://www.myjobmag.co.ke/job/information-and-evidence-officer-temporary-job-opening-p3-united-nations
[2026-08-25 03:18:34] [1414/3047] https://www.myjobmag.co.ke/job/information-and-technology-intern-kenya-network-information-centre-kenic-1
[2026-08-25 03:18:38] [1415/3047] https://www.myjobmag.co.ke/job/information-and-technology-intern-kenya-network-information-centre-kenic-2
[2026-08-25 03:18:41] [1416/3047] https://www.myjobmag.co.ke/job/information-communication-technology-assistant-ii-kenya-school-of-government
[2026-08-25 03:18:43] [1417/3047] https://www.myjobmag.co.ke/job/information-communication-technology-assistant-iii-county-assembly-of-taita-taveta
[2026-08-25 03:18:46] [1418/3047] https://www.myjobmag.co.ke/job/information-communication-technology-ict-assistant-iii-2-posts-water-resources-authority
[2026-08-25 03:18:53] [1419/3047] https://www.myjobmag.co.ke/job/information-communication-technology-ict-officer-ii-water-resources-authority
[2026-08-25 03:18:55] [1420/3047] https://www.myjobmag.co.ke/job/information-communication-technology-officer-5-posts-nakuru-county-government
[2026-08-25 03:18:58] [1421/3047] https://www.myjobmag.co.ke/job/information-communication-technology-officer-iii-2-posts-garissa-county
[2026-08-25 03:19:04] [1422/3047] https://www.myjobmag.co.ke/job/information-communication-technology-officer-iii-8-posts-nakuru-county-government
[2026-08-25 03:19:06] [1423/3047] https://www.myjobmag.co.ke/job/information-communication-technology-officer-north-rift-valley-water-works-development-agency
[2026-08-25 03:19:09] [1424/3047] https://www.myjobmag.co.ke/job/information-communication-technology-officer-software-developer-county-government-of-nyeri
[2026-08-25 03:19:11]   TECH: Information Communication Technology Officer (Software Developer) at County Government of Nyeri [Software & IT] [2026-05-21]
[2026-08-25 03:19:11] [1425/3047] https://www.myjobmag.co.ke/job/information-communication-technology-officer-the-central-rift-valley-water-works-development-agency
[2026-08-25 03:19:14] [1426/3047] https://www.myjobmag.co.ke/job/information-communication-technology-technician-2-posts-kitale-national-polytechnic
[2026-08-25 03:19:16] [1427/3047] https://www.myjobmag.co.ke/job/information-communication-technology-trainer-2-posts-bungoma-north-technical-and-vocational-college
[2026-08-25 03:19:19] [1428/3047] https://www.myjobmag.co.ke/job/information-communications-technology-ict-intern-deloitte-consulting
[2026-08-25 03:19:26] [1429/3047] https://www.myjobmag.co.ke/job/information-management-consultant-unicef
[2026-08-25 03:19:30] [1430/3047] https://www.myjobmag.co.ke/job/information-management-im-intern-danish-refugee-council
[2026-08-25 03:19:33] [1431/3047] https://www.myjobmag.co.ke/job/information-management-reporting-officer-nutrition-international
[2026-08-25 03:19:37] [1432/3047] https://www.myjobmag.co.ke/job/information-manager-and-data-analyst-german-red-cross-kenya-red-cross-society
[2026-08-25 03:19:41]   TECH: Information Manager and Data Analyst- German Red Cross at Kenya Red Cross Society [Data & AI] [2025-08-13]
[2026-08-25 03:19:41] [1433/3047] https://www.myjobmag.co.ke/job/information-officer-ii-makueni-county-public-service-board
[2026-08-25 03:19:43] [1434/3047] https://www.myjobmag.co.ke/job/information-risk-business-resilience-manager-standard-bank-group
[2026-08-25 03:19:51] [1435/3047] https://www.myjobmag.co.ke/job/information-risk-manager-kcb-bank-kenya-2
[2026-08-25 03:19:54] [1436/3047] https://www.myjobmag.co.ke/job/information-science-2-posts-council-of-legal-education-1
[2026-08-25 03:19:58] [1437/3047] https://www.myjobmag.co.ke/job/information-science-and-records-management-servicenagement-intern-20-posts-judicial-service-commission
[2026-08-25 03:20:03] [1438/3047] https://www.myjobmag.co.ke/job/information-security-50-posts-ict-authority
[2026-08-25 03:20:06]   TECH: Information Security (50) Posts at ICT Authority [Cybersecurity] [2026-08-18]
[2026-08-25 03:20:06] [1439/3047] https://www.myjobmag.co.ke/job/information-security-officer-adec-kenya-services-epz-limited-adec-kenya
[2026-08-25 03:20:09]   TECH: Information Security Officer at ADEC Kenya Services EPZ Limited (ADEC Kenya) [Cybersecurity] [2026-05-07]
[2026-08-25 03:20:09] [1440/3047] https://www.myjobmag.co.ke/job/information-security-officer-consolidated-bank-of-kenya
[2026-08-25 03:20:12]   TECH: Information Security Officer at Consolidated Bank of Kenya [Cybersecurity] [2026-05-12]
[2026-08-25 03:20:12] Checkpoint saved: 317 historical records
[2026-08-25 03:20:12] [1441/3047] https://www.myjobmag.co.ke/job/information-systems-and-data-analytics-expert-p3-level-african-union-interafrican-bureau-for-animal-resources
[2026-08-25 03:20:14] [1442/3047] https://www.myjobmag.co.ke/job/information-systems-audit-manager-prime-bank-kenya
[2026-08-25 03:20:18] [1443/3047] https://www.myjobmag.co.ke/job/information-systems-auditor-consolidated-bank-of-kenya-2
[2026-08-25 03:20:20] [1444/3047] https://www.myjobmag.co.ke/job/information-systems-auditor-grade-11-kenyatta-university-1
[2026-08-25 03:20:26] [1445/3047] https://www.myjobmag.co.ke/job/information-systems-auditor-ii-judicial-service-commission
[2026-08-25 03:20:30] [1446/3047] https://www.myjobmag.co.ke/job/information-systems-auditor-konza-technopolis-development-authority
[2026-08-25 03:20:32] [1447/3047] https://www.myjobmag.co.ke/job/information-systems-auditor-madison-group-limited-2
[2026-08-25 03:20:36] [1448/3047] https://www.myjobmag.co.ke/job/information-systems-auditor-ncba-group
[2026-08-25 03:20:39] [1449/3047] https://www.myjobmag.co.ke/job/information-systems-officer-p3-united-nations-office-at-nairobi-unon-2
[2026-08-25 03:20:42] [1450/3047] https://www.myjobmag.co.ke/job/information-systems-specialist-medecins-sans-frontieres-msf-2
[2026-08-25 03:20:46] [1451/3047] https://www.myjobmag.co.ke/job/information-systems-technology-ict-auditor-kenya-teachers-sacco-association-ketsa
[2026-08-25 03:20:49] [1452/3047] https://www.myjobmag.co.ke/job/information-technology-and-management-intern-united-nations-environment-programme-unep
[2026-08-25 03:20:52] [1453/3047] https://www.myjobmag.co.ke/job/information-technology-assistant-g6-united-nations-office-at-nairobi-unon-2
[2026-08-25 03:20:58] [1454/3047] https://www.myjobmag.co.ke/job/information-technology-communication-instructor-interns-6-posts-county-government-of-nyeri
[2026-08-25 03:21:01] [1455/3047] https://www.myjobmag.co.ke/job/information-technology-computing-and-artificial-intelligence-the-open-university-of-kenya
[2026-08-25 03:21:04]   TECH: Information Technology, Computing and Artificial Intelligence at The Open University of Kenya [Data & AI] [2026-03-10]
[2026-08-25 03:21:04] [1456/3047] https://www.myjobmag.co.ke/job/information-technology-help-desk-solvo-global
[2026-08-25 03:21:09] [1457/3047] https://www.myjobmag.co.ke/job/information-technology-intern-alliance-for-a-green-revolution-in-africa-agra
[2026-08-25 03:21:16] [1458/3047] https://www.myjobmag.co.ke/job/information-technology-intern-save-the-children-5
[2026-08-25 03:21:18] [1459/3047] https://www.myjobmag.co.ke/job/information-technology-intern-save-the-children-6
[2026-08-25 03:21:21] [1460/3047] https://www.myjobmag.co.ke/job/information-technology-intern-united-nations-office-at-nairobi-unon
[2026-08-25 03:21:28] [1461/3047] https://www.myjobmag.co.ke/job/information-technology-internship-the-coca-cola-company
[2026-08-25 03:21:31] [1462/3047] https://www.myjobmag.co.ke/job/information-technology-it-internship-ramco-group
[2026-08-25 03:21:35] [1464/3047] https://www.myjobmag.co.ke/job/information-technology-it-officer-reproductive-health-network-kenya
[2026-08-25 03:21:38] [1465/3047] https://www.myjobmag.co.ke/job/information-technology-it-tom-mboya-university
[2026-08-25 03:21:43] [1466/3047] https://www.myjobmag.co.ke/job/information-technology-it-united-nations-environment-programme-unep
[2026-08-25 03:21:49] [1467/3047] https://www.myjobmag.co.ke/job/information-technology-tharaka-university
[2026-08-25 03:21:52] [1469/3047] https://www.myjobmag.co.ke/job/infrastructure-manager-royal-mabati-factory
[2026-08-25 03:21:59] [1470/3047] https://www.myjobmag.co.ke/job/innovation-intern-save-the-children
[2026-08-25 03:22:07] [1471/3047] https://www.myjobmag.co.ke/job/innovation-interns-securex
[2026-08-25 03:22:09] [1472/3047] https://www.myjobmag.co.ke/job/innovation-policy-analysis-assistant-network-of-innovation-agencies-of-africa-iaa-kenya-national-innovation-agency
[2026-08-25 03:22:17] [1473/3047] https://www.myjobmag.co.ke/job/innovation-specialist-p-4-unicef
[2026-08-25 03:22:22] [1474/3047] https://www.myjobmag.co.ke/job/innovations-intern-britam
[2026-08-25 03:22:25] [1475/3047] https://www.myjobmag.co.ke/job/innovations-manager-britam
[2026-08-25 03:22:30] [1476/3047] https://www.myjobmag.co.ke/job/innovations-officer-innovation-zetech-university
[2026-08-25 03:22:35] [1477/3047] https://www.myjobmag.co.ke/job/insights-reporting-analyst-standard-bank-group
[2026-08-25 03:22:37] [1478/3047] https://www.myjobmag.co.ke/job/integrated-security-systems-intern-securex
[2026-08-25 03:22:42] [1479/3047] https://www.myjobmag.co.ke/job/integration-engineer-hf-group
[2026-08-25 03:22:47] [1480/3047] https://www.myjobmag.co.ke/job/integration-microservices-engineer-ncba-group
[2026-08-25 03:22:50] [1481/3047] https://www.myjobmag.co.ke/job/interim-ms-hs-library-manager-the-international-school-of-kenya
[2026-08-25 03:22:56] [1482/3047] https://www.myjobmag.co.ke/job/intern-analyst-power-infrastructure-crossboundary
[2026-08-25 03:23:06] [1483/3047] https://www.myjobmag.co.ke/job/intern-artificial-intelligence-united-nations-environment-programme-unep
[2026-08-25 03:23:08]   TECH: Intern – Artificial Intelligence at United Nations Environment Programme (UNEP) [Data & AI] [2026-04-09]
[2026-08-25 03:23:08] [1484/3047] https://www.myjobmag.co.ke/job/intern-business-analysis-save-the-children
[2026-08-25 03:23:14] [1486/3047] https://www.myjobmag.co.ke/job/intern-data-analyst-kericho-water-sanitation-company-ltd
[2026-08-25 03:23:21]   TECH: Intern - Data Analyst at Kericho Water & Sanitation Company Ltd [Data & AI] [2025-12-01]
[2026-08-25 03:23:21] [1487/3047] https://www.myjobmag.co.ke/job/intern-data-analyst-palladium-international-2
[2026-08-25 03:23:24]   TECH: Intern Data Analyst at Palladium International [Data & AI] [2026-05-16]
[2026-08-25 03:23:24] [1488/3047] https://www.myjobmag.co.ke/job/intern-data-analyst-software-engineer-undp
[2026-08-25 03:23:28] [1489/3047] https://www.myjobmag.co.ke/job/intern-data-analytics-developer-sybyl-limited
[2026-08-25 03:23:33] [1490/3047] https://www.myjobmag.co.ke/job/intern-data-analytics-un-habitat
[2026-08-25 03:23:36] [1491/3047] https://www.myjobmag.co.ke/job/intern-data-entry-program-support-world-relief
[2026-08-25 03:23:43] [1492/3047] https://www.myjobmag.co.ke/job/intern-data-learning-evidence-action-2
[2026-08-25 03:23:49] [1493/3047] https://www.myjobmag.co.ke/job/intern-data-management-and-reporting-amref-kenya
[2026-08-25 03:23:52] [1494/3047] https://www.myjobmag.co.ke/job/intern-data-protection-sbm-bank
[2026-08-25 03:23:54] [1495/3047] https://www.myjobmag.co.ke/job/intern-digital-development-channels-sbm-bank
[2026-08-25 03:24:00] [1496/3047] https://www.myjobmag.co.ke/job/intern-ict-bomet-central-technical-and-vocational-college
[2026-08-25 03:24:03] [1497/3047] https://www.myjobmag.co.ke/job/intern-information-data-management-united-nations-high-commissioner-for-refugees-unhcr
[2026-08-25 03:24:07] [1498/3047] https://www.myjobmag.co.ke/job/intern-information-technology-it-united-nations-environment-programme-unep
[2026-08-25 03:24:10] [1499/3047] https://www.myjobmag.co.ke/job/intern-infrastructure-app-developer-united-nations-office-at-nairobi-unon
[2026-08-25 03:24:13] [1500/3047] https://www.myjobmag.co.ke/job/intern-monitoring-and-evaluation-m-e-wajir-world-food-programme-wfp
[2026-08-25 03:24:23] [1501/3047] https://www.myjobmag.co.ke/job/intern-monitoring-evaluation-africa-enterprise-challenge-fund-aecf
[2026-08-25 03:24:27] [1502/3047] https://www.myjobmag.co.ke/job/intern-programme-review-committee-support-un-habitat-1
[2026-08-25 03:24:29] [1503/3047] https://www.myjobmag.co.ke/job/intern-records-management-20-positions-kca-university-kcau
[2026-08-25 03:24:36] [1504/3047] https://www.myjobmag.co.ke/job/internal-audit-officer-i-higher-education-loans-board-helb-2
[2026-08-25 03:24:40] [1505/3047] https://www.myjobmag.co.ke/job/internal-controls-manager-technology-standard-bank-group
[2026-08-25 03:24:43] [1506/3047] https://www.myjobmag.co.ke/job/international-analyst-program-voluntas-2
[2026-08-25 03:24:48] [1507/3047] https://www.myjobmag.co.ke/job/international-consultancy-data-and-analytics-consultant-unicef
[2026-08-25 03:24:52] [1508/3047] https://www.myjobmag.co.ke/job/international-consultancy-monitoring-consultant-13-months-unicef
[2026-08-25 03:24:55] [1509/3047] https://www.myjobmag.co.ke/job/internship-data-analysis-reporting-assistant-danchurchaid-dca-1
[2026-08-25 03:25:01] [1510/3047] https://www.myjobmag.co.ke/job/internship-economics-statistics-and-data-management-african-development-bank
[2026-08-25 03:25:06] [1511/3047] https://www.myjobmag.co.ke/job/internship-opportunity-software-dynamics
[2026-08-25 03:25:13] [1512/3047] https://www.myjobmag.co.ke/job/internship-program-communications-crossboundary
[2026-08-25 03:25:16] [1513/3047] https://www.myjobmag.co.ke/job/internship-program-communications-data-analytics-crossboundary
[2026-08-25 03:25:19] [1514/3047] https://www.myjobmag.co.ke/job/internship-program-minigrid-innovations-lab-crossboundary
[2026-08-25 03:25:22] [1515/3047] https://www.myjobmag.co.ke/job/internship-research-and-analytics-capital-markets-authority-cma
[2026-08-25 03:25:28] [1516/3047] https://www.myjobmag.co.ke/job/inventory-and-data-management-quality-control-coordinator-one-acre-fund
[2026-08-25 03:25:31] [1517/3047] https://www.myjobmag.co.ke/job/investment-analyst-cic-insurance
[2026-08-25 03:25:36] [1518/3047] https://www.myjobmag.co.ke/job/investment-analyst-graduate-trainee-inkomoko
[2026-08-25 03:25:39] [1519/3047] https://www.myjobmag.co.ke/job/ioh-platform-team-engineer-net-cigna
[2026-08-25 03:25:42] [1520/3047] https://www.myjobmag.co.ke/job/iot-engineer-konza-technopolis-development-authority
[2026-08-25 03:25:49] [1521/3047] https://www.myjobmag.co.ke/job/ip-field-support-engineer
[2026-08-25 03:25:51] [1522/3047] https://www.myjobmag.co.ke/job/is-security-manager-royal-mabati-factory
[2026-08-25 03:25:56] [1523/3047] https://www.myjobmag.co.ke/job/isp-technician-mombasa-fireside-engineering-group-1
[2026-08-25 03:25:59] [1524/3047] https://www.myjobmag.co.ke/job/isp-technician-nairobi-fireside-engineering-group-1
[2026-08-25 03:26:01] [1525/3047] https://www.myjobmag.co.ke/job/it-administrator-momentum-credit-3
[2026-08-25 03:26:06] [1526/3047] https://www.myjobmag.co.ke/job/it-and-data-analyst-national-council-of-churches-of-kenya-ncck
[2026-08-25 03:26:09]   TECH: IT and Data Analyst at National Council of Churches of Kenya (NCCK) [Data & AI] [2025-09-22]
[2026-08-25 03:26:09] [1527/3047] https://www.myjobmag.co.ke/job/it-and-social-media-intern-jhpiego
[2026-08-25 03:26:15] [1528/3047] https://www.myjobmag.co.ke/job/it-application-analyst-valley-hospital-1
[2026-08-25 03:26:18] [1529/3047] https://www.myjobmag.co.ke/job/it-assistant-africa-management-solutions-limited-amsol
[2026-08-25 03:26:23] [1530/3047] https://www.myjobmag.co.ke/job/it-assistant-mpala
[2026-08-25 03:26:29] [1531/3047] https://www.myjobmag.co.ke/job/it-assistant-stonefield-company-limited
[2026-08-25 03:26:31] [1532/3047] https://www.myjobmag.co.ke/job/it-assistant-techno-functional-erp-support-msvl-group
[2026-08-25 03:26:34] [1533/3047] https://www.myjobmag.co.ke/job/it-associate-technoserve-kenya-2
[2026-08-25 03:26:41] [1534/3047] https://www.myjobmag.co.ke/job/it-audit-analytics-automation-equity-bank-kenya
[2026-08-25 03:26:43] [1535/3047] https://www.myjobmag.co.ke/job/it-business-analyst-financial-services-safaricom-kenya
[2026-08-25 03:26:51] [1536/3047] https://www.myjobmag.co.ke/job/it-dept-partimers-umma-university
[2026-08-25 03:26:53] [1537/3047] https://www.myjobmag.co.ke/job/it-development-assistant-international-transformation-foundation-itf-2
[2026-08-25 03:26:56] [1538/3047] https://www.myjobmag.co.ke/job/it-digitalization-manager-scania-east-africa
[2026-08-25 03:27:01] [1539/3047] https://www.myjobmag.co.ke/job/it-director-innovations-for-poverty-action-ipa
[2026-08-25 03:27:04] [1540/3047] https://www.myjobmag.co.ke/job/it-disaster-recovery-specialist-world-vision-kenya
[2026-08-25 03:27:07] [1541/3047] https://www.myjobmag.co.ke/job/it-erp-implementation-lead-msvl-group
[2026-08-25 03:27:13] [1542/3047] https://www.myjobmag.co.ke/job/it-event-management-engineer-world-vision-kenya
[2026-08-25 03:27:19] [1543/3047] https://www.myjobmag.co.ke/job/it-event-management-engineer-world-vision-kenya-1
[2026-08-25 03:27:21] [1544/3047] https://www.myjobmag.co.ke/job/it-executive-tire-world-ltd
[2026-08-25 03:27:26] [1545/3047] https://www.myjobmag.co.ke/job/it-expert-1-position-insight-axis-africa
[2026-08-25 03:27:32] [1546/3047] https://www.myjobmag.co.ke/job/it-governance-and-controls-manager-hf-group
[2026-08-25 03:27:34] [1547/3047] https://www.myjobmag.co.ke/job/it-graduate-trainee-ideon-limited
[2026-08-25 03:27:42] [1548/3047] https://www.myjobmag.co.ke/job/it-helpdesk-techinician-solvo-global
[2026-08-25 03:27:45] [1549/3047] https://www.myjobmag.co.ke/job/it-ict-2-posts-masinde-muliro-university-of-science-amp-technology-mmust
[2026-08-25 03:27:47] [1550/3047] https://www.myjobmag.co.ke/job/it-infrastructure-lead-cloudfactory
[2026-08-25 03:27:53] [1551/3047] https://www.myjobmag.co.ke/job/it-intern-burn
[2026-08-25 03:27:56] [1552/3047] https://www.myjobmag.co.ke/job/it-intern-kenya-airfreight-handling-limited-kahl
[2026-08-25 03:28:02] [1553/3047] https://www.myjobmag.co.ke/job/it-junior-specialist-solidaridad-eastern-amp-central-africa-expertise-centre-secaec
[2026-08-25 03:28:05] [1554/3047] https://www.myjobmag.co.ke/job/it-manager-adept-systems-1
[2026-08-25 03:28:10]   TECH: IT Manager at Adept Systems [Software & IT] [2026-06-03]
[2026-08-25 03:28:10] [1555/3047] https://www.myjobmag.co.ke/job/it-manager-bridge-talent-1
[2026-08-25 03:28:12]   TECH: IT Manager at Bridge Talent Management [Software & IT] [2026-05-07]
[2026-08-25 03:28:12] [1556/3047] https://www.myjobmag.co.ke/job/it-manager-city-walk-ltd
[2026-08-25 03:28:17]   TECH: IT Manager at City Walk Ltd [Software & IT] [2026-07-22]
[2026-08-25 03:28:17] [1557/3047] https://www.myjobmag.co.ke/job/it-manager-collection-africa-limited
[2026-08-25 03:28:19]   TECH: IT Manager at Collection Africa Limited [Software & IT] [2026-05-25]
[2026-08-25 03:28:19] [1558/3047] https://www.myjobmag.co.ke/job/it-manager-mobilehub-kenya
[2026-08-25 03:28:23]   TECH: IT Manager at MobileHub Kenya [Software & IT] [2026-06-09]
[2026-08-25 03:28:23] Checkpoint saved: 327 historical records
[2026-08-25 03:28:23] [1559/3047] https://www.myjobmag.co.ke/job/it-officer-biovision-africa-trust-bvat
[2026-08-25 03:28:27]   TECH: IT Officer at Biovision Africa Trust (BvAT) [Software & IT] [2026-05-21]
[2026-08-25 03:28:27] [1560/3047] https://www.myjobmag.co.ke/job/it-officer-greenpeace
[2026-08-25 03:28:31]   TECH: IT Officer at Greenpeace [Software & IT] [2026-06-19]
[2026-08-25 03:28:31] [1562/3047] https://www.myjobmag.co.ke/job/it-operations-engineer-specialist-l1-calltronix-contact-training-centre
[2026-08-25 03:28:34] [1563/3047] https://www.myjobmag.co.ke/job/it-operations-procurement-officer-peoplelink-consultants-ltd
[2026-08-25 03:28:38] [1564/3047] https://www.myjobmag.co.ke/job/it-operations-specialist-cloudfactory
[2026-08-25 03:28:40] [1565/3047] https://www.myjobmag.co.ke/job/it-program-manager-business-analyst-pm-ba-international-rescue-committee
[2026-08-25 03:28:47] [1566/3047] https://www.myjobmag.co.ke/job/it-program-manager-data-international-rescue-committee
[2026-08-25 03:28:50] [1567/3047] https://www.myjobmag.co.ke/job/it-program-officer-konza-technopolis-development-authority
[2026-08-25 03:28:52] [1569/3047] https://www.myjobmag.co.ke/job/it-project-senior-associate-inkomoko
[2026-08-25 03:28:55] [1570/3047] https://www.myjobmag.co.ke/job/it-service-desk-analyst-madison-group-limited
[2026-08-25 03:28:58] [1571/3047] https://www.myjobmag.co.ke/job/it-software-sales-marketing-peoplelink-consultants-ltd
[2026-08-25 03:29:01] [1572/3047] https://www.myjobmag.co.ke/job/it-solutions-analyst-ncba-group
[2026-08-25 03:29:07] [1573/3047] https://www.myjobmag.co.ke/job/it-specialist-eidu
[2026-08-25 03:29:10] [1574/3047] https://www.myjobmag.co.ke/job/it-specialist-simba-group-1
[2026-08-25 03:29:16] [1575/3047] https://www.myjobmag.co.ke/job/it-strategy-value-specialist-ncba-group-1
[2026-08-25 03:29:21] [1576/3047] https://www.myjobmag.co.ke/job/it-supervisor-amedo-centres
[2026-08-25 03:29:23] [1577/3047] https://www.myjobmag.co.ke/job/it-support-hospitality-bridge-talent
[2026-08-25 03:29:29]   TECH: IT Support- Hospitality at Bridge Talent Management [Software & IT] [2026-05-11]
[2026-08-25 03:29:29] [1578/3047] https://www.myjobmag.co.ke/job/it-support-midlevel-tezza-business-solutions-ltd
[2026-08-25 03:29:31]   TECH: IT Support -Midlevel at Tezza Business Solutions Ltd [Software & IT] [2026-06-17]
[2026-08-25 03:29:31] [1580/3047] https://www.myjobmag.co.ke/job/it-support-specialist-clovers-management-amp-training-consultants-ltd
[2026-08-25 03:29:34]   TECH: IT Support Specialist at Clovers Management & Training Consultants Ltd [Software & IT] [2026-05-05]
[2026-08-25 03:29:34] [1582/3047] https://www.myjobmag.co.ke/job/it-support-specialist-peoplelink-consultants-ltd-2
[2026-08-25 03:29:40]   TECH: IT Support Specialist at Peoplelink Consultants Ltd [Software & IT] [2026-04-20]
[2026-08-25 03:29:40] [1583/3047] https://www.myjobmag.co.ke/job/it-support-specialist-peoplelink-consultants-ltd-3
[2026-08-25 03:29:43]   TECH: IT Support Specialist at Peoplelink Consultants Ltd [Software & IT] [2026-05-22]
[2026-08-25 03:29:43] [1584/3047] https://www.myjobmag.co.ke/job/it-support-specialist-tezza-business-solutions-ltd
[2026-08-25 03:29:50]   TECH: IT Support Specialist at Tezza Business Solutions Ltd [Software & IT] [2026-06-16]
[2026-08-25 03:29:50] [1585/3047] https://www.myjobmag.co.ke/job/it-support-technician-flexi-personnel
[2026-08-25 03:29:53]   TECH: IT Support Technician at Flexi-Personnel [Software & IT] [2026-04-21]
[2026-08-25 03:29:53] [1586/3047] https://www.myjobmag.co.ke/job/it-support-technician-mobilehub-kenya
[2026-08-25 03:30:01]   TECH: IT Support Technician at MobileHub Kenya [Software & IT] [2026-06-09]
[2026-08-25 03:30:01] Checkpoint saved: 337 historical records
[2026-08-25 03:30:01] [1587/3047] https://www.myjobmag.co.ke/job/it-support-transafrica-motors-ltd
[2026-08-25 03:30:03]   TECH: IT Support at TransAfrica Motors Ltd [Software & IT] [2026-04-13]
[2026-08-25 03:30:03] [1589/3047] https://www.myjobmag.co.ke/job/it-systems-administrator-human-capital-outsourcing-limited
[2026-08-25 03:30:06]   TECH: IT Systems Administrator at Human Capital Outsourcing Limited [Software & IT] [2026-06-17]
[2026-08-25 03:30:06] [1590/3047] https://www.myjobmag.co.ke/job/it-systems-digital-innovation-specialist-micato-safaris
[2026-08-25 03:30:11] [1591/3047] https://www.myjobmag.co.ke/job/it-systems-engineer-netsuite-west-indian-ocean-cable-company-wiocc-1
[2026-08-25 03:30:14] [1592/3047] https://www.myjobmag.co.ke/job/it-sytems-administrator-mybest-ltd
[2026-08-25 03:30:21] [1593/3047] https://www.myjobmag.co.ke/job/it-technical-support-engineer-ntt-ltd-1
[2026-08-25 03:30:23] [1594/3047] https://www.myjobmag.co.ke/job/it-technician-marriott
[2026-08-25 03:30:26]   TECH: IT Technician at Marriott [Software & IT] [2026-07-28]
[2026-08-25 03:30:26] [1595/3047] https://www.myjobmag.co.ke/job/itom-configuration-specialist-absa-bank-limited
[2026-08-25 03:30:33] [1596/3047] https://www.myjobmag.co.ke/job/java-backend-engineering-team-lead-triggerise
[2026-08-25 03:30:35]   TECH: Java Backend Engineering Team Lead at Triggerise (Tiko) [Software & IT] [2026-06-09]
[2026-08-25 03:30:35] [1597/3047] https://www.myjobmag.co.ke/job/java-developer-tana
[2026-08-25 03:30:38] [1598/3047] https://www.myjobmag.co.ke/job/java-developer-tana-1
[2026-08-25 03:30:44] [1599/3047] https://www.myjobmag.co.ke/job/jr-ai-developer-nathan-digital
[2026-08-25 03:30:46] [1600/3047] https://www.myjobmag.co.ke/job/jr-ai-solutions-engineer-nathan-digital
[2026-08-25 03:30:51] [1601/3047] https://www.myjobmag.co.ke/job/jr-data-migrations-specialist-hris-oasis-outsourcing
[2026-08-25 03:30:53] [1602/3047] https://www.myjobmag.co.ke/job/jr-data-scraper-solvo-global
[2026-08-25 03:30:56] [1603/3047] https://www.myjobmag.co.ke/job/jr-helpdesk-analyst-solvo-global
[2026-08-25 03:31:00] [1604/3047] https://www.myjobmag.co.ke/job/jr-it-helpdesk-analyst-solvo-global
[2026-08-25 03:31:03] [1605/3047] https://www.myjobmag.co.ke/job/junior-ai-developer-nathan-digital-1
[2026-08-25 03:31:05] [1606/3047] https://www.myjobmag.co.ke/job/junior-ai-solutions-engineer-nathan-digital
[2026-08-25 03:31:10] [1608/3047] https://www.myjobmag.co.ke/job/junior-business-analyst-data-analyst-burn
[2026-08-25 03:31:13]   TECH: Junior Business Analyst/ Data Analyst at BURN [Data & AI] [2026-04-17]
[2026-08-25 03:31:13] [1609/3047] https://www.myjobmag.co.ke/job/junior-business-analyst-salix-data
[2026-08-25 03:31:16] [1610/3047] https://www.myjobmag.co.ke/job/junior-business-systems-odoo-support-analyst-securex
[2026-08-25 03:31:22] [1611/3047] https://www.myjobmag.co.ke/job/junior-d365-ce-developer-c-net-software-dynamics
[2026-08-25 03:31:25] [1612/3047] https://www.myjobmag.co.ke/job/junior-d365-f-o-developer-x-software-dynamics
[2026-08-25 03:31:27] [1613/3047] https://www.myjobmag.co.ke/job/junior-data-analyst-bridge-talent
[2026-08-25 03:31:32]   TECH: Junior Data Analyst at Bridge Talent Management [Data & AI] [2025-10-22]
[2026-08-25 03:31:32] [1614/3047] https://www.myjobmag.co.ke/job/junior-data-analyst-nakuru-summit-recruitment-and-search
[2026-08-25 03:31:34]   TECH: Junior Data Analyst – Nakuru at Summit Recruitment and Search [Data & AI] [2026-03-30]
[2026-08-25 03:31:34] [1615/3047] https://www.myjobmag.co.ke/job/junior-data-analyst-operations-assistant-nairobi-emerge-egress-consulting
[2026-08-25 03:31:37]   TECH: Junior Data Analyst & Operations Assistant - Nairobi at Emerge Egress Consulting [Data & AI] [2026-05-21]
[2026-08-25 03:31:37] [1616/3047] https://www.myjobmag.co.ke/job/junior-data-and-insights-analyst-dentsu-1
[2026-08-25 03:31:40] [1617/3047] https://www.myjobmag.co.ke/job/junior-developer-international-supply-chain-solutions
[2026-08-25 03:31:43] [1618/3047] https://www.myjobmag.co.ke/job/junior-developer-victory-farms
[2026-08-25 03:31:45] [1619/3047] https://www.myjobmag.co.ke/job/junior-full-stack-developer-jubilee-insurance-1
[2026-08-25 03:31:48]   TECH: Junior Full Stack Developer at Jubilee Insurance [Software & IT] [2026-05-23]
[2026-08-25 03:31:48] [1620/3047] https://www.myjobmag.co.ke/job/junior-professional-east-africa-palladium-international
[2026-08-25 03:31:51] [1621/3047] https://www.myjobmag.co.ke/job/junior-quality-analyst-animal-feeds-cdl-human-resouce
[2026-08-25 03:31:53] [1622/3047] https://www.myjobmag.co.ke/job/junior-quality-assurance-engineer-power-financial-wellness
[2026-08-25 03:31:57]   TECH: Junior Quality Assurance Engineer at Power Financial Wellness [QA & Testing] [2026-08-06]
[2026-08-25 03:31:57] Checkpoint saved: 347 historical records
[2026-08-25 03:31:57] [1623/3047] https://www.myjobmag.co.ke/job/junior-quality-assurance-qa-engineer-m-gas
[2026-08-25 03:31:59]   TECH: Junior Quality Assurance (QA) Engineer at M-Gas [QA & Testing] [2026-05-23]
[2026-08-25 03:31:59] [1624/3047] https://www.myjobmag.co.ke/job/junior-salesforce-developer-bqi-tech
[2026-08-25 03:32:02] [1625/3047] https://www.myjobmag.co.ke/job/junior-software-developer-salix-data-1
[2026-08-25 03:32:05]   TECH: Junior Software Developer at Salix Data [Software & IT] [2026-05-19]
[2026-08-25 03:32:05] [1626/3047] https://www.myjobmag.co.ke/job/junior-software-developer-technical-savannah-informatics
[2026-08-25 03:32:08]   TECH: Junior Software Developer - Technical at Savannah Informatics [Software & IT] [2026-06-19]
[2026-08-25 03:32:08] [1628/3047] https://www.myjobmag.co.ke/job/junior-software-engineer-zeraki
[2026-08-25 03:32:11]   TECH: Junior Software Engineer at Zeraki [Software & IT] [2026-07-27]
[2026-08-25 03:32:11] [1629/3047] https://www.myjobmag.co.ke/job/junior-software-support-engineer-tana
[2026-08-25 03:32:14] [1630/3047] https://www.myjobmag.co.ke/job/junior-survey-engineer-rainforest-alliance
[2026-08-25 03:32:16] [1631/3047] https://www.myjobmag.co.ke/job/junior-systems-analyst-victory-farms
[2026-08-25 03:32:20] [1633/3047] https://www.myjobmag.co.ke/job/k26298-business-operations-analyst-locally-recruited-international-maize-and-wheat-improvement-center-cimmyt
[2026-08-25 03:32:24] [1634/3047] https://www.myjobmag.co.ke/job/kcb-management-trainee-program-2026-kcb-bank-kenya
[2026-08-25 03:32:27] [1635/3047] https://www.myjobmag.co.ke/job/ke-data-analyst-national-church-world-service
[2026-08-25 03:32:30]   TECH: KE-Data Analyst (National) at Church World Service [Data & AI] [2025-09-08]
[2026-08-25 03:32:30] [1637/3047] https://www.myjobmag.co.ke/job/ke-information-technology-support-specialist-national-church-world-service
[2026-08-25 03:32:33] [1638/3047] https://www.myjobmag.co.ke/job/ke-monitoring-and-evaluation-officer-national-church-world-service
[2026-08-25 03:32:36] [1639/3047] https://www.myjobmag.co.ke/job/ke-monitoring-and-evaluation-supervisor-national-church-world-service
[2026-08-25 03:32:41] [1640/3047] https://www.myjobmag.co.ke/job/ke-senior-manager-information-security-national-church-world-service
[2026-08-25 03:32:43]   TECH: KE-Senior Manager, Information Security (National) at Church World Service [Cybersecurity] [2026-05-29]
[2026-08-25 03:32:43] [1641/3047] https://www.myjobmag.co.ke/job/ke-software-developer-national-church-world-service
[2026-08-25 03:32:46]   TECH: KE-Software Developer (National) at Church World Service [Software & IT] [2026-05-29]
[2026-08-25 03:32:46] [1642/3047] https://www.myjobmag.co.ke/job/ke-software-development-supervisor-national-church-world-service
[2026-08-25 03:32:51]   TECH: KE-Software Development Supervisor (National) at Church World Service [Software & IT] [2026-05-29]
[2026-08-25 03:32:51] [1643/3047] https://www.myjobmag.co.ke/job/ke-technical-scrum-master-national-church-world-service
[2026-08-25 03:32:54] [1644/3047] https://www.myjobmag.co.ke/job/key-expert-1-data-governance-sustainet-group
[2026-08-25 03:32:56] [1646/3047] https://www.myjobmag.co.ke/job/knowledge-and-evidence-systems-consultant-for-east-and-southern-africa-un-women
[2026-08-25 03:33:02] [1647/3047] https://www.myjobmag.co.ke/job/knowledge-hub-backend-web-developer-intern-un-habitat
[2026-08-25 03:33:05]   TECH: Knowledge Hub – Backend Web Developer Intern at UN-Habitat [Software & IT] [2026-02-03]
[2026-08-25 03:33:05] [1648/3047] https://www.myjobmag.co.ke/job/knowledge-management-expert-un-habitat
[2026-08-25 03:33:10] [1649/3047] https://www.myjobmag.co.ke/job/knowledge-management-senior-specialist-remote
[2026-08-25 03:33:12]   TECH: Data Analyst at ENGIE [Data & AI] [2025-08-23]
[2026-08-25 03:33:12] Checkpoint saved: 357 historical records
[2026-08-25 03:33:12] [1650/3047] https://www.myjobmag.co.ke/job/knowledge-management-specialist-african-institute-for-development-policy-afidep
[2026-08-25 03:33:15] [1651/3047] https://www.myjobmag.co.ke/job/knowledge-officer-intern-kenya-electricity-generating-company-kengen
[2026-08-25 03:33:20] [1652/3047] https://www.myjobmag.co.ke/job/kyc-analyst-banking-industry-sheer-logistics
[2026-08-25 03:33:22] [1653/3047] https://www.myjobmag.co.ke/job/l-d-tech-specialist-ai-enablement-digital-divide-data
[2026-08-25 03:33:29] [1654/3047] https://www.myjobmag.co.ke/job/land-surveyor-gis-analyst-mombasa-hr-fleek
[2026-08-25 03:33:31] [1655/3047] https://www.myjobmag.co.ke/job/laserfiche-developer-solvo-global
[2026-08-25 03:33:37] [1656/3047] https://www.myjobmag.co.ke/job/lead-ai-automation-engineer-m-kopa-solar
[2026-08-25 03:33:40] [1657/3047] https://www.myjobmag.co.ke/job/lead-ai-engineer-financial-inclusion-m-kopa-solar
[2026-08-25 03:33:42]   TECH: Lead AI Engineer - Financial Inclusion at M-KOPA Solar [Data & AI] [2026-05-23]
[2026-08-25 03:33:42] [1658/3047] https://www.myjobmag.co.ke/job/lead-ai-subject-matter-expert-indepthresearch
[2026-08-25 03:33:45] [1659/3047] https://www.myjobmag.co.ke/job/lead-analyst-data-operations-greenlight-planet
[2026-08-25 03:33:47] [1660/3047] https://www.myjobmag.co.ke/job/lead-analyst-for-nation-statistics-office-statistician-un-habitat
[2026-08-25 03:33:50] [1661/3047] https://www.myjobmag.co.ke/job/lead-analyst-portfolio-insights-greenlight-planet
[2026-08-25 03:33:54] [1662/3047] https://www.myjobmag.co.ke/job/lead-analytics-engineer-revops-bi-avenews
[2026-08-25 03:33:56] [1663/3047] https://www.myjobmag.co.ke/job/lead-analytics-engineer-revops-bi-avenews-1
[2026-08-25 03:33:59] [1665/3047] https://www.myjobmag.co.ke/job/lead-automation-ai-enablement-bridge-talent
[2026-08-25 03:34:03] [1666/3047] https://www.myjobmag.co.ke/job/lead-automation-ai-enablement-cdl-human-resouce
[2026-08-25 03:34:05] [1667/3047] https://www.myjobmag.co.ke/job/lead-business-analyst-farsight-africa-group
[2026-08-25 03:34:11] [1668/3047] https://www.myjobmag.co.ke/job/lead-business-analyst-solution-architect-ncba-group
[2026-08-25 03:34:14]   TECH: Lead Business Analyst – Solution Architect at NCBA Group [Software & IT] [2026-05-13]
[2026-08-25 03:34:14] [1669/3047] https://www.myjobmag.co.ke/job/lead-business-analyst-techsavanna-technology
[2026-08-25 03:34:17] [1670/3047] https://www.myjobmag.co.ke/job/lead-customs-transit-bond-operations-nextsun-global-logistics-limited
[2026-08-25 03:34:22] [1671/3047] https://www.myjobmag.co.ke/job/lead-data-analyst-i-m-bank
[2026-08-25 03:34:25]   TECH: Lead Data Analyst at I&M Bank [Data & AI] [2025-11-10]
[2026-08-25 03:34:25] [1672/3047] https://www.myjobmag.co.ke/job/lead-data-engineer-equity-bank-kenya
[2026-08-25 03:34:27]   TECH: Lead Data Engineer at Equity Bank Kenya [Data & AI] [2026-02-20]
[2026-08-25 03:34:27] [1673/3047] https://www.myjobmag.co.ke/job/lead-data-governance-and-data-management-family-bank-ltd
[2026-08-25 03:34:33] [1674/3047] https://www.myjobmag.co.ke/job/lead-data-management-absa-bank-limited
[2026-08-25 03:34:36] [1675/3047] https://www.myjobmag.co.ke/job/lead-developer-card-integrations-equity-bank-kenya-2
[2026-08-25 03:34:38] [1676/3047] https://www.myjobmag.co.ke/job/lead-developer-spin-mobile
[2026-08-25 03:34:44] [1677/3047] https://www.myjobmag.co.ke/job/lead-devops-engineer-foundry-rnd-mastercard-1
[2026-08-25 03:34:47]   TECH: Lead DevOps Engineer, Foundry RnD at MasterCard [Cloud & DevOps] [2026-05-01]
[2026-08-25 03:34:47] [1678/3047] https://www.myjobmag.co.ke/job/lead-engineer-ai-agents-m-kopa-solar
[2026-08-25 03:34:52] [1679/3047] https://www.myjobmag.co.ke/job/lead-enterprise-cloud-iot-security-safaricom-kenya
[2026-08-25 03:34:55] [1680/3047] https://www.myjobmag.co.ke/job/lead-enterprise-converged-business-solutions-safaricom-kenya
[2026-08-25 03:34:58] [1681/3047] https://www.myjobmag.co.ke/job/lead-enterprise-operations-safaricom-kenya
[2026-08-25 03:35:07] [1682/3047] https://www.myjobmag.co.ke/job/lead-experience-engineer-jubilee-insurance
[2026-08-25 03:35:09] [1683/3047] https://www.myjobmag.co.ke/job/lead-financial-data-analyst-fairchain-workforce
[2026-08-25 03:35:18]   TECH: Lead Financial Data Analyst at FairChain WorkForce [Data & AI] [2025-10-02]
[2026-08-25 03:35:18] [1684/3047] https://www.myjobmag.co.ke/job/lead-infrastructure-engineer-ideon-limited
[2026-08-25 03:35:21] [1685/3047] https://www.myjobmag.co.ke/job/lead-it-change-interventions-save-the-children
[2026-08-25 03:35:23] [1686/3047] https://www.myjobmag.co.ke/job/lead-nextgen-fintech-safaricom-kenya
[2026-08-25 03:35:31] [1687/3047] https://www.myjobmag.co.ke/job/lead-product-owner-rainforest-alliance
[2026-08-25 03:35:33]   TECH: Lead Product Owner at Rainforest Alliance [Product & UX] [2026-03-23]
[2026-08-25 03:35:33] [1688/3047] https://www.myjobmag.co.ke/job/lead-software-engineer-mastercard
[2026-08-25 03:35:40]   TECH: Lead Software Engineer at MasterCard [Software & IT] [2026-05-21]
[2026-08-25 03:35:40] [1689/3047] https://www.myjobmag.co.ke/job/lead-solution-architect-absa-bank-limited-2
[2026-08-25 03:35:43]   TECH: Lead Solution Architect at Absa Bank Limited [Software & IT] [2026-05-15]
[2026-08-25 03:35:43] [1690/3047] https://www.myjobmag.co.ke/job/lead-systems-integrator-and-developer-braeburn-schools
[2026-08-25 03:35:46] [1691/3047] https://www.myjobmag.co.ke/job/lead-technical-architect-temenos-group
[2026-08-25 03:35:48] [1692/3047] https://www.myjobmag.co.ke/job/lead-wholesale-carrier-safaricom-kenya
[2026-08-25 03:35:51] [1693/3047] https://www.myjobmag.co.ke/job/learning-ai-specialist-influx
[2026-08-25 03:35:54] [1694/3047] https://www.myjobmag.co.ke/job/learning-ai-specialist-influx-1
[2026-08-25 03:36:00] [1695/3047] https://www.myjobmag.co.ke/job/learning-ai-specialist-influx-2
[2026-08-25 03:36:03] [1696/3047] https://www.myjobmag.co.ke/job/learning-and-impact-associate-supreme-lifelines-project-amref-kenya
[2026-08-25 03:36:09] [1697/3047] https://www.myjobmag.co.ke/job/learning-evidence-and-impact-lead-amref-kenya-2
[2026-08-25 03:36:11] [1698/3047] https://www.myjobmag.co.ke/job/learning-experience-designer-food-for-education
[2026-08-25 03:36:14] [1699/3047] https://www.myjobmag.co.ke/job/learning-monitoring-and-evaluation-lme-reporting-officer-strathmore-business-school
[2026-08-25 03:36:16] [1700/3047] https://www.myjobmag.co.ke/job/lecturer-2-posts-zetech-university
[2026-08-25 03:36:19] [1701/3047] https://www.myjobmag.co.ke/job/lecturer-advanced-biostatics-jaramogi-oginga-odinga-university-of-science-and-technology
[2026-08-25 03:36:21] [1702/3047] https://www.myjobmag.co.ke/job/lecturer-applied-statistics-jaramogi-oginga-odinga-university-of-science-and-technology
[2026-08-25 03:36:26] [1705/3047] https://www.myjobmag.co.ke/job/lecturer-artificial-intelligence-umma-university
[2026-08-25 03:36:29]   TECH: Lecturer - Artificial Intelligence at Umma University [Data & AI] [2025-12-06]
[2026-08-25 03:36:29] Checkpoint saved: 367 historical records
[2026-08-25 03:36:29] [1706/3047] https://www.myjobmag.co.ke/job/lecturer-bachelor-of-science-in-economics-and-statistics-information-science-2-national-youth-service-nys
[2026-08-25 03:36:31] [1707/3047] https://www.myjobmag.co.ke/job/lecturer-biostatistics-jaramogi-oginga-odinga-university-of-science-and-technology
[2026-08-25 03:36:35] [1708/3047] https://www.myjobmag.co.ke/job/lecturer-computational-theory-jaramogi-oginga-odinga-university-of-science-and-technology
[2026-08-25 03:36:38] [1709/3047] https://www.myjobmag.co.ke/job/lecturer-computer-networks-communications-jaramogi-oginga-odinga-university-of-science-and-technology
[2026-08-25 03:36:43] [1710/3047] https://www.myjobmag.co.ke/job/lecturer-computer-networks-communications-jaramogi-oginga-odinga-university-of-science-and-technology-1
[2026-08-25 03:36:45] [1711/3047] https://www.myjobmag.co.ke/job/lecturer-computer-science-systems-jaramogi-oginga-odinga-university-of-science-and-technology
[2026-08-25 03:36:48] [1712/3047] https://www.myjobmag.co.ke/job/lecturer-computer-science-university-of-embu-2
[2026-08-25 03:36:51] [1713/3047] https://www.myjobmag.co.ke/job/lecturer-computer-security-and-forensics-dedan-kimathi-university
[2026-08-25 03:36:53] [1716/3047] https://www.myjobmag.co.ke/job/lecturer-cyber-security-university-of-embu-3
[2026-08-25 03:36:58]   TECH: Lecturer Cyber Security at University of Embu [Cybersecurity] [2026-04-20]
[2026-08-25 03:36:58] [1717/3047] https://www.myjobmag.co.ke/job/lecturer-data-analytics-umma-university
[2026-08-25 03:37:04] [1718/3047] https://www.myjobmag.co.ke/job/lecturer-data-science-2-posts-tom-mboya-university
[2026-08-25 03:37:06]   TECH: Lecturer (Data Science) - 2 Posts at Tom Mboya University [Data & AI] [2026-03-24]
[2026-08-25 03:37:06] [1721/3047] https://www.myjobmag.co.ke/job/lecturer-data-science-machine-learning-kenya-methodist-university-kemu
[2026-08-25 03:37:10]   TECH: Lecturer, Data Science & Machine Learning at Kenya Methodist University (KeMU) [Data & AI] [2025-09-01]
[2026-08-25 03:37:10] [1722/3047] https://www.myjobmag.co.ke/job/lecturer-digital-forensic-dedan-kimathi-university
[2026-08-25 03:37:15] [1723/3047] https://www.myjobmag.co.ke/job/lecturer-economics-jaramogi-oginga-odinga-university-of-science-and-technology
[2026-08-25 03:37:17] [1724/3047] https://www.myjobmag.co.ke/job/lecturer-grade-12-computer-science-kaimosi-friends-university-college-kafuco
[2026-08-25 03:37:21] [1725/3047] https://www.myjobmag.co.ke/job/lecturer-grade-12-information-technology-kaimosi-friends-university-college-kafuco
[2026-08-25 03:37:25] [1726/3047] https://www.myjobmag.co.ke/job/lecturer-grade-12-information-technology-kaimosi-friends-university-college-kafuco-1
[2026-08-25 03:37:28] [1727/3047] https://www.myjobmag.co.ke/job/lecturer-health-information-management-kenyatta-university
[2026-08-25 03:37:31] [1728/3047] https://www.myjobmag.co.ke/job/lecturer-health-systems-and-management-jaramogi-oginga-odinga-university-of-science-and-technology
[2026-08-25 03:37:33] [1729/3047] https://www.myjobmag.co.ke/job/lecturer-in-computer-science-catholic-university-of-eastern-africa-1
[2026-08-25 03:37:38] [1730/3047] https://www.myjobmag.co.ke/job/lecturer-in-machine-learning-and-big-data-data-science-united-states-international-university-usiu-africa
[2026-08-25 03:37:40]   TECH: Lecturer in Machine Learning and Big Data/ Data Science at United States International University - USIU Africa [Data & AI] [2026-02-23]
[2026-08-25 03:37:40] [1731/3047] https://www.myjobmag.co.ke/job/lecturer-in-statistics-koitaleel-samoei-university-college
[2026-08-25 03:37:44] [1732/3047] https://www.myjobmag.co.ke/job/lecturer-information-systems-it-governance-jaramogi-oginga-odinga-university-of-science-and-technology
[2026-08-25 03:37:47] [1733/3047] https://www.myjobmag.co.ke/job/lecturer-information-technology-kirinyaga-university
[2026-08-25 03:37:51] [1734/3047] https://www.myjobmag.co.ke/job/lecturer-planning-and-economics-of-education-jaramogi-oginga-odinga-university-of-science-and-technology
[2026-08-25 03:37:53] [1735/3047] https://www.myjobmag.co.ke/job/lecturer-software-engineering-computer-science-gretsa-university
[2026-08-25 03:37:57] [1736/3047] https://www.myjobmag.co.ke/job/lecturer-software-engineering-jaramogi-oginga-odinga-university-of-science-and-technology
[2026-08-25 03:38:00] [1737/3047] https://www.myjobmag.co.ke/job/lecturer-spatial-data-analysis-in-health-planning-jaramogi-oginga-odinga-university-of-science-and-technology
[2026-08-25 03:38:05] [1738/3047] https://www.myjobmag.co.ke/job/lecturer-statistical-methods-in-epidemiology-jaramogi-oginga-odinga-university-of-science-and-technology
[2026-08-25 03:38:07] [1739/3047] https://www.myjobmag.co.ke/job/lecturer-statistics-kabarak-university
[2026-08-25 03:38:12] [1740/3047] https://www.myjobmag.co.ke/job/lecturer-statistics-the-open-university-of-kenya
[2026-08-25 03:38:16] [1741/3047] https://www.myjobmag.co.ke/job/lecturer-technology-education-computer-studies-readvertisement-rongo-university
[2026-08-25 03:38:21] [1742/3047] https://www.myjobmag.co.ke/job/lecturer-web-technologies-jaramogi-oginga-odinga-university-of-science-and-technology
[2026-08-25 03:38:24] [1743/3047] https://www.myjobmag.co.ke/job/lecturers-and-technical-staff-information-technology-masinde-muliro-university-of-science-amp-technology-mmust
[2026-08-25 03:38:29] [1744/3047] https://www.myjobmag.co.ke/job/level-ii-support-officer-hf-group
[2026-08-25 03:38:32] [1745/3047] https://www.myjobmag.co.ke/job/librarian-acquisitions-technician-u-s-embassy-to-kenya
[2026-08-25 03:38:38] [1746/3047] https://www.myjobmag.co.ke/job/librarian-interns-2-posts-county-government-of-nyeri
[2026-08-25 03:38:40] [1747/3047] https://www.myjobmag.co.ke/job/librarian-makini-high-school
[2026-08-25 03:38:47] [1748/3047] https://www.myjobmag.co.ke/job/librarian-nyandarua-national-polytechnic
[2026-08-25 03:38:49] [1749/3047] https://www.myjobmag.co.ke/job/librarian-oshwal-academy-nairobi-2
[2026-08-25 03:38:52] [1750/3047] https://www.myjobmag.co.ke/job/library-assistant-east-kenya-assemblies-of-god-university
[2026-08-25 03:38:54] [1751/3047] https://www.myjobmag.co.ke/job/library-assistant-intern-county-government-of-nyeri
[2026-08-25 03:38:57] [1752/3047] https://www.myjobmag.co.ke/job/library-assistant-kenya-school-of-law-2
[2026-08-25 03:39:03] [1753/3047] https://www.myjobmag.co.ke/job/library-intern-full-time-internship-woodland-star-international-school
[2026-08-25 03:39:06] [1754/3047] https://www.myjobmag.co.ke/job/library-interns-and-1-attache-6-months-the-east-african-university
[2026-08-25 03:39:10] [1755/3047] https://www.myjobmag.co.ke/job/library-internship-2-posts-county-assembly-of-kericho
[2026-08-25 03:39:12] [1756/3047] https://www.myjobmag.co.ke/job/licensing-and-seaborne-trade-officer-kenya-maritime-authority-3
[2026-08-25 03:39:16] [1757/3047] https://www.myjobmag.co.ke/job/lifestyle-executive-atl-global-business
[2026-08-25 03:39:19] [1758/3047] https://www.myjobmag.co.ke/job/linux-systems-specialist-flexi-personnel
[2026-08-25 03:39:28] [1759/3047] https://www.myjobmag.co.ke/job/llmops-engineer-alx
[2026-08-25 03:39:31] [1760/3047] https://www.myjobmag.co.ke/job/locum-health-records-information-officer-2-posts-kenyatta-university-teaching-referral-amp-research-hospital
[2026-08-25 03:39:37] [1761/3047] https://www.myjobmag.co.ke/job/m-e-associate-rapid-experimentation-givedirectly
[2026-08-25 03:39:40] [1762/3047] https://www.myjobmag.co.ke/job/m-e-data-coordinator-growthafrica
[2026-08-25 03:39:43] [1763/3047] https://www.myjobmag.co.ke/job/m-e-manager-kenya-engenderhealth
[2026-08-25 03:39:46] [1764/3047] https://www.myjobmag.co.ke/job/m-pesa-africa-senior-data-architect-safaricom-kenya
[2026-08-25 03:39:48] [1765/3047] https://www.myjobmag.co.ke/job/m-pesa-africa-senior-data-architect-safaricom-kenya-1
[2026-08-25 03:39:57] [1766/3047] https://www.myjobmag.co.ke/job/m-pesa-africa-senior-data-architect-safaricom-kenya-2
[2026-08-25 03:39:59] [1767/3047] https://www.myjobmag.co.ke/job/m-pesa-africa-senior-software-architect
[2026-08-25 03:40:07] [1768/3047] https://www.myjobmag.co.ke/job/m-pesa-africa-senior-specialist-cloud-network-cyber-security-safaricom-kenya
[2026-08-25 03:40:09]   TECH: M-Pesa Africa: Senior Specialist – Cloud & Network Cyber Security at Safaricom Kenya [Cybersecurity] [2026-05-04]
[2026-08-25 03:40:09] [1769/3047] https://www.myjobmag.co.ke/job/m-pesa-africa-technical-account-manager-safaricom-kenya
[2026-08-25 03:40:14] [1770/3047] https://www.myjobmag.co.ke/job/m-sc-computer-science-graduate-assistants-dedan-kimathi-university
[2026-08-25 03:40:17] [1771/3047] https://www.myjobmag.co.ke/job/machine-learning-engineer-bridge-talent
[2026-08-25 03:40:23]   TECH: Machine Learning Engineer at Bridge Talent Management [Data & AI] [2026-02-10]
[2026-08-25 03:40:23] [1772/3047] https://www.myjobmag.co.ke/job/machine-learning-engineer-data-scientist-avenews
[2026-08-25 03:40:26]   TECH: Machine Learning Engineer / Data Scientist at Avenews [Data & AI] [2026-03-26]
[2026-08-25 03:40:26] [1774/3047] https://www.myjobmag.co.ke/job/machine-learning-operations-specialist-cimmyt-world-agroforestry-centre-icraf
[2026-08-25 03:40:35]   TECH: Machine Learning Operations Specialist - CIMMYT at World Agroforestry Centre (ICRAF) [Data & AI] [2026-05-18]
[2026-08-25 03:40:35] [1775/3047] https://www.myjobmag.co.ke/job/maintenance-analyst-career-options-africa-ltd
[2026-08-25 03:40:38] [1776/3047] https://www.myjobmag.co.ke/job/managed-services-client-delivery-specialist-ntt-ltd-2
[2026-08-25 03:40:43] [1777/3047] https://www.myjobmag.co.ke/job/management-information-system-officer-nairobi-hospital-1
[2026-08-25 03:40:46] [1778/3047] https://www.myjobmag.co.ke/job/management-trainee-health-records-information-officers-p-c-e-a-tumutumu-hospital
[2026-08-25 03:40:52] [1779/3047] https://www.myjobmag.co.ke/job/manager-17
[2026-08-25 03:40:55] [1780/3047] https://www.myjobmag.co.ke/job/manager-advanced-risk-data-analytics-equity-bank-kenya
[2026-08-25 03:40:59] [1781/3047] https://www.myjobmag.co.ke/job/manager-ai-adoption-and-innovation-evidence-action
[2026-08-25 03:41:02] [1782/3047] https://www.myjobmag.co.ke/job/manager-analytics-strategic-reporting-kenya-revenue-authority-kra
[2026-08-25 03:41:05] [1783/3047] https://www.myjobmag.co.ke/job/manager-banking-applications-brac-2
[2026-08-25 03:41:08] [1784/3047] https://www.myjobmag.co.ke/job/manager-bi-development-maternity-cover-save-the-children
[2026-08-25 03:41:11] [1785/3047] https://www.myjobmag.co.ke/job/manager-business-continuity-planning-compliance-kcb-bank-kenya-2
[2026-08-25 03:41:14] [1786/3047] https://www.myjobmag.co.ke/job/manager-business-performance-analytics-hf-group
[2026-08-25 03:41:17] [1787/3047] https://www.myjobmag.co.ke/job/manager-business-performance-hf-group
[2026-08-25 03:41:19] [1788/3047] https://www.myjobmag.co.ke/job/manager-core-banking-cb-liabilities-products-dubai-islamic-bank
[2026-08-25 03:41:22] [1789/3047] https://www.myjobmag.co.ke/job/manager-core-banking-customer-information-dubai-islamic-bank
[2026-08-25 03:41:24] [1790/3047] https://www.myjobmag.co.ke/job/manager-core-banking-customer-information-it-rose-avenue-group
[2026-08-25 03:41:31] [1791/3047] https://www.myjobmag.co.ke/job/manager-data-analytics-it-rose-avenue-group
[2026-08-25 03:41:37] [1792/3047] https://www.myjobmag.co.ke/job/manager-data-big-data-operations-kenya-revenue-authority-kra
[2026-08-25 03:41:40] [1794/3047] https://www.myjobmag.co.ke/job/manager-data-governance-data-analytics-and-ai-department-diamond-trust-bank-dtb
[2026-08-25 03:41:47] [1795/3047] https://www.myjobmag.co.ke/job/manager-data-insights-analytics-ecaf-the-coca-cola-company
[2026-08-25 03:41:49] [1796/3047] https://www.myjobmag.co.ke/job/manager-data-quality-master-data-management-kenya-revenue-authority-kra
[2026-08-25 03:41:55] [1797/3047] https://www.myjobmag.co.ke/job/manager-data-transformation-intelligence-and-impact-insupply-health-1
[2026-08-25 03:41:58] [1798/3047] https://www.myjobmag.co.ke/job/manager-database-administration-jubilee-insurance
[2026-08-25 03:42:04] [1800/3047] https://www.myjobmag.co.ke/job/manager-devops-ncba-group-3
[2026-08-25 03:42:09]   TECH: Manager, DevOps at NCBA Group [Cloud & DevOps] [2026-07-02]
[2026-08-25 03:42:09] [1801/3047] https://www.myjobmag.co.ke/job/manager-earth-observation-and-gis-p1-regional-centre-for-mapping-of-resources-for-development-rcmrd
[2026-08-25 03:42:11] [1802/3047] https://www.myjobmag.co.ke/job/manager-enterprise-technology-performance-deloitte-consulting
[2026-08-25 03:42:15] [1803/3047] https://www.myjobmag.co.ke/job/manager-finance-systems-data-automation-standard-bank-group
[2026-08-25 03:42:18] [1804/3047] https://www.myjobmag.co.ke/job/manager-financial-risk-ncba-group
[2026-08-25 03:42:23] [1805/3047] https://www.myjobmag.co.ke/job/manager-fintech-and-cyber-audit-safaricom-kenya
[2026-08-25 03:42:26] [1806/3047] https://www.myjobmag.co.ke/job/manager-global-audit-diageo-2
[2026-08-25 03:42:31] [1808/3047] https://www.myjobmag.co.ke/job/manager-impact-systems-quality-food-for-education
[2026-08-25 03:42:33] [1809/3047] https://www.myjobmag.co.ke/job/manager-information-security-diageo
[2026-08-25 03:42:43]   TECH: Manager - Information Security at Diageo [Cybersecurity] [2026-04-21]
[2026-08-25 03:42:43] Checkpoint saved: 377 historical records
[2026-08-25 03:42:43] [1810/3047] https://www.myjobmag.co.ke/job/manager-information-systems-audit-diamond-trust-bank-dtb
[2026-08-25 03:42:45] [1811/3047] https://www.myjobmag.co.ke/job/manager-internal-audit-technology-cyber-security-and-data-analytics-absa-bank-limited
[2026-08-25 03:42:54]   TECH: Manager, Internal Audit –Technology, Cyber Security, and Data Analytics at Absa Bank Limited [Cybersecurity] [2026-03-04]
[2026-08-25 03:42:54] [1812/3047] https://www.myjobmag.co.ke/job/manager-it-enterprise-systems-peach-cars-ke-1
[2026-08-25 03:42:57] [1813/3047] https://www.myjobmag.co.ke/job/manager-it-governance-policies-dubai-islamic-bank
[2026-08-25 03:43:00] [1814/3047] https://www.myjobmag.co.ke/job/manager-it-networks-safaricom-kenya
[2026-08-25 03:43:03] [1815/3047] https://www.myjobmag.co.ke/job/manager-it-operations-liberty-life
[2026-08-25 03:43:07] [1816/3047] https://www.myjobmag.co.ke/job/manager-it-operations-monitoring-dubai-islamic-bank
[2026-08-25 03:43:10] [1817/3047] https://www.myjobmag.co.ke/job/manager-it-risk-compliance-finance-application-dubai-islamic-bank
[2026-08-25 03:43:16] [1818/3047] https://www.myjobmag.co.ke/job/manager-it-security-commercial-international-bank-cib-kenya-1
[2026-08-25 03:43:18] [1819/3047] https://www.myjobmag.co.ke/job/manager-it-security-hf-group
[2026-08-25 03:43:28] [1821/3047] https://www.myjobmag.co.ke/job/manager-operations-machine-learning-autonomous-vehicles-adas-digital-divide-data
[2026-08-25 03:43:31]   TECH: Manager, Operations (Machine Learning, Autonomous Vehicles & ADAS) at Digital Divide Data [Data & AI] [2026-02-16]
[2026-08-25 03:43:31] [1822/3047] https://www.myjobmag.co.ke/job/manager-operations-machine-learning-autonomous-vehicles-adas-digital-divide-data-ddd-kenya
[2026-08-25 03:43:38]   TECH: Manager, Operations (Machine Learning, Autonomous Vehicles & ADAS) at Digital Divide Data (DDD Kenya) [Data & AI] [2026-04-22]
[2026-08-25 03:43:38] [1823/3047] https://www.myjobmag.co.ke/job/manager-pilot-team-digital-divide-data
[2026-08-25 03:43:45] [1824/3047] https://www.myjobmag.co.ke/job/manager-product-innovation-process-optimization-department-pipo-diamond-trust-bank-dtb
[2026-08-25 03:43:48] [1825/3047] https://www.myjobmag.co.ke/job/manager-research-and-data-fsd-africa
[2026-08-25 03:43:51] [1826/3047] https://www.myjobmag.co.ke/job/manager-senior-officer-operations-risk-commercial-international-bank-cib-kenya
[2026-08-25 03:43:54] [1827/3047] https://www.myjobmag.co.ke/job/manager-server-storage-ncba-group
[2026-08-25 03:43:56] [1828/3047] https://www.myjobmag.co.ke/job/manager-statistics-analysis-reporting-kenya-revenue-authority-kra
[2026-08-25 03:43:59] [1829/3047] https://www.myjobmag.co.ke/job/manager-technology-portfolio-and-delivery-britam
[2026-08-25 03:44:02] [1830/3047] https://www.myjobmag.co.ke/job/manual-functional-test-engineer-tezza-business-solutions-ltd
[2026-08-25 03:44:05] [1832/3047] https://www.myjobmag.co.ke/job/marketing-analytics-lead-visionspring
[2026-08-25 03:44:11] [1833/3047] https://www.myjobmag.co.ke/job/marketing-analytics-lead-world-vision-kenya
[2026-08-25 03:44:13] [1834/3047] https://www.myjobmag.co.ke/job/marketing-coordinator-tropical-heat-1
[2026-08-25 03:44:21] [1835/3047] https://www.myjobmag.co.ke/job/marketing-manager-performance-analytics-moko-home-living
[2026-08-25 03:44:24] [1836/3047] https://www.myjobmag.co.ke/job/master-data-officer-sgs
[2026-08-25 03:44:32] [1837/3047] https://www.myjobmag.co.ke/job/meal-assistant-cpims-danish-refugee-council
[2026-08-25 03:44:34] [1838/3047] https://www.myjobmag.co.ke/job/meal-insights-coordinator-rafiki-wa-maendeleo-trust
[2026-08-25 03:44:43] [1839/3047] https://www.myjobmag.co.ke/job/meal-officer-care-international-5
[2026-08-25 03:44:45] [1840/3047] https://www.myjobmag.co.ke/job/meal-officer-international-rescue-committee-2
[2026-08-25 03:44:52] [1841/3047] https://www.myjobmag.co.ke/job/meal-officer-international-rescue-committee-3
[2026-08-25 03:44:55] [1842/3047] https://www.myjobmag.co.ke/job/meal-officer-multi-country-programmes-danish-refugee-council
[2026-08-25 03:45:01] [1843/3047] https://www.myjobmag.co.ke/job/mearl-intern-save-the-children
[2026-08-25 03:45:07] [1844/3047] https://www.myjobmag.co.ke/job/mechanical-engineer-production
[2026-08-25 03:45:11] [1845/3047] https://www.myjobmag.co.ke/job/medical-records-and-statistics-officer-tenwek-hospital
[2026-08-25 03:45:15] [1846/3047] https://www.myjobmag.co.ke/job/medical-records-officer-avenue-healthcare-2
[2026-08-25 03:45:17] [1847/3047] https://www.myjobmag.co.ke/job/medior-senior-ioh-platform-team-engineer-cigna
[2026-08-25 03:45:23] [1848/3047] https://www.myjobmag.co.ke/job/mel-and-data-systems-manager-irex
[2026-08-25 03:45:26] [1849/3047] https://www.myjobmag.co.ke/job/mel-digital-health-system-manager-international-centre-for-reproductive-health
[2026-08-25 03:45:34] [1850/3047] https://www.myjobmag.co.ke/job/mel-digital-health-system-manager-international-centre-for-reproductive-health-1
[2026-08-25 03:45:40] [1851/3047] https://www.myjobmag.co.ke/job/mel-lead-women-s-integrated-sexual-health-wish-dividend-policy-systems-palladium-international
[2026-08-25 03:45:43] [1852/3047] https://www.myjobmag.co.ke/job/mel-specialist-evidence-evaluation-analytics-busara-center
[2026-08-25 03:45:46] [1853/3047] https://www.myjobmag.co.ke/job/mel-specialist-evidence-evaluation-analytics-busara-center-1
[2026-08-25 03:45:49] [1854/3047] https://www.myjobmag.co.ke/job/merchant-shipping-fees-officer-kenya-maritime-authority-2
[2026-08-25 03:45:52] [1855/3047] https://www.myjobmag.co.ke/job/merl-officer-monitoring-evaluation-research-and-learning-world-university-service-of-canada
[2026-08-25 03:45:55] [1856/3047] https://www.myjobmag.co.ke/job/microsoft-dynamics-365-business-central-developer-information-technology-zetech-university
[2026-08-25 03:45:58] [1857/3047] https://www.myjobmag.co.ke/job/microsoft-dynamics-365-solution-architect-nathan-digital
[2026-08-25 03:46:01]   TECH: Microsoft Dynamics 365 Solution Architect at Nathan Digital [Software & IT] [2026-05-06]
[2026-08-25 03:46:01] [1858/3047] https://www.myjobmag.co.ke/job/microsoft-security-architecture-lead-africa-kpmg-2
[2026-08-25 03:46:06] [1859/3047] https://www.myjobmag.co.ke/job/mid-apigee-x-developer-ai-abacus
[2026-08-25 03:46:09] [1860/3047] https://www.myjobmag.co.ke/job/mid-level-android-developer-tezza-business-solutions-ltd
[2026-08-25 03:46:15]   TECH: Mid Level Android Developer at Tezza Business Solutions Ltd [Software & IT] [2026-06-16]
[2026-08-25 03:46:15] [1862/3047] https://www.myjobmag.co.ke/job/mid-level-java-backend-engineer-zeraki-2
[2026-08-25 03:46:21]   TECH: Mid-Level Java Backend Engineer at Zeraki [Software & IT] [2026-07-27]
[2026-08-25 03:46:21] [1863/3047] https://www.myjobmag.co.ke/job/mid-level-net-developer-tezza-business-solutions-ltd-1
[2026-08-25 03:46:28] [1864/3047] https://www.myjobmag.co.ke/job/mis-sales-administrator-sheffield-steel-systems
[2026-08-25 03:46:30] [1865/3047] https://www.myjobmag.co.ke/job/mission-technical-referent-gis-medecins-sans-frontieres-msf
[2026-08-25 03:46:33] [1866/3047] https://www.myjobmag.co.ke/job/mixed-methods-research-assistant-qualitative-quantitative-data-collection-kilifi-international-centre-for-reproductive-health
[2026-08-25 03:46:38] [1867/3047] https://www.myjobmag.co.ke/job/mixed-methods-research-assistant-qualitative-quantitative-data-collection-mombasa-international-centre-for-reproductive-health
[2026-08-25 03:46:41] [1868/3047] https://www.myjobmag.co.ke/job/mixed-methods-research-assistant-qualitative-quantitative-data-collection-muranga-international-centre-for-reproductive-health
[2026-08-25 03:46:46] [1869/3047] https://www.myjobmag.co.ke/job/mixed-methods-research-assistant-qualitative-quantitative-data-collection-nairobi-international-centre-for-reproductive-health
[2026-08-25 03:46:49] [1870/3047] https://www.myjobmag.co.ke/job/ml-ai-engineer-technobrain
[2026-08-25 03:46:51]   TECH: ML/AI Engineer at Technobrain [Data & AI] [2026-02-06]
[2026-08-25 03:46:51] [1871/3047] https://www.myjobmag.co.ke/job/ml-engineer-somo
[2026-08-25 03:46:54] [1872/3047] https://www.myjobmag.co.ke/job/mlops-support-team-lead-cloudfactory
[2026-08-25 03:46:59] [1873/3047] https://www.myjobmag.co.ke/job/mobile-app-developer-flutter-givva-wealthtech-limited
[2026-08-25 03:47:02] [1874/3047] https://www.myjobmag.co.ke/job/mobile-app-development-trainer-mediacrest-training-college
[2026-08-25 03:47:05] [1876/3047] https://www.myjobmag.co.ke/job/mobile-developer-flutter-nathan-digital-1
[2026-08-25 03:47:09]   TECH: Mobile Developer (Flutter) at Nathan Digital [Software & IT] [2026-05-04]
[2026-08-25 03:47:09] [1877/3047] https://www.myjobmag.co.ke/job/mobile-developer-nathan-digital-2
[2026-08-25 03:47:14]   TECH: Mobile Developer at Nathan Digital [Software & IT] [2026-04-21]
[2026-08-25 03:47:14] [1878/3047] https://www.myjobmag.co.ke/job/mobile-security-technician-greenlight-planet-1
[2026-08-25 03:47:16] [1879/3047] https://www.myjobmag.co.ke/job/monitoring-and-evaluation-assistant-cmmb-kenya
[2026-08-25 03:47:19] [1880/3047] https://www.myjobmag.co.ke/job/monitoring-and-evaluation-associate-6-months-contract-alliance-for-a-green-revolution-in-africa-agra-1
[2026-08-25 03:47:24] [1881/3047] https://www.myjobmag.co.ke/job/monitoring-and-evaluation-expert-intergovernmental-authority-on-development
[2026-08-25 03:47:27] [1882/3047] https://www.myjobmag.co.ke/job/monitoring-and-evaluation-intern-light-for-the-world-kenya
[2026-08-25 03:47:29] [1883/3047] https://www.myjobmag.co.ke/job/monitoring-and-evaluation-internship-2-posts-county-assembly-of-kericho
[2026-08-25 03:47:34] [1884/3047] https://www.myjobmag.co.ke/job/monitoring-and-evaluation-officer-dandelion-africa
[2026-08-25 03:47:37] [1885/3047] https://www.myjobmag.co.ke/job/monitoring-and-evaluation-officer-kakuma-turkana-plan-international
[2026-08-25 03:47:40] [1886/3047] https://www.myjobmag.co.ke/job/monitoring-and-evaluation-officer-maasai-mara-wildlife-conservancies-association-mmwca-2
[2026-08-25 03:47:44] [1887/3047] https://www.myjobmag.co.ke/job/monitoring-and-evaluation-officer-ministry-of-agriculture-and-livestock-development
[2026-08-25 03:47:47] [1888/3047] https://www.myjobmag.co.ke/job/monitoring-and-evaluation-officer-mission-for-essential-drugs-and-supplies-meds-1
[2026-08-25 03:47:54] [1889/3047] https://www.myjobmag.co.ke/job/monitoring-and-evaluation-officer-national-employment-authority-nea
[2026-08-25 03:47:56] [1890/3047] https://www.myjobmag.co.ke/job/monitoring-and-evaluation-officer-national-employment-authority-nea-1
[2026-08-25 03:47:59] [1891/3047] https://www.myjobmag.co.ke/job/monitoring-and-evaluation-officer-not-invisible-anymore-nia-program-childline-kenya
[2026-08-25 03:48:07] [1892/3047] https://www.myjobmag.co.ke/job/monitoring-and-evaluation-program-officer-the-beginnings-fund
[2026-08-25 03:48:10] [1893/3047] https://www.myjobmag.co.ke/job/monitoring-evaluation-accountability-and-learning-meal-officer-danchurchaid-dca-1
[2026-08-25 03:48:16] [1894/3047] https://www.myjobmag.co.ke/job/monitoring-evaluation-accountability-and-learning-meal-officer-the-science-for-africa-foundation
[2026-08-25 03:48:22] [1895/3047] https://www.myjobmag.co.ke/job/monitoring-evaluation-accountability-learning-meal-officer-danish-refugee-council-1
[2026-08-25 03:48:25] [1896/3047] https://www.myjobmag.co.ke/job/monitoring-evaluation-accountability-learning-meal-trainer-charles-mordecai-training-institute
[2026-08-25 03:48:27] [1897/3047] https://www.myjobmag.co.ke/job/monitoring-evaluation-and-knowledge-management-specialist-ministry-of-agriculture-and-livestock-development
[2026-08-25 03:48:30] [1898/3047] https://www.myjobmag.co.ke/job/monitoring-evaluation-and-learning-adviser-conciliation-resources-1
[2026-08-25 03:48:33] [1899/3047] https://www.myjobmag.co.ke/job/monitoring-evaluation-and-learning-intern-africa-centre-for-health-systems-and-gender-justice
[2026-08-25 03:48:36] [1900/3047] https://www.myjobmag.co.ke/job/monitoring-evaluation-and-learning-intern-sokofresh
[2026-08-25 03:48:38] [1901/3047] https://www.myjobmag.co.ke/job/monitoring-evaluation-and-learning-mel-assistant-trees-for-the-future-1
[2026-08-25 03:48:41] [1902/3047] https://www.myjobmag.co.ke/job/monitoring-evaluation-and-learning-mel-officer-lewa-wildlife-conservancy-lewa
[2026-08-25 03:48:43] [1903/3047] https://www.myjobmag.co.ke/job/monitoring-evaluation-and-learning-officer-priority-activator-consulting
[2026-08-25 03:48:49] [1904/3047] https://www.myjobmag.co.ke/job/monitoring-evaluation-and-learning-specialist-habitat-for-humanity-international
[2026-08-25 03:48:51] [1905/3047] https://www.myjobmag.co.ke/job/monitoring-evaluation-and-learning-specialist-technoserve-kenya
[2026-08-25 03:48:54] [1906/3047] https://www.myjobmag.co.ke/job/monitoring-evaluation-and-reporting-assistant-strongminds
[2026-08-25 03:48:59] [1907/3047] https://www.myjobmag.co.ke/job/monitoring-evaluation-assistant-jhpiego-1
[2026-08-25 03:49:01] [1908/3047] https://www.myjobmag.co.ke/job/monitoring-evaluation-associate-global-fund-tb-project-re-advertisement-amref-kenya
[2026-08-25 03:49:06] [1909/3047] https://www.myjobmag.co.ke/job/monitoring-evaluation-kenya-revenue-authority-kra-1
[2026-08-25 03:49:08] [1910/3047] https://www.myjobmag.co.ke/job/monitoring-evaluation-learning-manager-mel-greenpeace
[2026-08-25 03:49:11] [1911/3047] https://www.myjobmag.co.ke/job/monitoring-evaluation-learning-manager-technoserve-kenya-1
[2026-08-25 03:49:15] [1912/3047] https://www.myjobmag.co.ke/job/monitoring-evaluation-learning-meal-and-research-officer-center-for-domestic-training-and-development
[2026-08-25 03:49:17] [1913/3047] https://www.myjobmag.co.ke/job/monitoring-evaluation-learning-mel-associate-nairobits-trust
[2026-08-25 03:49:22] [1914/3047] https://www.myjobmag.co.ke/job/monitoring-evaluation-learning-mel-officer-living-goods
[2026-08-25 03:49:24] [1915/3047] https://www.myjobmag.co.ke/job/monitoring-evaluation-learning-mel-specialists-water-lens
[2026-08-25 03:49:27] [1916/3047] https://www.myjobmag.co.ke/job/monitoring-evaluation-learning-officer-jhpiego
[2026-08-25 03:49:31] [1917/3047] https://www.myjobmag.co.ke/job/monitoring-evaluation-learning-officer-kenya-association-of-manufacturers
[2026-08-25 03:49:34] [1918/3047] https://www.myjobmag.co.ke/job/monitoring-evaluation-m-e-intern-african-institute-for-development-policy-afidep
[2026-08-25 03:49:38] [1919/3047] https://www.myjobmag.co.ke/job/monitoring-evaluation-m-e-intern-tech-kidz-africa
[2026-08-25 03:49:41] [1920/3047] https://www.myjobmag.co.ke/job/monitoring-evaluation-m-e-trainer-mediacrest-training-college
[2026-08-25 03:49:43] [1921/3047] https://www.myjobmag.co.ke/job/monitoring-evaluation-manager-kcb-bank-kenya-4
[2026-08-25 03:49:50] [1922/3047] https://www.myjobmag.co.ke/job/monitoring-evaluation-officer-assistant-ministry-of-agriculture-and-livestock-development
[2026-08-25 03:49:52] [1923/3047] https://www.myjobmag.co.ke/job/monitoring-evaluation-officer-maternity-reliever-rapid-millennium-water-alliance
[2026-08-25 03:49:55] [1924/3047] https://www.myjobmag.co.ke/job/monitoring-evaluation-officer-uasin-gishu-county-2
[2026-08-25 03:50:01] [1925/3047] https://www.myjobmag.co.ke/job/monitoring-evaluation-research-and-learning-data-manager-equity-bank-kenya
[2026-08-25 03:50:03] [1926/3047] https://www.myjobmag.co.ke/job/monitoring-evaluation-research-learning-merl-intern-transparency-international-ndash-kenya-1
[2026-08-25 03:50:09] [1927/3047] https://www.myjobmag.co.ke/job/monitoring-evaluation-results-and-learning-merl-officer-sustainable-business-consulting-sbc
[2026-08-25 03:50:12] [1928/3047] https://www.myjobmag.co.ke/job/monitoring-evaluation-technology-accountability-and-learning-coordinator-metal-coordinator-international-rescue-committee
[2026-08-25 03:50:17] [1929/3047] https://www.myjobmag.co.ke/job/monitoring-of-teachings-assistant-malindi-centre-equip-africa-institute-mount-kenya-university
[2026-08-25 03:50:21] [1930/3047] https://www.myjobmag.co.ke/job/monitoring-reporting-evaluation-learning-and-adaptation-mrela-manager-mercy-corps
[2026-08-25 03:50:24] [1931/3047] https://www.myjobmag.co.ke/job/monitoring-reporting-evaluation-learning-and-adaptation-mrela-officer-mercy-corps
[2026-08-25 03:50:28] [1932/3047] https://www.myjobmag.co.ke/job/motor-garage-freelance-sales-marketing-agents-st-austins-workshop-ltd
[2026-08-25 03:50:31] [1933/3047] https://www.myjobmag.co.ke/job/ms-365-modern-works-engineer-hotpoint-appliances-ltd
[2026-08-25 03:50:34] [1934/3047] https://www.myjobmag.co.ke/job/ms-365-modern-works-engineer-re-advertisement-hotpoint-appliances-ltd
[2026-08-25 03:50:37] [1935/3047] https://www.myjobmag.co.ke/job/ms-dynamics-finance-and-operations-functional-lead-hotpoint-appliances-ltd
[2026-08-25 03:50:40] [1936/3047] https://www.myjobmag.co.ke/job/msp-tier-3-noc-engineer-solvo-global
[2026-08-25 03:50:43] [1937/3047] https://www.myjobmag.co.ke/job/national-consultant-water-resource-and-water-governance-data-collection-wash-hub-unicef
[2026-08-25 03:50:46] [1938/3047] https://www.myjobmag.co.ke/job/navigation-and-positioning-officer-2-posts-kenya-space-agency
[2026-08-25 03:50:48] [1939/3047] https://www.myjobmag.co.ke/job/navision-support-officer-boma-international-hospitality-college
[2026-08-25 03:50:53] [1940/3047] https://www.myjobmag.co.ke/job/net-application-development-engineer-cigna
[2026-08-25 03:50:55] [1941/3047] https://www.myjobmag.co.ke/job/net-developer-cigna
[2026-08-25 03:50:58] [1942/3047] https://www.myjobmag.co.ke/job/net-developer-solvo-global
[2026-08-25 03:51:00] [1943/3047] https://www.myjobmag.co.ke/job/net-platform-team-engineer-cigna
[2026-08-25 03:51:03] [1944/3047] https://www.myjobmag.co.ke/job/netsuite-engineer-blue-ventures
[2026-08-25 03:51:05] [1945/3047] https://www.myjobmag.co.ke/job/network-administrator-family-bank-ltd
[2026-08-25 03:51:10]   TECH: Network Administrator at Family Bank Ltd [Networking] [2026-06-25]
[2026-08-25 03:51:10] Checkpoint saved: 387 historical records
[2026-08-25 03:51:10] [1946/3047] https://www.myjobmag.co.ke/job/network-administrator-gulf-african-bank
[2026-08-25 03:51:13]   TECH: Network Administrator at Gulf African Bank [Networking] [2026-04-17]
[2026-08-25 03:51:13] [1947/3047] https://www.myjobmag.co.ke/job/network-administrator-intern-3-posts-judicial-service-commission
[2026-08-25 03:51:15]   TECH: Network Administrator Intern - 3 Posts at Judicial Service Commission [Networking] [2026-07-24]
[2026-08-25 03:51:15] [1948/3047] https://www.myjobmag.co.ke/job/network-administrator-kenya-tea-development-agency-ms-ltd
[2026-08-25 03:51:18]   TECH: Network Administrator at Kenya Tea Development Agency (MS) Ltd [Networking] [2026-06-19]
[2026-08-25 03:51:18] [1949/3047] https://www.myjobmag.co.ke/job/network-administrator-stima-sacco-1
[2026-08-25 03:51:20]   TECH: Network Administrator at Stima Sacco [Networking] [2026-07-01]
[2026-08-25 03:51:20] [1950/3047] https://www.myjobmag.co.ke/job/network-and-computer-systems-administrator-africa-management-solutions-limited-amsol
[2026-08-25 03:51:23]   TECH: Network and Computer Systems Administrator at Africa Management Solutions Limited (AMSOL) [Software & IT] [2026-05-13]
[2026-08-25 03:51:23] [1951/3047] https://www.myjobmag.co.ke/job/network-digital-infrastructure-150-posts-ict-authority
[2026-08-25 03:51:25] [1953/3047] https://www.myjobmag.co.ke/job/network-engineer-ideon-limited
[2026-08-25 03:51:30]   TECH: Network Engineer at Ideon Limited [Networking] [2026-07-28]
[2026-08-25 03:51:30] [1955/3047] https://www.myjobmag.co.ke/job/network-engineer-zetech-university
[2026-08-25 03:51:33]   TECH: Network Engineer at Zetech University [Networking] [2026-07-06]
[2026-08-25 03:51:33] [1957/3047] https://www.myjobmag.co.ke/job/network-implementation-engineer-ntt-ltd
[2026-08-25 03:51:35] [1958/3047] https://www.myjobmag.co.ke/job/network-infrastructure-engineer-mid-level-green-com-enterprise-solutions-ltd
[2026-08-25 03:51:39] [1959/3047] https://www.myjobmag.co.ke/job/network-infrastructure-officer-ii-aic-kijabe-hospital
[2026-08-25 03:51:42] [1960/3047] https://www.myjobmag.co.ke/job/network-operations-center-noc-engineer-gulf-african-bank
[2026-08-25 03:51:44] [1961/3047] https://www.myjobmag.co.ke/job/network-operations-engineer-solvo-global
[2026-08-25 03:51:47] [1963/3047] https://www.myjobmag.co.ke/job/network-security-engineer-tana
[2026-08-25 03:51:50]   TECH: Network Security Engineer at Tana [Cybersecurity] [2026-04-17]
[2026-08-25 03:51:50] [1964/3047] https://www.myjobmag.co.ke/job/network-security-sales-engineer-tana
[2026-08-25 03:51:52] [1965/3047] https://www.myjobmag.co.ke/job/network-security-sales-engineer-tana-1
[2026-08-25 03:51:57] [1966/3047] https://www.myjobmag.co.ke/job/networks-administrator-one-acre-fund-1
[2026-08-25 03:52:00] [1967/3047] https://www.myjobmag.co.ke/job/ni-intern-engineer-ip-kenya-nokia
[2026-08-25 03:52:03] [1968/3047] https://www.myjobmag.co.ke/job/ni-intern-engineer-on-kenya-nokia
[2026-08-25 03:52:05] [1969/3047] https://www.myjobmag.co.ke/job/night-shift-application-engineer-kenya-peach-payments-1
[2026-08-25 03:52:08]   TECH: Night Shift Application Engineer: Kenya at Peach Payments [Software & IT] [2026-05-22]
[2026-08-25 03:52:08] [1970/3047] https://www.myjobmag.co.ke/job/nlp-and-ai-intern-africa-centre-for-health-systems-and-gender-justice
[2026-08-25 03:52:11] [1971/3047] https://www.myjobmag.co.ke/job/nlp-and-ai-intern-africa-centre-for-health-systems-and-gender-justice-1
[2026-08-25 03:52:14] [1972/3047] https://www.myjobmag.co.ke/job/noc-engenieer-tier-3-solvo-global
[2026-08-25 03:52:17] [1973/3047] https://www.myjobmag.co.ke/job/noc-shift-team-leader-west-indian-ocean-cable-company-wiocc-1
[2026-08-25 03:52:23] [1974/3047] https://www.myjobmag.co.ke/job/npo-engineer-nokia-2
[2026-08-25 03:52:30] [1975/3047] https://www.myjobmag.co.ke/job/ocean-data-officers-verst-carbon
[2026-08-25 03:52:34] [1976/3047] https://www.myjobmag.co.ke/job/officer-business-process-automation-standard-bank-group
[2026-08-25 03:52:37] [1977/3047] https://www.myjobmag.co.ke/job/officer-data-centre-operations-kenya-revenue-authority-kra-1
[2026-08-25 03:52:41] [1978/3047] https://www.myjobmag.co.ke/job/officer-data-integration-kenya-revenue-authority-kra
[2026-08-25 03:52:44] [1979/3047] https://www.myjobmag.co.ke/job/officer-digital-banking-consolidated-bank-of-kenya
[2026-08-25 03:52:46] [1980/3047] https://www.myjobmag.co.ke/job/officer-digital-lending-product-management-i-m-bank
[2026-08-25 03:52:49] [1981/3047] https://www.myjobmag.co.ke/job/officer-group-life-servicing-business-analysis-jubilee-insurance
[2026-08-25 03:52:52] [1982/3047] https://www.myjobmag.co.ke/job/officer-kepss-and-rtgs-operations-swift-secretariat-regional-payment-affairs-business-analyst-1-central-bank-of-kenya
[2026-08-25 03:52:54] [1983/3047] https://www.myjobmag.co.ke/job/officer-premium-administration-jubilee-insurance
[2026-08-25 03:52:57] [1984/3047] https://www.myjobmag.co.ke/job/officer-product-management-i-m-bank
[2026-08-25 03:53:00] [1985/3047] https://www.myjobmag.co.ke/job/officer-research-and-learning-brac
[2026-08-25 03:53:06] [1986/3047] https://www.myjobmag.co.ke/job/officer-revenue-assurance-fraud-analytic-kenya-revenue-authority-kra
[2026-08-25 03:53:09] [1987/3047] https://www.myjobmag.co.ke/job/officer-software-training-international-medical-corps
[2026-08-25 03:53:12] [1988/3047] https://www.myjobmag.co.ke/job/onsite-technology-support-associate-ernst-amp-young
[2026-08-25 03:53:14] [1989/3047] https://www.myjobmag.co.ke/job/openshift-engineer-sybyl-limited-2
[2026-08-25 03:53:17] [1990/3047] https://www.myjobmag.co.ke/job/operation-information-management-performance-reporting-officer-ssa8-world-food-programme-wfp
[2026-08-25 03:53:19] [1991/3047] https://www.myjobmag.co.ke/job/operations-administrator-atl-global-business
[2026-08-25 03:53:22] [1992/3047] https://www.myjobmag.co.ke/job/operations-bi-analyst-eidu
[2026-08-25 03:53:28] [1993/3047] https://www.myjobmag.co.ke/job/operations-bi-analyst-eidu-1
[2026-08-25 03:53:31] [1994/3047] https://www.myjobmag.co.ke/job/operations-intern-data-remediation-bam-britam
[2026-08-25 03:53:34] [1995/3047] https://www.myjobmag.co.ke/job/operations-technology-executive-nairobi-based-atl-global-business
[2026-08-25 03:53:36] [1996/3047] https://www.myjobmag.co.ke/job/oracle-application-analyst-frank-management-consult-ltd
[2026-08-25 03:53:44] [1997/3047] https://www.myjobmag.co.ke/job/osint-analyst-piedmont-global
[2026-08-25 03:53:47] [1998/3047] https://www.myjobmag.co.ke/job/paid-internship-programme-marketing-communication-data-analyst-interns-sustainable-business-consulting-sbc
[2026-08-25 03:53:50]   TECH: Paid Internship Programme - Marketing , Communication & Data Analyst Interns at Sustainable Business Consulting (SBC) [Data & AI] [2026-01-15]
[2026-08-25 03:53:50] Checkpoint saved: 397 historical records
[2026-08-25 03:53:50] [1999/3047] https://www.myjobmag.co.ke/job/part-time-adjunct-faculty-department-of-economics-mount-kenya-university-1
[2026-08-25 03:53:52] [2000/3047] https://www.myjobmag.co.ke/job/part-time-applied-statistics-mama-ngina-university-college-mnuc
[2026-08-25 03:53:58] [2001/3047] https://www.myjobmag.co.ke/job/part-time-artificial-intelligence-mama-ngina-university-college-mnuc
[2026-08-25 03:54:00]   TECH: Part-Time - Artificial Intelligence at Mama Ngina University College (MNUC) [Data & AI] [2026-05-13]
[2026-08-25 03:54:00] [2002/3047] https://www.myjobmag.co.ke/job/part-time-associate-faculty-department-of-economics-mount-kenya-university
[2026-08-25 03:54:03] [2003/3047] https://www.myjobmag.co.ke/job/part-time-bioinformatics-mama-ngina-university-college-mnuc
[2026-08-25 03:54:06] [2004/3047] https://www.myjobmag.co.ke/job/part-time-biostatistics-mama-ngina-university-college-mnuc
[2026-08-25 03:54:10] [2005/3047] https://www.myjobmag.co.ke/job/part-time-computer-networking-mama-ngina-university-college-mnuc
[2026-08-25 03:54:13] [2006/3047] https://www.myjobmag.co.ke/job/part-time-computer-programming-mama-ngina-university-college-mnuc
[2026-08-25 03:54:15] [2007/3047] https://www.myjobmag.co.ke/job/part-time-computer-science-koitaleel-samoei-university-college
[2026-08-25 03:54:20] [2008/3047] https://www.myjobmag.co.ke/job/part-time-computer-science-mama-ngina-university-college-mnuc
[2026-08-25 03:54:23] [2009/3047] https://www.myjobmag.co.ke/job/part-time-cyber-security-mama-ngina-university-college-mnuc
[2026-08-25 03:54:26]   TECH: Part-Time - Cyber Security at Mama Ngina University College (MNUC) [Cybersecurity] [2026-05-13]
[2026-08-25 03:54:26] [2010/3047] https://www.myjobmag.co.ke/job/part-time-data-analytics-mama-ngina-university-college-mnuc
[2026-08-25 03:54:28] [2011/3047] https://www.myjobmag.co.ke/job/part-time-data-science-mama-ngina-university-college-mnuc
[2026-08-25 03:54:34]   TECH: Part-Time - Data Science at Mama Ngina University College (MNUC) [Data & AI] [2026-05-13]
[2026-08-25 03:54:34] [2012/3047] https://www.myjobmag.co.ke/job/part-time-econometrics-mama-ngina-university-college-mnuc
[2026-08-25 03:54:36] [2013/3047] https://www.myjobmag.co.ke/job/part-time-econometrics-mama-ngina-university-college-mnuc-1
[2026-08-25 03:54:39] [2014/3047] https://www.myjobmag.co.ke/job/part-time-economics-koitaleel-samoei-university-college
[2026-08-25 03:54:44] [2015/3047] https://www.myjobmag.co.ke/job/part-time-economics-microeconomics-macroeconomics-econometrics-mama-ngina-university-college-mnuc
[2026-08-25 03:54:47] [2016/3047] https://www.myjobmag.co.ke/job/part-time-embedded-systems-mama-ngina-university-college-mnuc
[2026-08-25 03:54:49] [2017/3047] https://www.myjobmag.co.ke/job/part-time-enumerator-garissa-county-yumbis-village-enterprise
[2026-08-25 03:54:52] [2018/3047] https://www.myjobmag.co.ke/job/part-time-enumerator-garissa-ijara-sub-county-village-enterprise
[2026-08-25 03:54:55] [2019/3047] https://www.myjobmag.co.ke/job/part-time-enumerator-kakuma-village-enterprise
[2026-08-25 03:55:01] [2020/3047] https://www.myjobmag.co.ke/job/part-time-enumerator-kenya-dadaab-six-months-fixed-term-contract-village-enterprise
[2026-08-25 03:55:04] [2021/3047] https://www.myjobmag.co.ke/job/part-time-enumerator-lwala-village-enterprise
[2026-08-25 03:55:07] [2022/3047] https://www.myjobmag.co.ke/job/part-time-enumerator-marsabit-dabel-region-village-enterprise
[2026-08-25 03:55:12] [2023/3047] https://www.myjobmag.co.ke/job/part-time-enumerator-nyakach-kisumu-county-village-enterprise
[2026-08-25 03:55:15] [2024/3047] https://www.myjobmag.co.ke/job/part-time-information-technology-mama-ngina-university-college-mnuc
[2026-08-25 03:55:18] [2025/3047] https://www.myjobmag.co.ke/job/part-time-lecturer-architectural-enterprise-for-health-information-systems-rongo-university
[2026-08-25 03:55:20] [2027/3047] https://www.myjobmag.co.ke/job/part-time-lecturer-artificial-intelligence-kaimosi-friends-university-college-kafuco-1
[2026-08-25 03:55:23]   TECH: Part Time Lecturer - Artificial Intelligence at Kaimosi Friends University College (KAFUCO) [Data & AI] [2025-08-18]
[2026-08-25 03:55:23] [2028/3047] https://www.myjobmag.co.ke/job/part-time-lecturer-biostatistics-rongo-university
[2026-08-25 03:55:29] [2029/3047] https://www.myjobmag.co.ke/job/part-time-lecturer-cloud-computing-2-posts-kaimosi-friends-university-college-kafuco
[2026-08-25 03:55:32] [2030/3047] https://www.myjobmag.co.ke/job/part-time-lecturer-computer-engineering-hardware-systems-2-posts-kaimosi-friends-university-college-kafuco
[2026-08-25 03:55:34] [2031/3047] https://www.myjobmag.co.ke/job/part-time-lecturer-computer-networks-4-posts-kaimosi-friends-university-college-kafuco
[2026-08-25 03:55:37] [2032/3047] https://www.myjobmag.co.ke/job/part-time-lecturer-computer-science-2-posts-rongo-university
[2026-08-25 03:55:44] [2033/3047] https://www.myjobmag.co.ke/job/part-time-lecturer-computer-science-bomet-university-college
[2026-08-25 03:55:47] [2034/3047] https://www.myjobmag.co.ke/job/part-time-lecturer-cyber-security-and-artificial-intelligence-2-posts-rongo-university
[2026-08-25 03:55:54]   TECH: Part-Time Lecturer - Cyber Security and artificial Intelligence - 2 Posts at Rongo University [Data & AI] [2026-05-25]
[2026-08-25 03:55:54] [2036/3047] https://www.myjobmag.co.ke/job/part-time-lecturer-data-science-and-machine-learning-rongo-university
[2026-08-25 03:55:57]   TECH: Part-Time Lecturer - Data Science and Machine Learning at Rongo University [Data & AI] [2026-05-25]
[2026-08-25 03:55:57] [2038/3047] https://www.myjobmag.co.ke/job/part-time-lecturer-database-management-systems-4-posts-kaimosi-friends-university-college-kafuco
[2026-08-25 03:55:59] [2039/3047] https://www.myjobmag.co.ke/job/part-time-lecturer-economics-4-posts-kaimosi-friends-university-college-kafuco
[2026-08-25 03:56:02] [2040/3047] https://www.myjobmag.co.ke/job/part-time-lecturer-economics-bomet-university-college
[2026-08-25 03:56:11] [2041/3047] https://www.myjobmag.co.ke/job/part-time-lecturer-economics-main-migori-5-posts-rongo-university
[2026-08-25 03:56:13] [2042/3047] https://www.myjobmag.co.ke/job/part-time-lecturer-gis-and-remote-sensing-bomet-university-college
[2026-08-25 03:56:16] [2043/3047] https://www.myjobmag.co.ke/job/part-time-lecturer-health-informatics-mama-ngina-university-college-mnuc
[2026-08-25 03:56:21] [2044/3047] https://www.myjobmag.co.ke/job/part-time-lecturer-health-informatics-rongo-university
[2026-08-25 03:56:24] [2045/3047] https://www.myjobmag.co.ke/job/part-time-lecturer-health-records-ict-amref-international-university-amiu
[2026-08-25 03:56:27] [2046/3047] https://www.myjobmag.co.ke/job/part-time-lecturer-health-records-ict-amref-international-university-amiu-1
[2026-08-25 03:56:31] [2047/3047] https://www.myjobmag.co.ke/job/part-time-lecturer-health-records-information-management-mama-ngina-university-college-mnuc
[2026-08-25 03:56:33] [2048/3047] https://www.myjobmag.co.ke/job/part-time-lecturer-health-services-management-mama-ngina-university-college-mnuc
[2026-08-25 03:56:36] [2049/3047] https://www.myjobmag.co.ke/job/part-time-lecturer-health-systems-management-health-records-3-posts-rongo-university
[2026-08-25 03:56:38] [2050/3047] https://www.myjobmag.co.ke/job/part-time-lecturer-health-systems-management-mama-ngina-university-college-mnuc
[2026-08-25 03:56:41] [2051/3047] https://www.myjobmag.co.ke/job/part-time-lecturer-in-data-science-and-artificial-intelligence-15-positions-kca-university-kcau
[2026-08-25 03:56:45]   TECH: Part-time Lecturer in Data Science and Artificial Intelligence (15 Positions) at KCA University (KCAU) [Data & AI] [2025-08-11]
[2026-08-25 03:56:45] [2052/3047] https://www.myjobmag.co.ke/job/part-time-lecturer-information-science-3-posts-rongo-university
[2026-08-25 03:56:47] [2053/3047] https://www.myjobmag.co.ke/job/part-time-lecturer-information-technology-and-machine-learning-4-posts-rongo-university
[2026-08-25 03:56:50]   TECH: Part-Time Lecturer - Information Technology and Machine Learning - 4 Posts at Rongo University [Data & AI] [2026-05-25]
[2026-08-25 03:56:50] [2054/3047] https://www.myjobmag.co.ke/job/part-time-lecturer-it-and-computer-science-bomet-university-college
[2026-08-25 03:56:54] [2055/3047] https://www.myjobmag.co.ke/job/part-time-lecturer-measurements-and-evaluation-university-of-eldoret
[2026-08-25 03:56:57] [2056/3047] https://www.myjobmag.co.ke/job/part-time-lecturer-medical-statistics-biostatistics-mama-ngina-university-college-mnuc
[2026-08-25 03:56:59] [2057/3047] https://www.myjobmag.co.ke/job/part-time-lecturer-monitoring-evaluation-mama-ngina-university-college-mnuc
[2026-08-25 03:57:03] [2058/3047] https://www.myjobmag.co.ke/job/part-time-lecturer-software-engineering-6-posts-kaimosi-friends-university-college-kafuco
[2026-08-25 03:57:05] [2059/3047] https://www.myjobmag.co.ke/job/part-time-lecturer-statistics-6-posts-rongo-university
[2026-08-25 03:57:08] [2060/3047] https://www.myjobmag.co.ke/job/part-time-lecturer-statistics-bomet-university-college
[2026-08-25 03:57:13] [2061/3047] https://www.myjobmag.co.ke/job/part-time-lecturer-statistics-kaimosi-friends-university-college-kafuco
[2026-08-25 03:57:15] [2062/3047] https://www.myjobmag.co.ke/job/part-time-lecturer-statistics-kaimosi-friends-university-college-kafuco-1
[2026-08-25 03:57:18] [2063/3047] https://www.myjobmag.co.ke/job/part-time-lecturer-statistics-university-of-eldoret
[2026-08-25 03:57:20] [2064/3047] https://www.myjobmag.co.ke/job/part-time-lecturer-teaching-methods-in-computer-kaimosi-friends-university-college-kafuco
[2026-08-25 03:57:23] [2065/3047] https://www.myjobmag.co.ke/job/part-time-lecturers-big-data-analytics-with-apache-hadoop-the-open-university-of-kenya
[2026-08-25 03:57:27] [2066/3047] https://www.myjobmag.co.ke/job/part-time-lecturers-biostatistics-the-open-university-of-kenya
[2026-08-25 03:57:30] [2067/3047] https://www.myjobmag.co.ke/job/part-time-lecturers-computer-vision-and-image-analysis-the-open-university-of-kenya
[2026-08-25 03:57:32] [2068/3047] https://www.myjobmag.co.ke/job/part-time-lecturers-data-analytics-and-visualization-the-open-university-of-kenya
[2026-08-25 03:57:35] [2069/3047] https://www.myjobmag.co.ke/job/part-time-lecturers-data-analytics-and-visualization-the-open-university-of-kenya-1
[2026-08-25 03:57:39] [2070/3047] https://www.myjobmag.co.ke/job/part-time-lecturers-data-governance-ethics-and-law-the-open-university-of-kenya
[2026-08-25 03:57:42] [2071/3047] https://www.myjobmag.co.ke/job/part-time-lecturers-data-management-the-open-university-of-kenya
[2026-08-25 03:57:46] [2072/3047] https://www.myjobmag.co.ke/job/part-time-lecturers-database-administration-the-open-university-of-kenya
[2026-08-25 03:57:50] [2073/3047] https://www.myjobmag.co.ke/job/part-time-lecturers-health-records-ict-amref-kenya
[2026-08-25 03:57:52] [2074/3047] https://www.myjobmag.co.ke/job/part-time-lecturers-information-technology-computing-and-artificial-intelligence-the-open-university-of-kenya
[2026-08-25 03:57:55]   TECH: Part-Time Lecturers - Information Technology, Computing and Artificial Intelligence at The Open University of Kenya [Data & AI] [2026-04-15]
[2026-08-25 03:57:55] [2075/3047] https://www.myjobmag.co.ke/job/part-time-lecturers-large-language-models-llms-and-generative-ai-the-open-university-of-kenya
[2026-08-25 03:57:57] [2076/3047] https://www.myjobmag.co.ke/job/part-time-lecturers-responsible-and-explainable-ai-the-open-university-of-kenya
[2026-08-25 03:58:04] [2077/3047] https://www.myjobmag.co.ke/job/part-time-lecturers-school-of-business-and-economics-maseno-university
[2026-08-25 03:58:07] [2078/3047] https://www.myjobmag.co.ke/job/part-time-lecturers-school-of-development-strategic-sciences-maseno-university
[2026-08-25 03:58:10] [2079/3047] https://www.myjobmag.co.ke/job/part-time-lecturers-school-of-mathematics-statistics-actuarial-science-maseno-university
[2026-08-25 03:58:12] [2080/3047] https://www.myjobmag.co.ke/job/part-time-lecturers-statistics-bomet-university-college
[2026-08-25 03:58:17] [2081/3047] https://www.myjobmag.co.ke/job/part-time-lecturers-strategic-analysis-and-models-the-open-university-of-kenya
[2026-08-25 03:58:27] [2082/3047] https://www.myjobmag.co.ke/job/part-time-lectures-big-data-analytics-with-apache-hadoop-the-open-university-of-kenya
[2026-08-25 03:58:31] [2083/3047] https://www.myjobmag.co.ke/job/part-time-lectures-computer-graphics-the-open-university-of-kenya
[2026-08-25 03:58:37] [2084/3047] https://www.myjobmag.co.ke/job/part-time-lectures-computer-vision-and-image-analysis-the-open-university-of-kenya
[2026-08-25 03:58:39] [2086/3047] https://www.myjobmag.co.ke/job/part-time-lectures-data-analytics-and-visualization-the-open-university-of-kenya
[2026-08-25 03:58:42] [2087/3047] https://www.myjobmag.co.ke/job/part-time-lectures-data-governance-ethics-and-law-the-open-university-of-kenya
[2026-08-25 03:58:44] [2088/3047] https://www.myjobmag.co.ke/job/part-time-lectures-data-management-the-open-university-of-kenya
[2026-08-25 03:58:49] [2089/3047] https://www.myjobmag.co.ke/job/part-time-lectures-database-administration-the-open-university-of-kenya
[2026-08-25 03:58:53] [2090/3047] https://www.myjobmag.co.ke/job/part-time-lectures-information-systems-control-and-audit-the-open-university-of-kenya
[2026-08-25 03:58:55] [2092/3047] https://www.myjobmag.co.ke/job/part-time-lectures-internet-technologies-the-open-university-of-kenya
[2026-08-25 03:58:58] [2093/3047] https://www.myjobmag.co.ke/job/part-time-lectures-large-language-models-llms-and-generative-ai-the-open-university-of-kenya
[2026-08-25 03:59:01] [2094/3047] https://www.myjobmag.co.ke/job/part-time-lectures-natural-language-processing-the-open-university-of-kenya
[2026-08-25 03:59:05] [2095/3047] https://www.myjobmag.co.ke/job/part-time-lectures-responsible-and-explainable-ai-the-open-university-of-kenya
[2026-08-25 03:59:07] [2097/3047] https://www.myjobmag.co.ke/job/part-time-lectures-system-analysis-and-design-the-open-university-of-kenya
[2026-08-25 03:59:10] [2098/3047] https://www.myjobmag.co.ke/job/part-time-lectures-web-application-programming-the-open-university-of-kenya
[2026-08-25 03:59:12] [2099/3047] https://www.myjobmag.co.ke/job/part-time-management-information-systems-koitaleel-samoei-university-college
[2026-08-25 03:59:16] [2100/3047] https://www.myjobmag.co.ke/job/part-time-senior-enumerator-dadaab-kenya-six-months-fixed-term-contract-village-enterprise
[2026-08-25 03:59:19] [2101/3047] https://www.myjobmag.co.ke/job/part-time-software-engineering-mama-ngina-university-college-mnuc
[2026-08-25 03:59:21] [2102/3047] https://www.myjobmag.co.ke/job/part-time-statistics-koitaleel-samoei-university-college
[2026-08-25 03:59:24] [2103/3047] https://www.myjobmag.co.ke/job/part-time-statistics-mama-ngina-university-college-mnuc
[2026-08-25 03:59:28] [2104/3047] https://www.myjobmag.co.ke/job/partner-technical-specialist-azure-liquid-intelligent-technologies-1
[2026-08-25 03:59:32] [2105/3047] https://www.myjobmag.co.ke/job/parts-ordering-analyst-simba-corp-2
[2026-08-25 03:59:35] [2106/3047] https://www.myjobmag.co.ke/job/payments-performance-analyst-equity-bank-kenya
[2026-08-25 03:59:37] [2107/3047] https://www.myjobmag.co.ke/job/payments-performance-analyst-equity-bank-kenya-1
[2026-08-25 03:59:40] [2108/3047] https://www.myjobmag.co.ke/job/payroll-audit-and-hr-data-analyst-burn
[2026-08-25 03:59:43]   TECH: Payroll Audit and HR Data Analyst at BURN [Data & AI] [2025-09-04]
[2026-08-25 03:59:43] Checkpoint saved: 407 historical records
[2026-08-25 03:59:43] [2109/3047] https://www.myjobmag.co.ke/job/payroll-automation-data-specialist-remote
[2026-08-25 03:59:48] [2110/3047] https://www.myjobmag.co.ke/job/people-analytics-principal-cloudfactory
[2026-08-25 03:59:51] [2111/3047] https://www.myjobmag.co.ke/job/people-and-culture-associate-data-analytics-and-non-staff-personnel-services-g-6-nairobi-unicef
[2026-08-25 03:59:54] [2112/3047] https://www.myjobmag.co.ke/job/perception-survey-for-the-jenga-mama-project-amboseli-international-fund-for-animal-welfare
[2026-08-25 03:59:58] [2113/3047] https://www.myjobmag.co.ke/job/performance-analyst-economist-ii-statistician-ii-county-government-of-nyeri
[2026-08-25 04:00:01] [2114/3047] https://www.myjobmag.co.ke/job/performance-analyst-intern-county-government-of-nyeri
[2026-08-25 04:00:03] [2115/3047] https://www.myjobmag.co.ke/job/personalisation-enablement-manager-standard-bank-group
[2026-08-25 04:00:06] [2116/3047] https://www.myjobmag.co.ke/job/phd-research-intern-nlp-researcher-msr-africa-nairobi-microsoft-1
[2026-08-25 04:00:09] [2117/3047] https://www.myjobmag.co.ke/job/phd-studentship-kemri-cghr-kisumu-kemya-medical-research-kemri
[2026-08-25 04:00:12] [2118/3047] https://www.myjobmag.co.ke/job/phd-studentship-kemri-kenya-and-university-of-bergen-uib-norway-kemya-medical-research-kemri
[2026-08-25 04:00:15] [2119/3047] https://www.myjobmag.co.ke/job/php-backend-software-developer
[2026-08-25 04:00:17]   TECH: PHP Backend Software Developer at a Reputable Company [Software & IT] [2026-07-22]
[2026-08-25 04:00:17] [2120/3047] https://www.myjobmag.co.ke/job/planning-and-strategy-officer-human-resource-management-professionals-examinations-board
[2026-08-25 04:00:20] [2121/3047] https://www.myjobmag.co.ke/job/planning-business-performance-manager-national-bank-of-kenya
[2026-08-25 04:00:22] [2122/3047] https://www.myjobmag.co.ke/job/planning-data-analyst-burn
[2026-08-25 04:00:25]   TECH: Planning Data Analyst at BURN [Data & AI] [2026-04-17]
[2026-08-25 04:00:25] [2123/3047] https://www.myjobmag.co.ke/job/planning-intern-kenya-wine-agencies-limited-kwal-2
[2026-08-25 04:00:27] [2124/3047] https://www.myjobmag.co.ke/job/planning-monitoring-evaluation-reporting-and-learning-pmerl-program-officer-vi-agroforestry
[2026-08-25 04:00:30] [2125/3047] https://www.myjobmag.co.ke/job/planning-monitoring-specialist-no-3-ft-00138302-nairobi-kenya-esar-unicef
[2026-08-25 04:00:32] [2126/3047] https://www.myjobmag.co.ke/job/planning-officer-kma-spo-11-25-3-1-post-kenya-maritime-authority
[2026-08-25 04:00:35] [2127/3047] https://www.myjobmag.co.ke/job/planning-quality-assurance-department-2-posts-national-construction-authority
[2026-08-25 04:00:40]   TECH: Planning & Quality Assurance Department - 2 Posts at National Construction Authority [QA & Testing] [2026-05-27]
[2026-08-25 04:00:40] [2128/3047] https://www.myjobmag.co.ke/job/plastic-life-cycle-data-specialist-united-nations-environment-programme-unep
[2026-08-25 04:00:43] [2129/3047] https://www.myjobmag.co.ke/job/platform-engineer-devops-palladium-international
[2026-08-25 04:00:45]   TECH: Platform Engineer (DevOps) at Palladium International [Cloud & DevOps] [2026-04-24]
[2026-08-25 04:00:45] [2130/3047] https://www.myjobmag.co.ke/job/platform-engineering-intern-jubilee-insurance
[2026-08-25 04:00:48] [2131/3047] https://www.myjobmag.co.ke/job/platform-transformation-lead-ms-sn-sap-oracle-kpmg
[2026-08-25 04:00:50] [2132/3047] https://www.myjobmag.co.ke/job/pmo-delivery-assurance-lead-africa-kpmg
[2026-08-25 04:00:53] [2133/3047] https://www.myjobmag.co.ke/job/po-data-use-institutional-strengthening-strategic-partnerships-gates-foundation
[2026-08-25 04:00:55] [2134/3047] https://www.myjobmag.co.ke/job/policy-analyst-ii-2-posts-public-service-commission-kenya-psck
[2026-08-25 04:00:58] [2135/3047] https://www.myjobmag.co.ke/job/policy-analyst-nutrition-dietetics-nutrition-dietetics-division-kenya-institute-for-public-policy-research-and-analysis-kippra
[2026-08-25 04:01:00] [2136/3047] https://www.myjobmag.co.ke/job/policy-analyst-trade-and-foreign-policy-kenya-institute-for-public-policy-research-and-analysis-kippra-1
[2026-08-25 04:01:03] [2137/3047] https://www.myjobmag.co.ke/job/portfolio-analyst-ecobank-kenya
[2026-08-25 04:01:05] [2138/3047] https://www.myjobmag.co.ke/job/portfolio-manager-personal-banking-hf-group
[2026-08-25 04:01:08] [2139/3047] https://www.myjobmag.co.ke/job/post-graduate-program-coordinator-information-communication-technology-zetech-university
[2026-08-25 04:01:10] [2140/3047] https://www.myjobmag.co.ke/job/post-graduate-program-coordinator-information-communication-technology-zetech-university-1
[2026-08-25 04:01:13] [2141/3047] https://www.myjobmag.co.ke/job/post-of-lecturer-computer-science-mama-ngina-university-college-mnuc-3
[2026-08-25 04:01:16] [2142/3047] https://www.myjobmag.co.ke/job/post-of-lecturer-computer-science-mama-ngina-university-college-mnuc-4
[2026-08-25 04:01:21] [2143/3047] https://www.myjobmag.co.ke/job/post-of-lecturer-economics-and-econometrics-mama-ngina-university-college-mnuc
[2026-08-25 04:01:24] [2144/3047] https://www.myjobmag.co.ke/job/post-of-lecturer-economics-and-statistics-mama-ngina-university-college-mnuc
[2026-08-25 04:01:26] [2145/3047] https://www.myjobmag.co.ke/job/post-of-lecturer-information-technology-mama-ngina-university-college-mnuc
[2026-08-25 04:01:29] [2146/3047] https://www.myjobmag.co.ke/job/post-of-lecturer-information-technology-mama-ngina-university-college-mnuc-1
[2026-08-25 04:01:32] [2147/3047] https://www.myjobmag.co.ke/job/post-of-tutorial-fellow-computer-science-mama-ngina-university-college-mnuc
[2026-08-25 04:01:44] [2148/3047] https://www.myjobmag.co.ke/job/power-bi-analyst-moringa-school
[2026-08-25 04:01:46] [2149/3047] https://www.myjobmag.co.ke/job/power-bi-developer-analyst-sight-and-sound-limited
[2026-08-25 04:01:49] [2150/3047] https://www.myjobmag.co.ke/job/power-platform-consultant-united-nations-environment-programme-unep
[2026-08-25 04:01:52] [2151/3047] https://www.myjobmag.co.ke/job/pre-sales-research-expert-ai-augmented-intelligence-teleperformance
[2026-08-25 04:01:58] [2152/3047] https://www.myjobmag.co.ke/job/prevention-officer-ii-monitoring-and-evaluation-specialist-ethics-and-anti-corruption-commission
[2026-08-25 04:02:01] [2153/3047] https://www.myjobmag.co.ke/job/prime-right-first-time-data-insights-analyst-save-the-children
[2026-08-25 04:02:04] [2154/3047] https://www.myjobmag.co.ke/job/principal-ai-engineer-finsense-africa
[2026-08-25 04:02:06]   TECH: Principal AI Engineer at FinSense Africa [Data & AI] [2026-07-16]
[2026-08-25 04:02:06] [2155/3047] https://www.myjobmag.co.ke/job/principal-ai-product-engineer-kenya-cellulant-corporation
[2026-08-25 04:02:11] [2156/3047] https://www.myjobmag.co.ke/job/principal-database-applications-administrator-independent-policing-oversight-authority-ipoa
[2026-08-25 04:02:13] [2157/3047] https://www.myjobmag.co.ke/job/principal-deposit-protection-officer-research-and-data-analytics-jkuat-enterprises-limited
[2026-08-25 04:02:16] [2158/3047] https://www.myjobmag.co.ke/job/principal-digital-health-officer-digital-health-agency-dha
[2026-08-25 04:02:18] [2159/3047] https://www.myjobmag.co.ke/job/principal-engineer-network-cloud-security-safaricom-kenya
[2026-08-25 04:02:21] [2160/3047] https://www.myjobmag.co.ke/job/principal-ict-assistant-wildlife-research-and-training-institute-wrti-1
[2026-08-25 04:02:28] [2162/3047] https://www.myjobmag.co.ke/job/principal-ict-officer-ict-authority
[2026-08-25 04:02:30]   TECH: Principal ICT Officer at ICT Authority [Software & IT] [2026-06-02]
[2026-08-25 04:02:30] [2163/3047] https://www.myjobmag.co.ke/job/principal-ict-officer-job-grade-cue-4-commission-for-university-education
[2026-08-25 04:02:33]   TECH: Principal Ict Officer- Job Grade Cue 4 at Commission for University Education [Software & IT] [2026-05-12]
[2026-08-25 04:02:33] [2164/3047] https://www.myjobmag.co.ke/job/principal-ict-technical-support-officer-ict-authority
[2026-08-25 04:02:35] [2165/3047] https://www.myjobmag.co.ke/job/principal-information-communication-technology-assistant-kenya-school-of-government
[2026-08-25 04:02:40] [2166/3047] https://www.myjobmag.co.ke/job/principal-librarian-job-grade-cue-4-commission-for-university-education
[2026-08-25 04:02:43] [2167/3047] https://www.myjobmag.co.ke/job/principal-market-development-officer-research-analytics-capital-markets-authority-cma
[2026-08-25 04:02:46] [2168/3047] https://www.myjobmag.co.ke/job/principal-monitoring-and-evaluation-officer-affordable-housing-board-ahb
[2026-08-25 04:02:48] [2169/3047] https://www.myjobmag.co.ke/job/principal-officer-remote-sensing-kenya-space-agency
[2026-08-25 04:02:51] [2170/3047] https://www.myjobmag.co.ke/job/principal-policy-analyst-governance-kenya-institute-for-public-policy-research-and-analysis-kippra-1
[2026-08-25 04:02:53] [2171/3047] https://www.myjobmag.co.ke/job/principal-policy-analyst-infrastructure-and-economic-services-iesd-kenya-institute-for-public-policy-research-and-analysis-kippra
[2026-08-25 04:02:56] [2172/3047] https://www.myjobmag.co.ke/job/principal-policy-analyst-macroeconomics-kenya-institute-for-public-policy-research-and-analysis-kippra-2
[2026-08-25 04:02:59] [2173/3047] https://www.myjobmag.co.ke/job/principal-policy-analyst-private-sector-kenya-institute-for-public-policy-research-and-analysis-kippra-1
[2026-08-25 04:03:04] [2174/3047] https://www.myjobmag.co.ke/job/principal-policy-analyst-private-sector-private-sector-division-kenya-institute-for-public-policy-research-and-analysis-kippra
[2026-08-25 04:03:08] [2175/3047] https://www.myjobmag.co.ke/job/principal-policy-analyst-productive-sector-kenya-institute-for-public-policy-research-and-analysis-kippra-2
[2026-08-25 04:03:10] [2176/3047] https://www.myjobmag.co.ke/job/principal-policy-analyst-productive-sector-productive-sector-division-kenya-institute-for-public-policy-research-and-analysis-kippra
[2026-08-25 04:03:16] [2177/3047] https://www.myjobmag.co.ke/job/principal-policy-analyst-social-sector-kenya-institute-for-public-policy-research-and-analysis-kippra-2
[2026-08-25 04:03:19] [2178/3047] https://www.myjobmag.co.ke/job/principal-policy-analyst-strategy-and-planning-kenya-institute-for-public-policy-research-and-analysis-kippra-2
[2026-08-25 04:03:21] [2179/3047] https://www.myjobmag.co.ke/job/principal-policy-analyst-trade-and-foreign-policy-kenya-institute-for-public-policy-research-and-analysis-kippra-1
[2026-08-25 04:03:24] [2180/3047] https://www.myjobmag.co.ke/job/principal-policy-analyst-trade-and-foreign-policy-trade-and-foreign-policy-division-kenya-institute-for-public-policy-research-and-analysis-kippra
[2026-08-25 04:03:30] [2181/3047] https://www.myjobmag.co.ke/job/principal-statistical-programmer-iqvia-7
[2026-08-25 04:03:33]   TECH: Principal Statistical Programmer at IQVIA [Software & IT] [2026-06-16]
[2026-08-25 04:03:33] [2182/3047] https://www.myjobmag.co.ke/job/process-analyst-real-time-operations-hcs-affiliates-group
[2026-08-25 04:03:35] [2183/3047] https://www.myjobmag.co.ke/job/process-analyst-real-time-operations-hcs-affiliates-group-1
[2026-08-25 04:03:38] [2184/3047] https://www.myjobmag.co.ke/job/procurement-officer-construction-nariana-enterprises-ltd
[2026-08-25 04:03:40] [2185/3047] https://www.myjobmag.co.ke/job/product-analyst-credit-eligibility-m-kopa-solar
[2026-08-25 04:03:43] [2186/3047] https://www.myjobmag.co.ke/job/product-analyst-go-to-market-strategy-insights-pgls
[2026-08-25 04:03:45] [2187/3047] https://www.myjobmag.co.ke/job/product-analyst-jamii-telecommunications
[2026-08-25 04:03:48] [2188/3047] https://www.myjobmag.co.ke/job/product-analyst-platform-feature-development-pgls
[2026-08-25 04:03:50] [2189/3047] https://www.myjobmag.co.ke/job/product-associate-operations-zamara-kenya
[2026-08-25 04:03:53] [2190/3047] https://www.myjobmag.co.ke/job/product-business-analyst
[2026-08-25 04:03:56] [2191/3047] https://www.myjobmag.co.ke/job/product-business-analyst-ba-turnkey-africa-kenya
[2026-08-25 04:03:58] [2192/3047] https://www.myjobmag.co.ke/job/product-designer-food-for-education
[2026-08-25 04:04:01] [2193/3047] https://www.myjobmag.co.ke/job/product-designer-pavago
[2026-08-25 04:04:06] [2194/3047] https://www.myjobmag.co.ke/job/product-insights-analytics-manager-absa-bank-limited
[2026-08-25 04:04:08] [2195/3047] https://www.myjobmag.co.ke/job/product-intelligence-behavioral-insight-intern-burn
[2026-08-25 04:04:11] [2196/3047] https://www.myjobmag.co.ke/job/product-lead-ai-apeiro
[2026-08-25 04:04:17] [2197/3047] https://www.myjobmag.co.ke/job/product-lead-apps-amini
[2026-08-25 04:04:20] [2198/3047] https://www.myjobmag.co.ke/job/product-management-intern-jubilee-insurance
[2026-08-25 04:04:22] [2199/3047] https://www.myjobmag.co.ke/job/product-manager-ai-transformation-idinsight
[2026-08-25 04:04:25]   TECH: Product Manager, AI Transformation at IDinsight [Product & UX] [2026-04-02]
[2026-08-25 04:04:25] [2200/3047] https://www.myjobmag.co.ke/job/product-manager-iot-solutions-safaricom-kenya
[2026-08-25 04:04:30]   TECH: Product Manager – IoT Solutions at Safaricom Kenya [Product & UX] [2026-04-14]
[2026-08-25 04:04:30] Checkpoint saved: 417 historical records
[2026-08-25 04:04:30] [2201/3047] https://www.myjobmag.co.ke/job/product-manager-jacaranda-health-1
[2026-08-25 04:04:33]   TECH: Product Manager at Jacaranda Health [Product & UX] [2026-01-16]
[2026-08-25 04:04:33] [2202/3047] https://www.myjobmag.co.ke/job/product-manager-m-paya
[2026-08-25 04:04:37]   TECH: Product Manager at M-Paya [Product & UX] [2025-08-27]
[2026-08-25 04:04:37] [2203/3047] https://www.myjobmag.co.ke/job/product-manager-program-data-systems-international-rescue-committee
[2026-08-25 04:04:39]   TECH: Product Manager, Program Data Systems at International Rescue Committee [Product & UX] [2025-11-04]
[2026-08-25 04:04:39] [2204/3047] https://www.myjobmag.co.ke/job/product-manager-software-intern-burn
[2026-08-25 04:04:42]   TECH: Product Manager Software Intern at BURN [Product & UX] [2026-07-03]
[2026-08-25 04:04:42] [2205/3047] https://www.myjobmag.co.ke/job/product-operations-associate-cloudfactory
[2026-08-25 04:04:46] [2207/3047] https://www.myjobmag.co.ke/job/product-research-manager-jacaranda-health
[2026-08-25 04:04:49] [2208/3047] https://www.myjobmag.co.ke/job/product-sales-specialist-airtel-1
[2026-08-25 04:04:52] [2209/3047] https://www.myjobmag.co.ke/job/product-support-specialist-whatsapp-conversational-ux-watu-credit-limited
[2026-08-25 04:04:54] [2210/3047] https://www.myjobmag.co.ke/job/product-tech-ops-intern-burn
[2026-08-25 04:04:59] [2211/3047] https://www.myjobmag.co.ke/job/production-control-clerk-service-writer-amentum-3
[2026-08-25 04:05:01] [2212/3047] https://www.myjobmag.co.ke/job/production-support-senior-analyst-cigna-1
[2026-08-25 04:05:04] [2213/3047] https://www.myjobmag.co.ke/job/production-support-senior-analyst-ibm-i-as-400-required-cigna
[2026-08-25 04:05:06] [2214/3047] https://www.myjobmag.co.ke/job/production-support-senior-analyst-ibm-i-as-400-required-cigna-1
[2026-08-25 04:05:09] [2215/3047] https://www.myjobmag.co.ke/job/professor-computer-science-university-of-embu-5
[2026-08-25 04:05:11] [2216/3047] https://www.myjobmag.co.ke/job/professor-cyber-security-university-of-embu-3
[2026-08-25 04:05:17]   TECH: Professor Cyber Security at University of Embu [Cybersecurity] [2026-04-20]
[2026-08-25 04:05:17] [2217/3047] https://www.myjobmag.co.ke/job/professors-associate-professors-senior-lecturers-lecturers-data-science-artificial-intelligence-kca-university-kcau
[2026-08-25 04:05:20]   TECH: Professors/Associate Professors/Senior Lecturers/Lecturers - Data Science & Artificial Intelligence at KCA University (KCAU) [Data & AI] [2026-04-21]
[2026-08-25 04:05:20] [2218/3047] https://www.myjobmag.co.ke/job/professors-associate-professors-senior-lecturers-lecturers-economics-kca-university-kcau
[2026-08-25 04:05:22] [2219/3047] https://www.myjobmag.co.ke/job/professors-associate-professors-senior-lecturers-lecturers-human-computer-interface-and-multimedia-technologies-kca-university-kcau
[2026-08-25 04:05:25] [2220/3047] https://www.myjobmag.co.ke/job/professors-associate-professors-senior-lecturers-lecturers-information-systems-kca-university-kcau
[2026-08-25 04:05:27] [2221/3047] https://www.myjobmag.co.ke/job/professors-associate-professors-senior-lecturers-lecturers-information-systems-security-and-forensics-kca-university-kcau
[2026-08-25 04:05:33] [2222/3047] https://www.myjobmag.co.ke/job/professors-associate-professors-senior-lecturers-lecturers-networking-distributed-computing-kca-university-kcau
[2026-08-25 04:05:36] [2223/3047] https://www.myjobmag.co.ke/job/professors-associate-professors-senior-lecturers-lecturers-operating-systems-and-systems-programming-kca-university-kcau
[2026-08-25 04:05:38] [2224/3047] https://www.myjobmag.co.ke/job/professors-associate-professors-senior-lecturers-lecturers-software-development-computer-programming-kca-university-kcau
[2026-08-25 04:05:41]   TECH: Professors/Associate Professors/Senior Lecturers/Lecturers - Software Development/ Computer Programming at KCA University (KCAU) [Software & IT] [2026-04-21]
[2026-08-25 04:05:41] [2225/3047] https://www.myjobmag.co.ke/job/professors-associate-professors-senior-lecturers-lecturers-software-engineering-kca-university-kcau
[2026-08-25 04:05:43] [2226/3047] https://www.myjobmag.co.ke/job/professors-associate-professors-senior-lecturers-lecturers-statistics-kca-university-kcau
[2026-08-25 04:05:46] [2227/3047] https://www.myjobmag.co.ke/job/program-data-officer-shining-hope-for-communities
[2026-08-25 04:05:48] [2228/3047] https://www.myjobmag.co.ke/job/program-manager-documentation-and-data-management-international-rescue-committee
[2026-08-25 04:05:51] [2230/3047] https://www.myjobmag.co.ke/job/programme-budget-specialist-p-3-temporary-appointment-global-programme-division-nairobi-kenya-unicef
[2026-08-25 04:05:54] [2231/3047] https://www.myjobmag.co.ke/job/programme-finance-and-reporting-analyst-nairobi-kenya-united-nations-environment-programme-unep
[2026-08-25 04:05:56] [2232/3047] https://www.myjobmag.co.ke/job/programme-ict-officer-county-government-of-kakamega
[2026-08-25 04:05:59]   TECH: Programme ICT Officer at County Government of Kakamega [Software & IT] [2026-05-06]
[2026-08-25 04:05:59] [2233/3047] https://www.myjobmag.co.ke/job/programme-management-officer-p4-united-nations-environment-programme-unep-14
[2026-08-25 04:06:01] [2234/3047] https://www.myjobmag.co.ke/job/programme-policy-officer-data-analyst-noa-world-food-programme-wfp
[2026-08-25 04:06:08]   TECH: Programme Policy Officer – Data Analyst (NOA) at World Food Programme (WFP) [Data & AI] [2026-05-20]
[2026-08-25 04:06:08] [2235/3047] https://www.myjobmag.co.ke/job/project-coordinator-cum-business-analyst-entry-level-fresher-redian-software-in-africa
[2026-08-25 04:06:11] [2236/3047] https://www.myjobmag.co.ke/job/project-county-assistant-support-officer-23-positions-digital-health-agency-dha
[2026-08-25 04:06:15] [2237/3047] https://www.myjobmag.co.ke/job/project-county-support-officer-47-positions-digital-health-agency-dha
[2026-08-25 04:06:17] [2239/3047] https://www.myjobmag.co.ke/job/project-management-intern-it-operations-burn
[2026-08-25 04:06:22] [2240/3047] https://www.myjobmag.co.ke/job/project-manager-digital-and-ai-skilling-undp
[2026-08-25 04:06:25] [2241/3047] https://www.myjobmag.co.ke/job/project-manager-machine-learning-autonomous-vehicles-adas-digital-divide-data
[2026-08-25 04:06:28]   TECH: Project Manager (Machine Learning, Autonomous Vehicles & ADAS) at Digital Divide Data [Data & AI] [2025-12-10]
[2026-08-25 04:06:28] Checkpoint saved: 427 historical records
[2026-08-25 04:06:28] [2242/3047] https://www.myjobmag.co.ke/job/project-manager-royal-mabati-factory
[2026-08-25 04:06:32] [2243/3047] https://www.myjobmag.co.ke/job/projects-qa-jubilee-insurance
[2026-08-25 04:06:35] [2244/3047] https://www.myjobmag.co.ke/job/prompt-engineer-mogo-finance
[2026-08-25 04:06:37] [2245/3047] https://www.myjobmag.co.ke/job/prompt-engineer-mogo-finance-1
[2026-08-25 04:06:40] [2246/3047] https://www.myjobmag.co.ke/job/protection-assistant-community-based-protection-danish-refugee-council
[2026-08-25 04:06:43] [2247/3047] https://www.myjobmag.co.ke/job/purchase-and-dispatch-assistant-generations-techzone
[2026-08-25 04:06:47] [2249/3047] https://www.myjobmag.co.ke/job/qa-automation-engineer-watu-credit-limited-1
[2026-08-25 04:06:49] [2250/3047] https://www.myjobmag.co.ke/job/qa-integration-tester-deloitte-consulting
[2026-08-25 04:06:52] [2251/3047] https://www.myjobmag.co.ke/job/qa-lead-test-manager-tezza-business-solutions-ltd-1
[2026-08-25 04:06:55] [2252/3047] https://www.myjobmag.co.ke/job/qa-test-senior-analyst-etl-cigna
[2026-08-25 04:07:00] [2254/3047] https://www.myjobmag.co.ke/job/qrm-engineer-ke-absa-bank-limited
[2026-08-25 04:07:02] [2255/3047] https://www.myjobmag.co.ke/job/qssk-it-coordinator-q-sourcing-servtec-group
[2026-08-25 04:07:05] [2257/3047] https://www.myjobmag.co.ke/job/qualitative-data-analyst-consultant-jhpiego
[2026-08-25 04:07:08]   TECH: Qualitative Data Analyst Consultant at Jhpiego [Data & AI] [2026-01-29]
[2026-08-25 04:07:08] [2258/3047] https://www.myjobmag.co.ke/job/qualitative-field-interviewers-cpse-flexi-personnel
[2026-08-25 04:07:11] [2259/3047] https://www.myjobmag.co.ke/job/qualitative-interviewer-machakos-flexi-personnel
[2026-08-25 04:07:15] [2260/3047] https://www.myjobmag.co.ke/job/qualitative-interviewers-kisumu-flexi-personnel
[2026-08-25 04:07:17] [2261/3047] https://www.myjobmag.co.ke/job/qualitative-interviewers-nairobi-flexi-personnel
[2026-08-25 04:07:23] [2262/3047] https://www.myjobmag.co.ke/job/qualitative-research-consultant-palladium-international
[2026-08-25 04:07:25] [2263/3047] https://www.myjobmag.co.ke/job/quality-analyst-manager-customer-experience-engagement-mogo-finance
[2026-08-25 04:07:27] [2264/3047] https://www.myjobmag.co.ke/job/quality-analyst-offshore-ison-xperiences-limited
[2026-08-25 04:07:33] [2265/3047] https://www.myjobmag.co.ke/job/quality-and-accreditation-manager-strathmore-business-school
[2026-08-25 04:07:36] [2266/3047] https://www.myjobmag.co.ke/job/quality-assurance-analyst-ke-busara-center
[2026-08-25 04:07:43]   TECH: Quality Assurance Analyst - KE at Busara Center [QA & Testing] [2026-05-05]
[2026-08-25 04:07:43] [2267/3047] https://www.myjobmag.co.ke/job/quality-assurance-engineer-consultant-functional-automation-inkomoko-1
[2026-08-25 04:07:49]   TECH: Quality Assurance Engineer Consultant (Functional & Automation) at Inkomoko [QA & Testing] [2026-08-06]
[2026-08-25 04:07:49] [2268/3047] https://www.myjobmag.co.ke/job/quality-assurance-engineer-hf-group-1
[2026-08-25 04:07:52]   TECH: Quality Assurance Engineer at HFCB Kenya [QA & Testing] [2026-04-29]
[2026-08-25 04:07:52] [2269/3047] https://www.myjobmag.co.ke/job/quality-assurance-engineer-hf-group-2
[2026-08-25 04:07:57]   TECH: Quality Assurance Engineer at HFCB Kenya [QA & Testing] [2026-07-29]
[2026-08-25 04:07:57] [2270/3047] https://www.myjobmag.co.ke/job/quality-assurance-officer-britam
[2026-08-25 04:08:00]   TECH: Quality Assurance Officer at Britam [QA & Testing] [2026-06-13]
[2026-08-25 04:08:00] [2271/3047] https://www.myjobmag.co.ke/job/quality-assurance-officer-kabarak-university
[2026-08-25 04:08:02]   TECH: Quality Assurance Officer at Kabarak University [QA & Testing] [2026-07-03]
[2026-08-25 04:08:02] [2272/3047] https://www.myjobmag.co.ke/job/quality-assurance-officer-kenya-methodist-university-kemu-1
[2026-08-25 04:08:09]   TECH: Quality Assurance Officer at Kenya Methodist University (KeMU) [QA & Testing] [2025-12-04]
[2026-08-25 04:08:09] [2273/3047] https://www.myjobmag.co.ke/job/quality-assurance-officer-old-mutual-kenya
[2026-08-25 04:08:12]   TECH: Quality Assurance Officer at Old Mutual Kenya [QA & Testing] [2026-05-14]
[2026-08-25 04:08:12] [2274/3047] https://www.myjobmag.co.ke/job/quality-assurance-officer-reeds-africa-consult
[2026-08-25 04:08:15]   TECH: Quality Assurance Officer at Reeds Africa Consult [QA & Testing] [2026-01-20]
[2026-08-25 04:08:15] Checkpoint saved: 437 historical records
[2026-08-25 04:08:15] [2275/3047] https://www.myjobmag.co.ke/job/quality-assurance-officer-umma-university-1
[2026-08-25 04:08:21]   TECH: Quality Assurance Officer at Umma University [QA & Testing] [2026-07-03]
[2026-08-25 04:08:21] [2277/3047] https://www.myjobmag.co.ke/job/quality-assurance-reporting-analyst-britam-3
[2026-08-25 04:08:26]   TECH: Quality Assurance & Reporting Analyst at Britam [QA & Testing] [2026-07-20]
[2026-08-25 04:08:26] [2278/3047] https://www.myjobmag.co.ke/job/quality-audit-analyst-cigna
[2026-08-25 04:08:31] [2279/3047] https://www.myjobmag.co.ke/job/quality-audit-analyst-cigna-1
[2026-08-25 04:08:33] [2280/3047] https://www.myjobmag.co.ke/job/quality-coordinator-italian-sama
[2026-08-25 04:08:38] [2281/3047] https://www.myjobmag.co.ke/job/quality-engineering-intern-one-acre-fund
[2026-08-25 04:08:41] [2282/3047] https://www.myjobmag.co.ke/job/quality-methods-reuse-lead-africa-kpmg
[2026-08-25 04:08:46] [2283/3047] https://www.myjobmag.co.ke/job/quantitative-field-interviewers-flexi-personnel
[2026-08-25 04:08:50] [2284/3047] https://www.myjobmag.co.ke/job/quantitative-field-interviewers-flexi-personnel-1
[2026-08-25 04:08:53] [2285/3047] https://www.myjobmag.co.ke/job/quantitative-field-interviewers-qualitative-field-interviewers-garissa-flexi-personnel
[2026-08-25 04:08:58] [2286/3047] https://www.myjobmag.co.ke/job/quantitative-field-interviewers-qualitative-field-interviewers-turkana-flexi-personnel
[2026-08-25 04:09:01] [2287/3047] https://www.myjobmag.co.ke/job/quantitative-interviewer-kilifi-flexi-personnel
[2026-08-25 04:09:05] [2288/3047] https://www.myjobmag.co.ke/job/quantitative-interviewer-machakos-flexi-personnel
[2026-08-25 04:09:10] [2289/3047] https://www.myjobmag.co.ke/job/quantitative-interviewer-nairobi-flexi-personnel
[2026-08-25 04:09:13] [2290/3047] https://www.myjobmag.co.ke/job/radio-controller-securex-1
[2026-08-25 04:09:16] [2291/3047] https://www.myjobmag.co.ke/job/re-advertisement-senior-design-engineer-jasbel-energy
[2026-08-25 04:09:20] [2292/3047] https://www.myjobmag.co.ke/job/reach-assessment-assistant-nairobi-acted
[2026-08-25 04:09:23] [2293/3047] https://www.myjobmag.co.ke/job/reach-data-officer-acted
[2026-08-25 04:09:30] [2294/3047] https://www.myjobmag.co.ke/job/real-time-analyst-rta-teleperformance
[2026-08-25 04:09:33] [2295/3047] https://www.myjobmag.co.ke/job/real-time-analyst-solvo-global
[2026-08-25 04:09:35] [2296/3047] https://www.myjobmag.co.ke/job/real-time-operations-prime-agent-position-hcs-affiliates-group-1
[2026-08-25 04:09:41] [2297/3047] https://www.myjobmag.co.ke/job/record-management-assistant-ii-national-legal-aid-service-nlas
[2026-08-25 04:09:43] [2298/3047] https://www.myjobmag.co.ke/job/record-management-interns-2-posts-county-government-of-nyeri
[2026-08-25 04:09:46] [2299/3047] https://www.myjobmag.co.ke/job/records-and-information-management-officer-ii-2-posts-water-resources-authority
[2026-08-25 04:09:50] [2300/3047] https://www.myjobmag.co.ke/job/records-management-assistant-hazina-sacco-society-ltd
[2026-08-25 04:09:54] [2301/3047] https://www.myjobmag.co.ke/job/records-management-assistant-ii-national-gender-and-equality-commission-ngec
[2026-08-25 04:09:57] [2302/3047] https://www.myjobmag.co.ke/job/records-management-assistant-iii-national-council-for-children-s-services
[2026-08-25 04:09:59] [2303/3047] https://www.myjobmag.co.ke/job/records-management-assistant-iii-national-gender-and-equality-commission-ngec
[2026-08-25 04:10:02] [2304/3047] https://www.myjobmag.co.ke/job/records-management-assistant-kenya-school-of-law
[2026-08-25 04:10:04] [2305/3047] https://www.myjobmag.co.ke/job/records-management-intern-cascade-institute-of-hospitality
[2026-08-25 04:10:08] [2306/3047] https://www.myjobmag.co.ke/job/records-management-intern-express-shipping-amp-logistics-ea-limited-esl
[2026-08-25 04:10:11] [2307/3047] https://www.myjobmag.co.ke/job/records-management-intern-konza-technopolis-development-authority
[2026-08-25 04:10:15] [2308/3047] https://www.myjobmag.co.ke/job/records-management-officer-i-4-posts-nandi-county
[2026-08-25 04:10:18] [2309/3047] https://www.myjobmag.co.ke/job/records-management-officer-i-kericho-county
[2026-08-25 04:10:22] [2310/3047] https://www.myjobmag.co.ke/job/records-management-officer-i-nandi-county
[2026-08-25 04:10:25] [2311/3047] https://www.myjobmag.co.ke/job/records-management-officer-ii-kericho-county
[2026-08-25 04:10:33] [2312/3047] https://www.myjobmag.co.ke/job/records-management-officer-iii-nandi-county
[2026-08-25 04:10:36] [2313/3047] https://www.myjobmag.co.ke/job/records-management-officer-iii-trans-nzoia-county-public-service-board
[2026-08-25 04:10:41] [2314/3047] https://www.myjobmag.co.ke/job/records-management-officer-national-cancer-institute-of-kenya
[2026-08-25 04:10:43] [2315/3047] https://www.myjobmag.co.ke/job/records-officer-intern-county-government-of-nyeri-3
[2026-08-25 04:10:50] [2316/3047] https://www.myjobmag.co.ke/job/regional-analysis-evidence-specialist-international-committee-of-the-red-cross-icrc
[2026-08-25 04:10:55] [2317/3047] https://www.myjobmag.co.ke/job/regional-data-analytics-advisor-world-vision-kenya
[2026-08-25 04:10:58] [2318/3047] https://www.myjobmag.co.ke/job/regional-digital-health-officer-living-goods
[2026-08-25 04:11:00] [2319/3047] https://www.myjobmag.co.ke/job/regional-household-survey-international-consultant-nairobi-unicef
[2026-08-25 04:11:10] [2320/3047] https://www.myjobmag.co.ke/job/regional-insights-analytics-specialist-execafrica-recruitment-limited
[2026-08-25 04:11:14] [2321/3047] https://www.myjobmag.co.ke/job/regional-integration-officer-1-10-posts-public-service-commission-kenya-psck
[2026-08-25 04:11:20] [2322/3047] https://www.myjobmag.co.ke/job/regional-integration-officer-2-5-posts-public-service-commission-kenya-psck
[2026-08-25 04:11:23] [2323/3047] https://www.myjobmag.co.ke/job/regional-manager-apdk-mombasa-association-for-the-physically-disabled-of-kenya
[2026-08-25 04:11:29] [2324/3047] https://www.myjobmag.co.ke/job/regional-meal-and-learning-specialist-action-against-hunger-international
[2026-08-25 04:11:32] [2325/3047] https://www.myjobmag.co.ke/job/regional-pod-portfolio-lead-kpmg
[2026-08-25 04:11:39] [2326/3047] https://www.myjobmag.co.ke/job/regional-policy-advocacy-officer-wetlands-international
[2026-08-25 04:11:42] [2327/3047] https://www.myjobmag.co.ke/job/regional-specialist-continuous-analytics-assurance-meer-world-vision-kenya
[2026-08-25 04:11:45] [2328/3047] https://www.myjobmag.co.ke/job/registry-intern-shirika-sacco-society-limited
[2026-08-25 04:11:54] [2329/3047] https://www.myjobmag.co.ke/job/regulatory-affairs-ai-and-automation-intern-dawa-life-sciences
[2026-08-25 04:11:57] [2330/3047] https://www.myjobmag.co.ke/job/regulatory-data-reporting-analyst-cigna
[2026-08-25 04:12:02] [2331/3047] https://www.myjobmag.co.ke/job/reliable-onsite-technician-riset-software-systems-ltd
[2026-08-25 04:12:05] [2332/3047] https://www.myjobmag.co.ke/job/remote-ai-automation-specialist-revops-cdl-human-resouce
[2026-08-25 04:12:08] [2333/3047] https://www.myjobmag.co.ke/job/remote-sensing-officer-2-posts-kenya-space-agency
[2026-08-25 04:12:13] [2334/3047] https://www.myjobmag.co.ke/job/remote-tele-medicine-lecturer-oral-health-mount-kenya-university
[2026-08-25 04:12:15] [2335/3047] https://www.myjobmag.co.ke/job/renewable-energy-technology-laboratory-masinde-muliro-university-of-science-amp-technology-mmust
[2026-08-25 04:12:20] [2336/3047] https://www.myjobmag.co.ke/job/request-for-proposals-senior-business-intelligence-expert-moringa-school
[2026-08-25 04:12:23] [2337/3047] https://www.myjobmag.co.ke/job/research-analyst-international-planned-parenthood-federation-ippf
[2026-08-25 04:12:26] [2338/3047] https://www.myjobmag.co.ke/job/research-analyst-kcb-bank-kenya-3
[2026-08-25 04:12:30] [2339/3047] https://www.myjobmag.co.ke/job/research-analyst-kcb-bank-kenya-4
[2026-08-25 04:12:33] [2340/3047] https://www.myjobmag.co.ke/job/research-analyst-public-policy-greenlight-planet
[2026-08-25 04:12:35] [2341/3047] https://www.myjobmag.co.ke/job/research-analyst-public-policy-sunculture-kenya-ltd
[2026-08-25 04:12:38] [2342/3047] https://www.myjobmag.co.ke/job/research-analysts-6-posts-national-crime-research-centre
[2026-08-25 04:12:42] [2343/3047] https://www.myjobmag.co.ke/job/research-and-data-specialist-chancen-international
[2026-08-25 04:12:45] [2344/3047] https://www.myjobmag.co.ke/job/research-and-data-specialist-data-and-statistics-un-women
[2026-08-25 04:12:48] [2345/3047] https://www.myjobmag.co.ke/job/research-and-development-officer-msvl-group
[2026-08-25 04:12:51] [2346/3047] https://www.myjobmag.co.ke/job/research-and-evaluation-senior-officer-save-the-children
[2026-08-25 04:12:53] [2347/3047] https://www.myjobmag.co.ke/job/research-and-innovation-assistant-stima-sacco
[2026-08-25 04:12:56] [2348/3047] https://www.myjobmag.co.ke/job/research-and-innovation-officer-the-kisumu-national-polytechnic
[2026-08-25 04:12:58] [2349/3047] https://www.myjobmag.co.ke/job/research-assistant-busia-african-institute-for-health-and-development
[2026-08-25 04:13:04] [2350/3047] https://www.myjobmag.co.ke/job/research-assistant-homa-bay-african-institute-for-health-and-development
[2026-08-25 04:13:06] [2351/3047] https://www.myjobmag.co.ke/job/research-assistant-kilifi-african-institute-for-health-and-development
[2026-08-25 04:13:09] [2352/3047] https://www.myjobmag.co.ke/job/research-assistant-kirinyaga-kemya-medical-research-kemri
[2026-08-25 04:13:11] [2353/3047] https://www.myjobmag.co.ke/job/research-assistant-kisumu-african-institute-for-health-and-development
[2026-08-25 04:13:14] [2354/3047] https://www.myjobmag.co.ke/job/research-assistant-kwale-african-institute-for-health-and-development
[2026-08-25 04:13:17] [2355/3047] https://www.myjobmag.co.ke/job/research-assistant-lamu-african-institute-for-health-and-development
[2026-08-25 04:13:19] [2356/3047] https://www.myjobmag.co.ke/job/research-assistant-migori-african-institute-for-health-and-development
[2026-08-25 04:13:22] [2357/3047] https://www.myjobmag.co.ke/job/research-assistant-mombasa-african-institute-for-health-and-development
[2026-08-25 04:13:24] [2358/3047] https://www.myjobmag.co.ke/job/research-assistant-siaya-african-institute-for-health-and-development
[2026-08-25 04:13:27] [2359/3047] https://www.myjobmag.co.ke/job/research-assistant-suba-mbita-kemya-medical-research-kemri
[2026-08-25 04:13:29] [2360/3047] https://www.myjobmag.co.ke/job/research-assistant-taita-taveta-african-institute-for-health-and-development
[2026-08-25 04:13:33] [2361/3047] https://www.myjobmag.co.ke/job/research-assistant-tana-river-african-institute-for-health-and-development
[2026-08-25 04:13:36] [2362/3047] https://www.myjobmag.co.ke/job/research-associate-digital-agriculture-international-livestock-research-institute-ilri
[2026-08-25 04:13:41] [2363/3047] https://www.myjobmag.co.ke/job/research-associate-international-rescue-committee
[2026-08-25 04:13:43] [2364/3047] https://www.myjobmag.co.ke/job/research-associates-chqi-studies-university-of-nairobi
[2026-08-25 04:13:47] [2365/3047] https://www.myjobmag.co.ke/job/research-clerk-customer-insights-and-analytics-cic-insurance
[2026-08-25 04:13:51] [2366/3047] https://www.myjobmag.co.ke/job/research-clerk-market-and-industry-intelligence-cic-insurance
[2026-08-25 04:13:54] [2367/3047] https://www.myjobmag.co.ke/job/research-data-analytics-officer-caritas-mfb
[2026-08-25 04:13:56] [2368/3047] https://www.myjobmag.co.ke/job/research-evaluation-data-specialist-bodhi-global-analysis-1
[2026-08-25 04:14:00] [2369/3047] https://www.myjobmag.co.ke/job/research-executive-nielseniq-5
[2026-08-25 04:14:06] [2370/3047] https://www.myjobmag.co.ke/job/research-fellow-bridge-provost-office-coe-aga-khan-university-hospital
[2026-08-25 04:14:08] [2371/3047] https://www.myjobmag.co.ke/job/research-fellow-disability-data-initiative-university-of-nairobi
[2026-08-25 04:14:11] [2372/3047] https://www.myjobmag.co.ke/job/research-field-intern-helen-keller-international
[2026-08-25 04:14:17] [2373/3047] https://www.myjobmag.co.ke/job/research-interns-statistics-nairobi-kemya-medical-research-kemri
[2026-08-25 04:14:19] [2374/3047] https://www.myjobmag.co.ke/job/research-manager-hf-group
[2026-08-25 04:14:22] [2375/3047] https://www.myjobmag.co.ke/job/research-officer-data-management-nairobi-kemya-medical-research-kemri
[2026-08-25 04:14:29] [2376/3047] https://www.myjobmag.co.ke/job/research-officer-data-management-wellcome-research-programme-nairobi-kemya-medical-research-kemri
[2026-08-25 04:14:31] [2377/3047] https://www.myjobmag.co.ke/job/research-officer-health-systems-evaluation-and-data-analytics-nairobi-kemya-medical-research-kemri
[2026-08-25 04:14:37] [2378/3047] https://www.myjobmag.co.ke/job/research-officer-hsu-nairobi-kemya-medical-research-kemri
[2026-08-25 04:14:40] [2379/3047] https://www.myjobmag.co.ke/job/research-officer-i-county-assembly-of-kisumu
[2026-08-25 04:14:43] [2380/3047] https://www.myjobmag.co.ke/job/research-officer-i-mathematical-modellers-icipe-ndash-african-insect-science-for-food-and-health
[2026-08-25 04:14:45] [2381/3047] https://www.myjobmag.co.ke/job/research-officer-ii-county-assembly-of-kisumu
[2026-08-25 04:14:48] [2382/3047] https://www.myjobmag.co.ke/job/research-policy-associate-sexual-and-reproductive-health-and-rights-srhr-african-institute-for-development-policy-afidep
[2026-08-25 04:14:50] [2383/3047] https://www.myjobmag.co.ke/job/research-specialist-busara-center-3
[2026-08-25 04:14:53] [2384/3047] https://www.myjobmag.co.ke/job/resident-enumerator-international-centre-for-reproductive-health
[2026-08-25 04:14:58] [2385/3047] https://www.myjobmag.co.ke/job/resident-enumerator-meru-5-international-centre-for-reproductive-health
[2026-08-25 04:15:01] [2386/3047] https://www.myjobmag.co.ke/job/resident-enumerator-tharaka-nithi-5-international-centre-for-reproductive-health
[2026-08-25 04:15:03] [2387/3047] https://www.myjobmag.co.ke/job/residential-private-chef
[2026-08-25 04:15:05] [2388/3047] https://www.myjobmag.co.ke/job/responsible-ai-and-data-governance-intern-africa-centre-for-health-systems-and-gender-justice
[2026-08-25 04:15:11] [2389/3047] https://www.myjobmag.co.ke/job/responsible-ai-and-data-governance-intern-africa-centre-for-health-systems-and-gender-justice-1
[2026-08-25 04:15:16] [2390/3047] https://www.myjobmag.co.ke/job/results-based-data-analysis-consultancy-africa-international-university
[2026-08-25 04:15:19] [2391/3047] https://www.myjobmag.co.ke/job/results-reporting-intern-programme-division-united-nations-population-fund-unfpa
[2026-08-25 04:15:26] [2392/3047] https://www.myjobmag.co.ke/job/retail-banking-analytics-manager-hf-group
[2026-08-25 04:15:29] [2393/3047] https://www.myjobmag.co.ke/job/retail-digital-solution-analyst-and-innovation-lead-ncba-group
[2026-08-25 04:15:32] [2394/3047] https://www.myjobmag.co.ke/job/returnable-distributor-management-analyst-q-sourcing-servtec-group-1
[2026-08-25 04:15:40] [2395/3047] https://www.myjobmag.co.ke/job/returns-management-upc-consumer-electronics-cdl-human-resouce
[2026-08-25 04:15:43] [2396/3047] https://www.myjobmag.co.ke/job/revenue-assurance-analyst-ezra
[2026-08-25 04:15:45] [2397/3047] https://www.myjobmag.co.ke/job/revenue-assurance-analyst-ntt-ltd
[2026-08-25 04:15:52] [2398/3047] https://www.myjobmag.co.ke/job/revenue-assurance-analyst-wananchi-group
[2026-08-25 04:15:54] [2399/3047] https://www.myjobmag.co.ke/job/revenue-strategy-biz-ops-lead-remote
[2026-08-25 04:15:57] [2400/3047] https://www.myjobmag.co.ke/job/rfq-procurement-and-implementation-of-a-next-generation-firewall-ngfw-inkomoko
[2026-08-25 04:16:03] [2401/3047] https://www.myjobmag.co.ke/job/risk-data-analytics-model-risk-equity-bank-kenya
[2026-08-25 04:16:05] [2402/3047] https://www.myjobmag.co.ke/job/risk-management-analyst-visa-1
[2026-08-25 04:16:08] [2403/3047] https://www.myjobmag.co.ke/job/robotics-ai-specialist-ai-community-telus-international
[2026-08-25 04:16:13] [2404/3047] https://www.myjobmag.co.ke/job/roster-of-data-analytics-consultants-world-health-organization
[2026-08-25 04:16:15] [2405/3047] https://www.myjobmag.co.ke/job/rpa-tester-thejitu-com
[2026-08-25 04:16:18] [2406/3047] https://www.myjobmag.co.ke/job/saas-senior-data-engineer-angaza
[2026-08-25 04:16:20]   TECH: SaaS Senior Data Engineer at Angaza [Data & AI] [2025-09-29]
[2026-08-25 04:16:20] [2407/3047] https://www.myjobmag.co.ke/job/saas-technical-solutions-support-officer-erp-hf-group
[2026-08-25 04:16:26] [2408/3047] https://www.myjobmag.co.ke/job/sacco-ict-compliance-manager-recruitment-co-operative-bank-of-kenya
[2026-08-25 04:16:28] [2409/3047] https://www.myjobmag.co.ke/job/sacco-ict-officer-co-operative-bank-of-kenya-1
[2026-08-25 04:16:31]   TECH: Sacco ICT Officer at Co-operative Bank of Kenya [Software & IT] [2026-06-22]
[2026-08-25 04:16:31] [2410/3047] https://www.myjobmag.co.ke/job/sacco-ict-officer-kenya-teachers-sacco-association-ketsa
[2026-08-25 04:16:34]   TECH: SACCO ICT Officer at Kenya Teachers Sacco Association (KETSA) [Software & IT] [2026-04-16]
[2026-08-25 04:16:34] [2411/3047] https://www.myjobmag.co.ke/job/sacco-ict-systems-officer-co-operative-bank-of-kenya
[2026-08-25 04:16:38] [2412/3047] https://www.myjobmag.co.ke/job/sales-and-marketing-executive-magnate-ventures
[2026-08-25 04:16:41] [2413/3047] https://www.myjobmag.co.ke/job/sales-business-development-executive-audio-visual-equipment-services-premier-audio-visual-limited
[2026-08-25 04:16:44] [2414/3047] https://www.myjobmag.co.ke/job/sales-executive-b2b-advertising-sponsorship-sales-mybest-ltd-1
[2026-08-25 04:16:46] [2415/3047] https://www.myjobmag.co.ke/job/sales-executive-career-options-africa-ltd-6
[2026-08-25 04:16:52] [2416/3047] https://www.myjobmag.co.ke/job/sales-intern-food-partners-hcs-affiliates-group-2
[2026-08-25 04:16:55] [2417/3047] https://www.myjobmag.co.ke/job/sales-manager-corporate-business-africa-merchant-assurance-company-limited
[2026-08-25 04:16:58] [2418/3047] https://www.myjobmag.co.ke/job/sales-operations-analyst-intern-burn
[2026-08-25 04:17:00] [2419/3047] https://www.myjobmag.co.ke/job/sales-quality-analyst-solvo-global
[2026-08-25 04:17:05] [2420/3047] https://www.myjobmag.co.ke/job/sales-superstar-chirowa-online
[2026-08-25 04:17:07] [2421/3047] https://www.myjobmag.co.ke/job/salesforce-administrator-cpq-experience-solvo-global
[2026-08-25 04:17:10] [2422/3047] https://www.myjobmag.co.ke/job/salesforce-cpq-specialist-solvo-global
[2026-08-25 04:17:13] [2423/3047] https://www.myjobmag.co.ke/job/salesforce-developer-yellow-pages-kenya
[2026-08-25 04:17:17] [2424/3047] https://www.myjobmag.co.ke/job/salesforce-operations-specialist-idinsight
[2026-08-25 04:17:19] [2425/3047] https://www.myjobmag.co.ke/job/sap-btp-fiori-developer-yellow-pages-kenya
[2026-08-25 04:17:22] [2427/3047] https://www.myjobmag.co.ke/job/sap-fico-consultant-nairobi-yellow-pages-kenya
[2026-08-25 04:17:24] [2428/3047] https://www.myjobmag.co.ke/job/scholarship-for-graduate-assistant-ict-3-posts-meru-university-of-science-and-technology
[2026-08-25 04:17:27] [2429/3047] https://www.myjobmag.co.ke/job/scholarship-for-graduate-assistant-telecommunications-meru-university-of-science-and-technology
[2026-08-25 04:17:29] [2430/3047] https://www.myjobmag.co.ke/job/scholarships-undergraduate-programmes-ict-it-meru-university-of-science-and-technology
[2026-08-25 04:17:32] [2431/3047] https://www.myjobmag.co.ke/job/scholarships-undergraduate-programmes-telecommunications-meru-university-of-science-and-technology
[2026-08-25 04:17:35] [2432/3047] https://www.myjobmag.co.ke/job/school-librarian-urafiki-carovana-school
[2026-08-25 04:17:37] [2433/3047] https://www.myjobmag.co.ke/job/scored-lending-analyst-standard-bank-group
[2026-08-25 04:17:40] [2434/3047] https://www.myjobmag.co.ke/job/sectional-ip-network-engineer-field-central-hcs-affiliates-group
[2026-08-25 04:17:43]   TECH: Sectional IP Network Engineer- Field - Central at HCS Affiliates Group [Networking] [2026-06-22]
[2026-08-25 04:17:43] [2435/3047] https://www.myjobmag.co.ke/job/sectional-ip-network-engineer-field-central-hcs-affiliates-group-1
[2026-08-25 04:17:45]   TECH: Sectional IP Network Engineer- Field - Central at HCS Affiliates Group [Networking] [2026-07-16]
[2026-08-25 04:17:45] [2437/3047] https://www.myjobmag.co.ke/job/sectional-ip-network-engineer-field-central-hcs-affiliates-group-3
[2026-08-25 04:17:48]   TECH: Sectional IP Network Engineer- Field - Central at HCS Affiliates Group [Networking] [2026-08-01]
[2026-08-25 04:17:48] [2438/3047] https://www.myjobmag.co.ke/job/sectional-ip-network-engineer-field-central-job-grade-2-2-hcs-affiliates-group
[2026-08-25 04:17:51]   TECH: Sectional IP Network Engineer- Field - Central Job Grade 2.2 at HCS Affiliates Group [Networking] [2026-07-01]
[2026-08-25 04:17:51] [2440/3047] https://www.myjobmag.co.ke/job/sectional-ip-network-engineer-field-nairobi-hcs-affiliates-group-1
[2026-08-25 04:17:54]   TECH: Sectional IP Network Engineer- Field - Nairobi at HCS Affiliates Group [Networking] [2026-08-01]
[2026-08-25 04:17:54] Checkpoint saved: 447 historical records
[2026-08-25 04:17:54] [2441/3047] https://www.myjobmag.co.ke/job/sectional-ip-network-engineer-nairobi-central-hcs-affiliates-group
[2026-08-25 04:17:57]   TECH: Sectional IP Network Engineer Nairobi & Central at HCS Affiliates Group [Networking] [2026-06-05]
[2026-08-25 04:17:57] [2442/3047] https://www.myjobmag.co.ke/job/sectional-ip-network-engineer-nairobi-hcs-affiliates-group
[2026-08-25 04:17:59]   TECH: Sectional IP Network Engineer - Nairobi at HCS Affiliates Group [Networking] [2026-07-27]
[2026-08-25 04:17:59] [2443/3047] https://www.myjobmag.co.ke/job/security-analyst
[2026-08-25 04:18:02]   TECH: Security Analyst at Idar Groups Security Services Ltd [Cybersecurity] [2026-02-11]
[2026-08-25 04:18:02] [2444/3047] https://www.myjobmag.co.ke/job/security-architect-prime-bank-kenya
[2026-08-25 04:18:04] [2445/3047] https://www.myjobmag.co.ke/job/security-specialist-abacus-1
[2026-08-25 04:18:07] [2446/3047] https://www.myjobmag.co.ke/job/security-testing-assurance-engineer-hf-group
[2026-08-25 04:18:09] [2447/3047] https://www.myjobmag.co.ke/job/senior-accountant-construction-nariana-enterprises-ltd
[2026-08-25 04:18:12] [2448/3047] https://www.myjobmag.co.ke/job/senior-advisor-data-driven-government-public-sector-tony-blair-institute-for-global-change
[2026-08-25 04:18:15] [2449/3047] https://www.myjobmag.co.ke/job/senior-advisor-software-developer-web-application-developer-sos-children-s-villages
[2026-08-25 04:18:17]   TECH: Senior Advisor / Software Developer / Web Application Developer at SOS Children's Villages [Software & IT] [2026-05-09]
[2026-08-25 04:18:17] [2450/3047] https://www.myjobmag.co.ke/job/senior-ai-architect-ai-native-app-development-inua-ai
[2026-08-25 04:18:20] [2452/3047] https://www.myjobmag.co.ke/job/senior-ai-ml-engineer-alx
[2026-08-25 04:18:22] [2453/3047] https://www.myjobmag.co.ke/job/senior-ai-platform-engineer-cloud-ke-absa-bank-limited
[2026-08-25 04:18:25] [2454/3047] https://www.myjobmag.co.ke/job/senior-ai-systems-engineer-united-nations-environment-programme-unep
[2026-08-25 04:18:28] [2455/3047] https://www.myjobmag.co.ke/job/senior-analyst-bcg-vantage-social-impact-boston-consulting-group-bcg
[2026-08-25 04:18:30] [2456/3047] https://www.myjobmag.co.ke/job/senior-analyst-credit-risk-eligibility-m-kopa-solar
[2026-08-25 04:18:33] [2457/3047] https://www.myjobmag.co.ke/job/senior-analyst-data-intelligence-greenlight-planet
[2026-08-25 04:18:35] [2458/3047] https://www.myjobmag.co.ke/job/senior-analyst-executive-business-operations-cellulant-corporation
[2026-08-25 04:18:38] [2459/3047] https://www.myjobmag.co.ke/job/senior-analytics-engineer-financial-inclustion-at-scale-m-kopa-solar
[2026-08-25 04:18:41] [2460/3047] https://www.myjobmag.co.ke/job/senior-analytics-engineer-watu-credit-limited
[2026-08-25 04:18:43] [2461/3047] https://www.myjobmag.co.ke/job/senior-applied-ai-engineer-turaco
[2026-08-25 04:18:46]   TECH: Senior Applied AI Engineer at Turaco [Data & AI] [2026-03-14]
[2026-08-25 04:18:46] [2462/3047] https://www.myjobmag.co.ke/job/senior-archives-assistant-saa-kabarak-university
[2026-08-25 04:18:48] [2463/3047] https://www.myjobmag.co.ke/job/senior-assistant-director-of-medical-services-medical-specialist-i-health-informatics-makueni-county-public-service-board-1
[2026-08-25 04:18:51] [2464/3047] https://www.myjobmag.co.ke/job/senior-associate-ai-transformation-idinsight
[2026-08-25 04:18:53] [2465/3047] https://www.myjobmag.co.ke/job/senior-associate-data-analytics-and-customer-insights-accion
[2026-08-25 04:18:56] [2466/3047] https://www.myjobmag.co.ke/job/senior-associate-data-analytics-and-customer-insights-accion-advisory-accion
[2026-08-25 04:18:58] [2467/3047] https://www.myjobmag.co.ke/job/senior-associate-insights-learning-reporting-food-for-education
[2026-08-25 04:19:01] [2469/3047] https://www.myjobmag.co.ke/job/senior-associate-kenya-aceli-africa
[2026-08-25 04:19:05] [2470/3047] https://www.myjobmag.co.ke/job/senior-associate-product-growth-and-commercialization-i-m-bank
[2026-08-25 04:19:08] [2471/3047] https://www.myjobmag.co.ke/job/senior-associate-reporting-data-and-analytics-acumen-east-or-west-africa-acumen-1
[2026-08-25 04:19:10] [2472/3047] https://www.myjobmag.co.ke/job/senior-associate-social-sectors-financing-africa-genesis-analytics
[2026-08-25 04:19:13] [2473/3047] https://www.myjobmag.co.ke/job/senior-associate-software-development-engineer-in-test-sdet-food-for-education
[2026-08-25 04:19:15]   TECH: Senior Associate, Software Development Engineer in Test (SDET) at Food For Education [Software & IT] [2026-04-14]
[2026-08-25 04:19:15] [2474/3047] https://www.myjobmag.co.ke/job/senior-audit-manager-technology-cyber-security-and-data-analytics-absa-bank-limited
[2026-08-25 04:19:18]   TECH: Senior Audit Manager – Technology, Cyber Security and Data Analytics at Absa Bank Limited [Cybersecurity] [2026-03-11]
[2026-08-25 04:19:18] [2475/3047] https://www.myjobmag.co.ke/job/senior-automation-engineer-technobrain
[2026-08-25 04:19:21] [2476/3047] https://www.myjobmag.co.ke/job/senior-backend-engineer-ai-native-umba
[2026-08-25 04:19:23]   TECH: Senior Backend Engineer (AI-Native) at Umba [Software & IT] [2026-04-24]
[2026-08-25 04:19:23] [2477/3047] https://www.myjobmag.co.ke/job/senior-backend-engineer-elixir-remote-2
[2026-08-25 04:19:26]   TECH: Senior Backend Engineer (Elixir) at Remote [Software & IT] [2026-06-16]
[2026-08-25 04:19:26] [2478/3047] https://www.myjobmag.co.ke/job/senior-backend-engineer-hf-group
[2026-08-25 04:19:28]   TECH: Senior Backend Engineer at HFCB Kenya [Software & IT] [2026-04-29]
[2026-08-25 04:19:28] Checkpoint saved: 457 historical records
[2026-08-25 04:19:28] [2480/3047] https://www.myjobmag.co.ke/job/senior-bi-analyst-4g-capital
[2026-08-25 04:19:31] [2481/3047] https://www.myjobmag.co.ke/job/senior-biostatistician-global-bios-permanent-homebased-iqvia
[2026-08-25 04:19:33] [2482/3047] https://www.myjobmag.co.ke/job/senior-biostatistician-global-bios-permanent-homebased-iqvia-1
[2026-08-25 04:19:36] [2483/3047] https://www.myjobmag.co.ke/job/senior-biostatistician-iqvia-2
[2026-08-25 04:19:39] [2484/3047] https://www.myjobmag.co.ke/job/senior-biostatistician-kemya-medical-research-kemri
[2026-08-25 04:19:41] [2485/3047] https://www.myjobmag.co.ke/job/senior-business-analyst-africa-enterprise-challenge-fund-aecf
[2026-08-25 04:19:44] [2486/3047] https://www.myjobmag.co.ke/job/senior-business-analyst-erp-national-bank-of-kenya
[2026-08-25 04:19:49] [2487/3047] https://www.myjobmag.co.ke/job/senior-business-analyst-safaricom-kenya
[2026-08-25 04:19:52] [2488/3047] https://www.myjobmag.co.ke/job/senior-business-analyst-service-level-coordination-senior-business-analyst-2-central-bank-of-kenya
[2026-08-25 04:19:54] [2489/3047] https://www.myjobmag.co.ke/job/senior-business-analyst-virtual-asset-service-provider-licensing-products-approval-senior-business-analyst-2-central-bank-of-kenya
[2026-08-25 04:19:57] [2490/3047] https://www.myjobmag.co.ke/job/senior-business-applications-officer-burn
[2026-08-25 04:20:00] [2491/3047] https://www.myjobmag.co.ke/job/senior-business-applications-officer-burn-1
[2026-08-25 04:20:04] [2492/3047] https://www.myjobmag.co.ke/job/senior-business-applications-officer-burn-2
[2026-08-25 04:20:07] [2493/3047] https://www.myjobmag.co.ke/job/senior-business-applications-officer-burn-3
[2026-08-25 04:20:09] [2494/3047] https://www.myjobmag.co.ke/job/senior-business-data-analyst-agribusiness-bridge-talent
[2026-08-25 04:20:12]   TECH: Senior Business Data Analyst - Agribusiness at Bridge Talent Management [Data & AI] [2025-08-13]
[2026-08-25 04:20:12] [2495/3047] https://www.myjobmag.co.ke/job/senior-business-data-analyst-rose-avenue-group-1
[2026-08-25 04:20:14]   TECH: Senior Business Data Analyst at Rose Avenue Group [Data & AI] [2025-08-12]
[2026-08-25 04:20:14] [2496/3047] https://www.myjobmag.co.ke/job/senior-business-development-executive-ict-infrastructure-elv-solutions-nexus-staffing-solutions
[2026-08-25 04:20:17] [2497/3047] https://www.myjobmag.co.ke/job/senior-business-intelligence-analyst-west-indian-ocean-cable-company-wiocc
[2026-08-25 04:20:20] [2498/3047] https://www.myjobmag.co.ke/job/senior-business-process-analyst-jubilee-insurance-1
[2026-08-25 04:20:23] [2499/3047] https://www.myjobmag.co.ke/job/senior-cloud-platform-engineer-solvo-global
[2026-08-25 04:20:26] [2500/3047] https://www.myjobmag.co.ke/job/senior-cloud-platform-engineer-solvo-global-1
[2026-08-25 04:20:28] [2501/3047] https://www.myjobmag.co.ke/job/senior-commercial-insights-manager-m-kopa-solar-2
[2026-08-25 04:20:31] [2502/3047] https://www.myjobmag.co.ke/job/senior-communication-technology-officer-national-communications-secretariat
[2026-08-25 04:20:33] [2503/3047] https://www.myjobmag.co.ke/job/senior-consultant-monitoring-evaluation-and-learning-pricewaterhousecoopers-pwc
[2026-08-25 04:20:37] [2504/3047] https://www.myjobmag.co.ke/job/senior-consultant-sap-pp-ptm-yellow-pages-kenya
[2026-08-25 04:20:40] [2505/3047] https://www.myjobmag.co.ke/job/senior-credit-reporting-analytics-officer-old-mutual-kenya
[2026-08-25 04:20:43] [2507/3047] https://www.myjobmag.co.ke/job/senior-data-analyst-cloudfactory
[2026-08-25 04:20:45]   TECH: Senior Data Analyst at CloudFactory [Data & AI] [2026-04-16]
[2026-08-25 04:20:45] [2508/3047] https://www.myjobmag.co.ke/job/senior-data-analyst-keitt-exporters-limited
[2026-08-25 04:20:48]   TECH: Senior Data Analyst at Keitt Exporters Limited [Data & AI] [2026-05-29]
[2026-08-25 04:20:48] [2509/3047] https://www.myjobmag.co.ke/job/senior-data-analyst-peach-cars-ke
[2026-08-25 04:20:50]   TECH: Senior Data Analyst at Peach Cars KE [Data & AI] [2025-10-29]
[2026-08-25 04:20:50] [2510/3047] https://www.myjobmag.co.ke/job/senior-data-analyst-watu-credit-limited
[2026-08-25 04:20:54]   TECH: Senior Data Analyst at Watu Credit Limited [Data & AI] [2025-11-28]
[2026-08-25 04:20:54] [2511/3047] https://www.myjobmag.co.ke/job/senior-data-analyst-world-resources-institute-wri
[2026-08-25 04:20:56]   TECH: Senior Data Analyst at World Resources Institute (WRI) [Data & AI] [2026-02-20]
[2026-08-25 04:20:56] [2514/3047] https://www.myjobmag.co.ke/job/senior-data-engineer-core-platform-shared-services-4g-capital
[2026-08-25 04:20:59]   TECH: Senior Data Engineer – Core Platform & Shared Services at 4G Capital [Data & AI] [2026-01-28]
[2026-08-25 04:20:59] [2515/3047] https://www.myjobmag.co.ke/job/senior-data-engineer-deimos-3
[2026-08-25 04:21:02]   TECH: Senior Data Engineer at Deimos [Data & AI] [2025-10-14]
[2026-08-25 04:21:02] [2516/3047] https://www.myjobmag.co.ke/job/senior-data-engineer-equity-bank-kenya-2
[2026-08-25 04:21:05]   TECH: Senior Data Engineer at Equity Bank Kenya [Data & AI] [2025-09-26]
[2026-08-25 04:21:05] Checkpoint saved: 467 historical records
[2026-08-25 04:21:05] [2517/3047] https://www.myjobmag.co.ke/job/senior-data-engineer-jumia-full-time-jumia
[2026-08-25 04:21:07]   TECH: Senior Data Engineer - Jumia (Full Time) at Jumia [Data & AI] [2025-09-10]
[2026-08-25 04:21:07] [2518/3047] https://www.myjobmag.co.ke/job/senior-data-engineer-roamtech
[2026-08-25 04:21:10]   TECH: Senior Data Engineer at Roamtech [Data & AI] [2025-09-26]
[2026-08-25 04:21:10] [2519/3047] https://www.myjobmag.co.ke/job/senior-data-engineer-roamtech-1
[2026-08-25 04:21:13]   TECH: Senior Data Engineer at Roamtech [Data & AI] [2026-01-20]
[2026-08-25 04:21:13] [2520/3047] https://www.myjobmag.co.ke/job/senior-data-engineer-strathmore-university
[2026-08-25 04:21:15]   TECH: Senior Data Engineer at Strathmore University [Data & AI] [2026-02-19]
[2026-08-25 04:21:15] [2521/3047] https://www.myjobmag.co.ke/job/senior-data-engineer-turaco
[2026-08-25 04:21:18]   TECH: Senior Data Engineer at Turaco [Data & AI] [2026-02-28]
[2026-08-25 04:21:18] [2522/3047] https://www.myjobmag.co.ke/job/senior-data-engineer-turaco-1
[2026-08-25 04:21:20]   TECH: Senior Data Engineer at Turaco [Data & AI] [2026-05-30]
[2026-08-25 04:21:20] [2523/3047] https://www.myjobmag.co.ke/job/senior-data-engineering-assistant-g7-united-nations-environment-programme-unep
[2026-08-25 04:21:23] [2524/3047] https://www.myjobmag.co.ke/job/senior-data-officer-kosap-snv-netherlands-development-organisation
[2026-08-25 04:21:26] [2525/3047] https://www.myjobmag.co.ke/job/senior-data-officer-tende-pay
[2026-08-25 04:21:28] [2526/3047] https://www.myjobmag.co.ke/job/senior-data-protection-and-encryption-engineer-andishi
[2026-08-25 04:21:31] [2527/3047] https://www.myjobmag.co.ke/job/senior-data-scientist-credit-eligibility-m-kopa-solar
[2026-08-25 04:21:34]   TECH: Senior Data Scientist - Credit Eligibility at M-KOPA Solar [Data & AI] [2026-04-23]
[2026-08-25 04:21:34] [2528/3047] https://www.myjobmag.co.ke/job/senior-data-scientist-credit-m-kopa-solar
[2026-08-25 04:21:36]   TECH: Senior Data Scientist - Credit at M-KOPA Solar [Data & AI] [2026-03-27]
[2026-08-25 04:21:36] [2529/3047] https://www.myjobmag.co.ke/job/senior-data-scientist-credit-modeling-m-kopa-solar
[2026-08-25 04:21:39]   TECH: Senior Data Scientist - Credit Modeling at M-KOPA Solar [Data & AI] [2026-02-17]
[2026-08-25 04:21:39] [2530/3047] https://www.myjobmag.co.ke/job/senior-data-scientist-equity-bank-kenya-5
[2026-08-25 04:21:42]   TECH: Senior Data Scientist at Equity Bank Kenya [Data & AI] [2025-10-31]
[2026-08-25 04:21:42] Checkpoint saved: 477 historical records
[2026-08-25 04:21:42] [2531/3047] https://www.myjobmag.co.ke/job/senior-data-scientist-p5-united-nations-environment-programme-unep
[2026-08-25 04:21:45]   TECH: Senior Data Scientist, P5 at United Nations Environment Programme (UNEP) [Data & AI] [2026-01-24]
[2026-08-25 04:21:45] [2532/3047] https://www.myjobmag.co.ke/job/senior-data-scientist-pezesha
[2026-08-25 04:21:47]   TECH: Senior Data Scientist at Pezesha [Data & AI] [2025-12-15]
[2026-08-25 04:21:47] [2533/3047] https://www.myjobmag.co.ke/job/senior-data-scientist-pezesha-1
[2026-08-25 04:21:50]   TECH: Senior Data Scientist at Pezesha [Data & AI] [2026-01-05]
[2026-08-25 04:21:50] [2534/3047] https://www.myjobmag.co.ke/job/senior-data-scientist-strathmore-university
[2026-08-25 04:21:54]   TECH: Senior Data Scientist at Strathmore University [Data & AI] [2026-02-19]
[2026-08-25 04:21:54] [2535/3047] https://www.myjobmag.co.ke/job/senior-data-scientist-sunculture-kenya-ltd-1
[2026-08-25 04:21:56]   TECH: Senior Data Scientist at SunCulture Kenya Ltd [Data & AI] [2025-10-08]
[2026-08-25 04:21:56] [2536/3047] https://www.myjobmag.co.ke/job/senior-data-scientist-sunculture-kenya-ltd-2
[2026-08-25 04:21:59]   TECH: Senior Data Scientist at SunCulture Kenya Ltd [Data & AI] [2025-10-20]
[2026-08-25 04:21:59] [2537/3047] https://www.myjobmag.co.ke/job/senior-data-scientist-sunculture-kenya-ltd-3
[2026-08-25 04:22:01]   TECH: Senior Data Scientist at SunCulture Kenya Ltd [Data & AI] [2026-04-28]
[2026-08-25 04:22:01] [2538/3047] https://www.myjobmag.co.ke/job/senior-database-administrator-flexi-personnel
[2026-08-25 04:22:04] [2539/3047] https://www.myjobmag.co.ke/job/senior-database-administrator-gulf-african-bank
[2026-08-25 04:22:07] [2540/3047] https://www.myjobmag.co.ke/job/senior-database-administrator-gulf-african-bank-1
[2026-08-25 04:22:09] [2541/3047] https://www.myjobmag.co.ke/job/senior-database-administrator-ncba-group-4
[2026-08-25 04:22:12] [2542/3047] https://www.myjobmag.co.ke/job/senior-database-administrator-old-mutual-kenya
[2026-08-25 04:22:15] [2543/3047] https://www.myjobmag.co.ke/job/senior-database-developer-cigna
[2026-08-25 04:22:17] [2544/3047] https://www.myjobmag.co.ke/job/senior-database-developer-cigna-1
[2026-08-25 04:22:20] [2545/3047] https://www.myjobmag.co.ke/job/senior-developer-abacus
[2026-08-25 04:22:22] [2546/3047] https://www.myjobmag.co.ke/job/senior-development-manager-educate
[2026-08-25 04:22:25] [2548/3047] https://www.myjobmag.co.ke/job/senior-digital-health-officer-digital-health-agency-dha
[2026-08-25 04:22:29] [2549/3047] https://www.myjobmag.co.ke/job/senior-digital-innovation-ai-solution-expert-lead-un-habitat
[2026-08-25 04:22:31] [2550/3047] https://www.myjobmag.co.ke/job/senior-economist-i-senior-statistician-i-2-posts-county-of-kitui
[2026-08-25 04:22:34] [2551/3047] https://www.myjobmag.co.ke/job/senior-economist-i-tana-river-county-1
[2026-08-25 04:22:36] [2552/3047] https://www.myjobmag.co.ke/job/senior-economist-ii-makueni-county-public-service-board
[2026-08-25 04:22:39] [2553/3047] https://www.myjobmag.co.ke/job/senior-economist-isiolo-county-government-1
[2026-08-25 04:22:42] [2554/3047] https://www.myjobmag.co.ke/job/senior-engineer-infrastructure-family-bank-ltd-1
[2026-08-25 04:22:44] [2555/3047] https://www.myjobmag.co.ke/job/senior-engineer-security-operation-center-united-states-international-university-usiu-africa
[2026-08-25 04:22:47] [2556/3047] https://www.myjobmag.co.ke/job/senior-engineering-manager-experiment-platform-wikimedia-foundation
[2026-08-25 04:22:50] [2557/3047] https://www.myjobmag.co.ke/job/senior-enterprise-solutions-architect-ms-dynamics-365-m-kopa-solar-2
[2026-08-25 04:22:52]   TECH: Senior Enterprise Solutions Architect - MS Dynamics 365 at M-KOPA Solar [Software & IT] [2026-04-16]
[2026-08-25 04:22:52] [2558/3047] https://www.myjobmag.co.ke/job/senior-enumerator-kisumu-village-enterprise
[2026-08-25 04:22:55] [2559/3047] https://www.myjobmag.co.ke/job/senior-financial-analyst-conservation-international
[2026-08-25 04:22:57] [2560/3047] https://www.myjobmag.co.ke/job/senior-financial-systems-and-data-analyst-global-alliance-for-improved-nutrition-gain
[2026-08-25 04:23:00]   TECH: Senior Financial Systems and Data Analyst at Global Alliance for Improved Nutrition (GAIN) [Data & AI] [2025-08-06]
[2026-08-25 04:23:00] [2561/3047] https://www.myjobmag.co.ke/job/senior-frontend-engineer-hf-group
[2026-08-25 04:23:03]   TECH: Senior Frontend Engineer at HFCB Kenya [Software & IT] [2026-04-29]
[2026-08-25 04:23:03] Checkpoint saved: 487 historical records
[2026-08-25 04:23:03] [2562/3047] https://www.myjobmag.co.ke/job/senior-full-stack-developer-jubilee-insurance
[2026-08-25 04:23:05]   TECH: Senior Full Stack Developer at Jubilee Insurance [Software & IT] [2026-07-29]
[2026-08-25 04:23:05] [2563/3047] https://www.myjobmag.co.ke/job/senior-full-stack-developer-pavago
[2026-08-25 04:23:08]   TECH: Senior Full Stack Developer at Pavago [Software & IT] [2026-04-21]
[2026-08-25 04:23:08] [2566/3047] https://www.myjobmag.co.ke/job/senior-full-stack-engineer-computer-science-zetech-university
[2026-08-25 04:23:11]   TECH: Senior Full Stack Engineer - Computer Science at Zetech University [Software & IT] [2026-06-22]
[2026-08-25 04:23:11] [2567/3047] https://www.myjobmag.co.ke/job/senior-full-stack-engineer-java-mobile-equity-bank-kenya
[2026-08-25 04:23:13]   TECH: Senior Full Stack Engineer (Java| Mobile) at Equity Bank Kenya [Software & IT] [2026-05-13]
[2026-08-25 04:23:13] [2568/3047] https://www.myjobmag.co.ke/job/senior-full-stack-engineer-python-frontend-angular-react-equity-bank-kenya
[2026-08-25 04:23:16]   TECH: Senior Full Stack Engineer - Python| Frontend (Angular/React) - () at Equity Bank Kenya [Software & IT] [2026-05-13]
[2026-08-25 04:23:16] [2570/3047] https://www.myjobmag.co.ke/job/senior-functional-software-engineer-with-clojure-experience-a-must-have-tezza-business-solutions-ltd
[2026-08-25 04:23:19]   TECH: Senior Functional Software Engineer (With Clojure Experience a Must Have) at Tezza Business Solutions Ltd [Software & IT] [2026-06-30]
[2026-08-25 04:23:19] [2571/3047] https://www.myjobmag.co.ke/job/senior-ict-assistant-job-grade-cue-7-commission-for-university-education
[2026-08-25 04:23:22] [2572/3047] https://www.myjobmag.co.ke/job/senior-ict-officer-natural-state
[2026-08-25 04:23:25]   TECH: Senior ICT Officer at Natural State [Software & IT] [2026-06-09]
[2026-08-25 04:23:25] [2573/3047] https://www.myjobmag.co.ke/job/senior-information-communications-technology-officer-national-council-for-children-s-services
[2026-08-25 04:23:27] [2574/3047] https://www.myjobmag.co.ke/job/senior-information-management-associate-better-migration-management-project-international-organization-for-migration-iom
[2026-08-25 04:23:30] [2575/3047] https://www.myjobmag.co.ke/job/senior-information-management-associate-better-migration-management-project-international-organization-for-migration-iom-1
[2026-08-25 04:23:32] [2576/3047] https://www.myjobmag.co.ke/job/senior-information-system-auditor-kenindia-assurance-company-limited-1
[2026-08-25 04:23:35] [2577/3047] https://www.myjobmag.co.ke/job/senior-information-systems-auditor-judicial-service-commission
[2026-08-25 04:23:39] [2578/3047] https://www.myjobmag.co.ke/job/senior-information-systems-officer-p5-united-nations-environment-programme-unep
[2026-08-25 04:23:42] [2579/3047] https://www.myjobmag.co.ke/job/senior-internal-auditor-information-systems-the-kenya-trade-network-agency-kentrade
[2026-08-25 04:23:44] [2580/3047] https://www.myjobmag.co.ke/job/senior-internal-auditor-it-audits-and-analytics-senior-business-analyst-2-central-bank-of-kenya
[2026-08-25 04:23:47] [2581/3047] https://www.myjobmag.co.ke/job/senior-internal-auditor-it-audits-and-analytics-senior-business-analyst-2-central-bank-of-kenya-1
[2026-08-25 04:23:49] [2582/3047] https://www.myjobmag.co.ke/job/senior-it-business-analyst-bam-britam
[2026-08-25 04:23:52] [2583/3047] https://www.myjobmag.co.ke/job/senior-it-business-analyst-britam
[2026-08-25 04:23:54] [2584/3047] https://www.myjobmag.co.ke/job/senior-it-operations-engineer-remote-1
[2026-08-25 04:23:57] [2585/3047] https://www.myjobmag.co.ke/job/senior-lead-ai-digital-and-data-capacity-development-save-the-children
[2026-08-25 04:24:00] [2586/3047] https://www.myjobmag.co.ke/job/senior-lead-data-engineer-jumia
[2026-08-25 04:24:02]   TECH: Senior Lead Data Engineer at Jumia [Data & AI] [2025-11-10]
[2026-08-25 04:24:02] [2587/3047] https://www.myjobmag.co.ke/job/senior-lecturer-computer-science-university-of-embu-3
[2026-08-25 04:24:05] [2588/3047] https://www.myjobmag.co.ke/job/senior-lecturer-computer-security-and-forensics-dedan-kimathi-university
[2026-08-25 04:24:08] [2590/3047] https://www.myjobmag.co.ke/job/senior-lecturer-cyber-security-digital-forensics-zetech-university
[2026-08-25 04:24:11]   TECH: Senior Lecturer - Cyber Security & Digital Forensics at Zetech University [Cybersecurity] [2026-06-17]
[2026-08-25 04:24:11] [2591/3047] https://www.myjobmag.co.ke/job/senior-lecturer-cyber-security-university-of-embu-2
[2026-08-25 04:24:13]   TECH: Senior Lecturer Cyber Security at University of Embu [Cybersecurity] [2026-04-20]
[2026-08-25 04:24:13] Checkpoint saved: 497 historical records
[2026-08-25 04:24:13] [2594/3047] https://www.myjobmag.co.ke/job/senior-lecturer-data-science-tom-mboya-university
[2026-08-25 04:24:16]   TECH: Senior Lecturer (Data Science) at Tom Mboya University [Data & AI] [2026-03-24]
[2026-08-25 04:24:16] [2595/3047] https://www.myjobmag.co.ke/job/senior-lecturer-digital-forensic-dedan-kimathi-university
[2026-08-25 04:24:18] [2596/3047] https://www.myjobmag.co.ke/job/senior-lecturer-educational-communication-technology-machakos-university
[2026-08-25 04:24:21] [2597/3047] https://www.myjobmag.co.ke/job/senior-lecturer-grade-13-statistics-kaimosi-friends-university-college-kafuco
[2026-08-25 04:24:23] [2598/3047] https://www.myjobmag.co.ke/job/senior-lecturer-statistics-kirinyaga-university
[2026-08-25 04:24:26] [2599/3047] https://www.myjobmag.co.ke/job/senior-library-assistant-i-grade-8-kirinyaga-university
[2026-08-25 04:24:28] [2600/3047] https://www.myjobmag.co.ke/job/senior-library-assistant-kenyatta-university
[2026-08-25 04:24:31] [2601/3047] https://www.myjobmag.co.ke/job/senior-manager-ai-engineering-finsense-africa
[2026-08-25 04:24:33] [2602/3047] https://www.myjobmag.co.ke/job/senior-manager-ai-transformation-idinsight
[2026-08-25 04:24:37] [2603/3047] https://www.myjobmag.co.ke/job/senior-manager-business-process-management-ncba-group
[2026-08-25 04:24:39] [2604/3047] https://www.myjobmag.co.ke/job/senior-manager-climate-transition-esg-data-reporting-axian
[2026-08-25 04:24:42] [2605/3047] https://www.myjobmag.co.ke/job/senior-manager-data-analytics-food-for-education
[2026-08-25 04:24:45] [2606/3047] https://www.myjobmag.co.ke/job/senior-manager-data-application-rose-avenue-group
[2026-08-25 04:24:47] [2607/3047] https://www.myjobmag.co.ke/job/senior-manager-data-engineering-and-governance-kenya-airways-1
[2026-08-25 04:24:50] [2608/3047] https://www.myjobmag.co.ke/job/senior-manager-data-engineering-kcb-bank-kenya
[2026-08-25 04:24:53] [2609/3047] https://www.myjobmag.co.ke/job/senior-manager-data-fundraising-and-marketing-remote-givedirectly
[2026-08-25 04:24:55] [2610/3047] https://www.myjobmag.co.ke/job/senior-manager-data-governance-data-analytics-and-ai-department-diamond-trust-bank-dtb
[2026-08-25 04:24:58] [2611/3047] https://www.myjobmag.co.ke/job/senior-manager-data-management-and-data-governance-statistics-and-library-services-division-central-bank-of-kenya
[2026-08-25 04:25:01] [2612/3047] https://www.myjobmag.co.ke/job/senior-manager-data-management-rainforest-alliance-3
[2026-08-25 04:25:03] [2613/3047] https://www.myjobmag.co.ke/job/senior-manager-domain-architect-integrations-middleware-kcb-bank-kenya
[2026-08-25 04:25:06] [2614/3047] https://www.myjobmag.co.ke/job/senior-manager-information-risk-kcb-bank-kenya-1
[2026-08-25 04:25:08] [2615/3047] https://www.myjobmag.co.ke/job/senior-manager-information-risk-kcb-bank-kenya-2
[2026-08-25 04:25:11] [2617/3047] https://www.myjobmag.co.ke/job/senior-manager-information-systems-audit-kcb-bank-kenya
[2026-08-25 04:25:13] [2618/3047] https://www.myjobmag.co.ke/job/senior-manager-it-infrastructure-dubai-islamic-bank
[2026-08-25 04:25:16] [2619/3047] https://www.myjobmag.co.ke/job/senior-manager-it-infrastructure-security-systems-nathan-digital
[2026-08-25 04:25:18] [2620/3047] https://www.myjobmag.co.ke/job/senior-manager-monitoring-evaluation-learning-grassroot-soccer
[2026-08-25 04:25:21] [2621/3047] https://www.myjobmag.co.ke/job/senior-manager-national-accounts-kenya-national-bureau-of-statistics-knbs
[2026-08-25 04:25:24] [2622/3047] https://www.myjobmag.co.ke/job/senior-manager-nutrition-environment-statistics-kenya-national-bureau-of-statistics-knbs
[2026-08-25 04:25:26] [2623/3047] https://www.myjobmag.co.ke/job/senior-manager-people-systems-analytics-m-kopa-solar-1
[2026-08-25 04:25:29] [2624/3047] https://www.myjobmag.co.ke/job/senior-manager-retail-digital-quality-assurance-ncba-group
[2026-08-25 04:25:32]   TECH: Senior Manager, Retail Digital Quality Assurance at NCBA Group [QA & Testing] [2026-04-21]
[2026-08-25 04:25:32] [2625/3047] https://www.myjobmag.co.ke/job/senior-manager-retail-digital-solution-analyst-innovation-lead-ncba-group
[2026-08-25 04:25:35] [2626/3047] https://www.myjobmag.co.ke/job/senior-manager-social-statistics-kenya-national-bureau-of-statistics-knbs-1
[2026-08-25 04:25:37] [2627/3047] https://www.myjobmag.co.ke/job/senior-manager-technology-governance-resilience-corporate-it-cellulant-corporation-1
[2026-08-25 04:25:40] [2628/3047] https://www.myjobmag.co.ke/job/senior-market-insights-analyst-pgls
[2026-08-25 04:25:42] [2629/3047] https://www.myjobmag.co.ke/job/senior-meal-technology-officer-international-rescue-committee
[2026-08-25 04:25:45] [2630/3047] https://www.myjobmag.co.ke/job/senior-monitoring-and-reporting-officer-maternity-cover-nutrition-international-1
[2026-08-25 04:25:48] [2631/3047] https://www.myjobmag.co.ke/job/senior-monitoring-evaluation-and-learning-mel-specialist-fhi360-ngo
[2026-08-25 04:25:50] [2632/3047] https://www.myjobmag.co.ke/job/senior-monitoring-evaluation-learning-mel-officer-yeffa-multi-country-support-alliance-for-a-green-revolution-in-africa-agra
[2026-08-25 04:25:53] [2633/3047] https://www.myjobmag.co.ke/job/senior-net-developer-rainforest-alliance
[2026-08-25 04:25:55] [2634/3047] https://www.myjobmag.co.ke/job/senior-net-engineer-platform-team-cigna
[2026-08-25 04:25:58] [2635/3047] https://www.myjobmag.co.ke/job/senior-network-administrator-it-msp
[2026-08-25 04:26:01]   TECH: Senior Network Administrator (IT MSP) at World Network Systems [Networking] [2026-04-15]
[2026-08-25 04:26:01] [2636/3047] https://www.myjobmag.co.ke/job/senior-officer-bi-development-save-the-children
[2026-08-25 04:26:03] [2637/3047] https://www.myjobmag.co.ke/job/senior-officer-business-analysis-save-the-children
[2026-08-25 04:26:06] [2638/3047] https://www.myjobmag.co.ke/job/senior-officer-data-analyst-and-impact-measurement-international-federation-of-red-cross-and-red-crescent-societies-ifrc
[2026-08-25 04:26:09]   TECH: Senior Officer, Data Analyst and Impact Measurement at International Federation of Red Cross and Red Crescent Societies (IFRC) [Data & AI] [2026-04-27]
[2026-08-25 04:26:09] [2639/3047] https://www.myjobmag.co.ke/job/senior-officer-fraud-strategy-and-analytics-safaricom-kenya-1
[2026-08-25 04:26:11] [2640/3047] https://www.myjobmag.co.ke/job/senior-officer-humanitarian-information-analyst-international-federation-of-red-cross-and-red-crescent-societies-ifrc
[2026-08-25 04:26:14] [2641/3047] https://www.myjobmag.co.ke/job/senior-officer-information-systems-audit-sidian-bank
[2026-08-25 04:26:16] [2642/3047] https://www.myjobmag.co.ke/job/senior-officer-operations-quality-and-delivery-analyst-international-federation-of-red-cross-and-red-crescent-societies-ifrc
[2026-08-25 04:26:19] [2643/3047] https://www.myjobmag.co.ke/job/senior-officer-payment-services-operations-senior-business-analyst-2-central-bank-of-kenya
[2026-08-25 04:26:22] [2644/3047] https://www.myjobmag.co.ke/job/senior-officer-payment-services-operations-senior-business-analyst-2-central-bank-of-kenya-1
[2026-08-25 04:26:24] [2645/3047] https://www.myjobmag.co.ke/job/senior-operational-excellence-and-quality-manager-m-kopa-solar
[2026-08-25 04:26:27] [2646/3047] https://www.myjobmag.co.ke/job/senior-oracle-database-administrator-sybyl-limited-1
[2026-08-25 04:26:30] [2647/3047] https://www.myjobmag.co.ke/job/senior-planning-officer-warehouse-receipt-system-council-wrsc
[2026-08-25 04:26:32] [2648/3047] https://www.myjobmag.co.ke/job/senior-platform-engineer-deimos-2
[2026-08-25 04:26:35] [2650/3047] https://www.myjobmag.co.ke/job/senior-policy-analyst-capacity-building-kenya-institute-for-public-policy-research-and-analysis-kippra-3
[2026-08-25 04:26:37] [2651/3047] https://www.myjobmag.co.ke/job/senior-policy-analyst-gender-special-groups-gender-special-groups-division-kenya-institute-for-public-policy-research-and-analysis-kippra
[2026-08-25 04:26:41] [2652/3047] https://www.myjobmag.co.ke/job/senior-policy-analyst-governance-kenya-institute-for-public-policy-research-and-analysis-kippra-1
[2026-08-25 04:26:43] [2653/3047] https://www.myjobmag.co.ke/job/senior-policy-analyst-infrastructure-and-economic-services-kenya-institute-for-public-policy-research-and-analysis-kippra-1
[2026-08-25 04:26:47] [2654/3047] https://www.myjobmag.co.ke/job/senior-policy-analyst-macroeconomics-2-posts-kenya-institute-for-public-policy-research-and-analysis-kippra
[2026-08-25 04:26:49] [2655/3047] https://www.myjobmag.co.ke/job/senior-policy-analyst-office-of-executive-director-kenya-institute-for-public-policy-research-and-analysis-kippra-1
[2026-08-25 04:26:52] [2656/3047] https://www.myjobmag.co.ke/job/senior-policy-analyst-partnerships-2-posts-kenya-institute-for-public-policy-research-and-analysis-kippra
[2026-08-25 04:26:55] [2657/3047] https://www.myjobmag.co.ke/job/senior-policy-analyst-productive-sector-2-posts-kenya-institute-for-public-policy-research-and-analysis-kippra
[2026-08-25 04:26:58] [2658/3047] https://www.myjobmag.co.ke/job/senior-policy-analyst-social-sector-kenya-institute-for-public-policy-research-and-analysis-kippra-1
[2026-08-25 04:27:00] [2659/3047] https://www.myjobmag.co.ke/job/senior-policy-analyst-trade-and-foreign-policy-kenya-institute-for-public-policy-research-and-analysis-kippra
[2026-08-25 04:27:03] [2660/3047] https://www.myjobmag.co.ke/job/senior-policy-analyst-wash-cross-cutting-wateraid-2
[2026-08-25 04:27:05] [2661/3047] https://www.myjobmag.co.ke/job/senior-post-doctorial-researcher-statistician-quantitative-lead-nairobi-kemya-medical-research-kemri
[2026-08-25 04:27:09] [2662/3047] https://www.myjobmag.co.ke/job/senior-product-engineer-decanters-alfa-laval
[2026-08-25 04:27:11] [2663/3047] https://www.myjobmag.co.ke/job/senior-product-manager-mobile-operator-data-givedirectly
[2026-08-25 04:27:14]   TECH: Senior Product Manager, Mobile Operator Data at GiveDirectly [Product & UX] [2025-08-13]
[2026-08-25 04:27:14] [2664/3047] https://www.myjobmag.co.ke/job/senior-product-manager-mobile-operator-data-indsafri-1
[2026-08-25 04:27:17]   TECH: Senior Product Manager, Mobile Operator Data at Indsafri [Product & UX] [2025-11-18]
[2026-08-25 04:27:17] [2665/3047] https://www.myjobmag.co.ke/job/senior-programme-officer-data-science-the-science-for-africa-foundation
[2026-08-25 04:27:19]   TECH: Senior Programme Officer - Data Science at The Science for Africa Foundation [Data & AI] [2025-11-10]
[2026-08-25 04:27:19] [2666/3047] https://www.myjobmag.co.ke/job/senior-qa-automation-engineer-watu-credit-limited
[2026-08-25 04:27:22] [2667/3047] https://www.myjobmag.co.ke/job/senior-qa-automation-lead-tana
[2026-08-25 04:27:24] [2668/3047] https://www.myjobmag.co.ke/job/senior-qa-engineer-tana
[2026-08-25 04:27:27]   TECH: Senior QA Engineer at Tana [QA & Testing] [2026-06-19]
[2026-08-25 04:27:27] [2669/3047] https://www.myjobmag.co.ke/job/senior-quality-assurance-specialist-indsafri-1
[2026-08-25 04:27:30]   TECH: Senior Quality Assurance Specialist at Indsafri [QA & Testing] [2026-07-21]
[2026-08-25 04:27:30] [2670/3047] https://www.myjobmag.co.ke/job/senior-quality-engineer-airtel
[2026-08-25 04:27:33] [2671/3047] https://www.myjobmag.co.ke/job/senior-react-developer-rainforest-alliance
[2026-08-25 04:27:36] [2672/3047] https://www.myjobmag.co.ke/job/senior-record-management-assistant-national-legal-aid-service-nlas
[2026-08-25 04:27:38] [2673/3047] https://www.myjobmag.co.ke/job/senior-records-management-officer-nandi-county
[2026-08-25 04:27:41] [2674/3047] https://www.myjobmag.co.ke/job/senior-regional-manager-monitoring-evaluation-research-and-learning-merl-world-university-service-of-canada-1
[2026-08-25 04:27:43] [2675/3047] https://www.myjobmag.co.ke/job/senior-research-analyst-madison-group-limited
[2026-08-25 04:27:46] [2676/3047] https://www.myjobmag.co.ke/job/senior-research-analysts-4-posts-national-crime-research-centre
[2026-08-25 04:27:49] [2677/3047] https://www.myjobmag.co.ke/job/senior-research-executive-nielseniq-10
[2026-08-25 04:27:51] [2678/3047] https://www.myjobmag.co.ke/job/senior-research-fellow-software-engineering-ai-university-of-nairobi
[2026-08-25 04:27:54] [2679/3047] https://www.myjobmag.co.ke/job/senior-rpa-developer-jubilee-insurance-2
[2026-08-25 04:27:56] [2680/3047] https://www.myjobmag.co.ke/job/senior-rpa-developer-re-advertisement-jubilee-insurance
[2026-08-25 04:27:59] [2681/3047] https://www.myjobmag.co.ke/job/senior-rpg-developer-cigna
[2026-08-25 04:28:01] [2682/3047] https://www.myjobmag.co.ke/job/senior-services-analyst-british-american-tobacco-bat
[2026-08-25 04:28:04] [2683/3047] https://www.myjobmag.co.ke/job/senior-site-reliability-engineer-deimos-4
[2026-08-25 04:28:07] [2684/3047] https://www.myjobmag.co.ke/job/senior-software-developer-flexi-personnel
[2026-08-25 04:28:09]   TECH: Senior Software Developer at Flexi-Personnel [Software & IT] [2026-07-23]
[2026-08-25 04:28:09] Checkpoint saved: 507 historical records
[2026-08-25 04:28:09] [2685/3047] https://www.myjobmag.co.ke/job/senior-software-developer-salix-data
[2026-08-25 04:28:12]   TECH: Senior Software Developer at Salix Data [Software & IT] [2026-06-25]
[2026-08-25 04:28:12] [2686/3047] https://www.myjobmag.co.ke/job/senior-software-engineer-backend-node-js-deimos-2
[2026-08-25 04:28:15]   TECH: Senior Software Engineer (Backend Node .js) at Deimos [Software & IT] [2026-05-18]
[2026-08-25 04:28:15] [2687/3047] https://www.myjobmag.co.ke/job/senior-software-engineer-cic-insurance
[2026-08-25 04:28:17]   TECH: Senior Software Engineer at CIC Insurance [Software & IT] [2026-06-08]
[2026-08-25 04:28:17] [2688/3047] https://www.myjobmag.co.ke/job/senior-software-engineer-cic-insurance-1
[2026-08-25 04:28:20]   TECH: Senior Software Engineer at CIC Insurance [Software & IT] [2026-06-22]
[2026-08-25 04:28:20] [2690/3047] https://www.myjobmag.co.ke/job/senior-software-engineer-full-stack-peach-payments-1
[2026-08-25 04:28:23]   TECH: Senior Software Engineer - Full Stack at Peach Payments [Software & IT] [2026-07-28]
[2026-08-25 04:28:23] [2692/3047] https://www.myjobmag.co.ke/job/senior-software-engineer-remote-givedirectly
[2026-08-25 04:28:25]   TECH: Senior Software Engineer (Remote) at GiveDirectly [Software & IT] [2026-05-07]
[2026-08-25 04:28:25] [2694/3047] https://www.myjobmag.co.ke/job/senior-software-engineer-solvo-global-1
[2026-08-25 04:28:28]   TECH: Senior Software Engineer at Solvo Global [Software & IT] [2026-08-19]
[2026-08-25 04:28:28] [2695/3047] https://www.myjobmag.co.ke/job/senior-software-engineer-tech-lead-zeraki
[2026-08-25 04:28:31]   TECH: Senior Software Engineer (Tech Lead) at Zeraki [Software & IT] [2026-05-12]
[2026-08-25 04:28:31] [2698/3047] https://www.myjobmag.co.ke/job/senior-solutions-architect-ms-dynamics-365-m-kopa-solar-2
[2026-08-25 04:28:34]   TECH: Senior Solutions Architect - MS Dynamics 365 at M-KOPA Solar [Software & IT] [2026-04-16]
[2026-08-25 04:28:34] [2699/3047] https://www.myjobmag.co.ke/job/senior-specialist-bi-developer-save-the-children
[2026-08-25 04:28:37] [2700/3047] https://www.myjobmag.co.ke/job/senior-specialist-business-analysis-save-the-children
[2026-08-25 04:28:39] [2701/3047] https://www.myjobmag.co.ke/job/senior-specialist-cloud-network-cyber-security-safaricom-kenya-1
[2026-08-25 04:28:42]   TECH: Senior Specialist – Cloud & Network Cyber Security at Safaricom Kenya [Cybersecurity] [2026-05-22]
[2026-08-25 04:28:42] Checkpoint saved: 517 historical records
[2026-08-25 04:28:42] [2703/3047] https://www.myjobmag.co.ke/job/senior-specialist-data-analytics-world-wide-fund-for-nature-wwf-kenya
[2026-08-25 04:28:44] [2704/3047] https://www.myjobmag.co.ke/job/senior-specialist-enterprise-analytics-cost-optimization-initiative-part-time-save-the-children
[2026-08-25 04:28:48] [2705/3047] https://www.myjobmag.co.ke/job/senior-specialist-erp-engineer-cellulant-corporation
[2026-08-25 04:28:50] [2706/3047] https://www.myjobmag.co.ke/job/senior-specialist-fusion-financials-fms-save-the-children
[2026-08-25 04:28:53] [2707/3047] https://www.myjobmag.co.ke/job/senior-specialist-it-internal-audit-accor
[2026-08-25 04:28:55] [2708/3047] https://www.myjobmag.co.ke/job/senior-statistical-programmer-fsp-iqvia
[2026-08-25 04:28:59]   TECH: Senior Statistical Programmer - FSP at IQVIA [Software & IT] [2026-03-27]
[2026-08-25 04:28:59] [2709/3047] https://www.myjobmag.co.ke/job/senior-statistical-programmer-fsp-iqvia-1
[2026-08-25 04:29:02]   TECH: Senior Statistical Programmer - FSP at IQVIA [Software & IT] [2026-04-22]
[2026-08-25 04:29:02] [2710/3047] https://www.myjobmag.co.ke/job/senior-statistical-programmer-iqvia-12
[2026-08-25 04:29:04]   TECH: Senior Statistical Programmer at IQVIA [Software & IT] [2025-08-26]
[2026-08-25 04:29:04] [2712/3047] https://www.myjobmag.co.ke/job/senior-statistician-ii-makueni-county-public-service-board
[2026-08-25 04:29:08] [2713/3047] https://www.myjobmag.co.ke/job/senior-statistician-statistics-division-kenya-institute-for-public-policy-research-and-analysis-kippra
[2026-08-25 04:29:10] [2714/3047] https://www.myjobmag.co.ke/job/senior-support-staff-ict-pwani-oil
[2026-08-25 04:29:13] [2715/3047] https://www.myjobmag.co.ke/job/senior-system-analyst-jubilee-insurance-1
[2026-08-25 04:29:16] [2716/3047] https://www.myjobmag.co.ke/job/senior-systems-auditor-nairobi-hospital
[2026-08-25 04:29:19] [2717/3047] https://www.myjobmag.co.ke/job/senior-systems-developer-christian-aid
[2026-08-25 04:29:21] [2718/3047] https://www.myjobmag.co.ke/job/senior-technical-business-systems-analyst-international-rescue-committee
[2026-08-25 04:29:24] [2719/3047] https://www.myjobmag.co.ke/job/senior-technical-lead-finsense-africa
[2026-08-25 04:29:26] [2720/3047] https://www.myjobmag.co.ke/job/senior-technical-program-manager-ezra
[2026-08-25 04:29:29] [2721/3047] https://www.myjobmag.co.ke/job/senior-technical-support-engineer-ntt-ltd
[2026-08-25 04:29:33] [2722/3047] https://www.myjobmag.co.ke/job/senior-technician-fibre-north-rift-valley-job-grade-2-1-hcs-affiliates-group
[2026-08-25 04:29:36] [2723/3047] https://www.myjobmag.co.ke/job/senior-technician-gsm-central-rift-valley-hcs-affiliates-group
[2026-08-25 04:29:38] [2724/3047] https://www.myjobmag.co.ke/job/senior-technician-gsm-central-rift-valley-job-grade-2-1-hcs-affiliates-group
[2026-08-25 04:29:41] [2725/3047] https://www.myjobmag.co.ke/job/sense-getaways-manager-atl-global-business
[2026-08-25 04:29:44] [2726/3047] https://www.myjobmag.co.ke/job/seo-specialist-doan-college-1
[2026-08-25 04:29:46] [2727/3047] https://www.myjobmag.co.ke/job/service-desk-team-leader-west-indian-ocean-cable-company-wiocc-1
[2026-08-25 04:29:49] [2728/3047] https://www.myjobmag.co.ke/job/service-management-team-leader-standard-bank-group
[2026-08-25 04:29:51] [2729/3047] https://www.myjobmag.co.ke/job/servicenow-administrator-international-rescue-committee
[2026-08-25 04:29:54] [2730/3047] https://www.myjobmag.co.ke/job/servicenow-secops-irm-architecture-lead-africa-kpmg
[2026-08-25 04:29:57] [2732/3047] https://www.myjobmag.co.ke/job/services-professional-applications-engineering-baker-hughes
[2026-08-25 04:29:59] [2733/3047] https://www.myjobmag.co.ke/job/shamiri-fellows-kiambu-shamiri-institute
[2026-08-25 04:30:02] [2734/3047] https://www.myjobmag.co.ke/job/shamiri-fellows-kisumu-shamiri-institute
[2026-08-25 04:30:04] [2735/3047] https://www.myjobmag.co.ke/job/shamiri-fellows-muranga-shamiri-institute
[2026-08-25 04:30:08] [2736/3047] https://www.myjobmag.co.ke/job/shamiri-hubs-data-and-tech-lead-kiambu-shamiri-institute
[2026-08-25 04:30:11] [2737/3047] https://www.myjobmag.co.ke/job/shamiri-hubs-data-and-tech-lead-kisumu-shamiri-institute
[2026-08-25 04:30:13] [2738/3047] https://www.myjobmag.co.ke/job/shamiri-hubs-data-and-tech-lead-machakos-shamiri-institute
[2026-08-25 04:30:16] [2739/3047] https://www.myjobmag.co.ke/job/shamiri-hubs-data-and-tech-lead-muranga-shamiri-institute
[2026-08-25 04:30:18] [2740/3047] https://www.myjobmag.co.ke/job/sharepoint-platform-engineer-world-vision-kenya
[2026-08-25 04:30:21] [2741/3047] https://www.myjobmag.co.ke/job/short-term-data-consultant-moringa-school
[2026-08-25 04:30:24] [2742/3047] https://www.myjobmag.co.ke/job/short-term-expert-knowledge-transfer-capacity-building-sustainet-group
[2026-08-25 04:30:26] [2743/3047] https://www.myjobmag.co.ke/job/short-term-expert-systems-integration-sustainet-group
[2026-08-25 04:30:29] [2744/3047] https://www.myjobmag.co.ke/job/short-term-qualitative-research-expert-african-institute-for-development-policy-afidep
[2026-08-25 04:30:31] [2745/3047] https://www.myjobmag.co.ke/job/site-reliability-engineer-sre-nathan-digital
[2026-08-25 04:30:34] [2746/3047] https://www.myjobmag.co.ke/job/snr-associate-systems-administrator-300-i-m-bank
[2026-08-25 04:30:37] [2747/3047] https://www.myjobmag.co.ke/job/soc-analyst-equity-bank-kenya
[2026-08-25 04:30:40] [2748/3047] https://www.myjobmag.co.ke/job/soc-analyst-prime-bank-kenya
[2026-08-25 04:30:43] [2749/3047] https://www.myjobmag.co.ke/job/soc-manager-prime-bank-kenya
[2026-08-25 04:30:45] [2750/3047] https://www.myjobmag.co.ke/job/social-media-intern-hotpoint-appliances-ltd-1
[2026-08-25 04:30:48] [2751/3047] https://www.myjobmag.co.ke/job/software-and-ai-engineering-internship-cytonn-investments
[2026-08-25 04:30:52] [2752/3047] https://www.myjobmag.co.ke/job/software-and-systems-sales-executive-cdl-human-resouce
[2026-08-25 04:30:54] [2753/3047] https://www.myjobmag.co.ke/job/software-developer-abc-bank-african-banking-corporation-limited-1
[2026-08-25 04:30:57]   TECH: Software Developer at ABC Bank (African Banking Corporation Limited) [Software & IT] [2026-04-28]
[2026-08-25 04:30:57] [2755/3047] https://www.myjobmag.co.ke/job/software-developer-britam-3
[2026-08-25 04:31:00]   TECH: Software Developer at Britam [Software & IT] [2026-06-22]
[2026-08-25 04:31:00] [2756/3047] https://www.myjobmag.co.ke/job/software-developer-cdl-human-resouce
[2026-08-25 04:31:02]   TECH: Software Developer at CDL Human Resource [Software & IT] [2026-05-07]
[2026-08-25 04:31:02] [2757/3047] https://www.myjobmag.co.ke/job/software-developer-in-test-sdet-safaricom-kenya
[2026-08-25 04:31:05]   TECH: Software Developer in Test(SDET) at Safaricom Kenya [Software & IT] [2026-05-07]
[2026-08-25 04:31:05] [2758/3047] https://www.myjobmag.co.ke/job/software-developer-intern-softclans-technologies-limited-7
[2026-08-25 04:31:08]   TECH: Software Developer Intern at Softclans Technologies Limited [Software & IT] [2026-06-05]
[2026-08-25 04:31:08] [2760/3047] https://www.myjobmag.co.ke/job/software-developer-opensrp-fhir-integration-digital-technology-delivery-palladium-international
[2026-08-25 04:31:10]   TECH: Software Developer (OpenSRP, FHIR Integration), Digital Technology & Delivery at Palladium International [Software & IT] [2026-05-21]
[2026-08-25 04:31:10] [2761/3047] https://www.myjobmag.co.ke/job/software-developer-solvo-global
[2026-08-25 04:31:13]   TECH: Software Developer at Solvo Global [Software & IT] [2026-04-28]
[2026-08-25 04:31:13] Checkpoint saved: 527 historical records
[2026-08-25 04:31:13] [2763/3047] https://www.myjobmag.co.ke/job/software-development-and-end-user-support-intern-bimas-kenya-limited-1
[2026-08-25 04:31:15]   TECH: Software Development and End User Support Intern at BIMAS Kenya Limited [Software & IT] [2026-05-07]
[2026-08-25 04:31:15] [2765/3047] https://www.myjobmag.co.ke/job/software-development-systems-engineering-financial-systems-safaricom-kenya
[2026-08-25 04:31:18]   TECH: Software Development & Systems Engineering (Financial Systems) at Safaricom Kenya [Software & IT] [2026-05-18]
[2026-08-25 04:31:18] [2767/3047] https://www.myjobmag.co.ke/job/software-engineer-african-management-institute-ami
[2026-08-25 04:31:21]   TECH: Software Engineer at African Management Institute (AMI) [Software & IT] [2026-05-29]
[2026-08-25 04:31:21] [2769/3047] https://www.myjobmag.co.ke/job/software-engineer-associate-salesforce-platform-aceli-africa
[2026-08-25 04:31:23]   TECH: Software Engineer, Associate, Salesforce Platform at Aceli Africa [Software & IT] [2026-07-24]
[2026-08-25 04:31:23] [2770/3047] https://www.myjobmag.co.ke/job/software-engineer-consultant-united-nations-environment-programme-unep
[2026-08-25 04:31:26]   TECH: Software Engineer (Consultant) at United Nations Environment Programme (UNEP) [Software & IT] [2026-07-06]
[2026-08-25 04:31:26] [2771/3047] https://www.myjobmag.co.ke/job/software-engineer-google-research-google
[2026-08-25 04:31:28]   TECH: Software Engineer, Google Research at Google [Software & IT] [2025-09-05]
[2026-08-25 04:31:28] [2773/3047] https://www.myjobmag.co.ke/job/software-engineer-ii-microsoft-13
[2026-08-25 04:31:31]   TECH: Software Engineer II at Microsoft [Software & IT] [2026-06-26]
[2026-08-25 04:31:31] [2774/3047] https://www.myjobmag.co.ke/job/software-engineer-intern-pezesha-1
[2026-08-25 04:31:34]   TECH: Software Engineer Intern at Pezesha [Software & IT] [2026-07-28]
[2026-08-25 04:31:34] [2775/3047] https://www.myjobmag.co.ke/job/software-engineer-one-acre-fund
[2026-08-25 04:31:37]   TECH: Software Engineer at One Acre Fund [Software & IT] [2026-04-17]
[2026-08-25 04:31:37] [2776/3047] https://www.myjobmag.co.ke/job/software-engineer-standard-bank-group-5
[2026-08-25 04:31:39]   TECH: Software Engineer at Standard Bank Group [Software & IT] [2026-07-24]
[2026-08-25 04:31:39] Checkpoint saved: 537 historical records
[2026-08-25 04:31:39] [2777/3047] https://www.myjobmag.co.ke/job/software-engineer-turaco-3
[2026-08-25 04:31:42]   TECH: Software Engineer at Turaco [Software & IT] [2026-04-18]
[2026-08-25 04:31:42] [2778/3047] https://www.myjobmag.co.ke/job/software-engineering-intern-burn
[2026-08-25 04:31:47] [2779/3047] https://www.myjobmag.co.ke/job/software-engineering-team-lead-m-kopa-solar-6
[2026-08-25 04:31:49] [2780/3047] https://www.myjobmag.co.ke/job/software-engineering-team-lead-m-kopa-solar-7
[2026-08-25 04:31:52] [2781/3047] https://www.myjobmag.co.ke/job/software-engineering-trainer-mediacrest-training-college-3
[2026-08-25 04:31:55] [2782/3047] https://www.myjobmag.co.ke/job/software-hardware-sales-executive-people-foco
[2026-08-25 04:32:01] [2783/3047] https://www.myjobmag.co.ke/job/software-implementation-consultant-revival-kenya-surtech-solutions
[2026-08-25 04:32:03] [2784/3047] https://www.myjobmag.co.ke/job/software-qa-burn
[2026-08-25 04:32:06] [2786/3047] https://www.myjobmag.co.ke/job/software-sales-executive-reeds-africa-consult-1
[2026-08-25 04:32:09] [2787/3047] https://www.myjobmag.co.ke/job/solar-inverter-battery-sales-and-installation-specialist-technical-sales-representatives-one-inverter
[2026-08-25 04:32:12] [2788/3047] https://www.myjobmag.co.ke/job/solution-architect-applications-integration-technology-hf-group
[2026-08-25 04:32:14]   TECH: Solution Architect – Applications & Integration - Technology at HFCB Kenya [Software & IT] [2026-07-29]
[2026-08-25 04:32:14] [2790/3047] https://www.myjobmag.co.ke/job/solution-architect-stratostaff-1
[2026-08-25 04:32:20]   TECH: Solution Architect at Stratostaff [Software & IT] [2026-06-15]
[2026-08-25 04:32:20] [2791/3047] https://www.myjobmag.co.ke/job/solution-architect-west-indian-ocean-cable-company-wiocc-2
[2026-08-25 04:32:23]   TECH: Solution Architect at West Indian Ocean Cable Company (WIOCC) [Software & IT] [2026-06-10]
[2026-08-25 04:32:23] [2792/3047] https://www.myjobmag.co.ke/job/solution-architect-west-indian-ocean-cable-company-wiocc-3
[2026-08-25 04:32:29]   TECH: Solution Architect at West Indian Ocean Cable Company (WIOCC) [Software & IT] [2026-06-15]
[2026-08-25 04:32:29] [2793/3047] https://www.myjobmag.co.ke/job/solution-area-specialists-manager-ai-business-microsoft
[2026-08-25 04:32:31] [2794/3047] https://www.myjobmag.co.ke/job/solutions-and-implementation-analyst-data-analytics-hf-group
[2026-08-25 04:32:37] [2795/3047] https://www.myjobmag.co.ke/job/solutions-architect-ai-enablement-co-operative-bank-of-kenya
[2026-08-25 04:32:40]   TECH: Solutions Architect – AI Enablement at Co-operative Bank of Kenya [Software & IT] [2026-05-11]
[2026-08-25 04:32:40] [2798/3047] https://www.myjobmag.co.ke/job/solutions-architect-swift-2
[2026-08-25 04:32:42]   TECH: Solutions Architect at SWIFT [Software & IT] [2026-07-02]
[2026-08-25 04:32:42] [2799/3047] https://www.myjobmag.co.ke/job/solutions-architect-symphony-1
[2026-08-25 04:32:47]   TECH: Solutions Architect at Symphony [Software & IT] [2025-08-29]
[2026-08-25 04:32:47] [2800/3047] https://www.myjobmag.co.ke/job/space-digital-infrastructure-officer-kenya-space-agency
[2026-08-25 04:32:50] [2801/3047] https://www.myjobmag.co.ke/job/spacial-data-scientist-remote-sensing-world-agroforestry-centre-icraf
[2026-08-25 04:32:52]   TECH: Spacial Data Scientist- Remote Sensing at World Agroforestry Centre (ICRAF) [Data & AI] [2025-09-10]
[2026-08-25 04:32:52] [2802/3047] https://www.myjobmag.co.ke/job/spatial-analysis-and-land-use-consultant-world-resources-institute-wri
[2026-08-25 04:32:57] [2803/3047] https://www.myjobmag.co.ke/job/spatial-data-analyst-un-habitat-3
[2026-08-25 04:33:00]   TECH: Spatial Data Analyst at UN-Habitat [Data & AI] [2025-10-30]
[2026-08-25 04:33:00] Checkpoint saved: 547 historical records
[2026-08-25 04:33:00] [2804/3047] https://www.myjobmag.co.ke/job/spatial-data-analyst-un-habitat-4
[2026-08-25 04:33:03]   TECH: Spatial Data Analyst at UN-Habitat [Data & AI] [2026-05-07]
[2026-08-25 04:33:03] [2805/3047] https://www.myjobmag.co.ke/job/spatial-data-application-developer-united-nations-environment-programme-unep
[2026-08-25 04:33:07]   TECH: Spatial Data Application Developer at United Nations Environment Programme (UNEP) [Software & IT] [2026-03-14]
[2026-08-25 04:33:07] [2806/3047] https://www.myjobmag.co.ke/job/specialist-application-development-aga-khan-university-hospital
[2026-08-25 04:33:10] [2807/3047] https://www.myjobmag.co.ke/job/specialist-bi-developer-ftc-until-31st-december-2025-save-the-children
[2026-08-25 04:33:13] [2808/3047] https://www.myjobmag.co.ke/job/specialist-bi-developer-save-the-children
[2026-08-25 04:33:17] [2809/3047] https://www.myjobmag.co.ke/job/specialist-business-analyst-save-the-children
[2026-08-25 04:33:20] [2810/3047] https://www.myjobmag.co.ke/job/specialist-data-engineer-absa-bank-limited
[2026-08-25 04:33:23]   TECH: Specialist Data Engineer at Absa Bank Limited [Data & AI] [2025-07-31]
[2026-08-25 04:33:23] [2811/3047] https://www.myjobmag.co.ke/job/specialist-data-engineer-absa-bank-limited-1
[2026-08-25 04:33:28]   TECH: Specialist Data Engineer at Absa Bank Limited [Data & AI] [2026-02-25]
[2026-08-25 04:33:28] [2812/3047] https://www.myjobmag.co.ke/job/specialist-data-engineer-ke-absa-bank-limited-2
[2026-08-25 04:33:30]   TECH: Specialist Data Engineer (KE) at Absa Bank Limited [Data & AI] [2026-03-02]
[2026-08-25 04:33:30] [2813/3047] https://www.myjobmag.co.ke/job/specialist-data-governance-save-the-children
[2026-08-25 04:33:33] [2814/3047] https://www.myjobmag.co.ke/job/specialist-fusion-financials-fms-save-the-children
[2026-08-25 04:33:40] [2815/3047] https://www.myjobmag.co.ke/job/specialist-i-data-operations-data-analyst-transunion
[2026-08-25 04:33:43]   TECH: Specialist I Data Operations (Data Analyst) at TransUnion [Data & AI] [2025-11-04]
[2026-08-25 04:33:43] [2816/3047] https://www.myjobmag.co.ke/job/specialist-it-platform-pos-support-ncba-group
[2026-08-25 04:33:45] [2817/3047] https://www.myjobmag.co.ke/job/specialist-it-platform-support-operations-ncba-group-2
[2026-08-25 04:33:54] [2818/3047] https://www.myjobmag.co.ke/job/specialist-online-learning-save-the-children
[2026-08-25 04:33:56] [2819/3047] https://www.myjobmag.co.ke/job/specialist-pos-engineer-ncba-group
[2026-08-25 04:33:59] [2820/3047] https://www.myjobmag.co.ke/job/specialist-process-engineer-absa-bank-limited
[2026-08-25 04:34:11] [2821/3047] https://www.myjobmag.co.ke/job/specialist-robotics-process-automation-ncba-group-3
[2026-08-25 04:34:14] [2822/3047] https://www.myjobmag.co.ke/job/specialists-operations-systems-seefar-1
[2026-08-25 04:34:16] [2823/3047] https://www.myjobmag.co.ke/job/splicing-technician-vsquared-networks
[2026-08-25 04:34:23] [2824/3047] https://www.myjobmag.co.ke/job/sr-clin-data-coordinator-iqvia
[2026-08-25 04:34:27] [2826/3047] https://www.myjobmag.co.ke/job/staff-database-administrator-wikimedia-foundation
[2026-08-25 04:34:33] [2828/3047] https://www.myjobmag.co.ke/job/statistician-economist-intern-county-government-of-nyeri
[2026-08-25 04:34:35] [2829/3047] https://www.myjobmag.co.ke/job/statistician-epidemiologist-international-centre-for-reproductive-health
[2026-08-25 04:34:38] [2830/3047] https://www.myjobmag.co.ke/job/statistician-graduate-trainee-btc-group
[2026-08-25 04:34:45] [2831/3047] https://www.myjobmag.co.ke/job/statistician-ii-2-posts-uasin-gishu-county
[2026-08-25 04:34:48] [2832/3047] https://www.myjobmag.co.ke/job/statistician-ii-posts-isiolo-county-government-1
[2026-08-25 04:34:50] [2833/3047] https://www.myjobmag.co.ke/job/statistician-kilifi-kemya-medical-research-kemri
[2026-08-25 04:34:56] [2834/3047] https://www.myjobmag.co.ke/job/statistician-outreach-administration-office-aga-khan-university-hospital
[2026-08-25 04:34:59] [2835/3047] https://www.myjobmag.co.ke/job/statisticians-agriculture-livestock-statistics-kenya-national-bureau-of-statistics-knbs
[2026-08-25 04:35:02] [2836/3047] https://www.myjobmag.co.ke/job/statisticians-field-services-3-posts-kenya-national-bureau-of-statistics-knbs
[2026-08-25 04:35:07] [2837/3047] https://www.myjobmag.co.ke/job/statisticians-fiscal-and-financial-statistics-2-posts-kenya-national-bureau-of-statistics-knbs
[2026-08-25 04:35:11] [2838/3047] https://www.myjobmag.co.ke/job/statisticians-industrial-statistics-3-posts-kenya-national-bureau-of-statistics-knbs
[2026-08-25 04:35:14] [2839/3047] https://www.myjobmag.co.ke/job/statisticians-labor-statistics-2-posts-kenya-national-bureau-of-statistics-knbs
[2026-08-25 04:35:19] [2840/3047] https://www.myjobmag.co.ke/job/statisticians-nutrition-environment-statistics-kenya-national-bureau-of-statistics-knbs
[2026-08-25 04:35:22] [2841/3047] https://www.myjobmag.co.ke/job/statisticians-sampling-standards-and-methods-5-posts-kenya-national-bureau-of-statistics-knbs
[2026-08-25 04:35:24] [2842/3047] https://www.myjobmag.co.ke/job/statisticians-social-statistics-2-posts-kenya-national-bureau-of-statistics-knbs
[2026-08-25 04:35:30] [2843/3047] https://www.myjobmag.co.ke/job/statisticians-tourism-transport-and-ict-statistics-2-posts-kenya-national-bureau-of-statistics-knbs
[2026-08-25 04:35:32] [2844/3047] https://www.myjobmag.co.ke/job/statistics-consultant-united-nations-environment-programme-unep-1
[2026-08-25 04:35:35] [2845/3047] https://www.myjobmag.co.ke/job/statistics-consultant-united-nations-environment-programme-unep-2
[2026-08-25 04:35:42] [2846/3047] https://www.myjobmag.co.ke/job/statistics-intern-kenya-revenue-authority-kra-1
[2026-08-25 04:35:51] [2847/3047] https://www.myjobmag.co.ke/job/statistics-interns-diageo
[2026-08-25 04:35:53] [2848/3047] https://www.myjobmag.co.ke/job/statistics-kenya-revenue-authority-kra-1
[2026-08-25 04:35:56] [2849/3047] https://www.myjobmag.co.ke/job/statistics-monitoring-evaluation-and-learning-mel-intern-1-position-frolics-of-hope-africa
[2026-08-25 04:36:04] [2850/3047] https://www.myjobmag.co.ke/job/statistics-officer-ii-10-posts-agriculture-and-food-authority-afa
[2026-08-25 04:36:06] [2851/3047] https://www.myjobmag.co.ke/job/steep-project-endline-evaluation-coordinator-cap-youth-empowerment-institute-kenya
[2026-08-25 04:36:09] [2852/3047] https://www.myjobmag.co.ke/job/stores-attendant-atl-global-business
[2026-08-25 04:36:15] [2853/3047] https://www.myjobmag.co.ke/job/strategy-analyst-absa-bank-limited
[2026-08-25 04:36:18] [2854/3047] https://www.myjobmag.co.ke/job/strategy-analyst-cic-insurance
[2026-08-25 04:36:20] [2855/3047] https://www.myjobmag.co.ke/job/strategy-analyst-cic-insurance-1
[2026-08-25 04:36:23] [2856/3047] https://www.myjobmag.co.ke/job/strategy-execution-business-analyst-orient-construction-and-interiors
[2026-08-25 04:36:26] [2857/3047] https://www.myjobmag.co.ke/job/strategy-lead-stratostaff
[2026-08-25 04:36:28] [2858/3047] https://www.myjobmag.co.ke/job/strategy-manager-m-kopa-solar-3
[2026-08-25 04:36:31] [2859/3047] https://www.myjobmag.co.ke/job/student-attachment-research-analytics-capital-markets-authority-cma
[2026-08-25 04:36:33] [2860/3047] https://www.myjobmag.co.ke/job/student-information-system-sis-intern-nova-pioneer
[2026-08-25 04:36:35] [2861/3047] https://www.myjobmag.co.ke/job/students-supervisor-master-in-learning-design-and-technology-the-open-university-of-kenya
[2026-08-25 04:36:38] [2863/3047] https://www.myjobmag.co.ke/job/students-supervisor-master-of-education-in-technology-education-the-open-university-of-kenya
[2026-08-25 04:36:40] [2866/3047] https://www.myjobmag.co.ke/job/students-supervisor-master-of-science-in-digital-services-management-the-open-university-of-kenya
[2026-08-25 04:36:43] [2867/3047] https://www.myjobmag.co.ke/job/supervisor-17
[2026-08-25 04:36:46] [2868/3047] https://www.myjobmag.co.ke/job/supervisor-ai-ml-data-annotation-av-adas-digital-divide-data
[2026-08-25 04:36:48] [2869/3047] https://www.myjobmag.co.ke/job/supervisor-network-technologies-sbm-bank
[2026-08-25 04:36:52] [2870/3047] https://www.myjobmag.co.ke/job/supervisors-master-of-data-science-the-open-university-of-kenya
[2026-08-25 04:36:55]   TECH: Supervisors - Master of Data Science at The Open University of Kenya [Data & AI] [2026-01-26]
[2026-08-25 04:36:55] [2871/3047] https://www.myjobmag.co.ke/job/supervisors-master-of-science-in-artificial-intelligence-the-open-university-of-kenya
[2026-08-25 04:36:59]   TECH: Supervisors - Master of Science in Artificial Intelligence at The Open University of Kenya [Data & AI] [2026-01-26]
[2026-08-25 04:36:59] [2872/3047] https://www.myjobmag.co.ke/job/supply-chain-data-and-planning-analyst-african-coffee-roasters-epz-limited
[2026-08-25 04:37:01] [2873/3047] https://www.myjobmag.co.ke/job/supply-chain-intern-basigo
[2026-08-25 04:37:05] [2874/3047] https://www.myjobmag.co.ke/job/support-engineer-financial-services-it-safaricom-kenya-3
[2026-08-25 04:37:08] [2875/3047] https://www.myjobmag.co.ke/job/support-specialist-fintech-pycs
[2026-08-25 04:37:10] [2876/3047] https://www.myjobmag.co.ke/job/surveying-gis-konza-technopolis-development-authority
[2026-08-25 04:37:15] [2877/3047] https://www.myjobmag.co.ke/job/sustainability-data-evaluation-co-ordinator-sucafina
[2026-08-25 04:37:18] [2878/3047] https://www.myjobmag.co.ke/job/system-administration-intern-2-posts-judicial-service-commission-1
[2026-08-25 04:37:22] [2879/3047] https://www.myjobmag.co.ke/job/system-administrator-and-support-officer-kimisitu-sacco
[2026-08-25 04:37:25]   TECH: System Administrator and Support Officer at Kimisitu Sacco [Software & IT] [2026-04-14]
[2026-08-25 04:37:25] [2883/3047] https://www.myjobmag.co.ke/job/system-administrator-united-nations
[2026-08-25 04:37:29]   TECH: System Administrator at United Nations [Software & IT] [2026-06-03]
[2026-08-25 04:37:29] Checkpoint saved: 557 historical records
[2026-08-25 04:37:29] [2884/3047] https://www.myjobmag.co.ke/job/system-analyst-jubilee-insurance-4
[2026-08-25 04:37:31] [2885/3047] https://www.myjobmag.co.ke/job/system-and-infrastructure-officer-royal-mabati-factory
[2026-08-25 04:37:36] [2886/3047] https://www.myjobmag.co.ke/job/system-auditor-tower-sacco
[2026-08-25 04:37:39] [2887/3047] https://www.myjobmag.co.ke/job/system-developer-grade-xi-3-posts-egerton-university
[2026-08-25 04:37:44] [2888/3047] https://www.myjobmag.co.ke/job/system-developer-tenwek-hospital-1
[2026-08-25 04:37:47] [2889/3047] https://www.myjobmag.co.ke/job/system-internal-auditor-the-nyeri-national-polytechnic
[2026-08-25 04:37:54] [2890/3047] https://www.myjobmag.co.ke/job/system-security-officer-hazina-sacco-society-ltd
[2026-08-25 04:37:57] [2891/3047] https://www.myjobmag.co.ke/job/system-support-engineer-intern-coseke
[2026-08-25 04:38:01] [2892/3047] https://www.myjobmag.co.ke/job/system-support-engineer-internship-coseke
[2026-08-25 04:38:04] [2894/3047] https://www.myjobmag.co.ke/job/systems-administrator-family-bank-ltd
[2026-08-25 04:38:07]   TECH: Systems Administrator at Family Bank Ltd [Software & IT] [2026-06-25]
[2026-08-25 04:38:07] [2895/3047] https://www.myjobmag.co.ke/job/systems-administrator-hf-group
[2026-08-25 04:38:11]   TECH: Systems Administrator at HFCB Kenya [Software & IT] [2026-07-29]
[2026-08-25 04:38:11] [2896/3047] https://www.myjobmag.co.ke/job/systems-administrator-p-c-e-a-tumutumu-hospital
[2026-08-25 04:38:14] [2897/3047] https://www.myjobmag.co.ke/job/systems-and-app-developer-victory-farms
[2026-08-25 04:38:21] [2898/3047] https://www.myjobmag.co.ke/job/systems-and-app-developer-victory-farms-1
[2026-08-25 04:38:24] [2899/3047] https://www.myjobmag.co.ke/job/systems-and-app-developer-victory-farms-2
[2026-08-25 04:38:33] [2900/3047] https://www.myjobmag.co.ke/job/systems-data-management-officer-phoenix-capital
[2026-08-25 04:38:35] [2901/3047] https://www.myjobmag.co.ke/job/systems-developer-express-shipping-amp-logistics-ea-limited-esl
[2026-08-25 04:38:40] [2902/3047] https://www.myjobmag.co.ke/job/systems-engineering-data-analyst-zipline-3
[2026-08-25 04:38:43]   TECH: Systems Engineering Data Analyst at Zipline [Data & AI] [2025-08-08]
[2026-08-25 04:38:43] [2903/3047] https://www.myjobmag.co.ke/job/systems-lead-victory-farms
[2026-08-25 04:38:48] [2904/3047] https://www.myjobmag.co.ke/job/t24-analyst-application-support-standard-bank-group-1
[2026-08-25 04:38:51] [2905/3047] https://www.myjobmag.co.ke/job/teacher-computer-studies-aga-khan-education-service-kenya-akesk
[2026-08-25 04:38:57] [2906/3047] https://www.myjobmag.co.ke/job/teacher-early-childhood-development-part-time-strong-start-limited
[2026-08-25 04:39:00] [2907/3047] https://www.myjobmag.co.ke/job/teacher-ict-mathematics-nexa-international-school
[2026-08-25 04:39:05] [2908/3047] https://www.myjobmag.co.ke/job/teacher-librarian-aga-khan-education-service-kenya-akesk-2
[2026-08-25 04:39:10] [2909/3047] https://www.myjobmag.co.ke/job/teacher-librarian-aga-khan-education-service-kenya-akesk-3
[2026-08-25 04:39:12] [2910/3047] https://www.myjobmag.co.ke/job/teacher-mathematics-computer-studies-talent-grid-africa
[2026-08-25 04:39:20] [2911/3047] https://www.myjobmag.co.ke/job/teacher-of-computer-ict-kitengela-international-school
[2026-08-25 04:39:22] [2912/3047] https://www.myjobmag.co.ke/job/teacher-of-digital-design-aga-khan-education-service-kenya-akesk
[2026-08-25 04:39:28] [2913/3047] https://www.myjobmag.co.ke/job/teacher-of-maths-digital-learning-ict-or-science-kipepeo-school
[2026-08-25 04:39:31] [2914/3047] https://www.myjobmag.co.ke/job/team-leader-business-systems-bank-of-africa-kenya-limited
[2026-08-25 04:39:35] [2915/3047] https://www.myjobmag.co.ke/job/team-leader-fibre-thika-nairobi-region-hcs-affiliates-group
[2026-08-25 04:39:38] [2916/3047] https://www.myjobmag.co.ke/job/team-leader-knowledge-hub-world-agroforestry-centre-icraf
[2026-08-25 04:39:41] [2917/3047] https://www.myjobmag.co.ke/job/team-leader-monitoring-and-evaluation-expert-pars-research
[2026-08-25 04:39:44] [2918/3047] https://www.myjobmag.co.ke/job/team-leader-reeds-africa-consult
[2026-08-25 04:39:47] [2919/3047] https://www.myjobmag.co.ke/job/tech-ai-intern-belva-digital
[2026-08-25 04:39:49] [2920/3047] https://www.myjobmag.co.ke/job/tech-lead-android-experience-engineering-watu-credit-limited
[2026-08-25 04:39:58] [2921/3047] https://www.myjobmag.co.ke/job/tech-support-officer-sifa-educate
[2026-08-25 04:40:03] [2922/3047] https://www.myjobmag.co.ke/job/tech-support-officer-sifa-educate-1
[2026-08-25 04:40:07] [2923/3047] https://www.myjobmag.co.ke/job/technical-account-manager-solutions-engineer-tana
[2026-08-25 04:40:09] [2924/3047] https://www.myjobmag.co.ke/job/technical-account-manager-tana-1
[2026-08-25 04:40:14] [2925/3047] https://www.myjobmag.co.ke/job/technical-advisor-cost-analysis-care-international
[2026-08-25 04:40:19] [2926/3047] https://www.myjobmag.co.ke/job/technical-advisor-cost-analysis-care-international-1
[2026-08-25 04:40:21] [2927/3047] https://www.myjobmag.co.ke/job/technical-customer-support-analyst-cigna-3
[2026-08-25 04:40:26] [2928/3047] https://www.myjobmag.co.ke/job/technical-data-fellow-dalberg
[2026-08-25 04:40:28] [2929/3047] https://www.myjobmag.co.ke/job/technical-draftsperson
[2026-08-25 04:40:35] [2930/3047] https://www.myjobmag.co.ke/job/technical-fisheries-junior-manager-blue-ventures
[2026-08-25 04:40:42] [2931/3047] https://www.myjobmag.co.ke/job/technical-lead-ai-edtech-in-emergencies-international-rescue-committee
[2026-08-25 04:40:45] [2932/3047] https://www.myjobmag.co.ke/job/technical-lead-pycs
[2026-08-25 04:40:53] [2933/3047] https://www.myjobmag.co.ke/job/technical-officer-monitoring-evaluation-learning-mel-wetlands-international
[2026-08-25 04:40:56] [2934/3047] https://www.myjobmag.co.ke/job/technical-operator-i-digital-divide-data
[2026-08-25 04:40:58] [2935/3047] https://www.myjobmag.co.ke/job/technical-operator-ii-digital-divide-data
[2026-08-25 04:41:03] [2936/3047] https://www.myjobmag.co.ke/job/technical-program-manager-living-goods
[2026-08-25 04:41:05] [2937/3047] https://www.myjobmag.co.ke/job/technical-project-manager-energy-access-gis-french-speaking-vida-1
[2026-08-25 04:41:08] [2938/3047] https://www.myjobmag.co.ke/job/technical-proposal-bid-specialist-abno-softwares-international
[2026-08-25 04:41:11] [2939/3047] https://www.myjobmag.co.ke/job/technical-sales-specialist-cyber-security-liquid-intelligent-technologies-1
[2026-08-25 04:41:15]   TECH: Technical Sales Specialist (Cyber Security) at Liquid Intelligent Technologies [Cybersecurity] [2026-06-04]
[2026-08-25 04:41:15] [2940/3047] https://www.myjobmag.co.ke/job/technical-support-agent-l1-influx
[2026-08-25 04:41:19] [2941/3047] https://www.myjobmag.co.ke/job/technical-support-agent-l2-influx
[2026-08-25 04:41:24] [2942/3047] https://www.myjobmag.co.ke/job/technical-support-agent-tier-2-influx
[2026-08-25 04:41:29] [2944/3047] https://www.myjobmag.co.ke/job/technical-support-engineer-l2-ntt-ltd-1
[2026-08-25 04:41:31] [2945/3047] https://www.myjobmag.co.ke/job/technical-support-officer-mobilehub-kenya
[2026-08-25 04:41:34] [2946/3047] https://www.myjobmag.co.ke/job/technical-support-representative-solvo-global
[2026-08-25 04:41:42] [2947/3047] https://www.myjobmag.co.ke/job/technical-support-services-makueni-county-public-service-board
[2026-08-25 04:41:44] [2948/3047] https://www.myjobmag.co.ke/job/technical-system-analyst-intern-softclans-technologies-limited
[2026-08-25 04:41:47] [2949/3047] https://www.myjobmag.co.ke/job/technician-computing-and-informatics-department-siaya-national-polytechnic
[2026-08-25 04:41:50] [2950/3047] https://www.myjobmag.co.ke/job/technologist-i-statistics-mathematics-2-posts-technical-university-of-mombasa
[2026-08-25 04:41:54] [2951/3047] https://www.myjobmag.co.ke/job/technologists-computer-science-university-of-eldoret
[2026-08-25 04:41:57] [2952/3047] https://www.myjobmag.co.ke/job/technology-and-earthranger-administrator-pian-upe-wildlife-reserve-space-for-giants
[2026-08-25 04:42:05] [2953/3047] https://www.myjobmag.co.ke/job/technology-and-innovation-makueni-county-public-service-board
[2026-08-25 04:42:07] [2954/3047] https://www.myjobmag.co.ke/job/technology-business-intelligence-lead-stratostaff
[2026-08-25 04:42:10] [2955/3047] https://www.myjobmag.co.ke/job/technology-change-enablement-analyst-absa-bank-limited
[2026-08-25 04:42:13] [2956/3047] https://www.myjobmag.co.ke/job/technology-consulting-associates-ernst-amp-young
[2026-08-25 04:42:15] [2957/3047] https://www.myjobmag.co.ke/job/technology-for-development-t4d-senior-director-mercy-corps
[2026-08-25 04:42:18] [2959/3047] https://www.myjobmag.co.ke/job/technology-performance-manager-kcb-bank-kenya-1
[2026-08-25 04:42:20] [2960/3047] https://www.myjobmag.co.ke/job/technology-risk-and-cybersecurity-manager-cic-insurance
[2026-08-25 04:42:23]   TECH: Technology Risk and Cybersecurity Manager at CIC Insurance [Cybersecurity] [2026-04-22]
[2026-08-25 04:42:23] [2961/3047] https://www.myjobmag.co.ke/job/technology-senior-auditor-citi
[2026-08-25 04:42:25] [2962/3047] https://www.myjobmag.co.ke/job/technology-training-assistant-african-advanced-level-telecommunications-institute
[2026-08-25 04:42:28] [2963/3047] https://www.myjobmag.co.ke/job/temporary-assistant-research-analytics-2-positions-capital-markets-authority-cma
[2026-08-25 04:42:30] [2964/3047] https://www.myjobmag.co.ke/job/temporary-data-clerk-path
[2026-08-25 04:42:33] [2965/3047] https://www.myjobmag.co.ke/job/temporary-remote-sensing-officer-world-agroforestry-centre-icraf
[2026-08-25 04:42:35] [2966/3047] https://www.myjobmag.co.ke/job/terms-of-reference-tor-for-end-term-evaluation-of-self-paced-chps-e-learning-study-living-goods
[2026-08-25 04:42:38] [2967/3047] https://www.myjobmag.co.ke/job/test-analyst-ncba-group
[2026-08-25 04:42:40] [2968/3047] https://www.myjobmag.co.ke/job/test-automation-engineer-ncba-group
[2026-08-25 04:42:44] [2969/3047] https://www.myjobmag.co.ke/job/test-engineer-maternity-cover-save-the-children
[2026-08-25 04:42:46] [2970/3047] https://www.myjobmag.co.ke/job/tier-1-it-helpdesk-or-msp-support-agent-solvo-global
[2026-08-25 04:42:49] [2971/3047] https://www.myjobmag.co.ke/job/time-attendance-assistant-sheer-logistics
[2026-08-25 04:42:51] [2972/3047] https://www.myjobmag.co.ke/job/tooling-automation-lead-africa-kpmg
[2026-08-25 04:42:54] [2973/3047] https://www.myjobmag.co.ke/job/tracking-technical-administrator-securex
[2026-08-25 04:42:57] [2974/3047] https://www.myjobmag.co.ke/job/trade-analyst-absa-bank-limited
[2026-08-25 04:43:00] [2975/3047] https://www.myjobmag.co.ke/job/trade-development-officer-i-weight-and-measures-officer-nandi-county
[2026-08-25 04:43:02] [2976/3047] https://www.myjobmag.co.ke/job/trade-development-representative-tdr-eldoret-cbd-hcs-affiliates-group-1
[2026-08-25 04:43:05] [2977/3047] https://www.myjobmag.co.ke/job/trainee-data-analytics-developer-sybyl-limited
[2026-08-25 04:43:08] [2978/3047] https://www.myjobmag.co.ke/job/trainee-dealer-cotes-du-rhone-limited-1
[2026-08-25 04:43:10] [2979/3047] https://www.myjobmag.co.ke/job/trainee-planter-program-digital-systems-plantation-technology-browns-plantations
[2026-08-25 04:43:13] [2980/3047] https://www.myjobmag.co.ke/job/trainee-program-ai-kcb-bank-kenya
[2026-08-25 04:43:15] [2981/3047] https://www.myjobmag.co.ke/job/trainee-program-cyber-security-kcb-bank-kenya
[2026-08-25 04:43:18]   TECH: Trainee Program - Cyber Security at KCB Bank Kenya [Cybersecurity] [2026-06-20]
[2026-08-25 04:43:18] [2982/3047] https://www.myjobmag.co.ke/job/trainee-program-data-analytics-kcb-bank-kenya
[2026-08-25 04:43:21] [2983/3047] https://www.myjobmag.co.ke/job/trainee-program-economics-kcb-bank-kenya
[2026-08-25 04:43:24] [2984/3047] https://www.myjobmag.co.ke/job/trainee-program-it-kcb-bank-kenya
[2026-08-25 04:43:26] [2985/3047] https://www.myjobmag.co.ke/job/trainee-program-software-engineering-kcb-bank-kenya
[2026-08-25 04:43:29] [2986/3047] https://www.myjobmag.co.ke/job/trainee-program-statistics-kcb-bank-kenya
[2026-08-25 04:43:32] [2987/3047] https://www.myjobmag.co.ke/job/trainer-adec-kenya-services-epz-limited-adec-kenya
[2026-08-25 04:43:34] [2988/3047] https://www.myjobmag.co.ke/job/trainer-computing-informatics-department-siaya-national-polytechnic
[2026-08-25 04:43:37] [2989/3047] https://www.myjobmag.co.ke/job/trainer-computing-informatics-department-siaya-national-polytechnic-1
[2026-08-25 04:43:39] [2990/3047] https://www.myjobmag.co.ke/job/trainer-economics-statistics-kaimosi-friends-national-polytechnic
[2026-08-25 04:43:43] [2991/3047] https://www.myjobmag.co.ke/job/trainers-applied-statistics-shamberere-training
[2026-08-25 04:43:45] [2992/3047] https://www.myjobmag.co.ke/job/trainers-ict-trainer-muraga-technical-training-institut
[2026-08-25 04:43:50] [2993/3047] https://www.myjobmag.co.ke/job/trainers-statistics-and-or-economics-3-posts-ramogi-institute-of-advanced-technology
[2026-08-25 04:43:52] [2994/3047] https://www.myjobmag.co.ke/job/treasury-business-analyst-equity-bank-kenya
[2026-08-25 04:43:55] [2995/3047] https://www.myjobmag.co.ke/job/tupande-automation-engineering-lead-fixed-term-one-acre-fund
[2026-08-25 04:43:57] [2996/3047] https://www.myjobmag.co.ke/job/tupande-automation-engineering-lead-one-acre-fund
[2026-08-25 04:44:00] [2997/3047] https://www.myjobmag.co.ke/job/tupande-data-entry-clerk-fixed-term-one-acre-fund
[2026-08-25 04:44:03] [2998/3047] https://www.myjobmag.co.ke/job/tupande-inventory-and-data-management-rural-retail-senior-supervisor-one-acre-fund-1
[2026-08-25 04:44:05] [2999/3047] https://www.myjobmag.co.ke/job/tupande-inventory-and-data-management-rural-retail-senior-supervisor-one-acre-fund-2
[2026-08-25 04:44:08] [3000/3047] https://www.myjobmag.co.ke/job/tupande-market-access-extension-and-aggregation-specialist-data-execution-support-fixed-term-one-acre-fund
[2026-08-25 04:44:10] [3001/3047] https://www.myjobmag.co.ke/job/tupande-market-access-extension-and-aggregation-specialist-data-execution-support-fixed-term-one-acre-fund-1
[2026-08-25 04:44:13] [3002/3047] https://www.myjobmag.co.ke/job/tupande-mel-data-senior-supervisor-one-acre-fund
[2026-08-25 04:44:15] [3003/3047] https://www.myjobmag.co.ke/job/tupande-sap-admin-ops-qc-coordinator-one-acre-fund
[2026-08-25 04:44:18] [3004/3047] https://www.myjobmag.co.ke/job/tutorial-fellow-computer-science-university-of-embu
[2026-08-25 04:44:20] [3005/3047] https://www.myjobmag.co.ke/job/tutorial-fellow-cyber-security-university-of-embu-1
[2026-08-25 04:44:23]   TECH: Tutorial Fellow Cyber Security at University of Embu [Cybersecurity] [2026-04-20]
[2026-08-25 04:44:23] [3006/3047] https://www.myjobmag.co.ke/job/tutorial-fellow-data-analytics-zetech-university
[2026-08-25 04:44:26] [3008/3047] https://www.myjobmag.co.ke/job/tutorial-fellow-economics-zetech-university-1
[2026-08-25 04:44:28] [3009/3047] https://www.myjobmag.co.ke/job/tutorial-fellow-grade-xi-computer-programming-java-and-c-masinde-muliro-university-of-science-amp-technology-mmust-1
[2026-08-25 04:44:31] [3010/3047] https://www.myjobmag.co.ke/job/tutorial-fellow-grade-xi-robotics-and-instrumentation-masinde-muliro-university-of-science-amp-technology-mmust-1
[2026-08-25 04:44:33] [3011/3047] https://www.myjobmag.co.ke/job/tutorial-fellow-health-information-management-kenyatta-university
[2026-08-25 04:44:36] [3012/3047] https://www.myjobmag.co.ke/job/tutorial-fellow-health-records-information-management-alupe-university-college
[2026-08-25 04:44:39] [3013/3047] https://www.myjobmag.co.ke/job/tutorial-fellow-information-technology-zetech-university-2
[2026-08-25 04:44:42] [3014/3047] https://www.myjobmag.co.ke/job/tutorial-fellow-software-engineering-school-of-computing-informatics-thika-campus-mount-kenya-university
[2026-08-25 04:44:44] [3015/3047] https://www.myjobmag.co.ke/job/tutorial-fellow-subject-methods-computer-studies-mount-kenya-university
[2026-08-25 04:44:47] [3016/3047] https://www.myjobmag.co.ke/job/tutors-ict-goshen-medical-technical-college
[2026-08-25 04:44:49] [3017/3047] https://www.myjobmag.co.ke/job/tvet-trainer-applied-statistics-9-posts-jaramogi-oginga-odinga-university-of-science-and-technology
[2026-08-25 04:44:52] [3018/3047] https://www.myjobmag.co.ke/job/tvet-trainer-computer-science-murang-rsquo-a-university-of-technology
[2026-08-25 04:44:54] [3019/3047] https://www.myjobmag.co.ke/job/tvet-trainer-information-technology-murang-rsquo-a-university-of-technology
[2026-08-25 04:44:57] [3021/3047] https://www.myjobmag.co.ke/job/urban-observatory-and-data-systems-specialist-un-habitat
[2026-08-25 04:44:59] [3022/3047] https://www.myjobmag.co.ke/job/user-experience-ux-engineer-rainforest-alliance
[2026-08-25 04:45:02] [3023/3047] https://www.myjobmag.co.ke/job/ux-ui-designer-pavago
[2026-08-25 04:45:05]   TECH: UX/UI Designer at Pavago [Product & UX] [2026-04-21]
[2026-08-25 04:45:05] [3024/3047] https://www.myjobmag.co.ke/job/velocity-asset-enablement-lead-africa-kpmg
[2026-08-25 04:45:07] [3025/3047] https://www.myjobmag.co.ke/job/vendor-development-line-manager-ericsson
[2026-08-25 04:45:10] [3026/3047] https://www.myjobmag.co.ke/job/vetting-officer-save-the-children
[2026-08-25 04:45:12] [3027/3047] https://www.myjobmag.co.ke/job/virtual-assistant-va-trainer-mediacrest-training-college
[2026-08-25 04:45:15] [3028/3047] https://www.myjobmag.co.ke/job/volunteer-faculty-computer-information-technology-africa-nazarene-university-anu
[2026-08-25 04:45:17] [3029/3047] https://www.myjobmag.co.ke/job/vp-technology-learning-moringa-school
[2026-08-25 04:45:20] [3030/3047] https://www.myjobmag.co.ke/job/wash-infrastructure-specialists-water-lens
[2026-08-25 04:45:22] [3031/3047] https://www.myjobmag.co.ke/job/wbg-pioneer-sparc-for-conflict-affected-and-reconstruction-contexts-intern-world-bank-group
[2026-08-25 04:45:25] [3032/3047] https://www.myjobmag.co.ke/job/web-administrator-talent-grid-africa
[2026-08-25 04:45:27] [3033/3047] https://www.myjobmag.co.ke/job/web-developer-kenya-tea-development-agency-ms-ltd
[2026-08-25 04:45:30]   TECH: Web Developer at Kenya Tea Development Agency (MS) Ltd [Software & IT] [2026-06-19]
[2026-08-25 04:45:30] [3034/3047] https://www.myjobmag.co.ke/job/web-developer-nairobi-kenya-united-nations-environment-programme-unep
[2026-08-25 04:45:32]   TECH: Web Developer, Nairobi, Kenya at United Nations Environment Programme (UNEP) [Software & IT] [2026-07-22]
[2026-08-25 04:45:32] Checkpoint saved: 567 historical records
[2026-08-25 04:45:32] [3036/3047] https://www.myjobmag.co.ke/job/web-developer-solvo-global
[2026-08-25 04:45:35]   TECH: Web Developer at Solvo Global [Software & IT] [2026-06-18]
[2026-08-25 04:45:35] [3037/3047] https://www.myjobmag.co.ke/job/web-development-intern-2-posts-judicial-service-commission
[2026-08-25 04:45:37] [3038/3047] https://www.myjobmag.co.ke/job/web-development-intern-host-masters-limited
[2026-08-25 04:45:40] [3039/3047] https://www.myjobmag.co.ke/job/website-manager-and-designer-the-pharo-foundation
[2026-08-25 04:45:43] [3040/3047] https://www.myjobmag.co.ke/job/website-officer-p3-united-nations-environment-programme-unep
[2026-08-25 04:45:45] [3041/3047] https://www.myjobmag.co.ke/job/wfm-real-time-analyst-teleperformance-teleperformance
[2026-08-25 04:45:48] [3042/3047] https://www.myjobmag.co.ke/job/wildlife-data-specialist-united-nations-environment-programme-unep
[2026-08-25 04:45:50] [3044/3047] https://www.myjobmag.co.ke/job/workflow-data-coordinator-flyflat
[2026-08-25 04:45:53] [3045/3047] https://www.myjobmag.co.ke/job/workforce-management-wfm-analyst-i-teleperformance-teleperformance
[2026-08-25 04:45:55] [3046/3047] https://www.myjobmag.co.ke/job/youth-polytechnic-instructor-iii-ict-4-nakuru-county-government
[2026-08-25 04:45:58] [3047/3047] https://www.myjobmag.co.ke/job/zone-supervisor-reeds-africa-consult
[2026-08-25 04:46:01] Checkpoint saved: 568 historical records
[2026-08-25 04:46:01] Loaded existing historical records: 568
[2026-08-25 04:46:01] 
[2026-08-25 04:46:01] ======================================================================
[2026-08-25 04:46:01] HISTORICAL COLLECTION COMPLETE
[2026-08-25 04:46:01] ======================================================================
[2026-08-25 04:46:01] Historical tech jobs: 568
[2026-08-25 04:46:01] Skipped existing: 171
[2026-08-25 04:46:01] Failed downloads: 0
[2026-08-25 04:46:01] 
[2026-08-25 04:46:01] BY CATEGORY
[2026-08-25 04:46:01] tech_category
Data & AI         266
Software & IT     194
Cybersecurity      43
QA & Testing       24
Networking         16
Product & UX       15
Cloud & DevOps     10
[2026-08-25 04:46:01] 
[2026-08-25 04:46:01] DATE COVERAGE
[2026-08-25 04:46:01] Records with date: 1 / 568
[2026-08-25 04:46:01] Earliest: 2026-07-27
[2026-08-25 04:46:01] Latest: 2026-07-27
[2026-08-25 04:46:01] 
[2026-08-25 04:46:01] Saved to: data/raw/myjobmag_historical_jobs.csv
[2026-08-25 04:46:01] 
[2026-08-25 04:46:01] You can safely restart this script.
[2026-08-25 04:46:01] It will continue from the checkpoints.
