job_id,source,source_job_id,job_title,company,job_description,location,country,work_mode,remote_scope,job_field,industry,employment_type,experience_required,education_required,salary,currency,date_posted,application_deadline,tech_category,vacancy_url,scraped_at
a9942b48e8f62880,hotnigerianjobs,949591,PZ Cussons Nigeria Limited Job Recruitment (5 Positions),,"PZ Cussons Nigeria Limited Job Recruitment (5 Positions) Cutting-Edge International Academy Job Recruitment (13 Positions) Redeemer's 103.5 FM Volunteer & Exp. Job Recruitment (7 Positions) Contemporary Group Limited (CGL) Job Recruitment (3 Positions) The Impeccable Skills Company Job Recruitment (3 Positions) HNJ Exclusive Job GOODY Bag - AUGUST Week FOUR UPDATE! Noble Guide Academy Job Recruitment (3 Positions) Telic International Academy Job Recruitment (7 Positions) Mater Purissima Secondary School Job Recruitment (8 Positions) TheHRHive Job Recruitment (4 Positions) PGE Travels and Education Consulting Graduate, Internship & Exp. Job Recruitment (4 Positions) Baker Hughes Job Recruitment (6 Positions) Latest Graduate & Management Trainee Job Recruitment in Nigeria - HNJobs (Weekly Recap) HNJobs (Recap): Remote / Work-At-Home Job Opportunities Homeland Integrated Offshore Services Job Recruitment (4 Positions) Atis Limited Graduate & Exp. Job Recruitment (3 Positions) United Nations International Children's Emergency Fund (UNICEF) Job Recruitment (3 Positions) Latest Oil & Gas Job Opportunities in Nigeria - HNJ Exclusive Latest Customer Service / Front Desk Job Recruitment in Nigeria - HNJobs (Weekly Recap) LEAM Consulting Limited Job Recruitment (29 Positions) HNJobs (Recap): Federal / State Government Job Opportunities - HNJ Exclusive Applinet Technology Job Recruitment (11 Positions) Latest Entry-level & Internship Job Recruitment in Nigeria - HNJobs (Weekly Recap) Brint Online Schools Job Recruitment (7 Positions) HNJobs (Recap): International Agency / NGO / Multinational Job Opportunities - HNJ Exclusive Geoplex Drillteq Limited Job Recruitment (6 Positions) Promasidor Nigeria Job Recruitment (3 Positions) Center for Humanitarian Impact and Development (C-HID) Job Recruitment (4 Positions) LinkOrgNetwork Limited Job Recruitment (4 Positions) Dorisfit Gym and SPA Job Recruitment (11 Positions) Medical Diagnostic Centre Job Recruitment (8 Positions) - Cuanu Consult Limited Royal Resource Digital Services Job Recruitment (4 Positions) Terawork Job Recruitment (3 Positions) Kiyix Recruitment Hub Job Recruitment (7 Positions) Fiphs Infrastructure Limited Entry Level & Exp. Job Recruitment (6 Positions) KCH Consumer Healthcare Limited Job Recruitment (4 Positions) CWW Tech Africa Job Recruitment (10 Positions) The Milk Booster Job Recruitment (3 Positions) OCA Consulting Job Recruitment (6 Positions) Femywalsh Limited NYSC, Internship & Exp. Job Recruitment (9 Positions) The Label Store Job Recruitment (3 Positions) Mapemond Resource Job Recruitment (6 Positions) Rand Merchant Bank (RMB) Graduate Job Recruitment (10 Positions) MartGlobal Limited Trainee & Exp. Job Recruitment (4 Positions) Engee PET Manufacturing Company Nigeria Limited Job Recruitment (3 Positions) Malaria Consortium Job Recruitment (4 Positions) Cornerstone Montessori Schools Job Recruitment (3 Positions) Proforce Industries Limited Job Recruitment (8 Positions) Arit of Africa Limited NYSC and Exp. Job Recruitment (3 Positions) ASA Security Job Recruitment (6 Positions)",,Nigeria,remote,Global,,Computer / AI / Technology / IT Services,,,,,,,,,https://www.hotnigerianjobs.com/hotjobs/949591/pz-cussons-nigeria-limited-job-recruitment-5-posit.html,2026-08-30T15:19:40+00:00
188d72d1c1ba3e33,hotnigerianjobs,949590,Cutting-Edge International Academy Job Recruitment (13 Positions),,Cutting-Edge International Academy Job Recruitment (13 Positions),,Nigeria,unknown,,,Computer / AI / Technology / IT Services,,,,,,,,,https://www.hotnigerianjobs.com/hotjobs/949590/cuttingedge-international-academy-job-recruitment.html,2026-08-30T15:19:40+00:00
b98b0779c9e80f3e,hotnigerianjobs,949589,Redeemer's 103.5 FM Volunteer & Exp. Job Recruitment (7 Positions),,Redeemer's 103.5 FM Volunteer & Exp. Job Recruitment (7 Positions),,Nigeria,unknown,,,Computer / AI / Technology / IT Services,,,,,,,,,https://www.hotnigerianjobs.com/hotjobs/949589/redeemers-1035-fm-volunteer-exp-job-recruitment-7.html,2026-08-30T15:19:40+00:00
c5143cedf1b6130d,hotnigerianjobs,949588,Contemporary Group Limited (CGL) Job Recruitment (3 Positions),,Contemporary Group Limited (CGL) Job Recruitment (3 Positions),,Nigeria,unknown,,,Computer / AI / Technology / IT Services,,,,,,,,,https://www.hotnigerianjobs.com/hotjobs/949588/contemporary-group-limited-cgl-job-recruitment-3-p.html,2026-08-30T15:19:40+00:00
d18aa48679b2923b,hotnigerianjobs,949585,The Impeccable Skills Company Job Recruitment (3 Positions),,"PZ Cussons Nigeria Limited Job Recruitment (5 Positions) Cutting-Edge International Academy Job Recruitment (13 Positions) Redeemer's 103.5 FM Volunteer & Exp. Job Recruitment (7 Positions) Contemporary Group Limited (CGL) Job Recruitment (3 Positions) The Impeccable Skills Company Job Recruitment (3 Positions) HNJ Exclusive Job GOODY Bag - AUGUST Week FOUR UPDATE! Noble Guide Academy Job Recruitment (3 Positions) Telic International Academy Job Recruitment (7 Positions) Mater Purissima Secondary School Job Recruitment (8 Positions) TheHRHive Job Recruitment (4 Positions) PGE Travels and Education Consulting Graduate, Internship & Exp. Job Recruitment (4 Positions) Baker Hughes Job Recruitment (6 Positions) Latest Graduate & Management Trainee Job Recruitment in Nigeria - HNJobs (Weekly Recap) HNJobs (Recap): Remote / Work-At-Home Job Opportunities Homeland Integrated Offshore Services Job Recruitment (4 Positions) Atis Limited Graduate & Exp. Job Recruitment (3 Positions) United Nations International Children's Emergency Fund (UNICEF) Job Recruitment (3 Positions) Latest Oil & Gas Job Opportunities in Nigeria - HNJ Exclusive Latest Customer Service / Front Desk Job Recruitment in Nigeria - HNJobs (Weekly Recap) LEAM Consulting Limited Job Recruitment (29 Positions) HNJobs (Recap): Federal / State Government Job Opportunities - HNJ Exclusive Applinet Technology Job Recruitment (11 Positions) Latest Entry-level & Internship Job Recruitment in Nigeria - HNJobs (Weekly Recap) Brint Online Schools Job Recruitment (7 Positions) HNJobs (Recap): International Agency / NGO / Multinational Job Opportunities - HNJ Exclusive Geoplex Drillteq Limited Job Recruitment (6 Positions) Promasidor Nigeria Job Recruitment (3 Positions) Center for Humanitarian Impact and Development (C-HID) Job Recruitment (4 Positions) LinkOrgNetwork Limited Job Recruitment (4 Positions) Dorisfit Gym and SPA Job Recruitment (11 Positions) Medical Diagnostic Centre Job Recruitment (8 Positions) - Cuanu Consult Limited Royal Resource Digital Services Job Recruitment (4 Positions) Terawork Job Recruitment (3 Positions) Kiyix Recruitment Hub Job Recruitment (7 Positions) Fiphs Infrastructure Limited Entry Level & Exp. Job Recruitment (6 Positions) KCH Consumer Healthcare Limited Job Recruitment (4 Positions) CWW Tech Africa Job Recruitment (10 Positions) The Milk Booster Job Recruitment (3 Positions) OCA Consulting Job Recruitment (6 Positions) Femywalsh Limited NYSC, Internship & Exp. Job Recruitment (9 Positions) The Label Store Job Recruitment (3 Positions) Mapemond Resource Job Recruitment (6 Positions) Rand Merchant Bank (RMB) Graduate Job Recruitment (10 Positions) MartGlobal Limited Trainee & Exp. Job Recruitment (4 Positions) Engee PET Manufacturing Company Nigeria Limited Job Recruitment (3 Positions) Malaria Consortium Job Recruitment (4 Positions) Cornerstone Montessori Schools Job Recruitment (3 Positions) Proforce Industries Limited Job Recruitment (8 Positions) Arit of Africa Limited NYSC and Exp. Job Recruitment (3 Positions) ASA Security Job Recruitment (6 Positions)",,Nigeria,remote,Global,,Computer / AI / Technology / IT Services,,,,,,,,,https://www.hotnigerianjobs.com/hotjobs/949585/the-impeccable-skills-company-job-recruitment-3-po.html,2026-08-30T15:19:40+00:00
98e5f4796eaf39c2,hotnigerianjobs,949584,HNJ Exclusive Job GOODY Bag - AUGUST Week FOUR UPDATE!,,"PZ Cussons Nigeria Limited Job Recruitment (5 Positions) Cutting-Edge International Academy Job Recruitment (13 Positions) Redeemer's 103.5 FM Volunteer & Exp. Job Recruitment (7 Positions) Contemporary Group Limited (CGL) Job Recruitment (3 Positions) The Impeccable Skills Company Job Recruitment (3 Positions) HNJ Exclusive Job GOODY Bag - AUGUST Week FOUR UPDATE! Noble Guide Academy Job Recruitment (3 Positions) Telic International Academy Job Recruitment (7 Positions) Mater Purissima Secondary School Job Recruitment (8 Positions) TheHRHive Job Recruitment (4 Positions) PGE Travels and Education Consulting Graduate, Internship & Exp. Job Recruitment (4 Positions) Baker Hughes Job Recruitment (6 Positions) Latest Graduate & Management Trainee Job Recruitment in Nigeria - HNJobs (Weekly Recap) HNJobs (Recap): Remote / Work-At-Home Job Opportunities Homeland Integrated Offshore Services Job Recruitment (4 Positions) Atis Limited Graduate & Exp. Job Recruitment (3 Positions) United Nations International Children's Emergency Fund (UNICEF) Job Recruitment (3 Positions) Latest Oil & Gas Job Opportunities in Nigeria - HNJ Exclusive Latest Customer Service / Front Desk Job Recruitment in Nigeria - HNJobs (Weekly Recap) LEAM Consulting Limited Job Recruitment (29 Positions) HNJobs (Recap): Federal / State Government Job Opportunities - HNJ Exclusive Applinet Technology Job Recruitment (11 Positions) Latest Entry-level & Internship Job Recruitment in Nigeria - HNJobs (Weekly Recap) Brint Online Schools Job Recruitment (7 Positions) HNJobs (Recap): International Agency / NGO / Multinational Job Opportunities - HNJ Exclusive Geoplex Drillteq Limited Job Recruitment (6 Positions) Promasidor Nigeria Job Recruitment (3 Positions) Center for Humanitarian Impact and Development (C-HID) Job Recruitment (4 Positions) LinkOrgNetwork Limited Job Recruitment (4 Positions) Dorisfit Gym and SPA Job Recruitment (11 Positions) Medical Diagnostic Centre Job Recruitment (8 Positions) - Cuanu Consult Limited Royal Resource Digital Services Job Recruitment (4 Positions) Terawork Job Recruitment (3 Positions) Kiyix Recruitment Hub Job Recruitment (7 Positions) Fiphs Infrastructure Limited Entry Level & Exp. Job Recruitment (6 Positions) KCH Consumer Healthcare Limited Job Recruitment (4 Positions) CWW Tech Africa Job Recruitment (10 Positions) The Milk Booster Job Recruitment (3 Positions) OCA Consulting Job Recruitment (6 Positions) Femywalsh Limited NYSC, Internship & Exp. Job Recruitment (9 Positions) The Label Store Job Recruitment (3 Positions) Mapemond Resource Job Recruitment (6 Positions) Rand Merchant Bank (RMB) Graduate Job Recruitment (10 Positions) MartGlobal Limited Trainee & Exp. Job Recruitment (4 Positions) Engee PET Manufacturing Company Nigeria Limited Job Recruitment (3 Positions) Malaria Consortium Job Recruitment (4 Positions) Cornerstone Montessori Schools Job Recruitment (3 Positions) Proforce Industries Limited Job Recruitment (8 Positions) Arit of Africa Limited NYSC and Exp. Job Recruitment (3 Positions) ASA Security Job Recruitment (6 Positions)",,Nigeria,remote,Global,,Computer / AI / Technology / IT Services,,,,,,,,,https://www.hotnigerianjobs.com/hotjobs/949584/hnj-exclusive-job-goody-bag-august-week-three-upda.html,2026-08-30T15:19:40+00:00
b973bec54fb963e5,hotnigerianjobs,949581,Noble Guide Academy Job Recruitment (3 Positions),,"PZ Cussons Nigeria Limited Job Recruitment (5 Positions) Cutting-Edge International Academy Job Recruitment (13 Positions) Redeemer's 103.5 FM Volunteer & Exp. Job Recruitment (7 Positions) Contemporary Group Limited (CGL) Job Recruitment (3 Positions) The Impeccable Skills Company Job Recruitment (3 Positions) HNJ Exclusive Job GOODY Bag - AUGUST Week FOUR UPDATE! Noble Guide Academy Job Recruitment (3 Positions) Telic International Academy Job Recruitment (7 Positions) Mater Purissima Secondary School Job Recruitment (8 Positions) TheHRHive Job Recruitment (4 Positions) PGE Travels and Education Consulting Graduate, Internship & Exp. Job Recruitment (4 Positions) Baker Hughes Job Recruitment (6 Positions) Latest Graduate & Management Trainee Job Recruitment in Nigeria - HNJobs (Weekly Recap) HNJobs (Recap): Remote / Work-At-Home Job Opportunities Homeland Integrated Offshore Services Job Recruitment (4 Positions) Atis Limited Graduate & Exp. Job Recruitment (3 Positions) United Nations International Children's Emergency Fund (UNICEF) Job Recruitment (3 Positions) Latest Oil & Gas Job Opportunities in Nigeria - HNJ Exclusive Latest Customer Service / Front Desk Job Recruitment in Nigeria - HNJobs (Weekly Recap) LEAM Consulting Limited Job Recruitment (29 Positions) HNJobs (Recap): Federal / State Government Job Opportunities - HNJ Exclusive Applinet Technology Job Recruitment (11 Positions) Latest Entry-level & Internship Job Recruitment in Nigeria - HNJobs (Weekly Recap) Brint Online Schools Job Recruitment (7 Positions) HNJobs (Recap): International Agency / NGO / Multinational Job Opportunities - HNJ Exclusive Geoplex Drillteq Limited Job Recruitment (6 Positions) Promasidor Nigeria Job Recruitment (3 Positions) Center for Humanitarian Impact and Development (C-HID) Job Recruitment (4 Positions) LinkOrgNetwork Limited Job Recruitment (4 Positions) Dorisfit Gym and SPA Job Recruitment (11 Positions) Medical Diagnostic Centre Job Recruitment (8 Positions) - Cuanu Consult Limited Royal Resource Digital Services Job Recruitment (4 Positions) Terawork Job Recruitment (3 Positions) Kiyix Recruitment Hub Job Recruitment (7 Positions) Fiphs Infrastructure Limited Entry Level & Exp. Job Recruitment (6 Positions) KCH Consumer Healthcare Limited Job Recruitment (4 Positions) CWW Tech Africa Job Recruitment (10 Positions) The Milk Booster Job Recruitment (3 Positions) OCA Consulting Job Recruitment (6 Positions) Femywalsh Limited NYSC, Internship & Exp. Job Recruitment (9 Positions) The Label Store Job Recruitment (3 Positions) Mapemond Resource Job Recruitment (6 Positions) Rand Merchant Bank (RMB) Graduate Job Recruitment (10 Positions) MartGlobal Limited Trainee & Exp. Job Recruitment (4 Positions) Engee PET Manufacturing Company Nigeria Limited Job Recruitment (3 Positions) Malaria Consortium Job Recruitment (4 Positions) Cornerstone Montessori Schools Job Recruitment (3 Positions) Proforce Industries Limited Job Recruitment (8 Positions) Arit of Africa Limited NYSC and Exp. Job Recruitment (3 Positions) ASA Security Job Recruitment (6 Positions)",,Nigeria,remote,Global,,Computer / AI / Technology / IT Services,,,,,,,,,https://www.hotnigerianjobs.com/hotjobs/949581/noble-guide-academy-job-recruitment-3-positions.html,2026-08-30T15:19:40+00:00
ba8a44bed817540d,hotnigerianjobs,949572,Telic International Academy Job Recruitment (7 Positions),,"PZ Cussons Nigeria Limited Job Recruitment (5 Positions) Cutting-Edge International Academy Job Recruitment (13 Positions) Redeemer's 103.5 FM Volunteer & Exp. Job Recruitment (7 Positions) Contemporary Group Limited (CGL) Job Recruitment (3 Positions) The Impeccable Skills Company Job Recruitment (3 Positions) HNJ Exclusive Job GOODY Bag - AUGUST Week FOUR UPDATE! Noble Guide Academy Job Recruitment (3 Positions) Telic International Academy Job Recruitment (7 Positions) Mater Purissima Secondary School Job Recruitment (8 Positions) TheHRHive Job Recruitment (4 Positions) PGE Travels and Education Consulting Graduate, Internship & Exp. Job Recruitment (4 Positions) Baker Hughes Job Recruitment (6 Positions) Latest Graduate & Management Trainee Job Recruitment in Nigeria - HNJobs (Weekly Recap) HNJobs (Recap): Remote / Work-At-Home Job Opportunities Homeland Integrated Offshore Services Job Recruitment (4 Positions) Atis Limited Graduate & Exp. Job Recruitment (3 Positions) United Nations International Children's Emergency Fund (UNICEF) Job Recruitment (3 Positions) Latest Oil & Gas Job Opportunities in Nigeria - HNJ Exclusive Latest Customer Service / Front Desk Job Recruitment in Nigeria - HNJobs (Weekly Recap) LEAM Consulting Limited Job Recruitment (29 Positions) HNJobs (Recap): Federal / State Government Job Opportunities - HNJ Exclusive Applinet Technology Job Recruitment (11 Positions) Latest Entry-level & Internship Job Recruitment in Nigeria - HNJobs (Weekly Recap) Brint Online Schools Job Recruitment (7 Positions) HNJobs (Recap): International Agency / NGO / Multinational Job Opportunities - HNJ Exclusive Geoplex Drillteq Limited Job Recruitment (6 Positions) Promasidor Nigeria Job Recruitment (3 Positions) Center for Humanitarian Impact and Development (C-HID) Job Recruitment (4 Positions) LinkOrgNetwork Limited Job Recruitment (4 Positions) Dorisfit Gym and SPA Job Recruitment (11 Positions) Medical Diagnostic Centre Job Recruitment (8 Positions) - Cuanu Consult Limited Royal Resource Digital Services Job Recruitment (4 Positions) Terawork Job Recruitment (3 Positions) Kiyix Recruitment Hub Job Recruitment (7 Positions) Fiphs Infrastructure Limited Entry Level & Exp. Job Recruitment (6 Positions) KCH Consumer Healthcare Limited Job Recruitment (4 Positions) CWW Tech Africa Job Recruitment (10 Positions) The Milk Booster Job Recruitment (3 Positions) OCA Consulting Job Recruitment (6 Positions) Femywalsh Limited NYSC, Internship & Exp. Job Recruitment (9 Positions) The Label Store Job Recruitment (3 Positions) Mapemond Resource Job Recruitment (6 Positions) Rand Merchant Bank (RMB) Graduate Job Recruitment (10 Positions) MartGlobal Limited Trainee & Exp. Job Recruitment (4 Positions) Engee PET Manufacturing Company Nigeria Limited Job Recruitment (3 Positions) Malaria Consortium Job Recruitment (4 Positions) Cornerstone Montessori Schools Job Recruitment (3 Positions) Proforce Industries Limited Job Recruitment (8 Positions) Arit of Africa Limited NYSC and Exp. Job Recruitment (3 Positions) ASA Security Job Recruitment (6 Positions)",,Nigeria,remote,Global,,Computer / AI / Technology / IT Services,,,,,,,,,https://www.hotnigerianjobs.com/hotjobs/949572/telic-international-academy-job-recruitment-7-posi.html,2026-08-30T15:19:40+00:00
22cfae3b3165ac06,hotnigerianjobs,949565,Mater Purissima Secondary School Job Recruitment (8 Positions),,Mater Purissima Secondary School Job Recruitment (8 Positions),,Nigeria,unknown,,,Computer / AI / Technology / IT Services,,,,,,,,,https://www.hotnigerianjobs.com/hotjobs/949565/mater-purissima-secondary-school-job-recruitment-8.html,2026-08-30T15:19:40+00:00
2d7b05889b12d7d5,hotnigerianjobs,949563,TheHRHive Job Recruitment (4 Positions),,"PZ Cussons Nigeria Limited Job Recruitment (5 Positions) Cutting-Edge International Academy Job Recruitment (13 Positions) Redeemer's 103.5 FM Volunteer & Exp. Job Recruitment (7 Positions) Contemporary Group Limited (CGL) Job Recruitment (3 Positions) The Impeccable Skills Company Job Recruitment (3 Positions) HNJ Exclusive Job GOODY Bag - AUGUST Week FOUR UPDATE! Noble Guide Academy Job Recruitment (3 Positions) Telic International Academy Job Recruitment (7 Positions) Mater Purissima Secondary School Job Recruitment (8 Positions) TheHRHive Job Recruitment (4 Positions) PGE Travels and Education Consulting Graduate, Internship & Exp. Job Recruitment (4 Positions) Baker Hughes Job Recruitment (6 Positions) Latest Graduate & Management Trainee Job Recruitment in Nigeria - HNJobs (Weekly Recap) HNJobs (Recap): Remote / Work-At-Home Job Opportunities Homeland Integrated Offshore Services Job Recruitment (4 Positions) Atis Limited Graduate & Exp. Job Recruitment (3 Positions) United Nations International Children's Emergency Fund (UNICEF) Job Recruitment (3 Positions) Latest Oil & Gas Job Opportunities in Nigeria - HNJ Exclusive Latest Customer Service / Front Desk Job Recruitment in Nigeria - HNJobs (Weekly Recap) LEAM Consulting Limited Job Recruitment (29 Positions) HNJobs (Recap): Federal / State Government Job Opportunities - HNJ Exclusive Applinet Technology Job Recruitment (11 Positions) Latest Entry-level & Internship Job Recruitment in Nigeria - HNJobs (Weekly Recap) Brint Online Schools Job Recruitment (7 Positions) HNJobs (Recap): International Agency / NGO / Multinational Job Opportunities - HNJ Exclusive Geoplex Drillteq Limited Job Recruitment (6 Positions) Promasidor Nigeria Job Recruitment (3 Positions) Center for Humanitarian Impact and Development (C-HID) Job Recruitment (4 Positions) LinkOrgNetwork Limited Job Recruitment (4 Positions) Dorisfit Gym and SPA Job Recruitment (11 Positions) Medical Diagnostic Centre Job Recruitment (8 Positions) - Cuanu Consult Limited Royal Resource Digital Services Job Recruitment (4 Positions) Terawork Job Recruitment (3 Positions) Kiyix Recruitment Hub Job Recruitment (7 Positions) Fiphs Infrastructure Limited Entry Level & Exp. Job Recruitment (6 Positions) KCH Consumer Healthcare Limited Job Recruitment (4 Positions) CWW Tech Africa Job Recruitment (10 Positions) The Milk Booster Job Recruitment (3 Positions) OCA Consulting Job Recruitment (6 Positions) Femywalsh Limited NYSC, Internship & Exp. Job Recruitment (9 Positions) The Label Store Job Recruitment (3 Positions) Mapemond Resource Job Recruitment (6 Positions) Rand Merchant Bank (RMB) Graduate Job Recruitment (10 Positions) MartGlobal Limited Trainee & Exp. Job Recruitment (4 Positions) Engee PET Manufacturing Company Nigeria Limited Job Recruitment (3 Positions) Malaria Consortium Job Recruitment (4 Positions) Cornerstone Montessori Schools Job Recruitment (3 Positions) Proforce Industries Limited Job Recruitment (8 Positions) Arit of Africa Limited NYSC and Exp. Job Recruitment (3 Positions) ASA Security Job Recruitment (6 Positions)",,Nigeria,remote,Global,,Computer / AI / Technology / IT Services,,,,,,,,,https://www.hotnigerianjobs.com/hotjobs/949563/thehrhive-job-recruitment-4-positions.html,2026-08-30T15:19:40+00:00
d27c3ca1a5da1a07,hotnigerianjobs,949562,"PGE Travels and Education Consulting Graduate, Internship & Exp. Job Recruitment (4 Positions)",,"PGE Travels and Education Consulting Graduate, Internship & Exp. Job Recruitment (4 Positions)",,Nigeria,unknown,,,Computer / AI / Technology / IT Services,,,,,,,,,https://www.hotnigerianjobs.com/hotjobs/949562/pge-travels-and-education-consulting-graduate-inte.html,2026-08-30T15:19:40+00:00
76dda450898427b5,hotnigerianjobs,949561,Baker Hughes Job Recruitment (6 Positions),,"PZ Cussons Nigeria Limited Job Recruitment (5 Positions) Cutting-Edge International Academy Job Recruitment (13 Positions) Redeemer's 103.5 FM Volunteer & Exp. Job Recruitment (7 Positions) Contemporary Group Limited (CGL) Job Recruitment (3 Positions) The Impeccable Skills Company Job Recruitment (3 Positions) HNJ Exclusive Job GOODY Bag - AUGUST Week FOUR UPDATE! Noble Guide Academy Job Recruitment (3 Positions) Telic International Academy Job Recruitment (7 Positions) Mater Purissima Secondary School Job Recruitment (8 Positions) TheHRHive Job Recruitment (4 Positions) PGE Travels and Education Consulting Graduate, Internship & Exp. Job Recruitment (4 Positions) Baker Hughes Job Recruitment (6 Positions) Latest Graduate & Management Trainee Job Recruitment in Nigeria - HNJobs (Weekly Recap) HNJobs (Recap): Remote / Work-At-Home Job Opportunities Homeland Integrated Offshore Services Job Recruitment (4 Positions) Atis Limited Graduate & Exp. Job Recruitment (3 Positions) United Nations International Children's Emergency Fund (UNICEF) Job Recruitment (3 Positions) Latest Oil & Gas Job Opportunities in Nigeria - HNJ Exclusive Latest Customer Service / Front Desk Job Recruitment in Nigeria - HNJobs (Weekly Recap) LEAM Consulting Limited Job Recruitment (29 Positions) HNJobs (Recap): Federal / State Government Job Opportunities - HNJ Exclusive Applinet Technology Job Recruitment (11 Positions) Latest Entry-level & Internship Job Recruitment in Nigeria - HNJobs (Weekly Recap) Brint Online Schools Job Recruitment (7 Positions) HNJobs (Recap): International Agency / NGO / Multinational Job Opportunities - HNJ Exclusive Geoplex Drillteq Limited Job Recruitment (6 Positions) Promasidor Nigeria Job Recruitment (3 Positions) Center for Humanitarian Impact and Development (C-HID) Job Recruitment (4 Positions) LinkOrgNetwork Limited Job Recruitment (4 Positions) Dorisfit Gym and SPA Job Recruitment (11 Positions) Medical Diagnostic Centre Job Recruitment (8 Positions) - Cuanu Consult Limited Royal Resource Digital Services Job Recruitment (4 Positions) Terawork Job Recruitment (3 Positions) Kiyix Recruitment Hub Job Recruitment (7 Positions) Fiphs Infrastructure Limited Entry Level & Exp. Job Recruitment (6 Positions) KCH Consumer Healthcare Limited Job Recruitment (4 Positions) CWW Tech Africa Job Recruitment (10 Positions) The Milk Booster Job Recruitment (3 Positions) OCA Consulting Job Recruitment (6 Positions) Femywalsh Limited NYSC, Internship & Exp. Job Recruitment (9 Positions) The Label Store Job Recruitment (3 Positions) Mapemond Resource Job Recruitment (6 Positions) Rand Merchant Bank (RMB) Graduate Job Recruitment (10 Positions) MartGlobal Limited Trainee & Exp. Job Recruitment (4 Positions) Engee PET Manufacturing Company Nigeria Limited Job Recruitment (3 Positions) Malaria Consortium Job Recruitment (4 Positions) Cornerstone Montessori Schools Job Recruitment (3 Positions) Proforce Industries Limited Job Recruitment (8 Positions) Arit of Africa Limited NYSC and Exp. Job Recruitment (3 Positions) ASA Security Job Recruitment (6 Positions)",,Nigeria,remote,Global,,Computer / AI / Technology / IT Services,,,,,,,,,https://www.hotnigerianjobs.com/hotjobs/949561/baker-hughes-job-recruitment-6-positions.html,2026-08-30T15:19:40+00:00
5434ab4803a7218b,hotnigerianjobs,949541,Latest Graduate & Management Trainee Job Recruitment in Nigeria - HNJobs (Weekly Recap),,Latest Graduate & Management Trainee Job Recruitment in Nigeria - HNJobs (Weekly Recap),,Nigeria,unknown,,,Computer / AI / Technology / IT Services,,,,,,,,,https://www.hotnigerianjobs.com/hotjobs/949541/latest-graduate-management-trainee-job-recruitment.html,2026-08-30T15:19:40+00:00
68fcaf1b54d5ed74,hotnigerianjobs,949538,HNJobs (Recap): Remote / Work-At-Home Job Opportunities,,"PZ Cussons Nigeria Limited Job Recruitment (5 Positions) Cutting-Edge International Academy Job Recruitment (13 Positions) Redeemer's 103.5 FM Volunteer & Exp. Job Recruitment (7 Positions) Contemporary Group Limited (CGL) Job Recruitment (3 Positions) The Impeccable Skills Company Job Recruitment (3 Positions) HNJ Exclusive Job GOODY Bag - AUGUST Week FOUR UPDATE! Noble Guide Academy Job Recruitment (3 Positions) Telic International Academy Job Recruitment (7 Positions) Mater Purissima Secondary School Job Recruitment (8 Positions) TheHRHive Job Recruitment (4 Positions) PGE Travels and Education Consulting Graduate, Internship & Exp. Job Recruitment (4 Positions) Baker Hughes Job Recruitment (6 Positions) Latest Graduate & Management Trainee Job Recruitment in Nigeria - HNJobs (Weekly Recap) HNJobs (Recap): Remote / Work-At-Home Job Opportunities Homeland Integrated Offshore Services Job Recruitment (4 Positions) Atis Limited Graduate & Exp. Job Recruitment (3 Positions) United Nations International Children's Emergency Fund (UNICEF) Job Recruitment (3 Positions) Latest Oil & Gas Job Opportunities in Nigeria - HNJ Exclusive Latest Customer Service / Front Desk Job Recruitment in Nigeria - HNJobs (Weekly Recap) LEAM Consulting Limited Job Recruitment (29 Positions) HNJobs (Recap): Federal / State Government Job Opportunities - HNJ Exclusive Applinet Technology Job Recruitment (11 Positions) Latest Entry-level & Internship Job Recruitment in Nigeria - HNJobs (Weekly Recap) Brint Online Schools Job Recruitment (7 Positions) HNJobs (Recap): International Agency / NGO / Multinational Job Opportunities - HNJ Exclusive Geoplex Drillteq Limited Job Recruitment (6 Positions) Promasidor Nigeria Job Recruitment (3 Positions) Center for Humanitarian Impact and Development (C-HID) Job Recruitment (4 Positions) LinkOrgNetwork Limited Job Recruitment (4 Positions) Dorisfit Gym and SPA Job Recruitment (11 Positions) Medical Diagnostic Centre Job Recruitment (8 Positions) - Cuanu Consult Limited Royal Resource Digital Services Job Recruitment (4 Positions) Terawork Job Recruitment (3 Positions) Kiyix Recruitment Hub Job Recruitment (7 Positions) Fiphs Infrastructure Limited Entry Level & Exp. Job Recruitment (6 Positions) KCH Consumer Healthcare Limited Job Recruitment (4 Positions) CWW Tech Africa Job Recruitment (10 Positions) The Milk Booster Job Recruitment (3 Positions) OCA Consulting Job Recruitment (6 Positions) Femywalsh Limited NYSC, Internship & Exp. Job Recruitment (9 Positions) The Label Store Job Recruitment (3 Positions) Mapemond Resource Job Recruitment (6 Positions) Rand Merchant Bank (RMB) Graduate Job Recruitment (10 Positions) MartGlobal Limited Trainee & Exp. Job Recruitment (4 Positions) Engee PET Manufacturing Company Nigeria Limited Job Recruitment (3 Positions) Malaria Consortium Job Recruitment (4 Positions) Cornerstone Montessori Schools Job Recruitment (3 Positions) Proforce Industries Limited Job Recruitment (8 Positions) Arit of Africa Limited NYSC and Exp. Job Recruitment (3 Positions) ASA Security Job Recruitment (6 Positions)",,Nigeria,remote,Global,,Computer / AI / Technology / IT Services,,,,,,,,,https://www.hotnigerianjobs.com/hotjobs/949538/hnjobs-recap-remote-workathome-job-opportunities.html,2026-08-30T15:19:40+00:00
888cc29209419bdc,hotnigerianjobs,949529,Homeland Integrated Offshore Services Job Recruitment (4 Positions),,Homeland Integrated Offshore Services Job Recruitment (4 Positions),,Nigeria,unknown,,,Computer / AI / Technology / IT Services,,,,,,,,,https://www.hotnigerianjobs.com/hotjobs/949529/homeland-integrated-offshore-services-job-recruitm.html,2026-08-30T15:19:40+00:00
498d581fa978aa87,hotnigerianjobs,949526,Atis Limited Graduate & Exp. Job Recruitment (3 Positions),,"PZ Cussons Nigeria Limited Job Recruitment (5 Positions) Cutting-Edge International Academy Job Recruitment (13 Positions) Redeemer's 103.5 FM Volunteer & Exp. Job Recruitment (7 Positions) Contemporary Group Limited (CGL) Job Recruitment (3 Positions) The Impeccable Skills Company Job Recruitment (3 Positions) HNJ Exclusive Job GOODY Bag - AUGUST Week FOUR UPDATE! Noble Guide Academy Job Recruitment (3 Positions) Telic International Academy Job Recruitment (7 Positions) Mater Purissima Secondary School Job Recruitment (8 Positions) TheHRHive Job Recruitment (4 Positions) PGE Travels and Education Consulting Graduate, Internship & Exp. Job Recruitment (4 Positions) Baker Hughes Job Recruitment (6 Positions) Latest Graduate & Management Trainee Job Recruitment in Nigeria - HNJobs (Weekly Recap) HNJobs (Recap): Remote / Work-At-Home Job Opportunities Homeland Integrated Offshore Services Job Recruitment (4 Positions) Atis Limited Graduate & Exp. Job Recruitment (3 Positions) United Nations International Children's Emergency Fund (UNICEF) Job Recruitment (3 Positions) Latest Oil & Gas Job Opportunities in Nigeria - HNJ Exclusive Latest Customer Service / Front Desk Job Recruitment in Nigeria - HNJobs (Weekly Recap) LEAM Consulting Limited Job Recruitment (29 Positions) HNJobs (Recap): Federal / State Government Job Opportunities - HNJ Exclusive Applinet Technology Job Recruitment (11 Positions) Latest Entry-level & Internship Job Recruitment in Nigeria - HNJobs (Weekly Recap) Brint Online Schools Job Recruitment (7 Positions) HNJobs (Recap): International Agency / NGO / Multinational Job Opportunities - HNJ Exclusive Geoplex Drillteq Limited Job Recruitment (6 Positions) Promasidor Nigeria Job Recruitment (3 Positions) Center for Humanitarian Impact and Development (C-HID) Job Recruitment (4 Positions) LinkOrgNetwork Limited Job Recruitment (4 Positions) Dorisfit Gym and SPA Job Recruitment (11 Positions) Medical Diagnostic Centre Job Recruitment (8 Positions) - Cuanu Consult Limited Royal Resource Digital Services Job Recruitment (4 Positions) Terawork Job Recruitment (3 Positions) Kiyix Recruitment Hub Job Recruitment (7 Positions) Fiphs Infrastructure Limited Entry Level & Exp. Job Recruitment (6 Positions) KCH Consumer Healthcare Limited Job Recruitment (4 Positions) CWW Tech Africa Job Recruitment (10 Positions) The Milk Booster Job Recruitment (3 Positions) OCA Consulting Job Recruitment (6 Positions) Femywalsh Limited NYSC, Internship & Exp. Job Recruitment (9 Positions) The Label Store Job Recruitment (3 Positions) Mapemond Resource Job Recruitment (6 Positions) Rand Merchant Bank (RMB) Graduate Job Recruitment (10 Positions) MartGlobal Limited Trainee & Exp. Job Recruitment (4 Positions) Engee PET Manufacturing Company Nigeria Limited Job Recruitment (3 Positions) Malaria Consortium Job Recruitment (4 Positions) Cornerstone Montessori Schools Job Recruitment (3 Positions) Proforce Industries Limited Job Recruitment (8 Positions) Arit of Africa Limited NYSC and Exp. Job Recruitment (3 Positions) ASA Security Job Recruitment (6 Positions)",,Nigeria,remote,Global,,Computer / AI / Technology / IT Services,,,,,,,,,https://www.hotnigerianjobs.com/hotjobs/949526/atis-limited-graduate-exp-job-recruitment-3-positi.html,2026-08-30T15:19:40+00:00
0a47024626c868b8,hotnigerianjobs,949525,United Nations International Children's Emergency Fund (UNICEF) Job Recruitment (3 Positions),,United Nations International Children's Emergency Fund (UNICEF) Job Recruitment (3 Positions),,Nigeria,unknown,,,Computer / AI / Technology / IT Services,,,,,,,,,https://www.hotnigerianjobs.com/hotjobs/949525/united-nations-international-childrens-emergency-f.html,2026-08-30T15:19:40+00:00
65163952d219f368,hotnigerianjobs,949524,Latest Oil & Gas Job Opportunities in Nigeria - HNJ Exclusive,,Latest Oil & Gas Job Opportunities in Nigeria - HNJ Exclusive,,Nigeria,unknown,,,Computer / AI / Technology / IT Services,,,,,,,,,https://www.hotnigerianjobs.com/hotjobs/949524/latest-oil-gas-job-opportunities-in-nigeria-hnj-ex.html,2026-08-30T15:19:40+00:00
96b3fd5d0e0fa074,hotnigerianjobs,949522,Latest Customer Service / Front Desk Job Recruitment in Nigeria - HNJobs (Weekly Recap),,Latest Customer Service / Front Desk Job Recruitment in Nigeria - HNJobs (Weekly Recap),,Nigeria,unknown,,,Computer / AI / Technology / IT Services,,,,,,,,,https://www.hotnigerianjobs.com/hotjobs/949522/latest-customer-service-front-desk-job-recruitment.html,2026-08-30T15:19:40+00:00
c506d3d0683b7bea,hotnigerianjobs,949520,LEAM Consulting Limited Job Recruitment (29 Positions),,"PZ Cussons Nigeria Limited Job Recruitment (5 Positions) Cutting-Edge International Academy Job Recruitment (13 Positions) Redeemer's 103.5 FM Volunteer & Exp. Job Recruitment (7 Positions) Contemporary Group Limited (CGL) Job Recruitment (3 Positions) The Impeccable Skills Company Job Recruitment (3 Positions) HNJ Exclusive Job GOODY Bag - AUGUST Week FOUR UPDATE! Noble Guide Academy Job Recruitment (3 Positions) Telic International Academy Job Recruitment (7 Positions) Mater Purissima Secondary School Job Recruitment (8 Positions) TheHRHive Job Recruitment (4 Positions) PGE Travels and Education Consulting Graduate, Internship & Exp. Job Recruitment (4 Positions) Baker Hughes Job Recruitment (6 Positions) Latest Graduate & Management Trainee Job Recruitment in Nigeria - HNJobs (Weekly Recap) HNJobs (Recap): Remote / Work-At-Home Job Opportunities Homeland Integrated Offshore Services Job Recruitment (4 Positions) Atis Limited Graduate & Exp. Job Recruitment (3 Positions) United Nations International Children's Emergency Fund (UNICEF) Job Recruitment (3 Positions) Latest Oil & Gas Job Opportunities in Nigeria - HNJ Exclusive Latest Customer Service / Front Desk Job Recruitment in Nigeria - HNJobs (Weekly Recap) LEAM Consulting Limited Job Recruitment (29 Positions) HNJobs (Recap): Federal / State Government Job Opportunities - HNJ Exclusive Applinet Technology Job Recruitment (11 Positions) Latest Entry-level & Internship Job Recruitment in Nigeria - HNJobs (Weekly Recap) Brint Online Schools Job Recruitment (7 Positions) HNJobs (Recap): International Agency / NGO / Multinational Job Opportunities - HNJ Exclusive Geoplex Drillteq Limited Job Recruitment (6 Positions) Promasidor Nigeria Job Recruitment (3 Positions) Center for Humanitarian Impact and Development (C-HID) Job Recruitment (4 Positions) LinkOrgNetwork Limited Job Recruitment (4 Positions) Dorisfit Gym and SPA Job Recruitment (11 Positions) Medical Diagnostic Centre Job Recruitment (8 Positions) - Cuanu Consult Limited Royal Resource Digital Services Job Recruitment (4 Positions) Terawork Job Recruitment (3 Positions) Kiyix Recruitment Hub Job Recruitment (7 Positions) Fiphs Infrastructure Limited Entry Level & Exp. Job Recruitment (6 Positions) KCH Consumer Healthcare Limited Job Recruitment (4 Positions) CWW Tech Africa Job Recruitment (10 Positions) The Milk Booster Job Recruitment (3 Positions) OCA Consulting Job Recruitment (6 Positions) Femywalsh Limited NYSC, Internship & Exp. Job Recruitment (9 Positions) The Label Store Job Recruitment (3 Positions) Mapemond Resource Job Recruitment (6 Positions) Rand Merchant Bank (RMB) Graduate Job Recruitment (10 Positions) MartGlobal Limited Trainee & Exp. Job Recruitment (4 Positions) Engee PET Manufacturing Company Nigeria Limited Job Recruitment (3 Positions) Malaria Consortium Job Recruitment (4 Positions) Cornerstone Montessori Schools Job Recruitment (3 Positions) Proforce Industries Limited Job Recruitment (8 Positions) Arit of Africa Limited NYSC and Exp. Job Recruitment (3 Positions) ASA Security Job Recruitment (6 Positions)",,Nigeria,remote,Global,,Computer / AI / Technology / IT Services,,,,,,,,,https://www.hotnigerianjobs.com/hotjobs/949520/leam-consulting-limited-job-recruitment-31-positio.html,2026-08-30T15:19:40+00:00
1bbd2066ff0b43d9,hotnigerianjobs,949511,HNJobs (Recap): Federal / State Government Job Opportunities - HNJ Exclusive,,HNJobs (Recap): Federal / State Government Job Opportunities - HNJ Exclusive,,Nigeria,unknown,,,Computer / AI / Technology / IT Services,,,,,,,,,https://www.hotnigerianjobs.com/hotjobs/949511/hnjobs-recap-federal-state-government-job-opportun.html,2026-08-30T15:19:40+00:00
514ad80f2042b581,hotnigerianjobs,949506,Applinet Technology Job Recruitment (11 Positions),,"PZ Cussons Nigeria Limited Job Recruitment (5 Positions) Cutting-Edge International Academy Job Recruitment (13 Positions) Redeemer's 103.5 FM Volunteer & Exp. Job Recruitment (7 Positions) Contemporary Group Limited (CGL) Job Recruitment (3 Positions) The Impeccable Skills Company Job Recruitment (3 Positions) HNJ Exclusive Job GOODY Bag - AUGUST Week FOUR UPDATE! Noble Guide Academy Job Recruitment (3 Positions) Telic International Academy Job Recruitment (7 Positions) Mater Purissima Secondary School Job Recruitment (8 Positions) TheHRHive Job Recruitment (4 Positions) PGE Travels and Education Consulting Graduate, Internship & Exp. Job Recruitment (4 Positions) Baker Hughes Job Recruitment (6 Positions) Latest Graduate & Management Trainee Job Recruitment in Nigeria - HNJobs (Weekly Recap) HNJobs (Recap): Remote / Work-At-Home Job Opportunities Homeland Integrated Offshore Services Job Recruitment (4 Positions) Atis Limited Graduate & Exp. Job Recruitment (3 Positions) United Nations International Children's Emergency Fund (UNICEF) Job Recruitment (3 Positions) Latest Oil & Gas Job Opportunities in Nigeria - HNJ Exclusive Latest Customer Service / Front Desk Job Recruitment in Nigeria - HNJobs (Weekly Recap) LEAM Consulting Limited Job Recruitment (29 Positions) HNJobs (Recap): Federal / State Government Job Opportunities - HNJ Exclusive Applinet Technology Job Recruitment (11 Positions) Latest Entry-level & Internship Job Recruitment in Nigeria - HNJobs (Weekly Recap) Brint Online Schools Job Recruitment (7 Positions) HNJobs (Recap): International Agency / NGO / Multinational Job Opportunities - HNJ Exclusive Geoplex Drillteq Limited Job Recruitment (6 Positions) Promasidor Nigeria Job Recruitment (3 Positions) Center for Humanitarian Impact and Development (C-HID) Job Recruitment (4 Positions) LinkOrgNetwork Limited Job Recruitment (4 Positions) Dorisfit Gym and SPA Job Recruitment (11 Positions) Medical Diagnostic Centre Job Recruitment (8 Positions) - Cuanu Consult Limited Royal Resource Digital Services Job Recruitment (4 Positions) Terawork Job Recruitment (3 Positions) Kiyix Recruitment Hub Job Recruitment (7 Positions) Fiphs Infrastructure Limited Entry Level & Exp. Job Recruitment (6 Positions) KCH Consumer Healthcare Limited Job Recruitment (4 Positions) CWW Tech Africa Job Recruitment (10 Positions) The Milk Booster Job Recruitment (3 Positions) OCA Consulting Job Recruitment (6 Positions) Femywalsh Limited NYSC, Internship & Exp. Job Recruitment (9 Positions) The Label Store Job Recruitment (3 Positions) Mapemond Resource Job Recruitment (6 Positions) Rand Merchant Bank (RMB) Graduate Job Recruitment (10 Positions) MartGlobal Limited Trainee & Exp. Job Recruitment (4 Positions) Engee PET Manufacturing Company Nigeria Limited Job Recruitment (3 Positions) Malaria Consortium Job Recruitment (4 Positions) Cornerstone Montessori Schools Job Recruitment (3 Positions) Proforce Industries Limited Job Recruitment (8 Positions) Arit of Africa Limited NYSC and Exp. Job Recruitment (3 Positions) ASA Security Job Recruitment (6 Positions)",,Nigeria,remote,Global,,Computer / AI / Technology / IT Services,,,,,,,,,https://www.hotnigerianjobs.com/hotjobs/949506/applinet-technology-job-recruitment-11-positions.html,2026-08-30T15:19:40+00:00
91b05e2ba0cb1d6a,hotnigerianjobs,949504,Latest Entry-level & Internship Job Recruitment in Nigeria - HNJobs (Weekly Recap),,Latest Entry-level & Internship Job Recruitment in Nigeria - HNJobs (Weekly Recap),,Nigeria,unknown,,,Computer / AI / Technology / IT Services,,,,,,,,,https://www.hotnigerianjobs.com/hotjobs/949504/latest-entrylevel-internship-job-recruitment-in-ni.html,2026-08-30T15:19:40+00:00
0ba2687aa6176ae1,hotnigerianjobs,949502,Brint Online Schools Job Recruitment (7 Positions),,"PZ Cussons Nigeria Limited Job Recruitment (5 Positions) Cutting-Edge International Academy Job Recruitment (13 Positions) Redeemer's 103.5 FM Volunteer & Exp. Job Recruitment (7 Positions) Contemporary Group Limited (CGL) Job Recruitment (3 Positions) The Impeccable Skills Company Job Recruitment (3 Positions) HNJ Exclusive Job GOODY Bag - AUGUST Week FOUR UPDATE! Noble Guide Academy Job Recruitment (3 Positions) Telic International Academy Job Recruitment (7 Positions) Mater Purissima Secondary School Job Recruitment (8 Positions) TheHRHive Job Recruitment (4 Positions) PGE Travels and Education Consulting Graduate, Internship & Exp. Job Recruitment (4 Positions) Baker Hughes Job Recruitment (6 Positions) Latest Graduate & Management Trainee Job Recruitment in Nigeria - HNJobs (Weekly Recap) HNJobs (Recap): Remote / Work-At-Home Job Opportunities Homeland Integrated Offshore Services Job Recruitment (4 Positions) Atis Limited Graduate & Exp. Job Recruitment (3 Positions) United Nations International Children's Emergency Fund (UNICEF) Job Recruitment (3 Positions) Latest Oil & Gas Job Opportunities in Nigeria - HNJ Exclusive Latest Customer Service / Front Desk Job Recruitment in Nigeria - HNJobs (Weekly Recap) LEAM Consulting Limited Job Recruitment (29 Positions) HNJobs (Recap): Federal / State Government Job Opportunities - HNJ Exclusive Applinet Technology Job Recruitment (11 Positions) Latest Entry-level & Internship Job Recruitment in Nigeria - HNJobs (Weekly Recap) Brint Online Schools Job Recruitment (7 Positions) HNJobs (Recap): International Agency / NGO / Multinational Job Opportunities - HNJ Exclusive Geoplex Drillteq Limited Job Recruitment (6 Positions) Promasidor Nigeria Job Recruitment (3 Positions) Center for Humanitarian Impact and Development (C-HID) Job Recruitment (4 Positions) LinkOrgNetwork Limited Job Recruitment (4 Positions) Dorisfit Gym and SPA Job Recruitment (11 Positions) Medical Diagnostic Centre Job Recruitment (8 Positions) - Cuanu Consult Limited Royal Resource Digital Services Job Recruitment (4 Positions) Terawork Job Recruitment (3 Positions) Kiyix Recruitment Hub Job Recruitment (7 Positions) Fiphs Infrastructure Limited Entry Level & Exp. Job Recruitment (6 Positions) KCH Consumer Healthcare Limited Job Recruitment (4 Positions) CWW Tech Africa Job Recruitment (10 Positions) The Milk Booster Job Recruitment (3 Positions) OCA Consulting Job Recruitment (6 Positions) Femywalsh Limited NYSC, Internship & Exp. Job Recruitment (9 Positions) The Label Store Job Recruitment (3 Positions) Mapemond Resource Job Recruitment (6 Positions) Rand Merchant Bank (RMB) Graduate Job Recruitment (10 Positions) MartGlobal Limited Trainee & Exp. Job Recruitment (4 Positions) Engee PET Manufacturing Company Nigeria Limited Job Recruitment (3 Positions) Malaria Consortium Job Recruitment (4 Positions) Cornerstone Montessori Schools Job Recruitment (3 Positions) Proforce Industries Limited Job Recruitment (8 Positions) Arit of Africa Limited NYSC and Exp. Job Recruitment (3 Positions) ASA Security Job Recruitment (6 Positions)",,Nigeria,remote,Global,,Computer / AI / Technology / IT Services,,,,,,,,,https://www.hotnigerianjobs.com/hotjobs/949502/brint-online-schools-job-recruitment-7-positions.html,2026-08-30T15:19:40+00:00
a963d91cd3b1346c,hotnigerianjobs,949494,HNJobs (Recap): International Agency / NGO / Multinational Job Opportunities - HNJ Exclusive,,HNJobs (Recap): International Agency / NGO / Multinational Job Opportunities - HNJ Exclusive,,Nigeria,unknown,,,Computer / AI / Technology / IT Services,,,,,,,,,https://www.hotnigerianjobs.com/hotjobs/949494/hnjobs-recap-international-agency-ngo-multinationa.html,2026-08-30T15:19:40+00:00
d8ef06474382bb1c,hotnigerianjobs,949492,Geoplex Drillteq Limited Job Recruitment (6 Positions),,"PZ Cussons Nigeria Limited Job Recruitment (5 Positions) Cutting-Edge International Academy Job Recruitment (13 Positions) Redeemer's 103.5 FM Volunteer & Exp. Job Recruitment (7 Positions) Contemporary Group Limited (CGL) Job Recruitment (3 Positions) The Impeccable Skills Company Job Recruitment (3 Positions) HNJ Exclusive Job GOODY Bag - AUGUST Week FOUR UPDATE! Noble Guide Academy Job Recruitment (3 Positions) Telic International Academy Job Recruitment (7 Positions) Mater Purissima Secondary School Job Recruitment (8 Positions) TheHRHive Job Recruitment (4 Positions) PGE Travels and Education Consulting Graduate, Internship & Exp. Job Recruitment (4 Positions) Baker Hughes Job Recruitment (6 Positions) Latest Graduate & Management Trainee Job Recruitment in Nigeria - HNJobs (Weekly Recap) HNJobs (Recap): Remote / Work-At-Home Job Opportunities Homeland Integrated Offshore Services Job Recruitment (4 Positions) Atis Limited Graduate & Exp. Job Recruitment (3 Positions) United Nations International Children's Emergency Fund (UNICEF) Job Recruitment (3 Positions) Latest Oil & Gas Job Opportunities in Nigeria - HNJ Exclusive Latest Customer Service / Front Desk Job Recruitment in Nigeria - HNJobs (Weekly Recap) LEAM Consulting Limited Job Recruitment (29 Positions) HNJobs (Recap): Federal / State Government Job Opportunities - HNJ Exclusive Applinet Technology Job Recruitment (11 Positions) Latest Entry-level & Internship Job Recruitment in Nigeria - HNJobs (Weekly Recap) Brint Online Schools Job Recruitment (7 Positions) HNJobs (Recap): International Agency / NGO / Multinational Job Opportunities - HNJ Exclusive Geoplex Drillteq Limited Job Recruitment (6 Positions) Promasidor Nigeria Job Recruitment (3 Positions) Center for Humanitarian Impact and Development (C-HID) Job Recruitment (4 Positions) LinkOrgNetwork Limited Job Recruitment (4 Positions) Dorisfit Gym and SPA Job Recruitment (11 Positions) Medical Diagnostic Centre Job Recruitment (8 Positions) - Cuanu Consult Limited Royal Resource Digital Services Job Recruitment (4 Positions) Terawork Job Recruitment (3 Positions) Kiyix Recruitment Hub Job Recruitment (7 Positions) Fiphs Infrastructure Limited Entry Level & Exp. Job Recruitment (6 Positions) KCH Consumer Healthcare Limited Job Recruitment (4 Positions) CWW Tech Africa Job Recruitment (10 Positions) The Milk Booster Job Recruitment (3 Positions) OCA Consulting Job Recruitment (6 Positions) Femywalsh Limited NYSC, Internship & Exp. Job Recruitment (9 Positions) The Label Store Job Recruitment (3 Positions) Mapemond Resource Job Recruitment (6 Positions) Rand Merchant Bank (RMB) Graduate Job Recruitment (10 Positions) MartGlobal Limited Trainee & Exp. Job Recruitment (4 Positions) Engee PET Manufacturing Company Nigeria Limited Job Recruitment (3 Positions) Malaria Consortium Job Recruitment (4 Positions) Cornerstone Montessori Schools Job Recruitment (3 Positions) Proforce Industries Limited Job Recruitment (8 Positions) Arit of Africa Limited NYSC and Exp. Job Recruitment (3 Positions) ASA Security Job Recruitment (6 Positions)",,Nigeria,remote,Global,,Computer / AI / Technology / IT Services,,,,,,,,,https://www.hotnigerianjobs.com/hotjobs/949492/geoplex-drillteq-limited-job-recruitment-6-positio.html,2026-08-30T15:19:40+00:00
406ab739aff1fc55,hotnigerianjobs,949491,Promasidor Nigeria Job Recruitment (3 Positions),,"PZ Cussons Nigeria Limited Job Recruitment (5 Positions) Cutting-Edge International Academy Job Recruitment (13 Positions) Redeemer's 103.5 FM Volunteer & Exp. Job Recruitment (7 Positions) Contemporary Group Limited (CGL) Job Recruitment (3 Positions) The Impeccable Skills Company Job Recruitment (3 Positions) HNJ Exclusive Job GOODY Bag - AUGUST Week FOUR UPDATE! Noble Guide Academy Job Recruitment (3 Positions) Telic International Academy Job Recruitment (7 Positions) Mater Purissima Secondary School Job Recruitment (8 Positions) TheHRHive Job Recruitment (4 Positions) PGE Travels and Education Consulting Graduate, Internship & Exp. Job Recruitment (4 Positions) Baker Hughes Job Recruitment (6 Positions) Latest Graduate & Management Trainee Job Recruitment in Nigeria - HNJobs (Weekly Recap) HNJobs (Recap): Remote / Work-At-Home Job Opportunities Homeland Integrated Offshore Services Job Recruitment (4 Positions) Atis Limited Graduate & Exp. Job Recruitment (3 Positions) United Nations International Children's Emergency Fund (UNICEF) Job Recruitment (3 Positions) Latest Oil & Gas Job Opportunities in Nigeria - HNJ Exclusive Latest Customer Service / Front Desk Job Recruitment in Nigeria - HNJobs (Weekly Recap) LEAM Consulting Limited Job Recruitment (29 Positions) HNJobs (Recap): Federal / State Government Job Opportunities - HNJ Exclusive Applinet Technology Job Recruitment (11 Positions) Latest Entry-level & Internship Job Recruitment in Nigeria - HNJobs (Weekly Recap) Brint Online Schools Job Recruitment (7 Positions) HNJobs (Recap): International Agency / NGO / Multinational Job Opportunities - HNJ Exclusive Geoplex Drillteq Limited Job Recruitment (6 Positions) Promasidor Nigeria Job Recruitment (3 Positions) Center for Humanitarian Impact and Development (C-HID) Job Recruitment (4 Positions) LinkOrgNetwork Limited Job Recruitment (4 Positions) Dorisfit Gym and SPA Job Recruitment (11 Positions) Medical Diagnostic Centre Job Recruitment (8 Positions) - Cuanu Consult Limited Royal Resource Digital Services Job Recruitment (4 Positions) Terawork Job Recruitment (3 Positions) Kiyix Recruitment Hub Job Recruitment (7 Positions) Fiphs Infrastructure Limited Entry Level & Exp. Job Recruitment (6 Positions) KCH Consumer Healthcare Limited Job Recruitment (4 Positions) CWW Tech Africa Job Recruitment (10 Positions) The Milk Booster Job Recruitment (3 Positions) OCA Consulting Job Recruitment (6 Positions) Femywalsh Limited NYSC, Internship & Exp. Job Recruitment (9 Positions) The Label Store Job Recruitment (3 Positions) Mapemond Resource Job Recruitment (6 Positions) Rand Merchant Bank (RMB) Graduate Job Recruitment (10 Positions) MartGlobal Limited Trainee & Exp. Job Recruitment (4 Positions) Engee PET Manufacturing Company Nigeria Limited Job Recruitment (3 Positions) Malaria Consortium Job Recruitment (4 Positions) Cornerstone Montessori Schools Job Recruitment (3 Positions) Proforce Industries Limited Job Recruitment (8 Positions) Arit of Africa Limited NYSC and Exp. Job Recruitment (3 Positions) ASA Security Job Recruitment (6 Positions)",,Nigeria,remote,Global,,Computer / AI / Technology / IT Services,,,,,,,,,https://www.hotnigerianjobs.com/hotjobs/949491/promasidor-nigeria-job-recruitment-3-positions.html,2026-08-30T15:19:40+00:00
62981be0d8407ec0,hotnigerianjobs,949487,Center for Humanitarian Impact and Development (C-HID) Job Recruitment (4 Positions),,Center for Humanitarian Impact and Development (C-HID) Job Recruitment (4 Positions),,Nigeria,unknown,,,Computer / AI / Technology / IT Services,,,,,,,,,https://www.hotnigerianjobs.com/hotjobs/949487/center-for-humanitarian-impact-and-development-chi.html,2026-08-30T15:19:40+00:00
121f228baefae33a,hotnigerianjobs,949482,LinkOrgNetwork Limited Job Recruitment (4 Positions),,"PZ Cussons Nigeria Limited Job Recruitment (5 Positions) Cutting-Edge International Academy Job Recruitment (13 Positions) Redeemer's 103.5 FM Volunteer & Exp. Job Recruitment (7 Positions) Contemporary Group Limited (CGL) Job Recruitment (3 Positions) The Impeccable Skills Company Job Recruitment (3 Positions) HNJ Exclusive Job GOODY Bag - AUGUST Week FOUR UPDATE! Noble Guide Academy Job Recruitment (3 Positions) Telic International Academy Job Recruitment (7 Positions) Mater Purissima Secondary School Job Recruitment (8 Positions) TheHRHive Job Recruitment (4 Positions) PGE Travels and Education Consulting Graduate, Internship & Exp. Job Recruitment (4 Positions) Baker Hughes Job Recruitment (6 Positions) Latest Graduate & Management Trainee Job Recruitment in Nigeria - HNJobs (Weekly Recap) HNJobs (Recap): Remote / Work-At-Home Job Opportunities Homeland Integrated Offshore Services Job Recruitment (4 Positions) Atis Limited Graduate & Exp. Job Recruitment (3 Positions) United Nations International Children's Emergency Fund (UNICEF) Job Recruitment (3 Positions) Latest Oil & Gas Job Opportunities in Nigeria - HNJ Exclusive Latest Customer Service / Front Desk Job Recruitment in Nigeria - HNJobs (Weekly Recap) LEAM Consulting Limited Job Recruitment (29 Positions) HNJobs (Recap): Federal / State Government Job Opportunities - HNJ Exclusive Applinet Technology Job Recruitment (11 Positions) Latest Entry-level & Internship Job Recruitment in Nigeria - HNJobs (Weekly Recap) Brint Online Schools Job Recruitment (7 Positions) HNJobs (Recap): International Agency / NGO / Multinational Job Opportunities - HNJ Exclusive Geoplex Drillteq Limited Job Recruitment (6 Positions) Promasidor Nigeria Job Recruitment (3 Positions) Center for Humanitarian Impact and Development (C-HID) Job Recruitment (4 Positions) LinkOrgNetwork Limited Job Recruitment (4 Positions) Dorisfit Gym and SPA Job Recruitment (11 Positions) Medical Diagnostic Centre Job Recruitment (8 Positions) - Cuanu Consult Limited Royal Resource Digital Services Job Recruitment (4 Positions) Terawork Job Recruitment (3 Positions) Kiyix Recruitment Hub Job Recruitment (7 Positions) Fiphs Infrastructure Limited Entry Level & Exp. Job Recruitment (6 Positions) KCH Consumer Healthcare Limited Job Recruitment (4 Positions) CWW Tech Africa Job Recruitment (10 Positions) The Milk Booster Job Recruitment (3 Positions) OCA Consulting Job Recruitment (6 Positions) Femywalsh Limited NYSC, Internship & Exp. Job Recruitment (9 Positions) The Label Store Job Recruitment (3 Positions) Mapemond Resource Job Recruitment (6 Positions) Rand Merchant Bank (RMB) Graduate Job Recruitment (10 Positions) MartGlobal Limited Trainee & Exp. Job Recruitment (4 Positions) Engee PET Manufacturing Company Nigeria Limited Job Recruitment (3 Positions) Malaria Consortium Job Recruitment (4 Positions) Cornerstone Montessori Schools Job Recruitment (3 Positions) Proforce Industries Limited Job Recruitment (8 Positions) Arit of Africa Limited NYSC and Exp. Job Recruitment (3 Positions) ASA Security Job Recruitment (6 Positions)",,Nigeria,remote,Global,,Computer / AI / Technology / IT Services,,,,,,,,,https://www.hotnigerianjobs.com/hotjobs/949482/linkorgnetwork-limited-job-recruitment-4-positions.html,2026-08-30T15:19:40+00:00
ebcb2e1cea47f78e,hotnigerianjobs,949472,Dorisfit Gym and SPA Job Recruitment (11 Positions),,"PZ Cussons Nigeria Limited Job Recruitment (5 Positions) Cutting-Edge International Academy Job Recruitment (13 Positions) Redeemer's 103.5 FM Volunteer & Exp. Job Recruitment (7 Positions) Contemporary Group Limited (CGL) Job Recruitment (3 Positions) The Impeccable Skills Company Job Recruitment (3 Positions) HNJ Exclusive Job GOODY Bag - AUGUST Week FOUR UPDATE! Noble Guide Academy Job Recruitment (3 Positions) Telic International Academy Job Recruitment (7 Positions) Mater Purissima Secondary School Job Recruitment (8 Positions) TheHRHive Job Recruitment (4 Positions) PGE Travels and Education Consulting Graduate, Internship & Exp. Job Recruitment (4 Positions) Baker Hughes Job Recruitment (6 Positions) Latest Graduate & Management Trainee Job Recruitment in Nigeria - HNJobs (Weekly Recap) HNJobs (Recap): Remote / Work-At-Home Job Opportunities Homeland Integrated Offshore Services Job Recruitment (4 Positions) Atis Limited Graduate & Exp. Job Recruitment (3 Positions) United Nations International Children's Emergency Fund (UNICEF) Job Recruitment (3 Positions) Latest Oil & Gas Job Opportunities in Nigeria - HNJ Exclusive Latest Customer Service / Front Desk Job Recruitment in Nigeria - HNJobs (Weekly Recap) LEAM Consulting Limited Job Recruitment (29 Positions) HNJobs (Recap): Federal / State Government Job Opportunities - HNJ Exclusive Applinet Technology Job Recruitment (11 Positions) Latest Entry-level & Internship Job Recruitment in Nigeria - HNJobs (Weekly Recap) Brint Online Schools Job Recruitment (7 Positions) HNJobs (Recap): International Agency / NGO / Multinational Job Opportunities - HNJ Exclusive Geoplex Drillteq Limited Job Recruitment (6 Positions) Promasidor Nigeria Job Recruitment (3 Positions) Center for Humanitarian Impact and Development (C-HID) Job Recruitment (4 Positions) LinkOrgNetwork Limited Job Recruitment (4 Positions) Dorisfit Gym and SPA Job Recruitment (11 Positions) Medical Diagnostic Centre Job Recruitment (8 Positions) - Cuanu Consult Limited Royal Resource Digital Services Job Recruitment (4 Positions) Terawork Job Recruitment (3 Positions) Kiyix Recruitment Hub Job Recruitment (7 Positions) Fiphs Infrastructure Limited Entry Level & Exp. Job Recruitment (6 Positions) KCH Consumer Healthcare Limited Job Recruitment (4 Positions) CWW Tech Africa Job Recruitment (10 Positions) The Milk Booster Job Recruitment (3 Positions) OCA Consulting Job Recruitment (6 Positions) Femywalsh Limited NYSC, Internship & Exp. Job Recruitment (9 Positions) The Label Store Job Recruitment (3 Positions) Mapemond Resource Job Recruitment (6 Positions) Rand Merchant Bank (RMB) Graduate Job Recruitment (10 Positions) MartGlobal Limited Trainee & Exp. Job Recruitment (4 Positions) Engee PET Manufacturing Company Nigeria Limited Job Recruitment (3 Positions) Malaria Consortium Job Recruitment (4 Positions) Cornerstone Montessori Schools Job Recruitment (3 Positions) Proforce Industries Limited Job Recruitment (8 Positions) Arit of Africa Limited NYSC and Exp. Job Recruitment (3 Positions) ASA Security Job Recruitment (6 Positions)",,Nigeria,remote,Global,,Computer / AI / Technology / IT Services,,,,,,,,,https://www.hotnigerianjobs.com/hotjobs/949472/dorisfit-gym-and-spa-job-recruitment-11-positions.html,2026-08-30T15:19:40+00:00
77fe82b96d564876,hotnigerianjobs,949450,Medical Diagnostic Centre Job Recruitment (8 Positions) - Cuanu Consult Limited,,Medical Diagnostic Centre Job Recruitment (8 Positions) - Cuanu Consult Limited,,Nigeria,unknown,,,Computer / AI / Technology / IT Services,,,,,,,,,https://www.hotnigerianjobs.com/hotjobs/949450/medical-diagnostic-centre-job-recruitment-8-positi.html,2026-08-30T15:19:40+00:00
8e611b73eb50a5dc,hotnigerianjobs,949445,Royal Resource Digital Services Job Recruitment (4 Positions),,Royal Resource Digital Services Job Recruitment (4 Positions),,Nigeria,unknown,,,Computer / AI / Technology / IT Services,,,,,,,,,https://www.hotnigerianjobs.com/hotjobs/949445/royal-resource-digital-services-job-recruitment-3.html,2026-08-30T15:19:40+00:00
6e9bd039ea3c6a88,hotnigerianjobs,949436,Terawork Job Recruitment (3 Positions),,"PZ Cussons Nigeria Limited Job Recruitment (5 Positions) Cutting-Edge International Academy Job Recruitment (13 Positions) Redeemer's 103.5 FM Volunteer & Exp. Job Recruitment (7 Positions) Contemporary Group Limited (CGL) Job Recruitment (3 Positions) The Impeccable Skills Company Job Recruitment (3 Positions) HNJ Exclusive Job GOODY Bag - AUGUST Week FOUR UPDATE! Noble Guide Academy Job Recruitment (3 Positions) Telic International Academy Job Recruitment (7 Positions) Mater Purissima Secondary School Job Recruitment (8 Positions) TheHRHive Job Recruitment (4 Positions) PGE Travels and Education Consulting Graduate, Internship & Exp. Job Recruitment (4 Positions) Baker Hughes Job Recruitment (6 Positions) Latest Graduate & Management Trainee Job Recruitment in Nigeria - HNJobs (Weekly Recap) HNJobs (Recap): Remote / Work-At-Home Job Opportunities Homeland Integrated Offshore Services Job Recruitment (4 Positions) Atis Limited Graduate & Exp. Job Recruitment (3 Positions) United Nations International Children's Emergency Fund (UNICEF) Job Recruitment (3 Positions) Latest Oil & Gas Job Opportunities in Nigeria - HNJ Exclusive Latest Customer Service / Front Desk Job Recruitment in Nigeria - HNJobs (Weekly Recap) LEAM Consulting Limited Job Recruitment (29 Positions) HNJobs (Recap): Federal / State Government Job Opportunities - HNJ Exclusive Applinet Technology Job Recruitment (11 Positions) Latest Entry-level & Internship Job Recruitment in Nigeria - HNJobs (Weekly Recap) Brint Online Schools Job Recruitment (7 Positions) HNJobs (Recap): International Agency / NGO / Multinational Job Opportunities - HNJ Exclusive Geoplex Drillteq Limited Job Recruitment (6 Positions) Promasidor Nigeria Job Recruitment (3 Positions) Center for Humanitarian Impact and Development (C-HID) Job Recruitment (4 Positions) LinkOrgNetwork Limited Job Recruitment (4 Positions) Dorisfit Gym and SPA Job Recruitment (11 Positions) Medical Diagnostic Centre Job Recruitment (8 Positions) - Cuanu Consult Limited Royal Resource Digital Services Job Recruitment (4 Positions) Terawork Job Recruitment (3 Positions) Kiyix Recruitment Hub Job Recruitment (7 Positions) Fiphs Infrastructure Limited Entry Level & Exp. Job Recruitment (6 Positions) KCH Consumer Healthcare Limited Job Recruitment (4 Positions) CWW Tech Africa Job Recruitment (10 Positions) The Milk Booster Job Recruitment (3 Positions) OCA Consulting Job Recruitment (6 Positions) Femywalsh Limited NYSC, Internship & Exp. Job Recruitment (9 Positions) The Label Store Job Recruitment (3 Positions) Mapemond Resource Job Recruitment (6 Positions) Rand Merchant Bank (RMB) Graduate Job Recruitment (10 Positions) MartGlobal Limited Trainee & Exp. Job Recruitment (4 Positions) Engee PET Manufacturing Company Nigeria Limited Job Recruitment (3 Positions) Malaria Consortium Job Recruitment (4 Positions) Cornerstone Montessori Schools Job Recruitment (3 Positions) Proforce Industries Limited Job Recruitment (8 Positions) Arit of Africa Limited NYSC and Exp. Job Recruitment (3 Positions) ASA Security Job Recruitment (6 Positions)",,Nigeria,remote,Global,,Computer / AI / Technology / IT Services,,,,,,,,,https://www.hotnigerianjobs.com/hotjobs/949436/terawork-job-recruitment-3-positions.html,2026-08-30T15:19:40+00:00
4fbf79050f3974e9,hotnigerianjobs,949406,Kiyix Recruitment Hub Job Recruitment (7 Positions),,"PZ Cussons Nigeria Limited Job Recruitment (5 Positions) Cutting-Edge International Academy Job Recruitment (13 Positions) Redeemer's 103.5 FM Volunteer & Exp. Job Recruitment (7 Positions) Contemporary Group Limited (CGL) Job Recruitment (3 Positions) The Impeccable Skills Company Job Recruitment (3 Positions) HNJ Exclusive Job GOODY Bag - AUGUST Week FOUR UPDATE! Noble Guide Academy Job Recruitment (3 Positions) Telic International Academy Job Recruitment (7 Positions) Mater Purissima Secondary School Job Recruitment (8 Positions) TheHRHive Job Recruitment (4 Positions) PGE Travels and Education Consulting Graduate, Internship & Exp. Job Recruitment (4 Positions) Baker Hughes Job Recruitment (6 Positions) Latest Graduate & Management Trainee Job Recruitment in Nigeria - HNJobs (Weekly Recap) HNJobs (Recap): Remote / Work-At-Home Job Opportunities Homeland Integrated Offshore Services Job Recruitment (4 Positions) Atis Limited Graduate & Exp. Job Recruitment (3 Positions) United Nations International Children's Emergency Fund (UNICEF) Job Recruitment (3 Positions) Latest Oil & Gas Job Opportunities in Nigeria - HNJ Exclusive Latest Customer Service / Front Desk Job Recruitment in Nigeria - HNJobs (Weekly Recap) LEAM Consulting Limited Job Recruitment (29 Positions) HNJobs (Recap): Federal / State Government Job Opportunities - HNJ Exclusive Applinet Technology Job Recruitment (11 Positions) Latest Entry-level & Internship Job Recruitment in Nigeria - HNJobs (Weekly Recap) Brint Online Schools Job Recruitment (7 Positions) HNJobs (Recap): International Agency / NGO / Multinational Job Opportunities - HNJ Exclusive Geoplex Drillteq Limited Job Recruitment (6 Positions) Promasidor Nigeria Job Recruitment (3 Positions) Center for Humanitarian Impact and Development (C-HID) Job Recruitment (4 Positions) LinkOrgNetwork Limited Job Recruitment (4 Positions) Dorisfit Gym and SPA Job Recruitment (11 Positions) Medical Diagnostic Centre Job Recruitment (8 Positions) - Cuanu Consult Limited Royal Resource Digital Services Job Recruitment (4 Positions) Terawork Job Recruitment (3 Positions) Kiyix Recruitment Hub Job Recruitment (7 Positions) Fiphs Infrastructure Limited Entry Level & Exp. Job Recruitment (6 Positions) KCH Consumer Healthcare Limited Job Recruitment (4 Positions) CWW Tech Africa Job Recruitment (10 Positions) The Milk Booster Job Recruitment (3 Positions) OCA Consulting Job Recruitment (6 Positions) Femywalsh Limited NYSC, Internship & Exp. Job Recruitment (9 Positions) The Label Store Job Recruitment (3 Positions) Mapemond Resource Job Recruitment (6 Positions) Rand Merchant Bank (RMB) Graduate Job Recruitment (10 Positions) MartGlobal Limited Trainee & Exp. Job Recruitment (4 Positions) Engee PET Manufacturing Company Nigeria Limited Job Recruitment (3 Positions) Malaria Consortium Job Recruitment (4 Positions) Cornerstone Montessori Schools Job Recruitment (3 Positions) Proforce Industries Limited Job Recruitment (8 Positions) Arit of Africa Limited NYSC and Exp. Job Recruitment (3 Positions) ASA Security Job Recruitment (6 Positions)",,Nigeria,remote,Global,,Computer / AI / Technology / IT Services,,,,,,,,,https://www.hotnigerianjobs.com/hotjobs/949406/kiyix-recruitment-hub-job-recruitment-7-positions.html,2026-08-30T15:19:40+00:00
793b1a721315bb04,hotnigerianjobs,949392,Fiphs Infrastructure Limited Entry Level & Exp. Job Recruitment (6 Positions),,Fiphs Infrastructure Limited Entry Level & Exp. Job Recruitment (6 Positions),,Nigeria,unknown,,,Computer / AI / Technology / IT Services,,,,,,,,,https://www.hotnigerianjobs.com/hotjobs/949392/fiphs-infrastructure-limited-entry-level-exp-job-r.html,2026-08-30T15:19:40+00:00
16dd4b9a86636f91,hotnigerianjobs,949384,KCH Consumer Healthcare Limited Job Recruitment (4 Positions),,KCH Consumer Healthcare Limited Job Recruitment (4 Positions),,Nigeria,unknown,,,Computer / AI / Technology / IT Services,,,,,,,,,https://www.hotnigerianjobs.com/hotjobs/949384/kch-consumer-healthcare-limited-job-recruitment-4.html,2026-08-30T15:19:40+00:00
12cef1dde54da39e,hotnigerianjobs,949383,CWW Tech Africa Job Recruitment (10 Positions),,"PZ Cussons Nigeria Limited Job Recruitment (5 Positions) Cutting-Edge International Academy Job Recruitment (13 Positions) Redeemer's 103.5 FM Volunteer & Exp. Job Recruitment (7 Positions) Contemporary Group Limited (CGL) Job Recruitment (3 Positions) The Impeccable Skills Company Job Recruitment (3 Positions) HNJ Exclusive Job GOODY Bag - AUGUST Week FOUR UPDATE! Noble Guide Academy Job Recruitment (3 Positions) Telic International Academy Job Recruitment (7 Positions) Mater Purissima Secondary School Job Recruitment (8 Positions) TheHRHive Job Recruitment (4 Positions) PGE Travels and Education Consulting Graduate, Internship & Exp. Job Recruitment (4 Positions) Baker Hughes Job Recruitment (6 Positions) Latest Graduate & Management Trainee Job Recruitment in Nigeria - HNJobs (Weekly Recap) HNJobs (Recap): Remote / Work-At-Home Job Opportunities Homeland Integrated Offshore Services Job Recruitment (4 Positions) Atis Limited Graduate & Exp. Job Recruitment (3 Positions) United Nations International Children's Emergency Fund (UNICEF) Job Recruitment (3 Positions) Latest Oil & Gas Job Opportunities in Nigeria - HNJ Exclusive Latest Customer Service / Front Desk Job Recruitment in Nigeria - HNJobs (Weekly Recap) LEAM Consulting Limited Job Recruitment (29 Positions) HNJobs (Recap): Federal / State Government Job Opportunities - HNJ Exclusive Applinet Technology Job Recruitment (11 Positions) Latest Entry-level & Internship Job Recruitment in Nigeria - HNJobs (Weekly Recap) Brint Online Schools Job Recruitment (7 Positions) HNJobs (Recap): International Agency / NGO / Multinational Job Opportunities - HNJ Exclusive Geoplex Drillteq Limited Job Recruitment (6 Positions) Promasidor Nigeria Job Recruitment (3 Positions) Center for Humanitarian Impact and Development (C-HID) Job Recruitment (4 Positions) LinkOrgNetwork Limited Job Recruitment (4 Positions) Dorisfit Gym and SPA Job Recruitment (11 Positions) Medical Diagnostic Centre Job Recruitment (8 Positions) - Cuanu Consult Limited Royal Resource Digital Services Job Recruitment (4 Positions) Terawork Job Recruitment (3 Positions) Kiyix Recruitment Hub Job Recruitment (7 Positions) Fiphs Infrastructure Limited Entry Level & Exp. Job Recruitment (6 Positions) KCH Consumer Healthcare Limited Job Recruitment (4 Positions) CWW Tech Africa Job Recruitment (10 Positions) The Milk Booster Job Recruitment (3 Positions) OCA Consulting Job Recruitment (6 Positions) Femywalsh Limited NYSC, Internship & Exp. Job Recruitment (9 Positions) The Label Store Job Recruitment (3 Positions) Mapemond Resource Job Recruitment (6 Positions) Rand Merchant Bank (RMB) Graduate Job Recruitment (10 Positions) MartGlobal Limited Trainee & Exp. Job Recruitment (4 Positions) Engee PET Manufacturing Company Nigeria Limited Job Recruitment (3 Positions) Malaria Consortium Job Recruitment (4 Positions) Cornerstone Montessori Schools Job Recruitment (3 Positions) Proforce Industries Limited Job Recruitment (8 Positions) Arit of Africa Limited NYSC and Exp. Job Recruitment (3 Positions) ASA Security Job Recruitment (6 Positions)",,Nigeria,remote,Global,,Computer / AI / Technology / IT Services,,,,,,,,,https://www.hotnigerianjobs.com/hotjobs/949383/cww-tech-africa-job-recruitment-10-positions.html,2026-08-30T15:19:40+00:00
58392a50b2ded1c9,hotnigerianjobs,949382,The Milk Booster Job Recruitment (3 Positions),,"PZ Cussons Nigeria Limited Job Recruitment (5 Positions) Cutting-Edge International Academy Job Recruitment (13 Positions) Redeemer's 103.5 FM Volunteer & Exp. Job Recruitment (7 Positions) Contemporary Group Limited (CGL) Job Recruitment (3 Positions) The Impeccable Skills Company Job Recruitment (3 Positions) HNJ Exclusive Job GOODY Bag - AUGUST Week FOUR UPDATE! Noble Guide Academy Job Recruitment (3 Positions) Telic International Academy Job Recruitment (7 Positions) Mater Purissima Secondary School Job Recruitment (8 Positions) TheHRHive Job Recruitment (4 Positions) PGE Travels and Education Consulting Graduate, Internship & Exp. Job Recruitment (4 Positions) Baker Hughes Job Recruitment (6 Positions) Latest Graduate & Management Trainee Job Recruitment in Nigeria - HNJobs (Weekly Recap) HNJobs (Recap): Remote / Work-At-Home Job Opportunities Homeland Integrated Offshore Services Job Recruitment (4 Positions) Atis Limited Graduate & Exp. Job Recruitment (3 Positions) United Nations International Children's Emergency Fund (UNICEF) Job Recruitment (3 Positions) Latest Oil & Gas Job Opportunities in Nigeria - HNJ Exclusive Latest Customer Service / Front Desk Job Recruitment in Nigeria - HNJobs (Weekly Recap) LEAM Consulting Limited Job Recruitment (29 Positions) HNJobs (Recap): Federal / State Government Job Opportunities - HNJ Exclusive Applinet Technology Job Recruitment (11 Positions) Latest Entry-level & Internship Job Recruitment in Nigeria - HNJobs (Weekly Recap) Brint Online Schools Job Recruitment (7 Positions) HNJobs (Recap): International Agency / NGO / Multinational Job Opportunities - HNJ Exclusive Geoplex Drillteq Limited Job Recruitment (6 Positions) Promasidor Nigeria Job Recruitment (3 Positions) Center for Humanitarian Impact and Development (C-HID) Job Recruitment (4 Positions) LinkOrgNetwork Limited Job Recruitment (4 Positions) Dorisfit Gym and SPA Job Recruitment (11 Positions) Medical Diagnostic Centre Job Recruitment (8 Positions) - Cuanu Consult Limited Royal Resource Digital Services Job Recruitment (4 Positions) Terawork Job Recruitment (3 Positions) Kiyix Recruitment Hub Job Recruitment (7 Positions) Fiphs Infrastructure Limited Entry Level & Exp. Job Recruitment (6 Positions) KCH Consumer Healthcare Limited Job Recruitment (4 Positions) CWW Tech Africa Job Recruitment (10 Positions) The Milk Booster Job Recruitment (3 Positions) OCA Consulting Job Recruitment (6 Positions) Femywalsh Limited NYSC, Internship & Exp. Job Recruitment (9 Positions) The Label Store Job Recruitment (3 Positions) Mapemond Resource Job Recruitment (6 Positions) Rand Merchant Bank (RMB) Graduate Job Recruitment (10 Positions) MartGlobal Limited Trainee & Exp. Job Recruitment (4 Positions) Engee PET Manufacturing Company Nigeria Limited Job Recruitment (3 Positions) Malaria Consortium Job Recruitment (4 Positions) Cornerstone Montessori Schools Job Recruitment (3 Positions) Proforce Industries Limited Job Recruitment (8 Positions) Arit of Africa Limited NYSC and Exp. Job Recruitment (3 Positions) ASA Security Job Recruitment (6 Positions)",,Nigeria,remote,Global,,Computer / AI / Technology / IT Services,,,,,,,,,https://www.hotnigerianjobs.com/hotjobs/949382/the-milk-booster-job-recruitment-3-positions.html,2026-08-30T15:19:40+00:00
4e09cd2c971f5210,hotnigerianjobs,949381,OCA Consulting Job Recruitment (6 Positions),,"PZ Cussons Nigeria Limited Job Recruitment (5 Positions) Cutting-Edge International Academy Job Recruitment (13 Positions) Redeemer's 103.5 FM Volunteer & Exp. Job Recruitment (7 Positions) Contemporary Group Limited (CGL) Job Recruitment (3 Positions) The Impeccable Skills Company Job Recruitment (3 Positions) HNJ Exclusive Job GOODY Bag - AUGUST Week FOUR UPDATE! Noble Guide Academy Job Recruitment (3 Positions) Telic International Academy Job Recruitment (7 Positions) Mater Purissima Secondary School Job Recruitment (8 Positions) TheHRHive Job Recruitment (4 Positions) PGE Travels and Education Consulting Graduate, Internship & Exp. Job Recruitment (4 Positions) Baker Hughes Job Recruitment (6 Positions) Latest Graduate & Management Trainee Job Recruitment in Nigeria - HNJobs (Weekly Recap) HNJobs (Recap): Remote / Work-At-Home Job Opportunities Homeland Integrated Offshore Services Job Recruitment (4 Positions) Atis Limited Graduate & Exp. Job Recruitment (3 Positions) United Nations International Children's Emergency Fund (UNICEF) Job Recruitment (3 Positions) Latest Oil & Gas Job Opportunities in Nigeria - HNJ Exclusive Latest Customer Service / Front Desk Job Recruitment in Nigeria - HNJobs (Weekly Recap) LEAM Consulting Limited Job Recruitment (29 Positions) HNJobs (Recap): Federal / State Government Job Opportunities - HNJ Exclusive Applinet Technology Job Recruitment (11 Positions) Latest Entry-level & Internship Job Recruitment in Nigeria - HNJobs (Weekly Recap) Brint Online Schools Job Recruitment (7 Positions) HNJobs (Recap): International Agency / NGO / Multinational Job Opportunities - HNJ Exclusive Geoplex Drillteq Limited Job Recruitment (6 Positions) Promasidor Nigeria Job Recruitment (3 Positions) Center for Humanitarian Impact and Development (C-HID) Job Recruitment (4 Positions) LinkOrgNetwork Limited Job Recruitment (4 Positions) Dorisfit Gym and SPA Job Recruitment (11 Positions) Medical Diagnostic Centre Job Recruitment (8 Positions) - Cuanu Consult Limited Royal Resource Digital Services Job Recruitment (4 Positions) Terawork Job Recruitment (3 Positions) Kiyix Recruitment Hub Job Recruitment (7 Positions) Fiphs Infrastructure Limited Entry Level & Exp. Job Recruitment (6 Positions) KCH Consumer Healthcare Limited Job Recruitment (4 Positions) CWW Tech Africa Job Recruitment (10 Positions) The Milk Booster Job Recruitment (3 Positions) OCA Consulting Job Recruitment (6 Positions) Femywalsh Limited NYSC, Internship & Exp. Job Recruitment (9 Positions) The Label Store Job Recruitment (3 Positions) Mapemond Resource Job Recruitment (6 Positions) Rand Merchant Bank (RMB) Graduate Job Recruitment (10 Positions) MartGlobal Limited Trainee & Exp. Job Recruitment (4 Positions) Engee PET Manufacturing Company Nigeria Limited Job Recruitment (3 Positions) Malaria Consortium Job Recruitment (4 Positions) Cornerstone Montessori Schools Job Recruitment (3 Positions) Proforce Industries Limited Job Recruitment (8 Positions) Arit of Africa Limited NYSC and Exp. Job Recruitment (3 Positions) ASA Security Job Recruitment (6 Positions)",,Nigeria,remote,Global,,Computer / AI / Technology / IT Services,,,,,,,,,https://www.hotnigerianjobs.com/hotjobs/949381/oca-consulting-job-recruitment-6-positions.html,2026-08-30T15:19:40+00:00
bac9d1a24998bf1b,hotnigerianjobs,949380,"Femywalsh Limited NYSC, Internship & Exp. Job Recruitment (9 Positions)",,"Femywalsh Limited NYSC, Internship & Exp. Job Recruitment (9 Positions)",,Nigeria,unknown,,,Computer / AI / Technology / IT Services,,,,,,,,,https://www.hotnigerianjobs.com/hotjobs/949380/femywalsh-limited-nysc-internship-exp-job-recruitm.html,2026-08-30T15:19:40+00:00
9f894a0595f1a9a2,hotnigerianjobs,949379,The Label Store Job Recruitment (3 Positions),,"PZ Cussons Nigeria Limited Job Recruitment (5 Positions) Cutting-Edge International Academy Job Recruitment (13 Positions) Redeemer's 103.5 FM Volunteer & Exp. Job Recruitment (7 Positions) Contemporary Group Limited (CGL) Job Recruitment (3 Positions) The Impeccable Skills Company Job Recruitment (3 Positions) HNJ Exclusive Job GOODY Bag - AUGUST Week FOUR UPDATE! Noble Guide Academy Job Recruitment (3 Positions) Telic International Academy Job Recruitment (7 Positions) Mater Purissima Secondary School Job Recruitment (8 Positions) TheHRHive Job Recruitment (4 Positions) PGE Travels and Education Consulting Graduate, Internship & Exp. Job Recruitment (4 Positions) Baker Hughes Job Recruitment (6 Positions) Latest Graduate & Management Trainee Job Recruitment in Nigeria - HNJobs (Weekly Recap) HNJobs (Recap): Remote / Work-At-Home Job Opportunities Homeland Integrated Offshore Services Job Recruitment (4 Positions) Atis Limited Graduate & Exp. Job Recruitment (3 Positions) United Nations International Children's Emergency Fund (UNICEF) Job Recruitment (3 Positions) Latest Oil & Gas Job Opportunities in Nigeria - HNJ Exclusive Latest Customer Service / Front Desk Job Recruitment in Nigeria - HNJobs (Weekly Recap) LEAM Consulting Limited Job Recruitment (29 Positions) HNJobs (Recap): Federal / State Government Job Opportunities - HNJ Exclusive Applinet Technology Job Recruitment (11 Positions) Latest Entry-level & Internship Job Recruitment in Nigeria - HNJobs (Weekly Recap) Brint Online Schools Job Recruitment (7 Positions) HNJobs (Recap): International Agency / NGO / Multinational Job Opportunities - HNJ Exclusive Geoplex Drillteq Limited Job Recruitment (6 Positions) Promasidor Nigeria Job Recruitment (3 Positions) Center for Humanitarian Impact and Development (C-HID) Job Recruitment (4 Positions) LinkOrgNetwork Limited Job Recruitment (4 Positions) Dorisfit Gym and SPA Job Recruitment (11 Positions) Medical Diagnostic Centre Job Recruitment (8 Positions) - Cuanu Consult Limited Royal Resource Digital Services Job Recruitment (4 Positions) Terawork Job Recruitment (3 Positions) Kiyix Recruitment Hub Job Recruitment (7 Positions) Fiphs Infrastructure Limited Entry Level & Exp. Job Recruitment (6 Positions) KCH Consumer Healthcare Limited Job Recruitment (4 Positions) CWW Tech Africa Job Recruitment (10 Positions) The Milk Booster Job Recruitment (3 Positions) OCA Consulting Job Recruitment (6 Positions) Femywalsh Limited NYSC, Internship & Exp. Job Recruitment (9 Positions) The Label Store Job Recruitment (3 Positions) Mapemond Resource Job Recruitment (6 Positions) Rand Merchant Bank (RMB) Graduate Job Recruitment (10 Positions) MartGlobal Limited Trainee & Exp. Job Recruitment (4 Positions) Engee PET Manufacturing Company Nigeria Limited Job Recruitment (3 Positions) Malaria Consortium Job Recruitment (4 Positions) Cornerstone Montessori Schools Job Recruitment (3 Positions) Proforce Industries Limited Job Recruitment (8 Positions) Arit of Africa Limited NYSC and Exp. Job Recruitment (3 Positions) ASA Security Job Recruitment (6 Positions)",,Nigeria,remote,Global,,Computer / AI / Technology / IT Services,,,,,,,,,https://www.hotnigerianjobs.com/hotjobs/949379/the-label-store-job-recruitment-3-positions.html,2026-08-30T15:19:40+00:00
3889460223ca79d2,hotnigerianjobs,949378,Mapemond Resource Job Recruitment (6 Positions),,"PZ Cussons Nigeria Limited Job Recruitment (5 Positions) Cutting-Edge International Academy Job Recruitment (13 Positions) Redeemer's 103.5 FM Volunteer & Exp. Job Recruitment (7 Positions) Contemporary Group Limited (CGL) Job Recruitment (3 Positions) The Impeccable Skills Company Job Recruitment (3 Positions) HNJ Exclusive Job GOODY Bag - AUGUST Week FOUR UPDATE! Noble Guide Academy Job Recruitment (3 Positions) Telic International Academy Job Recruitment (7 Positions) Mater Purissima Secondary School Job Recruitment (8 Positions) TheHRHive Job Recruitment (4 Positions) PGE Travels and Education Consulting Graduate, Internship & Exp. Job Recruitment (4 Positions) Baker Hughes Job Recruitment (6 Positions) Latest Graduate & Management Trainee Job Recruitment in Nigeria - HNJobs (Weekly Recap) HNJobs (Recap): Remote / Work-At-Home Job Opportunities Homeland Integrated Offshore Services Job Recruitment (4 Positions) Atis Limited Graduate & Exp. Job Recruitment (3 Positions) United Nations International Children's Emergency Fund (UNICEF) Job Recruitment (3 Positions) Latest Oil & Gas Job Opportunities in Nigeria - HNJ Exclusive Latest Customer Service / Front Desk Job Recruitment in Nigeria - HNJobs (Weekly Recap) LEAM Consulting Limited Job Recruitment (29 Positions) HNJobs (Recap): Federal / State Government Job Opportunities - HNJ Exclusive Applinet Technology Job Recruitment (11 Positions) Latest Entry-level & Internship Job Recruitment in Nigeria - HNJobs (Weekly Recap) Brint Online Schools Job Recruitment (7 Positions) HNJobs (Recap): International Agency / NGO / Multinational Job Opportunities - HNJ Exclusive Geoplex Drillteq Limited Job Recruitment (6 Positions) Promasidor Nigeria Job Recruitment (3 Positions) Center for Humanitarian Impact and Development (C-HID) Job Recruitment (4 Positions) LinkOrgNetwork Limited Job Recruitment (4 Positions) Dorisfit Gym and SPA Job Recruitment (11 Positions) Medical Diagnostic Centre Job Recruitment (8 Positions) - Cuanu Consult Limited Royal Resource Digital Services Job Recruitment (4 Positions) Terawork Job Recruitment (3 Positions) Kiyix Recruitment Hub Job Recruitment (7 Positions) Fiphs Infrastructure Limited Entry Level & Exp. Job Recruitment (6 Positions) KCH Consumer Healthcare Limited Job Recruitment (4 Positions) CWW Tech Africa Job Recruitment (10 Positions) The Milk Booster Job Recruitment (3 Positions) OCA Consulting Job Recruitment (6 Positions) Femywalsh Limited NYSC, Internship & Exp. Job Recruitment (9 Positions) The Label Store Job Recruitment (3 Positions) Mapemond Resource Job Recruitment (6 Positions) Rand Merchant Bank (RMB) Graduate Job Recruitment (10 Positions) MartGlobal Limited Trainee & Exp. Job Recruitment (4 Positions) Engee PET Manufacturing Company Nigeria Limited Job Recruitment (3 Positions) Malaria Consortium Job Recruitment (4 Positions) Cornerstone Montessori Schools Job Recruitment (3 Positions) Proforce Industries Limited Job Recruitment (8 Positions) Arit of Africa Limited NYSC and Exp. Job Recruitment (3 Positions) ASA Security Job Recruitment (6 Positions)",,Nigeria,remote,Global,,Computer / AI / Technology / IT Services,,,,,,,,,https://www.hotnigerianjobs.com/hotjobs/949378/mapemond-resource-job-recruitment-5-positions.html,2026-08-30T15:19:40+00:00
01728ec25b08d3bd,hotnigerianjobs,949377,Rand Merchant Bank (RMB) Graduate Job Recruitment (10 Positions),,Rand Merchant Bank (RMB) Graduate Job Recruitment (10 Positions),,Nigeria,unknown,,,Computer / AI / Technology / IT Services,,,,,,,,,https://www.hotnigerianjobs.com/hotjobs/949377/rand-merchant-bank-rmb-graduate-exp-job-recruitmen.html,2026-08-30T15:19:40+00:00
5be3199ace985f99,hotnigerianjobs,949376,MartGlobal Limited Trainee & Exp. Job Recruitment (4 Positions),,MartGlobal Limited Trainee & Exp. Job Recruitment (4 Positions),,Nigeria,unknown,,,Computer / AI / Technology / IT Services,,,,,,,,,https://www.hotnigerianjobs.com/hotjobs/949376/martglobal-limited-trainee-exp-job-recruitment-4-p.html,2026-08-30T15:19:40+00:00
14b01e0b99a117da,hotnigerianjobs,949375,Engee PET Manufacturing Company Nigeria Limited Job Recruitment (3 Positions),,Engee PET Manufacturing Company Nigeria Limited Job Recruitment (3 Positions),,Nigeria,unknown,,,Computer / AI / Technology / IT Services,,,,,,,,,https://www.hotnigerianjobs.com/hotjobs/949375/engee-pet-manufacturing-company-nigeria-limited-jo.html,2026-08-30T15:19:40+00:00
67a76e012f5b4a5d,hotnigerianjobs,949374,Malaria Consortium Job Recruitment (4 Positions),,"PZ Cussons Nigeria Limited Job Recruitment (5 Positions) Cutting-Edge International Academy Job Recruitment (13 Positions) Redeemer's 103.5 FM Volunteer & Exp. Job Recruitment (7 Positions) Contemporary Group Limited (CGL) Job Recruitment (3 Positions) The Impeccable Skills Company Job Recruitment (3 Positions) HNJ Exclusive Job GOODY Bag - AUGUST Week FOUR UPDATE! Noble Guide Academy Job Recruitment (3 Positions) Telic International Academy Job Recruitment (7 Positions) Mater Purissima Secondary School Job Recruitment (8 Positions) TheHRHive Job Recruitment (4 Positions) PGE Travels and Education Consulting Graduate, Internship & Exp. Job Recruitment (4 Positions) Baker Hughes Job Recruitment (6 Positions) Latest Graduate & Management Trainee Job Recruitment in Nigeria - HNJobs (Weekly Recap) HNJobs (Recap): Remote / Work-At-Home Job Opportunities Homeland Integrated Offshore Services Job Recruitment (4 Positions) Atis Limited Graduate & Exp. Job Recruitment (3 Positions) United Nations International Children's Emergency Fund (UNICEF) Job Recruitment (3 Positions) Latest Oil & Gas Job Opportunities in Nigeria - HNJ Exclusive Latest Customer Service / Front Desk Job Recruitment in Nigeria - HNJobs (Weekly Recap) LEAM Consulting Limited Job Recruitment (29 Positions) HNJobs (Recap): Federal / State Government Job Opportunities - HNJ Exclusive Applinet Technology Job Recruitment (11 Positions) Latest Entry-level & Internship Job Recruitment in Nigeria - HNJobs (Weekly Recap) Brint Online Schools Job Recruitment (7 Positions) HNJobs (Recap): International Agency / NGO / Multinational Job Opportunities - HNJ Exclusive Geoplex Drillteq Limited Job Recruitment (6 Positions) Promasidor Nigeria Job Recruitment (3 Positions) Center for Humanitarian Impact and Development (C-HID) Job Recruitment (4 Positions) LinkOrgNetwork Limited Job Recruitment (4 Positions) Dorisfit Gym and SPA Job Recruitment (11 Positions) Medical Diagnostic Centre Job Recruitment (8 Positions) - Cuanu Consult Limited Royal Resource Digital Services Job Recruitment (4 Positions) Terawork Job Recruitment (3 Positions) Kiyix Recruitment Hub Job Recruitment (7 Positions) Fiphs Infrastructure Limited Entry Level & Exp. Job Recruitment (6 Positions) KCH Consumer Healthcare Limited Job Recruitment (4 Positions) CWW Tech Africa Job Recruitment (10 Positions) The Milk Booster Job Recruitment (3 Positions) OCA Consulting Job Recruitment (6 Positions) Femywalsh Limited NYSC, Internship & Exp. Job Recruitment (9 Positions) The Label Store Job Recruitment (3 Positions) Mapemond Resource Job Recruitment (6 Positions) Rand Merchant Bank (RMB) Graduate Job Recruitment (10 Positions) MartGlobal Limited Trainee & Exp. Job Recruitment (4 Positions) Engee PET Manufacturing Company Nigeria Limited Job Recruitment (3 Positions) Malaria Consortium Job Recruitment (4 Positions) Cornerstone Montessori Schools Job Recruitment (3 Positions) Proforce Industries Limited Job Recruitment (8 Positions) Arit of Africa Limited NYSC and Exp. Job Recruitment (3 Positions) ASA Security Job Recruitment (6 Positions)",,Nigeria,remote,Global,,Computer / AI / Technology / IT Services,,,,,,,,,https://www.hotnigerianjobs.com/hotjobs/949374/malaria-consortium-job-recruitment-4-positions.html,2026-08-30T15:19:40+00:00
a9d8d748c29ee720,hotnigerianjobs,949373,Cornerstone Montessori Schools Job Recruitment (3 Positions),,Cornerstone Montessori Schools Job Recruitment (3 Positions),,Nigeria,unknown,,,Computer / AI / Technology / IT Services,,,,,,,,,https://www.hotnigerianjobs.com/hotjobs/949373/cornerstone-montessori-schools-job-recruitment-3-p.html,2026-08-30T15:19:40+00:00
d898a246b16a87e7,hotnigerianjobs,949372,Proforce Industries Limited Job Recruitment (8 Positions),,"PZ Cussons Nigeria Limited Job Recruitment (5 Positions) Cutting-Edge International Academy Job Recruitment (13 Positions) Redeemer's 103.5 FM Volunteer & Exp. Job Recruitment (7 Positions) Contemporary Group Limited (CGL) Job Recruitment (3 Positions) The Impeccable Skills Company Job Recruitment (3 Positions) HNJ Exclusive Job GOODY Bag - AUGUST Week FOUR UPDATE! Noble Guide Academy Job Recruitment (3 Positions) Telic International Academy Job Recruitment (7 Positions) Mater Purissima Secondary School Job Recruitment (8 Positions) TheHRHive Job Recruitment (4 Positions) PGE Travels and Education Consulting Graduate, Internship & Exp. Job Recruitment (4 Positions) Baker Hughes Job Recruitment (6 Positions) Latest Graduate & Management Trainee Job Recruitment in Nigeria - HNJobs (Weekly Recap) HNJobs (Recap): Remote / Work-At-Home Job Opportunities Homeland Integrated Offshore Services Job Recruitment (4 Positions) Atis Limited Graduate & Exp. Job Recruitment (3 Positions) United Nations International Children's Emergency Fund (UNICEF) Job Recruitment (3 Positions) Latest Oil & Gas Job Opportunities in Nigeria - HNJ Exclusive Latest Customer Service / Front Desk Job Recruitment in Nigeria - HNJobs (Weekly Recap) LEAM Consulting Limited Job Recruitment (29 Positions) HNJobs (Recap): Federal / State Government Job Opportunities - HNJ Exclusive Applinet Technology Job Recruitment (11 Positions) Latest Entry-level & Internship Job Recruitment in Nigeria - HNJobs (Weekly Recap) Brint Online Schools Job Recruitment (7 Positions) HNJobs (Recap): International Agency / NGO / Multinational Job Opportunities - HNJ Exclusive Geoplex Drillteq Limited Job Recruitment (6 Positions) Promasidor Nigeria Job Recruitment (3 Positions) Center for Humanitarian Impact and Development (C-HID) Job Recruitment (4 Positions) LinkOrgNetwork Limited Job Recruitment (4 Positions) Dorisfit Gym and SPA Job Recruitment (11 Positions) Medical Diagnostic Centre Job Recruitment (8 Positions) - Cuanu Consult Limited Royal Resource Digital Services Job Recruitment (4 Positions) Terawork Job Recruitment (3 Positions) Kiyix Recruitment Hub Job Recruitment (7 Positions) Fiphs Infrastructure Limited Entry Level & Exp. Job Recruitment (6 Positions) KCH Consumer Healthcare Limited Job Recruitment (4 Positions) CWW Tech Africa Job Recruitment (10 Positions) The Milk Booster Job Recruitment (3 Positions) OCA Consulting Job Recruitment (6 Positions) Femywalsh Limited NYSC, Internship & Exp. Job Recruitment (9 Positions) The Label Store Job Recruitment (3 Positions) Mapemond Resource Job Recruitment (6 Positions) Rand Merchant Bank (RMB) Graduate Job Recruitment (10 Positions) MartGlobal Limited Trainee & Exp. Job Recruitment (4 Positions) Engee PET Manufacturing Company Nigeria Limited Job Recruitment (3 Positions) Malaria Consortium Job Recruitment (4 Positions) Cornerstone Montessori Schools Job Recruitment (3 Positions) Proforce Industries Limited Job Recruitment (8 Positions) Arit of Africa Limited NYSC and Exp. Job Recruitment (3 Positions) ASA Security Job Recruitment (6 Positions)",,Nigeria,remote,Global,,Computer / AI / Technology / IT Services,,,,,,,,,https://www.hotnigerianjobs.com/hotjobs/949372/proforce-industries-limited-job-recruitment-8-posi.html,2026-08-30T15:19:40+00:00
c75637d614075064,hotnigerianjobs,949370,Arit of Africa Limited NYSC and Exp. Job Recruitment (3 Positions),,Arit of Africa Limited NYSC and Exp. Job Recruitment (3 Positions),,Nigeria,unknown,,,Computer / AI / Technology / IT Services,,,,,,,,,https://www.hotnigerianjobs.com/hotjobs/949370/arit-of-africa-limited-nysc-and-exp-job-recruitmen.html,2026-08-30T15:19:40+00:00
b9148c257d4fc67a,hotnigerianjobs,949369,ASA Security Job Recruitment (6 Positions),,"PZ Cussons Nigeria Limited Job Recruitment (5 Positions) Cutting-Edge International Academy Job Recruitment (13 Positions) Redeemer's 103.5 FM Volunteer & Exp. Job Recruitment (7 Positions) Contemporary Group Limited (CGL) Job Recruitment (3 Positions) The Impeccable Skills Company Job Recruitment (3 Positions) HNJ Exclusive Job GOODY Bag - AUGUST Week FOUR UPDATE! Noble Guide Academy Job Recruitment (3 Positions) Telic International Academy Job Recruitment (7 Positions) Mater Purissima Secondary School Job Recruitment (8 Positions) TheHRHive Job Recruitment (4 Positions) PGE Travels and Education Consulting Graduate, Internship & Exp. Job Recruitment (4 Positions) Baker Hughes Job Recruitment (6 Positions) Latest Graduate & Management Trainee Job Recruitment in Nigeria - HNJobs (Weekly Recap) HNJobs (Recap): Remote / Work-At-Home Job Opportunities Homeland Integrated Offshore Services Job Recruitment (4 Positions) Atis Limited Graduate & Exp. Job Recruitment (3 Positions) United Nations International Children's Emergency Fund (UNICEF) Job Recruitment (3 Positions) Latest Oil & Gas Job Opportunities in Nigeria - HNJ Exclusive Latest Customer Service / Front Desk Job Recruitment in Nigeria - HNJobs (Weekly Recap) LEAM Consulting Limited Job Recruitment (29 Positions) HNJobs (Recap): Federal / State Government Job Opportunities - HNJ Exclusive Applinet Technology Job Recruitment (11 Positions) Latest Entry-level & Internship Job Recruitment in Nigeria - HNJobs (Weekly Recap) Brint Online Schools Job Recruitment (7 Positions) HNJobs (Recap): International Agency / NGO / Multinational Job Opportunities - HNJ Exclusive Geoplex Drillteq Limited Job Recruitment (6 Positions) Promasidor Nigeria Job Recruitment (3 Positions) Center for Humanitarian Impact and Development (C-HID) Job Recruitment (4 Positions) LinkOrgNetwork Limited Job Recruitment (4 Positions) Dorisfit Gym and SPA Job Recruitment (11 Positions) Medical Diagnostic Centre Job Recruitment (8 Positions) - Cuanu Consult Limited Royal Resource Digital Services Job Recruitment (4 Positions) Terawork Job Recruitment (3 Positions) Kiyix Recruitment Hub Job Recruitment (7 Positions) Fiphs Infrastructure Limited Entry Level & Exp. Job Recruitment (6 Positions) KCH Consumer Healthcare Limited Job Recruitment (4 Positions) CWW Tech Africa Job Recruitment (10 Positions) The Milk Booster Job Recruitment (3 Positions) OCA Consulting Job Recruitment (6 Positions) Femywalsh Limited NYSC, Internship & Exp. Job Recruitment (9 Positions) The Label Store Job Recruitment (3 Positions) Mapemond Resource Job Recruitment (6 Positions) Rand Merchant Bank (RMB) Graduate Job Recruitment (10 Positions) MartGlobal Limited Trainee & Exp. Job Recruitment (4 Positions) Engee PET Manufacturing Company Nigeria Limited Job Recruitment (3 Positions) Malaria Consortium Job Recruitment (4 Positions) Cornerstone Montessori Schools Job Recruitment (3 Positions) Proforce Industries Limited Job Recruitment (8 Positions) Arit of Africa Limited NYSC and Exp. Job Recruitment (3 Positions) ASA Security Job Recruitment (6 Positions)",,Nigeria,remote,Global,,Computer / AI / Technology / IT Services,,,,,,,,,https://www.hotnigerianjobs.com/hotjobs/949369/asa-security-job-recruitment-5-positions.html,2026-08-30T15:19:40+00:00
50eb82e287ab5dff,hotnigerianjobs,949592,"Head, Core Banking Operations at Unified Payment Services Limited",,"Head, Core Banking Operations at Unified Payment Services Limited",,Nigeria,unknown,,,Computer / AI / Technology / IT Services,,,,,,,,,https://www.hotnigerianjobs.com/hotjobs/949592/head-core-banking-operations-at-unified-payment-se.html,2026-08-30T15:19:40+00:00
05772241c89f78ee,hotnigerianjobs,949510,RPA UiPath Engineer at Revent Technologies Limited,Revent Technologies Limited,"Revent Technologies Limited is recruiting to fill the position of: RPA UiPath Engineer. The position is located in Lagos State. Interested candidates should possess a Bachelor’s Degree in Computer Science, Information Technology, Software Engineering, or a related field with a minimum 6+ years of professional software development experience, with 4–5 years focused exclusively on enterprise-grade UiPath developments. Apply Now",Lagos State,Nigeria,unknown,,,Computer / AI / Technology / IT Services,,,,,,"Fri 28th Aug, 2026",,Software Development,https://www.hotnigerianjobs.com/hotjobs/949510/rpa-uipath-engineer-at-revent-technologies-limited.html,2026-08-30T15:19:40+00:00
dae759265b70b7f1,hotnigerianjobs,949509,Enterprise Architecture Personnel at Revent Technologies Limited,,Enterprise Architecture Personnel at Revent Technologies Limited,,Nigeria,unknown,,,Computer / AI / Technology / IT Services,,,,,,,,Other Tech,https://www.hotnigerianjobs.com/hotjobs/949509/enterprise-architecture-personnel-at-revent-techno.html,2026-08-30T15:19:40+00:00
86a598a75eece8d7,hotnigerianjobs,949505,Junior Social Media Manager & Content Creator at VDL Technologies,,Junior Social Media Manager & Content Creator at VDL Technologies,,Nigeria,unknown,,,Computer / AI / Technology / IT Services,,,,,,,,,https://www.hotnigerianjobs.com/hotjobs/949505/junior-social-media-manager-content-creator-at-vdl.html,2026-08-30T15:19:40+00:00
fc9a6f449f51dcf9,hotnigerianjobs,949485,B2B Appointment Setter (Hybrid) at EasyUP Business,EasyUP Business,"EasyUP Business is recruiting to fill the position of: B2B Appointment Setter. This is a Hybrid position in Lagos State. Interested candidates should possess relevant qualifications with 2 - 4 years experience. Previous experience in cold calling, telesales, appointment setting or B2B outreach in Nigeria is an advantage with a reliable laptop, smartphone, internet connection and a suitable remote workspace. Apply Now",,Nigeria,hybrid,Country-only,,Computer / AI / Technology / IT Services,,,,,,"Fri 28th Aug, 2026",,,https://www.hotnigerianjobs.com/hotjobs/949485/b2b-appointment-setter-hybrid-at-easyup-business.html,2026-08-30T15:19:40+00:00
2ad8c8e3d8bad762,hotnigerianjobs,949449,Lab Technician at Applinet Technology,Applinet Technology,"Applinet Technology is recruiting to fill the position of: Lab Technician. The position is located in Lagos State. Salary: N150,000 - N300,000 monthly. Interested candidates should possess a Degree in Biology, Chemistry or relevant fields with proven experience as Lab Technician or relevant positions. Apply Now",Lagos State,Nigeria,unknown,,,Computer / AI / Technology / IT Services,,,,"N150,000 - N300,000 monthly",,"Fri 28th Aug, 2026",,,https://www.hotnigerianjobs.com/hotjobs/949449/lab-technician-at-applinet-technology.html,2026-08-30T15:19:40+00:00
322247222773755d,hotnigerianjobs,949434,"IT Support Officer at SHS, a division of Soladia Investment Nigeria Limited,",,"IT Support Officer at SHS, a division of Soladia Investment Nigeria Limited,",,Nigeria,unknown,,,Computer / AI / Technology / IT Services,,,,,,,,IT Support & Networking,https://www.hotnigerianjobs.com/hotjobs/949434/it-support-officer-at-shs-a-division-of-soladia-in.html,2026-08-30T15:19:40+00:00
54380de5f28e7a1b,hotnigerianjobs,949390,IT Specialist at Unified Payment Services Limited,Unified Payment Services Limited,"Unified Payment Services Limited is recruiting to fill the position of: IT Specialist. The position is located in Lagos State. Interested candidates should possess an OND (Ordinary National Diploma) in Computer Science, Computer Engineering, Information Technology, Electrical/Electronics Engineering, or a related discipline with a minimum of 1 year of relevant experience in IT support, technical operations, service desk, application support, network operations, or a similar role. Apply Now",Lagos State,Nigeria,unknown,,,Computer / AI / Technology / IT Services,,,,,,"Fri 28th Aug, 2026",,IT Support & Networking,https://www.hotnigerianjobs.com/hotjobs/949390/it-specialist-at-unified-payment-services-limited.html,2026-08-30T15:19:40+00:00
c4a27d3cd895f6c2,hotnigerianjobs,949394,"Head, Agency Banking Platforms at Unified Payment Services Limited",,"Head, Agency Banking Platforms at Unified Payment Services Limited",,Nigeria,unknown,,,Computer / AI / Technology / IT Services,,,,,,,,,https://www.hotnigerianjobs.com/hotjobs/949394/head-agency-banking-platforms-at-unified-payment-s.html,2026-08-30T15:19:40+00:00
471822723c965c89,hotnigerianjobs,949395,Agency Processing Specialist at Unified Payment Services Limited,,Agency Processing Specialist at Unified Payment Services Limited,,Nigeria,unknown,,,Computer / AI / Technology / IT Services,,,,,,,,,https://www.hotnigerianjobs.com/hotjobs/949395/agency-processing-specialist-at-unified-payment-se.html,2026-08-30T15:19:40+00:00
54101c14d46b09fb,hotnigerianjobs,949397,Core Banking Officer at Unified Payment Services Limited,Unified Payment Services Limited,"Unified Payment Services Limited is recruiting to fill the position of: Core Banking Officer. The position is located in Lagos State. Interested candidates should possess a Bachelor’s Degree in Banking & Finance, Accounting, Information Technology, or a related field with 5–8 years of experience in banking operations or core banking support roles. Experience working with core banking systems (e.g., Finacle, Flexcube, Temenos) is required. Apply Now",Lagos State,Nigeria,unknown,,,Computer / AI / Technology / IT Services,,,,,,"Fri 28th Aug, 2026",,Other Tech,https://www.hotnigerianjobs.com/hotjobs/949397/core-banking-officer-at-unified-payment-services-l.html,2026-08-30T15:19:40+00:00
acf1591f566423c8,hotnigerianjobs,949288,Driver at Arit of Africa Limited,Arit of Africa Limited,Arit of Africa Limited is recruiting to fill the position of: Driver. The position is located in Lagos State. Interested candidates should possess a Driver Licence and LASDRI. Apply Now,Lagos State,Nigeria,unknown,,,Computer / AI / Technology / IT Services,,,,,,"Fri 28th Aug, 2026",,,https://www.hotnigerianjobs.com/hotjobs/949288/driver-at-arit-of-africa-limited.html,2026-08-30T15:19:40+00:00
e8a42458f24a4d05,hotnigerianjobs,949287,Radio Frequency Engineer at Linkorgnetwork,Linkorgnetwork,"Linkorgnetwork is recruiting to fill the position of: Radio Frequency Engineer. The position is located in Victoria Island, Lagos State. Salary: N275,000 - N300,000 per month. Interested candidates should possess a Bachelor’s Degree in Electrical Engineering, Telecommunications Engineering, or a related field with proven experience as an RF Engineer in telecommunications or a similar industry. Apply Now","Victoria Island, Lagos State",Nigeria,unknown,,,Computer / AI / Technology / IT Services,,,,"N275,000 - N300,000 per month",,"Fri 28th Aug, 2026",,Other Tech,https://www.hotnigerianjobs.com/hotjobs/949287/radio-frequency-engineer-at-linkorgnetwork.html,2026-08-30T15:19:40+00:00
f6c905dff8f04122,hotnigerianjobs,949274,Content Creator at Intavalto Nigeria Limited,Intavalto Nigeria Limited,"Intavalto Nigeria Limited is recruiting to fill the position of: Content Creator. The position is located in Abuja (FCT). Salary: N150,000 - N200,000 monthly. Interested candidates should possess a Bachelor’s Degree in Mass Communication, Marketing, Public Relations, Journalism, Media Studies, Communications or any related discipline with 0–1 year of relevant experience in content creation, social media management, media production, digital marketing, broadcasting, or a related role. Youth Corp members, fresh graduates with demonstrated skills or relevant experience through internships, projects, or personal platforms are welcome to apply. Apply Now",Abuja (FCT),Nigeria,unknown,,,Computer / AI / Technology / IT Services,,,,"N150,000 - N200,000 monthly",,"Fri 28th Aug, 2026",,,https://www.hotnigerianjobs.com/hotjobs/949274/content-creator-at-intavalto-nigeria-limited.html,2026-08-30T15:19:40+00:00
b9d3c09c9767b6a2,hotnigerianjobs,949162,Experienced Customer Support Executive - Real Estate at Royal Resource Digital Services,,Experienced Customer Support Executive - Real Estate at Royal Resource Digital Services,,Nigeria,unknown,,,Computer / AI / Technology / IT Services,,,,,,,,,https://www.hotnigerianjobs.com/hotjobs/949162/experienced-customer-support-executive-real-estate.html,2026-08-30T15:19:40+00:00
19465e687040867c,hotnigerianjobs,949165,"Head, Domestic Switching & Terminal Operations at Unified Payment Services Limited",,"Head, Domestic Switching & Terminal Operations at Unified Payment Services Limited",,Nigeria,unknown,,,Computer / AI / Technology / IT Services,,,,,,,,,https://www.hotnigerianjobs.com/hotjobs/949165/head-domestic-switching-terminal-operations-at-uni.html,2026-08-30T15:19:40+00:00
0f46a76dded20ce7,hotnigerianjobs,949175,E-Channels Support Specialist at Unified Payment Services Limited,,E-Channels Support Specialist at Unified Payment Services Limited,,Nigeria,unknown,,,Computer / AI / Technology / IT Services,,,,,,,,,https://www.hotnigerianjobs.com/hotjobs/949175/echannels-support-specialist-at-unified-payment-se.html,2026-08-30T15:19:40+00:00
ba4132957f6e315d,hotnigerianjobs,949160,Implementation Engineer at Unified Payment Services Limited,Unified Payment Services Limited,"Unified Payment Services Limited is recruiting to fill the position of: Implementation Engineer. The position is located in Mainland, Lagos State. Interested candidates should possess a First Degree (s) in Engineering, Computer Science, or Applied Sciences with a minimum of 3 years experience in Software development, System Integration or Application Support role. Apply Now","Mainland, Lagos State",Nigeria,unknown,,,Computer / AI / Technology / IT Services,,,,,,"Fri 28th Aug, 2026",,Other Tech,https://www.hotnigerianjobs.com/hotjobs/949160/implementation-engineer-at-unified-payment-service.html,2026-08-30T15:19:40+00:00
22ddb018abe42f17,hotnigerianjobs,949176,Domestic Switching Specialist at Unified Payment Services Limited,,Domestic Switching Specialist at Unified Payment Services Limited,,Nigeria,unknown,,,Computer / AI / Technology / IT Services,,,,,,,,,https://www.hotnigerianjobs.com/hotjobs/949176/domestic-switching-specialist-at-unified-payment-s.html,2026-08-30T15:19:40+00:00
f15d374b36b77c65,hotnigerianjobs,948954,Middleware Officer at Unified Payment Services Limited,Unified Payment Services Limited,"Unified Payment Services Limited is recruiting to fill the position of: Middleware Officer. The position is located in Lagos State. The Middleware Officer will be responsible for administering, configuring, monitoring, maintaining, and supporting the organisation’s middleware platforms and integration environments. Interested candidates should possess a Bachelor's Degree or equivalent in Computer Science, Computer Engineering, Information Technology, Software Engineering, or a related discipline with 5 - 8 years of relevant professional experience in middleware administration, application integration, systems integration, platform engineering, or a related technology environment. Apply Now",Lagos State,Nigeria,unknown,,,Computer / AI / Technology / IT Services,,,,,,"Fri 28th Aug, 2026",,Software Development,https://www.hotnigerianjobs.com/hotjobs/948954/middleware-officer-at-unified-payment-services-lim.html,2026-08-30T15:19:40+00:00
93ef93ec8d117d8f,hotnigerianjobs,948899,"Head, Middleware Platforms at Unified Payment Services Limited",,"Head, Middleware Platforms at Unified Payment Services Limited",,Nigeria,unknown,,,Computer / AI / Technology / IT Services,,,,,,,,,https://www.hotnigerianjobs.com/hotjobs/948899/head-middleware-platforms-at-unified-payment-servi.html,2026-08-30T15:19:40+00:00
49e6258e3476bbe5,hotnigerianjobs,948864,Content Creator at Tech Adventures,Tech Adventures,"Tech Adventures is recruiting to fill the position of: Content Creator. The position is located in Abuja. Salary: N200,000 - N300,000 monthly. Interested candidates should possess relevant qualifications with 1-3 years experience. Apply Now",Abuja,Nigeria,unknown,,,Computer / AI / Technology / IT Services,,,,"N200,000 - N300,000 monthly",,"Fri 28th Aug, 2026",,,https://www.hotnigerianjobs.com/hotjobs/948864/content-creator-at-tech-adventures.html,2026-08-30T15:19:40+00:00
c341a77ec3a06b6e,hotnigerianjobs,948848,Multimedia Designer at Strivo Labs,Strivo Labs,"Strivo Labs is recruiting to fill the position of: Multimedia Designer. The position is located in Lagos State. Interested candidates should possess a Bachelor’s Degree, HND, or equivalent qualification in Graphic Design, Visual Arts, Multimedia Design, Creative Arts, or a related field with 2–4 years of experience in multimedia design, graphic design, motion design, or a similar creative role. Apply Now",Lagos State,Nigeria,unknown,,,Computer / AI / Technology / IT Services,,,,,,"Fri 28th Aug, 2026",,,https://www.hotnigerianjobs.com/hotjobs/948848/multimedia-designer-at-strivo-labs.html,2026-08-30T15:19:40+00:00
a0e51a50cb47c595,hotnigerianjobs,948869,Data Center Administrator at Unified Payment Services Limited,,Data Center Administrator at Unified Payment Services Limited,,Nigeria,unknown,,,Computer / AI / Technology / IT Services,,,,,,,,Other Tech,https://www.hotnigerianjobs.com/hotjobs/948869/data-center-administrator-at-unified-payment-servi.html,2026-08-30T15:19:40+00:00
ba5489f1a4dfb09a,hotnigerianjobs,948852,IT Security Specialist at Unified Payment Services Limited,Unified Payment Services Limited,"Unified Payment Services Limited is recruiting to fill the position of: IT Security Specialist. The position is located in Lagos State. Interested candidates should possess a Bachelor's Degree (2:1 or upper credit) in Computer Science, Information Technology, Cybersecurity, Information Security, Computer Engineering, or a related discipline with a minimum of 5 years post NYSC experience. Apply Now",Lagos State,Nigeria,unknown,,,Computer / AI / Technology / IT Services,,,,,,"Fri 28th Aug, 2026",,Cybersecurity,https://www.hotnigerianjobs.com/hotjobs/948852/it-security-specialist-at-unified-payment-services.html,2026-08-30T15:19:40+00:00
069517190d274268,hotnigerianjobs,948828,"Head, IT Security at Unified Payment Services Limited",Unified Payment Services Limited,"Unified Payment Services Limited is recruiting to fill the position of: Head, IT Security. The position is located in Lagos State. Interested candidates should possess a Bachelor’s degree in Computer Science, Information Security, or a related field with a minimum of 10 years’ experience managing a security team and leading strategic security initiatives an added advantage. Apply Now",Lagos State,Nigeria,unknown,,,Computer / AI / Technology / IT Services,,,,,,"Fri 28th Aug, 2026",,Other Tech,https://www.hotnigerianjobs.com/hotjobs/948828/head-it-security-at-unified-payment-services-limit.html,2026-08-30T15:19:40+00:00
10c807f305f55334,hotnigerianjobs,948838,Network & User Administrator at Unified Payment Services Limited,,Network & User Administrator at Unified Payment Services Limited,,Nigeria,unknown,,,Computer / AI / Technology / IT Services,,,,,,,,,https://www.hotnigerianjobs.com/hotjobs/948838/network-user-administrator-at-unified-payment-serv.html,2026-08-30T15:19:40+00:00
8ebe37befa072af5,hotnigerianjobs,948843,TeKnowledge Job Recruitment (3 Positions),TeKnowledge,"TeKnowledge is recruiting suitably qualified candidates to fill the following positions in Lagos State: Sales Account Manager - Nigeria & West Africa, DevOps Engineer, and Network Engineer. Apply Now",Lagos State,Nigeria,unknown,,,Computer / AI / Technology / IT Services,,,,,,"Fri 28th Aug, 2026",,DevOps & Cloud,https://www.hotnigerianjobs.com/hotjobs/948843/teknowledge-job-recruitment-3-positions.html,2026-08-30T15:19:40+00:00
56128213f4f85c4e,hotnigerianjobs,948833,Data Center Administrator at Unified Payment Services Limited,,Data Center Administrator at Unified Payment Services Limited,,Nigeria,unknown,,,Computer / AI / Technology / IT Services,,,,,,,,Other Tech,https://www.hotnigerianjobs.com/hotjobs/948833/data-center-administrator-at-unified-payment-servi.html,2026-08-30T15:19:40+00:00
34d533f11f4dac1b,hotnigerianjobs,948832,"Head, Clearing and Settlement Operations at Unified Payment Services Limited",,"Head, Clearing and Settlement Operations at Unified Payment Services Limited",,Nigeria,unknown,,,Computer / AI / Technology / IT Services,,,,,,,,,https://www.hotnigerianjobs.com/hotjobs/948832/head-clearing-and-settlement-operations-at-unified.html,2026-08-30T15:19:40+00:00
d64c16c875f63246,hotnigerianjobs,948802,Sales Account Manager - Nigeria & West Africa at Teknowledge,,Sales Account Manager - Nigeria & West Africa at Teknowledge,,Nigeria,unknown,,,Computer / AI / Technology / IT Services,,,,,,,,,https://www.hotnigerianjobs.com/hotjobs/948802/sales-account-manager-nigeria-west-africa-at-tekno.html,2026-08-30T15:19:40+00:00
833b932fe398cb8b,hotnigerianjobs,948786,Brand Marketing Executive at WISEKI Technologies,WISEKI Technologies,"WISEKI Technologies is recruiting to fill the position of: Brand Marketing Executive. The position is located in Ibadan, Oyo State. Interested candidates should possess a Bachelor’s Degree in Marketing, Business Administration, Communications, Public Relations or a related field with a minimum of 3-5 years’ experience in marketing, brand management, digital marketing or a related role. Apply Now","Ibadan, Oyo State",Nigeria,unknown,,,Computer / AI / Technology / IT Services,,,,,,"Fri 28th Aug, 2026",,,https://www.hotnigerianjobs.com/hotjobs/948786/brand-marketing-executive-at-wiseki-technologies.html,2026-08-30T15:19:40+00:00
e4a96cc82e97bcd6,hotnigerianjobs,948785,Pre-Sales & Solutions Engineer at Quali Serve Technologies Limited,,Pre-Sales & Solutions Engineer at Quali Serve Technologies Limited,,Nigeria,unknown,,,Computer / AI / Technology / IT Services,,,,,,,,Other Tech,https://www.hotnigerianjobs.com/hotjobs/948785/presales-solutions-engineer-at-quali-serve-technol.html,2026-08-30T15:19:40+00:00
ea16ac89d9daf3ce,hotnigerianjobs,948770,Implementation Engineer at Unified Payment Services Limited,Unified Payment Services Limited,"Unified Payment Services Limited is recruiting to fill the position of: Implementation Engineer. The position is located in Mainland, Lagos State. Interested candidates should possess a First Degree in Engineering, Computer Science, or Applied Sciences with 2 - 4 years’ experience in Software development, System Integration or Application Support role. Apply Now","Mainland, Lagos State",Nigeria,unknown,,,Computer / AI / Technology / IT Services,,,,,,"Fri 28th Aug, 2026",,Other Tech,https://www.hotnigerianjobs.com/hotjobs/948770/implementation-engineer-at-unified-payment-service.html,2026-08-30T15:19:40+00:00
d47af4b9dd523446,hotnigerianjobs,948761,Thronos Technologies Limited Job Recruitement (15 Openings),Thronos Technologies Limited,"Thronos Technologies Limited is recruiting suitably qualified candidates to fill the following positions in Lagos State: Project Manager, Human Resources Manager, Procurement Manager, Risk & Compliance Officer, Brand Marketer, Business Development Manager, Supply Chain Manager, Internal Auditor, Legal Officer / Legal Counsel, Accountant, Talent Acquisition Specialist, Data Analyst, IT Support / Systems Officer, Sales Manager, Senior Truck Driver, Junior Truck Driver. Apply Now",Lagos State,Nigeria,unknown,,,Computer / AI / Technology / IT Services,,,,,,"Thu 27th Aug, 2026",,Data & AI,https://www.hotnigerianjobs.com/hotjobs/948761/thronos-technologies-limited-job-recruitement-15-o.html,2026-08-30T15:19:40+00:00
62c95118362ba9a4,hotnigerianjobs,948755,Project Manager at Thronos Technologies Limited,Thronos Technologies Limited,"Thronos Technologies Limited is recruiting to fill the position of: Project Manager. The position is located in Lagos State. Salary: N250,000 - N400,000 Monthly. Interested candidates should possess a B.Sc./HND in Project Management, Business Administration, Engineering, Management or a related discipline, with 3–7 years' project management experience. PMP, PRINCE2, CAPM, or equivalent certification is strongly preferred depending on seniority. Apply Now",Lagos State,Nigeria,unknown,,,Computer / AI / Technology / IT Services,,,,"N250,000 - N400,000 Monthly",,"Thu 27th Aug, 2026",,Other Tech,https://www.hotnigerianjobs.com/hotjobs/948755/project-manager-at-thronos-technologies-limited.html,2026-08-30T15:19:40+00:00
f9ddf1b43fa3d5b0,hotnigerianjobs,948749,Human Resources Manager (Hybrid) at Thronos Technologies Limited,,Human Resources Manager (Hybrid) at Thronos Technologies Limited,,Nigeria,hybrid,,,Computer / AI / Technology / IT Services,,,,,,,,,https://www.hotnigerianjobs.com/hotjobs/948749/human-resources-manager-hybrid-at-thronos-technolo.html,2026-08-30T15:19:40+00:00
c07e16bd6390a9e6,hotnigerianjobs,948748,Procurement Manager at Thronos Technologies Limited,Thronos Technologies Limited,"Thronos Technologies Limited is recruiting to fill the position of: Procurement Manager. The position is located in Lagos State. Salary: N300,000 - N400,000 monthly. Interested candidates should possess a B.Sc Degree / HND in Procurement, Supply Chain Management, Business Administration, Logistics or related field with 5+ years' procurement experience. Apply Now",Lagos State,Nigeria,unknown,,,Computer / AI / Technology / IT Services,,,,"N300,000 - N400,000 monthly",,"Thu 27th Aug, 2026",,,https://www.hotnigerianjobs.com/hotjobs/948748/procurement-manager-at-thronos-technologies-limite.html,2026-08-30T15:19:40+00:00
612abff35940a35f,hotnigerianjobs,948747,Risk & Compliance Officer at Thronos Technologies Limited,Thronos Technologies Limited,"Thronos Technologies Limited is recruiting to fill the position of: Risk & Compliance Officer. The position is located in Lagos State. Salary: N250,000 - N400,000 per month. Interested candidates should possess a B.Sc./HND/LL.B. in a relevant discipline with 2–5 years' risk, compliance, audit or regulatory experience. Apply Now",Lagos State,Nigeria,unknown,,,Computer / AI / Technology / IT Services,,,,"N250,000 - N400,000 per month",,"Thu 27th Aug, 2026",,,https://www.hotnigerianjobs.com/hotjobs/948747/risk-compliance-officer-at-thronos-technologies-li.html,2026-08-30T15:19:40+00:00
efcfae964e2fbe4d,hotnigerianjobs,948746,Brand Marketer (Hybrid) at Thronos Technologies Limited,Thronos Technologies Limited,"Thronos Technologies Limited is recruiting to fill the position of: Brand Marketer. This is a Hybrid role in Lagos State. Interested candidates should possess a B.Sc./HND/OND in Marketing, Mass Communication, Business Administration or related field. CIM, CMI, MBA or relevant professional certification is an advantage with 5+ years' marketing experience, preferably with management responsibility. Apply Now",,Nigeria,hybrid,,,Computer / AI / Technology / IT Services,,,,,,"Thu 27th Aug, 2026",,,https://www.hotnigerianjobs.com/hotjobs/948746/brand-marketer-hybrid-at-thronos-technologies-limi.html,2026-08-30T15:19:40+00:00
02e7e92ca95f9b4c,hotnigerianjobs,948745,Business Development Manager (Hybrid) at Thronos Technologies Limited,,Business Development Manager (Hybrid) at Thronos Technologies Limited,,Nigeria,hybrid,,,Computer / AI / Technology / IT Services,,,,,,,,,https://www.hotnigerianjobs.com/hotjobs/948745/business-development-manager-at-thronos-technologi.html,2026-08-30T15:19:40+00:00
6090581f56508268,hotnigerianjobs,948739,Data Analyst (Hybrid) at Thronos Technologies Limited,Thronos Technologies Limited,"Thronos Technologies Limited is recruiting to fill the position of: Data Analyst. This is a Hybrid position in Lagos State. Salary: N250,000 - N300,000 / month. Interested candidates should possess a B.Sc. in Statistics, Mathematics, Economics, Computer Science, Data Science or related field with 2–5 years' data-analysis experience. Apply Now",Lagos State. Salary,Nigeria,hybrid,,,Computer / AI / Technology / IT Services,,,,"N250,000 - N300,000 / month",,"Thu 27th Aug, 2026",,Data & AI,https://www.hotnigerianjobs.com/hotjobs/948739/data-analyst-at-hybrid-thronos-technologies-limite.html,2026-08-30T15:19:40+00:00
09be83c7803de806,hotnigerianjobs,948738,IT Support / Systems Officer (Hybrid) at Thronos Technologies Limited,,IT Support / Systems Officer (Hybrid) at Thronos Technologies Limited,,Nigeria,hybrid,,,Computer / AI / Technology / IT Services,,,,,,,,IT Support & Networking,https://www.hotnigerianjobs.com/hotjobs/948738/it-support-systems-officer-hybrid-at-thronos-techn.html,2026-08-30T15:19:40+00:00
d7a36a32e04e20e3,hotnigerianjobs,948737,Sales Manager (Hybrid) at Thronos Technologies Limited,Thronos Technologies Limited,"Thronos Technologies Limited is recruiting to fill the position of: Sales Manager. This is a Hybrid role in Lagos State. Salary: N250,000 - N350,000 monthly. Interested candidates should possess a B.Sc. / HND in Marketing, Business Administration, Economics or related fields with 5+ years' sales experience, including supervisory / management responsibility. Apply Now",,Nigeria,hybrid,,,Computer / AI / Technology / IT Services,,,,"N250,000 - N350,000 monthly",,"Thu 27th Aug, 2026",,,https://www.hotnigerianjobs.com/hotjobs/948737/sales-manager-hybrid-at-thronos-technologies-limit.html,2026-08-30T15:19:40+00:00
df45477227821fba,hotnigerianjobs,948736,Senior Truck Drivers at Thronos Technologies Limited,Thronos Technologies Limited,"Thronos Technologies Limited is recruiting to fill the position of: Senior Truck Driver. The position is located in Lagos State. Salary: N220,000 - N250,000 / month. Interested candidates should possess a minimum of SSCE / WAEC / NECO or equivalent and Valid Nigerian driver's licence appropriate for the vehicle category with 5–6 years of driving experience. Apply Now",Lagos State,Nigeria,unknown,,,Computer / AI / Technology / IT Services,,,,"N220,000 - N250,000 / month",,"Thu 27th Aug, 2026",,,https://www.hotnigerianjobs.com/hotjobs/948736/senior-truck-drivers-at-thronos-technologies-limit.html,2026-08-30T15:19:40+00:00
b5be02d2763c0011,hotnigerianjobs,948744,Supply Chain Manager at Thronos technologies Limited,Thronos technologies Limited,"Thronos technologies Limited is recruiting to fill the position of: Supply Chain Manager. The position is located in Lagos State. Salary: N600,000 - N800,000 / month. Interested candidates should possess a B.Sc. / HND in Supply Chain Management, Procurement, Logistics, Business Administration or related field; CIPS, CSCP, CPSM or related professional certification is preferred with 5+ years' supply-chain experience. Apply Now",Lagos State,Nigeria,unknown,,,Computer / AI / Technology / IT Services,,,,"N600,000 - N800,000 / month",,"Thu 27th Aug, 2026",,,https://www.hotnigerianjobs.com/hotjobs/948744/supply-chain-manager-at-thronos-technologies-limit.html,2026-08-30T15:19:40+00:00
46eec9549ec0f535,hotnigerianjobs,948743,Internal Auditor at Thronos Technologies Limited,Thronos Technologies Limited,"Thronos Technologies Limited is recruiting to fill the position of: Internal Auditor. The position is located in Lagos State. Salary: N300,000 - N450,000 per month. Interested candidates should possess a B.Sc./ HND in Accounting, Finance, Economics or related discipline with 2–5 years' internal / external audit experience. Apply Now",Lagos State,Nigeria,unknown,,,Computer / AI / Technology / IT Services,,,,"N300,000 - N450,000 per month",,"Thu 27th Aug, 2026",,,https://www.hotnigerianjobs.com/hotjobs/948743/internal-auditor-at-thronos-technologies-limited.html,2026-08-30T15:19:43+00:00
697acd8b3d1f1dcd,hotnigerianjobs,948742,Legal Officer / Legal Counsel (Hybrid) at Thronos Technologies Limited,,Legal Officer / Legal Counsel (Hybrid) at Thronos Technologies Limited,,Nigeria,hybrid,,,Computer / AI / Technology / IT Services,,,,,,,,,https://www.hotnigerianjobs.com/hotjobs/948742/legal-officer-legal-counsel-at-thronos-technologie.html,2026-08-30T15:19:43+00:00
0a273345d6a8ca59,hotnigerianjobs,948741,Accountant at Thronos Technologies Limited (2 Openings),Thronos Technologies Limited,"Thronos Technologies Limited is recruiting to fill the position of: Accountant. The position is located in Abuja (FCT) and Lagos State. Salary: N200,000 - N250,000 monthly. The successful candidate will support management with accurate financial information and ensure that accounting activities are performed in accordance with applicable accounting standards, regulatory requirements and internal financial policies. Interested candidates should possess a B.Sc. / HND in Accounting, Finance, Economics or a related discipline with 2 – 5 years' relevant accounting experience depending on level. ICAN qualification/part-qualification is strongly preferred, with full professional qualification particularly desirable for senior accounting roles. Apply Now",Abuja (FCT) and Lagos State,Nigeria,unknown,,,Computer / AI / Technology / IT Services,,,,"N200,000 - N250,000 monthly",,"Thu 27th Aug, 2026",,,https://www.hotnigerianjobs.com/hotjobs/948741/accountant-at-thronos-technologies-limited-2-openi.html,2026-08-30T15:19:43+00:00
ea119ae1e67f4b43,hotnigerianjobs,948750,"Head, Security Operations Center at Unified Payment Services Limited",,"Head, Security Operations Center at Unified Payment Services Limited",,Nigeria,unknown,,,Computer / AI / Technology / IT Services,,,,,,,,,https://www.hotnigerianjobs.com/hotjobs/948750/head-security-operations-center-at-unified-payment.html,2026-08-30T15:19:43+00:00
24a665a64d61c7ff,hotnigerianjobs,948740,Talent Acquisition Specialist (Hybrid) at Thronos Technologies Limited,,Talent Acquisition Specialist (Hybrid) at Thronos Technologies Limited,,Nigeria,hybrid,,,Computer / AI / Technology / IT Services,,,,,,,,,https://www.hotnigerianjobs.com/hotjobs/948740/talent-acquisition-specialist-at-thronos-technolog.html,2026-08-30T15:19:43+00:00
e9063db981d6357e,hotnigerianjobs,948647,Logistics Assistant at a Leading Information Technology Services Company - Peridot Forte Solutions Consulting,,Logistics Assistant at a Leading Information Technology Services Company - Peridot Forte Solutions Consulting,,Nigeria,unknown,,,Computer / AI / Technology / IT Services,,,,,,,,Other Tech,https://www.hotnigerianjobs.com/hotjobs/948647/logistics-assistant-at-a-leading-information-techn.html,2026-08-30T15:19:43+00:00
839ffa7766b703eb,hotnigerianjobs,948628,Devops Intern at Afripoint Group Limited,Afripoint Group Limited,"Afripoint Group Limited is recruiting to fill the position of: Devops Intern. The position is located in Lagos State. Interested candidates should possess a B.Sc in Computer Science, Information Technology, Computer Engineering, Software Engineering, or a related field. Apply Now",Lagos State,Nigeria,unknown,,,Computer / AI / Technology / IT Services,,,,,,"Thu 27th Aug, 2026",,Software Development,https://www.hotnigerianjobs.com/hotjobs/948628/devops-intern-at-afripoint-group-limited.html,2026-08-30T15:19:43+00:00
ef772b2a6d640358,hotnigerianjobs,948626,Collection & Recovery Lead at Strivo Labs,Strivo Labs,"Strivo Labs is recruiting to fill the position of: Project Manager. The position is located in Lagos State. Interested candidates should possess a Bachelor’s Degree in Finance, Economics, Business Administration, Accounting, or a related discipline with 5–7 years of relevant experience in collections, recovery, credit risk, or debt recovery. Apply Now",Lagos State,Nigeria,unknown,,,Computer / AI / Technology / IT Services,,,,,,"Thu 27th Aug, 2026",,,https://www.hotnigerianjobs.com/hotjobs/948626/collection-recovery-lead-at-strivo-labs.html,2026-08-30T15:19:43+00:00
ad6a1b06b856caa8,hotnigerianjobs,948616,Head of Operations at Strivo Labs,Strivo Labs,"Strivo Labs is recruiting to fill the position of: Head of Operations. The position is located in Lagos State. The ideal candidate must have personally worked in the field with telematics and IoT device installations, maintenance, troubleshooting, and deployments before moving into management. Interested candidates should possess a Bachelor’s Degree (B.Sc) / HND in Engineering, Operations Management, Business Administration, Supply Chain Management, Information Technology, or a related discipline with 8 – 10 years of progressive operational management experience. Apply Now",Lagos State,Nigeria,unknown,,,Computer / AI / Technology / IT Services,,,,,,"Thu 27th Aug, 2026",,Other Tech,https://www.hotnigerianjobs.com/hotjobs/948616/head-of-operations-at-strivo-labs.html,2026-08-30T15:19:43+00:00
d7eeb84fdbb804a5,hotnigerianjobs,948624,Leading ICT Solutions Provider Job Recruitment,A Leading ICT Solutions Provider,"A Leading ICT Solutions Provider is recruiting suitably qualified candidates to fill the following positions in Lagos State: Network Administrator, and System Administrator. Apply Now",Lagos State,Nigeria,unknown,,,Computer / AI / Technology / IT Services,,,,,,"Thu 27th Aug, 2026",,Other Tech,https://www.hotnigerianjobs.com/hotjobs/948624/leading-ict-solutions-provider-job-recruitment.html,2026-08-30T15:19:43+00:00
8f52d987f064b2b3,hotnigerianjobs,948620,Project Manager at Strivo Labs,Strivo Labs,"Strivo Labs is recruiting to fill the position of: Project Manager. The position is located in Lagos State. Interested candidates should possess a Bachelor’s Degree in Business Administration, Management, Computer Science, Information Technology, Engineering, or a related field with 4–7 years of proven project management experience. Apply Now",Lagos State,Nigeria,unknown,,,Computer / AI / Technology / IT Services,,,,,,"Thu 27th Aug, 2026",,Other Tech,https://www.hotnigerianjobs.com/hotjobs/948620/project-manager-at-strivo-labs.html,2026-08-30T15:19:43+00:00
4d8cb007b0f1e2e0,hotnigerianjobs,948613,Social Media Manager at Applinet Technology,Applinet Technology,"Applinet Technology is recruiting to fill the position of: Social Media Manager. The position is located in Lagos State. Salary: N150,000 - N300,000 monthly. Interested candidates should possess a B.Sc Degree in Marketing or relevant field with relevant experience. Apply Now",Lagos State,Nigeria,unknown,,,Computer / AI / Technology / IT Services,,,,"N150,000 - N300,000 monthly",,"Thu 27th Aug, 2026",,,https://www.hotnigerianjobs.com/hotjobs/948613/social-media-manager-at-applinet-technology.html,2026-08-30T15:19:43+00:00
08cde5da68c59a56,hotnigerianjobs,948589,Video Editor at Applinet Technology,Applinet Technology,"Applinet Technology is recruiting to fill the position of: Video Editor. The position is located in Lagos State. Salary: N150,000 - N300,000 per month. Interested candidates should possess a BSc Degree in Film Studies, Cinematography or related fields with proven work experience as a Video Editor Apply Now",Lagos State,Nigeria,unknown,,,Computer / AI / Technology / IT Services,,,,"N150,000 - N300,000 per month",,"Thu 27th Aug, 2026",,,https://www.hotnigerianjobs.com/hotjobs/948589/video-editor-at-applinet-technology.html,2026-08-30T15:19:43+00:00
a6b70aea67eb69e0,hotnigerianjobs,948638,"Head, Revenue Assurance at Unified Payment Services Limited",Unified Payment Services Limited,"Unified Payment Services Limited is recruiting to fill the position of: Head, Revenue Assurance. The position is located in Lagos State. Interested candidates should possess a Bachelor’s Degree in Accounting, Finance, Economics, or related field and ACA, ACCA, CPA, CISA, CIA, or equivalent with a minimum of 10 years relevant experience in audit leadership roles focused on revenue assurance, risk management, or financial controls. Apply Now",Lagos State,Nigeria,unknown,,,Computer / AI / Technology / IT Services,,,,,,"Thu 27th Aug, 2026",,,https://www.hotnigerianjobs.com/hotjobs/948638/head-revenue-assurance-at-unified-payment-services.html,2026-08-30T15:19:43+00:00
3e6a3cbfa412a672,hotnigerianjobs,948639,IT Audit Specialist at Unified Payment Services Limited,Unified Payment Services Limited,"Unified Payment Services Limited is recruiting to fill the position of: IT Audit Specialist. The position is located in Lagos State. Interested candidates should possess a University: First Degree(s) in Information Technology, Computer Science, or related fields with a minimum of 7 years’ experience in IT Auditing or a similar role. Understanding of the key technology and general controls around enterprise Applications and information systems. Apply Now",Lagos State,Nigeria,unknown,,,Computer / AI / Technology / IT Services,,,,,,"Thu 27th Aug, 2026",,Other Tech,https://www.hotnigerianjobs.com/hotjobs/948639/it-audit-specialist-at-unified-payment-services-li.html,2026-08-30T15:19:43+00:00
4b6fecd3c22d99c2,hotnigerianjobs,948560,Dinsanj Ventures Limited Job Recruitment (5 Positions),Dinsanj Ventures Limited,"Dinsanj Ventures Limited is recruiting to fill the following positions in Lagos State: Business Development Manager, Office Manager, Commercial Officer, Accounts & Administrative Officer, and Export Officer. Apply Now",Lagos State,Nigeria,unknown,,,Computer / AI / Technology / IT Services,,,,,,"Thu 27th Aug, 2026",,,https://www.hotnigerianjobs.com/hotjobs/948560/dinsanj-ventures-limited-job-recruitment-5-positio.html,2026-08-30T15:19:43+00:00
36e1f50412f9fe09,hotnigerianjobs,948552,BravoTechMedia Group Job Recruitment (5 Positions),BravoTechMedia Group,"BravoTechMedia Group is recruiting suitably qualified candidates to fill the following positions in Enugu State: Front Desk Officer, Brand Promoter, Developer, Data Scientist, and Video Editor. Apply Now",Enugu State,Nigeria,unknown,,,Computer / AI / Technology / IT Services,,,,,,"Thu 27th Aug, 2026",,Software Development,https://www.hotnigerianjobs.com/hotjobs/948552/bravotechmedia-group-job-recruitment-5-positions.html,2026-08-30T15:19:43+00:00
03097fcb2be06ac3,hotnigerianjobs,948540,Front Desk Officer at BravoTechMedia Group,BravoTechMedia Group,BravoTechMedia Group is recruiting to fill the position of: Front Desk Officer. The position is located in Enugu State. Interested candidates should possess relevant qualifications with experience. Apply Now,Enugu State,Nigeria,unknown,,,Computer / AI / Technology / IT Services,,,,,,"Thu 27th Aug, 2026",,,https://www.hotnigerianjobs.com/hotjobs/948540/front-desk-officer-at-bravotechmedia-group.html,2026-08-30T15:19:43+00:00
e00369c86e3808cf,hotnigerianjobs,948614,Unified Payment Services Limited Job Recruitment (25 Positions),,Unified Payment Services Limited Job Recruitment (25 Positions),,Nigeria,unknown,,,Computer / AI / Technology / IT Services,,,,,,,,,https://www.hotnigerianjobs.com/hotjobs/948614/unified-payment-services-limited-job-recruitment-4.html,2026-08-30T15:19:43+00:00
801402516a7a574b,hotnigerianjobs,948615,System Administrator at a Leading ICT Solutions Provider,A leading ICT Solutions Provider,"A leading ICT Solutions Provider is recruiting to fill the position of: System Administrator. The position is located in Lagos State. Interested candidates should possess a Bachelor's Degree / HND in Computer Engineering, Computer Science, Information Technology, or a related field with 2–4 years' hands-on experience in system administration or IT hardware support. Apply Now",Lagos State,Nigeria,unknown,,,Computer / AI / Technology / IT Services,,,,,,"Thu 27th Aug, 2026",,Other Tech,https://www.hotnigerianjobs.com/hotjobs/948615/system-administrator-at-a-leading-ict-solutions-pr.html,2026-08-30T15:19:43+00:00
14b72ccb2b9dc22d,hotnigerianjobs,948609,Network Administrator at a Leading ICT Solutions Provider,A leading ICT Solutions Provider,"A leading ICT Solutions Provider is recruiting to fill the position of: Network Administrator. The position is located in Lagos State. Interested candidates should possess a Bachelor's Degree / HND in Computer Engineering, Computer Science, Information Technology, or a related field with 2–4 years' hands-on experience in network administration, ideally across multi-site environments. Apply Now",Lagos State,Nigeria,unknown,,,Computer / AI / Technology / IT Services,,,,,,"Thu 27th Aug, 2026",,Other Tech,https://www.hotnigerianjobs.com/hotjobs/948609/network-administrator-at-a-leading-ict-solutions-p.html,2026-08-30T15:19:43+00:00
dd090dbdd1a9159e,hotnigerianjobs,948606,"Head, People & Culture at Unified Payment Services Limited",Unified Payment Services Limited,"Unified Payment Services Limited is recruiting to fill the position of: Head, People & Culture. The position is located in Lagos State. Interested candidates should possess a Bachelor's Degree in Human Resources, Industrial Relations, Psychology, Business Administration, or a related discipline; Master's Degree in Human Resources, Business Administration, or a related field is an added advantage with a minimum of 10 years of progressive HR experience, with at least 5 years in a senior HR leadership role. CIPM, SHRM-SCP, SHRM-CP, HRCI, CIPD, or equivalent professional certification. Apply Now",Lagos State,Nigeria,unknown,,,Computer / AI / Technology / IT Services,,,,,,"Thu 27th Aug, 2026",,,https://www.hotnigerianjobs.com/hotjobs/948606/head-people-culture-at-unified-payment-services-li.html,2026-08-30T15:19:43+00:00
e9bcbffae35c2d71,hotnigerianjobs,948590,"Head, IT Audit at Unified Payment Services Limited",Unified Payment Services Limited,"Unified Payment Services Limited is recruiting to fill the position of: Head, IT Audit. The position is located in Lagos State. Interested candidates should possess a First Degree(s) in Information Technology, Computer Science, or related field; Certified Information Systems Auditor (CISA), Certified Information Security Manager (CISM), ISO/IEC 27001 Lead Auditor or related professional certifications would be an added advantage with a minimum of 10 years’ experience in IT Auditing or a similar role. Apply Now",Lagos State,Nigeria,unknown,,,Computer / AI / Technology / IT Services,,,,,,"Thu 27th Aug, 2026",,Other Tech,https://www.hotnigerianjobs.com/hotjobs/948590/head-it-audit-at-unified-payment-services-limited.html,2026-08-30T15:19:43+00:00
88b6610d03315cf3,hotnigerianjobs,948533,Developers at BravoTechMedia Group,BravoTechMedia Group,BravoTechMedia Group is recruiting to fill the position of: Developer. The position is located in Enugu State. Interested candidates should possess relevant qualifications with experience. Apply Now,Enugu State,Nigeria,unknown,,,Computer / AI / Technology / IT Services,,,,,,"Thu 27th Aug, 2026",,Software Development,https://www.hotnigerianjobs.com/hotjobs/948533/developers-at-bravotechmedia-group.html,2026-08-30T15:19:43+00:00
838c502436b24bd5,hotnigerianjobs,948532,Data Scientists at BravoTechMedia Group,BravoTechMedia Group,BravoTechMedia Group is recruiting to fill the position of: Data Scientist. The position is located in Enugu State. Interested candidates should possess relevant qualifications with experience. Apply Now,Enugu State,Nigeria,unknown,,,Computer / AI / Technology / IT Services,,,,,,"Thu 27th Aug, 2026",,Data & AI,https://www.hotnigerianjobs.com/hotjobs/948532/data-scientists-at-bravotechmedia-group.html,2026-08-30T15:19:43+00:00
13e8c7dbdecf4dc6,hotnigerianjobs,948549,Sales Executive at Soft Intelligent Machines Limited,Soft Intelligent Machines Limited,"Soft Intelligent Machines Limited is recruiting to fill the position of: Sales Executive. The position is located in Ikeja, Lagos State. Interested candidates should possess a Bachelor’s Degree in Marketing, Computer Science, or any related field, a valid NYSC Certificate or Exemption Certificate is required with 1 - 3 years of experience in IT, sales, marketing, or technical support. Apply Now","Ikeja, Lagos State",Nigeria,unknown,,,Computer / AI / Technology / IT Services,,,,,,"Thu 27th Aug, 2026",,Other Tech,https://www.hotnigerianjobs.com/hotjobs/948549/sales-executive-at-soft-intelligent-machines-limit.html,2026-08-30T15:19:43+00:00
712fb702e35c233f,hotnigerianjobs,948535,Brand Promoters at BravoTechMedia Group,BravoTechMedia Group,BravoTechMedia Group is recruiting to fill the position of: Brand Promoter. The position is located in Enugu State. Interested candidates should possess relevant qualifications with experience. Apply Now,Enugu State,Nigeria,unknown,,,Computer / AI / Technology / IT Services,,,,,,"Thu 27th Aug, 2026",,,https://www.hotnigerianjobs.com/hotjobs/948535/brand-promoters-at-bravotechmedia-group.html,2026-08-30T15:19:43+00:00
aea7b2c4e139170b,hotnigerianjobs,948529,Video Editors at BravoTechMedia Group,BravoTechMedia Group,BravoTechMedia Group is recruiting to fill the position of: Video Editor. The position is located in Enugu State. Interested candidates should possess relevant qualifications with experience. Apply Now,Enugu State,Nigeria,unknown,,,Computer / AI / Technology / IT Services,,,,,,"Thu 27th Aug, 2026",,,https://www.hotnigerianjobs.com/hotjobs/948529/video-editors-at-bravotechmedia-group.html,2026-08-30T15:19:43+00:00
28508613a951b4b9,hotnigerianjobs,948525,Software Developer at PC Place Nigeria Limited,PC Place Nigeria Limited,"PC Place Nigeria Limited is recruiting to fill the position of: Software Developer. The position is located in Ikeja, Lagos State. Salary: N300,000 - N700,000 monthly. Interested candidates should possess a Bachelor’s Degree in Computer Science, Software Engineering, or related field with 4-6 years experience. Apply Now","Ikeja, Lagos State",Nigeria,unknown,,,Computer / AI / Technology / IT Services,,,,"N300,000 - N700,000 monthly",,"Thu 27th Aug, 2026",,Software Development,https://www.hotnigerianjobs.com/hotjobs/948525/software-developer-at-pc-place-nigeria-limited.html,2026-08-30T15:19:43+00:00
9cb6776da29efac4,hotnigerianjobs,948516,Credit Control Assistant at Codix Pharma Limited,Codix Pharma Limited,"Codix Pharma Limited is recruiting to fill the position of: Credit Control Assistant. The position is located in Lagos State. Interested candidates should possess an OND qualification in Accounting, Finance, Economics, Statistics or related field with excellent communication skills. Apply Now",Lagos State,Nigeria,unknown,,,Computer / AI / Technology / IT Services,,,,,,"Thu 27th Aug, 2026",,,https://www.hotnigerianjobs.com/hotjobs/948516/credit-control-assistant-at-codix-pharma-limited.html,2026-08-30T15:19:43+00:00
c1c50a0d9aab49a5,hotnigerianjobs,948482,AI Process Automation Intern at Uridium Technologies Limited,,AI Process Automation Intern at Uridium Technologies Limited,,Nigeria,unknown,,,Computer / AI / Technology / IT Services,,,,,,,,Data & AI,https://www.hotnigerianjobs.com/hotjobs/948482/ai-process-automation-intern-at-uridium-technologi.html,2026-08-30T15:19:43+00:00
c3321ba73f94c2ed,hotnigerianjobs,948474,Soft Intelligent Machines Limited Job Recruitment (5 Positions),,Soft Intelligent Machines Limited Job Recruitment (5 Positions),,Nigeria,unknown,,,Computer / AI / Technology / IT Services,,,,,,,,,https://www.hotnigerianjobs.com/hotjobs/948474/soft-intelligent-machines-limited-job-recruitment.html,2026-08-30T15:19:43+00:00
654d0b346b51365d,hotnigerianjobs,948451,Procurement & Administrative Officer at Soft Intelligent Machines Limited,,Procurement & Administrative Officer at Soft Intelligent Machines Limited,,Nigeria,unknown,,,Computer / AI / Technology / IT Services,,,,,,,,,https://www.hotnigerianjobs.com/hotjobs/948451/procurement-administrative-officer-at-soft-intelli.html,2026-08-30T15:19:43+00:00
ba7cc7570795be23,hotnigerianjobs,948442,Human Resources Officer at Soft Intelligent Machines Limited,,Human Resources Officer at Soft Intelligent Machines Limited,,Nigeria,unknown,,,Computer / AI / Technology / IT Services,,,,,,,,,https://www.hotnigerianjobs.com/hotjobs/948442/human-resources-officer-at-soft-intelligent-machin.html,2026-08-30T15:19:43+00:00
0ff3155374263626,hotnigerianjobs,948237,Bluechip Technologies Limited Job Recruitment (3 Positions),,"Bluechip Technologies Limited is currently recruiting suitable candidates to fill the following positions in Lagos State: Senior BI Developer, Social Media Manager, and Java & C# Software Engineer. Apply Now",Lagos State,Nigeria,unknown,,,Computer / AI / Technology / IT Services,,,,,,"Thu 27th Aug, 2026",,Software Development,https://www.hotnigerianjobs.com/hotjobs/948237/bluechip-technologies-limited-job-recruitment-3-po.html,2026-08-30T15:19:43+00:00
cc694035fa56691e,hotnigerianjobs,948214,Solution Area Specialists Manager - AI Business Solutions at Microsoft Nigeria,,Solution Area Specialists Manager - AI Business Solutions at Microsoft Nigeria,,Nigeria,unknown,,,Computer / AI / Technology / IT Services,,,,,,,,Data & AI,https://www.hotnigerianjobs.com/hotjobs/948214/solution-area-specialists-manager-ai-business-solu.html,2026-08-30T15:19:43+00:00
c129e7e2cf98ddba,hotnigerianjobs,948194,Senior BI Developer at Bluechip Technologies Limited,Bluechip Technologies Limited,"Bluechip Technologies Limited is recruiting to fill the position of: Senior BI Developer. The position is located in Lagos State. Interested candidates should possess a Bachelor's Degree (or equivalent) in Computer Science, Information Systems, Data/Business Analytics, Statistics, Engineering, or a related discipline with 5–7 years' hands-on experience in Business Intelligence and reporting development, including at least 2 years in a senior or lead capacity. Apply Now",Lagos State,Nigeria,unknown,,,Computer / AI / Technology / IT Services,,,,,,"Thu 27th Aug, 2026",,Software Development,https://www.hotnigerianjobs.com/hotjobs/948194/senior-bi-developer-at-bluechip-technologies-limit.html,2026-08-30T15:19:43+00:00
ce07ae699d589ad3,hotnigerianjobs,948190,Social Media Manager (Hybrid) at Bluechip Technologies Limited,,Social Media Manager (Hybrid) at Bluechip Technologies Limited,,Nigeria,hybrid,,,Computer / AI / Technology / IT Services,,,,,,,,,https://www.hotnigerianjobs.com/hotjobs/948190/social-media-manager-hybrid-at-bluechip-technologi.html,2026-08-30T15:19:43+00:00
184fe39ef2e5303f,hotnigerianjobs,948153,Driver at Estuary Business Solution,Estuary Business Solution,"Estuary Business Solution is recruiting to fill the position of: Driver. The position is located in Lagos State. Interested candidates should possess relevant qualifications, must hold a valid driver’s license with a minimum of 3 years’ proven driving experience in Lagos and must be living in Obalende and Iyanaworo environs. Apply Now",Lagos State,Nigeria,unknown,,,Computer / AI / Technology / IT Services,,,,,,"Thu 27th Aug, 2026",,,https://www.hotnigerianjobs.com/hotjobs/948153/driver-at-estuary-business-solution.html,2026-08-30T15:19:43+00:00
5cd2c0015b171a65,hotnigerianjobs,948099,Talento Systems Nigeria Limited Trainee & Exp. Job Recruitment (4 Positions),,Talento Systems Nigeria Limited Trainee & Exp. Job Recruitment (4 Positions),,Nigeria,unknown,,,Computer / AI / Technology / IT Services,,,,,,,,,https://www.hotnigerianjobs.com/hotjobs/948099/talento-systems-nigeria-limited-trainee-exp-job-re.html,2026-08-30T15:19:43+00:00
3ef6c7bb1f50cdc6,hotnigerianjobs,948088,Trainee Technician (CCTV & Solar Systems) at Talento Systems Nigeria Limited,,Trainee Technician (CCTV & Solar Systems) at Talento Systems Nigeria Limited,,Nigeria,unknown,,,Computer / AI / Technology / IT Services,,,,,,,,,https://www.hotnigerianjobs.com/hotjobs/948088/trainee-technician-cctv-solar-systems-at-talento-s.html,2026-08-30T15:19:43+00:00
e8b4ec0e3e60c24d,hotnigerianjobs,948091,Office Administrator at Talento Systems Nigeria Limited,Talento Systems Nigeria Limited,"Talento Systems Nigeria Limited is recruiting to fill the position of: Office Administrator. The position is located in Onipan, Lagos State. Interested candidates should possess relevant qualifications with experience. Apply Now","Onipan, Lagos State",Nigeria,unknown,,,Computer / AI / Technology / IT Services,,,,,,"Wed 26th Aug, 2026",,,https://www.hotnigerianjobs.com/hotjobs/948091/office-administrator-at-talento-systems-nigerialim.html,2026-08-30T15:19:43+00:00
1ef26e0f23225d06,hotnigerianjobs,948083,Trainee Engineer at Talento Systems Nigeria Limited,Talento Systems Nigeria Limited,"Talento Systems Nigeria Limited is recruiting to fill the position of: Trainee Engineer. The position is located in Onipan, Lagos State. Interested candidates should possess relevant qualifications. Apply Now","Onipan, Lagos State",Nigeria,unknown,,,Computer / AI / Technology / IT Services,,,,,,"Wed 26th Aug, 2026",,Other Tech,https://www.hotnigerianjobs.com/hotjobs/948083/trainee-engineer-at-talento-systems-nigerialimited.html,2026-08-30T15:19:43+00:00
1fe3fca9a19f268d,hotnigerianjobs,948082,Business Development Manager (ICT Solutions) at Talento Systems Nigeria Limited,,Business Development Manager (ICT Solutions) at Talento Systems Nigeria Limited,,Nigeria,unknown,,,Computer / AI / Technology / IT Services,,,,,,,,Other Tech,https://www.hotnigerianjobs.com/hotjobs/948082/business-development-manager-ict-solutions-at-tale.html,2026-08-30T15:19:43+00:00
dcb90c04ede419bd,hotnigerianjobs,948049,"Projects Associate, AI Transformation at Rise Networks",Rise Networks,"Rise Networks is recruiting to fill the position of: Projects Associate, AI Transformation. The position is located in Lagos State. Interested candidates should possess relevant qualifications with 2 - 6 years in consulting, product operations, or digital transformation: Track record of supporting complex projects and delivering high-quality results. Apply Now",Lagos State,Nigeria,unknown,,,Computer / AI / Technology / IT Services,,,,,,"Wed 26th Aug, 2026",,Data & AI,https://www.hotnigerianjobs.com/hotjobs/948049/projects-associate-ai-transformation-at-rise-netwo.html,2026-08-30T15:19:43+00:00
bb25c377c6c38ae2,hotnigerianjobs,947991,NYSC Member (Accounting Background) at Arit of Africa Limited,,NYSC Member (Accounting Background) at Arit of Africa Limited,,Nigeria,unknown,,,Computer / AI / Technology / IT Services,,,,,,,,,https://www.hotnigerianjobs.com/hotjobs/947991/nysc-member-accounting-background-at-arit-of-afric.html,2026-08-30T15:19:43+00:00
2cd4eb1b3e7df2bc,hotnigerianjobs,947851,Senior Solution Sales Executive - Business AI Platform at SAP Nigeria,,Senior Solution Sales Executive - Business AI Platform at SAP Nigeria,,Nigeria,unknown,,,Computer / AI / Technology / IT Services,,,,,,,,Data & AI,https://www.hotnigerianjobs.com/hotjobs/947851/senior-solution-sales-executive-business-ai-platfo.html,2026-08-30T15:19:43+00:00
fcbabc2a9443ddd8,hotnigerianjobs,947656,NLP / AI Engineer (Hybrid) at Vennote Technologies Limited,Vennote Technologies Limited,"Vennote Technologies Limited is recruiting to fill the position of: NLP / AI Engineer. This is a Hybrid position in Lagos State. Interested candidates should possess a Degree in Data Science, Computer Science, or similar field with more than 7 years of experience ➢ Proficient in English, both verbal and written. Apply Now",,Nigeria,hybrid,,,Computer / AI / Technology / IT Services,,,,,,"Wed 26th Aug, 2026",,Data & AI,https://www.hotnigerianjobs.com/hotjobs/947656/nlp-ai-engineer-at-vennote-technologies-limited.html,2026-08-30T15:19:43+00:00
a11ee20823202708,hotnigerianjobs,947654,Conversational AI Solutions Specialist (Agentic Systems) at Vennote Technologies Limited (Hybrid),,Conversational AI Solutions Specialist (Agentic Systems) at Vennote Technologies Limited (Hybrid),,Nigeria,hybrid,,,Computer / AI / Technology / IT Services,,,,,,,,Data & AI,https://www.hotnigerianjobs.com/hotjobs/947654/conversational-ai-solutions-specialist-agentic-sys.html,2026-08-30T15:19:43+00:00
0f07e99fd98fb564,hotnigerianjobs,947603,Product and User Interface Designer (Hybrid) at Apex Network,,Product and User Interface Designer (Hybrid) at Apex Network,,Nigeria,hybrid,,,Computer / AI / Technology / IT Services,,,,,,,,,https://www.hotnigerianjobs.com/hotjobs/947603/senior-lecturer-political-science-at-christopher-u.html,2026-08-30T15:19:43+00:00
e399bb111065a844,hotnigerianjobs,947334,Senior Data Scientist (Hybrid) at Vennote Technologies Limited,,Senior Data Scientist (Hybrid) at Vennote Technologies Limited,,Nigeria,hybrid,,,Computer / AI / Technology / IT Services,,,,,,,,Data & AI,https://www.hotnigerianjobs.com/hotjobs/947334/senior-data-scientist-hybrid-at-vennote-technologi.html,2026-08-30T15:19:45+00:00
805b815b3aadf1fb,hotnigerianjobs,947309,Accountant at Jetlink Limited,Jetlink Limited,"Jetlink Limited is recruiting to fill the position of: Accountant. The position is located in Oniru, Lagos State. Interested candidates should possess a B.Sc. / HND in Accounting, Finance, or related field; ICAN (Institute of Chartered Accountants of Nigeria) certification with a minimum of 5 years' relevant accounting experience Apply Now","Oniru, Lagos State",Nigeria,unknown,,,Computer / AI / Technology / IT Services,,,,,,"Wed 26th Aug, 2026",,,https://www.hotnigerianjobs.com/hotjobs/947309/accountant-at-jetlink-limited.html,2026-08-30T15:19:45+00:00
1f4570146a32e8dc,hotnigerianjobs,947299,Business Development Executive at OneVERIFY Limited (2 Openings),,Business Development Executive at OneVERIFY Limited (2 Openings),,Nigeria,unknown,,,Computer / AI / Technology / IT Services,,,,,,,,,https://www.hotnigerianjobs.com/hotjobs/947299/business-development-executive-at-oneverify-limite.html,2026-08-30T15:19:45+00:00
241bf3fdc7a0cca2,hotnigerianjobs,947205,Strivo Labs Job Recruitment (7 Positions),Strivo Labs,"Strivo Labs is recruiting suitably qualified candidates to fill the following positions in Lagos State: Risk Manager, Application Support Engineer, Head of Operations, Project Manager, Collection & Recovery Lead, and Social Media Lead. Apply Now",Lagos State,Nigeria,unknown,,,Computer / AI / Technology / IT Services,,,,,,"Wed 26th Aug, 2026",,Other Tech,https://www.hotnigerianjobs.com/hotjobs/947205/strivo-labs-job-recruitment-3-positions.html,2026-08-30T15:19:45+00:00
526933edd3954e8e,hotnigerianjobs,947199,IT Trainer at Applinet Technology,Applinet Technology,"Applinet Technology is recruiting to fill the position of: IT Trainer. The position is located in Lagos State. Salary: N150,000 - N300,000 per month. Interested candidates should possess a relevant qualification with proven work experience as an IT Trainer, Technical Trainer or similar role. Apply Now",Lagos State,Nigeria,unknown,,,Computer / AI / Technology / IT Services,,,,"N150,000 - N300,000 per month",,"Wed 26th Aug, 2026",,Other Tech,https://www.hotnigerianjobs.com/hotjobs/947199/it-trainer-at-applinet-technology.html,2026-08-30T15:19:45+00:00
88a0f4280829796e,hotnigerianjobs,947196,Entrepreneurs at Applinet Technology,Applinet Technology,"Applinet Technology is recruiting to fill the position of: Entrepreneur. The position is located in Lagos State. Salary: N150,000 - N300,000 monthly. Interested candidates should possess relevant training and/or certifications as an Entrepreneur with proven work experience as an Entrepreneur or similar role, and understanding of systems and processes to ensure the department grows as projected. Apply Now",Lagos State,Nigeria,unknown,,,Computer / AI / Technology / IT Services,,,,"N150,000 - N300,000 monthly",,"Wed 26th Aug, 2026",,,https://www.hotnigerianjobs.com/hotjobs/947196/entrepreneurs-at-applinet-technology.html,2026-08-30T15:19:45+00:00
fc973b330319a3e0,hotnigerianjobs,947189,Risk Manager at Strivo Labs,Strivo Labs,"Strivo Labs is recruiting to fill the position of: Risk Manager. The position is located in Ikeja, Lagos State. Interested candidates should possess a Bachelor’s Degree in Finance, Economics, Accounting, Business Administration, Risk Management, Mathematics, Statistics, or a related field with 5 – 8 years of progressive experience in Risk Management, Credit Risk, Enterprise Risk, Audit, or Compliance within a Fintech, Digital Lending, Banking, Financial Services, or Payment Services environment. Apply Now","Ikeja, Lagos State",Nigeria,unknown,,,Computer / AI / Technology / IT Services,,,,,,"Wed 26th Aug, 2026",,Other Tech,https://www.hotnigerianjobs.com/hotjobs/947189/risk-manager-at-strivo-labs.html,2026-08-30T15:19:45+00:00
b5b582c8141da935,hotnigerianjobs,947201,Application Support Engineer at Strivo Labs,Strivo Labs,"Strivo Labs is recruiting to fill the position of: Application Support Engineer. The position is located in Ikeja, Lagos State. Interested candidates should possess minimum of 2nd Class Lower in a first Degree and / or Related Professional Qualification with strong knowledge of Enterprise Operating Systems in any of (Windows Server, Linux Operating System etc.) Apply Now","Ikeja, Lagos State",Nigeria,unknown,,,Computer / AI / Technology / IT Services,,,,,,"Wed 26th Aug, 2026",,Other Tech,https://www.hotnigerianjobs.com/hotjobs/947201/application-support-engineer-at-strivo-labs.html,2026-08-30T15:19:45+00:00
8183078aa0b9f4b5,hotnigerianjobs,947173,DevOps Engineer at Teknowledge,Teknowledge,"Teknowledge is recruiting to fill the position of: DevOps Engineer. The position is located in Victoria Island, Lagos State. Interested candidates should possess a Bachelor's Degree or equivalent Degree in Computer Science or another related field with knowledge of Linux OS, SQL, PL SQL, Scripting, and Container. Apply Now","Victoria Island, Lagos State",Nigeria,unknown,,,Computer / AI / Technology / IT Services,,,,,,"Wed 26th Aug, 2026",,DevOps & Cloud,https://www.hotnigerianjobs.com/hotjobs/947173/financial-shared-services-manager-at-innovations-f.html,2026-08-30T15:19:45+00:00
df18e3046bf9dce3,hotnigerianjobs,947212,Field Marketer at a Reputable Information Technology Organization - TeamAce Limited,,Field Marketer at a Reputable Information Technology Organization - TeamAce Limited,,Nigeria,unknown,,,Computer / AI / Technology / IT Services,,,,,,,,Other Tech,https://www.hotnigerianjobs.com/hotjobs/947212/field-marketer-at-a-reputable-information-technolo.html,2026-08-30T15:19:45+00:00
de17b460345c326d,hotnigerianjobs,946948,Virtual Nation Job Recruitment (7 Positions),Virtual Nation,"Virtual Nation is recruiting suitably qualified candidates to fill the following remote positions: Machine Learning Engineer, Immigration Writer, Customer Support Representative, Web Developer, Animator & Video Editor, Accountant & HR Officer, and Content Writer. Apply Now",,Nigeria,remote,Country-only,,Computer / AI / Technology / IT Services,,,,,,"Tue 25th Aug, 2026",,Software Development,https://www.hotnigerianjobs.com/hotjobs/946948/virtual-nation-job-recruitment-7-positions.html,2026-08-30T15:19:45+00:00
0f2c6a568faf6d15,hotnigerianjobs,946921,Strategic Operations Specialist at ElsaDave Consulting Limited,,Strategic Operations Specialist at ElsaDave Consulting Limited,,Nigeria,unknown,,,Computer / AI / Technology / IT Services,,,,,,,,,https://www.hotnigerianjobs.com/hotjobs/946921/strategic-operations-specialist-at-elsadave-consul.html,2026-08-30T15:19:45+00:00
c58de7635edf5728,hotnigerianjobs,946912,Customer Support Representative (Remote) at Virtual Nation,Virtual Nation,"Virtual Nation is recruiting to fill the position of: Customer Support Representative. This is a Remote Role. Interested candidates should possess strong problem-solving and conflict-resolution skills with 3+ years of experience in customer service, customer support, or a related client-facing role. Apply Now",,Nigeria,remote,Country-only,,Computer / AI / Technology / IT Services,,,,,,"Tue 25th Aug, 2026",,Other Tech,https://www.hotnigerianjobs.com/hotjobs/946912/customer-support-representative-remote-at-virtual.html,2026-08-30T15:19:45+00:00
42046e936117037b,hotnigerianjobs,946911,Web Developer (Remote) at Virtual Nation,Virtual Nation,"Virtual Nation is recruiting to fill the position of: Web Developer. This is a Remote Role. Interested candidates should possess Proficiency in HTML, CSS, JavaScript, and modern frameworks (React, Next.js, Vue.js, or similar) with 3+ years of cogent experience in web development (front-end and back-end). Apply Now",,Nigeria,remote,Country-only,,Computer / AI / Technology / IT Services,,,,,,"Tue 25th Aug, 2026",,Software Development,https://www.hotnigerianjobs.com/hotjobs/946911/web-developer-remote-at-virtual-nation.html,2026-08-30T15:19:45+00:00
5ff86d12a7e1ae5a,hotnigerianjobs,946909,Animator & Video Editor (Remote) at Virtual Nation,Virtual Nation,"Virtual Nation is recruiting to fill the position of: Animator & Video Editor. This is a Remote Role. Interested candidates should possess strong understanding of animation principles (timing, easing, motion flow) with 5+ years of overall professional experience. Apply Now",,Nigeria,remote,Country-only,,Computer / AI / Technology / IT Services,,,,,,"Tue 25th Aug, 2026",,,https://www.hotnigerianjobs.com/hotjobs/946909/animator-video-editor-remote-at-virtual-nation.html,2026-08-30T15:19:45+00:00
12fccb68738c4afa,hotnigerianjobs,946908,Accountant & HR Officer (Remote) at Virtual Nation,Virtual Nation,"Virtual Nation is recruiting to fill the position of: Accountant & HR Officer. This is a Remote Role. Interested candidates should possess minimum of a Bachelor's Degree or HND in Accounting, Finance, Business Administration, or a related field with working knowledge of both Nigerian and UK tax / regulatory requirements. Apply Now",,Nigeria,remote,Country-only,,Computer / AI / Technology / IT Services,,,,,,"Tue 25th Aug, 2026",,,https://www.hotnigerianjobs.com/hotjobs/946908/accountant-hr-officer-remote-at-virtual-nation.html,2026-08-30T15:19:45+00:00
212686e228a9d503,hotnigerianjobs,946906,Content Writer (Remote) at Veycl - Virtual Nation,"Veycl, a brand under Virtual Nation","Veycl, a brand under Virtual Nation is recruiting to fill the position of: Content Writer. This is a Remote Role. Interested candidates should possess minimum of an HND or equivalent with 5+ years of professional writing experience. Apply Now",,Nigeria,remote,Country-only,,Computer / AI / Technology / IT Services,,,,,,"Tue 25th Aug, 2026",,,https://www.hotnigerianjobs.com/hotjobs/946906/content-writer-remote-at-veycl-virtual-nation.html,2026-08-30T15:19:45+00:00
3215f7337912fb02,hotnigerianjobs,946905,Immigration Writer (Remote) at Veycl - Virtual Nation,"Veycl, a brand under Virtual Nation","Veycl, a brand under Virtual Nation is recruiting to fill the position of: Immigration Writer. This is a Remote Role. Interested candidates should possess an LL.B (Bachelor of Laws) or equivalent legal background with excellent writing and editing skills. Apply Now",,Nigeria,remote,Country-only,,Computer / AI / Technology / IT Services,,,,,,"Tue 25th Aug, 2026",,,https://www.hotnigerianjobs.com/hotjobs/946905/immigration-writer-remote-at-veycl-virtual-nation.html,2026-08-30T15:19:45+00:00
7f69794037d8306e,hotnigerianjobs,946899,Machine Learning Engineer (Remote) at Virtual Nation,Virtual Nation,"Virtual Nation is recruiting to fill the position of Machine Learning Engineer. This is a Remote Role. Interested candidates should possess strong programming skills in Python, strong knowledge of ML frameworks and libraries (TensorFlow, PyTorch, Scikit-learn) with 7+ years of overall experience in a technical role. Apply Now",,Nigeria,remote,Country-only,,Computer / AI / Technology / IT Services,,,,,,"Tue 25th Aug, 2026",,Data & AI,https://www.hotnigerianjobs.com/hotjobs/946899/machine-learning-engineer-remote-at-virtual-nation.html,2026-08-30T15:19:45+00:00
d8618ce074dd2f39,hotnigerianjobs,946579,Vennote Technologies Limited Job Recruitment (7 Positions),Vennote Technologies Limited,"Vennote Technologies Limited is recruiting to fill the following positions in Lagos State: NLP / AI Engineer, Conversational AI Solutions Specialist (Agentic Systems), Senior Data Scientist, Senior Backend Developer (Node.js and Python), IT Service Desk Engineer, Senior Data Scientist, and End User Support Engineer. Apply Now",Lagos State,Nigeria,unknown,,,Computer / AI / Technology / IT Services,,,,,,"Mon 24th Aug, 2026",,Software Development,https://www.hotnigerianjobs.com/hotjobs/946579/vennote-technologies-limited-job-recruitment-4-pos.html,2026-08-30T15:19:45+00:00
ff2f5c6f78444761,hotnigerianjobs,946565,Breezy Digital Solutions Job Recruitment (5 Positions),Breezy Digital Solutions,"Breezy Digital Solutions is recruiting to fill the following positions in Lagos State: Product Marketing Manager, React Native Developer, Key Account Officer, Data Analyst, and Legal Officer. Apply Now",Lagos State,Nigeria,unknown,,,Computer / AI / Technology / IT Services,,,,,,"Mon 24th Aug, 2026",,Software Development,https://www.hotnigerianjobs.com/hotjobs/946565/breezy-digital-solutions-job-recruitment-5-positio.html,2026-08-30T15:19:45+00:00
bd3969375a1440bb,hotnigerianjobs,946521,Project Accountant (Hybrid) at erpSoftapp,erpSoftapp,"erpSoftapp is recruiting to fill the position of: Project Accountant. The position is located in Yaba, Lagos State (Hybrid). Salary: N300,000 - N450,000 monthly. Interested candidates should possess a Degree in relevant discipline with 3 - 4 years experience. Applicant must be ICAN certified. A knowledge of IFRS is required. Apply Now","Yaba, Lagos State (Hybrid)",Nigeria,hybrid,,,Computer / AI / Technology / IT Services,,,,"N300,000 - N450,000 monthly",,"Mon 24th Aug, 2026",,Other Tech,https://www.hotnigerianjobs.com/hotjobs/946521/project-accountant-hybrid-at-erpsoftapp.html,2026-08-30T15:19:45+00:00
5b32fe344bd2a05b,hotnigerianjobs,946510,Senior Backend Developer (Node.js and Python) (Hybrid) at Vennote Technologies Limited,,Senior Backend Developer (Node.js and Python) (Hybrid) at Vennote Technologies Limited,,Nigeria,hybrid,,,Computer / AI / Technology / IT Services,,,,,,,,Software Development,https://www.hotnigerianjobs.com/hotjobs/946510/senior-backend-developer-nodejs-and-python-hybrid.html,2026-08-30T15:19:45+00:00
df77903a4e1d01e6,hotnigerianjobs,946526,erpSOFTapp Limited Internship & Exp. Job Recruitment (6 Positions),,erpSOFTapp Limited Internship & Exp. Job Recruitment (6 Positions),,Nigeria,unknown,,,Computer / AI / Technology / IT Services,,,,,,,,Other Tech,https://www.hotnigerianjobs.com/hotjobs/946526/erpsoftapp-limited-job-recruitment-6-positions.html,2026-08-30T15:19:45+00:00
ef2e1884f87865de,hotnigerianjobs,946407,Intern Technical Analyst (Hybrid) at erpSoftapp,erpSoftapp,"erpSoftapp is recruiting to fill the position of: Intern Technical Analyst. This a Hybrid position located in Yaba, Lagos State. Salary: N50,000 - N80,000 monthly. Interested candidates should possess an Engineering and Computer Science Degree; candidates must be a fresh graduate waiting to get called up for the NYSC program. Apply Now","Yaba, Lagos State",Nigeria,hybrid,,,Computer / AI / Technology / IT Services,,,,"N50,000 - N80,000 monthly",,"Mon 24th Aug, 2026",,Other Tech,https://www.hotnigerianjobs.com/hotjobs/946407/intern-technical-analyst-hybrid-at-erpsoftapp.html,2026-08-30T15:19:45+00:00
a550cb21170946eb,hotnigerianjobs,946392,Sales Intern (Hybrid) at erpSoftapp,erpSoftapp,"erpSoftapp is recruiting to fill the position of: Sales Intern. This a Hybrid position located in Yaba, Lagos State. Salary: N50,000 - N80,000 monthly. Interested candidates should possess relevant qualifications with experience. Apply Now","Yaba, Lagos State",Nigeria,hybrid,,,Computer / AI / Technology / IT Services,,,,"N50,000 - N80,000 monthly",,"Mon 24th Aug, 2026",,Other Tech,https://www.hotnigerianjobs.com/hotjobs/946392/sales-intern-hybrid-at-erpsoftapp.html,2026-08-30T15:19:45+00:00
c77c4edc05b268d0,hotnigerianjobs,946145,Procurement Assistant at PC Place Nigeria Limited,PC Place Nigeria Limited,"PC Place Nigeria Limited is recruiting to fill the position of: Procurement Assistant. The position is located in Lagos State. Salary: N150,000 monthly. Interested candidates should possess relevant qualifications with experience. Apply Now",Lagos State,Nigeria,unknown,,,Computer / AI / Technology / IT Services,,,,"N150,000 monthly",,"Mon 24th Aug, 2026",,,https://www.hotnigerianjobs.com/hotjobs/946145/procurement-assistant-at-pc-place-nigeria-limited.html,2026-08-30T15:19:45+00:00
1e193eac595f45be,hotnigerianjobs,946051,Logistic Manager at Applinet Technology,Applinet Technology,"Applinet Technology is recruiting to fill the position of: Logistic Manager. The position is located in Lagos State. Salary: N150,000 - N300,000 per month. Interested candidates should possess a B.Sc Degree in Business Administration, Logistics or Supply Chain with proven working experience as a Logistics Manager. Apply Now",Lagos State,Nigeria,unknown,,,Computer / AI / Technology / IT Services,,,,"N150,000 - N300,000 per month",,"Mon 24th Aug, 2026",,,https://www.hotnigerianjobs.com/hotjobs/946051/logistic-manager-at-applinet-technology.html,2026-08-30T15:19:45+00:00
15e627b79fa839bb,hotnigerianjobs,946013,Digital Marketer Intern (Remote) at Errand9ja,Errand9ja,"Errand9ja is recruiting to fill the position of: Digital Marketer Intern. This is a remote job. Interested candidates should possess a Degree or HND in Marketing, Mass Communication, Business Administration, or any field backed by a strong interest in digital media, and be current serving corp members seeking a career-building side project or Primary Assignment (PPA). Apply Now",,Nigeria,remote,Country-only,,Computer / AI / Technology / IT Services,,,,,,"Mon 24th Aug, 2026",,,https://www.hotnigerianjobs.com/hotjobs/946013/digital-marketer-intern-remote-at-errand9ja.html,2026-08-30T15:19:45+00:00
75bba338f19e598e,hotnigerianjobs,946020,Chief Operating Officer (COO) at Errand9ja - Remote,Errand9ja,"Errand9ja is recruiting to fill the position of: Chief Operating Officer (COO). This is a Remote position. Interested candidates must be a current serving corps member looking for a career-defining Primary Assignment (PPA) or side project with a B.Sc. or HND qualification in Economics, Business Administration, Logistics & Supply Chain Management, or a highly analytical equivalent. Apply Now",,Nigeria,remote,Country-only,,Computer / AI / Technology / IT Services,,,,,,"Mon 24th Aug, 2026",,,https://www.hotnigerianjobs.com/hotjobs/946020/chief-operating-officer-coo-at-errand9ja-remote.html,2026-08-30T15:19:45+00:00
2b864b0f9b3a207f,hotnigerianjobs,946059,Travel Consultant at Applinet Technology,Applinet Technology,"Applinet Technology is recruiting to fill the position of: Travel Consultant. The position is located in Lagos State. Salary: N150,000 - N350,000 monthly. Interested candidates should possess a Degree in Hospitality, Travel, Tourism, Business or relevant fields with proven working experience as a Travel Consultant. Apply Now",Lagos State,Nigeria,unknown,,,Computer / AI / Technology / IT Services,,,,"N150,000 - N350,000 monthly",,"Mon 24th Aug, 2026",,,https://www.hotnigerianjobs.com/hotjobs/946059/travel-consultant-at-applinet-technology.html,2026-08-30T15:19:45+00:00
48d605e160f098ab,hotnigerianjobs,945915,Sales Representative at Techdoctorinnovations,Techdoctorinnovations,"Techdoctorinnovations is recruiting to fill the position of: Sales Representative. The position is located in Isolo, Lagos State. Salary: N50,000 monthly. Interested candidates should possess an SSCE / OND qualification with good communication and organizational skills. Apply Now","Isolo, Lagos State",Nigeria,unknown,,,Computer / AI / Technology / IT Services,,,,"N50,000 monthly",,"Mon 24th Aug, 2026",,,https://www.hotnigerianjobs.com/hotjobs/945915/sales-representative-at-techdoctorinnovations.html,2026-08-30T15:19:45+00:00
92fbd64429c3ebc4,hotnigerianjobs,945878,Latest Entry-level & Internship Job Recruitment in Nigeria - HNJobs (Weekly Recap),,Latest Entry-level & Internship Job Recruitment in Nigeria - HNJobs (Weekly Recap),,Nigeria,unknown,,,Computer / AI / Technology / IT Services,,,,,,,,,https://www.hotnigerianjobs.com/hotjobs/945878/latest-entrylevel-internship-job-recruitment-in-ni.html,2026-08-30T15:19:45+00:00
e1c03f86ac1fbacc,hotnigerianjobs,945847,ActiveEdge Technologies Job Recruitment (6 Positions),ActiveEdge Technologies,"ActiveEdge Technologies is recruiting suitable candidates to fill the following positions in Lagos State: Social Media & Marketing Coordinator; Vice President (VP), Software Engineering; Head Cybersecurity; Business Development Manager, Enterprise; Enterprise Account Manager; and Solution Architect (Infrastructure). Apply Now",Lagos State,Nigeria,unknown,,,Computer / AI / Technology / IT Services,,,,,,"Fri 21st Aug, 2026",,Software Development,https://www.hotnigerianjobs.com/hotjobs/945847/activeedge-technologies-job-recruitment-6-position.html,2026-08-30T15:19:45+00:00
ff2c6c3ebabef39d,hotnigerianjobs,945828,LinkOrgNetwork Limited Job Recruitment (3 Positions),LinkOrgNetwork Limited,"LinkOrgNetwork Limited is recruiting suitably qualified candidates to fill the following positions in Lagos State: Head of Sales IT / OEMs, Head of Sales Retail, and Sales Executive. Apply Now",Lagos State,Nigeria,unknown,,,Computer / AI / Technology / IT Services,,,,,,"Fri 21st Aug, 2026",,,https://www.hotnigerianjobs.com/hotjobs/945828/linkorgnetwork-limited-job-recruitment-3-positions.html,2026-08-30T15:19:45+00:00
3d96be8380e5edd0,hotnigerianjobs,945832,Social Media & Marketing Coordinator at ActiveEdge Technologies,,Social Media & Marketing Coordinator at ActiveEdge Technologies,,Nigeria,unknown,,,Computer / AI / Technology / IT Services,,,,,,,,,https://www.hotnigerianjobs.com/hotjobs/945832/social-media-marketing-coordinator-at-activeedge-t.html,2026-08-30T15:19:45+00:00
5b248432f3625f6a,hotnigerianjobs,945784,API / Automation Engineer With Nigerian Banking Experience at Tezza Business Solutions Limited,,API / Automation Engineer With Nigerian Banking Experience at Tezza Business Solutions Limited,,Nigeria,unknown,,,Computer / AI / Technology / IT Services,,,,,,,,Other Tech,https://www.hotnigerianjobs.com/hotjobs/945784/api-automation-engineer-with-nigerian-banking-expe.html,2026-08-30T15:19:45+00:00
d0f1a46d1d0cd0c1,hotnigerianjobs,945746,Head of Sales IT / OEMs at Linkorgnetwork,Linkorgnetwork,"Linkorgnetwork is recruiting to fill the position of: Head of Sales IT / OEMs. The position is located in Victoria Island, Lagos State. Salary: N700,000 - N800,000 monthly. Interested candidates should possess a Bachelor’s Degree in Business, Marketing, IT, Computer Science, Telecommunications, or a related field with at least 10+ years of experience in IT, telecommunications, ISP, technology, or B2B sales. Apply Now","Victoria Island, Lagos State",Nigeria,unknown,,,Computer / AI / Technology / IT Services,,,,"N700,000 - N800,000 monthly",,"Fri 21st Aug, 2026",,Other Tech,https://www.hotnigerianjobs.com/hotjobs/945746/head-of-sales-it-oems-at-linkorgnetwork.html,2026-08-30T15:19:45+00:00
3697803d8f3155ec,hotnigerianjobs,945789,Senior Finance Manager at a Reputable Fintech Company - TeamAce Limited,,Senior Finance Manager at a Reputable Fintech Company - TeamAce Limited,,Nigeria,unknown,,,Computer / AI / Technology / IT Services,,,,,,,,,https://www.hotnigerianjobs.com/hotjobs/945789/senior-finance-manager-at-a-reputable-fintech-comp.html,2026-08-30T15:19:45+00:00
caf8f75baa1849cb,hotnigerianjobs,945715,Head of Sales Retail at Linkorgnetwork,Linkorgnetwork,"Linkorgnetwork is recruiting to fill the position of: Head of Sales Retail. The position is located in Lagos State. Salary Range: N700,000 - N800,000 net monthly. Interested candidates should possess a Bachelor’s Degree in Business, Marketing, IT, Telecommunications, or a related field with 10+ years of proven experience in enterprise, B2B, IT, telecommunications, ISP, or technology sales. Apply Now",Lagos State,Nigeria,unknown,,,Computer / AI / Technology / IT Services,,,,,,"Fri 21st Aug, 2026",,Other Tech,https://www.hotnigerianjobs.com/hotjobs/945715/head-of-sales-retail-at-linkorgnetwork.html,2026-08-30T15:19:45+00:00
afdc592163e661fa,hotnigerianjobs,945712,Sales Executives at Linkorgnetwork,Linkorgnetwork,"Linkorgnetwork is recruiting to fill the position of: Sales Executive. The position is located in Abuja (FCT). Salary: N250,000 - N350,000 monthly. Interested candidates should possess a Bachelor’s Degree in Business, Marketing, Telecoms, or a related field with 3 – 6 years proven sales success (ISP/Telecoms experience is a BIG plus). Apply Now",Abuja (FCT),Nigeria,unknown,,,Computer / AI / Technology / IT Services,,,,"N250,000 - N350,000 monthly",,"Fri 21st Aug, 2026",,Other Tech,https://www.hotnigerianjobs.com/hotjobs/945712/sales-executives-at-linkorgnetwork.html,2026-08-30T15:19:45+00:00
eeb4a7cb730158e0,hotnigerianjobs,945600,Dispatch Rider at Casalavoro Limited,Casalavoro Limited,Casalavoro Limited is recruiting to fill the position of: Dispatch Rider. The position is located in Abuja (FCT). Interested candidates should possess relevant qualifications with proven experience riding and operating an electric bike is mandatory. Apply Now,Abuja (FCT),Nigeria,unknown,,,Computer / AI / Technology / IT Services,,,,,,"Fri 21st Aug, 2026",,,https://www.hotnigerianjobs.com/hotjobs/945600/dispatch-rider-at-casalavoro-limited.html,2026-08-30T15:19:45+00:00
98de3ffc914fad0b,hotnigerianjobs,945609,Tezza Business Solutions Limited Internship & Exp. Job Recruitment (8 Positions),,Tezza Business Solutions Limited Internship & Exp. Job Recruitment (8 Positions),,Nigeria,unknown,,,Computer / AI / Technology / IT Services,,,,,,,,,https://www.hotnigerianjobs.com/hotjobs/945609/tezza-business-solutions-limited-internship-exp-jo.html,2026-08-30T15:19:45+00:00
6c86b38c98666efa,hotnigerianjobs,945579,Arit of Africa Limited NYSC and Exp. Job Recruitment (5 Positions),,Arit of Africa Limited NYSC and Exp. Job Recruitment (5 Positions),,Nigeria,unknown,,,Computer / AI / Technology / IT Services,,,,,,,,,https://www.hotnigerianjobs.com/hotjobs/945579/arit-of-africa-limited-nysc-and-exp-job-recruitmen.html,2026-08-30T15:19:45+00:00
26ccb1e0c708d6c7,hotnigerianjobs,945578,Frontend Developer Intern art Tezza Business Solutions Limited,,Frontend Developer Intern art Tezza Business Solutions Limited,,Nigeria,unknown,,,Computer / AI / Technology / IT Services,,,,,,,,Software Development,https://www.hotnigerianjobs.com/hotjobs/945578/frontend-developer-intern-art-tezza-business-solut.html,2026-08-30T15:19:45+00:00
8931459fd8e81a4d,hotnigerianjobs,945558,UI / UX Designer Intern art Tezza Business Solutions Limited,,UI / UX Designer Intern art Tezza Business Solutions Limited,,Nigeria,unknown,,,Computer / AI / Technology / IT Services,,,,,,,,Product & Design,https://www.hotnigerianjobs.com/hotjobs/945558/ui-ux-designer-intern-art-tezza-business-solutions.html,2026-08-30T15:19:45+00:00
5103510b19572ba9,hotnigerianjobs,945584,NYSC Member - Computer Science or Statistics Background at Arit of Africa Limited,,NYSC Member - Computer Science or Statistics Background at Arit of Africa Limited,,Nigeria,unknown,,,Computer / AI / Technology / IT Services,,,,,,,,Other Tech,https://www.hotnigerianjobs.com/hotjobs/945584/nysc-member-computer-science-or-statistics-backgro.html,2026-08-30T15:19:45+00:00
0b5207ebf5282f0b,hotnigerianjobs,945582,Backend Developer Intern art Tezza Business Solutions Limited,,Backend Developer Intern art Tezza Business Solutions Limited,,Nigeria,unknown,,,Computer / AI / Technology / IT Services,,,,,,,,Software Development,https://www.hotnigerianjobs.com/hotjobs/945582/backend-developer-intern-art-tezza-business-soluti.html,2026-08-30T15:19:45+00:00
239962b24c8301ab,hotnigerianjobs,945570,Driver at Arit of Africa Limited,Arit of Africa Limited,"Arit of Africa Limited is recruiting to fill the position of: Driver. The position is located in Yaba, Lagos State. Interested candidates should possess a Drivers' License, LASDRI and must understand Lagos route. Apply Now","Yaba, Lagos State",Nigeria,unknown,,,Computer / AI / Technology / IT Services,,,,,,"Fri 21st Aug, 2026",,,https://www.hotnigerianjobs.com/hotjobs/945570/driver-at-arit-of-africa-limited.html,2026-08-30T15:19:45+00:00
17750bfcfa102d94,hotnigerianjobs,945521,Local SEO / Search Specialist at Uleval Technology,Uleval Technology,"Uleval Technology is recruiting to fill the position of: Local SEO / Search Specialist. The position is located in Ikeja, Lagos State. Interested candidates should possess relevant qualifications with 2–4 years of hands-on SEO experience with a clear emphasis on local search algorithms and map pack rankings. Apply Now","Ikeja, Lagos State",Nigeria,unknown,,,Computer / AI / Technology / IT Services,,,,,,"Fri 21st Aug, 2026",,,https://www.hotnigerianjobs.com/hotjobs/945521/local-seo-search-specialist-at-uleval-technology.html,2026-08-30T15:19:45+00:00
fb90eb4b027d32bd,hotnigerianjobs,945514,Digital Growth Officer at Uleval Technology,Uleval Technology,"Uleval Technology is recruiting to fill the position of: Digital Growth Officer. The position is located in Ikeja, Lagos State. Interested candidates should possess a Bachelor's Degree in Marketing, Business, Communications, or a related field with 2 to 5+ years in digital marketing, growth hacking, or performance marketing. Apply Now","Ikeja, Lagos State",Nigeria,unknown,,,Computer / AI / Technology / IT Services,,,,,,"Fri 21st Aug, 2026",,,https://www.hotnigerianjobs.com/hotjobs/945514/digital-growth-officer-at-uleval-technology.html,2026-08-30T15:19:49+00:00
7edf6a857e65e9e3,hotnigerianjobs,945510,Performance Marketing Specialist at Uleval Technology,Uleval Technology,"Uleval Technology is recruiting to fill the position of: Performance Marketing Specialist. The position is located in Ikeja, Lagos State. Interested candidates should possess a Bachelor’s Degree in Marketing, Economics, Statistics, Business, or a related field with 2 to 5 years of hands-on digital or paid media marketing experience. Apply Now","Ikeja, Lagos State",Nigeria,unknown,,,Computer / AI / Technology / IT Services,,,,,,"Fri 21st Aug, 2026",,,https://www.hotnigerianjobs.com/hotjobs/945510/performance-marketing-specialist-at-uleval-technol.html,2026-08-30T15:19:49+00:00
fc081bd51a8ef76b,hotnigerianjobs,945416,Care Coordinator at Zinance Limited (2 Openings),Zinance Limited,"Zinance Limited is recruiting to fill the position of: Care Coordinator. The position is located in Akute - Ogun, and Ikeja - Lagos States. Salary: N150,000 - N200,000 monthly. Interested candidates should possess relevant qualifications. Apply Now","Akute - Ogun, and Ikeja - Lagos States",Nigeria,unknown,,,Computer / AI / Technology / IT Services,,,,"N150,000 - N200,000 monthly",,"Fri 21st Aug, 2026",,,https://www.hotnigerianjobs.com/hotjobs/945416/care-coordinator-at-zinance-limited-2-openings.html,2026-08-30T15:19:49+00:00
91ca68a0623ae042,hotnigerianjobs,945415,Hospice Nurse at Zinance Limited - 2 Openings,Zinance Limited,"Zinance Limited is recruiting to fill the position of: Hospice Nurse. The position is located in Ikotun - Lagos and Ogun States. Salary: N120,000 - N180,000 monthly. Interested candidates should possess relevant qualifications and experience. Apply Now",Ikotun - Lagos and Ogun States,Nigeria,unknown,,,Computer / AI / Technology / IT Services,,,,"N120,000 - N180,000 monthly",,"Fri 21st Aug, 2026",,,https://www.hotnigerianjobs.com/hotjobs/945415/hospice-nurse-at-zinance-limited-2-openings.html,2026-08-30T15:19:49+00:00
66303109921997fb,hotnigerianjobs,945420,Zinance Limited Job Recruitment (7 Positions),Zinance Limited,"Zinance Limited is recruiting suitably qualified candidates to fill the following positions in Ogun and Lagos States: Care Coordinator, Medical Administrative Assistant, Community Health Worker, Biologist, Nurse Practitioner, Health Care Administrator, and Caregiver. Apply Now",Ogun and Lagos States,Nigeria,unknown,,,Computer / AI / Technology / IT Services,,,,,,"Fri 21st Aug, 2026",,,https://www.hotnigerianjobs.com/hotjobs/945420/zinance-limited-job-recruitment-6-positions.html,2026-08-30T15:19:49+00:00
dcf2b30919d67600,hotnigerianjobs,945414,Business Development Manager (BDM) at Logirate,Logirate,"Logirate is recruiting to fill the position of: Business Development Manager (BDM). The position is located in Lagos State. Interested candidates should possess a Bachelor’s Degree in Business Administration, Marketing, Management, or a related field with 2 – 5 years of experience in business development, sales, partnerships, or a related role. Apply Now",Lagos State,Nigeria,unknown,,,Computer / AI / Technology / IT Services,,,,,,"Fri 21st Aug, 2026",,,https://www.hotnigerianjobs.com/hotjobs/945414/business-development-manager-bdm-at-logirate.html,2026-08-30T15:19:49+00:00
744a436cea4345ac,hotnigerianjobs,945413,Medical Administrative Assistant at Zinance Limited,Zinance Limited,"Zinance Limited is recruiting to fill the position of: Medical Administrative Assistant. The position is located in Ikeja, Lagos State. Salary: N130,000 - N200,000 monthly. Interested candidates should possess knowledge of healthcare operations with hands on experience with medical software and MS Office. Apply Now","Ikeja, Lagos State",Nigeria,unknown,,,Computer / AI / Technology / IT Services,,,,"N130,000 - N200,000 monthly",,"Fri 21st Aug, 2026",,Other Tech,https://www.hotnigerianjobs.com/hotjobs/945413/medical-administrative-assistant-at-zinance-limite.html,2026-08-30T15:19:49+00:00
fe5f9f2490a30f00,hotnigerianjobs,945344,Velvot Nigeria Limited Job Recruitment (4 Positions),Velvot Nigeria Limited,"Velvot Nigeria Limited is recruiting suitably qualified candidates to fill the following positions in Lagos State: Technical Support Executive (Operations Engineer), Subscription & Customer Success Executive, Business Development / Sales Executive, and Digital Marketing Associate. Apply Now",Lagos State,Nigeria,unknown,,,Computer / AI / Technology / IT Services,,,,,,"Fri 21st Aug, 2026",,Other Tech,https://www.hotnigerianjobs.com/hotjobs/945344/velvot-nigeria-limited-job-recruitment-4-positions.html,2026-08-30T15:19:49+00:00
58268040c665f0f2,hotnigerianjobs,945342,Technical Support Executive (Operations Engineer) at Velvot Nigeria Limited,,Technical Support Executive (Operations Engineer) at Velvot Nigeria Limited,,Nigeria,unknown,,,Computer / AI / Technology / IT Services,,,,,,,,Other Tech,https://www.hotnigerianjobs.com/hotjobs/945342/technical-support-executive-operations-engineer-at.html,2026-08-30T15:19:49+00:00
c0f1e2cab7857ed7,hotnigerianjobs,945275,HR Consultant at Applinet Technology,Applinet Technology,"Applinet Technology is recruiting to fill the position of: HR Consultant. The position is located in Lagos State. Salary: N150,000 - N300,000 monthly. Interested candidates should possess a BSc / BA in Human Resources, Business Administration or relevant field with proven experience as hr consultant. Apply Now",Lagos State,Nigeria,unknown,,,Computer / AI / Technology / IT Services,,,,"N150,000 - N300,000 monthly",,"Fri 21st Aug, 2026",,,https://www.hotnigerianjobs.com/hotjobs/945275/hr-consultant-at-applinet-technology.html,2026-08-30T15:19:49+00:00
2bccc99e24926be3,hotnigerianjobs,945292,Subscription & Customer Success Executive at Velvot Nigeria Limited,,Subscription & Customer Success Executive at Velvot Nigeria Limited,,Nigeria,unknown,,,Computer / AI / Technology / IT Services,,,,,,,,,https://www.hotnigerianjobs.com/hotjobs/945292/subscription-customer-success-executive-at-velvot.html,2026-08-30T15:19:49+00:00
31bd52ca64bb590a,hotnigerianjobs,945262,Applinet Technology Job Recruitment (15 Positions),Applinet Technology,"Applinet Technology is recruiting suitable candidates to fill the following positions in Lagos and Ogun States: Entrepreneur, Travel Consultant, HR Consultant, Food Scientist, Prompt Engineer, Public Relations Officer, Health Information Technician, Inventory Clerk, Appointment Setter, Treasurer, Finance Clerk, Corporate Trainer, Stockbroker, and Retail Trainer. Apply Now",Lagos and Ogun States,Nigeria,unknown,,,Computer / AI / Technology / IT Services,,,,,,"Fri 21st Aug, 2026",,Other Tech,https://www.hotnigerianjobs.com/hotjobs/945262/applinet-technology-job-recruitment-11-positions.html,2026-08-30T15:19:49+00:00
11bf8b886ae47ffe,hotnigerianjobs,945233,Food Scientist at Applinet Technology,Applinet Technology,"Applinet Technology is recruiting to fill the position of: Food Scientist. The position is located in Lagos State. Salary: N150,000 - N300,000 monthly. Interested candidates should possess relevant qualifications, relevant training and / or certifications as a Food Scientist with proven work experience as a Food Scientist or similar role. Apply Now",Lagos State,Nigeria,unknown,,,Computer / AI / Technology / IT Services,,,,"N150,000 - N300,000 monthly",,"Fri 21st Aug, 2026",,,https://www.hotnigerianjobs.com/hotjobs/945233/food-scientist-at-applinet-technology.html,2026-08-30T15:19:49+00:00
8d2817174030a9b7,hotnigerianjobs,945217,"Admin & Logistic Manager at an Innovation-led, and Technology-driven Knowledge Organization - Westfield Consulting Limited",,"Admin & Logistic Manager at an Innovation-led, and Technology-driven Knowledge Organization - Westfield Consulting Limited",,Nigeria,unknown,,,Computer / AI / Technology / IT Services,,,,,,,,,https://www.hotnigerianjobs.com/hotjobs/945217/admin-logistic-manager-at-an-innovationled-and-tec.html,2026-08-30T15:19:49+00:00
d8afe82d67596728,hotnigerianjobs,945207,"Creative Designer – Motion & Graphics Specialist at an Innovation-led, and Technology-driven Knowledge Organization - Westfield Consulting Limited",,"Creative Designer – Motion & Graphics Specialist at an Innovation-led, and Technology-driven Knowledge Organization - Westfield Consulting Limited",,Nigeria,unknown,,,Computer / AI / Technology / IT Services,,,,,,,,,https://www.hotnigerianjobs.com/hotjobs/945207/creative-designer-motion-graphics-specialist-at-an.html,2026-08-30T15:19:49+00:00
d72eac23a98ce816,hotnigerianjobs,945205,"Enterprise Risk Management Officer at an Innovation-led, and Technology-driven Knowledge Organization - Westfield Consulting Limited",,"Enterprise Risk Management Officer at an Innovation-led, and Technology-driven Knowledge Organization - Westfield Consulting Limited",,Nigeria,unknown,,,Computer / AI / Technology / IT Services,,,,,,,,Other Tech,https://www.hotnigerianjobs.com/hotjobs/945205/enterprise-risk-management-officer-at-an-innovatio.html,2026-08-30T15:19:49+00:00
b471b467a481a21a,hotnigerianjobs,945199,"Executive Assistant to the MD/CEO at an Innovation-led, and Technology-driven Knowledge Organization - Westfield Consulting Limited",,"Executive Assistant to the MD/CEO at an Innovation-led, and Technology-driven Knowledge Organization - Westfield Consulting Limited",,Nigeria,unknown,,,Computer / AI / Technology / IT Services,,,,,,,,,https://www.hotnigerianjobs.com/hotjobs/945199/executive-assistant-to-the-mdceo-at-an-innovationl.html,2026-08-30T15:19:49+00:00
9afe43b8329cf3df,hotnigerianjobs,945198,"Team Lead, Digital Learning at an Innovation-led, and Technology-driven Knowledge Company - Westfield Consulting Limited",,"Team Lead, Digital Learning at an Innovation-led, and Technology-driven Knowledge Company - Westfield Consulting Limited",,Nigeria,unknown,,,Computer / AI / Technology / IT Services,,,,,,,,,https://www.hotnigerianjobs.com/hotjobs/945198/team-lead-digital-learning-at-an-innovationled-and.html,2026-08-30T15:19:49+00:00
1ab8de51ba35a3ac,hotnigerianjobs,945197,"Market Research Specialist at an Innovation-led, and Technology-driven Knowledge Organization - Westfield Consulting Limited",,"Market Research Specialist at an Innovation-led, and Technology-driven Knowledge Organization - Westfield Consulting Limited",,Nigeria,unknown,,,Computer / AI / Technology / IT Services,,,,,,,,,https://www.hotnigerianjobs.com/hotjobs/945197/market-research-specialist-at-an-innovationled-and.html,2026-08-30T15:19:49+00:00
700cbe066bbf31ee,hotnigerianjobs,945212,"Manager, Finance & Account at an Innovation-Led, and Technology-Driven Knowledge Organization - Westfield Consulting Limited",,"Manager, Finance & Account at an Innovation-Led, and Technology-Driven Knowledge Organization - Westfield Consulting Limited",,Nigeria,unknown,,,Computer / AI / Technology / IT Services,,,,,,,,,https://www.hotnigerianjobs.com/hotjobs/945212/manager-finance-account-at-an-innovationled-and-te.html,2026-08-30T15:19:49+00:00
d8703920ccddfb93,hotnigerianjobs,945211,Graphics & Motion Designer at Jollof.com - Estuary Business Solutions Limited,,Graphics & Motion Designer at Jollof.com - Estuary Business Solutions Limited,,Nigeria,unknown,,,Computer / AI / Technology / IT Services,,,,,,,,,https://www.hotnigerianjobs.com/hotjobs/945211/graphics-motion-designer-at-jollofcom-estuary-busi.html,2026-08-30T15:19:49+00:00
433406ba41aea8ee,hotnigerianjobs,945210,Human Capital Consultant at a Technology-Driven Knowledge Organization - Westfield Consulting Limited,,Human Capital Consultant at a Technology-Driven Knowledge Organization - Westfield Consulting Limited,,Nigeria,unknown,,,Computer / AI / Technology / IT Services,,,,,,,,,https://www.hotnigerianjobs.com/hotjobs/945210/human-capital-consultant-at-a-technologydriven-kno.html,2026-08-30T15:19:49+00:00
f47535ad19c55d52,hotnigerianjobs,945194,"Team Lead, Strategy and Governance Advisory at an Innovation-led, and Technology-driven Knowledge Organization - Westfield Consulting Limited",,"Team Lead, Strategy and Governance Advisory at an Innovation-led, and Technology-driven Knowledge Organization - Westfield Consulting Limited",,Nigeria,unknown,,,Computer / AI / Technology / IT Services,,,,,,,,,https://www.hotnigerianjobs.com/hotjobs/945194/team-lead-strategy-and-governance-advisory-at-an-i.html,2026-08-30T15:19:49+00:00
46706e7e4fbda2c1,hotnigerianjobs,945192,"Learning Programmes Manager at an Innovation-led, and Technology-driven Knowledge Organization - Westfield Consulting Limited",,"Learning Programmes Manager at an Innovation-led, and Technology-driven Knowledge Organization - Westfield Consulting Limited",,Nigeria,unknown,,,Computer / AI / Technology / IT Services,,,,,,,,,https://www.hotnigerianjobs.com/hotjobs/945192/learning-programmes-manager-at-an-innovationled-an.html,2026-08-30T15:19:49+00:00
d00b77173123cd0e,hotnigerianjobs,945190,"Team Lead, Tailored Learning at an Innovation-led, and Technology-driven Knowledge Organization - Westfield Consulting Limited",,"Team Lead, Tailored Learning at an Innovation-led, and Technology-driven Knowledge Organization - Westfield Consulting Limited",,Nigeria,unknown,,,Computer / AI / Technology / IT Services,,,,,,,,,https://www.hotnigerianjobs.com/hotjobs/945190/team-lead-tailored-learning-at-an-innovationled-an.html,2026-08-30T15:19:49+00:00
bc1a952867f1a01a,hotnigerianjobs,945188,Merchant Acquisition Executive - POS Solutions (Hybrid) at a FinTech Company - Future Moves Recruitment Agency (FMR Agency),,Merchant Acquisition Executive - POS Solutions (Hybrid) at a FinTech Company - Future Moves Recruitment Agency (FMR Agency),,Nigeria,hybrid,,,Computer / AI / Technology / IT Services,,,,,,,,,https://www.hotnigerianjobs.com/hotjobs/945188/merchant-acquisition-executive-pos-solutions-at-fi.html,2026-08-30T15:19:49+00:00
e32a760799a08021,hotnigerianjobs,945164,Business Strategy Officer at IT Horizons Limited,IT Horizons Limited,"IT Horizons Limited is recruiting to fill the position of: Business Strategy Officer. The position is located in Lagos State. Interested candidates should possess a First Degree in Business Administration, Economics, Finance, Management Sciences, Engineering, IT, Social Sciences or a related field with minimum of 2 years’ relevant experience in strategy, business analysis, consulting, corporate planning, research, financial analysis or transformation. Apply Now",Lagos State,Nigeria,unknown,,,Computer / AI / Technology / IT Services,,,,,,"Thu 20th Aug, 2026",,Other Tech,https://www.hotnigerianjobs.com/hotjobs/945164/business-strategy-officer-at-it-horizons-limited.html,2026-08-30T15:19:49+00:00
88ed7fe4ce7ebd69,hotnigerianjobs,945146,Senior Growth & Partnership Manager at IT Horizons Limited,IT Horizons Limited,"IT Horizons Limited is recruiting to fill the position of: Senior Growth & Partnership Manager. The position is located in Lagos State. Interested candidates should possess a Bachelor's Degree in Business, Marketing, or a related field with at least 5+ years of experience in a Growth and Strategy capacity with proven success in a Payment Solutions firm, top Fintech, or financial institution. Apply Now",Lagos State,Nigeria,unknown,,,Computer / AI / Technology / IT Services,,,,,,"Thu 20th Aug, 2026",,,https://www.hotnigerianjobs.com/hotjobs/945146/senior-growth-partnership-manager-at-it-horizons-l.html,2026-08-30T15:19:49+00:00
ef9f4f933ebba792,hotnigerianjobs,945077,UrbanCycle Interiors and Events Job Recruitment (3 Positions),,UrbanCycle Interiors and Events Job Recruitment (3 Positions),,Nigeria,unknown,,,Computer / AI / Technology / IT Services,,,,,,,,,https://www.hotnigerianjobs.com/hotjobs/945077/urbancycle-interiors-and-events-job-recruitment-3.html,2026-08-30T15:19:49+00:00
a8602130df87d64e,hotnigerianjobs,945112,Code Lab IT & Engineering Services Job Recruitment (4 Positions),,Code Lab IT & Engineering Services Job Recruitment (4 Positions),,Nigeria,unknown,,,Computer / AI / Technology / IT Services,,,,,,,,Other Tech,https://www.hotnigerianjobs.com/hotjobs/945112/code-lab-it-engineering-services-job-recruitment-4.html,2026-08-30T15:19:49+00:00
58223f63c79ca0c4,hotnigerianjobs,945056,Software Support Intern at Coniah Systems Support Limited,Coniah Systems Support Limited,"Coniah Systems Support Limited is recruiting to fill the position of: Software Support Intern. The position is located in Ikeja, Lagos State. Salary: N100,000 - N150,000 monthly. Interested candidates should possess be a fresh graduate in Computer Science, Information Technology, Software Engineering, or a related field with 0-1 year experience. Apply Now","Ikeja, Lagos State",Nigeria,unknown,,,Computer / AI / Technology / IT Services,,,,"N100,000 - N150,000 monthly",,"Thu 20th Aug, 2026",,Software Development,https://www.hotnigerianjobs.com/hotjobs/945056/software-support-intern-at-coniah-systems-support.html,2026-08-30T15:19:49+00:00
8dcfa91991ff22fb,hotnigerianjobs,945030,Ads / Performance Marketing Specialist at Havana Group of Companies,,Ads / Performance Marketing Specialist at Havana Group of Companies,,Nigeria,unknown,,,Computer / AI / Technology / IT Services,,,,,,,,,https://www.hotnigerianjobs.com/hotjobs/945030/ads-performance-marketing-specialist-at-havana-gro.html,2026-08-30T15:19:49+00:00
b9964e9b32ebfbb6,hotnigerianjobs,944952,Digital Marketing & Cold Call Agent at CodelabProjects,CodelabProjects,"CodelabProjects is recruiting to fill the position of: Digital Marketing & Cold Call Agent. The position is located in Sabon-Lugbe, Airport Road Abuja (FCT). Salary: N220,000 / month. Interested candidates should possess a Bachelor's degree in computer science, Engineering, Information Technology, or a related field preferred. Candidates must have completed NYSC or currently serving candidates may apply. Apply Now","Sabon-Lugbe, Airport Road Abuja (FCT)",Nigeria,unknown,,,Computer / AI / Technology / IT Services,,,,"N220,000 / month",,"Thu 20th Aug, 2026",,Other Tech,https://www.hotnigerianjobs.com/hotjobs/944952/digital-marketing-cold-call-agent-at-codelabprojec.html,2026-08-30T15:19:49+00:00
1e1fc9f9ba616d3b,hotnigerianjobs,944934,Facility / Electrical Technician at CodelabProjects,CodelabProjects,"CodelabProjects is recruiting to fill the position of: Facility / Electrical Technician. The position is located in Sabon-Lugbe, Abuja (FCT). Salary: N170,000 monthly. Interested candidates should possess a Bachelor’s Degree or HND in Electrical Engineering or a related field with strong hands-on experience in electrical installation, troubleshooting, and maintenance and only those residing within Lugbe, Airport Road, Galadimawa, and nearby areas will be considered. Apply Now","Sabon-Lugbe, Abuja (FCT)",Nigeria,unknown,,,Computer / AI / Technology / IT Services,,,,"N170,000 monthly",,"Thu 20th Aug, 2026",,Other Tech,https://www.hotnigerianjobs.com/hotjobs/944934/facility-electrical-technician-at-codelabprojects.html,2026-08-30T15:19:49+00:00
d54a7fbd86af2af9,hotnigerianjobs,944932,GRC & Compliance Associate (Part-Time) at Mitiget Assurance and Technology Services Limited,,GRC & Compliance Associate (Part-Time) at Mitiget Assurance and Technology Services Limited,,Nigeria,unknown,,,Computer / AI / Technology / IT Services,,,,,,,,,https://www.hotnigerianjobs.com/hotjobs/944932/grc-compliance-associate-parttime-at-mitiget-assur.html,2026-08-30T15:19:49+00:00
638739469475f28b,hotnigerianjobs,944912,Office Support Staff at Coniah Systems Support Limited,Coniah Systems Support Limited,"Coniah Systems Support Limited is recruiting to fill the position of: Office Support Staff. The position is located in Ikeja, Lagos State. Interested candidates should possess a relevant qualification with relevant working experience. Candidates must reside around Allen, Ogba, Ikeja and its axis. Apply Now","Ikeja, Lagos State",Nigeria,unknown,,,Computer / AI / Technology / IT Services,,,,,,"Thu 20th Aug, 2026",,,https://www.hotnigerianjobs.com/hotjobs/944912/office-support-staff-at-coniah-systems-support-lim.html,2026-08-30T15:19:49+00:00
9cb04b5d945a1c46,hotnigerianjobs,944925,Royal Resource Digital Services Job Recruitment (6 Positions),,Royal Resource Digital Services Job Recruitment (6 Positions),,Nigeria,unknown,,,Computer / AI / Technology / IT Services,,,,,,,,,https://www.hotnigerianjobs.com/hotjobs/944925/royal-resource-digital-services-job-recruitment-6.html,2026-08-30T15:19:49+00:00
3da84995660ababd,hotnigerianjobs,944902,Female Sales Executives at Royal Resource Digital Services,Royal Resource Digital Services,"Royal Resource Digital Services is recruiting to fill the position of: Female Sales Executive. The position is located in Abuja (FCT). Interested candidates should possess an OND / B.Sc / HND in Marketing, Business Administration, or related fields with 0-2 years sales experience is an advantage but not compulsory. Must reside in Abuja and be available for full on-site work and must be fluent in English. Apply Now",Abuja (FCT),Nigeria,onsite,,,Computer / AI / Technology / IT Services,,,,,,"Thu 20th Aug, 2026",,,https://www.hotnigerianjobs.com/hotjobs/944902/female-sales-executives-at-royal-resource-digital.html,2026-08-30T15:19:49+00:00
7292418e0e071bcd,hotnigerianjobs,944853,Relationship Manager / HR Assistant at a Software and Digital Marketing Company - Royal Resource Digital Services,,Relationship Manager / HR Assistant at a Software and Digital Marketing Company - Royal Resource Digital Services,,Nigeria,unknown,,,Computer / AI / Technology / IT Services,,,,,,,,Other Tech,https://www.hotnigerianjobs.com/hotjobs/944853/relationship-manager-hr-assistant-at-a-software-an.html,2026-08-30T15:19:49+00:00
16e7cbba44e7bfc7,hotnigerianjobs,944819,Assistant Tutor at Techyta Academy,Techyta Academy,"Techyta Academy is recruiting to fill the position of: Assistant Tutor. The position is located in Abuja (FCT). Interested candidates should possess a Bachelor’s Degree / HND in Computer Science, Information Technology, Education, or a related field with 1–2 years’ experience in teaching, tutoring, mentoring, or a related role. Apply Now",Abuja (FCT),Nigeria,unknown,,,Computer / AI / Technology / IT Services,,,,,,"Thu 20th Aug, 2026",,Other Tech,https://www.hotnigerianjobs.com/hotjobs/944819/assistant-tutor-at-techyta-academy.html,2026-08-30T15:19:49+00:00
8086b25449304400,hotnigerianjobs,944781,Techdoctorinnovations Job Recruitment (6 Positions),Techdoctorinnovations,"Techdoctorinnovations is recruiting suitable candidates to fill the following positions in Lagos State: Sales Representative, Secretary,Customer Service Representative, Errand / Messenger Girl, Cleaner, and Baker. Apply Now",Lagos State,Nigeria,unknown,,,Computer / AI / Technology / IT Services,,,,,,"Thu 20th Aug, 2026",,,https://www.hotnigerianjobs.com/hotjobs/944781/techdoctorinnovations-job-recruitment-4-positions.html,2026-08-30T15:19:49+00:00
5d21c4ca06ee6153,hotnigerianjobs,944755,Financial Data Entry Officer at PetroApp Nigeria,PetroApp Nigeria,"PetroApp Nigeria is recruiting to fill the position of: Financial Data Entry Officer. The position is located in Victoria Island, Lagos State. Interested candidates should possess a Bachelor’s Degree / HND in Finance or Accounting with 1–2 years post graduate experience in financial data entry and accounting. Apply Now","Victoria Island, Lagos State",Nigeria,unknown,,,Computer / AI / Technology / IT Services,,,,,,"Thu 20th Aug, 2026",,Other Tech,https://www.hotnigerianjobs.com/hotjobs/944755/financial-data-entry-officer-at-petroapp-nigeria.html,2026-08-30T15:19:49+00:00
cb7213815067aaa8,hotnigerianjobs,944739,"IT, Technology & Programming Tutor at Techyta Academy",Techyta Academy,"Techyta Academy is recruiting to fill the position of: IT, Technology & Programming Tutor. The position is located in Abuja (FCT). Interested candidates should possess a Bachelor’s Degree / HND in Computer Science, Information Technology, Software Engineering, Computer Engineering, Data Science, Education Technology, or a related field with a minimum 4 years’ teaching experience in IT, technology, computer science, or programming. Apply Now",Abuja (FCT),Nigeria,unknown,,,Computer / AI / Technology / IT Services,,,,,,"Thu 20th Aug, 2026",,Software Development,https://www.hotnigerianjobs.com/hotjobs/944739/it-technology-programming-tutor-at-techyta-academy.html,2026-08-30T15:19:49+00:00
d35839fd43f3ceb2,hotnigerianjobs,944743,Front Desk Officer / Course Advisor at Techyta Academy,Techyta Academy,"Techyta Academy is recruiting to fill the position of: Front Desk Officer / Course Advisor. The position is located in Asokoro, Abuja (FCT). Interested candidates should possess a Bachelor’s Degree / HND in Business Administration, Mass Communication, Public Administration, Office Administration, Marketing, Education, or a related discipline with 1 – 3 years’ experience in reception, customer service, administration, admissions, or a similar role. Apply Now","Asokoro, Abuja (FCT)",Nigeria,unknown,,,Computer / AI / Technology / IT Services,,,,,,"Thu 20th Aug, 2026",,,https://www.hotnigerianjobs.com/hotjobs/944743/front-desk-officer-course-advisor-at-techyta-acade.html,2026-08-30T15:19:49+00:00
c6dbb08862ecc55b,hotnigerianjobs,944723,Drivers at Tranter IT Infrastructure Services Limited (4 Openings),,Drivers at Tranter IT Infrastructure Services Limited (4 Openings),,Nigeria,unknown,,,Computer / AI / Technology / IT Services,,,,,,,,,https://www.hotnigerianjobs.com/hotjobs/944723/drivers-at-tranter-it-infrastructure-services-limi.html,2026-08-30T15:19:49+00:00
38c87eb8b1e37086,hotnigerianjobs,944721,Guangzhou Mengsen Technologies Job Recruitment (6 Positions),,Guangzhou Mengsen Technologies Job Recruitment (6 Positions),,Nigeria,unknown,,,Computer / AI / Technology / IT Services,,,,,,,,,https://www.hotnigerianjobs.com/hotjobs/944721/guangzhou-mengsen-technologies-job-recruitment-6-p.html,2026-08-30T15:19:49+00:00
c3c7e9faebcb0092,hotnigerianjobs,944658,IT Manager at Guangzhou Mengsen Technologies,Guangzhou Mengsen Technologies,"Guangzhou Mengsen Technologies is recruiting to fill the position of: IT Manager. The position is located in Apapa, Lagos State. Interested candidates should possess a Bachelor’s Degree in Computer Science, Information Technology, Engineering, or a related field with 5+ years of relevant IT experience, preferably in a managerial or senior technical role. Apply Now","Apapa, Lagos State",Nigeria,unknown,,,Computer / AI / Technology / IT Services,,,,,,"Thu 20th Aug, 2026",,Other Tech,https://www.hotnigerianjobs.com/hotjobs/944658/it-manager-at-guangzhou-mengsen-technologies.html,2026-08-30T15:19:49+00:00
327fc3d6a862ddff,hotnigerianjobs,944606,Errand / Messenger Girl at Techdoctorinnovations,Techdoctorinnovations,"Techdoctorinnovations is recruiting to fill the position of: Errand / Messenger Girl. The position is located in Ago Palace Way, Lagos State. Interested candidates should possess an OND / SSCE or any other related fields. Apply Now","Ago Palace Way, Lagos State",Nigeria,unknown,,,Computer / AI / Technology / IT Services,,,,,,"Thu 20th Aug, 2026",,,https://www.hotnigerianjobs.com/hotjobs/944606/errand-messenger-girl-at-techdoctorinnovations.html,2026-08-30T15:19:49+00:00
b243bdcbc51fe34a,hotnigerianjobs,944591,Prompt Engineer at Applinet Technology,Applinet Technology,"Applinet Technology is recruiting to fill the position of: Prompt Engineer. The position is located in Lagos State. Salary: N150,000 - N300,000 monthly. Interested candidates should have proven work experience as a Prompt Engineer or in a similar role, with Strong verbal and written communication skills. Apply Now",Lagos State,Nigeria,unknown,,,Computer / AI / Technology / IT Services,,,,"N150,000 - N300,000 monthly",,"Thu 20th Aug, 2026",,Other Tech,https://www.hotnigerianjobs.com/hotjobs/944591/prompt-engineer-at-applinet-technology.html,2026-08-30T15:19:49+00:00
3edd6091910bd99e,hotnigerianjobs,944581,Public Relation Officer at Applinet Technology,Applinet Technology,"Applinet Technology is recruiting to fill the position of: Public Relation Officer. The position is located in Lagos State. Salary: N150,000 - N300,000 monthly. Interested candidates should possess a B.Sc/BA in Public Relations, Journalism, Communications or a related field with experience as a Public Relations Officer or similar PR role. Apply Now",Lagos State,Nigeria,unknown,,,Computer / AI / Technology / IT Services,,,,"N150,000 - N300,000 monthly",,"Thu 20th Aug, 2026",,,https://www.hotnigerianjobs.com/hotjobs/944581/public-relation-officer-at-applinet-technology.html,2026-08-30T15:19:49+00:00
f4b8f8c8514a4996,hotnigerianjobs,944398,Baker at Techdoctorinnovations,Techdoctorinnovations,"Techdoctorinnovations is recruiting to fill the position of: Baker. The position is located in Ago Palace Way, Lagos State. Salary: N100,000 monthly. Interested candidates should possess relevant qualifications with 1+ years bakery or commercial kitchen experience, and must be good in foundant and sugar craft. Apply Now","Ago Palace Way, Lagos State",Nigeria,unknown,,,Computer / AI / Technology / IT Services,,,,"N100,000 monthly",,"Wed 19th Aug, 2026",,,https://www.hotnigerianjobs.com/hotjobs/944398/baker-at-techdoctorinnovations.html,2026-08-30T15:19:53+00:00
e4e61193d0e18f39,hotnigerianjobs,944423,Cleaner at Techdoctorinnovations,Techdoctorinnovations,"Techdoctorinnovations is recruiting to fill the position of: Cleaner. The position is located in Ago Palace Way, Lagos State. Salary: N70,000 monthly. Interested candidates should possess relevant qualifications with work experience. Apply Now","Ago Palace Way, Lagos State",Nigeria,unknown,,,Computer / AI / Technology / IT Services,,,,"N70,000 monthly",,"Wed 19th Aug, 2026",,,https://www.hotnigerianjobs.com/hotjobs/944423/cleaner-at-techdoctorinnovations.html,2026-08-30T15:19:53+00:00
b4e0ee7e7ded989f,hotnigerianjobs,944337,Mining & Exploration Specialist at a Diversified Conglomerate - Tophire Africa,,Mining & Exploration Specialist at a Diversified Conglomerate - Tophire Africa,,Nigeria,unknown,,,Computer / AI / Technology / IT Services,,,,,,,,,https://www.hotnigerianjobs.com/hotjobs/944337/mining-exploration-specialist-at-an-oil-gas-mining.html,2026-08-30T15:19:53+00:00
8c81cce014fbf507,hotnigerianjobs,944383,Digital Marketing Officer at Blessing Computers Limited,Blessing Computers Limited,"Blessing Computers Limited is recruiting to fill the position of: Digital Marketing Officer. The position is located in Lagos State. Interested candidates should possess a minimum of OND / HND / Bachelor’s Degree in Marketing, Communications, Business Administration, or a related field with 3 years experience and proven experience in digital marketing and social media management. Apply Now",Lagos State,Nigeria,unknown,,,Computer / AI / Technology / IT Services,,,,,,"Wed 19th Aug, 2026",,,https://www.hotnigerianjobs.com/hotjobs/944383/digital-marketing-officer-at-blessing-computers-li.html,2026-08-30T15:19:53+00:00
78b16ffaa5af2ea5,hotnigerianjobs,944373,Front Desk Representative at Miva Open University,Miva Open University,"Miva Open University is recruiting to fill the position of: Front Desk Representative (Uyo). The position is located in Uyo, Akwa Ibom State. Salary: N150,000 monthly. Interested candidates should possess minimum of a Bachelor's Degree or HND. Additional education or certification in administration or customer service is a plus. Apply Now","Uyo, Akwa Ibom State",Nigeria,unknown,,,Computer / AI / Technology / IT Services,,,,"N150,000 monthly",,"Wed 19th Aug, 2026",,,https://www.hotnigerianjobs.com/hotjobs/944373/front-desk-representative-at-miva-open-university.html,2026-08-30T15:19:53+00:00
f107065500dca55a,hotnigerianjobs,944342,Enterprise Sales Manager - Managed Services at Wragby Business Solutions & Technologies Limited,,Enterprise Sales Manager - Managed Services at Wragby Business Solutions & Technologies Limited,,Nigeria,unknown,,,Computer / AI / Technology / IT Services,,,,,,,,Other Tech,https://www.hotnigerianjobs.com/hotjobs/944342/enterprise-sales-manager-managed-services-at-wragb.html,2026-08-30T15:19:53+00:00
9871ac5f3efe9d66,hotnigerianjobs,944287,Pre-sales Engineer at Soft Solutions Limited,Soft Solutions Limited,"Soft Solutions Limited is recruiting to fill the position of: Pre-sales Engineer. The position is located in Abuja (FCT). Interested candidates should possess a Bachelor's Degree / HND in Computer Science, Information Technology, Cybersecurity, Engineering or a related field with 2+ years' experience in Pre-Sales, Cybersecurity, IT Infrastructure, Network Engineering, Technical Consulting or a related role. Apply Now",Abuja (FCT),Nigeria,unknown,,,Computer / AI / Technology / IT Services,,,,,,"Wed 19th Aug, 2026",,Cybersecurity,https://www.hotnigerianjobs.com/hotjobs/944287/presales-engineer-at-soft-solutions-limited.html,2026-08-30T15:19:53+00:00
d08e20e363eec56d,hotnigerianjobs,944096,Business Development / Sales Executive at Velvot Nigeria Limited,,Business Development / Sales Executive at Velvot Nigeria Limited,,Nigeria,unknown,,,Computer / AI / Technology / IT Services,,,,,,,,,https://www.hotnigerianjobs.com/hotjobs/944096/business-development-sales-executive-at-velvot-nig.html,2026-08-30T15:19:53+00:00
f393d8fd3170f7eb,hotnigerianjobs,944094,Real Estate Sales Executive at Casalavoro Limited,Casalavoro Limited,"Casalavoro Limited is recruiting to fill the position of: Real Estate Sales Executive. The position is located in Wuse 2, Abuja (FCT). Interested candidates should possess a Bachelor's Degree / HND qualification in any relevant field with proven experience in real estate sales, business development, or a related field preferred. Apply Now","Wuse 2, Abuja (FCT)",Nigeria,unknown,,,Computer / AI / Technology / IT Services,,,,,,"Wed 19th Aug, 2026",,,https://www.hotnigerianjobs.com/hotjobs/944094/real-estate-sales-executive-at-casalavoro-limited.html,2026-08-30T15:19:53+00:00
93dca205f1a05173,hotnigerianjobs,944001,erpSOFTapp Limited Job Recruitment (4 Positions),,"erpSOFTapp Limited is currently recruiting suitably qualified candidates to fill the following positions in Lagos State: Project Finance Analyst, Project Accountant, Business Analyst, and Customer Service Representative. Apply Now",Lagos State,Nigeria,unknown,,,Computer / AI / Technology / IT Services,,,,,,"Wed 19th Aug, 2026",,Other Tech,https://www.hotnigerianjobs.com/hotjobs/944001/erpsoftapp-limited-job-recruitment-3-positions.html,2026-08-30T15:19:53+00:00
b981def2d9e013d7,hotnigerianjobs,943885,Amazon Web Services Nigeria Limited Job Recruitment (3 Positions),,Amazon Web Services Nigeria Limited Job Recruitment (3 Positions),,Nigeria,unknown,,,Computer / AI / Technology / IT Services,,,,,,,,,https://www.hotnigerianjobs.com/hotjobs/943885/amazon-web-services-nigeria-limited-job-recruitmen.html,2026-08-30T15:19:53+00:00
03c7ab27db4696f5,hotnigerianjobs,943818,IT Service Desk Engineer at Vennote Technologies Limited,Vennote Technologies Limited,"Vennote Technologies Limited is recruiting to fill the position of: IT Service Desk Engineer. The position is located in Lagos State. Interested candidates should possess a Bachelor’s Degree or HND in Computer Science, Information Technology, Electrical Engineering, or a closely related field with 3–4+ years of proven experience in an IT Service Desk, Help Desk, or End-User Support environment. Apply Now",Lagos State,Nigeria,unknown,,,Computer / AI / Technology / IT Services,,,,,,"Wed 19th Aug, 2026",,Other Tech,https://www.hotnigerianjobs.com/hotjobs/943818/it-service-desk-engineer-at-vennote-technologies-l.html,2026-08-30T15:19:53+00:00
a6227380bf5ba19f,hotnigerianjobs,943820,Fortesoft Systems Limited-NIIT Job Recruitment (6 Positions),,Fortesoft Systems Limited-NIIT Job Recruitment (6 Positions),,Nigeria,unknown,,,Computer / AI / Technology / IT Services,,,,,,,,,https://www.hotnigerianjobs.com/hotjobs/943820/fortesoft-systems-limitedniit-job-recruitment-5-po.html,2026-08-30T15:19:53+00:00
4958fd392436f595,hotnigerianjobs,943814,Senior Data Scientist at Vennote Technologies Limited,Vennote Technologies Limited,"Vennote Technologies Limited is recruiting to fill the position of: Senior Data Scientist. The position is located in Lagos State. Interested candidates should possess a Degree in Software Engineering, Computer Science, or similar field with over 7 years+ experience in building Descriptive/ Predictive/ Prescriptive analytical data models. Apply Now",Lagos State,Nigeria,unknown,,,Computer / AI / Technology / IT Services,,,,,,"Wed 19th Aug, 2026",,Software Development,https://www.hotnigerianjobs.com/hotjobs/943814/senior-data-scientist-at-vennote-technologies-limi.html,2026-08-30T15:19:53+00:00
18df6aaf4106ca36,hotnigerianjobs,943783,AWS Solutions Architect (SA) at Amazon Web Services Nigeria Limited,,AWS Solutions Architect (SA) at Amazon Web Services Nigeria Limited,,Nigeria,unknown,,,Computer / AI / Technology / IT Services,,,,,,,,Other Tech,https://www.hotnigerianjobs.com/hotjobs/943783/aws-solutions-architect-sa-at-amazon-web-services.html,2026-08-30T15:19:53+00:00
e72f0b1c3c5f606a,hotnigerianjobs,943780,"Enterprise Account Manager, Nigeria - AWS Account Management, SSA at Amazon Web Services Nigeria Limited",,"Enterprise Account Manager, Nigeria - AWS Account Management, SSA at Amazon Web Services Nigeria Limited",,Nigeria,unknown,,,Computer / AI / Technology / IT Services,,,,,,,,Other Tech,https://www.hotnigerianjobs.com/hotjobs/943780/enterprise-account-manager-nigeria-aws-account-man.html,2026-08-30T15:19:53+00:00
7d52f31b5c28dd11,hotnigerianjobs,943788,Community Engagement Coordinator (Remote) at NauNau SOS App,NauNau SOS App,"NauNau SOS App is recruiting to fill the position of: Community Engagement Coordinator. This is a Remote position. Interested candidates should possess relevant qualifications with experience using Canva, Google Workspace, Notion, or similar productivity tools. Apply Now",,Nigeria,remote,Country-only,,Computer / AI / Technology / IT Services,,,,,,"Wed 19th Aug, 2026",,,https://www.hotnigerianjobs.com/hotjobs/943788/community-engagement-coordinator-remote-at-naunau.html,2026-08-30T15:19:53+00:00
327bba13809f0d18,hotnigerianjobs,943776,"Solutions Architect, SSA at Amazon Web Services Nigeria Limited",,"Solutions Architect, SSA at Amazon Web Services Nigeria Limited",,Nigeria,unknown,,,Computer / AI / Technology / IT Services,,,,,,,,Other Tech,https://www.hotnigerianjobs.com/hotjobs/943776/solutions-architect-ssa-at-amazon-web-services-nig.html,2026-08-30T15:19:53+00:00
f16b93ffa823f7be,hotnigerianjobs,943672,Alphacom Job Reruitment (4 Positions),Alphacom,"Alphacom is recruiting suitable candidates to fill the following positions in Lagos State: Junior Accounts & Credit Control Officer, Corporate Business Development & Sales Executive, E-Commerce & Digital Marketing Manager and Content Creator & Digital Marketing Executive. Apply Now",Lagos State,Nigeria,unknown,,,Computer / AI / Technology / IT Services,,,,,,"Tue 18th Aug, 2026",,,https://www.hotnigerianjobs.com/hotjobs/943672/alphacom-job-reruitment-4-positions.html,2026-08-30T15:19:53+00:00
082fb5d2e46d790a,hotnigerianjobs,943660,Creative and Strategy Lead at a Multidisciplinary Company - Woodgate Structure Limited,,Creative and Strategy Lead at a Multidisciplinary Company - Woodgate Structure Limited,,Nigeria,unknown,,,Computer / AI / Technology / IT Services,,,,,,,,,https://www.hotnigerianjobs.com/hotjobs/943660/creative-and-strategy-lead-at-a-multidisciplinary.html,2026-08-30T15:19:53+00:00
581d69e042150003,hotnigerianjobs,943615,Brilliant Computers Job Recruitment (4 Positions),Brilliant Computers,"Brilliant Computers is recruiting suitable candidates to fill the following positions in Lagos State: Desktop Technician Level II, Desktop Technician Level I, Network Technician Level III (CCNP, CCIE), and Network Technician Level II (CCNP, CCIE). Apply Now",Lagos State,Nigeria,unknown,,,Computer / AI / Technology / IT Services,,,,,,"Tue 18th Aug, 2026",,,https://www.hotnigerianjobs.com/hotjobs/943615/brilliant-computers-job-recruitment-4-positions.html,2026-08-30T15:19:53+00:00
1f55fec34e257b01,hotnigerianjobs,943519,Network Technician Level II at Brilliant Computers,Brilliant Computers,"Brilliant Computers is recruiting to fill the position of: Network Technician Level II. The position is located in Lagos State. Interested candidates should possess certifications related to equipment supported for break fix (CCNA or equivalent), with 5 – 9 years experience in network support or a similar role. Apply Now",Lagos State,Nigeria,unknown,,,Computer / AI / Technology / IT Services,,,,,,"Tue 18th Aug, 2026",,,https://www.hotnigerianjobs.com/hotjobs/943519/network-technician-level-ii-at-brilliant-computers.html,2026-08-30T15:19:53+00:00
e93365f5c1e49e94,hotnigerianjobs,943515,"Network Technician Level III (CCNP, CCIE) at Brilliant Computers",,"Network Technician Level III (CCNP, CCIE) at Brilliant Computers",,Nigeria,unknown,,,Computer / AI / Technology / IT Services,,,,,,,,,https://www.hotnigerianjobs.com/hotjobs/943515/network-technician-level-iii-ccnp-ccie-at-brillian.html,2026-08-30T15:19:53+00:00
248a312a62d56dee,hotnigerianjobs,943534,Social Media Lead at Strivo Labs,Strivo Labs,"Strivo Labs is recruiting to fill the position of: Social Media Lead. The position is located in Lagos State. Interested candidates should possess a relevant qualification with 7+ years of experience in social media management, digital marketing, or brand communications, including proven experience leading and scaling social media accounts for brands, agencies, startups, or high-growth organizations. Apply Now",Lagos State,Nigeria,unknown,,,Computer / AI / Technology / IT Services,,,,,,"Tue 18th Aug, 2026",,,https://www.hotnigerianjobs.com/hotjobs/943534/social-media-lead-at-strivo-labs.html,2026-08-30T15:19:53+00:00
824d71586b0cc621,hotnigerianjobs,943512,Desktop Technician Level I at Brilliant Computers,Brilliant Computers,Brilliant Computers is recruiting to fill the position of: Desktop Technician Level I. The position is located in Lagos State. Interested candidates should possess relevant qualifications with 2 – 5 years experience in network support or a similar role. Apply Now,Lagos State,Nigeria,unknown,,,Computer / AI / Technology / IT Services,,,,,,"Tue 18th Aug, 2026",,,https://www.hotnigerianjobs.com/hotjobs/943512/desktop-technician-level-i-at-brilliant-computers.html,2026-08-30T15:19:53+00:00
ac1dc2f4128fff7f,hotnigerianjobs,943511,Desktop Technician Level II at Brilliant Computers,Brilliant Computers,Brilliant Computers is recruiting to fill the position of: Desktop Technician Level II. The position is located in Lagos State. Interested candidates should possess relevant qualifications with 2 – 5 years experience in network support or a similar role. Apply Now,Lagos State,Nigeria,unknown,,,Computer / AI / Technology / IT Services,,,,,,"Tue 18th Aug, 2026",,,https://www.hotnigerianjobs.com/hotjobs/943511/desktop-technician-level-ii-at-brilliant-computers.html,2026-08-30T15:19:53+00:00
3fd4721f12d27a24,hotnigerianjobs,943503,Assistant Mooring Master at a Global Energy Infrastructure and Technology Company - WTS Energy,,Assistant Mooring Master at a Global Energy Infrastructure and Technology Company - WTS Energy,,Nigeria,unknown,,,Computer / AI / Technology / IT Services,,,,,,,,,https://www.hotnigerianjobs.com/hotjobs/943503/assistant-mooring-master-at-a-global-energy-infras.html,2026-08-30T15:19:53+00:00
fcf09443bdb952c6,hotnigerianjobs,943447,Project Engineer & Scrum Master at CodelabProjects,CodelabProjects,"CodelabProjects is recruiting to fill the position of: Project Engineer & Scrum Master. The position is located in Sabon-Lugbe, Airport Road - Abuja (FCT). Saalry: N350,000 monthly. Interested candidates should possess a Bachelor's Degree in Engineering, Computer Science, Project Management, Information Technology, Business Administration, or a related discipline with a minimum of 5 years' relevant professional experience in project management, project engineering, technical project coordination, operations management, Scrum Master, or a related role. Apply Now","Sabon-Lugbe, Airport Road - Abuja (FCT)",Nigeria,unknown,,,Computer / AI / Technology / IT Services,,,,,,"Tue 18th Aug, 2026",,Other Tech,https://www.hotnigerianjobs.com/hotjobs/943447/project-engineer-scrum-master-at-codelabprojects.html,2026-08-30T15:19:53+00:00
7937edbcd7559254,hotnigerianjobs,943445,Corporate Business Development & Sales Executive at Alphacom,,Corporate Business Development & Sales Executive at Alphacom,,Nigeria,unknown,,,Computer / AI / Technology / IT Services,,,,,,,,,https://www.hotnigerianjobs.com/hotjobs/943445/corporate-business-development-sales-executive-at.html,2026-08-30T15:19:53+00:00
dfee04ed24a658fe,hotnigerianjobs,943463,Facility Officer at Miva Open University (3 openings),Miva Open University,"Miva Open University is recruiting to fill the position of: Facility Officer. The position is located in Akwa Ibom, Kaduna, Ogun States. Interested candidates should possess a Bachelor's Degree or HND in Facility Management, Estate Management, Building Technology, Engineering, Business Administration, or a related field with 3 – 5 years' relevant experience in facility management, building operations, property management, or a related role. Apply Now","Akwa Ibom, Kaduna, Ogun States",Nigeria,unknown,,,Computer / AI / Technology / IT Services,,,,,,"Tue 18th Aug, 2026",,Other Tech,https://www.hotnigerianjobs.com/hotjobs/943463/facility-officer-at-miva-open-university-3-opening.html,2026-08-30T15:19:53+00:00
6ee224778b526105,hotnigerianjobs,943461,Junior Accounts & Credit Control Officer at Alphacom,Alphacom,"Alphacom is recruiting to fill the position of: Junior Accounts & Credit Control Officer. The position is located in Computer Village - Ikeja, Lagos State. Salary: N150,000 Monthly. Interested candidate should possess an HND or Bachelor’s Degree in Accounting, Finance, or a related field with 1 – 3 years of relevant experience in accounting, bookkeeping, credit control, accounts receivable, or a similar role is an advantage. Apply Now","Computer Village - Ikeja, Lagos State",Nigeria,unknown,,,Computer / AI / Technology / IT Services,,,,"N150,000 Monthly",,"Tue 18th Aug, 2026",,,https://www.hotnigerianjobs.com/hotjobs/943461/junior-accounts-credit-control-officer-at-alphacom.html,2026-08-30T15:19:53+00:00
63dcd84ec3d73922,hotnigerianjobs,943308,Content Marketing Associate at Crown Interactive,Crown Interactive,"Crown Interactive is recruiting to fill the position of: Content Marketing Associate. The position is located in Lagos State. Interested candidates should possess a Bachelor’s Degree in Marketing, Communications, Journalism, English, or a related field with 4 – 5 years of experience in content writing, content marketing, or corporate communications. Apply Now",Lagos State,Nigeria,unknown,,,Computer / AI / Technology / IT Services,,,,,,"Tue 18th Aug, 2026",,,https://www.hotnigerianjobs.com/hotjobs/943308/content-marketing-associate-at-crown-interactive.html,2026-08-30T15:19:53+00:00
bf1a44b1d3095ff6,hotnigerianjobs,943292,Python Engineer (AI/ML) Level I-II at Cavista,Cavista,Cavista is recruiting to fill the position of: Python Engineer (AI/ML) Level I-II. The position is located in Lagos State. Interested candidates should possess a Bachelor's or Master's Degree in Computer Science or related fields with 3+ years of experience building and deploying complex AI/ML solutions using Python. Apply Now,Lagos State,Nigeria,unknown,,,Computer / AI / Technology / IT Services,,,,,,"Tue 18th Aug, 2026",,Other Tech,https://www.hotnigerianjobs.com/hotjobs/943292/python-engineer-aiml-level-iii-at-cavista.html,2026-08-30T15:19:53+00:00
3695cefef40706bd,hotnigerianjobs,942932,Network Engineer at TeKnowledge,TeKnowledge,"TeKnowledge is recruiting to fill the position of: Network Engineer. The position is located in Victoria Island, Lagos State. Interested candidates should possess a Bachelor’s Degree in Computer Science, Information Systems, Engineering, or other related discipline. Apply Now","Victoria Island, Lagos State",Nigeria,unknown,,,Computer / AI / Technology / IT Services,,,,,,"Tue 18th Aug, 2026",,IT Support & Networking,https://www.hotnigerianjobs.com/hotjobs/942932/network-engineer-at-teknowledge.html,2026-08-30T15:19:53+00:00
1cf577673a798d75,hotnigerianjobs,942901,Backend AI Engineer (Financial Services Platform) - Hybrid at TeKnowledge,,Backend AI Engineer (Financial Services Platform) - Hybrid at TeKnowledge,,Nigeria,hybrid,,,Computer / AI / Technology / IT Services,,,,,,,,Software Development,https://www.hotnigerianjobs.com/hotjobs/942901/backend-ai-engineer-financial-services-platform-hy.html,2026-08-30T15:19:53+00:00
47bc34f0038cbc09,hotnigerianjobs,942838,Logisoft Solutions Job Recruitment (4 Positions),Logisoft Solutions,"Logisoft Solutions is recruiting suitable candidates to fill the following positions in Lagos State: Experienced Storekeeper, Experienced Barista, Customer Service Representative (CSR), and Experienced Kitchen Assistant. Apply Now",Lagos State,Nigeria,unknown,,,Computer / AI / Technology / IT Services,,,,,,"Mon 17th Aug, 2026",,,https://www.hotnigerianjobs.com/hotjobs/942838/logisoft-solutions-job-recruitment-4-positions.html,2026-08-30T15:19:53+00:00
604588a66a23da16,hotnigerianjobs,942739,Vehicle Maintenance Officer at Compovine Technologies Limited,,Vehicle Maintenance Officer at Compovine Technologies Limited,,Nigeria,unknown,,,Computer / AI / Technology / IT Services,,,,,,,,,https://www.hotnigerianjobs.com/hotjobs/942739/vehicle-maintenance-officer-at-compovine-technolog.html,2026-08-30T15:19:53+00:00
c4ccb4e392e06dcc,hotnigerianjobs,942738,Coding & Robotics Educator / Facilitator at Proxynet Communications Limited,,Coding & Robotics Educator / Facilitator at Proxynet Communications Limited,,Nigeria,unknown,,,Computer / AI / Technology / IT Services,,,,,,,,Other Tech,https://www.hotnigerianjobs.com/hotjobs/942738/coding-robotics-educator-facilitator-at-proxynet-c.html,2026-08-30T15:19:53+00:00
29e2a15c91cc9465,hotnigerianjobs,942746,AI-Native Developer (AI Builder) at Learn2earn.ng,Learn2earn.ng,"Learn2earn.ng is recruiting to fill the position of: AI-Native Developer (AI Builder). The position is located in Lagos State. Interested candidates should possess an HND / Bachelor`s / Master`s Degree with 3+ years of professional software development or engineering experience, with meaningful hands-on AI/ML experience. Apply Now",Lagos State,Nigeria,unknown,,,Computer / AI / Technology / IT Services,,,,,,"Mon 17th Aug, 2026",,Software Development,https://www.hotnigerianjobs.com/hotjobs/942746/ainative-developer-ai-builder-at-learn2earnng.html,2026-08-30T15:19:53+00:00
8c3a9374dffaf1fa,hotnigerianjobs,942579,Banking Software Implementation & Support Officer at Integrated Software Services Limited (ISSL),,Banking Software Implementation & Support Officer at Integrated Software Services Limited (ISSL),,Nigeria,unknown,,,Computer / AI / Technology / IT Services,,,,,,,,Other Tech,https://www.hotnigerianjobs.com/hotjobs/942579/banking-software-implementation-support-officer-at.html,2026-08-30T15:19:53+00:00
471180ad4a140033,hotnigerianjobs,942519,Equinix Nigeria Job Recruitment (3 Positions),Equinix Nigeria,"Equinix Nigeria is recruiting suitable candidates to fill the following positions in Lagos and Rivers States: 2Africa Managed Service Lead, Managed Services NOC Supervisor and ERP Specialist - Dynamics 365. Apply Now",Lagos and Rivers States,Nigeria,unknown,,,Computer / AI / Technology / IT Services,,,,,,"Mon 17th Aug, 2026",,Other Tech,https://www.hotnigerianjobs.com/hotjobs/942519/equinix-nigeria-job-recruitment-3-positions.html,2026-08-30T15:19:53+00:00
8001e9f29bff970c,hotnigerianjobs,942601,Experienced Storekeeper (Male) at Logisoft Solutions,Logisoft Solutions,"Logisoft Solutions is recruiting to fill the position of: Experienced Storekeeper (Male). The position is located in Lekki, Lagos State. Salary: N75,000 - N80,000 monthly. Interested candidates should possess an SSCE / OND qualification with proven experience as a storekeeper, warehouse assistant, or similar role. Apply Now","Lekki, Lagos State",Nigeria,unknown,,,Computer / AI / Technology / IT Services,,,,"N75,000 - N80,000 monthly",,"Mon 17th Aug, 2026",,,https://www.hotnigerianjobs.com/hotjobs/942601/experienced-storekeeper-male-at-logisoft-solutions.html,2026-08-30T15:19:53+00:00
c845ebf36f48c6f7,hotnigerianjobs,942572,Banking Software Implementation & Support Intern at Integrated Software Services Limited (2 Openings),,Banking Software Implementation & Support Intern at Integrated Software Services Limited (2 Openings),,Nigeria,unknown,,,Computer / AI / Technology / IT Services,,,,,,,,Other Tech,https://www.hotnigerianjobs.com/hotjobs/942572/banking-software-implementation-support-intern-at.html,2026-08-30T15:19:53+00:00
4bbd137c74f9ba87,hotnigerianjobs,942468,MRT Net Solutions Limited Job Recruitment (4 Positions),MRT Net Solutions Limited,"MRT Net Solutions Limited is recruiting suitable candidates to fill the following positions in Abuja (FCT): Development Officer, Accountant, Project Delivery Officer, and Senior Development Officer. Apply Now",Abuja (FCT),Nigeria,unknown,,,Computer / AI / Technology / IT Services,,,,,,"Mon 17th Aug, 2026",,,https://www.hotnigerianjobs.com/hotjobs/942468/mrt-net-solutions-limited-job-recruitment-3-positi.html,2026-08-30T15:19:53+00:00
bfebd273ea40bc9a,hotnigerianjobs,942466,Development Officer at MRT Net Solutions,MRT Net Solutions,"MRT Net Solutions is recruiting to fill the position of: Development Officer. The position is located in Abuja. Salary: N150,000 - N200,000 per month. Interested candidates should possess a Bachelor’s Degree or HND in Computer Science, Software Engineering, Information Technology or a related field with one to three years software development experience, including internships or practical projects. Apply Now",Abuja,Nigeria,unknown,,,Computer / AI / Technology / IT Services,,,,"N150,000 - N200,000 per month",,"Mon 17th Aug, 2026",,Software Development,https://www.hotnigerianjobs.com/hotjobs/942466/development-officer-at-mrt-net-solutions.html,2026-08-30T15:19:53+00:00
884f779d50def154,hotnigerianjobs,942616,Project Accountant (Hybrid) at erpSoftapp,erpSoftapp,"erpSoftapp is recruiting to fill the position of: Project Accountant. The position is located in Yaba, Lagos State (Hybrid). Salary: N250,000 - N350,000 monthly. Interested candidates should possess a Degree in relevant disciplines with 3 - 4 years experience, and must be ICAN certified. A knowledge of IFRS is required. Apply Now","Yaba, Lagos State (Hybrid)",Nigeria,hybrid,,,Computer / AI / Technology / IT Services,,,,"N250,000 - N350,000 monthly",,"Mon 17th Aug, 2026",,Other Tech,https://www.hotnigerianjobs.com/hotjobs/942616/project-accountant-hybrid-at-erpsoftapp.html,2026-08-30T15:19:53+00:00
cb472cec565e06c4,hotnigerianjobs,942456,Project Delivery Officer at MRT Net Solutions,MRT Net Solutions,"MRT Net Solutions is recruiting to fill the position of: Project Delivery Officer. The position is located in Abuja (FCT). Salary: N150,000 - N200,000 monthly. Interested candidates should possess a Bachelor’s Degree or HND in Information Technology, Computer Science, Business, Project Management, Education Technology or a related field with one to three years’ experience in project support, software support, technology training, customer implementation or operations. Apply Now",Abuja (FCT),Nigeria,unknown,,,Computer / AI / Technology / IT Services,,,,"N150,000 - N200,000 monthly",,"Mon 17th Aug, 2026",,Other Tech,https://www.hotnigerianjobs.com/hotjobs/942456/project-delivery-officer-at-mrt-net-solutions.html,2026-08-30T15:19:53+00:00
635f8e3625ae66ec,hotnigerianjobs,942445,Senior Development Officer at MRT Net Solutions,MRT Net Solutions,"MRT Net Solutions is recruiting to fill the position of: Senior Development Officer. The position is located in Abuja (FCT). Salary: N300,000 - N400,000 monthly. Interested candidates should possess a Bachelor’s Degree or HND in Computer Science, Software Engineering, Information Technology or a related field with a minimum of four (4) years’ relevant software development experience. Apply Now",Abuja (FCT),Nigeria,unknown,,,Computer / AI / Technology / IT Services,,,,"N300,000 - N400,000 monthly",,"Mon 17th Aug, 2026",,Software Development,https://www.hotnigerianjobs.com/hotjobs/942445/senior-development-officer-at-mrt-net-solutions.html,2026-08-30T15:19:53+00:00
8c24ed243135416f,hotnigerianjobs,942582,Senior Finance & Accounts Officer at a Reputable Computer and Telecommunication Company,,Senior Finance & Accounts Officer at a Reputable Computer and Telecommunication Company,,Nigeria,unknown,,,Computer / AI / Technology / IT Services,,,,,,,,Other Tech,https://www.hotnigerianjobs.com/hotjobs/942582/senior-finance-accounts-officer-at-a-reputable-com.html,2026-08-30T15:19:53+00:00
9fba6a24481ae575,hotnigerianjobs,942501,Stanificent Global Technologies Limited Trainee & Exp. Job Recruitment (3 Positions),,Stanificent Global Technologies Limited Trainee & Exp. Job Recruitment (3 Positions),,Nigeria,unknown,,,Computer / AI / Technology / IT Services,,,,,,,,,https://www.hotnigerianjobs.com/hotjobs/942501/stanificent-global-technologies-limited-trainee-ex.html,2026-08-30T15:19:53+00:00
f93deb69ae681158,hotnigerianjobs,942483,Result Seekers Limited Internship & Exp. Job Recruitments (5 Openings),,Result Seekers Limited Internship & Exp. Job Recruitments (5 Openings),,Nigeria,unknown,,,Computer / AI / Technology / IT Services,,,,,,,,,https://www.hotnigerianjobs.com/hotjobs/942483/result-seekers-limited-job-recruitements-5-opening.html,2026-08-30T15:19:56+00:00
7eee68a87f5307d7,hotnigerianjobs,942482,PC Place Nigeria Limited Job Recruitment (7 Positions),PC Place Nigeria Limited,"PC Place Nigeria Limited is recruiting suitable candidates to fill the following positions in Lagos State: Software Developer, Sales Executive; Content Creator; Accountant; B2B Sales Executive; Front Desk Officer; Online Sales / Telesales Officer. Apply Now",Lagos State,Nigeria,unknown,,,Computer / AI / Technology / IT Services,,,,,,"Mon 17th Aug, 2026",,Software Development,https://www.hotnigerianjobs.com/hotjobs/942482/pc-place-nigeria-limited-job-recruitment-6-positio.html,2026-08-30T15:19:56+00:00
6536833f76cff0a2,hotnigerianjobs,942461,Accountant at MRT Net Solutions,MRT Net Solutions,"MRT Net Solutions is recruiting to fill the position of: Accountant. The position is located in Abuja (FCT). Salary: N150,000 - N200,000 monthly. Interested candidates should possess a Bachelor’s Degree or HND qualification in Accounting, Finance or a closely related field with two to four years of relevant accounting experience. Apply Now",Abuja (FCT),Nigeria,unknown,,,Computer / AI / Technology / IT Services,,,,"N150,000 - N200,000 monthly",,"Mon 17th Aug, 2026",,,https://www.hotnigerianjobs.com/hotjobs/942461/accountant-at-mrt-net-solutions.html,2026-08-30T15:19:56+00:00
9ebdd545e0bef78c,hotnigerianjobs,942426,Care Coordinator (Call Agent) at Health Connect 24x7,Health Connect 24x7,"Health Connect 24x7 is recruiting to fill the position of: Care Coordinator (Call Agent). The position is located in Yaba, Lagos State. Salary: N120,000 monthly. Interested candidates should possess a Diploma and a minimum of 1 year of solid experience in the same field. Apply Now","Yaba, Lagos State",Nigeria,unknown,,,Computer / AI / Technology / IT Services,,,,"N120,000 monthly",,"Mon 17th Aug, 2026",,,https://www.hotnigerianjobs.com/hotjobs/942426/care-coordinator-call-agent-at-health-connect-24x7.html,2026-08-30T15:19:56+00:00
0d0c2bf8c7c7c33f,hotnigerianjobs,942408,Health Information Technician at Applinet Technology,Applinet Technology,"Applinet Technology is recruiting to fill the position of: Health Information Technician. The position is located in Lagos State. Salary: N150,000 - N300,000 monthly. Interested candidates should possess a Bachelor’s Degree in Health Information or related field is preferred with proven work experience as a Health Information Technician or similar role. Apply Now",Lagos State,Nigeria,unknown,,,Computer / AI / Technology / IT Services,,,,"N150,000 - N300,000 monthly",,"Mon 17th Aug, 2026",,,https://www.hotnigerianjobs.com/hotjobs/942408/health-information-technician-at-applinet-technolo.html,2026-08-30T15:19:56+00:00
111d47a43c36ddc6,hotnigerianjobs,942404,Program Analyst at Applinet Technology,Applinet Technology,"Applinet Technology is recruiting to fill the position of: Program Analyst. The position is located in Lagos State. Salary: N150,000 - N300,000 monthly. Interested candidates should possess relevant training and/or certifications as a Program Analyst with proven work experience as a Program Analyst or similar role. Apply Now",Lagos State,Nigeria,unknown,,,Computer / AI / Technology / IT Services,,,,"N150,000 - N300,000 monthly",,"Mon 17th Aug, 2026",,,https://www.hotnigerianjobs.com/hotjobs/942404/program-analyst-at-applinet-technology.html,2026-08-30T15:19:56+00:00
291233081066d36b,hotnigerianjobs,942463,Administrative Accountant at a Reputable CRompany,A reputable company,"A reputable company is recruiting to fill the position of: Administrative Accountant. The position is located in Lagos State. Salary: N150,000 monthly. Interested candidates should possess a Bachelor's Degree with at least 1 year of experience and must reside on the Island. Apply Now",Lagos State,Nigeria,unknown,,,Computer / AI / Technology / IT Services,,,,"N150,000 monthly",,"Mon 17th Aug, 2026",,,https://www.hotnigerianjobs.com/hotjobs/942463/administrative-accountant-at-a-reputable-crompany.html,2026-08-30T15:19:56+00:00
ae40d648dbbb60ee,hotnigerianjobs,942352,2Africa Managed Service Lead at Equinix Nigeria,Equinix Nigeria,"Equinix Nigeria is recruiting to fill the position of: 2Africa Managed Service Lead. The position is located in Port Harcourt, Rivers State. Interested candidates should possess a Bachelor’s Degree or equivalent in Electrical / Electronics and Telecommunication Engineering with at least 12 years post NYSC work experience with Transmission Networks, 4 years related experience in Facility Management. Apply Now","Port Harcourt, Rivers State",Nigeria,unknown,,,Computer / AI / Technology / IT Services,,,,,,"Mon 17th Aug, 2026",,Other Tech,https://www.hotnigerianjobs.com/hotjobs/942352/2africa-managed-service-lead-at-equinix-nigeria.html,2026-08-30T15:19:56+00:00
d40761218324016e,hotnigerianjobs,942343,Managed Services NOC Supervisor at Equinix Nigeria,Equinix Nigeria,"Equinix Nigeria is recruiting to fill the position of: Managed Services NOC Supervisor. The position is located in Lekki, Lagos State. Interested candidates should possess a BSc or HND in Engineering with 8+ years of relevant experience. Apply Now","Lekki, Lagos State",Nigeria,unknown,,,Computer / AI / Technology / IT Services,,,,,,"Mon 17th Aug, 2026",,Other Tech,https://www.hotnigerianjobs.com/hotjobs/942343/managed-services-noc-supervisor-at-equinix-nigeria.html,2026-08-30T15:19:56+00:00
31f4114baf1f3fbb,hotnigerianjobs,942287,Digital Marketing Associate at Velvot Nigeria Limited,Velvot Nigeria Limited,"Velvot Nigeria Limited is recruiting to fill the position of: Digital Marketing Associate. The position is located in Surulere, Lagos State. Interested candidates should possess a Bachelor`s Degree with 1 - 3 years experience. Apply Now","Surulere, Lagos State",Nigeria,unknown,,,Computer / AI / Technology / IT Services,,,,,,"Mon 17th Aug, 2026",,,https://www.hotnigerianjobs.com/hotjobs/942287/digital-marketing-associate-at-velvot-nigeria-limi.html,2026-08-30T15:19:56+00:00
f24621a0124c27e5,hotnigerianjobs,942277,Business Development Executive at OneVERIFY Limited (2 Openings),,Business Development Executive at OneVERIFY Limited (2 Openings),,Nigeria,unknown,,,Computer / AI / Technology / IT Services,,,,,,,,,https://www.hotnigerianjobs.com/hotjobs/942277/business-development-executive-at-oneverify-limite.html,2026-08-30T15:19:56+00:00
e96d6f6515ff4a61,hotnigerianjobs,942276,General Physician (Fully Onsite) at Health Connect 24x7,Health Connect 24x7,"Health Connect 24x7 is recruiting to fill the position of: General Physician (Fully Onsite). The position is located in Yaba, Lagos State. Salary: N400,000 monthly. Interested candidates should possess a Bachelor's Degree in a relevant field, with excellent listening and communication skills for dealing with patients, maintaining accurate and detailed medical records for each patient, explaining test results, and providing patients with a plan of care. Apply Now","Yaba, Lagos State",Nigeria,onsite,,,Computer / AI / Technology / IT Services,,,,"N400,000 monthly",,"Mon 17th Aug, 2026",,,https://www.hotnigerianjobs.com/hotjobs/942276/general-physician-fully-onsite-at-health-connect-2.html,2026-08-30T15:19:56+00:00
dada21fb41104e97,hotnigerianjobs,942257,Media Buyer Interns (Remote) at CodeByte,CodeByte,"CodeByte is recruiting to fill the position of: Media Buyer Intern. This is a remote job. This internship is designed for someone who wants to learn how paid advertising actually works—from campaign setup and audience targeting to creative testing, optimization, reporting, and scaling. Apply Now",,Nigeria,remote,Country-only,,Computer / AI / Technology / IT Services,,,,,,"Mon 17th Aug, 2026",,,https://www.hotnigerianjobs.com/hotjobs/942257/media-buyer-interns-remote-at-codebyte.html,2026-08-30T15:19:56+00:00
db8cafeb46d0a5df,hotnigerianjobs,942304,Software Engineer (Data Science Focus) at Aptech Learning Institute,,Software Engineer (Data Science Focus) at Aptech Learning Institute,,Nigeria,unknown,,,Computer / AI / Technology / IT Services,,,,,,,,Software Development,https://www.hotnigerianjobs.com/hotjobs/942304/software-engineer-data-science-focus-at-aptech-lea.html,2026-08-30T15:19:56+00:00
063f6f99eb49c771,hotnigerianjobs,942280,Data Entry Officer at Stanificent Global Technologies Limited - 2 Openings,,Data Entry Officer at Stanificent Global Technologies Limited - 2 Openings,,Nigeria,unknown,,,Computer / AI / Technology / IT Services,,,,,,,,Other Tech,https://www.hotnigerianjobs.com/hotjobs/942280/data-entry-officer-at-stanificent-global-technolog.html,2026-08-30T15:19:56+00:00
d42cf9e6c3993d1c,hotnigerianjobs,942214,Sales Executive at PC Place Nigeria Limited,PC Place Nigeria Limited,"PC Place Nigeria Limited is recruiting to fill the position of: Sales Executive. The position is located in Ikeja, Lagos State. Salary: N200,000 - N500,000 monthly. Interested candidates should possess a Bachelor’s Degree in Business Administration, Marketing, or related field with proven track record in sales, preferably in [insert industry if relevant]. Apply Now","Ikeja, Lagos State",Nigeria,unknown,,,Computer / AI / Technology / IT Services,,,,"N200,000 - N500,000 monthly",,"Mon 17th Aug, 2026",,,https://www.hotnigerianjobs.com/hotjobs/942214/sales-executive-at-pc-place-nigeria-limited.html,2026-08-30T15:19:56+00:00
ced3e08dbf7ba6d6,hotnigerianjobs,942181,Marketing Lead & Go-to-Market (GTM) Manager at a Rapidly Growing Technology Company - Estrada International Staffing Solution,,Marketing Lead & Go-to-Market (GTM) Manager at a Rapidly Growing Technology Company - Estrada International Staffing Solution,,Nigeria,unknown,,,Computer / AI / Technology / IT Services,,,,,,,,,https://www.hotnigerianjobs.com/hotjobs/942181/marketing-lead-gotomarket-gtm-manager-at-a-rapidly.html,2026-08-30T15:19:56+00:00
80af4ac2559c7a6b,hotnigerianjobs,942072,"HR, Admin & Finance Intern (Result Seekers Emerging Talent Program) at Result Seekers Limited (Hybrid)",,"HR, Admin & Finance Intern (Result Seekers Emerging Talent Program) at Result Seekers Limited (Hybrid)",,Nigeria,hybrid,,,Computer / AI / Technology / IT Services,,,,,,,,,https://www.hotnigerianjobs.com/hotjobs/942072/result-seekers-emerging-talent-program-hr-admin-fi.html,2026-08-30T15:19:56+00:00
d0a3f4d83caa6f61,hotnigerianjobs,942064,Sales & Digital Marketing Executive at Tespire - Future Moves Recruitment Agency (FMR Agency),,Sales & Digital Marketing Executive at Tespire - Future Moves Recruitment Agency (FMR Agency),,Nigeria,unknown,,,Computer / AI / Technology / IT Services,,,,,,,,,https://www.hotnigerianjobs.com/hotjobs/942064/sales-digital-marketing-executive-at-tespire-futur.html,2026-08-30T15:19:56+00:00
07d3f1d8898fb342,hotnigerianjobs,942063,Sales Executive at an IT / Security Company - Future Moves Recruitment Agency (FMR Agency),,Sales Executive at an IT / Security Company - Future Moves Recruitment Agency (FMR Agency),,Nigeria,unknown,,,Computer / AI / Technology / IT Services,,,,,,,,,https://www.hotnigerianjobs.com/hotjobs/942063/sales-executive-at-an-it-security-company-future-m.html,2026-08-30T15:19:56+00:00
35075616ec5a79d4,hotnigerianjobs,942044,ReSET Program - Software & Technology Intern (Remote) at Result Seekers Limited - 2 Openings,,ReSET Program - Software & Technology Intern (Remote) at Result Seekers Limited - 2 Openings,,Nigeria,remote,Country-only,,Computer / AI / Technology / IT Services,,,,,,,,Other Tech,https://www.hotnigerianjobs.com/hotjobs/942044/reset-program-software-technology-intern-remote-at.html,2026-08-30T15:19:56+00:00
7fb4d9d78ce54738,hotnigerianjobs,942077,"Team Lead, Customer Success at Zojatech Technology Limited",Zojatech Technology Limited,"Zojatech Technology Limited is recruiting to fill the position of: Team Lead, Customer Success. The position is located in Lagos State. Interested candidates should possess a minimum Bachelor’s Degree; Relevant Software’s qualification or training with 5+ years experience in Customer Success/Support, preferably in fintech or financial services. Apply Now",Lagos State,Nigeria,unknown,,,Computer / AI / Technology / IT Services,,,,,,"Mon 17th Aug, 2026",,Other Tech,https://www.hotnigerianjobs.com/hotjobs/942077/team-lead-customer-success-at-zojatech-technology.html,2026-08-30T15:19:56+00:00
ac524fb71d11b88a,hotnigerianjobs,942067,Marketer at a Technology Company - Future Moves Recruitment Agency (FMR Agency),,Marketer at a Technology Company - Future Moves Recruitment Agency (FMR Agency),,Nigeria,unknown,,,Computer / AI / Technology / IT Services,,,,,,,,,https://www.hotnigerianjobs.com/hotjobs/942067/marketer-at-future-moves-recruitment-agency-fmr-ag.html,2026-08-30T15:19:56+00:00
170dc9a3720b9584,hotnigerianjobs,942045,"ReSET Program - Data, Research & MEAL Intern (Remote) at Result Seekers Limited (2 Openings)",,"ReSET Program - Data, Research & MEAL Intern (Remote) at Result Seekers Limited (2 Openings)",,Nigeria,remote,Country-only,,Computer / AI / Technology / IT Services,,,,,,,,Other Tech,https://www.hotnigerianjobs.com/hotjobs/942045/reset-program-data-research-meal-intern-at-result.html,2026-08-30T15:19:56+00:00
b55999f05b2ada95,hotnigerianjobs,942036,Admin and Finance Manager at Result Seekers Limited,Result Seekers Limited,"Result Seekers Limited is recruiting to fill the position of: Admin and Finance Manager. The position is located in Maitama, Abuja (FCT). Interested candidates should possess a BSc / HND in Accounting, Finance, Business Administration or a related field, Membership of ICAN, ANAN or ACCA, with 5 - 8 years of progressive finance and administrative experience. Apply Now","Maitama, Abuja (FCT)",Nigeria,unknown,,,Computer / AI / Technology / IT Services,,,,,,"Mon 17th Aug, 2026",,,https://www.hotnigerianjobs.com/hotjobs/942036/admin-and-finance-manager-at-result-seekers-limite.html,2026-08-30T15:19:56+00:00
2925162d8acded46,hotnigerianjobs,941965,Network Solutions Engineer at Prolato Technologies Limited,Prolato Technologies Limited,"Prolato Technologies Limited is recruiting to fill the position of: Network Solutions Engineer. The position is located in Surulere, Lagos State. Salary: N200,000 - N250,000 / Month. Interested candidates should possess a minimum academic qualification of Bachelor’s Degree in Computer Science or a technology-related field with 1-5 years’ experience in network engineering. Apply Now","Surulere, Lagos State",Nigeria,unknown,,,Computer / AI / Technology / IT Services,,,,"N200,000 - N250,000 / Month",,"Mon 17th Aug, 2026",,IT Support & Networking,https://www.hotnigerianjobs.com/hotjobs/941965/network-solutions-engineer-at-prolato-technologies.html,2026-08-30T15:19:56+00:00
3daa8349cd1ce22b,hotnigerianjobs,941867,Customer Service Representative at Zhongxin Network Technology Company Limited,,Customer Service Representative at Zhongxin Network Technology Company Limited,,Nigeria,unknown,,,Computer / AI / Technology / IT Services,,,,,,,,,https://www.hotnigerianjobs.com/hotjobs/941867/customer-service-representative-at-zhongxin-networ.html,2026-08-30T15:19:56+00:00
0442972121acab65,hotnigerianjobs,941901,Real Estate Sales and Marketing Executive at Havana Group of Companies,,Real Estate Sales and Marketing Executive at Havana Group of Companies,,Nigeria,unknown,,,Computer / AI / Technology / IT Services,,,,,,,,,https://www.hotnigerianjobs.com/hotjobs/941901/real-estate-sales-and-marketing-executive-at-havan.html,2026-08-30T15:19:56+00:00
5c7bed2bf3134c60,hotnigerianjobs,941848,Customer Service Representative at Blessing Computers Limited,,Customer Service Representative at Blessing Computers Limited,,Nigeria,unknown,,,Computer / AI / Technology / IT Services,,,,,,,,,https://www.hotnigerianjobs.com/hotjobs/941848/customer-service-representative-at-blessing-comput.html,2026-08-30T15:19:56+00:00
b6c0225891abaf39,hotnigerianjobs,941826,Field Sales Marketer at Uniccon Group,Uniccon Group,"Uniccon Group is recruiting to fill the position of: Field Sales Marketer. The position is located in Abuja (FCT). Interested candidates should possess minimum of an OND (Degree / HND is an advantage) with previous experience in field sales, pharmaceutical distribution, health-tech, or FMCG direct selling preferred. Apply Now",Abuja (FCT),Nigeria,unknown,,,Computer / AI / Technology / IT Services,,,,,,"Fri 14th Aug, 2026",,,https://www.hotnigerianjobs.com/hotjobs/941826/field-sales-marketer-at-uniccon-group.html,2026-08-30T15:19:56+00:00
244f4ed297b89e5a,hotnigerianjobs,941816,Soft Intelligent Machines Limited Entry-Level & Exp. Job Recruitment (3 Positions),,Soft Intelligent Machines Limited Entry-Level & Exp. Job Recruitment (3 Positions),,Nigeria,unknown,,,Computer / AI / Technology / IT Services,,,,,,,,,https://www.hotnigerianjobs.com/hotjobs/941816/soft-intelligent-machines-limited-entrylevel-exp-j.html,2026-08-30T15:19:56+00:00
70bcc558e65f1208,hotnigerianjobs,941834,Uniccon Group Job Recruitment (5 Positions),Uniccon Group,"Uniccon Group is recruiting suitable candidates to fill the following positions in Abuja and Lagos State: Field Sales Marketer; Digital Marketing Specialist; UAV Propulsion System Engineer; UAV Avionics Engineer (Autonomy, Flight Control & Vehicle Avionics); and UAV / Aircraft Design Engineer. Apply Now",Abuja and Lagos State,Nigeria,unknown,,,Computer / AI / Technology / IT Services,,,,,,"Fri 14th Aug, 2026",,Other Tech,https://www.hotnigerianjobs.com/hotjobs/941834/uniccon-group-job-recruitment-5-positions.html,2026-08-30T15:19:56+00:00
830e65ffe8977f01,hotnigerianjobs,941669,Brand & Marketing Officer at Soft Intelligent Machines Limited,,Brand & Marketing Officer at Soft Intelligent Machines Limited,,Nigeria,unknown,,,Computer / AI / Technology / IT Services,,,,,,,,,https://www.hotnigerianjobs.com/hotjobs/941669/brand-marketing-officer-at-soft-intelligent-machin.html,2026-08-30T15:19:56+00:00
8f1f1dd17783f08a,hotnigerianjobs,941655,Tezza Business Solutions Limited Job Recruitment (4 Positions),,Tezza Business Solutions Limited Job Recruitment (4 Positions),,Nigeria,unknown,,,Computer / AI / Technology / IT Services,,,,,,,,,https://www.hotnigerianjobs.com/hotjobs/941655/tezza-business-solutions-limited-job-recruitment-4.html,2026-08-30T15:19:56+00:00
a33a85f0481f5b13,hotnigerianjobs,941598,Senior Platform / Solution Architect at Tezza Business Solutions Limited,,Senior Platform / Solution Architect at Tezza Business Solutions Limited,,Nigeria,unknown,,,Computer / AI / Technology / IT Services,,,,,,,,,https://www.hotnigerianjobs.com/hotjobs/941598/senior-platform-solution-architect-at-tezza-busine.html,2026-08-30T15:19:56+00:00
bb8a4e0b93bf8c49,hotnigerianjobs,941597,Sales Executive at Soft Intelligent Machines Limited,Soft Intelligent Machines Limited,"Soft Intelligent Machines Limited is recruiting to fill the position of: Sales Executive. The position is located in Ikeja, Lagos State. Interested candidates should possess a Bachelor’s Degree in Marketing, Computer Science, or any related field with 1 - 3 years of experience in IT, sales, marketing, or technical support, and a valid NYSC Certificate or Exemption Certificate. Apply Now","Ikeja, Lagos State",Nigeria,unknown,,,Computer / AI / Technology / IT Services,,,,,,"Fri 14th Aug, 2026",,Other Tech,https://www.hotnigerianjobs.com/hotjobs/941597/sales-executive-at-soft-intelligent-machines-limit.html,2026-08-30T15:19:56+00:00
39e17818f1b5f574,hotnigerianjobs,941579,Content Creator at PC Place Nigeria Limited,PC Place Nigeria Limited,"PC Place Nigeria Limited is recruiting to fill the position of: Content Creator. The position is located in Lagos State. Salary: N150,000 monthly. Interested candidates should possess a Bachelor’s Degree in Marketing, Communications, Media, or related fields (preferred) with proven experience in content creation, copywriting, or digital marketing, and be female applicants only. Apply Now",Lagos State,Nigeria,unknown,,,Computer / AI / Technology / IT Services,,,,"N150,000 monthly",,"Fri 14th Aug, 2026",,,https://www.hotnigerianjobs.com/hotjobs/941579/content-creator-at-pc-place-nigeria-limited.html,2026-08-30T15:19:56+00:00
9bdd549a8b6bb7c1,hotnigerianjobs,941554,Al Engineer at eHealth4everyone,eHealth4everyone,"eHealth4everyone is recruiting to fill the position of: Al Engineer. The position is located in Abuja (FCT). Interested candidates should possess a Degree or Coursework in Engineering, Computer Science, in a related discipline, or equivalent experience. Apply Now",Abuja (FCT),Nigeria,unknown,,,Computer / AI / Technology / IT Services,,,,,,"Fri 14th Aug, 2026",,Other Tech,https://www.hotnigerianjobs.com/hotjobs/941554/al-engineer-at-ehealth4everyone.html,2026-08-30T15:19:56+00:00
923ab9c92f5a15a9,hotnigerianjobs,941506,Mid-Level IT / Business Development Executive at Provosys Integrated Services,,Mid-Level IT / Business Development Executive at Provosys Integrated Services,,Nigeria,unknown,,,Computer / AI / Technology / IT Services,,,,,,,,,https://www.hotnigerianjobs.com/hotjobs/941506/midlevel-it-business-development-executive-at-prov.html,2026-08-30T15:19:56+00:00
30883d820e0d63ff,hotnigerianjobs,941540,Mathematics Teacher at Oxford Creative International Schools,,Mathematics Teacher at Oxford Creative International Schools,,Nigeria,unknown,,,Computer / AI / Technology / IT Services,,,,,,,,,https://www.hotnigerianjobs.com/hotjobs/941540/mathematics-teacher-at-oxford-creative-internation.html,2026-08-30T15:19:56+00:00
68aea7fa557953a9,hotnigerianjobs,941523,Physics Teacher at Oxford Creative International Schools,Oxford Creative International Schools,"Oxford Creative International Schools is recruiting to fill the position of: Physics Teacher. The position is located in Onitsha, Anambra State. Interested candidates should possess a Bachelor`s Degree with 2 years experience. Apply Now","Onitsha, Anambra State",Nigeria,unknown,,,Computer / AI / Technology / IT Services,,,,,,"Fri 14th Aug, 2026",,,https://www.hotnigerianjobs.com/hotjobs/941523/physics-teacher-at-oxford-creative-international-s.html,2026-08-30T15:19:56+00:00
568e60fb6b7f1d09,hotnigerianjobs,941433,Applinet Technology Job Recruitment (19 Positions),Applinet Technology,"Applinet Technology is recruiting suitable candidates to fill the following positions in Lagos and Ogun States: Prompt Engineer, Public Relations Officer, Inventory Clerk, Appointment Setter, Finance Clerk, Retail Trainer, Stockbroker, Corporate Trainer, UI Designer, Support Specialist, Web Designer, Network Administrator, HR Consultant, Investment Banker, Financial Officer, and External Auditor. Apply Now",Lagos and Ogun States,Nigeria,unknown,,,Computer / AI / Technology / IT Services,,,,,,"Fri 14th Aug, 2026",,Product & Design,https://www.hotnigerianjobs.com/hotjobs/941433/applinet-technology-job-recruitment-16-positions.html,2026-08-30T15:19:56+00:00
cf2f36a1b54937cc,hotnigerianjobs,941371,Zinance Limited Job Recruitment (8 Positions),Zinance Limited,"Zinance Limited is recruiting suitably qualified candidates to fill the following positions in Ogun and Lagos States: Community Health Worker, Biologist, Nurse Practitioner, Health Care Administrator, Caregiver, Hospital Administration Manager, Medical Administrative Assistant, Physical Therapist, and Medical Administrative Assistant. Apply Now",Ogun and Lagos States,Nigeria,unknown,,,Computer / AI / Technology / IT Services,,,,,,"Fri 14th Aug, 2026",,,https://www.hotnigerianjobs.com/hotjobs/941371/zinance-limited-job-recruitment-8-positions.html,2026-08-30T15:19:56+00:00
8eed40093489fad2,hotnigerianjobs,941347,Marketing Officer at Guangzhou Mengsen Technologies,Guangzhou Mengsen Technologies,"Guangzhou Mengsen Technologies is recruiting to fill the position of: Marketing Officer. The position is located in Apapa, Lagos State. Interested candidates should possess a Bachelor's Degree in Marketing, Business Administration, Communications, or a related field and at least 3 years experience in marketing, sales, or business development. Apply Now","Apapa, Lagos State",Nigeria,unknown,,,Computer / AI / Technology / IT Services,,,,,,"Fri 14th Aug, 2026",,,https://www.hotnigerianjobs.com/hotjobs/941347/marketing-officer-at-guangzhou-mengsen-technologie.html,2026-08-30T15:19:56+00:00
492959e7af61eea8,hotnigerianjobs,941311,Community Health Worker at Zinance Limited,Zinance Limited,"Zinance Limited is recruiting to fill the position of: Community Health Worker. The position is located in Agege, Lagos State. Salary: N130,000 - N190,000 monthly. Interested candidates should possess relevant qualifications and experience working with people of different cultures and socio-economic backgrounds. Apply Now","Agege, Lagos State",Nigeria,unknown,,,Computer / AI / Technology / IT Services,,,,"N130,000 - N190,000 monthly",,"Fri 14th Aug, 2026",,,https://www.hotnigerianjobs.com/hotjobs/941311/community-health-worker-at-zinance-limited.html,2026-08-30T15:19:56+00:00
a9e8677b6512d6d7,hotnigerianjobs,941270,Appointment Setter at Applinet Technology,Applinet Technology,"Applinet Technology is recruiting to fill the position of: Appointment Setter. The position is located in Lagos State. Salary: N150,000 - N300,000 monthly. Interested candidates should preferably possess a High School Diploma or equivalent with proven work experience as an Appointment Setter or similar roles. Apply Now",Lagos State,Nigeria,unknown,,,Computer / AI / Technology / IT Services,,,,"N150,000 - N300,000 monthly",,"Fri 14th Aug, 2026",,,https://www.hotnigerianjobs.com/hotjobs/941270/appointment-setter-at-applinet-technology.html,2026-08-30T15:19:56+00:00
96c570bb1d0229a6,hotnigerianjobs,941267,Country Sales Manager at a Leading Global Hospitality Technology Company - Workforce Group,,Country Sales Manager at a Leading Global Hospitality Technology Company - Workforce Group,,Nigeria,unknown,,,Computer / AI / Technology / IT Services,,,,,,,,,https://www.hotnigerianjobs.com/hotjobs/941267/country-sales-manager-at-a-leading-global-hospital.html,2026-08-30T15:19:56+00:00
c859d770e8f25efa,hotnigerianjobs,941264,Inventory Clerk at Applinet Technology,Applinet Technology,"Applinet Technology is recruiting to fill the position of: Inventory Clerk. The position is located in Lagos State. Salary: N150,000 - N300,000 / month. Interested candidates should possess a High School Diploma or equivalent preferred with proven work experience as an Inventory Clerk or similar role. Apply Now",Lagos State,Nigeria,unknown,,,Computer / AI / Technology / IT Services,,,,"N150,000 - N300,000 / month",,"Fri 14th Aug, 2026",,,https://www.hotnigerianjobs.com/hotjobs/941264/inventory-clerk-at-applinet-technology.html,2026-08-30T15:19:56+00:00
516ccf9cecfbb59a,hotnigerianjobs,941230,"Product, Growth & Customer Success Manager (Remote) at a Reputable ICT Company",,"Product, Growth & Customer Success Manager (Remote) at a Reputable ICT Company",,Nigeria,remote,Country-only,,Computer / AI / Technology / IT Services,,,,,,,,Other Tech,https://www.hotnigerianjobs.com/hotjobs/941230/product-growth-customer-success-manager-remote-at.html,2026-08-30T15:19:56+00:00
c5e37cc58c29cb18,hotnigerianjobs,941158,Country Sales Lead - Cybersecurity Solutions at Foresight Innovative Solutions,,Country Sales Lead - Cybersecurity Solutions at Foresight Innovative Solutions,,Nigeria,unknown,,,Computer / AI / Technology / IT Services,,,,,,,,Cybersecurity,https://www.hotnigerianjobs.com/hotjobs/941158/country-sales-lead-cybersecurity-solutions-at-fore.html,2026-08-30T15:19:56+00:00
cb71fba96214055c,hotnigerianjobs,941121,Call Representative Personnel (NYSC / Intern) at Prowbys Innovation Limited,,Call Representative Personnel (NYSC / Intern) at Prowbys Innovation Limited,,Nigeria,unknown,,,Computer / AI / Technology / IT Services,,,,,,,,,https://www.hotnigerianjobs.com/hotjobs/941121/call-representative-personnel-nysc-intern-at-prowb.html,2026-08-30T15:20:00+00:00
15d778bd9ce43149,hotnigerianjobs,941105,Sales Executive at Bullaugen Technology Limited,Bullaugen Technology Limited,"Bullaugen Technology Limited is recruiting to fill the position of: Female Sales Executive. The position is located in Lekki, Lagos State. Salary: N170,000 - N200,000 monthly. Interested candidates should possess relevant qualifications with 0 - 2 years of experience in B2B and B2C sales. Apply Now","Lekki, Lagos State",Nigeria,unknown,,,Computer / AI / Technology / IT Services,,,,"N170,000 - N200,000 monthly",,"Thu 13th Aug, 2026",,,https://www.hotnigerianjobs.com/hotjobs/941105/female-sales-executive-at-bullaugen-technology-lim.html,2026-08-30T15:20:00+00:00
a87d32b8b0564ed2,hotnigerianjobs,941096,Social Media Manager / Ads Strategist at Lance Trend Limited,,Social Media Manager / Ads Strategist at Lance Trend Limited,,Nigeria,unknown,,,Computer / AI / Technology / IT Services,,,,,,,,,https://www.hotnigerianjobs.com/hotjobs/941096/social-media-manager-ads-strategist-at-lance-trend.html,2026-08-30T15:20:00+00:00
4d9261f356097896,hotnigerianjobs,941072,Executive Assistant & Social Media Manager at Ileven Technologies,,Executive Assistant & Social Media Manager at Ileven Technologies,,Nigeria,unknown,,,Computer / AI / Technology / IT Services,,,,,,,,,https://www.hotnigerianjobs.com/hotjobs/941072/executive-assistant-social-media-manager-at-ileven.html,2026-08-30T15:20:00+00:00
85277ddf251b7f15,hotnigerianjobs,941071,Social Media Manager at MyBizPush Solutions Limited,MyBizPush Solutions Limited,MyBizPush Solutions Limited is recruiting to fill the position of: Social Media Manager. The position is located in Abuja. Interested candidates should possess relevant qualifications. Apply Now,Abuja,Nigeria,unknown,,,Computer / AI / Technology / IT Services,,,,,,"Thu 13th Aug, 2026",,,https://www.hotnigerianjobs.com/hotjobs/941071/social-media-manager-at-mybizpush-solutions-limite.html,2026-08-30T15:20:00+00:00
84820003809763c8,hotnigerianjobs,941070,Content Creator at MyBizPush Solutions Limited,MyBizPush Solutions Limited,MyBizPush Solutions Limited is recruiting to fill the position of: Content Creator. The position is located in Abuja. Interested candidates should possess relevant qualifications. Apply Now,Abuja,Nigeria,unknown,,,Computer / AI / Technology / IT Services,,,,,,"Thu 13th Aug, 2026",,,https://www.hotnigerianjobs.com/hotjobs/941070/content-creator-at-mybizpush-solutions-limited.html,2026-08-30T15:20:00+00:00
d7f5ca9b23a4bcf4,hotnigerianjobs,941078,Growth Marketing Lead (Student Acquisition) at ThisCodeSchool Technologies Limited,,Growth Marketing Lead (Student Acquisition) at ThisCodeSchool Technologies Limited,,Nigeria,unknown,,,Computer / AI / Technology / IT Services,,,,,,,,,https://www.hotnigerianjobs.com/hotjobs/941078/growth-marketing-lead-student-acquisition-at-thisc.html,2026-08-30T15:20:00+00:00
ea8eee06f3862007,hotnigerianjobs,940992,Quality Assurance (QA) Engineer (Hybrid) at Optisoft Technology Company Limited,,Quality Assurance (QA) Engineer (Hybrid) at Optisoft Technology Company Limited,,Nigeria,hybrid,,,Computer / AI / Technology / IT Services,,,,,,,,QA & Testing,https://www.hotnigerianjobs.com/hotjobs/940992/quality-assurance-qa-engineer-hybrid-at-optisoft-t.html,2026-08-30T15:20:00+00:00
e5101c648084ee78,hotnigerianjobs,940990,Backend Engineer (Hybrid) at Optisoft Technology Company Limited,,Backend Engineer (Hybrid) at Optisoft Technology Company Limited,,Nigeria,hybrid,,,Computer / AI / Technology / IT Services,,,,,,,,Software Development,https://www.hotnigerianjobs.com/hotjobs/940990/backend-engineer-hybrid-at-optisoft-technology-com.html,2026-08-30T15:20:00+00:00
1f531cac8a194ff0,hotnigerianjobs,940939,Legal Counsel – Commercial at a Leading Fintech Company - Recruit with Adenike,,Legal Counsel – Commercial at a Leading Fintech Company - Recruit with Adenike,,Nigeria,unknown,,,Computer / AI / Technology / IT Services,,,,,,,,,https://www.hotnigerianjobs.com/hotjobs/940939/legal-counsel-commercial-at-a-leading-fintech-comp.html,2026-08-30T15:20:00+00:00
19f6e4842f986edc,hotnigerianjobs,940859,AI Trainer – Actuaries (APAC/MEA) at a Globally Recognized Artificial Intelligence Company - Estrada International Staffing Solution,,AI Trainer – Actuaries (APAC/MEA) at a Globally Recognized Artificial Intelligence Company - Estrada International Staffing Solution,,Nigeria,unknown,,,Computer / AI / Technology / IT Services,,,,,,,,Data & AI,https://www.hotnigerianjobs.com/hotjobs/940859/ai-trainer-actuaries-apacmea-at-a-globally-recogni.html,2026-08-30T15:20:00+00:00
39923ee719e5558c,hotnigerianjobs,940902,Primary School Teacher at Oxford Creative International Schools,,Primary School Teacher at Oxford Creative International Schools,,Nigeria,unknown,,,Computer / AI / Technology / IT Services,,,,,,,,,https://www.hotnigerianjobs.com/hotjobs/940902/primary-school-teacher-at-oxford-creative-internat.html,2026-08-30T15:20:00+00:00
a82b976c8e7a35f9,hotnigerianjobs,940856,"Senior AI Trainer - Actuary, APAC / MEA at a Globally Recognized Artificial Intelligence Company - Estrada International Staffing Solution - Remote",,"Senior AI Trainer - Actuary, APAC / MEA at a Globally Recognized Artificial Intelligence Company - Estrada International Staffing Solution - Remote",,Nigeria,remote,Global,,Computer / AI / Technology / IT Services,,,,,,,,Data & AI,https://www.hotnigerianjobs.com/hotjobs/940856/senior-ai-trainer-actuary-apacmea-at-a-globally-re.html,2026-08-30T15:20:00+00:00
0b79954711df1231,hotnigerianjobs,940901,Security Personnel at Oxford Creative International Schools,Oxford Creative International Schools,"Oxford Creative International Schools is recruiting to fill the position of: Security Personnel. The position is located in Onitsha, Anambra State. Interested candidates should possess a Bachelor`s Degree with 2 years experience. Apply Now","Onitsha, Anambra State",Nigeria,unknown,,,Computer / AI / Technology / IT Services,,,,,,"Thu 13th Aug, 2026",,,https://www.hotnigerianjobs.com/hotjobs/940901/security-personnel-at-oxford-creative-internationa.html,2026-08-30T15:20:00+00:00
e3dce2b05b17c9a9,hotnigerianjobs,940900,School Bus Driver at Oxford Creative International Schools,Oxford Creative International Schools,"Oxford Creative International Schools is recruiting to fill the position of: School Bus Driver. The position is located in Onitsha, Anambra State. Interested candidates should possess relevant qualifications with work experience. Apply Now","Onitsha, Anambra State",Nigeria,unknown,,,Computer / AI / Technology / IT Services,,,,,,"Thu 13th Aug, 2026",,,https://www.hotnigerianjobs.com/hotjobs/940900/school-bus-driver-at-oxford-creative-international.html,2026-08-30T15:20:00+00:00
26d81a4ade9c759f,hotnigerianjobs,940769,Sales & Go-to-Market (GTM) Professional at a Fast-growing AI Company - Robert Walters,,Sales & Go-to-Market (GTM) Professional at a Fast-growing AI Company - Robert Walters,,Nigeria,unknown,,,Computer / AI / Technology / IT Services,,,,,,,,Data & AI,https://www.hotnigerianjobs.com/hotjobs/940769/english-studies-teacher-at-destiny-success-academy.html,2026-08-30T15:20:00+00:00
e1a7599c1bb57c5f,hotnigerianjobs,940828,Product Marketing Manager (Hybrid) at an Emerging Financial Lending (FinTech) Company - Estrada International Staffing Solution - 2 Openings,,Product Marketing Manager (Hybrid) at an Emerging Financial Lending (FinTech) Company - Estrada International Staffing Solution - 2 Openings,,Nigeria,hybrid,,,Computer / AI / Technology / IT Services,,,,,,,,,https://www.hotnigerianjobs.com/hotjobs/940828/product-marketing-manager-hybrid-at-an-emerging-fi.html,2026-08-30T15:20:00+00:00
af038d3f7d67e63b,hotnigerianjobs,940817,AI Trainer – Accountant & Auditor (APAC/MEA) at a Globally Recognized Artificial Intelligence Company - Estrada International Staffing Solution,,AI Trainer – Accountant & Auditor (APAC/MEA) at a Globally Recognized Artificial Intelligence Company - Estrada International Staffing Solution,,Nigeria,unknown,,,Computer / AI / Technology / IT Services,,,,,,,,Data & AI,https://www.hotnigerianjobs.com/hotjobs/940817/ai-trainer-accountant-auditor-apacmea-at-a-globall.html,2026-08-30T15:20:00+00:00
3c41bb0990509da5,hotnigerianjobs,940813,Senior AI Trainer - Customer Success Manager - APAC / MEA at a Globally Recognized Artificial Intelligence Company - Estrada International Staffing Solution,,Senior AI Trainer - Customer Success Manager - APAC / MEA at a Globally Recognized Artificial Intelligence Company - Estrada International Staffing Solution,,Nigeria,unknown,,,Computer / AI / Technology / IT Services,,,,,,,,Data & AI,https://www.hotnigerianjobs.com/hotjobs/940813/senior-ai-trainer-customer-success-manager-apacmea.html,2026-08-30T15:20:00+00:00
6a7884d75fd13c61,hotnigerianjobs,940811,AI Trainer – Technical & Scientific Sales Representatives (APAC / MEA / North America) at a Globally Recognized Artificial Intelligence Company - Estrada International Staffing Solution - Remote,,AI Trainer – Technical & Scientific Sales Representatives (APAC / MEA / North America) at a Globally Recognized Artificial Intelligence Company - Estrada International Staffing Solution - Remote,,Nigeria,remote,Global,,Computer / AI / Technology / IT Services,,,,,,,,Data & AI,https://www.hotnigerianjobs.com/hotjobs/940811/ai-trainer-technical-scientific-sales-representati.html,2026-08-30T15:20:00+00:00
1cf1c5cc1df23c6c,hotnigerianjobs,940768,Senior Network Engineer at Layer3,Layer3,"Layer3 is recruiting to fill the position of: Senior Network Engineer. The position is located in Abuja. Interested candidates should possess a Bachelor's Degree in Computer Engineering, Electrical/Electronics Engineering, Mechanical Engineering, Information Technology or related field or its equivalent with a minimum of 6 years relevant experience in troubleshooting and managing IP networks. Apply Now",Abuja,Nigeria,unknown,,,Computer / AI / Technology / IT Services,,,,,,"Thu 13th Aug, 2026",,IT Support & Networking,https://www.hotnigerianjobs.com/hotjobs/940768/senior-network-engineer-at-layer3.html,2026-08-30T15:20:00+00:00
1096cb3d871258ee,hotnigerianjobs,940746,Compovine Technologies Limited (5 Positions),Compovine Technologies Limited,"Compovine Technologies Limited is recruiting suitably qualified candidates to fill the following positions in Lagos State: Driver, Customer Service Representative, Cashier Sales Officer and Operation Officer. Apply Now",Lagos State,Nigeria,unknown,,,Computer / AI / Technology / IT Services,,,,,,"Thu 13th Aug, 2026",,,https://www.hotnigerianjobs.com/hotjobs/940746/compovine-technologies-limited-4-positions.html,2026-08-30T15:20:00+00:00
bceb78d933070f17,hotnigerianjobs,940712,Solution Area Specialist - Security at Microsoft Nigeria,Microsoft Nigeria,"Microsoft Nigeria is recruiting to fill the position of: Solution Area Specialist - Security. Interested candidates should possess a Bachelor's Degree in Information Technology, Computer Science, Business, or a related field with 8+ years of solution sales or pre-sales experience in cloud technologies, with a focus on Cybersecurity, Compliance, Governance and Risk. Apply Now",,Nigeria,unknown,,,Computer / AI / Technology / IT Services,,,,,,"Thu 13th Aug, 2026",,Cybersecurity,https://www.hotnigerianjobs.com/hotjobs/940712/solution-area-specialist-security-at-microsoft-nig.html,2026-08-30T15:20:00+00:00
b3cd83b4fe37c5da,hotnigerianjobs,940598,Operation Officer at Compovine Technologies Limited,Compovine Technologies Limited,"Compovine Technologies Limited is recruiting to fill the position of: Operation Officer. The position is located in Ikeja, Lagos State. Salary: N150,000 - N200,000 / month. Interested candidates should possess relevant qualifications and experience. Apply Now","Ikeja, Lagos State",Nigeria,unknown,,,Computer / AI / Technology / IT Services,,,,"N150,000 - N200,000 / month",,"Thu 13th Aug, 2026",,,https://www.hotnigerianjobs.com/hotjobs/940598/operation-officer-at-compovine-technologies-limite.html,2026-08-30T15:20:00+00:00
7029f806ee28beea,hotnigerianjobs,940570,Cashier Sales Officer at Compovine Technologies Limited (5 Openings),,Cashier Sales Officer at Compovine Technologies Limited (5 Openings),,Nigeria,unknown,,,Computer / AI / Technology / IT Services,,,,,,,,,https://www.hotnigerianjobs.com/hotjobs/940570/cashier-sales-officer-at-compovine-technologies-li.html,2026-08-30T15:20:00+00:00
f7cacf2bce7a6893,hotnigerianjobs,940549,Customer Service Representative at Compovine Technologies Limited,,Customer Service Representative at Compovine Technologies Limited,,Nigeria,unknown,,,Computer / AI / Technology / IT Services,,,,,,,,,https://www.hotnigerianjobs.com/hotjobs/940549/customer-service-representative-at-compovine-techn.html,2026-08-30T15:20:00+00:00
d55d9dc0f35a9262,hotnigerianjobs,940447,End User Support Engineer at Vennote Technologies Limited,Vennote Technologies Limited,"Vennote Technologies Limited is recruiting to fill the position of: End User Support Engineer. Interested candidates should possess a B.Sc in Computer Science, Electrical Engineering or related field with 3 – 5 years experience in IT support and troubleshooting. Apply Now",,Nigeria,unknown,,,Computer / AI / Technology / IT Services,,,,,,"Wed 12th Aug, 2026",,IT Support & Networking,https://www.hotnigerianjobs.com/hotjobs/940447/end-user-support-at-vennote-technologies-limited.html,2026-08-30T15:20:00+00:00
e675b21c3739a46b,hotnigerianjobs,940201,E-Commerce & Digital Marketing Manager at Alphacom,Alphacom,"Alphacom is recruiting to fill the position of: E-Commerce & Digital Marketing Manager. The position is located in Computer Vilage, Ikeja - Lagos State. Interested candidate should possess relevant qualifications with 3 – 5 years of relevant experience in E-Commerce and Social Media Management, Content creation, Online Marketing and Sales. A Bachelor's Degree, HND or equivalent qualification in Marketing, Business Administration, Mass Communication, Digital Marketing, E-Commerce or a related field is an advantage. Apply Now","Computer Vilage, Ikeja - Lagos State",Nigeria,unknown,,,Computer / AI / Technology / IT Services,,,,,,"Wed 12th Aug, 2026",,,https://www.hotnigerianjobs.com/hotjobs/940201/ecommerce-digital-marketing-manager-at-alphacom.html,2026-08-30T15:20:00+00:00
206bd6dcf7bdecdb,hotnigerianjobs,940106,Crown Interactive Job Recruitment (4 Positions),Crown Interactive,"Crown Interactive is recruiting suitable candidates to fill the following positions in Lagos State: Content Marketing Associate, Database Administrator, Software Engineer - PHP, and Java Software Engineer. Apply Now",Lagos State,Nigeria,unknown,,,Computer / AI / Technology / IT Services,,,,,,"Wed 12th Aug, 2026",,Software Development,https://www.hotnigerianjobs.com/hotjobs/940106/crown-interactive-job-recruitment-3-positions.html,2026-08-30T15:20:00+00:00
d08c3d18f74c386b,hotnigerianjobs,940097,Database Administrator at Crown Interactive,Crown Interactive,"Crown Interactive is recruiting to fill the position of: Database Administrator. The position is located in Lagos State. Interested candidates should possess a Bachelor's Degree in Computer Science, Information Technology, Computer Engineering, Software Engineering, or a related field with 7–8 years' relevant experience in database administration or database engineering. Apply Now",Lagos State,Nigeria,unknown,,,Computer / AI / Technology / IT Services,,,,,,"Wed 12th Aug, 2026",,Software Development,https://www.hotnigerianjobs.com/hotjobs/940097/database-administrator-at-crown-interactive.html,2026-08-30T15:20:00+00:00
d5b6fa5002f769c6,hotnigerianjobs,940100,Java Software Engineer at Crown Interactive,Crown Interactive,"Crown Interactive is recruiting to fill the position of: Java Software Engineer. The position is located in Lagos State. Interested candidates should possess a Bachelor’s Degree in Computer Science, Engineering, or a related field with 7 years plus professional experience in Java backend development. Apply Now",Lagos State,Nigeria,unknown,,,Computer / AI / Technology / IT Services,,,,,,"Wed 12th Aug, 2026",,Software Development,https://www.hotnigerianjobs.com/hotjobs/940100/java-software-engineer-at-crown-interactive.html,2026-08-30T15:20:00+00:00
a31af04a99dcf0ff,hotnigerianjobs,940092,Software Engineer - PHP at Crown Interactive,Crown Interactive,"Crown Interactive is recruiting to fill the position of: Software Engineer - PHP. The position is located in Lagos State. Interested candidates should possess a Bachelor's Degree in Computer Science, Software Engineering, or a related technical discipline with a minimum of 6 years' professional experience as a PHP Software Engineer. Apply Now",Lagos State,Nigeria,unknown,,,Computer / AI / Technology / IT Services,,,,,,"Wed 12th Aug, 2026",,Software Development,https://www.hotnigerianjobs.com/hotjobs/940092/software-engineer-php-at-crown-interactive.html,2026-08-30T15:20:00+00:00
d9daa1b3bbd615ce,hotnigerianjobs,939919,Admissions Manager at Astria Learning,Astria Learning,"Astria Learning is recruiting to fill the position of: Admissions Manager. Interested candidates should possess a Bachelor's Degree in Business, Marketing, Education, or a related field with 3 – 5 years of telesales experience with a demonstrated record of meeting or exceeding targets. Apply Now",,Nigeria,unknown,,,Computer / AI / Technology / IT Services,,,,,,"Wed 12th Aug, 2026",,,https://www.hotnigerianjobs.com/hotjobs/939919/admissions-manager-at-astria-learning.html,2026-08-30T15:20:00+00:00
899b66cb6afd8c73,hotnigerianjobs,939905,Student Success Manager at Astria Learning,Astria Learning,"Astria Learning is recruiting to fill the position of: Student Success Manager. Interested candidates should possess a Bachelor's Degree in Business Administration, Education, Project Management, or a related field with 4 – 6 years of experience in program, academic, operational, or customer success management. Apply Now",,Nigeria,unknown,,,Computer / AI / Technology / IT Services,,,,,,"Wed 12th Aug, 2026",,,https://www.hotnigerianjobs.com/hotjobs/939905/student-success-manager-at-astria-learning.html,2026-08-30T15:20:00+00:00
c603778676526f09,hotnigerianjobs,939924,Marketing Specialist at Astria Learning,Astria Learning,"Astria Learning is recruiting to fill the position of: Marketing Specialist. Interested candidates should possess a Bachelor's Degree or higher in Marketing, Communications, Business, or a related field with 3+ years of relevant experience in marketing or communications. Apply Now",,Nigeria,unknown,,,Computer / AI / Technology / IT Services,,,,,,"Wed 12th Aug, 2026",,,https://www.hotnigerianjobs.com/hotjobs/939924/marketing-specialist-at-astria-learning.html,2026-08-30T15:20:00+00:00
589f263681773101,hotnigerianjobs,939914,Student Success Coordinator at Astria Learning,Astria Learning,"Astria Learning is recruiting to fill the position of: Student Success Coordinator. Interested candidates should possess relevant qualifications with 1–3 years of experience in a customer service, customer support, student services, or client-facing support role. Apply Now",,Nigeria,unknown,,,Computer / AI / Technology / IT Services,,,,,,"Wed 12th Aug, 2026",,,https://www.hotnigerianjobs.com/hotjobs/939914/student-success-coordinator-at-astria-learning.html,2026-08-30T15:20:00+00:00
3864c4c7b59bbd7b,hotnigerianjobs,939897,Graphic Designer — Marketing (Remote) at Astria Learning,Astria Learning,"Astria Learning is recruiting to fill the position of: Graphic Designer — Marketing. This is a remote job. Interested candidates should possess a Bachelor's Degree in Graphic Design, Visual Communication, or a related field — or equivalent professional experience with 3 – 5 years of professional graphic design experience, ideally within a marketing or brand environment. Apply Now",,Nigeria,remote,Country-only,,Computer / AI / Technology / IT Services,,,,,,"Wed 12th Aug, 2026",,,https://www.hotnigerianjobs.com/hotjobs/939897/graphic-designer-marketing-remote-at-astria-learni.html,2026-08-30T15:20:00+00:00
137e81320518f925,hotnigerianjobs,939879,Content Creator and Social Media Officer at Future Moves Recruitment Agency (FMR Agency),,Content Creator and Social Media Officer at Future Moves Recruitment Agency (FMR Agency),,Nigeria,unknown,,,Computer / AI / Technology / IT Services,,,,,,,,,https://www.hotnigerianjobs.com/hotjobs/939879/content-creator-and-social-media-officer-at-future.html,2026-08-30T15:20:00+00:00
f89d5af51bccf3e7,hotnigerianjobs,939904,Admissions Counselor at Astria Learning,Astria Learning,"Astria Learning is recruiting to fill the position of: Admissions Counselor. Interested candidates should possess a Bachelor's Degree in Business, Communications, Marketing, Education, or a related field — preferred but not required in lieu of equivalent experience, with 1–2 years of experience in telesales, a call center, or a customer-facing service role. Apply Now",,Nigeria,unknown,,,Computer / AI / Technology / IT Services,,,,,,"Wed 12th Aug, 2026",,,https://www.hotnigerianjobs.com/hotjobs/939904/admissions-counselor-at-astria-learning.html,2026-08-30T15:20:00+00:00
59ea03d4f47c6854,hotnigerianjobs,939838,Backend Engineer (Hybrid) at Ovaloop,Ovaloop,Ovaloop is recruiting to fill the position of: Backend Engineer. The position is located in Lagos State (Hybrid). Interested candidates should possess relevant qualifications with strong Python/Django experience. Experience building production systems is a plus. Apply Now,Lagos State (Hybrid),Nigeria,hybrid,,,Computer / AI / Technology / IT Services,,,,,,"Wed 12th Aug, 2026",,Software Development,https://www.hotnigerianjobs.com/hotjobs/939838/backend-engineer-at-ovaloop.html,2026-08-30T15:20:00+00:00
40044402aad40d73,hotnigerianjobs,939893,Country Manager at Astria Learning,Astria Learning,"Astria Learning is recruiting to fill the position of: Country Manager. The position is located in Abuja or Lagos State. Interested candidates should possess a Bachelor's Degree with 8+ years of experience in business development, sales leadership, or general management, including at least 3 years leading a team — with a Nigeria-based career and deep local networks. Apply Now",Abuja or Lagos State,Nigeria,unknown,,,Computer / AI / Technology / IT Services,,,,,,"Wed 12th Aug, 2026",,,https://www.hotnigerianjobs.com/hotjobs/939893/country-manager-at-astria-learning.html,2026-08-30T15:20:00+00:00
d962d8ec8a975e4f,hotnigerianjobs,939891,Instagram Sales Closer at Tespire - Future Moves Recruitment Agency (FMR Agency),,Instagram Sales Closer at Tespire - Future Moves Recruitment Agency (FMR Agency),,Nigeria,unknown,,,Computer / AI / Technology / IT Services,,,,,,,,,https://www.hotnigerianjobs.com/hotjobs/939891/instagram-sales-closer-at-tespire-future-moves-rec.html,2026-08-30T15:20:00+00:00
0bf8369c260cdb0a,hotnigerianjobs,939824,Cement Pump Operator at Tespire - Future Moves Recruitment Agency (FMR Agency),,Cement Pump Operator at Tespire - Future Moves Recruitment Agency (FMR Agency),,Nigeria,unknown,,,Computer / AI / Technology / IT Services,,,,,,,,,https://www.hotnigerianjobs.com/hotjobs/939824/cement-pump-operator-at-tespire-future-moves-recru.html,2026-08-30T15:20:00+00:00
4944f4304adab803,hotnigerianjobs,939779,Java & C# Software Engineer (Hybrid) at Bluechip Technologies Limited,,Java & C# Software Engineer (Hybrid) at Bluechip Technologies Limited,,Nigeria,hybrid,,,Computer / AI / Technology / IT Services,,,,,,,,Software Development,https://www.hotnigerianjobs.com/hotjobs/939779/java-c-software-engineer-hybrid-at-bluechip-techno.html,2026-08-30T15:20:00+00:00
0c1d59900dc84ad4,hotnigerianjobs,939713,Sales Officer at a Fintech Company - Future Moves Recruitment Agency (FMR Agency),,Sales Officer at a Fintech Company - Future Moves Recruitment Agency (FMR Agency),,Nigeria,unknown,,,Computer / AI / Technology / IT Services,,,,,,,,,https://www.hotnigerianjobs.com/hotjobs/939713/sales-officer-at-a-fintech-company-future-moves-re.html,2026-08-30T15:20:00+00:00
7cef253e3987915d,hotnigerianjobs,939533,Finance Officer at Dalewares Institute of Technology,Dalewares Institute of Technology,"Dalewares Institute of Technology is recruiting to fill the position of: Finance Officer. The position is located in Palmgrove, Lagos State. Interested candidates should possess a minimum of a B.Sc or HND in Accounting, Finance, or a related field. ACA/ACCA/CPA/ANAN in progress is a strong advantage, with 3-5 years post-NYSC experience, and 1-2 years in an educational institution, SME, or where ERP was used. Apply Now","Palmgrove, Lagos State",Nigeria,unknown,,,Computer / AI / Technology / IT Services,,,,,,"Wed 12th Aug, 2026",,Other Tech,https://www.hotnigerianjobs.com/hotjobs/939533/finance-officer-at-dalewares-institute-of-technolo.html,2026-08-30T15:20:00+00:00
110aea1243da0f27,hotnigerianjobs,939448,ActiveEdge Technologies Job Recruitment (5 Positions),ActiveEdge Technologies,"ActiveEdge Technologies is recruiting suitable candidates to fill the following positions in Lagos State: Vice President (VP), Software Engineering; Head Cybersecurity; Business Development Manager, Enterprise; Enterprise Account Manager; and Solution Architect (Infrastructure). Apply Now",Lagos State,Nigeria,unknown,,,Computer / AI / Technology / IT Services,,,,,,"Tue 11th Aug, 2026",,Software Development,https://www.hotnigerianjobs.com/hotjobs/939448/activeedge-technologies-job-recruitment-5-position.html,2026-08-30T15:20:00+00:00
23e2814dc5d244ac,hotnigerianjobs,939447,Arit of Africa Limited NYSC and Exp. Job Recruitment (3 Positions),,Arit of Africa Limited NYSC and Exp. Job Recruitment (3 Positions),,Nigeria,unknown,,,Computer / AI / Technology / IT Services,,,,,,,,,https://www.hotnigerianjobs.com/hotjobs/939447/arit-of-africa-limited-nysc-and-exp-job-recruitmen.html,2026-08-30T15:20:00+00:00
a2ded2aced762f37,hotnigerianjobs,939436,Software Engineer Instructor at APTECH Computer Education,APTECH Computer Education,"APTECH Computer Education is recruiting to fill the position of: Software Engineer Instructor. The position is located in Maryland Center, Lagos State. Interested candidates should possess a minimum of Bachelor's Degree or HND in Computer Science, Information Technology, Computer Engineering, or any related field with a minimum of 2 years of teaching or training experience or equivalent industry experience in Software Engineering, Data Science, Artificial Intelligence and Machine Learning etc. Apply Now","Maryland Center, Lagos State",Nigeria,unknown,,,Computer / AI / Technology / IT Services,,,,,,"Tue 11th Aug, 2026",,Software Development,https://www.hotnigerianjobs.com/hotjobs/939436/software-engineer-instructor-at-aptech-computer-ed.html,2026-08-30T15:20:00+00:00
97b6bd3150de3ce6,hotnigerianjobs,939457,APTECH Computer Education Job Recruitment (3 Positions),Aptech Computer Education,"Aptech Computer Education is recruiting suitable candidates to fill the following positions in Lagos State: Networking & Cyber Security Instructor, Software Engineer Instructor, Multimedia (Graphic Design & Animation) Instructor. Apply Now",Lagos State,Nigeria,unknown,,,Computer / AI / Technology / IT Services,,,,,,"Tue 11th Aug, 2026",,Software Development,https://www.hotnigerianjobs.com/hotjobs/939457/aptech-computer-education-job-recruitment-3-positi.html,2026-08-30T15:20:00+00:00
c6d846a74f8049e4,hotnigerianjobs,939405,Solution Architect (Infrastructure) at ActiveEdge Technologies,,Solution Architect (Infrastructure) at ActiveEdge Technologies,,Nigeria,unknown,,,Computer / AI / Technology / IT Services,,,,,,,,,https://www.hotnigerianjobs.com/hotjobs/939405/solution-architect-infrastructure-at-activeedge-te.html,2026-08-30T15:20:04+00:00
b11fb6d76683a596,hotnigerianjobs,939387,Multimedia (Graphic Design & Animation) Instructor at APTECH Computer Education,,Multimedia (Graphic Design & Animation) Instructor at APTECH Computer Education,,Nigeria,unknown,,,Computer / AI / Technology / IT Services,,,,,,,,,https://www.hotnigerianjobs.com/hotjobs/939387/multimedia-graphic-design-animation-instructor-at.html,2026-08-30T15:20:04+00:00
99a48d8c90c453c2,hotnigerianjobs,939442,Networking & Cyber Security Instructor at APTECH Computer Education,,Networking & Cyber Security Instructor at APTECH Computer Education,,Nigeria,unknown,,,Computer / AI / Technology / IT Services,,,,,,,,,https://www.hotnigerianjobs.com/hotjobs/939442/networking-cyber-security-instructor-at-aptech-com.html,2026-08-30T15:20:04+00:00
bd4b748932ca3b36,hotnigerianjobs,939369,"Vice President (VP), Software Engineering at ActiveEdge Technologies",,"Vice President (VP), Software Engineering at ActiveEdge Technologies",,Nigeria,unknown,,,Computer / AI / Technology / IT Services,,,,,,,,Software Development,https://www.hotnigerianjobs.com/hotjobs/939369/vice-president-vp-software-engineering-at-activeed.html,2026-08-30T15:20:04+00:00
81e0d4383297b7b2,hotnigerianjobs,939357,"Head, Cybersecurity at ActiveEdge Technologies",ActiveEdge Technologies,"ActiveEdge Technologies is recruiting to fill the position of: Head, Cybersecurity. The position is located in Lekki, Lagos State. Interested candidates should possess a Bachelor’s Degree in Computer Science, Engineering, Information Systems, or related STEM field with 10–15 years of progressive experience in IT and Cybersecurity, with at least 5–7 years in a senior or leadership role. Apply Now","Lekki, Lagos State",Nigeria,unknown,,,Computer / AI / Technology / IT Services,,,,,,"Tue 11th Aug, 2026",,Cybersecurity,https://www.hotnigerianjobs.com/hotjobs/939357/head-cybersecurity-at-activeedge-technologies.html,2026-08-30T15:20:04+00:00
3d08cc4f746e5cd4,hotnigerianjobs,939390,Enterprise Account Manager at ActiveEdge Technologies,ActiveEdge Technologies,"ActiveEdge Technologies is recruiting to fill the position of: Enterprise Account Manager. The position is located in Lekki, Lagos State. Interested candidates should possess relevant qualifications with 7–10+ years of proven experience in enterprise sales, account management, or business development within a solution-selling or technology-driven organisation. Apply Now","Lekki, Lagos State",Nigeria,unknown,,,Computer / AI / Technology / IT Services,,,,,,"Tue 11th Aug, 2026",,Other Tech,https://www.hotnigerianjobs.com/hotjobs/939390/enterprise-account-manager-at-activeedge-technolog.html,2026-08-30T15:20:04+00:00
e4bdb89bbfc570d7,hotnigerianjobs,939382,"Business Development Manager, Enterprise at ActiveEdge Technologies",,"Business Development Manager, Enterprise at ActiveEdge Technologies",,Nigeria,unknown,,,Computer / AI / Technology / IT Services,,,,,,,,Other Tech,https://www.hotnigerianjobs.com/hotjobs/939382/business-development-manager-enterprise-at-activee.html,2026-08-30T15:20:04+00:00
7bb8bd75f93cdffd,hotnigerianjobs,939331,Experienced Barista at Logisoft Solutions (2 Openings),Logisoft Solutions,"Logisoft Solutions is recruiting to fill the position of: Experienced Barista. The position is located in Lekki and Ikoyi, Lagos State. Salary: N150,000 - N200,000 monthly. Interested candidates should possess minimum of an SSCE or equivalent. Prior experience as a barista is mandatory. Preference will be given to applicants residing in Lekki and Ikoyi. Apply Now","Lekki and Ikoyi, Lagos State",Nigeria,unknown,,,Computer / AI / Technology / IT Services,,,,"N150,000 - N200,000 monthly",,"Tue 11th Aug, 2026",,,https://www.hotnigerianjobs.com/hotjobs/939331/experienced-barista-at-logisoft-solutions-2-openin.html,2026-08-30T15:20:04+00:00
9f0b0ff8956c7342,hotnigerianjobs,939257,NYSC Member - Accounting Background (Male Preferably) at Arit of Africa Limited,,NYSC Member - Accounting Background (Male Preferably) at Arit of Africa Limited,,Nigeria,unknown,,,Computer / AI / Technology / IT Services,,,,,,,,,https://www.hotnigerianjobs.com/hotjobs/939257/nysc-member-accounting-background-male-preferably.html,2026-08-30T15:20:04+00:00
16feb594cbb08461,hotnigerianjobs,938878,Digital Marketing Specialist at Uniccon Group,Uniccon Group,"Uniccon Group is recruiting to fill the position of: Digital Marketing Specialist. The position is located in Lagos State. Interested candidates should possess a Bachelor’s Degree in Marketing, Business, Computer Science, or a related field with 2 to 4 years of hands-on digital/performance marketing experience (ideally within African tech startups, fintech, or SaaS). Apply Now",Lagos State,Nigeria,unknown,,,Computer / AI / Technology / IT Services,,,,,,"Tue 11th Aug, 2026",,Other Tech,https://www.hotnigerianjobs.com/hotjobs/938878/digital-marketing-specialist-at-uniccon-group.html,2026-08-30T15:20:04+00:00
8a86921273a3328a,hotnigerianjobs,938816,Senior Full Stack Developer at Havana Group of Companies,Havana Group of Companies,"Havana Group of Companies is recruiting to fill the position of: Senior Full Stack Developer. The position is located in Enugu State. Salary: N250,000 - N400,000 per month. Interested candidates should possess a Bachelor Degree in relevant discipline with 4+ years of professional experience in full-stack software development. Apply Now",Enugu State,Nigeria,unknown,,,Computer / AI / Technology / IT Services,,,,"N250,000 - N400,000 per month",,"Tue 11th Aug, 2026",,Software Development,https://www.hotnigerianjobs.com/hotjobs/938816/senior-full-stack-developer-at-havana-group-of-com.html,2026-08-30T15:20:04+00:00
626615674f3ae903,hotnigerianjobs,938870,Test Automation Engineer - Financial Sector at Hampshire Heights Global Company Limited (HHGCL),,Test Automation Engineer - Financial Sector at Hampshire Heights Global Company Limited (HHGCL),,Nigeria,unknown,,,Computer / AI / Technology / IT Services,,,,,,,,Other Tech,https://www.hotnigerianjobs.com/hotjobs/938870/test-automation-engineer-financial-sector-at-hamps.html,2026-08-30T15:20:04+00:00
aa3e120f19ce86dd,hotnigerianjobs,938638,Marketing and Sales Executive at a Reputable IT Company,A reputable IT company,A reputable IT company is recruiting to fill the position of: Marketing and Sales Executive. Interested candidates should possess a Bachelor's Degree or HND qualification in Sales and Marketing with excellent follow-up and communication skills. Apply Now,,Nigeria,unknown,,,Computer / AI / Technology / IT Services,,,,,,"Tue 11th Aug, 2026",,,https://www.hotnigerianjobs.com/hotjobs/938638/marketing-and-sales-executive-at-a-reputable-it-co.html,2026-08-30T15:20:04+00:00
e7c87c367eefd9c3,hotnigerianjobs,938624,Accounts Officer at a Reputable IT Company,A Reputable IT Company,"A Reputable IT Company is recruiting to fill the position of: Accounts Officer. Interested candidates should possess a B.Com / BBA (Accounting / Finance) or equivalent, be ICAN qualified or currently pursuing ICAN with 2-5 years of relevant experience preferred. Apply Now",,Nigeria,unknown,,,Computer / AI / Technology / IT Services,,,,,,"Tue 11th Aug, 2026",,,https://www.hotnigerianjobs.com/hotjobs/938624/accounts-officer-at-a-reputable-it-company.html,2026-08-30T15:20:04+00:00
db1c177e2a96c415,hotnigerianjobs,938371,Assistant Finance Manager at Sproxil Nigeria Limited,Sproxil Nigeria Limited,"Sproxil Nigeria Limited is recruiting to fill the position of: Assistant Finance Manager. The position is located in Lagos State. The ideal candidate will support financial operations, budgeting, compliance, and strategic decision-making while ensuring accuracy and efficiency in financial reporting. Interested candidates should possess a B.Sc. / HND in Accounting, Finance, or related field with minimum of 6 years relevant experience with 2+ years in a supervisory role, preferably in the tech or service sector. Apply Now",Lagos State,Nigeria,unknown,,,Computer / AI / Technology / IT Services,,,,,,"Tue 11th Aug, 2026",,,https://www.hotnigerianjobs.com/hotjobs/938371/assistant-finance-manager-at-sproxil-nigeria-limit.html,2026-08-30T15:20:04+00:00
87391d48d9107c15,hotnigerianjobs,938046,Customer Service Representative (CSR) at Logisoft Solutions,Logisoft Solutions,"Logisoft Solutions is recruiting to fill the position of: Customer Service Representative (CSR). The position is located in Lekki / Ikoyi - Lagos State. Salary: N130,000 - N150,000 per month. The ideal candidate will manage customer inquiries, resolve complaints, process orders, and ensure a smooth customer experience across all communication channels. Interested candidates should possess minimum of an OND / HND / Bachelor’s Degree in a relevant field with 1–2 years of experience in customer service or call centre roles (preferred), must be living within Lekki & Ikoyi and must be available to work on weekends Apply Now",Lekki / Ikoyi - Lagos State,Nigeria,unknown,,,Computer / AI / Technology / IT Services,,,,"N130,000 - N150,000 per month",,"Mon 10th Aug, 2026",,,https://www.hotnigerianjobs.com/hotjobs/938046/customer-service-representative-csr-at-logisoft-so.html,2026-08-30T15:20:04+00:00
b7b6ecb5059f4351,hotnigerianjobs,938063,Logisoft Solutions Job Recruitment (4 Positions),Logisoft Solutions,"Logisoft Solutions is recruiting suitable candidates to fill the following positions in Lagos State: Experienced Barista, Customer Service Representative (CSR), Experienced Storekeeper, and Experienced Kitchen Assistant. Apply Now",Lagos State,Nigeria,unknown,,,Computer / AI / Technology / IT Services,,,,,,"Mon 10th Aug, 2026",,,https://www.hotnigerianjobs.com/hotjobs/938063/logisoft-solutions-job-recruitment-3-positions.html,2026-08-30T15:20:04+00:00
6c09e29be7a0539c,hotnigerianjobs,937936,Pre-sales Engineer at Soft Solutions Limited,Soft Solutions Limited,"Soft Solutions Limited is recruiting to fill the position of: Pre-sales Engineer. The position is located in Abuja (FCT). Here, you will will serve as the technical bridge between SSL, its technology partners, and customers by translating business and security requirements into practical cybersecurity solutions. Interested candidates should possess relevant qualifications. Apply Now",Abuja (FCT),Nigeria,unknown,,,Computer / AI / Technology / IT Services,,,,,,"Mon 10th Aug, 2026",,Cybersecurity,https://www.hotnigerianjobs.com/hotjobs/937936/presales-engineer-at-soft-solutions-limited.html,2026-08-30T15:20:04+00:00
2a85e9d97f50f17e,hotnigerianjobs,937951,Sales Executive (Hybrid) at Soft Solutions Limited,Soft Solutions Limited,"Soft Solutions Limited is recruiting to fill the position of: Sales Executive. The position is located in Lagos State (Hybrid). Interested candidates should possess a Bachelor's Degree / HND in Business Administration, Marketing, IT, Computer Science, or a related field with 3 – 5 years of experience in sales, business development, or IT solution sales. Apply Now",Lagos State (Hybrid),Nigeria,hybrid,,,Computer / AI / Technology / IT Services,,,,,,"Mon 10th Aug, 2026",,Other Tech,https://www.hotnigerianjobs.com/hotjobs/937951/sales-executive-hybrid-at-soft-solutions-limited.html,2026-08-30T15:20:04+00:00
d512797b7e406813,hotnigerianjobs,937897,Royal Resource Digital Services Job Recruitment (8 Positions),,Royal Resource Digital Services Job Recruitment (8 Positions),,Nigeria,unknown,,,Computer / AI / Technology / IT Services,,,,,,,,,https://www.hotnigerianjobs.com/hotjobs/937897/royal-resource-digital-services-job-recruitment-6.html,2026-08-30T15:20:04+00:00
236b60c16c81916d,hotnigerianjobs,937941,PC Place Nigeria Limited Job Recruitment (5 Positions),PC Place Nigeria Limited,"PC Place Nigeria Limited is recruiting suitably qualified candidates to fill the following positions in Lagos State: Content Creator, Front Desk Officer, B2B Sales Executive; Accountant; Business Development Executive; and Online Sales / Telesales Officer. Apply Now",Lagos State,Nigeria,unknown,,,Computer / AI / Technology / IT Services,,,,,,"Mon 10th Aug, 2026",,,https://www.hotnigerianjobs.com/hotjobs/937941/pc-place-nigeria-limited-job-recruitment-4-positio.html,2026-08-30T15:20:04+00:00
93deb51305d27ae7,hotnigerianjobs,937934,Accountant at PC Place Nigeria Limited,PC Place Nigeria Limited,"PC Place Nigeria Limited is recruiting to fill the position of: Accountant. The position is located in Lagos State. Salary: N250,000 - N300,000 per month. Interested candidates should possess a proficiency in accounting software (QuickBooks, Sage, SAP) with strong analytical and problem-solving abilities. Apply Now",Lagos State,Nigeria,unknown,,,Computer / AI / Technology / IT Services,,,,"N250,000 - N300,000 per month",,"Mon 10th Aug, 2026",,Other Tech,https://www.hotnigerianjobs.com/hotjobs/937934/accountant-at-pc-place-nigeria-limited.html,2026-08-30T15:20:04+00:00
3f8cda57dbd09c30,hotnigerianjobs,937920,Driver at Uleval Technology,Uleval Technology,"Uleval Technology is recruiting to fill the position of: Driver. The position is located in Ikeja, Lagos State. Interested candidates should possess a valid driver's license and a clean driving record are essential. Apply Now","Ikeja, Lagos State",Nigeria,unknown,,,Computer / AI / Technology / IT Services,,,,,,"Mon 10th Aug, 2026",,,https://www.hotnigerianjobs.com/hotjobs/937920/driver-at-uleval-technology.html,2026-08-30T15:20:04+00:00
f916b5904acbea55,hotnigerianjobs,937785,Brainshare Technologies & Services Nigeria Limited Trainee & Exp Job Recruitment (6 Positions),,Brainshare Technologies & Services Nigeria Limited Trainee & Exp Job Recruitment (6 Positions),,Nigeria,unknown,,,Computer / AI / Technology / IT Services,,,,,,,,,https://www.hotnigerianjobs.com/hotjobs/937785/brainshare-technologies-services-nigeria-limited-t.html,2026-08-30T15:20:04+00:00
920cf9d4634552b9,hotnigerianjobs,937745,Head of Growth at Scruples Resource Limited,Scruples Resource Limited,"Scruples Resource Limited is recruiting to fill the position of: Head of Growth. The position is located in Asese, Ogun State. Salary: N600,000 - N1,000,000 monthly. Interested candidates should possess a First Degree in Business, Marketing, Economics, or a related discipline with 7+ years of experience in B2B sales or growth leadership, with a track record of running a forecasted, quota-carrying team Apply Now","Asese, Ogun State",Nigeria,unknown,,,Computer / AI / Technology / IT Services,,,,"N600,000 - N1,000,000 monthly",,"Mon 10th Aug, 2026",,,https://www.hotnigerianjobs.com/hotjobs/937745/head-of-growth-at-scruples-resource-limited.html,2026-08-30T15:20:04+00:00
942d7d86338f61a0,hotnigerianjobs,937625,Biologist at Zinance Limited (2 Openings),Zinance Limited,"Zinance Limited is recruiting to fill the position of: Biologist. The position is located in Akute - Ogun and Lagos States. Salary: N150,000 - N200,000 monthly. Interested candidates should possess relevant qualifications and must have strong understanding of biology, chemistry, laboratory equipment and procedures. Apply Now",Akute - Ogun and Lagos States,Nigeria,unknown,,,Computer / AI / Technology / IT Services,,,,"N150,000 - N200,000 monthly",,"Mon 10th Aug, 2026",,,https://www.hotnigerianjobs.com/hotjobs/937625/biologist-at-zinance-limited-2-openings.html,2026-08-30T15:20:04+00:00
735cb52afb79f6f3,hotnigerianjobs,937514,Finance & Operations Executive at Strivo Labs,Strivo Labs,"Strivo Labs is recruiting to fill the position of: Finance & Operations Executive. The position is located in Ikeja, Lagos State. Interested candidates should possess a Bachelor’s Degree in Accounting, Finance, Economics, Business Administration, or a related field with 2 – 4 years of relevant experience in finance, accounting, reconciliation, settlement, financial operations, or business operations. Apply Now","Ikeja, Lagos State",Nigeria,unknown,,,Computer / AI / Technology / IT Services,,,,,,"Mon 10th Aug, 2026",,,https://www.hotnigerianjobs.com/hotjobs/937514/finance-operations-executive-at-strivo-labs.html,2026-08-30T15:20:04+00:00
75bbc5d8bcf37082,hotnigerianjobs,937471,HR Manager at a Leading Nigerian Technology and Business Solutions Company - The Impeccable Skills Company,,HR Manager at a Leading Nigerian Technology and Business Solutions Company - The Impeccable Skills Company,,Nigeria,unknown,,,Computer / AI / Technology / IT Services,,,,,,,,,https://www.hotnigerianjobs.com/hotjobs/937471/hr-manager-at-a-leading-nigerian-technology-and-bu.html,2026-08-30T15:20:04+00:00
a0722a70229f0920,hotnigerianjobs,937460,Sales and Marketing Director at Glaten Nova Limited,Glaten Nova Limited,"Glaten Nova Limited is recruiting to fill the position of: Sales and Marketing Director. The position is located in Surulere, Lagos State. Salary: N1,000,000 per month Interested candidates should possess a Bachelor's Degree in Marketing, Business Administration, Economics, Sales, Management or a related discipline with 8–12 years' progressive experience in sales, marketing, business development or commercial management. Including at least 5 years' experience in a senior sales, marketing or commercial leadership role. Apply Now","Surulere, Lagos State",Nigeria,unknown,,,Computer / AI / Technology / IT Services,,,,"N1,000,000 per month Interested candidates should possess a Bachelor's Degree in Marketing, Business Administration, Economics, Sales, Management or a related discipline with 8–12 years' progressive experience in sales, marketing, business development or commercial management",,"Mon 10th Aug, 2026",,,https://www.hotnigerianjobs.com/hotjobs/937460/sales-and-marketing-director-at-glaten-nova-limite.html,2026-08-30T15:20:04+00:00
e3e2221bbb9cc09a,hotnigerianjobs,937270,Academic Counsellor / Sales Officer at Campus Technologies Limited,,Academic Counsellor / Sales Officer at Campus Technologies Limited,,Nigeria,unknown,,,Computer / AI / Technology / IT Services,,,,,,,,,https://www.hotnigerianjobs.com/hotjobs/937270/academic-counsellor-sales-officer-at-campus-techno.html,2026-08-30T15:20:04+00:00
9e11d9545e70a790,hotnigerianjobs,937158,Customer Service Representative at erpSoftapp,erpSoftapp,"erpSoftapp is recruiting to fill the position of: Customer Service Representative. The position is located in Yaba, Lagos State. Salary: N150,000 - N200,000 / month. Interested candidates should possess at least a Bachelor’s / College Degree in Engineering or Social Sciences with 1 - 2 years experience successfully managing business analyst teams and working in project delivery for clients. Apply Now","Yaba, Lagos State",Nigeria,unknown,,,Computer / AI / Technology / IT Services,,,,"N150,000 - N200,000 / month",,"Fri 07th Aug, 2026",,Other Tech,https://www.hotnigerianjobs.com/hotjobs/937158/customer-service-representative-at-erpsoftapp.html,2026-08-30T15:20:04+00:00
0f19cb88f0d3fb08,hotnigerianjobs,937109,Business Development Manager (ICT) at PPC Limited,PPC Limited,"PPC Limited is recruiting to fill the position of: Business Development Manager (ICT). The position is located in Victoria Island, Lagos State. Interested candidates should possess a Bachelor’s Degree in Engineering preferably in Electrical, Electronics, Computer and other ICT related University Degree with a minimum of 7 years Business development working experience for Telecommunications / ICT sector. MBA in marketing and sales expertise is desired. Apply Now","Victoria Island, Lagos State",Nigeria,unknown,,,Computer / AI / Technology / IT Services,,,,,,"Fri 07th Aug, 2026",,Other Tech,https://www.hotnigerianjobs.com/hotjobs/937109/business-development-manager-ict-at-ppc-limited.html,2026-08-30T15:20:04+00:00
f78ff145d6759307,hotnigerianjobs,937100,IT Governance Specialist (Hybrid) at a Leading Nigerian Technology Company,,IT Governance Specialist (Hybrid) at a Leading Nigerian Technology Company,,Nigeria,hybrid,,,Computer / AI / Technology / IT Services,,,,,,,,,https://www.hotnigerianjobs.com/hotjobs/937100/it-governance-specialist-hybrid-at-a-leading-niger.html,2026-08-30T15:20:04+00:00
4367f38c437c0e79,hotnigerianjobs,937099,Accountant Advocate (Entry Level) - Remote at Ox Accounting Limited,,Accountant Advocate (Entry Level) - Remote at Ox Accounting Limited,,Nigeria,remote,Country-only,,Computer / AI / Technology / IT Services,,,,,,,,,https://www.hotnigerianjobs.com/hotjobs/937099/accountant-advocate-entry-level-remote-at-ox-accou.html,2026-08-30T15:20:04+00:00
3d83ff273b23c014,hotnigerianjobs,937050,Application / Software Developer at PPC Limited,,"PPC Limited position is located in Victoria Island, Lagos State. Interested candidates should possess a Bachelor’s Degree in Computer Science, Software Engineering, or a related field with 5 years equivalent work experience. Apply Now","Victoria Island, Lagos State",Nigeria,unknown,,,Computer / AI / Technology / IT Services,,,,,,"Fri 07th Aug, 2026",,Software Development,https://www.hotnigerianjobs.com/hotjobs/937050/application-software-developer-at-ppc-limited.html,2026-08-30T15:20:04+00:00
22b79df867d3b5da,hotnigerianjobs,936892,Nurse Practitioner at Zinance Limited (2 Openings),Zinance Limited,"Zinance Limited is recruiting to fill the position of: Nurse Practitioner. The position is located in Akute - Ogun and Lagos States. Salary: N150,000 - N200,000 monthly. Interested candidates should possess relevant qualifications, and must have the ability to exercise sound judgment and discretion. Apply Now",Akute - Ogun and Lagos States,Nigeria,unknown,,,Computer / AI / Technology / IT Services,,,,"N150,000 - N200,000 monthly",,"Fri 07th Aug, 2026",,,https://www.hotnigerianjobs.com/hotjobs/936892/nurse-practitioner-at-zinance-limited-2-openings.html,2026-08-30T15:20:04+00:00
969dbe03dd439776,hotnigerianjobs,936828,Senior Batching Plant Operator at Cemmax Nigeria Limited - Future Moves Recruitment Agency (FMR Agency),,Senior Batching Plant Operator at Cemmax Nigeria Limited - Future Moves Recruitment Agency (FMR Agency),,Nigeria,unknown,,,Computer / AI / Technology / IT Services,,,,,,,,,https://www.hotnigerianjobs.com/hotjobs/936828/senior-batching-plant-operator-at-cemmax-nigeria-l.html,2026-08-30T15:20:04+00:00
d44934bc4a62ada8,hotnigerianjobs,936822,Transnet Job Recruitment (3 Positions),,"Transnet is currently recruiting suitably qualified candidates to fill the following positions in Abuja (FCT): AWS Solution Architect, Mobile Developer (React Native and Expo), and Lawyer. Apply Now",Abuja (FCT),Nigeria,unknown,,,Computer / AI / Technology / IT Services,,,,,,"Fri 07th Aug, 2026",,Software Development,https://www.hotnigerianjobs.com/hotjobs/936822/transnet-job-recruitment-3-positions.html,2026-08-30T15:20:04+00:00
381c20bcb6273ee8,hotnigerianjobs,936776,AWS Solution Architect at Transnet,Transnet,"Transnet is recruiting to fill the position of: AWS Solution Architect. The position is located in Abuja (FCT). Interested candidates should possess a Bachelor’s Degree in Computer Science, Information Technology, or a related field and Certification such as AWS Certified DevOps Engineer (Professional) certification with 3+ years of experience working with Amazon Web Services. Apply Now",Abuja (FCT),Nigeria,unknown,,,Computer / AI / Technology / IT Services,,,,,,"Fri 07th Aug, 2026",,DevOps & Cloud,https://www.hotnigerianjobs.com/hotjobs/936776/aws-solution-architect-at-transnet.html,2026-08-30T15:20:04+00:00
2723bd6314cbbd59,hotnigerianjobs,936759,Finance Clerk at Applinet Technology,Applinet Technology,"Applinet Technology is recruiting to fill the position of: Finance Clerk. The position is located in Lagos State. Salary: N150,000 - N300,000 per month. Interested candidates should possess a Bachelor's Degree / HND with proven experience as a Finance Clerk. Apply Now",Lagos State,Nigeria,unknown,,,Computer / AI / Technology / IT Services,,,,"N150,000 - N300,000 per month",,"Fri 07th Aug, 2026",,,https://www.hotnigerianjobs.com/hotjobs/936759/finance-clerk-at-applinet-technology.html,2026-08-30T15:20:04+00:00
2fefa6e1bb4e106e,hotnigerianjobs,936754,Treasurer at Applinet Technology,Applinet Technology,"Applinet Technology is recruiting to fill the position of: Treasurer. The position is located in Lagos State. Salary: N150,000 - N300,000 per month. Interested candidates should possess a relevant qualification with proven experience as treasurer or in a relevant financial role. Apply Now",Lagos State,Nigeria,unknown,,,Computer / AI / Technology / IT Services,,,,"N150,000 - N300,000 per month",,"Fri 07th Aug, 2026",,,https://www.hotnigerianjobs.com/hotjobs/936754/treasurer-at-applinet-technology.html,2026-08-30T15:20:04+00:00
18dc0229ba460f8d,hotnigerianjobs,936703,Quality Assurance Engineer (Hybrid) at Optisoft Technology Company Limited,,Quality Assurance Engineer (Hybrid) at Optisoft Technology Company Limited,,Nigeria,hybrid,,,Computer / AI / Technology / IT Services,,,,,,,,QA & Testing,https://www.hotnigerianjobs.com/hotjobs/936703/quality-assurance-engineer-hybrid-at-optisoft-tech.html,2026-08-30T15:20:04+00:00
79ed5aaef0ee1c7c,hotnigerianjobs,936691,Data Journalist at Dataphyte,Dataphyte,"Dataphyte is recruiting to fill the position of: Data Journalist. The ideal candidate will be collecting, analysing, and interpreting data to produce accurate, engaging, and impactful reports that help audiences better understand complex issues. Apply Now",,Nigeria,unknown,,,Computer / AI / Technology / IT Services,,,,,,"Thu 06th Aug, 2026",,Other Tech,https://www.hotnigerianjobs.com/hotjobs/936691/data-journalist-at-dataphyte.html,2026-08-30T15:20:04+00:00
e6393ead23666219,hotnigerianjobs,936685,Bluechip Technologies Limited Job Recruitment (8 Positions),,"Bluechip Technologies Limited is currently recruiting suitable candidates to fill the following positions in Lagos State: Unix Engineer, Project Execution Engineer (Unix & Database), Project Manager, Customer Success Manager, Project Management Engineer , OpenShift & Kubernetes Engineer, Java & C# Software Engineer, and Quality Assurance / Software Tester. Apply Now",Lagos State,Nigeria,unknown,,,Computer / AI / Technology / IT Services,,,,,,"Thu 06th Aug, 2026",,Software Development,https://www.hotnigerianjobs.com/hotjobs/936685/bluechip-technologies-limited-job-recruitment-7-po.html,2026-08-30T15:20:04+00:00
cc3deed76a1ea3da,hotnigerianjobs,936496,Mobile Phone Technician at Mirahub Limited,Mirahub Limited,"Mirahub Limited is recruiting to fill the position of: Mobile Phone Technician. The position is located in Lagos State. Salary: N70,000 / month. Interested candidates should possess a minimum of SSCE/WAEC/NECO qualification with proven experience as a mobile phone technician or in a similar device repair role. OND, HND, or Bachelor's Degree in Electrical/Electronics Engineering, Computer Engineering, Information Technology, or a related field is an added advantage. Apply Now",Lagos State,Nigeria,unknown,,,Computer / AI / Technology / IT Services,,,,"N70,000 / month",,"Thu 06th Aug, 2026",,Other Tech,https://www.hotnigerianjobs.com/hotjobs/936496/mobile-phone-technician-at-mirahub-limited.html,2026-08-30T15:20:04+00:00
9caf715d6e72f9bf,hotnigerianjobs,936512,Mirahub Limited Job Recruitment (4 Positions),Mirahub Limited,"Mirahub Limited is recruiting suitably qualified candidates to fill the following positions in Lagos and State: Mobile Phone Technician, Recycling Officer (Spoilt Phone Panels), Phone Screens Sales Representative and Sales Supervisor Apply Now",Lagos and State,Nigeria,unknown,,,Computer / AI / Technology / IT Services,,,,,,"Thu 06th Aug, 2026",,,https://www.hotnigerianjobs.com/hotjobs/936512/mirahub-limited-job-recruitment-4-positions.html,2026-08-30T15:20:04+00:00
f80ef3ae11855b18,hotnigerianjobs,936489,Intermediate Science Teacher at Oxford Creative International Schools,,Intermediate Science Teacher at Oxford Creative International Schools,,Nigeria,unknown,,,Computer / AI / Technology / IT Services,,,,,,,,,https://www.hotnigerianjobs.com/hotjobs/936489/intermediate-science-teacher-at-oxford-creative-in.html,2026-08-30T15:20:04+00:00
63225f1191bf6316,hotnigerianjobs,936490,Biology and Intermediate Teacher at Oxford Creative International Schools,,Biology and Intermediate Teacher at Oxford Creative International Schools,,Nigeria,unknown,,,Computer / AI / Technology / IT Services,,,,,,,,,https://www.hotnigerianjobs.com/hotjobs/936490/biology-and-intermediate-teacher-at-oxford-creativ.html,2026-08-30T15:20:04+00:00
4387e98906e23526,hotnigerianjobs,936465,Quality Assurance / Software Tester (Hybrid) at Bluechip Technologies Limited,,Quality Assurance / Software Tester (Hybrid) at Bluechip Technologies Limited,,Nigeria,hybrid,,,Computer / AI / Technology / IT Services,,,,,,,,QA & Testing,https://www.hotnigerianjobs.com/hotjobs/936465/quality-assurance-software-tester-hybrid-at-bluech.html,2026-08-30T15:20:04+00:00
4ef877215a986e9e,hotnigerianjobs,936484,Security Personnel at Oxford Creative International Schools,Oxford Creative International Schools,"Oxford Creative International Schools is recruiting to fill the position of: Security Personnel. The position is located in Onitsha, Anambra State. Interested candidates should possess a Bachelor`s Degree with 2 years experience. Apply Now","Onitsha, Anambra State",Nigeria,unknown,,,Computer / AI / Technology / IT Services,,,,,,"Thu 06th Aug, 2026",,,https://www.hotnigerianjobs.com/hotjobs/936484/security-personnel-at-oxford-creative-internationa.html,2026-08-30T15:20:04+00:00
6001d7433bf1a336,hotnigerianjobs,936459,Customer Success Manager at Bluechip Technologies Limited,Bluechip Technologies Limited,"Bluechip Technologies Limited is recruiting to fill the position of: Customer Success Manager. The position is located in Lagos State. Interested candidates should possess a Bachelor’s Degree in Business, IT, Engineering, or a related discipline; Professional certifications (Customer Success, Project Management, Agile, or IT-related) are an advantage with 3–5 years of experience in Customer Success, Account Management, Consulting, or similar client-facing roles. Apply Now",Lagos State,Nigeria,unknown,,,Computer / AI / Technology / IT Services,,,,,,"Thu 06th Aug, 2026",,Other Tech,https://www.hotnigerianjobs.com/hotjobs/936459/customer-success-manager-at-bluechip-technologies.html,2026-08-30T15:20:08+00:00
ec7c61b9fb762806,hotnigerianjobs,936457,Project Manager at Bluechip Technologies Limited,Bluechip Technologies Limited,"Bluechip Technologies Limited is recruiting to fill the position of: Project Manager. The position is located in Lagos State. Interested candidates should possess a Bachelor’s Degree in Business Administration, Computer Science, IT, Economics, Statistics, or a related field; PMP, PRINCE2, or equivalent certification (required) with a minimum of 4 years experience post NYSC as an IT Project Manager. Apply Now",Lagos State,Nigeria,unknown,,,Computer / AI / Technology / IT Services,,,,,,"Thu 06th Aug, 2026",,Other Tech,https://www.hotnigerianjobs.com/hotjobs/936457/project-manager-at-bluechip-technologies-limited.html,2026-08-30T15:20:08+00:00
47160de6afcc252f,hotnigerianjobs,936449,Unix Engineer at Bluechip Technologies Limited,Bluechip Technologies Limited,"Bluechip Technologies Limited is recruiting to fill the position of: Unix Engineer. The position is located in Lagos State. Interested candidates should possess a Bachelor’s Degree in computer science, Information Technology, or a related field with a minimum of 8 years of post-NYSC experience in Unix/Linux system administration. Apply Now",Lagos State,Nigeria,unknown,,,Computer / AI / Technology / IT Services,,,,,,"Thu 06th Aug, 2026",,Other Tech,https://www.hotnigerianjobs.com/hotjobs/936449/unix-engineer-at-bluechip-technologies-limited.html,2026-08-30T15:20:08+00:00
0e7667175778c24e,hotnigerianjobs,936463,OpenShift & Kubernetes Engineer (Hybrid) at Bluechip Technologies Limited,,OpenShift & Kubernetes Engineer (Hybrid) at Bluechip Technologies Limited,,Nigeria,hybrid,,,Computer / AI / Technology / IT Services,,,,,,,,DevOps & Cloud,https://www.hotnigerianjobs.com/hotjobs/936463/openshift-kubernetes-engineer-hybrid-at-bluechip-t.html,2026-08-30T15:20:08+00:00
f701b8e9f2b88bf1,hotnigerianjobs,936461,Project Management Engineer (Hybrid) at Bluechip Technologies Limited,,Project Management Engineer (Hybrid) at Bluechip Technologies Limited,,Nigeria,hybrid,,,Computer / AI / Technology / IT Services,,,,,,,,Other Tech,https://www.hotnigerianjobs.com/hotjobs/936461/project-management-engineer-hybrid-at-bluechip-tec.html,2026-08-30T15:20:08+00:00
f95496f603a3d387,hotnigerianjobs,936453,Project Execution Engineer (Unix & Database) at Bluechip Technologies Limited,,Project Execution Engineer (Unix & Database) at Bluechip Technologies Limited,,Nigeria,unknown,,,Computer / AI / Technology / IT Services,,,,,,,,Other Tech,https://www.hotnigerianjobs.com/hotjobs/936453/project-execution-engineer-unix-database-at-bluech.html,2026-08-30T15:20:08+00:00
c3bb622266a0861d,hotnigerianjobs,936513,Technical Support Technician at TeamAce Limited,"TeamAce Limited - Our client, a reputable organization in the IT sector","TeamAce Limited - Our client, a reputable organization in the IT sector is recruiting to fill the position of: Technical Support Technician. The position is located in Shomolu, Lagos State. Salary: N120,000 - N150,000 per month. Interested candidates should possess an OND or Technical School Certificate in Electrical Engineering, Electrical Installation, or a related field. Apply Now","Shomolu, Lagos State",Nigeria,unknown,,,Computer / AI / Technology / IT Services,,,,"N120,000 - N150,000 per month",,"Thu 06th Aug, 2026",,Other Tech,https://www.hotnigerianjobs.com/hotjobs/936513/technical-support-technician-at-teamace-limited.html,2026-08-30T15:20:08+00:00
c271ecee41804579,hotnigerianjobs,936406,Tezza Business Solutions Limited Job Recruitment (14 Positions),,Tezza Business Solutions Limited Job Recruitment (14 Positions),,Nigeria,unknown,,,Computer / AI / Technology / IT Services,,,,,,,,,https://www.hotnigerianjobs.com/hotjobs/936406/tezza-business-solutions-limited-job-recruitment-1.html,2026-08-30T15:20:08+00:00
8827a1a4acef8432,hotnigerianjobs,936423,Strivo Labs Internship & Exp. Job Recruitment (3 Positions),Strivo Labs,"Strivo Labs is recruiting suitably qualified candidates to fill the following internship and experienced positions in Lagos State: Risk Manager, AI / IT Engineer Intern, and Business Development Manager. Apply Now",Lagos State,Nigeria,unknown,,,Computer / AI / Technology / IT Services,,,,,,"Thu 06th Aug, 2026",,Data & AI,https://www.hotnigerianjobs.com/hotjobs/936423/strivo-labs-internship-exp-job-recruitment-3-posit.html,2026-08-30T15:20:08+00:00
59e63bc99745f509,hotnigerianjobs,936387,Sales Executive at a Reputable IT Company,A reputable IT Company,A reputable IT Company is recruiting to fill the position of: Sales Executive. The position is located in Nigeria. Interested candidates should possess a Bachelor's Degree or HND in Sales and Marketing. An understanding of digital marketing will be an added advantage. Apply Now,Nigeria,Nigeria,unknown,,,Computer / AI / Technology / IT Services,,,,,,"Thu 06th Aug, 2026",,,https://www.hotnigerianjobs.com/hotjobs/936387/sales-executive-at-a-reputable-it-company.html,2026-08-30T15:20:08+00:00
5a758d31e0158b9f,hotnigerianjobs,936377,Account Officer at a Reputable IT Company,A reputable IT Company,A reputable IT Company is recruiting to fill the position of: Account Officer. The position is located in Nigeria. Interested candidates should possess a B.com /BBA (Account/Finance) or equivalent with ICAN qualified or currently pursuing ICAN and 2-5 years of relevant experience. Apply Now,Nigeria,Nigeria,unknown,,,Computer / AI / Technology / IT Services,,,,,,"Thu 06th Aug, 2026",,,https://www.hotnigerianjobs.com/hotjobs/936377/account-officer-at-a-reputable-it-company.html,2026-08-30T15:20:08+00:00
de92b8a931333e4f,hotnigerianjobs,936375,Recycling Officer (Spoilt Phone Panels) at Mirahub Limited - Nationwide,,Recycling Officer (Spoilt Phone Panels) at Mirahub Limited - Nationwide,,Nigeria,unknown,,,Computer / AI / Technology / IT Services,,,,,,,,,https://www.hotnigerianjobs.com/hotjobs/936375/recycling-officer-spoilt-phone-panels-at-mirahub-l.html,2026-08-30T15:20:08+00:00
77a72379576bac4c,hotnigerianjobs,936302,MEP Engineer at PPC Limited,PPC Limited,"PPC Limited is recruiting to fill the position of: MEP Engineer. The position is located in Victoria Island, Lagos State. Salary: N300,000 - N400,000 / Month. Interested candidates should possess a First Degree in a relevant Engineering course (an MSc is an added advantage) with 5 years cognate experience. Apply Now","Victoria Island, Lagos State",Nigeria,unknown,,,Computer / AI / Technology / IT Services,,,,"N300,000 - N400,000 / Month",,"Thu 06th Aug, 2026",,Other Tech,https://www.hotnigerianjobs.com/hotjobs/936302/mep-engineer-at-ppc-limited.html,2026-08-30T15:20:08+00:00
7d119f9d9afcdb0b,hotnigerianjobs,936294,Senior Network Engineer at a Fast-growing and Innovative FinTech Company - Tophire Africa,,Senior Network Engineer at a Fast-growing and Innovative FinTech Company - Tophire Africa,,Nigeria,unknown,,,Computer / AI / Technology / IT Services,,,,,,,,IT Support & Networking,https://www.hotnigerianjobs.com/hotjobs/936294/senior-network-engineer-at-a-fastgrowing-and-innov.html,2026-08-30T15:20:08+00:00
f8ceb9c05ba1f2a9,hotnigerianjobs,936145,Risk Manager at Strivo Labs,Strivo Labs,"Strivo Labs is recruiting to fill the position of: Risk Manager. The position is located in Ikeja, Lagos State. Interested candidates should possess a Bachelor’s Degree in Finance, Economics, Accounting, Business Administration, Risk Management, Mathematics, Statistics, or a related field with 5 – 8 years of progressive experience in Risk Management, Credit Risk, Enterprise Risk, Audit, or Compliance within a Fintech, Digital Lending, Banking, Financial Services, or Payment Services environment. Apply Now","Ikeja, Lagos State",Nigeria,unknown,,,Computer / AI / Technology / IT Services,,,,,,"Thu 06th Aug, 2026",,Other Tech,https://www.hotnigerianjobs.com/hotjobs/936145/risk-manager-at-strivo-labs.html,2026-08-30T15:20:08+00:00
296805ca50f8591a,hotnigerianjobs,936162,Sales & Go-to-Market (GTM) Professional at a Fast-growing AI Company - Robert Walters,,Sales & Go-to-Market (GTM) Professional at a Fast-growing AI Company - Robert Walters,,Nigeria,unknown,,,Computer / AI / Technology / IT Services,,,,,,,,Data & AI,https://www.hotnigerianjobs.com/hotjobs/936162/sales-gotomarket-gtm-professional-at-a-fastgrowing.html,2026-08-30T15:20:08+00:00
ed2648c2a2ab0738,hotnigerianjobs,935961,Customer Service Representative at Gosub Limited,Gosub Limited,"Gosub Limited is recruiting to fill the position of: Customer Service Representative at Gosub Limited. The position is located in Benin City, Edo State. Salary: N120,000 monthly. Interested candidates must possess at least a Bachelor’s Degree in a related field with a minimum of 2 years experience in a similar role, and must reside in Benin City, specifically around Sapele Road or GRA and environs. Apply Now","Benin City, Edo State",Nigeria,unknown,,,Computer / AI / Technology / IT Services,,,,"N120,000 monthly",,"Thu 06th Aug, 2026",,,https://www.hotnigerianjobs.com/hotjobs/935961/customer-service-representative-at-gosub-limited-a.html,2026-08-30T15:20:08+00:00
9f2952454309b0d0,hotnigerianjobs,935956,HR / Admin Officer (Hybrid) at Tezza Business Solutions Limited,,HR / Admin Officer (Hybrid) at Tezza Business Solutions Limited,,Nigeria,hybrid,,,Computer / AI / Technology / IT Services,,,,,,,,,https://www.hotnigerianjobs.com/hotjobs/935956/hr-admin-officer-hybrid-at-tezza-business-solution.html,2026-08-30T15:20:08+00:00
5c8ad7824a801295,hotnigerianjobs,935864,Key Account Manager (FTTH) at Layer3 - Hybrid,Layer3,"Layer3 is recruiting to fill the position of: Key Account Manager (FTTH). The position is located in Abuja (Hybrid). Interested candidates should possess a University Degree or its equivalent, preferably in Computer / Electrical / Electronics Engineering or Computer Science is required with 3 - 5 years field sales and account management professional experience with FTTH. Apply Now",Abuja (Hybrid),Nigeria,hybrid,,,Computer / AI / Technology / IT Services,,,,,,"Wed 05th Aug, 2026",,Other Tech,https://www.hotnigerianjobs.com/hotjobs/935864/key-account-manager-ftth-at-layer3-hybrid.html,2026-08-30T15:20:08+00:00
3793fc988bfc87e7,hotnigerianjobs,935776,Devops Engineer / Linux Administrator at eHealth4everyone,eHealth4everyone,eHealth4everyone is recruiting to fill the position of: Devops Engineer / Linux Administrator. The position is located in Abuja (FCT). Interested candidates should possess a Degree in Computer Science / Computer Engineering or other related areas with at least three (3) years of working experience as a DevOps Engineer. Apply Now,Abuja (FCT),Nigeria,unknown,,,Computer / AI / Technology / IT Services,,,,,,"Wed 05th Aug, 2026",,DevOps & Cloud,https://www.hotnigerianjobs.com/hotjobs/935776/devops-engineer-linux-administrator-at-ehealth4eve.html,2026-08-30T15:20:08+00:00
877ecb413e81606e,hotnigerianjobs,935769,Product Designer at eHealth4everyone,eHealth4everyone,"eHealth4everyone is recruiting to fill the position of: Product Designer. The position is located in Abuja (FCT). Interested candidates should possess a Bachelor's Degree in Design, Human-Computer Interaction, Product Design, or a related field (A postgraduate qualification is an added advantage), with a minimum of three (3) years of experience in Product Design, ideally with a deep understanding of the Tech industry and a strong portfolio of works. Apply Now",Abuja (FCT),Nigeria,unknown,,,Computer / AI / Technology / IT Services,,,,,,"Wed 05th Aug, 2026",,,https://www.hotnigerianjobs.com/hotjobs/935769/product-designer-at-ehealth4everyone.html,2026-08-30T15:20:08+00:00
c08dcdfb990c8ab0,hotnigerianjobs,935774,Workforce Management (WFM) – Real-Time Analyst (RTA) at Hugo Technologies,,Workforce Management (WFM) – Real-Time Analyst (RTA) at Hugo Technologies,,Nigeria,unknown,,,Computer / AI / Technology / IT Services,,,,,,,,,https://www.hotnigerianjobs.com/hotjobs/935774/workforce-management-wfm-realtime-analyst-rta-at-h.html,2026-08-30T15:20:08+00:00
6b2d99db27c9f5a4,hotnigerianjobs,935678,Sales Executive at Walexbiz Group,Walexbiz Group,"Walexbiz Group is recruiting to fill the position of: Sales Executive. The position is located in Asokoro, Abuja (FCT). Interested candidates should possess a Bachelor’s Degree in Business, Marketing, or a related field with 1 - 3 years working experience in sales or business development. Apply Now","Asokoro, Abuja (FCT)",Nigeria,unknown,,,Computer / AI / Technology / IT Services,,,,,,"Wed 05th Aug, 2026",,,https://www.hotnigerianjobs.com/hotjobs/935678/sales-executive-at-walexbiz-group.html,2026-08-30T15:20:08+00:00
dfa5a742ba6f5453,hotnigerianjobs,935720,Marketplace Operations & Agency Onboarding Manager (Hybrid) at Aeromart Limited - Dear HR Consulting,,Marketplace Operations & Agency Onboarding Manager (Hybrid) at Aeromart Limited - Dear HR Consulting,,Nigeria,hybrid,,,Computer / AI / Technology / IT Services,,,,,,,,,https://www.hotnigerianjobs.com/hotjobs/935720/marketplace-operations-agency-onboarding-manager-h.html,2026-08-30T15:20:08+00:00
ef091c78c4f9c8eb,hotnigerianjobs,935703,Executive Assistant (Hybrid) at Aeromart Limited - Dear HR Consulting,,Executive Assistant (Hybrid) at Aeromart Limited - Dear HR Consulting,,Nigeria,hybrid,,,Computer / AI / Technology / IT Services,,,,,,,,,https://www.hotnigerianjobs.com/hotjobs/935703/executive-assistant-hybrid-at-aeromart-limited-dea.html,2026-08-30T15:20:08+00:00
3e67eeada2193680,hotnigerianjobs,935633,Sales Representative at Adins Academy,Adins Academy,Adins Academy is recruiting to fill the position of: Sales Representative. The position is located in Kwara State. Interested candidates should possess a minimum of 3 years’ experience in a Fintech company or brokerage firm. Apply Now,Kwara State,Nigeria,unknown,,,Computer / AI / Technology / IT Services,,,,,,"Wed 05th Aug, 2026",,,https://www.hotnigerianjobs.com/hotjobs/935633/sales-representative-at-adins-academy.html,2026-08-30T15:20:08+00:00
5beda4ea16c294c2,hotnigerianjobs,935553,Civil Engineer at RTCOM Defense (formally known as R.T Communication Limited),,Civil Engineer at RTCOM Defense (formally known as R.T Communication Limited),,Nigeria,unknown,,,Computer / AI / Technology / IT Services,,,,,,,,Other Tech,https://www.hotnigerianjobs.com/hotjobs/935553/civil-engineer-at-rtcom-defense-formally-known-as.html,2026-08-30T15:20:08+00:00
1630520b845abb59,hotnigerianjobs,935420,Sales Executive (Female) at Mitiget Assurance and Technology Services Limited,,Sales Executive (Female) at Mitiget Assurance and Technology Services Limited,,Nigeria,unknown,,,Computer / AI / Technology / IT Services,,,,,,,,,https://www.hotnigerianjobs.com/hotjobs/935420/sales-executive-female-at-mitiget-assurance-and-te.html,2026-08-30T15:20:08+00:00
017ba47317d8e0f3,hotnigerianjobs,935249,CCA Teacher at Oxford Creative International Schools,Oxford Creative International Schools,"Oxford Creative International Schools is recruiting to fill the position of: CCA Teacher. The position is located in Onitsha, Anambra State. Interested candidates should possess relevant qualifications. Apply Now","Onitsha, Anambra State",Nigeria,unknown,,,Computer / AI / Technology / IT Services,,,,,,"Wed 05th Aug, 2026",,,https://www.hotnigerianjobs.com/hotjobs/935249/cca-teacher-at-oxford-creative-international-schoo.html,2026-08-30T15:20:08+00:00
720da67f0d809430,hotnigerianjobs,935263,Primary School Teacher at Oxford Creative International Schools,,Primary School Teacher at Oxford Creative International Schools,,Nigeria,unknown,,,Computer / AI / Technology / IT Services,,,,,,,,,https://www.hotnigerianjobs.com/hotjobs/935263/primary-school-teacher-at-oxford-creative-internat.html,2026-08-30T15:20:08+00:00
f037e0a4cb8cd568,hotnigerianjobs,935196,Customer Service Representative at Compovine Technologies Limited,,Customer Service Representative at Compovine Technologies Limited,,Nigeria,unknown,,,Computer / AI / Technology / IT Services,,,,,,,,,https://www.hotnigerianjobs.com/hotjobs/935196/customer-service-representative-at-compovine-techn.html,2026-08-30T15:20:08+00:00
68d16c795d76cb21,hotnigerianjobs,935173,Business Studies Teacher at Oxford Creative International Schools,,Business Studies Teacher at Oxford Creative International Schools,,Nigeria,unknown,,,Computer / AI / Technology / IT Services,,,,,,,,,https://www.hotnigerianjobs.com/hotjobs/935173/business-studies-teacher-at-oxford-creative-intern.html,2026-08-30T15:20:08+00:00
16733a17bb6145db,hotnigerianjobs,935151,Driver at Compovine Technologies Limited,Compovine Technologies Limited,"Compovine Technologies Limited is recruiting to fill the position of: Driver. The position is located in Ikeja, Lagos State. Salary: N130,000 - N150,000 monthly. Interested candidates should possess relevant qualifications and experience. Apply Now","Ikeja, Lagos State",Nigeria,unknown,,,Computer / AI / Technology / IT Services,,,,"N130,000 - N150,000 monthly",,"Wed 05th Aug, 2026",,,https://www.hotnigerianjobs.com/hotjobs/935151/driver-at-compovine-technologies-limited.html,2026-08-30T15:20:08+00:00
4848fa8beb7ceeed,hotnigerianjobs,934927,Infobip Nigeria Job Recruitment (4 Positions),,"Infobip Nigeria is currently recruiting suitably qualified candidates to fill the following positions in Lagos State: Account Manager, Partnerships Development Manager, Account Executive, and Solutions Engineer. Apply Now",Lagos State,Nigeria,unknown,,,Computer / AI / Technology / IT Services,,,,,,"Tue 04th Aug, 2026",,Other Tech,https://www.hotnigerianjobs.com/hotjobs/934927/infobip-nigeria-job-recruitment-4-openings.html,2026-08-30T15:20:08+00:00
3b8f8dbc57f99d0e,hotnigerianjobs,934838,Partnerships Development Manager (Hybrid) at Infobip Nigeria,,Partnerships Development Manager (Hybrid) at Infobip Nigeria,,Nigeria,hybrid,,,Computer / AI / Technology / IT Services,,,,,,,,,https://www.hotnigerianjobs.com/hotjobs/934838/partnerships-development-manager-hybrid-at-infobip.html,2026-08-30T15:20:08+00:00
1090048fb5997151,hotnigerianjobs,934835,Solutions Engineer (Hybrid) at Infobip Nigeria,Infobip Nigeria,Infobip Nigeria is recruiting to fill the position of: Solutions Engineer. The position is located in Lagos State (Hybrid). Interested candidates should possess relevant qualifications. Apply Now,Lagos State (Hybrid),Nigeria,hybrid,,,Computer / AI / Technology / IT Services,,,,,,"Tue 04th Aug, 2026",,Other Tech,https://www.hotnigerianjobs.com/hotjobs/934835/solutions-engineer-hybrid-at-infobip-nigeria.html,2026-08-30T15:20:08+00:00
6250fdefa12f57e3,hotnigerianjobs,934826,Logisoft Solutions Job Recruitment (3 Positions),Logisoft Solutions,"Logisoft Solutions is recruiting suitable candidates to fill the following positions in Lagos State: Experienced Storekeeper, Experienced Kitchen Assistant, and Customer Service Representative. Apply Now",Lagos State,Nigeria,unknown,,,Computer / AI / Technology / IT Services,,,,,,"Tue 04th Aug, 2026",,,https://www.hotnigerianjobs.com/hotjobs/934826/logisoft-solutions-job-recruitment-3-positions.html,2026-08-30T15:20:08+00:00
69f4994d0c7f741c,hotnigerianjobs,934831,Account Manager - Customer Growth Executive (Hybrid) at Infobip Nigeria,,Account Manager - Customer Growth Executive (Hybrid) at Infobip Nigeria,,Nigeria,hybrid,,,Computer / AI / Technology / IT Services,,,,,,,,,https://www.hotnigerianjobs.com/hotjobs/934831/account-manager-customer-growth-executive-hybrid-a.html,2026-08-30T15:20:08+00:00
5cd30fe046e4bd2f,hotnigerianjobs,934824,Account Executive (Hybrid) at Infobip Nigeria,Infobip Nigeria,Infobip Nigeria is recruiting to fill the position of: Account Executive. The position is located in Lagos State (Hybrid). Interested candidates should possess relevant qualifications. Apply Now,Lagos State (Hybrid),Nigeria,hybrid,,,Computer / AI / Technology / IT Services,,,,,,"Tue 04th Aug, 2026",,,https://www.hotnigerianjobs.com/hotjobs/934824/account-executive-hybrid-at-infobip-nigeria.html,2026-08-30T15:20:08+00:00
0b3b13a148d6d1f8,hotnigerianjobs,934862,Customer Service Representative at Gosub Limited,Gosub Limited,"Gosub Limited is recruiting to fill the position of: Customer Service Representative. The position is located in Benin City, Edo State. Salary: N120,000 monthly. As a Customer Service Representative, you will be responsible for providing excellent customer service and support to our valued customers. Interested candidate must possess at least a Bachelor’s Degree in a related field with a minimum of 2 years of experience in a similar role, and must reside in Benin City, specifically around Sapele Road or GRA and environs. Apply Now","Benin City, Edo State",Nigeria,unknown,,,Computer / AI / Technology / IT Services,,,,"N120,000 monthly",,"Tue 04th Aug, 2026",,,https://www.hotnigerianjobs.com/hotjobs/934862/customer-service-representative-at-gosub-limited.html,2026-08-30T15:20:08+00:00
feeec178f1b79f30,hotnigerianjobs,934685,Application Support Officer at Zanibal Solutions Nigeria Limited,,Application Support Officer at Zanibal Solutions Nigeria Limited,,Nigeria,unknown,,,Computer / AI / Technology / IT Services,,,,,,,,,https://www.hotnigerianjobs.com/hotjobs/934685/application-support-officer-at-zanibal-solutions-n.html,2026-08-30T15:20:08+00:00
95157a6b9049a089,hotnigerianjobs,934640,Walexbiz Group Internship & Exp. Job Recruitment (11 Positions),,Walexbiz Group Internship & Exp. Job Recruitment (11 Positions),,Nigeria,unknown,,,Computer / AI / Technology / IT Services,,,,,,,,,https://www.hotnigerianjobs.com/hotjobs/934640/walexbiz-group-internship-exp-job-recruitment-11-p.html,2026-08-30T15:20:08+00:00
1f8b30edb8266961,hotnigerianjobs,934611,Business Development Manager at Strivo Labs,Strivo Labs,"Strivo Labs is recruiting to fill the position of: Business Development Manager. The position is located in Ikeja, Lagos State. Interested candidates should possess a Bachelor’s Degree in Business Administration, Marketing, Economics, Finance, or a related discipline with a minimum of 5 years experience in Business Development, Enterprise Sales, Relationship Management, or Key Account Management. Apply Now","Ikeja, Lagos State",Nigeria,unknown,,,Computer / AI / Technology / IT Services,,,,,,"Tue 04th Aug, 2026",,Other Tech,https://www.hotnigerianjobs.com/hotjobs/934611/business-development-manager-at-strivo-labs.html,2026-08-30T15:20:08+00:00
81f2a538184c05a8,hotnigerianjobs,934615,AI / IT Engineer Intern at Strivo Labs,Strivo Labs,"Strivo Labs is recruiting to fill the position of: AI / IT Engineer Intern. The position is located in Ikeja, Lagos State. Interested candidates should be currently pursuing or recently completed a Degree in Computer Science, Information Technology, Data Science, AI/ML, or related fields with working knowledge of Python and basic scripting. Apply Now","Ikeja, Lagos State",Nigeria,unknown,,,Computer / AI / Technology / IT Services,,,,,,"Tue 04th Aug, 2026",,Data & AI,https://www.hotnigerianjobs.com/hotjobs/934615/ai-it-engineer-intern-at-strivo-labs.html,2026-08-30T15:20:08+00:00
692100c6145271f3,hotnigerianjobs,934410,Backend (PHP) Developer at eHealth4everyone,eHealth4everyone,"eHealth4everyone is recruiting to fill the position of: Backend (PHP) Developer. The position is located in Abuja (FCT). Interested candidates should possess minimum of a Bachelor’s Degree in Computer Science, Computer Programming, Computer Engineering and other related fields with a minimum of three (3) years of experience in Backend Web Development. Apply Now",Abuja (FCT),Nigeria,unknown,,,Computer / AI / Technology / IT Services,,,,,,"Tue 04th Aug, 2026",,Software Development,https://www.hotnigerianjobs.com/hotjobs/934410/backend-php-developer-at-ehealth4everyone.html,2026-08-30T15:20:08+00:00
2fc93649b8141f81,hotnigerianjobs,934407,Accountant at Walexbiz Nigeria Limited,Walexbiz Nigeria Limited,"Walexbiz Nigeria Limited is recruiting to fill the position of: Accountant. The position is located in Asokoro, Abuja (FCT). Salary: N100,000 - N150,000 / month. Interested candidates should possess a Bachelor's Degree in Accounting, Finance, or a related field; professional certification (e.g., ACA, ACCA, CPA, or ICAN) is an advantage. Apply Now","Asokoro, Abuja (FCT)",Nigeria,unknown,,,Computer / AI / Technology / IT Services,,,,"N100,000 - N150,000 / month",,"Tue 04th Aug, 2026",,,https://www.hotnigerianjobs.com/hotjobs/934407/accountant-at-walexbiz-nigeria-limited.html,2026-08-30T15:20:08+00:00
e5f5203f32b24b14,hotnigerianjobs,934194,Applinet Technology Job Recruitment (21 Positions),Applinet Technology,"Applinet Technology is recruiting suitable candidates to fill the following internship and experienced positions in Lagos and Ogun States: Stockbroker, Retail Trainer, Corporate Trainer, UI Designer, Support Specialist, Web Designer, Network Administrator, Financial Officer, Investment Banker, External Auditor, Financial Analyst, Financial Accountant, Corporate Accountant, Cost Analyst, Product Engineer, HR Administrative Assistant, Investment Banker, and External Auditor. Apply Now",Lagos and Ogun States,Nigeria,unknown,,,Computer / AI / Technology / IT Services,,,,,,"Mon 03rd Aug, 2026",,Product & Design,https://www.hotnigerianjobs.com/hotjobs/934194/applinet-technology-job-recruitment-19-positions.html,2026-08-30T15:20:08+00:00
a7c5d993599e3ae0,hotnigerianjobs,934116,Business Development Executive at eHealth4everyone,eHealth4everyone,"eHealth4everyone is recruiting to fill the position of: Business Development Executive. The position is located in Abuja (FCT). Interested candidates should possess a BSc / BA in Business Administration, Sales, or relevant fields with a minimum of seven (7) years of proven working experience as a business development manager, sales executive, or a relevant role. Apply Now",Abuja (FCT),Nigeria,unknown,,,Computer / AI / Technology / IT Services,,,,,,"Mon 03rd Aug, 2026",,,https://www.hotnigerianjobs.com/hotjobs/934116/business-development-executive-at-ehealth4everyone.html,2026-08-30T15:20:08+00:00
f0832c5f1ad5f16e,hotnigerianjobs,934059,UI / UX Designer at eHealth4everyone,eHealth4everyone,"eHealth4everyone is recruiting to fill the position of: UI/UX Designer. The position is located in Abuja (FCT). Interested candidates should possess a Bachelor's Degree in Design, Human-Computer Interaction, Product Design, or a related field with a minimum of three years of proven experience in UI/UX design, with a diverse portfolio. Apply Now",Abuja (FCT),Nigeria,unknown,,,Computer / AI / Technology / IT Services,,,,,,"Mon 03rd Aug, 2026",,Product & Design,https://www.hotnigerianjobs.com/hotjobs/934059/ui-ux-designer-at-ehealth4everyone.html,2026-08-30T15:20:08+00:00
9002c7468da7289d,hotnigerianjobs,934007,Engagement Assistant at eHealth4everyone,eHealth4everyone,"eHealth4everyone is recruiting to fill the position of: Engagement Assistant. The position is located in Abuja (FCT). Interested candidates should possess a Bachelor’s Degree in Marketing, Communications, Public Relations, Business Administration, or a related field with three (3) years of experience to support the engagement team in creating meaningful connections with stakeholders. Apply Now",Abuja (FCT),Nigeria,unknown,,,Computer / AI / Technology / IT Services,,,,,,"Mon 03rd Aug, 2026",,,https://www.hotnigerianjobs.com/hotjobs/934007/engagement-assistant-at-ehealth4everyone.html,2026-08-30T15:20:08+00:00
007ed06b6f9b5e7e,hotnigerianjobs,933616,Operations Specialist at Cavista,Cavista,"Cavista is recruiting to fill the position of: Operations Specialist. The position is located in Lagos State. Interested candidates should possess a Bachelor’s Degree in Business Administration, Management, Event Management, Hospitality Management, Marketing, Communications, or a related field with a minimum of 5 years of experience in operations management, events management, project coordination, administrative support, or a related role. Apply Now",Lagos State,Nigeria,unknown,,,Computer / AI / Technology / IT Services,,,,,,"Mon 03rd Aug, 2026",,,https://www.hotnigerianjobs.com/hotjobs/933616/instrument-paco-engineering-maintenance-services-l.html,2026-08-30T15:20:10+00:00
4464f401fbf5b09f,hotnigerianjobs,933505,Marketer at Continental Multimedia Academy Limited,Continental Multimedia Academy Limited,"Continental Multimedia Academy Limited is recruiting to fill the position of: Marketer. The position is located in Abuja (FCT). Salary: N60,000 Monthly. In this role, you will be will be responsible for promoting the company's ICT products and services, recruiting students for training programs, developing new business opportunities, maintaining customer relationships, conducting field marketing, and executing digital marketing campaigns to increase enrolment and brand visibility. Interested candidates should possess relevant qualifications; ​​​​​​​NYSC service is free to apply too. Apply Now",Abuja (FCT),Nigeria,unknown,,,Computer / AI / Technology / IT Services,,,,"N60,000 Monthly",,"Mon 03rd Aug, 2026",,Other Tech,https://www.hotnigerianjobs.com/hotjobs/933505/marketer-at-continental-multimedia-academy-limited.html,2026-08-30T15:20:10+00:00
2501ed1b19abfc1b,hotnigerianjobs,933481,Legal Officer at a Leading and Fast-Growing Fintech and Financial Services Space - Breezy Digital Solutions,,Legal Officer at a Leading and Fast-Growing Fintech and Financial Services Space - Breezy Digital Solutions,,Nigeria,unknown,,,Computer / AI / Technology / IT Services,,,,,,,,,https://www.hotnigerianjobs.com/hotjobs/933481/legal-officer-at-a-leading-and-fastgrowing-fintech.html,2026-08-30T15:20:10+00:00
93baa071995f34cf,hotnigerianjobs,933022,Experienced Kitchen Assistant at Logisoft Solutions - 2 Openings,,Experienced Kitchen Assistant at Logisoft Solutions - 2 Openings,,Nigeria,unknown,,,Computer / AI / Technology / IT Services,,,,,,,,,https://www.hotnigerianjobs.com/hotjobs/933022/experienced-kitchen-assistant-at-logisoft-solution.html,2026-08-30T15:20:10+00:00
53e6d72c452aebfb,hotnigerianjobs,932646,UAV Propulsion System Engineer at Uniccon Group,PC Planet Limited,"PC Planet Limited is recruiting to fill the position of: UAV Propulsion System Engineer. The position is located in Abuja. In this role, you will actively shape the DNA of our next-generation flight platforms. From conceptual architecture to field testing and certification, your core mission will be to answer the ultimate question: “Does this propulsion system safely, reliably, and efficiently deliver the required power across the entire mission envelope? Apply Now",Abuja,Nigeria,unknown,,,Computer / AI / Technology / IT Services,,,,,,"Thu 30th Jul, 2026",,Other Tech,https://www.hotnigerianjobs.com/hotjobs/932646/uav-propulsion-system-engineer-at-uniccon-group.html,2026-08-30T15:20:10+00:00
baa2a8195f9980f2,hotnigerianjobs,932652,Uniccon Group Job Recruitment (3 Positions),Uniccon Group,"Uniccon Group is recruiting suitable candidates to fill the following positions in Abuja: UAV Propulsion System Engineer; UAV Avionics Engineer (Autonomy, Flight Control & Vehicle Avionics); and UAV / Aircraft Design Engineer. Apply Now",Abuja,Nigeria,unknown,,,Computer / AI / Technology / IT Services,,,,,,"Thu 30th Jul, 2026",,Other Tech,https://www.hotnigerianjobs.com/hotjobs/932652/uniccon-group-job-recruitment-3-positions.html,2026-08-30T15:20:10+00:00
3f8dc3e1bcd6fd85,hotnigerianjobs,932644,"UAV Avionics Engineer (Autonomy, Flight Control & Vehicle Avionics) at Uniccon Group",,"UAV Avionics Engineer (Autonomy, Flight Control & Vehicle Avionics) at Uniccon Group",,Nigeria,unknown,,,Computer / AI / Technology / IT Services,,,,,,,,Other Tech,https://www.hotnigerianjobs.com/hotjobs/932644/uav-avionics-engineer-autonomy-flight-control-vehi.html,2026-08-30T15:20:10+00:00
0c76e53c16aa812f,hotnigerianjobs,932588,UAV / Aircraft Design Engineer at Uniccon Group,Uniccon Group,Uniccon Group is recruiting to fill the position of: UAV / Aircraft Design Engineer. The position is located in Abuja. Interested candidates should possess a Bachelor’s Degree in Aerospace or Aeronautical Engineering with at least 3 years of relevant hands-on aircraft or UAV design experience. Apply Now,Abuja,Nigeria,unknown,,,Computer / AI / Technology / IT Services,,,,,,"Thu 30th Jul, 2026",,Other Tech,https://www.hotnigerianjobs.com/hotjobs/932588/pc-planet-limited-job-recruitment-7-positions.html,2026-08-30T15:20:10+00:00
c9b1f18d235563a2,hotnigerianjobs,932540,B2B Sales Executive at PC Planet Limited,PC Planet Limited,"PC Planet Limited is recruiting to fill the position of: B2B Sales Executive. The position is located in Ikeja, Lagos State. Interested candidates should possess a Bachelor’s Degree in Business, Marketing, or related field with 3–5 years of proven experience in B2B sales or account management. Apply Now","Ikeja, Lagos State",Nigeria,unknown,,,Computer / AI / Technology / IT Services,,,,,,"Thu 30th Jul, 2026",,,https://www.hotnigerianjobs.com/hotjobs/932540/b2b-sales-executive-at-at-pc-planet-limited.html,2026-08-30T15:20:10+00:00
55993eaec5dfbbb9,hotnigerianjobs,932534,Front Desk Officer at PC Planet Limited,PC Planet Limited,"PC Planet Limited is recruiting to fill the position of: Front Desk Officer. The position is located in Ikeja, Lagos State. Interested candidates should possess a Bachelor's Degree with 1-2 years experience. Apply Now","Ikeja, Lagos State",Nigeria,unknown,,,Computer / AI / Technology / IT Services,,,,,,"Thu 30th Jul, 2026",,,https://www.hotnigerianjobs.com/hotjobs/932534/front-desk-officer-at-at-pc-planet-limited.html,2026-08-30T15:20:10+00:00
2788241efe08e960,hotnigerianjobs,932523,Accountant at PC Planet Limited,PC Planet Limited,"PC Planet Limited is recruiting to fill the position of: Accountant. The position is located in Ikeja, Lagos State. Interested candidates should possess a Bachelor’s Degree in Accounting, Finance, or related field; Professional certification (ACA, ACCA, CPA) preferred. Only females should apply. Apply Now","Ikeja, Lagos State",Nigeria,unknown,,,Computer / AI / Technology / IT Services,,,,,,"Thu 30th Jul, 2026",,,https://www.hotnigerianjobs.com/hotjobs/932523/accountant-at-at-pc-planet-limited.html,2026-08-30T15:20:10+00:00
65384c9c1221baa5,hotnigerianjobs,932517,Procurement Assistant at PC Planet Limited,PC Planet Limited,"PC Planet Limited is recruiting to fill the position of: Procurement Assistant. The position is located in Lagos State. Interested candidates should possess a Bachelor’s Degree in Business Administration, Supply Chain Management, or related field with previous experience in procurement, purchasing, or supply chain roles preferred. Apply Now",Lagos State,Nigeria,unknown,,,Computer / AI / Technology / IT Services,,,,,,"Thu 30th Jul, 2026",,,https://www.hotnigerianjobs.com/hotjobs/932517/procurement-assistant-at-at-pc-planet-limited.html,2026-08-30T15:20:10+00:00
24d71274e131cd3d,hotnigerianjobs,932508,Dispatch Rider at PC Planet Limited,PC Planet Limited,"PC Planet Limited is recruiting to fill the position of: Dispatch Rider. The position is located in Lagos State. In this role, you will pick up and deliver items to clients or company branches promptly. Apply Now",Lagos State,Nigeria,unknown,,,Computer / AI / Technology / IT Services,,,,,,"Thu 30th Jul, 2026",,,https://www.hotnigerianjobs.com/hotjobs/932508/dispatch-rider-at-at-pc-planet-limited.html,2026-08-30T15:20:10+00:00
a27fe008187eee3b,hotnigerianjobs,932504,Online Sales / Telesales Officer at PC Planet Limited,PC Planet Limited,"PC Planet Limited is recruiting to fill the position of: Online Sales / Telesales Officer. The position is located in Ikeja, Lagos State. In this role, you will respond to customer inquiries via email, chat, social media, or phone. Apply Now","Ikeja, Lagos State",Nigeria,unknown,,,Computer / AI / Technology / IT Services,,,,,,"Thu 30th Jul, 2026",,,https://www.hotnigerianjobs.com/hotjobs/932504/online-sales-telesales-officer-at-at-pc-planet-lim.html,2026-08-30T15:20:10+00:00
6a4dcf633f6ead0b,hotnigerianjobs,932503,Growth Sales Executive at PC Planet Limited,PC Planet Limited,"PC Planet Limited is recruiting to fill the position of: Growth Sales Executive. The position is located in Ikeja, Lagos State. Interested candidates should possess a Bachelor’s Degree in Business, Marketing, or related field (preferred) with proven experience in online sales, digital marketing, or e-commerce. Apply Now","Ikeja, Lagos State",Nigeria,unknown,,,Computer / AI / Technology / IT Services,,,,,,"Thu 30th Jul, 2026",,,https://www.hotnigerianjobs.com/hotjobs/932503/growth-sales-executive-at-at-pc-planet-limited.html,2026-08-30T15:20:10+00:00
f1d4bb31f5fc4820,hotnigerianjobs,932470,Brainshare Technologies & Services Nigeria Limited Trainee & Exp Job Recruitment (4 Positions),,Brainshare Technologies & Services Nigeria Limited Trainee & Exp Job Recruitment (4 Positions),,Nigeria,unknown,,,Computer / AI / Technology / IT Services,,,,,,,,,https://www.hotnigerianjobs.com/hotjobs/932470/brainshare-technologies-services-nigeria-limited-t.html,2026-08-30T15:20:10+00:00
4ad82e7175a00282,hotnigerianjobs,932452,10Alytics Internship & Exp. Job Recruitment (10 Positions),,"10Alytics is currently recruiting suitably qualified candidates to fill the following internship and experienced positions: Social Media Intern, Social Media Manager, Employability Associate, Affiliate Marketing Manager, Growth Associate, Data Associate, Customer Support Associate, Customer Sales Associate, Technical Data Associate, and Senior Data Associate. Apply Now",,Nigeria,unknown,,,Computer / AI / Technology / IT Services,,,,,,"Thu 30th Jul, 2026",,Other Tech,https://www.hotnigerianjobs.com/hotjobs/932452/10alytics-internship-exp-job-recruitment-10-positi.html,2026-08-30T15:20:10+00:00
f037726addcafa3e,hotnigerianjobs,932376,Senior Data Associate (Remote) at 10Alytics,10Alytics,10Alytics is recruiting to fill the position of: Senior Data Associate. This is a Remote role. Interested candidates should possess a relevant qualification with 2-3 years work experience. Apply Now,,Nigeria,remote,Country-only,,Computer / AI / Technology / IT Services,,,,,,"Thu 30th Jul, 2026",,Other Tech,https://www.hotnigerianjobs.com/hotjobs/932376/senior-data-associate-remote-at-10alytics.html,2026-08-30T15:20:10+00:00
e80cbeca3d5fc77b,hotnigerianjobs,932355,Social Media Intern (Remote) at 10Alytics,10Alytics,10Alytics is recruiting to fill the position of: Social Media Intern. This is a Remote position. Interested candidates should possess a relevant qualification with 0 -1 year experience. Apply Now,,Nigeria,remote,Country-only,,Computer / AI / Technology / IT Services,,,,,,"Thu 30th Jul, 2026",,,https://www.hotnigerianjobs.com/hotjobs/932355/social-media-intern-remote-at-10alytics.html,2026-08-30T15:20:10+00:00
754ba11b40f3d2db,hotnigerianjobs,932357,Data Associate (Remote) at 10Alytics,10Alytics,10Alytics is recruiting to fill the position of: Data Associate. This is a Remote job. Interested candidates should possess a relevant qualification with 2-3 years work experience. Apply Now,,Nigeria,remote,Country-only,,Computer / AI / Technology / IT Services,,,,,,"Thu 30th Jul, 2026",,Other Tech,https://www.hotnigerianjobs.com/hotjobs/932357/data-associate-remote-at-10alytics.html,2026-08-30T15:20:10+00:00
15a341c208df3f91,hotnigerianjobs,932348,Growth Associate (Remote) at 10Alytics,10Alytics,10Alytics is recruiting to fill the position of: Growth Associate. This is a Remote position. Interested candidates should possess a relevant qualification with 2 - 3 years experience. Apply Now,,Nigeria,remote,Country-only,,Computer / AI / Technology / IT Services,,,,,,"Thu 30th Jul, 2026",,,https://www.hotnigerianjobs.com/hotjobs/932348/growth-associate-remote-at-10alytics.html,2026-08-30T15:20:10+00:00
0eda1504845114b9,hotnigerianjobs,932392,PC Place Nigeria Limited Job Recruitment (7 Positions),PC Place Nigeria Limited,"PC Place Nigeria Limited is recruiting suitably qualified candidates to fill the following positions in Lagos State: Front Desk Officer, B2B Sales Executive; Accountant, Dispatch Rider; Growth Sales Executive; Business Development Executive; Procurement Assistant; and Online Sales / Telesales Officer. Apply Now",Lagos State,Nigeria,unknown,,,Computer / AI / Technology / IT Services,,,,,,"Thu 30th Jul, 2026",,,https://www.hotnigerianjobs.com/hotjobs/932392/pc-place-nigeria-limited-job-recruitment-7-positio.html,2026-08-30T15:20:10+00:00
f772004674cbd08a,hotnigerianjobs,932371,Technical Data Associate (Remote) at 10Alytics,10Alytics,10Alytics is recruiting to fill the position of: Technical Data Associate. This is a Remote role. Interested candidates should possess a relevant qualification with 2-3 years work experience. Apply Now,,Nigeria,remote,Country-only,,Computer / AI / Technology / IT Services,,,,,,"Thu 30th Jul, 2026",,Other Tech,https://www.hotnigerianjobs.com/hotjobs/932371/technical-data-associate-remote-at-10alytics.html,2026-08-30T15:20:10+00:00
e745c4cc584efd3a,hotnigerianjobs,932370,Customer Support Associate (Remote) at 10Alytics,10Alytics,10Alytics is recruiting to fill the position of: Customer Support Associate. This is a Remote role. Interested candidates should possess a relevant qualification with 2-3 years work experience. Apply Now,,Nigeria,remote,Country-only,,Computer / AI / Technology / IT Services,,,,,,"Thu 30th Jul, 2026",,,https://www.hotnigerianjobs.com/hotjobs/932370/customer-support-associate-remote-at-10alytics.html,2026-08-30T15:20:10+00:00
190595d33dd17f41,hotnigerianjobs,932354,B2B Sales Executive at PC Place Nigeria Limited,PC Place Nigeria Limited,"PC Place Nigeria Limited is recruiting to fill the position of: B2B Sales Executive. The position is located in Ikeja, Lagos State. Salary: N250,000 - N500,000 per month. Interested candidates should possess a Bachelor’s Degree in Business, Marketing, or related field with 3–5 years of proven experience in B2B sales or account management; Only females should apply. Apply Now","Ikeja, Lagos State",Nigeria,unknown,,,Computer / AI / Technology / IT Services,,,,"N250,000 - N500,000 per month",,"Thu 30th Jul, 2026",,,https://www.hotnigerianjobs.com/hotjobs/932354/b2b-sales-executive-at-pc-place-nigeria-limited.html,2026-08-30T15:20:10+00:00
b41d2e43e91b22de,hotnigerianjobs,932351,Customer Sales Associate (Remote) at 10Alytics,10Alytics,10Alytics is recruiting to fill the position of: Customer Sales Associate. This is a Remote position. Interested candidates should possess a relevant qualification with 3 - 4 years experience. Apply Now,,Nigeria,remote,Country-only,,Computer / AI / Technology / IT Services,,,,,,"Thu 30th Jul, 2026",,,https://www.hotnigerianjobs.com/hotjobs/932351/customer-sales-associate-remote-at-10alytics.html,2026-08-30T15:20:10+00:00
0bda32d66c1c66ff,hotnigerianjobs,932343,Affiliate Marketing Manager (Remote) at 10Alytics,10Alytics,10Alytics is recruiting to fill the position of: Affiliate Marketing Manager. This is a Remote position. Interested candidates should possess a relevant qualification with 3 - 4 years experience. Apply Now,,Nigeria,remote,Country-only,,Computer / AI / Technology / IT Services,,,,,,"Thu 30th Jul, 2026",,,https://www.hotnigerianjobs.com/hotjobs/932343/affiliate-marketing-manager-remote-at-10alytics.html,2026-08-30T15:20:10+00:00
83c0e6e37c220b75,hotnigerianjobs,932342,Employability Associate (Remote) at 10Alytics,10Alytics,10Alytics is recruiting to fill the position of: Employability Associate. This is a Remote position. Interested candidates should possess a relevant qualification with 3 - 4 years experience. Apply Now,,Nigeria,remote,Country-only,,Computer / AI / Technology / IT Services,,,,,,"Thu 30th Jul, 2026",,,https://www.hotnigerianjobs.com/hotjobs/932342/employability-associate-remote-at-10alytics.html,2026-08-30T15:20:10+00:00
8fc4f4165814241f,hotnigerianjobs,932341,Social Media Manager (Remote) at 10Alytics,10Alytics,10Alytics is recruiting to fill the position of: Social Media Manager. This is a Remote position. Interested candidates should possess a relevant qualification with 3 - 4 years experience. Apply Now,,Nigeria,remote,Country-only,,Computer / AI / Technology / IT Services,,,,,,"Thu 30th Jul, 2026",,,https://www.hotnigerianjobs.com/hotjobs/932341/social-media-manager-remote-at-10alytics.html,2026-08-30T15:20:10+00:00
325890c713962047,hotnigerianjobs,932235,Senior Store Officer at JMG Limited,JMG Limited,"JMG Limited is recruiting to fill the position of: Senior Store Officer. The position is located in Gbagada, Lagos State. Interested candidates should possess a B.Sc Degree in Business Administration, Accounting or equivalent with 7 - 8 years of proven working experience as a Warehouse / Store Supervisor in a large organization. Apply Now","Gbagada, Lagos State",Nigeria,unknown,,,Computer / AI / Technology / IT Services,,,,,,"Thu 30th Jul, 2026",,,https://www.hotnigerianjobs.com/hotjobs/932235/senior-store-officer-at-jmg-limited.html,2026-08-30T15:20:10+00:00
aae260813a04a01d,hotnigerianjobs,931953,Software Engineer at Qore - Appzone Limited,"Qore, a subsidiary of Appzone Limited,","Qore, a subsidiary of Appzone Limited, is recruiting to fill the position of Software Engineer. The position is located in Lagos State. Interested candidates should possess a BSc in Computer Science or a related field, with 3+ years of experience in software development or a related field, and a strong understanding of C#, .NET Framework, SQL databases; and knowledge of web-based technologies such as HTML, CSS, and JavaScript will be a plus. Apply Now",Lagos State,Nigeria,unknown,,,Computer / AI / Technology / IT Services,,,,,,"Wed 29th Jul, 2026",,Software Development,https://www.hotnigerianjobs.com/hotjobs/931953/environmental-health-social-ehs-officer-at-ashipa.html,2026-08-30T15:20:10+00:00
8d5dcb02ae8801c6,hotnigerianjobs,932050,Full Stack Software Engineer at Qore - Appzone Limited,"Qore, a subsidiary of Appzone Limited,","Qore, a subsidiary of Appzone Limited, is recruiting to fill the position of Full Stack Software Engineer at Qore. The position is located in Lagos State. Interested candidates should possess a BSc in Computer Science, Computer Engineering, Electrical & Electronics Engineering, or a related field of study from an accredited higher institution, with 4+ years’ related work experience in software engineering, preferably within the Fintech, Banking and/or financial services sector. Apply Now",Lagos State,Nigeria,unknown,,,Computer / AI / Technology / IT Services,,,,,,"Wed 29th Jul, 2026",,Software Development,https://www.hotnigerianjobs.com/hotjobs/932050/full-stack-software-engineer-at-qore-appzone-limit.html,2026-08-30T15:20:10+00:00
492186f1fed9dd3e,hotnigerianjobs,931975,"Analyst, Ancillary Product Implementation at Qore - Appzone Limited",,"Analyst, Ancillary Product Implementation at Qore - Appzone Limited",,Nigeria,unknown,,,Computer / AI / Technology / IT Services,,,,,,,,,https://www.hotnigerianjobs.com/hotjobs/931975/analyst-ancillary-product-implementation-at-qore.html,2026-08-30T15:20:10+00:00
a23dbc3f352221fa,hotnigerianjobs,931945,"Senior Engineering Specialist, Application Administration (DevOps/SRE) at Qore - Appzone Limited",,"Senior Engineering Specialist, Application Administration (DevOps/SRE) at Qore - Appzone Limited",,Nigeria,unknown,,,Computer / AI / Technology / IT Services,,,,,,,,DevOps & Cloud,https://www.hotnigerianjobs.com/hotjobs/931945/senior-engineering-specialist-application-administ.html,2026-08-30T15:20:10+00:00
bdd6044da9924191,hotnigerianjobs,931992,Fraud and Risk Specialist at Netzence Sustainability Limited,,Fraud and Risk Specialist at Netzence Sustainability Limited,,Nigeria,unknown,,,Computer / AI / Technology / IT Services,,,,,,,,,https://www.hotnigerianjobs.com/hotjobs/931992/fraud-and-risk-specialist-at-netzence-sustainabili.html,2026-08-30T15:20:10+00:00
34e61b47bd4e76e8,hotnigerianjobs,931984,"Senior Engineering Specialist, Database Administration at Qore - Appzone Limited",,"Senior Engineering Specialist, Database Administration at Qore - Appzone Limited",,Nigeria,unknown,,,Computer / AI / Technology / IT Services,,,,,,,,Other Tech,https://www.hotnigerianjobs.com/hotjobs/931984/senior-engineering-specialist-database-administrat.html,2026-08-30T15:20:10+00:00
f3a3272d787c05a5,hotnigerianjobs,931911,Relationship Manager at Qore - Appzone Limited,"Qore, a subsidiary of Appzone Limited","Qore, a subsidiary of Appzone Limited is recruiting to fill the position of Relationship Manager. The position is located in Lagos State. Interested candidates should possess a BSc in Accounting/Accountancy or a similar numerate discipline and will be preferred with 2+ years of experience in a B2B Relationship Management, Customer Support, Customer Success, Customer Relations, Customer Experience, Customer Operations, Technical Support, or Product Support role. Apply Now",Lagos State,Nigeria,unknown,,,Computer / AI / Technology / IT Services,,,,,,"Wed 29th Jul, 2026",,Other Tech,https://www.hotnigerianjobs.com/hotjobs/931911/relationship-manager-at-qore.html,2026-08-30T15:20:10+00:00
8c4876c011c69b2c,hotnigerianjobs,931717,Partnership & Business Development Associate (Remote) at WarbleLive,,Partnership & Business Development Associate (Remote) at WarbleLive,,Nigeria,remote,Country-only,,Computer / AI / Technology / IT Services,,,,,,,,,https://www.hotnigerianjobs.com/hotjobs/931717/partnership-business-development-associate-at-warb.html,2026-08-30T15:20:10+00:00
9bb82c1e9f963a0d,hotnigerianjobs,931532,ERP Specialist - Dynamics 365 at Equinix Nigeria,Equinix Nigeria,"Equinix Nigeria is recruiting to fill the position of: ERP Specialist - Dynamics 365. The position is located in Victoria Island, Lagos State. Interested candidates should possess a Bachelor's Degree in Computer Science or Computer Engineering with proven years of experience. Apply Now","Victoria Island, Lagos State",Nigeria,unknown,,,Computer / AI / Technology / IT Services,,,,,,"Wed 29th Jul, 2026",,Other Tech,https://www.hotnigerianjobs.com/hotjobs/931532/erp-specialist-dynamics-365-at-equinix-nigeria.html,2026-08-30T15:20:10+00:00
e42b3f013fc514af,hotnigerianjobs,931503,Sales Lead – Enterprise Sales at a Reputable Financial Technology Company - TeamAce Limited,,Sales Lead – Enterprise Sales at a Reputable Financial Technology Company - TeamAce Limited,,Nigeria,unknown,,,Computer / AI / Technology / IT Services,,,,,,,,Other Tech,https://www.hotnigerianjobs.com/hotjobs/931503/sales-lead-enterprise-sales-at-a-reputable-financi.html,2026-08-30T15:20:10+00:00
dc86cb35f0a41cef,hotnigerianjobs,931471,Marketing Communications Officer at Qore - Appzone Limited,"Qore, a subsidiary of Appzone Limited","Qore, a subsidiary of Appzone Limited is recruiting to fill the position of: Marketing Communications Officer. The position is located in Lagos State. Interested candidates should possess a BSc in Marketing, Mass Communication, Public Relations, Journalism, Communications, Business Administration, or a related field with 2+ years of experience in marketing communications, corporate communications, brand management, public relations, or content marketing. Apply Now",Lagos State,Nigeria,unknown,,,Computer / AI / Technology / IT Services,,,,,,"Wed 29th Jul, 2026",,,https://www.hotnigerianjobs.com/hotjobs/931471/marketing-communications-officer-at-qore-appzone-l.html,2026-08-30T15:20:10+00:00
7cd4dc6e75dc80a7,hotnigerianjobs,931460,"Manager, Merchant Services Business at Qore - Appzone Limited",,"Manager, Merchant Services Business at Qore - Appzone Limited",,Nigeria,unknown,,,Computer / AI / Technology / IT Services,,,,,,,,,https://www.hotnigerianjobs.com/hotjobs/931460/manager-merchant-services-business-at-qore-appzone.html,2026-08-30T15:20:10+00:00
97c4b03e2a2e385d,hotnigerianjobs,931387,Graduate Trainee (Technical Support Engineer) at a Reputable IT Company - TeamAce Limited,,Graduate Trainee (Technical Support Engineer) at a Reputable IT Company - TeamAce Limited,,Nigeria,unknown,,,Computer / AI / Technology / IT Services,,,,,,,,Other Tech,https://www.hotnigerianjobs.com/hotjobs/931387/graduate-trainee-technical-support-engineer-at-tea.html,2026-08-30T15:20:10+00:00
d2458928dddecd85,hotnigerianjobs,931384,Technical Support Technician at an IT Company - TeamAce Limited,,Technical Support Technician at an IT Company - TeamAce Limited,,Nigeria,unknown,,,Computer / AI / Technology / IT Services,,,,,,,,Other Tech,https://www.hotnigerianjobs.com/hotjobs/931384/technical-support-technician-at-an-it-company-team.html,2026-08-30T15:20:10+00:00
aa3a1c2f17b26413,hotnigerianjobs,931348,Social Media Manager / Content Creator at CodelabProjects,CodelabProjects,"CodelabProjects is recruiting to fill the position of: Social Media Manager / Content Creator. The position is located in Sabon-Lugbe, Abuja (FCT). Salary: N190,000 / month. Interested candidates should possess a Bachelor's Degree in Marketing, Mass Communication, Media Studies, Computer Science, Engineering, Information Technology, or a related discipline with minimum of 2 years' experience in social media marketing, content creation, digital marketing, or media production. A degree in an Engineering-related discipline is an added advantage. Apply Now","Sabon-Lugbe, Abuja (FCT)",Nigeria,unknown,,,Computer / AI / Technology / IT Services,,,,"N190,000 / month",,"Wed 29th Jul, 2026",,Other Tech,https://www.hotnigerianjobs.com/hotjobs/931348/social-media-manager-content-creator-at-codelabpro.html,2026-08-30T15:20:10+00:00
3503411b2017aba4,hotnigerianjobs,931248,Google Cloud Data Engineer at Artech 2000 Nigeria Limited,Artech 2000 Nigeria Limited,Artech 2000 Nigeria Limited is recruiting to fill the position of: Google Cloud Data Engineer. The position is located in Lagos State. Interested candidates should possess relevant qualifications with experience working in Agile/Scrum environments. Apply Now,Lagos State,Nigeria,unknown,,,Computer / AI / Technology / IT Services,,,,,,"Tue 28th Jul, 2026",,Data & AI,https://www.hotnigerianjobs.com/hotjobs/931248/google-cloud-data-engineer-at-artech-2000-nigeria.html,2026-08-30T15:20:10+00:00
34bd45aaf44cc125,hotnigerianjobs,931216,Content Creator at MyBizPush Solutions Limited,MyBizPush Solutions Limited,"MyBizPush Solutions Limited is recruiting to fill the position of: Content Creator. The position is located in Abuja. Interested candidates should possess high confidence on camera, strong pulse on current social media trends, and basic video/media editing skills. Apply Now",Abuja,Nigeria,unknown,,,Computer / AI / Technology / IT Services,,,,,,"Tue 28th Jul, 2026",,,https://www.hotnigerianjobs.com/hotjobs/931216/content-creator-at-mybizpush-solutions-limited.html,2026-08-30T15:20:10+00:00
796a7d169c6d3419,hotnigerianjobs,931215,Receptionist at MyBizPush Solutions Limited,MyBizPush Solutions Limited,"MyBizPush Solutions Limited is recruiting to fill the position of: Receptionist. The position is located in Abuja. Interested candidates should possess excellent verbal and written communication skills, exceptional organizational abilities, and a professional, welcoming demeanor. Apply Now",Abuja,Nigeria,unknown,,,Computer / AI / Technology / IT Services,,,,,,"Tue 28th Jul, 2026",,,https://www.hotnigerianjobs.com/hotjobs/931215/receptionist-at-mybizpush-solutions-limited.html,2026-08-30T15:20:10+00:00
47874389a60e0a73,hotnigerianjobs,931261,MyBizPush Solutions Limited Job Recruitment (3 Positions),MyBizPush Solutions Limited,MyBizPush Solutions Limited is recruiting suitable candidates to fill the following positions in Abuja: Content Creator; Receptionist; and Photographer. Apply Now,Abuja,Nigeria,unknown,,,Computer / AI / Technology / IT Services,,,,,,"Tue 28th Jul, 2026",,,https://www.hotnigerianjobs.com/hotjobs/931261/mybizpush-solutions-limited-job-recruitment-3-posi.html,2026-08-30T15:20:10+00:00
f226d37c50fc6d9e,hotnigerianjobs,931189,Hampshire Heights Global Company Limited (HHGCL) Job Recruitment (18 Positions),,Hampshire Heights Global Company Limited (HHGCL) Job Recruitment (18 Positions),,Nigeria,unknown,,,Computer / AI / Technology / IT Services,,,,,,,,,https://www.hotnigerianjobs.com/hotjobs/931189/hampshire-heights-global-company-limited-hhgcl-job.html,2026-08-30T15:20:10+00:00
cb5ba30c51a9eb98,hotnigerianjobs,931214,Photographer at MyBizPush Solutions Limited,MyBizPush Solutions Limited,"MyBizPush Solutions Limited is recruiting to fill the position of: Photographer. The position is located in Abuja. Interested candidates should possess strong eye for composition, lighting, and visual storytelling; experience with photo and video editing software is an added advantage. Apply Now",Abuja,Nigeria,unknown,,,Computer / AI / Technology / IT Services,,,,,,"Tue 28th Jul, 2026",,Other Tech,https://www.hotnigerianjobs.com/hotjobs/931214/photographer-at-mybizpush-solutions-limited.html,2026-08-30T15:20:13+00:00
05bf0c118e6cd4f0,hotnigerianjobs,931167,Strategic Account Executive - Enterprise Sales (Hybrid) at RedCloud Technology,,Strategic Account Executive - Enterprise Sales (Hybrid) at RedCloud Technology,,Nigeria,hybrid,,,Computer / AI / Technology / IT Services,,,,,,,,Other Tech,https://www.hotnigerianjobs.com/hotjobs/931167/strategic-account-executive-enterprise-sales-hybri.html,2026-08-30T15:20:13+00:00
13e0b337fd0015b0,hotnigerianjobs,931069,.NET Developer at Hampshire Heights Global Company Limited (HHGCL),,.NET Developer at Hampshire Heights Global Company Limited (HHGCL),,Nigeria,unknown,,,Computer / AI / Technology / IT Services,,,,,,,,Software Development,https://www.hotnigerianjobs.com/hotjobs/931069/net-developer-at-hampshire-heights-global-company.html,2026-08-30T15:20:13+00:00
1d331b32be44509e,hotnigerianjobs,931057,DevOps Engineer at Hampshire Heights Global Company Limited (HHGCL),,DevOps Engineer at Hampshire Heights Global Company Limited (HHGCL),,Nigeria,unknown,,,Computer / AI / Technology / IT Services,,,,,,,,DevOps & Cloud,https://www.hotnigerianjobs.com/hotjobs/931057/devops-engineer-at-hampshire-heights-global-compan.html,2026-08-30T15:20:13+00:00
c4948e56448203ee,hotnigerianjobs,931047,React Web Developer at Hampshire Heights Global Company Limited (HHGCL),,React Web Developer at Hampshire Heights Global Company Limited (HHGCL),,Nigeria,unknown,,,Computer / AI / Technology / IT Services,,,,,,,,Software Development,https://www.hotnigerianjobs.com/hotjobs/931047/react-web-developer-at-hampshire-heights-global-co.html,2026-08-30T15:20:13+00:00
52825bab89c95cb8,hotnigerianjobs,931045,Frontend Developer at Hampshire Heights Global Company Limited (HHGCL),,Frontend Developer at Hampshire Heights Global Company Limited (HHGCL),,Nigeria,unknown,,,Computer / AI / Technology / IT Services,,,,,,,,Software Development,https://www.hotnigerianjobs.com/hotjobs/931045/frontend-developer-at-hampshire-heights-global-com.html,2026-08-30T15:20:13+00:00
76698fd87e7e0410,hotnigerianjobs,931091,Content / Social Media Executive at Apex Network Limited,Apex Network Limited,"Apex Network Limited is recruiting to fill the position of: Content / Social Media Executive. This is a Hybrid role in Lagos State. Interested candidates should possess a Bachelor's Degree in Marketing, Communications, or a related field with 3+ years of experience in social media management or content creation and reside in Lagos, Nigeria (non-negotiable). Apply Now",,Nigeria,hybrid,,,Computer / AI / Technology / IT Services,,,,,,"Tue 28th Jul, 2026",,,https://www.hotnigerianjobs.com/hotjobs/931091/content-social-media-executive-at-apex-network-lim.html,2026-08-30T15:20:13+00:00
f7f215e15863fadc,hotnigerianjobs,931038,Data Analyst at Hampshire Heights Global Company Limited (HHGCL),,Data Analyst at Hampshire Heights Global Company Limited (HHGCL),,Nigeria,unknown,,,Computer / AI / Technology / IT Services,,,,,,,,Data & AI,https://www.hotnigerianjobs.com/hotjobs/931038/data-analyst-at-hampshire-heights-global-company-l.html,2026-08-30T15:20:13+00:00
e479c33628936192,hotnigerianjobs,931036,Data Architect at Hampshire Heights Global Company Limited (HHGCL),,Data Architect at Hampshire Heights Global Company Limited (HHGCL),,Nigeria,unknown,,,Computer / AI / Technology / IT Services,,,,,,,,Other Tech,https://www.hotnigerianjobs.com/hotjobs/931036/data-architect-at-hampshire-heights-global-company.html,2026-08-30T15:20:13+00:00
3f047c2d9b30881c,hotnigerianjobs,931035,Solution Enterprise Engineer at Hampshire Heights Global Company Limited (HHGCL),,Solution Enterprise Engineer at Hampshire Heights Global Company Limited (HHGCL),,Nigeria,unknown,,,Computer / AI / Technology / IT Services,,,,,,,,Other Tech,https://www.hotnigerianjobs.com/hotjobs/931035/solution-enterprise-engineer-at-hampshire-heights.html,2026-08-30T15:20:13+00:00
0d01174418cab6f9,hotnigerianjobs,931060,iOS Developer at Hampshire Heights Global Company Limited (HHGCL),,iOS Developer at Hampshire Heights Global Company Limited (HHGCL),,Nigeria,unknown,,,Computer / AI / Technology / IT Services,,,,,,,,Software Development,https://www.hotnigerianjobs.com/hotjobs/931060/ios-developer-at-hampshire-heights-global-company.html,2026-08-30T15:20:13+00:00
9711ecb78c0167fc,hotnigerianjobs,931054,Penetration Tester at Hampshire Heights Global Company Limited (HHGCL),,Penetration Tester at Hampshire Heights Global Company Limited (HHGCL),,Nigeria,unknown,,,Computer / AI / Technology / IT Services,,,,,,,,Cybersecurity,https://www.hotnigerianjobs.com/hotjobs/931054/penetration-tester-at-hampshire-heights-global-com.html,2026-08-30T15:20:13+00:00
ba021f13114ea9e2,hotnigerianjobs,931052,Android Developer at Hampshire Heights Global Company Limited (HHGCL),,Android Developer at Hampshire Heights Global Company Limited (HHGCL),,Nigeria,unknown,,,Computer / AI / Technology / IT Services,,,,,,,,Software Development,https://www.hotnigerianjobs.com/hotjobs/931052/android-developer-at-hampshire-heights-global-comp.html,2026-08-30T15:20:13+00:00
02fcb838e583689c,hotnigerianjobs,931050,React Native Developer at Hampshire Heights Global Company Limited (HHGCL),,React Native Developer at Hampshire Heights Global Company Limited (HHGCL),,Nigeria,unknown,,,Computer / AI / Technology / IT Services,,,,,,,,Software Development,https://www.hotnigerianjobs.com/hotjobs/931050/react-native-developer-at-hampshire-heights-global.html,2026-08-30T15:20:13+00:00
8507ef9b4c7f10e8,hotnigerianjobs,931043,Backend Developer at Hampshire Heights Global Company Limited (HHGCL),,Backend Developer at Hampshire Heights Global Company Limited (HHGCL),,Nigeria,unknown,,,Computer / AI / Technology / IT Services,,,,,,,,Software Development,https://www.hotnigerianjobs.com/hotjobs/931043/backend-developer-at-hampshire-heights-global-comp.html,2026-08-30T15:20:13+00:00
51d6e8e5a861e2d6,hotnigerianjobs,931041,Node.js Developer at Hampshire Heights Global Company Limited (HHGCL),,Node.js Developer at Hampshire Heights Global Company Limited (HHGCL),,Nigeria,unknown,,,Computer / AI / Technology / IT Services,,,,,,,,Software Development,https://www.hotnigerianjobs.com/hotjobs/931041/nodejs-developer-at-hampshire-heights-global-compa.html,2026-08-30T15:20:13+00:00
88271eba7bbccb54,hotnigerianjobs,931040,Data Engineer at Hampshire Heights Global Company Limited (HHGCL),,Data Engineer at Hampshire Heights Global Company Limited (HHGCL),,Nigeria,unknown,,,Computer / AI / Technology / IT Services,,,,,,,,Data & AI,https://www.hotnigerianjobs.com/hotjobs/931040/data-engineer-at-hampshire-heights-global-company.html,2026-08-30T15:20:13+00:00
ecef42307d617be3,hotnigerianjobs,931033,Solution Architect at Hampshire Heights Global Company Limited (HHGCL),,Solution Architect at Hampshire Heights Global Company Limited (HHGCL),,Nigeria,unknown,,,Computer / AI / Technology / IT Services,,,,,,,,,https://www.hotnigerianjobs.com/hotjobs/931033/solution-architect-at-hampshire-heights-global-com.html,2026-08-30T15:20:13+00:00
ef797fc6783b5047,hotnigerianjobs,931024,Mobile Developer at Hampshire Heights Global Company Limited (HHGCL),,Mobile Developer at Hampshire Heights Global Company Limited (HHGCL),,Nigeria,unknown,,,Computer / AI / Technology / IT Services,,,,,,,,Software Development,https://www.hotnigerianjobs.com/hotjobs/931024/mobile-developer-at-hampshire-heights-global-compa.html,2026-08-30T15:20:13+00:00
7aebf79e8a81b9db,hotnigerianjobs,931023,Scrum Master at Hampshire Heights Global Company Limited (HHGCL),,Scrum Master at Hampshire Heights Global Company Limited (HHGCL),,Nigeria,unknown,,,Computer / AI / Technology / IT Services,,,,,,,,Other Tech,https://www.hotnigerianjobs.com/hotjobs/931023/scrum-master-at-hampshire-heights-global-company-l.html,2026-08-30T15:20:13+00:00
61e6c9af8fe847cb,hotnigerianjobs,931022,Site Reliability Engineer (SRE) at Hampshire Heights Global Company Limited (HHGCL),,Site Reliability Engineer (SRE) at Hampshire Heights Global Company Limited (HHGCL),,Nigeria,unknown,,,Computer / AI / Technology / IT Services,,,,,,,,DevOps & Cloud,https://www.hotnigerianjobs.com/hotjobs/931022/site-reliability-engineer-sre-at-hampshire-heights.html,2026-08-30T15:20:13+00:00
d5c20b6260537df6,hotnigerianjobs,930993,Afritutor International Job Recruitment (4 Positions),Afritutor International,"Afritutor International is recruiting suitably qualified candidates to fill the following positions in Rivers: Tutor, Video Editing & Content Creation; Tutor, Robotics & AI Tools; Tutor, Graphics Design & Animation; and Tutor, Coding & Web Development. Apply Now",Rivers,Nigeria,unknown,,,Computer / AI / Technology / IT Services,,,,,,"Tue 28th Jul, 2026",,Data & AI,https://www.hotnigerianjobs.com/hotjobs/930993/afritutor-international-job-recruitment-4-position.html,2026-08-30T15:20:13+00:00
72e0a3bc496363a3,hotnigerianjobs,930956,"Tutor, Coding & Web Development at Afritutor International",Afritutor International,"Afritutor International is recruiting to fill the position of: Tutor, Coding & Web Development. The position is located in Port Harcourt, Rivers State. Interested candidates should possess relevant teaching experience as an advantage, excellent communication skills with passion for teaching children and must reside in Port Harcourt. Apply Now","Port Harcourt, Rivers State",Nigeria,unknown,,,Computer / AI / Technology / IT Services,,,,,,"Tue 28th Jul, 2026",,,https://www.hotnigerianjobs.com/hotjobs/930956/tutorcoding-web-development-at-afritutor-internati.html,2026-08-30T15:20:13+00:00
e4354b2e269ed521,hotnigerianjobs,930962,"Tutor, Video Editing & Content Creation at Afritutor International",,"Tutor, Video Editing & Content Creation at Afritutor International",,Nigeria,unknown,,,Computer / AI / Technology / IT Services,,,,,,,,,https://www.hotnigerianjobs.com/hotjobs/930962/tutorvideo-editing-content-creation-at-afritutor-i.html,2026-08-30T15:20:13+00:00
70188dd39d0bc000,hotnigerianjobs,930961,"Tutor, Robotics & AI Tools at Afritutor International",Afritutor International,"Afritutor International is recruiting to fill the position of: Tutor, Robotics & AI Tools. The position is located in Port Harcourt, Rivers State. Interested candidates should possess relevant teaching experience is an advantage, excellent communication skills with passion for teaching children and must reside in Port Harcourt. Apply Now","Port Harcourt, Rivers State",Nigeria,unknown,,,Computer / AI / Technology / IT Services,,,,,,"Tue 28th Jul, 2026",,Data & AI,https://www.hotnigerianjobs.com/hotjobs/930961/tutorrobotics-ai-tools-at-afritutor-international.html,2026-08-30T15:20:13+00:00
693c7db0c527b81f,hotnigerianjobs,930960,"Tutor, Graphics Design & Animation at Afritutor International",,"Tutor, Graphics Design & Animation at Afritutor International",,Nigeria,unknown,,,Computer / AI / Technology / IT Services,,,,,,,,,https://www.hotnigerianjobs.com/hotjobs/930960/tutorgraphics-design-animation-at-afritutor-intern.html,2026-08-30T15:20:13+00:00
1cd5cdc7bec6cfc8,hotnigerianjobs,930941,Head of Real Estate at Strivo Labs,Strivo Labs,"Strivo Labs is recruiting to fill the position of: Head of Real Estate. The position is located in Lagos State. Interested candidates should possess a Bachelor’s Degree in Engineering, Architecture, Quantity Surveying, Construction Management, or a related discipline with 10–15 years of experience delivering complex real estate or construction projects. Apply Now",Lagos State,Nigeria,unknown,,,Computer / AI / Technology / IT Services,,,,,,"Tue 28th Jul, 2026",,Other Tech,https://www.hotnigerianjobs.com/hotjobs/930941/head-of-real-estate-at-strivo-labs.html,2026-08-30T15:20:13+00:00
36c97741d1f7389e,hotnigerianjobs,930900,Security Personnel at Oxford Creative International Schools,Oxford Creative International Schools,"Oxford Creative International Schools is recruiting to fill the position of: Security Personnel. The position is located in Onitsha, Anambra State. Interested candidates should possess relevant qualifications. Apply Now","Onitsha, Anambra State",Nigeria,unknown,,,Computer / AI / Technology / IT Services,,,,,,"Tue 28th Jul, 2026",,,https://www.hotnigerianjobs.com/hotjobs/930900/security-personnel-at-oxford-creative-internationa.html,2026-08-30T15:20:13+00:00
eb6128d2a5dee93b,hotnigerianjobs,930858,Graphic Designer at Ifix - Dhibe Business Solutions,"Dhibe Business Solutions - Our client, Ifix","Dhibe Business Solutions - Our client, Ifix is recruiting to fill the position of: Graphic Designer. The position is located in Ijebu-Ode, Ogun State. Interested candidates should possess a relevant qualification with relevant experience in the position applied for as an added advantage. Apply Now","Ijebu-Ode, Ogun State",Nigeria,unknown,,,Computer / AI / Technology / IT Services,,,,,,"Tue 28th Jul, 2026",,,https://www.hotnigerianjobs.com/hotjobs/930858/graphic-designer-at-a-reputable-computer-digital-s.html,2026-08-30T15:20:13+00:00
fc2a5d79f8047168,hotnigerianjobs,930826,"Video Editing Instructor, HiiT Online Training at HiiT Plc",HiiT Plc,"HiiT Plc is recruiting to fill the position of: Video Editing Instructor, HiiT Online Training. The position is located in Lagos State. In this role, you will be responsible for teaching Video Editing techniques to students. Interested candidates should possess a First Degree in any field from an approved Tertiary Institution. Apply Now",Lagos State,Nigeria,unknown,,,Computer / AI / Technology / IT Services,,,,,,"Tue 28th Jul, 2026",,,https://www.hotnigerianjobs.com/hotjobs/930826/video-editing-instructor-hiit-online-training-at-h.html,2026-08-30T15:20:13+00:00
ab0b8031f96ce6a9,hotnigerianjobs,930851,Intern Technical Analyst at erpSoftapp,erpSoftapp,"erpSoftapp is recruiting to fill the position of: Intern Technical Analyst. The position is located in Yaba, Lagos State. Salary: N60,000 - N80,000 per month. Interested candidates should possess a Bachelor's Degree in Engineering or Computer Science with 0 - 1 year of work experience, and must be a fresh graduate waiting to get called up for the NYSC program. Apply Now","Yaba, Lagos State",Nigeria,unknown,,,Computer / AI / Technology / IT Services,,,,"N60,000 - N80,000 per month",,"Tue 28th Jul, 2026",,Other Tech,https://www.hotnigerianjobs.com/hotjobs/930851/intern-technical-analyst-at-erpsoftapp.html,2026-08-30T15:20:13+00:00
fcda5d231c78027f,hotnigerianjobs,930709,DevOps Engineer at Teknowledge,Teknowledge,"Teknowledge is recruiting to fill the position of: DevOps Engineer. The position is located in Victoria Island, Lagos State. Interested candidates should possess a Bachelor's Degree or equivalent Degree in Computer Science or another related field with knowledge of Linux OS, SQL, PL SQL, Scripting, and Container. Apply Now","Victoria Island, Lagos State",Nigeria,unknown,,,Computer / AI / Technology / IT Services,,,,,,"Tue 28th Jul, 2026",,DevOps & Cloud,https://www.hotnigerianjobs.com/hotjobs/930709/devops-engineer-at-teknowledge.html,2026-08-30T15:20:13+00:00
da6ac22b425f16c6,hotnigerianjobs,930698,Bluechip Technologies Limited Job Recruitment (3 Positions),,"Bluechip Technologies Limited is currently recruiting suitable candidates to fill the following positions in Lagos State: Human Resources Officer, Senior Data Engineer and Compliance & Risk Officer. Apply Now",Lagos State,Nigeria,unknown,,,Computer / AI / Technology / IT Services,,,,,,"Tue 28th Jul, 2026",,Data & AI,https://www.hotnigerianjobs.com/hotjobs/930698/bluechip-technologies-limited-job-recruitment-3-po.html,2026-08-30T15:20:13+00:00
4c0aeb621e0d0c29,hotnigerianjobs,930697,Solution Area Specialist - AI Workforce at Microsoft Nigeria,,Solution Area Specialist - AI Workforce at Microsoft Nigeria,,Nigeria,unknown,,,Computer / AI / Technology / IT Services,,,,,,,,Data & AI,https://www.hotnigerianjobs.com/hotjobs/930697/solution-area-specialist-ai-workforce-at-microsoft.html,2026-08-30T15:20:13+00:00
87264d42b936b2dd,hotnigerianjobs,930713,Human Resources Business Partner at Strivo Labs,Strivo Labs,"Strivo Labs is recruiting to fill the position of: Human Resources Business Partner. The position is located in Lagos State. Salary: N400,000 - N500,000 per month. Interested candidates should possess a Bachelor’s Degree or HND, with 4–5 years of progressive HR experience, ideally with strong HRBP exposure, and Solid experience in performance management, employee relations, and workforce analytics. Apply Now",Lagos State,Nigeria,unknown,,,Computer / AI / Technology / IT Services,,,,"N400,000 - N500,000 per month",,"Tue 28th Jul, 2026",,,https://www.hotnigerianjobs.com/hotjobs/930713/human-resources-business-partner-at-strivo-labs.html,2026-08-30T15:20:13+00:00
3b22784873953e26,hotnigerianjobs,930712,AI Enabled Quality Engineer at TeKnowledge,TeKnowledge,"TeKnowledge is recruiting to fill the position of: AI Enabled Quality Engineer. The position is located in Victoria Island, Lagos State. Interested candidates should possess relevant qualifications with a minimum of 2 years proven experience in a similar Quality Engineering or Software Testing role. Apply Now","Victoria Island, Lagos State",Nigeria,unknown,,,Computer / AI / Technology / IT Services,,,,,,"Tue 28th Jul, 2026",,Data & AI,https://www.hotnigerianjobs.com/hotjobs/930712/ai-enabled-quality-engineer-at-teknowledge.html,2026-08-30T15:20:13+00:00
ce9d6a023d80ae78,hotnigerianjobs,930692,"Solutions Architect, SSA at Amazon Web Services Nigeria Limited",,"Solutions Architect, SSA at Amazon Web Services Nigeria Limited",,Nigeria,unknown,,,Computer / AI / Technology / IT Services,,,,,,,,Other Tech,https://www.hotnigerianjobs.com/hotjobs/930692/solutions-architect-ssa-at-amazon-web-services-nig.html,2026-08-30T15:20:13+00:00
aeadbe9d225cfea7,hotnigerianjobs,930684,Customer Success Analyst (Analytics Solutions) at NielsenIQ - Hybrid,,Customer Success Analyst (Analytics Solutions) at NielsenIQ - Hybrid,,Nigeria,hybrid,,,Computer / AI / Technology / IT Services,,,,,,,,,https://www.hotnigerianjobs.com/hotjobs/930684/customer-success-analyst-analytics-solutions-at-ni.html,2026-08-30T15:20:13+00:00
ca4b3525d3c2dac1,hotnigerianjobs,930681,Compliance & Risk Officer at Bluechip Technologies Limited,Bluechip Technologies Limited,"Bluechip Technologies Limited is recruiting to fill the position of: Compliance & Risk Officer. The position is located in Lagos State. Interested candidates should possess a Bachelor’s Degree in Computer Science, Information Technology, Cybersecurity, or a related discipline with 2–5 years’ relevant experience in Compliance, Risk Management, Internal Control, IT Audit, Information Security, Governance, or related functions. Apply Now",Lagos State,Nigeria,unknown,,,Computer / AI / Technology / IT Services,,,,,,"Tue 28th Jul, 2026",,Cybersecurity,https://www.hotnigerianjobs.com/hotjobs/930681/compliance-risk-officer-at-bluechip-technologies-l.html,2026-08-30T15:20:13+00:00
1c4ef08ef4d845bb,hotnigerianjobs,930597,"Head of Financial Operations, Treasury & Tax Compliance at UR9 Group",,"Head of Financial Operations, Treasury & Tax Compliance at UR9 Group",,Nigeria,unknown,,,Computer / AI / Technology / IT Services,,,,,,,,,https://www.hotnigerianjobs.com/hotjobs/930597/head-of-financial-operations-treasury-tax-complian.html,2026-08-30T15:20:13+00:00
f9bd39ef7454029e,hotnigerianjobs,930603,"Enterprise Sales, Strategic Accounts & Revenue Growth Manager at UR9 Group",,"Enterprise Sales, Strategic Accounts & Revenue Growth Manager at UR9 Group",,Nigeria,unknown,,,Computer / AI / Technology / IT Services,,,,,,,,Other Tech,https://www.hotnigerianjobs.com/hotjobs/930603/enterprise-sales-strategic-accounts-revenue-growth.html,2026-08-30T15:20:13+00:00
7c0ea1a5f5b576c0,hotnigerianjobs,929630,ICT Support Staff at a Technology Company - TalentForge Solutions Limited,,ICT Support Staff at a Technology Company - TalentForge Solutions Limited,,Nigeria,unknown,,,Computer / AI / Technology / IT Services,,,,,,,,Other Tech,https://www.hotnigerianjobs.com/hotjobs/929630/ict-support-staff-at-talentforge-solutions-limited.html,2026-08-30T15:20:13+00:00
9997d7e64edb1ce0,hotnigerianjobs,930503,Applinet Technology Job Recruitment (17 Positions),Applinet Technology,"Applinet Technology is recruiting suitable candidates to fill the following internship and experienced positions in Lagos and Ogun States: Financial Officer, Investment Banker, External Auditor, Financial Analyst, Financial Accountant, Corporate Accountant, Cost Analyst, Product Engineer, Investment Banker, External Auditor, HR Consultant, HR Administrative Assistant, Network Administrator and Sales Analyst . Apply Now",Lagos and Ogun States,Nigeria,unknown,,,Computer / AI / Technology / IT Services,,,,,,"Mon 27th Jul, 2026",,Other Tech,https://www.hotnigerianjobs.com/hotjobs/930503/applinet-technology-job-recruitment-14-positions.html,2026-08-30T15:20:13+00:00
7df8c31ac60ff7a0,hotnigerianjobs,930395,Velvot Nigeria Limited Job Recruitment (4 Positions),Velvot Nigeria Limited,"Velvot Nigeria Limited is recruiting suitably qualified candidates to fill the following positions in Lagos State: Treasury Officer, Junior Accountant, Sales Executive (EnrolWeb Services), and Sales Representative. Apply Now",Lagos State,Nigeria,unknown,,,Computer / AI / Technology / IT Services,,,,,,"Mon 27th Jul, 2026",,,https://www.hotnigerianjobs.com/hotjobs/930395/velvot-nigeria-limited-job-recruitment-4-positions.html,2026-08-30T15:20:13+00:00
ea36fabbc2b301fb,hotnigerianjobs,930266,Treasury Officer at Velvot Nigeria Limited,Velvot Nigeria Limited,"Velvot Nigeria Limited is recruiting to fill the position of: Treasury Officer. The position is located in Surulere, Lagos State. Interested candidates should possess a B.Sc. or HND in Finance, Accounting, Economics, or related fields with a minimum of 2 years of proven experience in a dedicated treasury role. Apply Now","Surulere, Lagos State",Nigeria,unknown,,,Computer / AI / Technology / IT Services,,,,,,"Mon 27th Jul, 2026",,,https://www.hotnigerianjobs.com/hotjobs/930266/treasury-officer-at-velvot-nigeria-limited.html,2026-08-30T15:20:13+00:00
3f699e4d723655d9,hotnigerianjobs,930215,GIS Developer (Demo’s and Professional Services) at Sambus Geospatial Limited,,GIS Developer (Demo’s and Professional Services) at Sambus Geospatial Limited,,Nigeria,unknown,,,Computer / AI / Technology / IT Services,,,,,,,,Software Development,https://www.hotnigerianjobs.com/hotjobs/930215/gis-developer-demos-and-professional-services-at-s.html,2026-08-30T15:20:13+00:00
eb4d72a736efaa53,hotnigerianjobs,930156,Tezza Business Solutions Limited Job Recruitment (9 Positions),,Tezza Business Solutions Limited Job Recruitment (9 Positions),,Nigeria,unknown,,,Computer / AI / Technology / IT Services,,,,,,,,,https://www.hotnigerianjobs.com/hotjobs/930156/tezza-business-solutions-limited-job-recruitment-9.html,2026-08-30T15:20:13+00:00
262bddb699905ad1,hotnigerianjobs,930157,Equinix Nigeria Job Recruitment (4 Positions),Equinix Nigeria,"Equinix Nigeria is recruiting suitably qualified candidates to fill the following positions in Lagos State: ERP Specialist - Dynamics 365, 2Africa Managed Service Lead, Senior Associate, Access Network Planning and Managed Service NOC Engineer. Apply Now",Lagos State,Nigeria,unknown,,,Computer / AI / Technology / IT Services,,,,,,"Mon 27th Jul, 2026",,Other Tech,https://www.hotnigerianjobs.com/hotjobs/930157/equinix-nigeria-job-recruitment-3-positions.html,2026-08-30T15:20:13+00:00
fa6ed54eb40e41ba,hotnigerianjobs,930147,Scrum Master at Tezza Business Solutions Limited,Tezza Business Solutions Limited,"Tezza Business Solutions Limited is recruiting to fill the position of: Scrum Master. The position is located in Lagos State. Interested candidates should possess a Bachelor’s Degree in Computer Science, Information Technology, Business Administration, or related field with 3+ years of experience as a Scrum Master or Agile Project Manager in a technology-driven environment. Apply Now",Lagos State,Nigeria,unknown,,,Computer / AI / Technology / IT Services,,,,,,"Mon 27th Jul, 2026",,Other Tech,https://www.hotnigerianjobs.com/hotjobs/930147/scrum-master-at-tezza-business-solutions-limited.html,2026-08-30T15:20:13+00:00
9cfdbc52f43edc15,hotnigerianjobs,930146,AI Engineer (Remote) at Tezza Business Solutions Limited,Tezza Business Solutions Limited - Our client,"Tezza Business Solutions Limited - Our client is recruiting to fill the position of: AI Engineer. This is a Remote position. Interested candidates should possess a Bachelor’s or Master’s Degree in Computer Science, Engineering, Mathematics, or Statistics. Apply Now",,Nigeria,remote,Country-only,,Computer / AI / Technology / IT Services,,,,,,"Mon 27th Jul, 2026",,Data & AI,https://www.hotnigerianjobs.com/hotjobs/930146/ai-engineer-remote-at-tezza-business-solutions-lim.html,2026-08-30T15:20:13+00:00
b88c1c8c68d0b717,hotnigerianjobs,930264,Junior Accountant at Velvot Nigeria Limited,Velvot Nigeria Limited,"Velvot Nigeria Limited is recruiting to fill the position of: Junior Accountant. The position is located in Surulere, Lagos State. Interested candidates should possess a B.Sc. or HND in Accounting, Finance, or a related discipline with a minimum 3 years of progressive accounting experience, preferably in tech. ICAN partly qualified (Skills or Professional level required). Apply Now","Surulere, Lagos State",Nigeria,unknown,,,Computer / AI / Technology / IT Services,,,,,,"Mon 27th Jul, 2026",,,https://www.hotnigerianjobs.com/hotjobs/930264/junior-accountant-at-velvot-nigeria-limited.html,2026-08-30T15:20:16+00:00
f244b68eed4a6ff1,hotnigerianjobs,930145,ERP Integration Technical Specialist at Tezza Business Solutions Limited,,ERP Integration Technical Specialist at Tezza Business Solutions Limited,,Nigeria,unknown,,,Computer / AI / Technology / IT Services,,,,,,,,Other Tech,https://www.hotnigerianjobs.com/hotjobs/930145/erp-integration-technical-specialist-at-tezza-busi.html,2026-08-30T15:20:16+00:00
33b43bfcff0925ab,hotnigerianjobs,930138,Backend Developer (Node.js / Java) at Tezza Business Solutions Limited,,Backend Developer (Node.js / Java) at Tezza Business Solutions Limited,,Nigeria,unknown,,,Computer / AI / Technology / IT Services,,,,,,,,Software Development,https://www.hotnigerianjobs.com/hotjobs/930138/backend-developer-nodejs-java-at-tezza-business-so.html,2026-08-30T15:20:16+00:00
6bf3326bdab75ab8,hotnigerianjobs,930136,Mid-Level NetSuite Developer (Remote) at Tezza Business Solutions Limited,,Mid-Level NetSuite Developer (Remote) at Tezza Business Solutions Limited,,Nigeria,remote,Country-only,,Computer / AI / Technology / IT Services,,,,,,,,Software Development,https://www.hotnigerianjobs.com/hotjobs/930136/midlevel-netsuite-developer-at-tezza-business-solu.html,2026-08-30T15:20:16+00:00
e655ad7deb0c7b0e,hotnigerianjobs,930212,Sales Lead at Sambus Geospatial Limited,Sambus Geospatial Limited,"Sambus Geospatial Limited is recruiting to fill the position of: Sales Lead. The position is located in Victoria Island, Lagos State. Salary: N350,000 - N400,000 per month. Interested candidates should possess a Degree in Geography, Geoinformation Sciences, Geomatic Engineering with 6-8 years’ experience in a similar role. Apply Now","Victoria Island, Lagos State",Nigeria,unknown,,,Computer / AI / Technology / IT Services,,,,"N350,000 - N400,000 per month",,"Mon 27th Jul, 2026",,Other Tech,https://www.hotnigerianjobs.com/hotjobs/930212/sales-lead-at-sambus-geospatial-limited.html,2026-08-30T15:20:16+00:00
0164356a7c68e66a,hotnigerianjobs,930191,Country Sales Lead (Cybersecurity Solutions) at Foresight Innovative Solutions,,Country Sales Lead (Cybersecurity Solutions) at Foresight Innovative Solutions,,Nigeria,unknown,,,Computer / AI / Technology / IT Services,,,,,,,,Cybersecurity,https://www.hotnigerianjobs.com/hotjobs/930191/country-sales-lead-cybersecurity-solutions-at-fore.html,2026-08-30T15:20:16+00:00
42719697565bb4cb,hotnigerianjobs,930150,Frontend Developer (AngularJS) - Remote at Tezza Business Solutions Limited,,Frontend Developer (AngularJS) - Remote at Tezza Business Solutions Limited,,Nigeria,remote,Country-only,,Computer / AI / Technology / IT Services,,,,,,,,Software Development,https://www.hotnigerianjobs.com/hotjobs/930150/frontend-developer-angularjs-remote-at-tezza-busin.html,2026-08-30T15:20:16+00:00
f1e81bdbe3ad87cf,hotnigerianjobs,930141,Frontend Developer (Angular / React) at Tezza Business Solutions Limited,,Frontend Developer (Angular / React) at Tezza Business Solutions Limited,,Nigeria,unknown,,,Computer / AI / Technology / IT Services,,,,,,,,Software Development,https://www.hotnigerianjobs.com/hotjobs/930141/frontend-developer-angular-react-at-tezza-business.html,2026-08-30T15:20:16+00:00
234ae43020082e28,hotnigerianjobs,930140,Mid-Level Full Stack Developer (React + Node.js) - Remote at Tezza Business Solutions Limited,,Mid-Level Full Stack Developer (React + Node.js) - Remote at Tezza Business Solutions Limited,,Nigeria,remote,Country-only,,Computer / AI / Technology / IT Services,,,,,,,,Software Development,https://www.hotnigerianjobs.com/hotjobs/930140/midlevel-full-stack-developer-react-nodejs-remote.html,2026-08-30T15:20:16+00:00
6519d3610939c3db,hotnigerianjobs,930025,Marketing Operations Lead at Signal Alliance Technology Holding,,Marketing Operations Lead at Signal Alliance Technology Holding,,Nigeria,unknown,,,Computer / AI / Technology / IT Services,,,,,,,,,https://www.hotnigerianjobs.com/hotjobs/930025/marketing-operations-lead-at-signal-alliance-techn.html,2026-08-30T15:20:16+00:00
439fcd0af475a583,hotnigerianjobs,929969,Front Desk Officer at PC Place Nigeria Limited,PC Place Nigeria Limited,"PC Place Nigeria Limited is recruiting to fill the position of: Front Desk Officer. The position is located in Ikeja, Lagos State. Salary: N100,000 per month. Interested candidates should possess a Bachelor's Degree with 1-2 years experience. Apply Now","Ikeja, Lagos State",Nigeria,unknown,,,Computer / AI / Technology / IT Services,,,,"N100,000 per month",,"Mon 27th Jul, 2026",,,https://www.hotnigerianjobs.com/hotjobs/929969/front-desk-officer-at-pc-place-nigeria-limited.html,2026-08-30T15:20:16+00:00
c4625a38f908112a,hotnigerianjobs,929947,Managed Services NOC Supervisor at Equinix Nigeria,Equinix Nigeria,"Equinix Nigeria is recruiting to fill the position of: Managed Services NOC Supervisor. The position is located in Lekki, Lagos State. Interested candidates should possess a BSc or HND in Engineering with 8+ years of relevant experience. Apply Now","Lekki, Lagos State",Nigeria,unknown,,,Computer / AI / Technology / IT Services,,,,,,"Mon 27th Jul, 2026",,Other Tech,https://www.hotnigerianjobs.com/hotjobs/929947/managed-services-noc-supervisor-at-equinix-nigeria.html,2026-08-30T15:20:16+00:00
9600d6350952365a,hotnigerianjobs,929943,2Africa Managed Service Lead at Equinix Nigeria,Equinix Nigeria,"Equinix Nigeria is recruiting to fill the position of: 2Africa Managed Service Lead. The position is located in Port Harcourt, Rivers State. Interested candidates should possess a Bachelor’s Degree or equivalent in Electrical / Electronics and Telecommunication Engineering with at least 12 years post NYSC work experience with Transmission Networks, 4 years related experience in Facility Management. Apply Now","Port Harcourt, Rivers State",Nigeria,unknown,,,Computer / AI / Technology / IT Services,,,,,,"Mon 27th Jul, 2026",,Other Tech,https://www.hotnigerianjobs.com/hotjobs/929943/2africa-managed-service-lead-at-equinix-nigeria.html,2026-08-30T15:20:16+00:00
cf9ee5d360cdd957,hotnigerianjobs,929710,"Senior Associate, Access Network Planning (Hybrid) at Equinix Nigeria",,"Senior Associate, Access Network Planning (Hybrid) at Equinix Nigeria",,Nigeria,hybrid,,,Computer / AI / Technology / IT Services,,,,,,,,,https://www.hotnigerianjobs.com/hotjobs/929710/senior-associate-access-network-planning-hybrid-at.html,2026-08-30T15:20:16+00:00
6fc231a4c9419ba5,hotnigerianjobs,929637,Admin Officer at a Technology Company - TalentForge Solutions Limited,,Admin Officer at a Technology Company - TalentForge Solutions Limited,,Nigeria,unknown,,,Computer / AI / Technology / IT Services,,,,,,,,,https://www.hotnigerianjobs.com/hotjobs/929637/admin-officer-at-talentforge-solutions-limited.html,2026-08-30T15:20:16+00:00
8d7a4caa11b10438,hotnigerianjobs,929521,Country Sales Lead - Cybersecurity Solutions at Foresight Innovative Solutions,,Country Sales Lead - Cybersecurity Solutions at Foresight Innovative Solutions,,Nigeria,unknown,,,Computer / AI / Technology / IT Services,,,,,,,,Cybersecurity,https://www.hotnigerianjobs.com/hotjobs/929521/country-sales-lead-cybersecurity-solutions-at-fore.html,2026-08-30T15:20:16+00:00
d7cf9087346e4fa0,hotnigerianjobs,929463,Female Sales Executive at Walexbiz Nigeria Limited,Walexbiz Nigeria Limited,"Walexbiz Nigeria Limited is recruiting to fill the position of: Female Sales Executive. The position is located in Asokoro, Abuja (FCT). Salary: N100,000 - N130,000 monthly. Interested candidates should possess a Bachelor’s Degree in Business, Marketing, or related fields (preferred) with 3 – 5 years of proven sales experience. Apply Now","Asokoro, Abuja (FCT)",Nigeria,unknown,,,Computer / AI / Technology / IT Services,,,,"N100,000 - N130,000 monthly",,"Fri 24th Jul, 2026",,,https://www.hotnigerianjobs.com/hotjobs/929463/female-sales-executive-at-walexbiz-nigeria-limited.html,2026-08-30T15:20:16+00:00
6c2d7298b1df5389,hotnigerianjobs,929451,Field Marketers at Alphacom,Alphacom,"Alphacom is recruiting to fill the position of: Field Marketers. The position is located in Computer Village, Ikeja - Lagos State. Interested candidate should possess minimum of an SSCE, OND, HND, or Bachelor's Degree in any discipline, and must be able to work independently and as a team member to achieve sales targets. Previous sales or field marketing experience is an added advantage but not mandatory. Apply Now","Computer Village, Ikeja - Lagos State",Nigeria,unknown,,,Computer / AI / Technology / IT Services,,,,,,"Fri 24th Jul, 2026",,,https://www.hotnigerianjobs.com/hotjobs/929451/field-marketers-at-alphacom.html,2026-08-30T15:20:16+00:00
f4343c09af23c699,hotnigerianjobs,929402,IT Service Desk Engineer at Vennote Technologies Limited,Vennote Technologies Limited,"Vennote Technologies Limited is recruiting to fill the position of: IT Service Desk Engineer. Interested candidates should possess a Bachelor’s Degree or HND in Computer Science, Information Technology, Electrical Engineering, or a related field with 3–4 years in an IT Service Desk, Help Desk, or End-User Support role (telecom or large-scale enterprise experience preferred). Apply Now",,Nigeria,unknown,,,Computer / AI / Technology / IT Services,,,,,,"Fri 24th Jul, 2026",,Other Tech,https://www.hotnigerianjobs.com/hotjobs/929402/it-service-desk-engineer-at-vennote-technologies-l.html,2026-08-30T15:20:16+00:00
23217ad700ccc4c1,hotnigerianjobs,929359,Sophia ERP Limited (SEL) Job Recruitment (3 Positions),Sophia ERP Limited (SEL),"Sophia ERP Limited (SEL) is recruiting suitable candidates to fill the following positions in Lagos State: Network Adminstrator, Software Developer, and Business Development Executive. Apply Now",Lagos State,Nigeria,unknown,,,Computer / AI / Technology / IT Services,,,,,,"Fri 24th Jul, 2026",,Software Development,https://www.hotnigerianjobs.com/hotjobs/929359/sophia-erp-limited-sel-job-recruitment-3-positions.html,2026-08-30T15:20:16+00:00
038b5f19f6610390,hotnigerianjobs,929340,Network Adminstrator at Sophia ERP Limited (SEL),Sophia ERP Limited (SEL),"Sophia ERP Limited (SEL) is recruiting to fill the position of: Network Administrator. The position is located in Ojodu, Lagos State. Salary: N150,000 - N250,000 per month. Interested candidates should possess a Bachelor’s Degree in Computer Science, Information Technology, Network Engineering, or a related field with 1+ years of experience in network administration, systems administration, or IT infrastructure support. Apply Now","Ojodu, Lagos State",Nigeria,unknown,,,Computer / AI / Technology / IT Services,,,,"N150,000 - N250,000 per month",,"Fri 24th Jul, 2026",,IT Support & Networking,https://www.hotnigerianjobs.com/hotjobs/929340/network-adminstrator-at-sophia-erp-limited-sel.html,2026-08-30T15:20:16+00:00
64a4d507308396ef,hotnigerianjobs,929334,IT Data Center First Support (DCFLS) Personnel at Vennote Technologies Limited,,IT Data Center First Support (DCFLS) Personnel at Vennote Technologies Limited,,Nigeria,unknown,,,Computer / AI / Technology / IT Services,,,,,,,,Other Tech,https://www.hotnigerianjobs.com/hotjobs/929334/it-data-center-first-support-dcfls-at-vennote-tech.html,2026-08-30T15:20:16+00:00
1ce95e7316c4e751,hotnigerianjobs,929278,Key Account Manager / Business Development Manager at Strivo Labs,,Key Account Manager / Business Development Manager at Strivo Labs,,Nigeria,unknown,,,Computer / AI / Technology / IT Services,,,,,,,,,https://www.hotnigerianjobs.com/hotjobs/929278/key-account-manager-business-development-manager-a.html,2026-08-30T15:20:16+00:00
b8e5070648186c85,hotnigerianjobs,929302,Senior Finance & Accounts Officer at a Reputable Computer and Telecommunication Company,,Senior Finance & Accounts Officer at a Reputable Computer and Telecommunication Company,,Nigeria,unknown,,,Computer / AI / Technology / IT Services,,,,,,,,Other Tech,https://www.hotnigerianjobs.com/hotjobs/929302/senior-finance-accounts-officer-at-a-reputable-com.html,2026-08-30T15:20:16+00:00
f13ec332eedbd186,hotnigerianjobs,929037,Social Media Content Creator / Manager at Starnet Innovations Limited,,Social Media Content Creator / Manager at Starnet Innovations Limited,,Nigeria,unknown,,,Computer / AI / Technology / IT Services,,,,,,,,,https://www.hotnigerianjobs.com/hotjobs/929037/social-media-content-creator-manager-at-starnet-in.html,2026-08-30T15:20:16+00:00
5cdc9e8a54092b96,hotnigerianjobs,928962,Head of Operations at Strivo Labs,Strivo Labs,"Strivo Labs is recruiting to fill the position of: Head of Operations. The position is located in Lagos State. The ideal candidate must have personally worked in the field with telematics and IoT device installations, maintenance, troubleshooting, and deployments before moving into management. Interested candidates should possess a Bachelor’s Degree (B.Sc) / HND in Engineering, Operations Management, Business Administration, Supply Chain Management, Information Technology, or a related discipline with 8 – 10 years of progressive operational management experience. Apply Now",Lagos State,Nigeria,unknown,,,Computer / AI / Technology / IT Services,,,,,,"Fri 24th Jul, 2026",,Other Tech,https://www.hotnigerianjobs.com/hotjobs/928962/head-of-operations-at-strivo-labs.html,2026-08-30T15:20:16+00:00
16f4ed72a9d33992,hotnigerianjobs,928960,Operations Manager (Hybrid) at Strivo Labs,Strivo Labs,"Strivo Labs is recruiting to fill the position of: Operations Manager. The position is located in Ikeja, Lagos State (Hybrid). Interested candidates should possess a Bachelor’s Degree (B.Sc./HND) in Engineering, Operations Management, Business Administration, Supply Chain Management, Information Technology, or a related discipline with 8–10 years of progressive operational management experience. Apply Now","Ikeja, Lagos State (Hybrid)",Nigeria,hybrid,,,Computer / AI / Technology / IT Services,,,,,,"Fri 24th Jul, 2026",,Other Tech,https://www.hotnigerianjobs.com/hotjobs/928960/operations-manager-hybrid-at-strivo-labs.html,2026-08-30T15:20:16+00:00
c0884a6f263736a2,hotnigerianjobs,928930,Driver at Walexbiz Group,Walexbiz Group,"Walexbiz Group is recruiting to fill the position of: Driver. The position is located in Asokoro, Abuja (FCT). Salary: N80,000 - N100,000 / month. Interested candidates should possess a minimum of an HND / OND or equivalent with 2 – 5 years of professional driving experience and a valid driver's license. Apply Now","Asokoro, Abuja (FCT)",Nigeria,unknown,,,Computer / AI / Technology / IT Services,,,,"N80,000 - N100,000 / month",,"Fri 24th Jul, 2026",,,https://www.hotnigerianjobs.com/hotjobs/928930/driver-at-walexbiz-group.html,2026-08-30T15:20:16+00:00
e250ed2c5fb5ee1a,hotnigerianjobs,928894,RightCom Job Recruitment (6 Positions),RightCom,"RightCom is recruiting suitable candidates to fill the following positions in Lagos State: Account Manager, Anglophone Africa; Pre-Sales Engineer, Anglophone Africa; Marketing Executive, Anglophone Africa; BPO Team Lead - Customer Support; Partner Operations Executive, Anglophone Africa; and IT HelpDesk Specialist. Apply Now",Lagos State,Nigeria,unknown,,,Computer / AI / Technology / IT Services,,,,,,"Thu 23rd Jul, 2026",,IT Support & Networking,https://www.hotnigerianjobs.com/hotjobs/928894/rightcom-job-recruitment-6-positions.html,2026-08-30T15:20:16+00:00
fe54988e7c1a1326,hotnigerianjobs,928848,Senior People Coordinator at Cavista,Cavista,"Cavista is recruiting to fill the position of: Senior People Coordinator. The position is located in 13 Town Planning Way - Ilupeju, Lagos state. Interested candidates should possess a Bachelor’s Degree in human resources or any other relevant discipline with minimum of 3 years of professional work experience, preferably in HR, people operations, administration, employee services, or a related field where possible. Certifications from reputable bodies such as SHRM, HRCI or CIPM will be of added advantage. Apply Now","13 Town Planning Way - Ilupeju, Lagos state",Nigeria,unknown,,,Computer / AI / Technology / IT Services,,,,,,"Thu 23rd Jul, 2026",,,https://www.hotnigerianjobs.com/hotjobs/928848/senior-people-coordinator-at-cavista.html,2026-08-30T15:20:16+00:00
b3f7b6440589b6f2,hotnigerianjobs,928726,Marketing & Customer Relations Officer at HiiT Plc,HiiT Plc,"HiiT Plc is recruiting to fill the position of: Marketing & Customer Relations Officer. The position is located in Ibadan, Oyo State. Interested candidates should possess a Bachelor's Degree in Marketing, Mass Communication, or any Social Sciences field with at least a 2 / 2 Degree from an approved Tertiary Institution and a minimum of 1 year of proven experience in Marketing and Customer Relations Management in a corporate environment. Apply Now","Ibadan, Oyo State",Nigeria,unknown,,,Computer / AI / Technology / IT Services,,,,,,"Thu 23rd Jul, 2026",,,https://www.hotnigerianjobs.com/hotjobs/928726/marketing-customer-relations-officer-at-hiit-plc.html,2026-08-30T15:20:16+00:00
95be4de84ebda4d7,hotnigerianjobs,928600,Partner Programme Lead at an African Proptech Company - Alfred and Victoria Associates,,Partner Programme Lead at an African Proptech Company - Alfred and Victoria Associates,,Nigeria,unknown,,,Computer / AI / Technology / IT Services,,,,,,,,Other Tech,https://www.hotnigerianjobs.com/hotjobs/928600/partner-programme-lead-at-an-african-proptech-comp.html,2026-08-30T15:20:16+00:00
95672baa0eff88ef,hotnigerianjobs,928592,TechSpace Job Recruitment (12 Positions),TechSpace,TechSpace is recruiting recruiting suitably qualified candidates to fill the following positions in Abuja: Customer Service Representative; Freelance Tech & Coding Tutor (Data Science); Freelance Tech & Coding Tutor (Project Management); Freelance Tech & Coding Tutor (Video Editing); Freelance Tech & Coding Tutor (Social Media Management); Freelance Tech & Coding Tutor (Artificial Intelligence (AI); Freelance Tech & Coding Tutor (Cyber Security); Freelance Tech & Coding Tutor (Content Creation); Freelance Tech & Coding Tutor (Mobile App Development); Freelance Tech & Coding Tutor (Data Analytics); Freelance Tech & Coding Tutor (Graphics Design); and Freelance Tech & Coding Tutor (Web Design & Development). Apply Now,Abuja,Nigeria,unknown,,,Computer / AI / Technology / IT Services,,,,,,"Thu 23rd Jul, 2026",,Software Development,https://www.hotnigerianjobs.com/hotjobs/928592/techspace-job-recruitment-12-positions.html,2026-08-30T15:20:16+00:00
936cdf199cc7691d,hotnigerianjobs,928559,IT HelpDesk Specialist (Remote) at RightCom,RightCom,"RightCom is recruiting to fill the position of: BPO Team Lead - Customer Support. The position is located in Abuja or Lagos State (Remote). Interested candidates should possess a Bachelor's Degree (Bac+2 to Bac+5) in IT, technical support, or networking with a minimum of 2 years in a similar role, ideally in a SaaS or digital environment. Apply Now",Abuja or Lagos State (Remote),Nigeria,remote,Country-only,,Computer / AI / Technology / IT Services,,,,,,"Thu 23rd Jul, 2026",,IT Support & Networking,https://www.hotnigerianjobs.com/hotjobs/928559/it-helpdesk-specialist-remote-at-rightcom.html,2026-08-30T15:20:16+00:00
4101dffa372a573c,hotnigerianjobs,928548,BPO Team Lead - Customer Support (Hybrid) at RightCom,RightCom,"RightCom is recruiting to fill the position of: BPO Team Lead - Customer Support. This is a Hybrid Job. Interested candidates should possess a Bachelor’s Degree in Business Administration, Management, or a related field (preferred) with a minimum of 2 years’ experience as a Team Lead in a BPO or customer support environment. Apply Now",,Nigeria,hybrid,,,Computer / AI / Technology / IT Services,,,,,,"Thu 23rd Jul, 2026",,,https://www.hotnigerianjobs.com/hotjobs/928548/bpo-team-lead-customer-support-hybrid-at-rightcom.html,2026-08-30T15:20:16+00:00
85214db788fb4a5c,hotnigerianjobs,928560,Customer Service Representative at TechSpace,TechSpace,"TechSpace is recruiting to fill the position of: Customer Service Representative. The position is located in Abuja (FCT). Salary: N80,000 - N100,000 / Month. Interested candidates should be social media savvy with proficiency with CapCut, Canva, or similar design tools and excellent communication skills. Apply Now",Abuja (FCT),Nigeria,unknown,,,Computer / AI / Technology / IT Services,,,,"N80,000 - N100,000 / Month",,"Thu 23rd Jul, 2026",,,https://www.hotnigerianjobs.com/hotjobs/928560/customer-service-representative-at-techspace.html,2026-08-30T15:20:16+00:00
5668ad077a870ba3,hotnigerianjobs,928552,"Partner Operations Executive, Anglophone Africa at RightCom",RightCom,"RightCom is recruiting to fill the position of: Partner Operations Executive, Anglophone Africa. The position is located in Lagos State. Interested candidates should possess a Bachelor’s Degree in Business, Marketing, or a related field with 2 - 4 years of experience in partner/channel operations or sales coordination. Apply Now",Lagos State,Nigeria,unknown,,,Computer / AI / Technology / IT Services,,,,,,"Thu 23rd Jul, 2026",,,https://www.hotnigerianjobs.com/hotjobs/928552/partner-operations-executive-anglophone-africa-at.html,2026-08-30T15:20:16+00:00
61b50445f56f4dc6,hotnigerianjobs,928529,"Marketing Executive, Anglophone Africa at RightCom",RightCom,"RightCom is recruiting to fill the position of: Marketing Executive, Anglophone Africa. The position is located in Lagos State. Interested candidates should possess a Bachelor’s Degree in Marketing, Communications, or related field with 2–5 years of B2B marketing experience, preferably in SaaS or tech. Apply Now",Lagos State,Nigeria,unknown,,,Computer / AI / Technology / IT Services,,,,,,"Thu 23rd Jul, 2026",,,https://www.hotnigerianjobs.com/hotjobs/928529/marketing-executive-anglophone-africa-at-rightcom.html,2026-08-30T15:20:16+00:00
55d905a12aa95bd0,hotnigerianjobs,928520,"Account Manager, Anglophone Africa at RightCom",RightCom,"RightCom is recruiting to fill the position of: Account Manager, Anglophone Africa. The position is located in Lagos State. Interested candidates should possess a Bachelor’s or Master’s Degree in Business, Communications, Management, or equivalent with 3 to 5 years in a similar role (Account Manager, Customer Success Manager, Key Account Executive, etc.), ideally in a SaaS, tech, or B2B services environment. Apply Now",Lagos State,Nigeria,unknown,,,Computer / AI / Technology / IT Services,,,,,,"Thu 23rd Jul, 2026",,,https://www.hotnigerianjobs.com/hotjobs/928520/account-manager-anglophone-africa-at-rightcom.html,2026-08-30T15:20:16+00:00
366863d406e45fb9,hotnigerianjobs,928359,"Pre-Sales Engineer, Anglophone Africa at RightCom",RightCom,"RightCom is recruiting to fill the position of: Electrical Technician. The position is located in Lagos State. Interested candidates should possess a Bachelor’s Degree in Computer Science, Information Systems, or related field with 3–5 years of experience in pre-sales, solutions consulting, or technical account management. Apply Now",Lagos State,Nigeria,unknown,,,Computer / AI / Technology / IT Services,,,,,,"Thu 23rd Jul, 2026",,Other Tech,https://www.hotnigerianjobs.com/hotjobs/928359/electrical-technician-at-tulip-cocoa-processing-li.html,2026-08-30T15:20:16+00:00
b5c46d8cd58231dd,hotnigerianjobs,928276,Financial Analyst at Applinet Technology,Applinet Technology,"Applinet Technology is recruiting to fill the position of: Financial Analyst. The position is located in Lagos State. Interested candidates should possess a BS degree in Finance, Economics, or related field. Apply Now",Lagos State,Nigeria,unknown,,,Computer / AI / Technology / IT Services,,,,,,"Thu 23rd Jul, 2026",,,https://www.hotnigerianjobs.com/hotjobs/928276/financial-analyst-at-applinet-technology.html,2026-08-30T15:20:16+00:00
9ec7c714ab24cc28,hotnigerianjobs,928238,Professional Sales Executive at Walexbiz Group,Walexbiz Group,"Walexbiz Group is recruiting to fill the position of: Professional Sales Executive. The position is located in Abuja (FCT). Salary: N100,000 - N130,000 monthly. Interested candidates should possess a Bachelor’s Degree in Business, Marketing, or related fields (preferred) with 3 – 5 years of proven sales experience. Apply Now",Abuja (FCT),Nigeria,unknown,,,Computer / AI / Technology / IT Services,,,,"N100,000 - N130,000 monthly",,"Wed 22nd Jul, 2026",,,https://www.hotnigerianjobs.com/hotjobs/928238/professional-sales-executive-at-walexbiz-group.html,2026-08-30T15:20:16+00:00
7cb1e122ff203376,hotnigerianjobs,928244,Walexbiz Group Job Recruitment (9 Positions),Walexbiz Group,"Walexbiz Group is recruiting suitably qualified candidates to fill the following positions in Abuja: ICT Intern (NYSC), Professional Sales Executive, Full Stack Developer, General Manager, Accountant, Social Media Handler, Sales Manager, Sales Executive and Driver. Apply Now",Abuja,Nigeria,unknown,,,Computer / AI / Technology / IT Services,,,,,,"Wed 22nd Jul, 2026",,Software Development,https://www.hotnigerianjobs.com/hotjobs/928244/walexbiz-group-job-recruitment-7-positions.html,2026-08-30T15:20:16+00:00
c4f407639e6e51d7,hotnigerianjobs,928207,Sales Manager at Simba Group (6 Openings),Simba Group,"Simba Group is recruiting to fill the position of: Sales Manager. The position is located in Jigawa, Kano, Katsina, Kebbi, Sokoto and Zamfara States. Interested candidates should possess relevant qualifications and experience. Apply Now","Jigawa, Kano, Katsina, Kebbi, Sokoto and Zamfara States",Nigeria,unknown,,,Computer / AI / Technology / IT Services,,,,,,"Wed 22nd Jul, 2026",,,https://www.hotnigerianjobs.com/hotjobs/928207/sales-manager-at-simba-group-6-openings.html,2026-08-30T15:20:16+00:00
32ccdca67d18e2f5,hotnigerianjobs,928188,PC Place Nigeria Limited Job Recruitment (8 Positions),PC Place Nigeria Limited,"PC Place Nigeria Limited is recruiting suitably qualified candidates to fill the following positions in Lagos State: Front Desk Officer, B2B Sales Executive; Accountant, Dispatch Rider; Growth Sales Executive; Business Development Executive; Procurement Assistant; and Online Sales / Telesales Officer. Apply Now",Lagos State,Nigeria,unknown,,,Computer / AI / Technology / IT Services,,,,,,"Wed 22nd Jul, 2026",,,https://www.hotnigerianjobs.com/hotjobs/928188/pc-place-nigeria-limited-job-recruitment-7-positio.html,2026-08-30T15:20:16+00:00
f1b5af3b41c4d0bf,hotnigerianjobs,928184,Senior Business Development Manager at Cavista,Cavista,"Cavista is recruiting to fill the position of: Senior Business Development Manager. The position is located in Lagos State. Interested candidates should possess a Bachelor’s Degree in Business administration, Economics, Finance, Marketing, or a related field, (MBA or relevant postgraduate degree is an advantage) with 8 – 12 years progressive experience in business development, strategy, consulting, or commercial leadership roles. Apply Now",Lagos State,Nigeria,unknown,,,Computer / AI / Technology / IT Services,,,,,,"Wed 22nd Jul, 2026",,,https://www.hotnigerianjobs.com/hotjobs/928184/senior-business-development-manager-at-cavista.html,2026-08-30T15:20:16+00:00
46d4407ccf9e9019,hotnigerianjobs,928145,Cavista Job Recruitment (6 Positions),Cavista,"Cavista is recruiting suitably qualified candidates to fill the following positions in Lagos State: Finance Manager, Senior People Coordinator, Senior Business Development Manager, People Manager, Senior Finance Specialist, and Database Administrator. Apply Now",Lagos State,Nigeria,unknown,,,Computer / AI / Technology / IT Services,,,,,,"Wed 22nd Jul, 2026",,Other Tech,https://www.hotnigerianjobs.com/hotjobs/928145/cavista-job-recruitment-3-positions.html,2026-08-30T15:20:16+00:00
1923a510a9d68b5e,hotnigerianjobs,928115,Accountant at PC Place Nigeria Limited,PC Place Nigeria Limited,"PC Place Nigeria Limited is recruiting to fill the position of: Accountant. The position is located in Ikeja, Lagos State. Salary: N250,000 - N350,000 per month. Interested candidates should possess a Bachelor’s Degree in Accounting, Finance, or related field; Professional certification (ACA, ACCA, CPA) preferred; with strong knowledge of accounting principles and auditing standards. Apply Now","Ikeja, Lagos State",Nigeria,unknown,,,Computer / AI / Technology / IT Services,,,,"N250,000 - N350,000 per month",,"Wed 22nd Jul, 2026",,,https://www.hotnigerianjobs.com/hotjobs/928115/accountant-at-pc-place-nigeria-limited.html,2026-08-30T15:20:16+00:00
0c252fb1168bba45,hotnigerianjobs,928173,Finance Manager at Cavista,Cavista,"Cavista is recruiting to fill the position of: Finance Manager. The position is located in Lagos State. Interested candidates should possess a Bachelor’s Degree in Finance, Accounting, Economics, or a related field; professional certification (ACCA, CFA, CPA) strongly preferred with 5 – 10 years of progressive experience in finance, with exposure to corporate finance, FP&A, or financial management. Apply Now",Lagos State,Nigeria,unknown,,,Computer / AI / Technology / IT Services,,,,,,"Wed 22nd Jul, 2026",,,https://www.hotnigerianjobs.com/hotjobs/928173/finance-manager-at-cavista.html,2026-08-30T15:20:16+00:00
f192b54eb219a1fc,hotnigerianjobs,928077,Brand & Marketing Officer at Soft Intelligent Machines Limited,,Brand & Marketing Officer at Soft Intelligent Machines Limited,,Nigeria,unknown,,,Computer / AI / Technology / IT Services,,,,,,,,,https://www.hotnigerianjobs.com/hotjobs/928077/brand-marketing-officer-at-soft-intelligent-machin.html,2026-08-30T15:20:16+00:00
709c57b78096da97,hotnigerianjobs,928017,People Manager at Cavista,Cavista,"Cavista is recruiting to fill the position of: People Manager. The position is located in Town Planning Way, Ilupeju, Lagos State. Interested candidates should possess a Bachelor’s Degree in human resources, Business Administration, Psychology, Industrial Relations, Organizational Development, Management, or related discipline; Professional certification such as CIPM, SHRM-CP/SHRM-SCP, HRCI (PHR/SPHR), CIPD, or an equivalent internationally recognized HR certification is preferred with 8–10 years of progressive Human Resources experience, with at least 4 years in or People Manager role; Master’s degree in human resources, Business Administration (MBA), Organizational Psychology, or a related field is an advantage. Apply Now","Town Planning Way, Ilupeju, Lagos State",Nigeria,unknown,,,Computer / AI / Technology / IT Services,,,,,,"Wed 22nd Jul, 2026",,,https://www.hotnigerianjobs.com/hotjobs/928017/people-manager-at-cavista.html,2026-08-30T15:20:20+00:00
3b2fd05f25008085,hotnigerianjobs,927899,Social Media Assistant at the Aptech Enugu Center,The Aptech Enugu Center,"The Aptech Enugu Center is recruiting to fill the position of: Social Media Assistant. The position is located in Owerri, Imo State. Interested candidates should possess relevant qualifications with experience. Apply Now","Owerri, Imo State",Nigeria,unknown,,,Computer / AI / Technology / IT Services,,,,,,"Wed 22nd Jul, 2026",,,https://www.hotnigerianjobs.com/hotjobs/927899/social-media-assistant-at-the-aptech-enugu-center.html,2026-08-30T15:20:20+00:00
feecf9eb60549feb,hotnigerianjobs,927897,Independent Marketer (Imo) at the Aptech Enugu Center,The Aptech Enugu Center,"The Aptech Enugu Center is recruiting to fill the position of: Independent Marketer. The position is located in Owerri, Imo State. Interested candidates should possess relevant qualifications with experience. Apply Now","Owerri, Imo State",Nigeria,unknown,,,Computer / AI / Technology / IT Services,,,,,,"Wed 22nd Jul, 2026",,,https://www.hotnigerianjobs.com/hotjobs/927897/independent-marketer-at-the-aptech-enugu-center.html,2026-08-30T15:20:20+00:00
896d2c5e42f7451e,hotnigerianjobs,927895,Tech Sales Marketer at the Aptech Enugu Center,The Aptech Enugu Center,"The Aptech Enugu Center is recruiting to fill the position of: Tech Sales Marketer. The position is located in Owerri, Imo State. Interested candidates should possess relevant qualifications with experience. Apply Now","Owerri, Imo State",Nigeria,unknown,,,Computer / AI / Technology / IT Services,,,,,,"Wed 22nd Jul, 2026",,,https://www.hotnigerianjobs.com/hotjobs/927895/tech-sales-marketer-at-the-aptech-enugu-center.html,2026-08-30T15:20:20+00:00
643714685ec205fb,hotnigerianjobs,927877,Tech Sales Executive at the Aptech Enugu Center,The Aptech Enugu Center,"The Aptech Enugu Center is recruiting to fill the position of: Tech Sales Executive. The position is located in Kubwa, Abuja. Interested candidates should possess relevant qualifications with experience. Apply Now","Kubwa, Abuja",Nigeria,unknown,,,Computer / AI / Technology / IT Services,,,,,,"Wed 22nd Jul, 2026",,,https://www.hotnigerianjobs.com/hotjobs/927877/tech-sales-executive-at-the-aptech-enugu-center.html,2026-08-30T15:20:20+00:00
01e6b74445381bea,hotnigerianjobs,927941,Office Assistant at I-World Networks,I-World Networks,"I-World Networks is recruiting to fill the position of: Office Assistant. Salary: N70,000 monthly. The position is located in Abeokuta, Ogun State. Interested candidates should possess minimum of an SSCE certificate, and be between 18 - 25 years old. Apply Now","Abeokuta, Ogun State",Nigeria,unknown,,,Computer / AI / Technology / IT Services,,,,"N70,000 monthly",,"Wed 22nd Jul, 2026",,,https://www.hotnigerianjobs.com/hotjobs/927941/office-assistant-at-iworld-networks.html,2026-08-30T15:20:20+00:00
39d0dde6e520ff77,hotnigerianjobs,927934,Corporate Driver (Interstate Transportation) at I-World Networks,,Corporate Driver (Interstate Transportation) at I-World Networks,,Nigeria,unknown,,,Computer / AI / Technology / IT Services,,,,,,,,,https://www.hotnigerianjobs.com/hotjobs/927934/corporate-driver-interstate-transportation-at-iwor.html,2026-08-30T15:20:20+00:00
e835a6b0def974bd,hotnigerianjobs,927914,The Aptech Enugu Center Job Recruitment (6 Positions),The Aptech Enugu Center,"The Aptech Enugu Center is recruiting suitably qualified candidates to fill the following positions in Abuja, Enugu and Imo States: Independent Marketer - Enugu; Social Media Assistant; Independent Marketer - Imo; Tech Sales Marketer; Tech Sales Executive; and Networking / Cybersecurity Professional Trainer. Apply Now","Abuja, Enugu and Imo States",Nigeria,unknown,,,Computer / AI / Technology / IT Services,,,,,,"Wed 22nd Jul, 2026",,Cybersecurity,https://www.hotnigerianjobs.com/hotjobs/927914/the-aptech-enugu-center-job-recruitment-6-position.html,2026-08-30T15:20:20+00:00
312f685561a45c79,hotnigerianjobs,927911,Vennote Technologies Limited Job Recruitment (5 Positions),Vennote Technologies Limited,"Vennote Technologies Limited is recruiting to fill the following positions in Lagos State: HR Officer (Recruitment & Onboarding), VMware Systems Administrator (Migration Specialist), and Linux Systems Administrator. Apply Now",Lagos State,Nigeria,unknown,,,Computer / AI / Technology / IT Services,,,,,,"Wed 22nd Jul, 2026",,IT Support & Networking,https://www.hotnigerianjobs.com/hotjobs/927911/vennote-technologies-limited-job-recruitment-3-pos.html,2026-08-30T15:20:20+00:00
c39e20222adc5c05,hotnigerianjobs,927902,Independent Marketer (Enugu) at the Aptech Enugu Center,The Aptech Enugu Center,The Aptech Enugu Center is recruiting to fill the position of: Independent Marketer. The position is located in Enugu State. Interested candidates should possess relevant qualifications with experience. Apply Now,Enugu State,Nigeria,unknown,,,Computer / AI / Technology / IT Services,,,,,,"Wed 22nd Jul, 2026",,,https://www.hotnigerianjobs.com/hotjobs/927902/independent-marketer-enugu-at-the-aptech-enugu-cen.html,2026-08-30T15:20:20+00:00
59f3d28d94278035,hotnigerianjobs,927900,HR Officer (Recruitment & Onboarding) at Vennote Technologies Limited,,HR Officer (Recruitment & Onboarding) at Vennote Technologies Limited,,Nigeria,unknown,,,Computer / AI / Technology / IT Services,,,,,,,,,https://www.hotnigerianjobs.com/hotjobs/927900/hr-officer-recruitment-onboarding-at-vennote-techn.html,2026-08-30T15:20:20+00:00
5403e422e9373490,hotnigerianjobs,927873,Networking & Cybersecurity Professional Trainer at the Aptech Enugu Center,,Networking & Cybersecurity Professional Trainer at the Aptech Enugu Center,,Nigeria,unknown,,,Computer / AI / Technology / IT Services,,,,,,,,Cybersecurity,https://www.hotnigerianjobs.com/hotjobs/927873/networking-cybersecurity-professional-trainer-at-t.html,2026-08-30T15:20:20+00:00
3b8a1f0b10b5c90b,hotnigerianjobs,927804,Runlink Technology Limited Job Recruitment (3 Positions),Runlink Technology Limited,"Runlink Technology Limited is recruiting suitable candidates to fill the following positions in Lagos State: Senior Motorcycle Channel Manager, Business Development Representative / Manager, and Business Development Officer. Apply Now",Lagos State,Nigeria,unknown,,,Computer / AI / Technology / IT Services,,,,,,"Wed 22nd Jul, 2026",,,https://www.hotnigerianjobs.com/hotjobs/927804/runlink-technology-limited-job-recruitment-3-posit.html,2026-08-30T15:20:20+00:00
e5d18e44b8e42130,hotnigerianjobs,927534,inq. Digital Nigeria Limited Job Recruitment (5 Positions),inq. Digital Nigeria Limited,"inq. Digital Nigeria Limited is recruiting suitable candidates to fill the following positions in Lagos State: Senior Account Manager; Network Specialist; Specialist, IP Design; Billing and Revenue Assurance Analyst; and Solutions Architect. Apply Now",Lagos State,Nigeria,unknown,,,Computer / AI / Technology / IT Services,,,,,,"Tue 21st Jul, 2026",,Other Tech,https://www.hotnigerianjobs.com/hotjobs/927534/inq-digital-nigeria-limited-job-recruitment-6-posi.html,2026-08-30T15:20:20+00:00
6099588342afc00f,hotnigerianjobs,927488,Network Specialist at inq. Digital Nigeria Limited,inq. Digital Nigeria Limited,"inq. Digital Nigeria Limited is recruiting to fill the position of: Network Specialist. The position is located in Lagos State. Interested candidates should possess a Master’s Degree, Bachelor’s Degree or HND in Electrical/Electronic Engineering, Computer Science, or related field with a minimum of 8+ years of experience in Network Operations, with at least 5 years in a Senior Engineer or supervisory role, ideally in an ISP or similar environment. Apply Now",Lagos State,Nigeria,unknown,,,Computer / AI / Technology / IT Services,,,,,,"Tue 21st Jul, 2026",,Other Tech,https://www.hotnigerianjobs.com/hotjobs/927488/network-specialist-at-inq-digital-nigeria-limited.html,2026-08-30T15:20:20+00:00
e55347d402242301,hotnigerianjobs,927469,Billing and Revenue Assurance Analyst at inq. Digital Nigeria Limited,,Billing and Revenue Assurance Analyst at inq. Digital Nigeria Limited,,Nigeria,unknown,,,Computer / AI / Technology / IT Services,,,,,,,,,https://www.hotnigerianjobs.com/hotjobs/927469/billing-and-revenue-assurance-analyst-at-inq-digit.html,2026-08-30T15:20:20+00:00
c92147bd01294529,hotnigerianjobs,927465,Solutions Architect at inq. Digital Nigeria Limited,inq. Digital Nigeria Limited,"inq. Digital Nigeria Limited is recruiting to fill the position of: Solutions Architect. The position is located in Lagos State. In this role, you will capture and interpret customer requirements, and design custom solutions to meet identified requirements in line with inq. capabilities and product portfolio. Apply Now",Lagos State,Nigeria,unknown,,,Computer / AI / Technology / IT Services,,,,,,"Tue 21st Jul, 2026",,Other Tech,https://www.hotnigerianjobs.com/hotjobs/927465/solutions-architect-at-inq-digital-nigeria-limited.html,2026-08-30T15:20:20+00:00
569578676ac9332c,hotnigerianjobs,927481,"Specialist, IP Design at inq. Digital Nigeria Limited",inq. Digital Nigeria Limited,"inq. Digital Nigeria Limited is recruiting to fill the position of: Specialist, IP Design. The position is located in Lagos State. Interested candidates should possess a Bachelor's Degree in Electrical / Electronic Engineering with a minimum of 10 years’ post NYSC experience in an ISP/VPN provider environment with minimum of 5 years’ experience in a managing people. Apply Now",Lagos State,Nigeria,unknown,,,Computer / AI / Technology / IT Services,,,,,,"Tue 21st Jul, 2026",,Other Tech,https://www.hotnigerianjobs.com/hotjobs/927481/specialist-ip-design-at-inq-digital-nigeria-limite.html,2026-08-30T15:20:20+00:00
e0e1265f626a60c3,hotnigerianjobs,927399,Paid Ads / Performance Marketing Specialist at Havana Group,Havana Group,"Havana Group is recruiting to fill the position of: Paid Ads / Performance Marketing Specialist. The position is located in Enugu State. Salary: N200,000 - N400,000 Monthly. Interested candidates should possess relevant qualifications (Google Ads Certification or Meta Blueprint Certification is an added advantage) with a minimum of 3 years of hands-on experience managing paid advertising campaigns, experience with Google Analytics (GA4), Meta Business Suite, Google Tag Manager, and other analytics tools, and familiarity with AI-powered advertising and campaign automation platforms. Apply Now",Enugu State,Nigeria,unknown,,,Computer / AI / Technology / IT Services,,,,"N200,000 - N400,000 Monthly",,"Tue 21st Jul, 2026",,Other Tech,https://www.hotnigerianjobs.com/hotjobs/927399/paid-ads-performance-marketing-specialist-at-havan.html,2026-08-30T15:20:20+00:00
e6b4f5f1b18f680c,hotnigerianjobs,927451,Senior Account Manager at inq. Digital Nigeria Limited,inq. Digital Nigeria Limited,"inq. Digital Nigeria Limited is recruiting to fill the position of: Senior Account Manager. Interested candidates should possess relevant qualifications with a minimum of 3 years in account management within a telecom environment, solution sales, relationship management, and networking technologies. Apply Now",,Nigeria,unknown,,,Computer / AI / Technology / IT Services,,,,,,"Tue 21st Jul, 2026",,Other Tech,https://www.hotnigerianjobs.com/hotjobs/927451/senior-account-manager-at-inq-digital-nigeria-limi.html,2026-08-30T15:20:20+00:00
df062893ec825e7e,hotnigerianjobs,927431,Senior Business Development Manager at InfoHob Technology,InfoHob Technology,InfoHob Technology is recruiting to fill the position of: Senior Business Development Manager. The position is located in Abuja (FCT). Interested candidates should possess a A Bachelor's Degree in an ICT course or relevant experience with proven experience as a Webmaster and Web Developer. Apply Now,Abuja (FCT),Nigeria,unknown,,,Computer / AI / Technology / IT Services,,,,,,"Tue 21st Jul, 2026",,Software Development,https://www.hotnigerianjobs.com/hotjobs/927431/senior-business-development-manager-at-infohob-tec.html,2026-08-30T15:20:20+00:00
7488b9d8b27aa2be,hotnigerianjobs,927404,Havana Group Job Recruitment (3 Positions),Havana Group,"Havana Group is recruiting suitably qualified candidates to fill the following positions in Enugu State: Ads Specialist, Chief Financial Officer (CFO) and Paid Ads / Performance Marketing Specialist. Apply Now",Enugu State,Nigeria,unknown,,,Computer / AI / Technology / IT Services,,,,,,"Tue 21st Jul, 2026",,,https://www.hotnigerianjobs.com/hotjobs/927404/havana-group-job-recruitment-3-positions.html,2026-08-30T15:20:20+00:00
a1ea597f9add65ed,hotnigerianjobs,927380,Driver at Afripoint Group Limited,Afripoint Group Limited,"Afripoint Group Limited is recruiting to fill the position of: Driver. The position is located in Ikeja, Lagos State. Interested candidates should possess a minimum of SSCE with at least 3 years' driving experience in a corporate environment and a valid Nigerian Driver's licence. Apply Now","Ikeja, Lagos State",Nigeria,unknown,,,Computer / AI / Technology / IT Services,,,,,,"Tue 21st Jul, 2026",,,https://www.hotnigerianjobs.com/hotjobs/927380/driver-at-afripoint-group-limited.html,2026-08-30T15:20:20+00:00
59f6d570d71b1290,hotnigerianjobs,927096,Web / Mobile Developer at Creative Mansion,Creative Mansion,"Creative Mansion is recruiting to fill the position of: Web / Mobile Developer. The position is located in Lekki - Lagos State. Interested candidates should possess a Bachelor’s Degree in Computer Science or related field, or relevant experience. Apply Now",Lekki - Lagos State,Nigeria,unknown,,,Computer / AI / Technology / IT Services,,,,,,"Tue 21st Jul, 2026",,Software Development,https://www.hotnigerianjobs.com/hotjobs/927096/web-mobile-developer-at-creative-mansion.html,2026-08-30T15:20:20+00:00
07d16e129a74b1ca,hotnigerianjobs,927087,Full Stack Web Developer at Creative Mansion Digital Enterprise (2 Openings),,Full Stack Web Developer at Creative Mansion Digital Enterprise (2 Openings),,Nigeria,unknown,,,Computer / AI / Technology / IT Services,,,,,,,,Software Development,https://www.hotnigerianjobs.com/hotjobs/927087/full-stack-web-developer-at-creative-mansion-digit.html,2026-08-30T15:20:20+00:00
4a7b4dc46021844f,hotnigerianjobs,927124,Creative Mansion Job Recruitment (6 Positions),Creative Mansion,"Creative Mansion is recruiting suitable candidates to fill the following positions in Lagos State: Full Stack Programmer, Web / Mobile Developer, Frontend Software Developer, WordPress / JavaScript Developer, Website Designer, and Full Stack Web Developer. Apply Now",Lagos State,Nigeria,unknown,,,Computer / AI / Technology / IT Services,,,,,,"Tue 21st Jul, 2026",,Software Development,https://www.hotnigerianjobs.com/hotjobs/927124/creative-mansion-job-recruitment-6-positions.html,2026-08-30T15:20:20+00:00
c534c3bc37cbd66c,hotnigerianjobs,927111,Full Stack Programmer at Creative Mansion,Creative Mansion,Creative Mansion is recruiting to fill the position of: Full Stack Programmer. The position is located in Ikeja - Lagos State. Interested candidates should possess a candidates should possess a BSc in Computer Science (2:1). Apply Now,Ikeja - Lagos State,Nigeria,unknown,,,Computer / AI / Technology / IT Services,,,,,,"Tue 21st Jul, 2026",,Software Development,https://www.hotnigerianjobs.com/hotjobs/927111/full-stack-programmer-at-creative-mansion.html,2026-08-30T15:20:20+00:00
e2e9c768c1dcbf71,hotnigerianjobs,927094,Frontend Software Developer at Creative Mansion,Creative Mansion,"Creative Mansion is recruiting to fill the position of: Frontend Software Developer. The position is located in Lekki - Lagos State. Interested candidates should possess relevant qualifications with proven experience as a Backend Software Developer, Software Engineer or similar Role Apply Now",Lekki - Lagos State,Nigeria,unknown,,,Computer / AI / Technology / IT Services,,,,,,"Tue 21st Jul, 2026",,Software Development,https://www.hotnigerianjobs.com/hotjobs/927094/frontend-software-developer-at-creative-mansion.html,2026-08-30T15:20:20+00:00
0a8ef1a54363c4c8,hotnigerianjobs,927093,WordPress / JavaScript Developer at Creative Mansion (2 Openings),,WordPress / JavaScript Developer at Creative Mansion (2 Openings),,Nigeria,unknown,,,Computer / AI / Technology / IT Services,,,,,,,,Software Development,https://www.hotnigerianjobs.com/hotjobs/927093/full-stack-web-developers-at-creative-mansion-2-op.html,2026-08-30T15:20:20+00:00
e27be8e3a5d1dc4f,hotnigerianjobs,927090,Website Designer at Creative Mansion Digital Enterprise,Creative Mansion Digital Enterprise,"Creative Mansion Digital Enterprise is recruiting to fill the position of: Website Designer. The position is located in Ikeja, Lagos State. Interested candidates should possess a BSc Degree in Computer Science or relevant fields with proficient understanding of web markup, including HTML5, CSS3. Apply Now","Ikeja, Lagos State",Nigeria,unknown,,,Computer / AI / Technology / IT Services,,,,,,"Tue 21st Jul, 2026",,Other Tech,https://www.hotnigerianjobs.com/hotjobs/927090/website-designer-at-creative-mansion-digital-enter.html,2026-08-30T15:20:20+00:00
f00f8a1980f3ec9a,hotnigerianjobs,926906,"Software / Application Testing Intern (NYSC Corps Member / SIWES Intern), Female at Continental Multimedia Academy Limited - Hybrid",,"Software / Application Testing Intern (NYSC Corps Member / SIWES Intern), Female at Continental Multimedia Academy Limited - Hybrid",,Nigeria,hybrid,,,Computer / AI / Technology / IT Services,,,,,,,,Other Tech,https://www.hotnigerianjobs.com/hotjobs/926906/software-application-testing-intern-nysc-corps-mem.html,2026-08-30T15:20:20+00:00
f6313a3c9af394f5,hotnigerianjobs,926766,Database Administrator at Cavista,Cavista,"Cavista is recruiting to fill the position of: Database Administrator. The position is located in Town Planning Way, Ilupeju, Lagos State. Interested candidates should possess a Bachelor’s Degree in Computer Science, Engineering, or a related technical field with a minimum of 4 years experience in managing MySQL databases in large-scale environments. Apply Now","Town Planning Way, Ilupeju, Lagos State",Nigeria,unknown,,,Computer / AI / Technology / IT Services,,,,,,"Tue 21st Jul, 2026",,Other Tech,https://www.hotnigerianjobs.com/hotjobs/926766/database-administrator-at-cavista.html,2026-08-30T15:20:20+00:00
ab924986ed2eab3f,hotnigerianjobs,926196,Sales Development Representative (SDR) at a Leading Technology Solutions Provider - Workforce Group,,Sales Development Representative (SDR) at a Leading Technology Solutions Provider - Workforce Group,,Nigeria,unknown,,,Computer / AI / Technology / IT Services,,,,,,,,,https://www.hotnigerianjobs.com/hotjobs/926196/sales-development-representative-sdr-at-a-leading.html,2026-08-30T15:20:20+00:00
fade520edb153436,hotnigerianjobs,926727,Junior Tech Sales (Female) at Infytel Communications,Infytel Communications,"Infytel Communications is recruiting to fill the position of: Junior Tech Sales (Female). The position is located in Victoria Island, Lagos State. Salary: N250,000 monthly. Interested candidates should possess a Bachelor's Degree in Business Administration, Marketing, Computer Science, or a related field with 1-2 years' experience selling MarTech solutions or technology products/services. Apply Now","Victoria Island, Lagos State",Nigeria,unknown,,,Computer / AI / Technology / IT Services,,,,"N250,000 monthly",,"Mon 20th Jul, 2026",,Other Tech,https://www.hotnigerianjobs.com/hotjobs/926727/junior-tech-sales-female-at-infytel-communications.html,2026-08-30T15:20:20+00:00
1448bfacbd99ba7e,hotnigerianjobs,926735,Partner Manager – OEM at Infytel Communications,Infytel Communications,"Infytel Communications is recruiting to fill the position of: Partner Manager – OEM. The position is located in Victoria Island, Lagos State. Interested candidates should possess a Bachelor's Degree in Business Administration, Marketing, Computer Science, Information Technology, or related field with 4–6 years of experience in partnership management, channel sales, account management, or business development. Apply Now","Victoria Island, Lagos State",Nigeria,unknown,,,Computer / AI / Technology / IT Services,,,,,,"Mon 20th Jul, 2026",,Other Tech,https://www.hotnigerianjobs.com/hotjobs/926735/partner-manager-oem-at-infytel-communications.html,2026-08-30T15:20:20+00:00
c0279a99a79882ec,hotnigerianjobs,926739,Partner Manager - Retailer at Infytel Communications,Infytel Communications,"Infytel Communications is recruiting to fill the position of: Partner Manager - Retailer. The position is located in Victoria Island, Lagos State. Interested candidates should possess a Bachelor's Degree in Business Administration, Marketing, or a related field with 4–6 years of experience in channel sales, retail partnerships, business development, or account management. Apply Now","Victoria Island, Lagos State",Nigeria,unknown,,,Computer / AI / Technology / IT Services,,,,,,"Mon 20th Jul, 2026",,Other Tech,https://www.hotnigerianjobs.com/hotjobs/926739/partner-manager-retailer-at-infytel-communications.html,2026-08-30T15:20:20+00:00
4769c9bfb66f9dd4,hotnigerianjobs,926705,Accountant at Infytel Communications,Infytel Communications,"Infytel Communications is recruiting to fill the position of: Accountant. The position is located in Victoria Island, Lagos State. Salary: N400,000 - N600,000 monthly. Interested candidates should possess a Bachelor's Degree in Accounting, Finance, or a related discipline with 3–6 years of relevant accounting experience. Apply Now","Victoria Island, Lagos State",Nigeria,unknown,,,Computer / AI / Technology / IT Services,,,,"N400,000 - N600,000 monthly",,"Mon 20th Jul, 2026",,Other Tech,https://www.hotnigerianjobs.com/hotjobs/926705/accountant-at-infytel-communications.html,2026-08-30T15:20:20+00:00
0213d6032571a491,hotnigerianjobs,926759,Infytel Communication Job Recruitment (12 Positions),Infytel Communication,"Infytel Communication is recruiting suitable candidates to fill the following positions in Lagos State: Chief Financial Officer (CFO), Partner Manager - Retailer, Partner Manager – OEM, Recruitment and Talent Manager, Team Lead - Customer Relationship Officer, Sales Manager, Business Development Team Lead, Accountant, Presales Engineering Officer, Technical Assistant to the CEO, Junior Tech Sales (Female). Apply Now",Lagos State,Nigeria,unknown,,,Computer / AI / Technology / IT Services,,,,,,"Mon 20th Jul, 2026",,Other Tech,https://www.hotnigerianjobs.com/hotjobs/926759/infytel-communication-job-recruitment-12-positions.html,2026-08-30T15:20:20+00:00
a397d876e8b6ed90,hotnigerianjobs,926746,Team Lead - Customer Relationship Officer at Infytel Communications,,Team Lead - Customer Relationship Officer at Infytel Communications,,Nigeria,unknown,,,Computer / AI / Technology / IT Services,,,,,,,,,https://www.hotnigerianjobs.com/hotjobs/926746/team-lead-customer-relationship-officer-at-infytel.html,2026-08-30T15:20:20+00:00
a63e790fb1d184b5,hotnigerianjobs,926748,Recruitment and Talent Manager at Infytel Communications,Infytel Communications,"Infytel Communications is recruiting to fill the position of: Recruitment and Talent Manager. The position is located in Victoria Island, Lagos State. Salary: N300,000 - N400,000 monthly. Interested candidates should possess a Bachelor’s Degree in Human Resources, Business Administration, or related field with 3–5 years of experience in recruitment or talent acquisition. Apply Now","Victoria Island, Lagos State",Nigeria,unknown,,,Computer / AI / Technology / IT Services,,,,"N300,000 - N400,000 monthly",,"Mon 20th Jul, 2026",,Other Tech,https://www.hotnigerianjobs.com/hotjobs/926748/recruitment-and-talent-manager-at-infytel-communic.html,2026-08-30T15:20:20+00:00
67443152db50f152,hotnigerianjobs,926754,Technical Assistant to the CEO at Infytel Communications,Infytel Communications,"Infytel Communications is recruiting to fill the position of: Technical Assistant to the CEO. The position is located in Victoria Island, Lagos State. Salary: N250,000 monthly. Interested candidates should possess a Bachelor's Degree in a relevant field with a minimum of 2 years’ experience in a similar role (tech industry preferred). Apply Now","Victoria Island, Lagos State",Nigeria,unknown,,,Computer / AI / Technology / IT Services,,,,"N250,000 monthly",,"Mon 20th Jul, 2026",,Other Tech,https://www.hotnigerianjobs.com/hotjobs/926754/technical-assistant-to-the-ceo-at-infytel-communic.html,2026-08-30T15:20:20+00:00
bf3e9266fcd9eaf5,hotnigerianjobs,926752,Chief Financial Officer (CFO) at Infytel Communications,Infytel Communications,"Infytel Communications is recruiting to fill the position of: Chief Financial Officer (CFO). The position is located in Victoria Island, Lagos State. Salary: N300,000 - N400,000 monthly. Interested candidates should possess a Bachelor's Degree in Accounting, Finance, Economics, Business Administration, or a related field with a minimum of 10 years of progressive finance and accounting experience, with at least 5 years in a senior leadership role. Apply Now","Victoria Island, Lagos State",Nigeria,unknown,,,Computer / AI / Technology / IT Services,,,,"N300,000 - N400,000 monthly",,"Mon 20th Jul, 2026",,Other Tech,https://www.hotnigerianjobs.com/hotjobs/926752/chief-financial-officer-cfo-at-infytel-communicati.html,2026-08-30T15:20:20+00:00
47effe890ffb43ad,hotnigerianjobs,926731,Driver at Infytel Communications,Infytel Communications,"Infytel Communications is recruiting to fill the position of: Driver. The position is located in Victoria Island, Lagos State. Salary: N120,000 monthly. Interested candidates should possess relevant qualifications, valid driver's license with a minimum 3 years driving experience and must have good knowledge of Lagos roads. Apply Now","Victoria Island, Lagos State",Nigeria,unknown,,,Computer / AI / Technology / IT Services,,,,"N120,000 monthly",,"Mon 20th Jul, 2026",,Other Tech,https://www.hotnigerianjobs.com/hotjobs/926731/driver-at-infytel-communications.html,2026-08-30T15:20:20+00:00
59af19c44ec2935a,hotnigerianjobs,926722,Sales Manager at Infytel Communications,Infytel Communications,"Infytel Communications is recruiting to fill the position of: Sales Manager. The position is located in Victoria Island, Lagos State. Interested candidates should possess relevant qualifications with 10-12 years proven experience in sales, business development, or account management within the technology or telecommunications industry. Apply Now","Victoria Island, Lagos State",Nigeria,unknown,,,Computer / AI / Technology / IT Services,,,,,,"Mon 20th Jul, 2026",,Other Tech,https://www.hotnigerianjobs.com/hotjobs/926722/sales-manager-at-infytel-communications.html,2026-08-30T15:20:20+00:00
2f0d33fbc7c42daf,hotnigerianjobs,926714,Business Development Team Lead at Infytel Communications,Infytel Communications,"Infytel Communications is recruiting to fill the position of: Business Development Team Lead. The position is located in Victoria Island, Lagos State. Interested candidates should possess a Bachelor’s Degree in Business Administration, Marketing, IT, or a related field with a minimum of 8 years’ experience in business development, enterprise sales, or a related role, with at least 4 years in a supervisory or team lead position. Apply Now","Victoria Island, Lagos State",Nigeria,unknown,,,Computer / AI / Technology / IT Services,,,,,,"Mon 20th Jul, 2026",,Other Tech,https://www.hotnigerianjobs.com/hotjobs/926714/business-development-team-lead-at-infytel-communic.html,2026-08-30T15:20:20+00:00
595cf0ede4fb39b3,hotnigerianjobs,926700,Presales Engineering Officer at Infytel Communications,Infytel Communications,"Infytel Communications is recruiting to fill the position of: Presales Engineering Officer. The position is located in Victoria Island, Lagos State. Salary: N400,000 - N500,000 monthly. Interested candidates should possess a Bachelor’s Degree in Computer Science, Information Technology, Engineering, Business Administration, or a related field with 3–5 years’ experience in presales, solution consulting, technical sales, or business development. Apply Now","Victoria Island, Lagos State",Nigeria,unknown,,,Computer / AI / Technology / IT Services,,,,"N400,000 - N500,000 monthly",,"Mon 20th Jul, 2026",,Other Tech,https://www.hotnigerianjobs.com/hotjobs/926700/presales-engineering-officer-at-infytel-communicat.html,2026-08-30T15:20:20+00:00
1e81cd4d1aadf069,hotnigerianjobs,926575,Favex Technology Limited Job Recruitment (3 Positions),Favex Technology Limited,"Favex Technology Limited is recruiting suitably qualified candidates to fill the following positions in Lagos State: Motion Graphics Designer, Social Media and Community Manager, and Marketing Lead. Apply Now",Lagos State,Nigeria,unknown,,,Computer / AI / Technology / IT Services,,,,,,"Mon 20th Jul, 2026",,,https://www.hotnigerianjobs.com/hotjobs/926575/favex-technology-limited-job-recruitment-3-positio.html,2026-08-30T15:20:20+00:00
45ea67081e979480,hotnigerianjobs,926568,Motion Graphics Designer at Favex Technology Limited,Favex Technology Limited,"Favex Technology Limited is recruiting to fill the position of: Motion Graphics Designer. The position is located in Lagos State. Interested candidates should possess a Bachelor's Degree or relevant certification in Motion Graphics, Animation, Graphic Design, or a related field with a minimum of 4 years of experience creating motion graphics and animated content, preferably in a fintech or technology company. Apply Now",Lagos State,Nigeria,unknown,,,Computer / AI / Technology / IT Services,,,,,,"Mon 20th Jul, 2026",,,https://www.hotnigerianjobs.com/hotjobs/926568/motion-graphics-designer-at-favex-technology-limit.html,2026-08-30T15:20:20+00:00
13c2ca762e9d9164,hotnigerianjobs,926558,Marketing Lead at Favex Technology Limited (Hybrid),Favex Technology Limited,"Favex Technology Limited is recruiting to fill the position of: Marketing Lead. This is a hybrid role in Lagos State. Interested candidates should possess strong understanding of social media trends, influencer marketing, and content storytelling with 4+ years of experience in Marketing, Brand Management, or Digital Strategy. Apply Now",,Nigeria,hybrid,,,Computer / AI / Technology / IT Services,,,,,,"Mon 20th Jul, 2026",,,https://www.hotnigerianjobs.com/hotjobs/926558/marketing-lead-at-favex-technology-limited-hybrid.html,2026-08-30T15:20:20+00:00
762ffadc3ff3928b,hotnigerianjobs,926486,Campus Technologies Limited Job Recruitment (5 Positions),Campus Technologies Limited,"Campus Technologies Limited is recruiting suitably qualified candidates to fill the following positions in Abuja (FCT): Data Analytics Trainer, Part-Time Mobile App Developer and UI / UX Design Trainer, Java EE Trainer, and Software Trainer. Apply Now",Abuja (FCT),Nigeria,unknown,,,Computer / AI / Technology / IT Services,,,,,,"Mon 20th Jul, 2026",,Software Development,https://www.hotnigerianjobs.com/hotjobs/926486/campus-technologies-limited-job-recruitment-5-posi.html,2026-08-30T15:20:20+00:00
1ce16c3dac0ebcca,hotnigerianjobs,926592,DevOps Engineer at Kredete Limited - Hybrid,Kredete Limited,"Kredete Limited is recruiting to fill the position of: DevOps Engineer. This is a Hybrid role in Lagos State. Interested candidates should possess a Bachelor's Degree in Computer Science, Engineering, or a related field with 5-7 years of proven experience in a DevOps, Site Reliability Engineering, or similar role. Apply Now",,Nigeria,hybrid,,,Computer / AI / Technology / IT Services,,,,,,"Mon 20th Jul, 2026",,DevOps & Cloud,https://www.hotnigerianjobs.com/hotjobs/926592/devops-engineer-at-kredete-limited-hybrid.html,2026-08-30T15:20:23+00:00
f0a69565d0379f03,hotnigerianjobs,926564,Social Media and Community Manager at Favex Technology Limited,,Social Media and Community Manager at Favex Technology Limited,,Nigeria,unknown,,,Computer / AI / Technology / IT Services,,,,,,,,,https://www.hotnigerianjobs.com/hotjobs/926564/social-media-and-community-manager-at-favex-techno.html,2026-08-30T15:20:23+00:00
812ccef6d25167c1,hotnigerianjobs,926387,Personal Assistant (PA) to the Group Chief Executive Officer (Male) at IT Horizons Limited (Hybrid),,Personal Assistant (PA) to the Group Chief Executive Officer (Male) at IT Horizons Limited (Hybrid),,Nigeria,hybrid,,,Computer / AI / Technology / IT Services,,,,,,,,,https://www.hotnigerianjobs.com/hotjobs/926387/personal-assistant-pa-to-the-group-chief-executive.html,2026-08-30T15:20:23+00:00
3fd2dc079460de6e,hotnigerianjobs,926366,Sales Executive (EnrolWeb Services) at Velvot Nigeria Limited,,Sales Executive (EnrolWeb Services) at Velvot Nigeria Limited,,Nigeria,unknown,,,Computer / AI / Technology / IT Services,,,,,,,,,https://www.hotnigerianjobs.com/hotjobs/926366/sales-executive-enrolweb-services-at-velvot-nigeri.html,2026-08-30T15:20:23+00:00
fbb9dbf4c98ac3fd,hotnigerianjobs,926137,Mobile AI Engineer at TeKnowledge,TeKnowledge,"TeKnowledge is recruiting to fill the position of: Mobile AI Engineer. The position is located in Victoria Island, Lagos State. Interested candidates should possess Bachelor’s and Technical Degree with 5 - 9 years experience. Apply Now","Victoria Island, Lagos State",Nigeria,unknown,,,Computer / AI / Technology / IT Services,,,,,,"Mon 20th Jul, 2026",,Data & AI,https://www.hotnigerianjobs.com/hotjobs/926137/mobile-ai-engineer-at-teknowledge.html,2026-08-30T15:20:23+00:00
daf6b7d3baa5dd22,hotnigerianjobs,926232,Software Trainer at Campus Technologies Limited,Campus Technologies Limited,"Campus Technologies Limited is recruiting to fill the position of: Software Trainer. The position is located in Wuse 2, Abuja (FCT). Interested candidates should possess a Bachelor's Degree in Computer Science, Software Engineering, Information Technology, or a related field, professional certifications in relevant technologies will be an added advantage with a minimum of 2 years' experience in software development, DevOps, data analytics, or technical training. Apply Now","Wuse 2, Abuja (FCT)",Nigeria,unknown,,,Computer / AI / Technology / IT Services,,,,,,"Mon 20th Jul, 2026",,Software Development,https://www.hotnigerianjobs.com/hotjobs/926232/software-trainer-at-campus-technologies-limited.html,2026-08-30T15:20:23+00:00
45daade264ca891b,hotnigerianjobs,926203,Sales Representative at Velvot Nigeria Limited,Velvot Nigeria Limited,"Velvot Nigeria Limited is recruiting to fill the position of: Sales Representative. The position is located in Surulere, Lagos State. Interested candidates should possess a Bachelor's Degree or HND with 3-5 years experience. Apply Now","Surulere, Lagos State",Nigeria,unknown,,,Computer / AI / Technology / IT Services,,,,,,"Mon 20th Jul, 2026",,,https://www.hotnigerianjobs.com/hotjobs/926203/sales-representative-at-velvot-nigeria-limited.html,2026-08-30T15:20:23+00:00
a098221b6005cdb0,hotnigerianjobs,926141,Backend AI Engineer (Financial Services Platform) at TeKnowledge,,Backend AI Engineer (Financial Services Platform) at TeKnowledge,,Nigeria,unknown,,,Computer / AI / Technology / IT Services,,,,,,,,Software Development,https://www.hotnigerianjobs.com/hotjobs/926141/backend-ai-engineer-financial-services-platform-at.html,2026-08-30T15:20:23+00:00
a8946bfe93b0ca4a,hotnigerianjobs,925917,Creative Content Strategist (Real Estate) at Royal Resource Digital Services,,Creative Content Strategist (Real Estate) at Royal Resource Digital Services,,Nigeria,unknown,,,Computer / AI / Technology / IT Services,,,,,,,,,https://www.hotnigerianjobs.com/hotjobs/925917/creative-content-strategist-real-estate-at-royal-r.html,2026-08-30T15:20:23+00:00
3365cfb0249cc48e,hotnigerianjobs,925915,TeKnowledge Job Recruitment (9 Positions),TeKnowledge,"TeKnowledge is recruiting suitably qualified candidates to fill the following positions in Lagos State: Senior Modern Workplace Identity Platform Engineer; UI / UX Engineer; Training and Knowledge Manager; Senior Manager, Product and Platforms Programme; IT Systems Administrator Lead; Front End (Angular) Developer; Backend AI Engineer (Financial Services Platform); and Senior Sales Manager. Apply Now",Lagos State,Nigeria,unknown,,,Computer / AI / Technology / IT Services,,,,,,"Fri 17th Jul, 2026",,Software Development,https://www.hotnigerianjobs.com/hotjobs/925915/teknowledge-job-recruitment-7-positions.html,2026-08-30T15:20:23+00:00
ce1ff6299f9e5b68,hotnigerianjobs,925849,Full Stack Developer at Walexbiz Group,Walexbiz Group,"Walexbiz Group is recruiting to fill the position of: Full Stack Developer. The position is located in Abuja (FCT). Interested candidates should possess a Bachelor's Degree in Computer Science, Software Engineering, Information Technology, or a related field (or equivalent practical experience) with 3–5 years of experience in full stack web development. Apply Now",Abuja (FCT),Nigeria,unknown,,,Computer / AI / Technology / IT Services,,,,,,"Fri 17th Jul, 2026",,Software Development,https://www.hotnigerianjobs.com/hotjobs/925849/full-stack-developer-at-walexbiz-group.html,2026-08-30T15:20:23+00:00
d342c0feadcf63bc,hotnigerianjobs,925798,Assistant Site Engineer at I-larry Synergy international Limited,,Assistant Site Engineer at I-larry Synergy international Limited,,Nigeria,unknown,,,Computer / AI / Technology / IT Services,,,,,,,,Other Tech,https://www.hotnigerianjobs.com/hotjobs/925798/assistant-site-engineer-at-ilarry-synergy-internat.html,2026-08-30T15:20:23+00:00
6cb21c19aa1440fd,hotnigerianjobs,925742,Network Support Engineer at COURE Software and Systems Limited,,Network Support Engineer at COURE Software and Systems Limited,,Nigeria,unknown,,,Computer / AI / Technology / IT Services,,,,,,,,Other Tech,https://www.hotnigerianjobs.com/hotjobs/925742/network-support-engineer-at-coure-software-and-sys.html,2026-08-30T15:20:23+00:00
14f06ac7d84bf42f,hotnigerianjobs,925696,Senior Sales Manager at TeKnowledge,TeKnowledge,"TeKnowledge is recruiting to fill the position of: Senior Sales Manager. The position is located in Victoria Island, Lagos State. Interested candidates should possess relevant qualifications with 10+ years of experience in B2B technology/services sales and strategic account management. Apply Now","Victoria Island, Lagos State",Nigeria,unknown,,,Computer / AI / Technology / IT Services,,,,,,"Fri 17th Jul, 2026",,Other Tech,https://www.hotnigerianjobs.com/hotjobs/925696/senior-sales-manager-at-teknowledge.html,2026-08-30T15:20:23+00:00
e976d6a2afeb5cd0,hotnigerianjobs,925691,Senior Modern Workplace Identity Platform Engineer at TeKnowledge,,Senior Modern Workplace Identity Platform Engineer at TeKnowledge,,Nigeria,unknown,,,Computer / AI / Technology / IT Services,,,,,,,,Other Tech,https://www.hotnigerianjobs.com/hotjobs/925691/senior-modern-workplace-identity-platform-engineer.html,2026-08-30T15:20:23+00:00
2ef9a5727db1e6fd,hotnigerianjobs,925519,Social Media Officer at Creastech Limited,Creastech Limited,"Creastech Limited is recruiting to fill the position of: Social Media Officer. The position is located in Lagos State. Salary: N150,000 per month. The successful candidate will develop content strategies, increase brand awareness, drive audience engagement, and support lead generation through digital channels. Interested candidates should possess a Bachelor’s Degree or its equivalent with a minimum of 2 years’ B2B experience in social media management. Apply Now",Lagos State,Nigeria,unknown,,,Computer / AI / Technology / IT Services,,,,"N150,000 per month",,"Fri 17th Jul, 2026",,,https://www.hotnigerianjobs.com/hotjobs/925519/social-media-officer-at-creastech-limited.html,2026-08-30T15:20:23+00:00
bb99b44a32412787,hotnigerianjobs,925431,Software Developer at Sophia ERP Limited (SEL),Sophia ERP Limited (SEL),"Sophia ERP Limited (SEL) is recruiting to fill the position of: Software Developer. The position is located in Ikeja, Lagos State. Salary: N150,000 - N250,000 per month. Interested candidates should possess a relevant qualification with a minimum of 2 years post NYSC experience working on live or production projects. Apply Now","Ikeja, Lagos State",Nigeria,unknown,,,Computer / AI / Technology / IT Services,,,,"N150,000 - N250,000 per month",,"Fri 17th Jul, 2026",,Software Development,https://www.hotnigerianjobs.com/hotjobs/925431/software-developer-at-sophia-erp.html,2026-08-30T15:20:23+00:00
f97724dc668b0895,hotnigerianjobs,925355,Business Development Officer at Runlink AI HR Platform - Runlink Technology Limited,,Business Development Officer at Runlink AI HR Platform - Runlink Technology Limited,,Nigeria,unknown,,,Computer / AI / Technology / IT Services,,,,,,,,Data & AI,https://www.hotnigerianjobs.com/hotjobs/925355/bd-business-development-officer-at-runlink-ai-hr-p.html,2026-08-30T15:20:23+00:00
c9e04b81a6d095f9,hotnigerianjobs,925373,Business Development Representative / Manager at Runlink AI HR Platform - Runlink Technology Limited,,Business Development Representative / Manager at Runlink AI HR Platform - Runlink Technology Limited,,Nigeria,unknown,,,Computer / AI / Technology / IT Services,,,,,,,,Data & AI,https://www.hotnigerianjobs.com/hotjobs/925373/business-development-representative-manager-at-run.html,2026-08-30T15:20:23+00:00
4f3eb2736ce6c911,hotnigerianjobs,925284,Qore - Appzone Limited Job Recruitment (10 Positions),"Qore, a subsidiary of Appzone Limited","Qore, a subsidiary of Appzone Limited is recruiting suitably qualified candidates to fill the following positions in Lagos State: Marketing Communications Officer, Full Stack Software Engineer, CBA Product Support Officer, Software Engineer, Project Manager, Relationship Manager, Senior Legal Lead, Legal Officer, Senior Regulatory Affairs & Compliance Lead, and Finance Analyst. Apply Now",Lagos State,Nigeria,unknown,,,Computer / AI / Technology / IT Services,,,,,,"Thu 16th Jul, 2026",,Software Development,https://www.hotnigerianjobs.com/hotjobs/925284/qore-appzone-limited-job-recruitment-10-positions.html,2026-08-30T15:20:23+00:00
3608f4cf1cf47e5c,hotnigerianjobs,925229,Business Development Executive at Sophia ERP Limited (SEL),Sophia ERP Limited (SEL),"Sophia ERP Limited (SEL) is recruiting to fill the position of: Business Development Executive. The position is located in Ikeja, Lagos State. Salary: N70,000 - N150,000 monthly. Interested candidates should possess a Bachelor's Degree in Business Administration, Marketing, Information Technology, Computer Science, or a related field with 2+ years of experience in business development, technology sales, software sales, or IT consulting. Apply Now","Ikeja, Lagos State",Nigeria,unknown,,,Computer / AI / Technology / IT Services,,,,"N70,000 - N150,000 monthly",,"Thu 16th Jul, 2026",,Other Tech,https://www.hotnigerianjobs.com/hotjobs/925229/business-development-executive-at-sophia-erp-limit.html,2026-08-30T15:20:23+00:00
b6d63b39a0000ecf,hotnigerianjobs,925128,Senior Data Engineer at Bluechip Technologies Limited,Bluechip Technologies Limited,"Bluechip Technologies Limited is recruiting to fill the position of: Senior Data Engineer. Interested candidates should possess a Bachelor’s Degree in Computer Science, Engineering, Information Technology, or a related discipline (or equivalent practical experience) with a minimum of 6 years’ professional experience in Data Engineering, including at least 3 years supporting large-scale (terabyte/petabyte) data platforms. Apply Now",,Nigeria,unknown,,,Computer / AI / Technology / IT Services,,,,,,"Thu 16th Jul, 2026",,Data & AI,https://www.hotnigerianjobs.com/hotjobs/925128/senior-data-engineer-at-bluechip-technologies-limi.html,2026-08-30T15:20:23+00:00
512673f9745abab6,hotnigerianjobs,925160,Sales Executive at a Fast-Growing ICT Consulting Firm - Fadac Resources And Services Limited,,Sales Executive at a Fast-Growing ICT Consulting Firm - Fadac Resources And Services Limited,,Nigeria,unknown,,,Computer / AI / Technology / IT Services,,,,,,,,Other Tech,https://www.hotnigerianjobs.com/hotjobs/925160/sales-executive-at-fadac-resources-and-services-li.html,2026-08-30T15:20:23+00:00
b18eb9555ba0fc81,hotnigerianjobs,925130,Human Resources Officer at Bluechip Technologies Limited,Bluechip Technologies Limited,"Bluechip Technologies Limited is recruiting to fill the position of: Human Resources Officer. The position is located in Lagos State. Interested candidates should possess a Bachelor’s Degree in Human Resources, Business Administration, Industrial Relations, Psychology, or a related discipline with 2 – 4 years professional experience in Human Resources. Apply Now",Lagos State,Nigeria,unknown,,,Computer / AI / Technology / IT Services,,,,,,"Thu 16th Jul, 2026",,,https://www.hotnigerianjobs.com/hotjobs/925130/human-resources-officer-at-bluechip-technologies-l.html,2026-08-30T15:20:23+00:00
a87f6ccb2ebd3dc4,hotnigerianjobs,924784,Sales Officer at Uleval Technology,Uleval Technology,"Uleval Technology is recruiting to fill the position of: Sales Officer. The position is located in Akure, Ondo State. Interested candidates should possess a Bachelor's Degree or HND with a 3-9 years work experience. Applicant must be resident in Akure. Apply Now","Akure, Ondo State",Nigeria,unknown,,,Computer / AI / Technology / IT Services,,,,,,"Thu 16th Jul, 2026",,,https://www.hotnigerianjobs.com/hotjobs/924784/sales-officer-at-uleval-technology.html,2026-08-30T15:20:23+00:00
adeb46cee4e83787,hotnigerianjobs,924701,Marketing Communications Officer at Qore - Appzone Limited,"Qore, a subsidiary of Appzone Limited","Qore, a subsidiary of Appzone Limited is recruiting to fill the position of: Marketing Communications Officer. The position is located in Lagos State. Interested candidates should possess a BSc in Marketing, Mass Communication, Public Relations, Journalism, Communications, Business Administration, or a related field with 2+ years of experience in marketing communications, corporate communications, brand management, public relations, or content marketing. Apply Now",Lagos State,Nigeria,unknown,,,Computer / AI / Technology / IT Services,,,,,,"Thu 16th Jul, 2026",,,https://www.hotnigerianjobs.com/hotjobs/924701/marketing-communications-officer-at-qore-appzone-l.html,2026-08-30T15:20:23+00:00
30d5db1e81413e7b,hotnigerianjobs,924693,Full Stack Software Engineer at Qore - Appzone Limited,"Qore, a subsidiary of Appzone Limited","Qore, a subsidiary of Appzone Limited is recruiting to fill the position of: Full Stack Software Engineer. The position is located in Lagos State. Interested candidates should possess a BSc in Computer Science, Computer Engineering, Electrical & Electronics Engineering, or a related field of study with 4+ years’ related work experience in software engineering, preferably within the Fintech, Banking and/or financial services sector. Apply Now",Lagos State,Nigeria,unknown,,,Computer / AI / Technology / IT Services,,,,,,"Thu 16th Jul, 2026",,Software Development,https://www.hotnigerianjobs.com/hotjobs/924693/full-stack-software-engineer-at-qore-appzone-limit.html,2026-08-30T15:20:23+00:00
cb8cf0e8744bac75,hotnigerianjobs,924690,CBA Product Support Officer at Qore - Appzone Limited,"Qore, a subsidiary of Appzone Limited","Qore, a subsidiary of Appzone Limited is recruiting to fill the position of: CBA Product Support Officer. The position is located in Lagos State. Interested candidates should possess a Bachelor’s Degree in Computer Science, Information Technology, Engineering, or a related field with 2–4 years of experience in application support, product support, or IT operations, preferably within fin-tech, banking, or financial services. Apply Now",Lagos State,Nigeria,unknown,,,Computer / AI / Technology / IT Services,,,,,,"Thu 16th Jul, 2026",,Other Tech,https://www.hotnigerianjobs.com/hotjobs/924690/cba-product-support-officer-at-qore-appzone-limite.html,2026-08-30T15:20:23+00:00
5faaf9461cfb14b9,hotnigerianjobs,924590,SAP Nigeria Young Professional Program 2026,,"SAP Nigeria invites applications from suitably qualified candidates for its 2026 Young Professional Program. The SAP Young Professionals Program is a free initiative delivered by the Digital Skills Center of SAP. The program, which lasts for 2 months, is designed to give recent graduates the certifications and soft skills required to begin a career as a SAP Associate Consultant. Apply Now",,Nigeria,unknown,,,Computer / AI / Technology / IT Services,,,,,,"Wed 15th Jul, 2026",,,https://www.hotnigerianjobs.com/hotjobs/924590/sap-nigeria-young-professional-program-2026.html,2026-08-30T15:20:23+00:00
7a611c17ee423e15,hotnigerianjobs,924379,Facility / Electrical Technician at CodelabProjects,CodelabProjects,"CodelabProjects is recruiting to fill the position of: Facility / Electrical Technician. The position is located in Sabon-Lugbe, Airport Road - Abuja (FCT). Salary: N170,000 per month. Interested candidates should possess a Bachelor’s Degree or HND in Electrical Engineering or a related field with strong hands-on experience inelectrical installation, troubleshooting, and maintenance. Apply Now","Sabon-Lugbe, Airport Road - Abuja (FCT)",Nigeria,unknown,,,Computer / AI / Technology / IT Services,,,,"N170,000 per month",,"Wed 15th Jul, 2026",,Other Tech,https://www.hotnigerianjobs.com/hotjobs/924379/facility-electrical-technician-at-codelabprojects.html,2026-08-30T15:20:23+00:00
d0bb5a85ec5fbb44,hotnigerianjobs,924474,Codelabprojects Nigeria Limited Job Recruitment (3 Positions),,Codelabprojects Nigeria Limited Job Recruitment (3 Positions),,Nigeria,unknown,,,Computer / AI / Technology / IT Services,,,,,,,,,https://www.hotnigerianjobs.com/hotjobs/924474/codelabprojects-nigeria-limited-job-recruitment-3.html,2026-08-30T15:20:23+00:00
c77f30044904c963,hotnigerianjobs,924403,Sales Manager at Walexbiz Group,Walexbiz Group,"Walexbiz Group is recruiting to fill the position of: Sales Manager. The position is located in Asokoro, Abuja. Interested candidates should possess a Bachelor’s Degree in Marketing, Business Administration, Economics, Management, or related fields with 3–5 years proven experience in Sales, Business Development, or Sales Management. Apply Now","Asokoro, Abuja",Nigeria,unknown,,,Computer / AI / Technology / IT Services,,,,,,"Wed 15th Jul, 2026",,,https://www.hotnigerianjobs.com/hotjobs/924403/sales-manager-at-walexbiz-group.html,2026-08-30T15:20:23+00:00
b06112782fb4f488,hotnigerianjobs,924370,General Manager at Walexbiz Group,Walexbiz Group,"Walexbiz Group is recruiting to fill the position of: General Manager. The position is located in Asokoro, Abuja. Interested candidates should possess a Bachelor’s Degree in Business Administration, Management, or a related discipline (MBA is an advantage) with 5–10 years of relevant experience, including at least 3 years in a senior leadership position. Apply Now","Asokoro, Abuja",Nigeria,unknown,,,Computer / AI / Technology / IT Services,,,,,,"Wed 15th Jul, 2026",,,https://www.hotnigerianjobs.com/hotjobs/924370/general-manager-at-walexbiz-group.html,2026-08-30T15:20:23+00:00
e13b32191351e378,hotnigerianjobs,923506,Customer Success Manager at Infytel Communications Limited,Kalthum Foundation for Peace (KFP),"Kalthum Foundation for Peace (KFP) is recruiting to fill the position of: Customer Success Manager. The position is located in Outskirt, Lagos State. Interested candidates should possess a Bachelor's Degree in Business, Information Technology, Computer Science, Marketing, or a related field with 2–5 years of experience in Customer Success, Account Management, Customer Support, Training, or a related role. Apply Now","Outskirt, Lagos State",Nigeria,unknown,,,Computer / AI / Technology / IT Services,,,,,,"Tue 14th Jul, 2026",,Other Tech,https://www.hotnigerianjobs.com/hotjobs/923506/customer-success-manager-at-infytel-communications.html,2026-08-30T15:20:23+00:00
77489a9765566414,hotnigerianjobs,923488,Electrical Engineer at Ascentech Services Limited,Ascentech Services Limited,"Ascentech Services Limited is recruiting to fill the position of: Electrical Engineer. The position is located in Kano State. Salary: N200,000 - N250,000 per month. Interested candidates should possess a Diploma / HND / B.Sc. in Electrical Engineering or related field with 1–5 years relevant experience in electrical maintenance within manufacturing or industrial environments. Apply Now",Kano State,Nigeria,unknown,,,Computer / AI / Technology / IT Services,,,,"N200,000 - N250,000 per month",,"Tue 14th Jul, 2026",,Other Tech,https://www.hotnigerianjobs.com/hotjobs/923488/electrical-engineer-at-ascentech-services-limited.html,2026-08-30T15:20:23+00:00
5ca79a389e20f4b7,hotnigerianjobs,923400,Ads Specialist at Havana Group,Havana Group,"Havana Group is recruiting to fill the position of: Ads Specialist. The position is located in Enugu State. Salary: N200,000 - N300,000 monthly. Interested candidates should possess a Bachelor's Degree, with 4-5 years' experience running paid ads and Proficient in AI marketing tools. Apply Now",Enugu State,Nigeria,unknown,,,Computer / AI / Technology / IT Services,,,,"N200,000 - N300,000 monthly",,"Tue 14th Jul, 2026",,Data & AI,https://www.hotnigerianjobs.com/hotjobs/923400/ads-specialist-at-havana-group.html,2026-08-30T15:20:23+00:00
499f4d34ea21b0b6,hotnigerianjobs,923217,UI Developer at Udoba Tech Ventures,Udoba Tech Ventures,"Udoba Tech Ventures is recruiting to fill the position of: UI Developer. The position is located in Abuja. Salary: N150,000 - N200,000 monthly. Interested candidates should possess a Bachelor's Degree in Computer Science, Design, or a related field (or equivalent practical experience) with 2–4 years of experience specifically in UI/frontend development. Apply Now",Abuja,Nigeria,unknown,,,Computer / AI / Technology / IT Services,,,,"N150,000 - N200,000 monthly",,"Tue 14th Jul, 2026",,Software Development,https://www.hotnigerianjobs.com/hotjobs/923217/ui-developer-at-udoba-tech-ventures.html,2026-08-30T15:20:23+00:00
713f00c15592b114,hotnigerianjobs,923224,Video Editor at Udoba Tech Ventures,Udoba Tech Ventures,"Udoba Tech Ventures is recruiting to fill the position of: Video Editor. The position is located in Abuja. Salary: N100,000 - N150,000 monthly. Interested candidates should possess a Diploma/Degree in Film Production, Mass Communication, Media Studies, or a related field (or equivalent practical experience/portfolio) with 2–4 years of professional video editing experience (agency, in-house brand, or freelance). Apply Now",Abuja,Nigeria,unknown,,,Computer / AI / Technology / IT Services,,,,"N100,000 - N150,000 monthly",,"Tue 14th Jul, 2026",,,https://www.hotnigerianjobs.com/hotjobs/923224/video-editor-at-udoba-tech-ventures.html,2026-08-30T15:20:23+00:00
3788c5d6a0984926,hotnigerianjobs,923210,Software Developer at Udoba Tech Ventures,Udoba Tech Ventures,"Udoba Tech Ventures is recruiting to fill the position of: Software Developer. The position is located in Abuja. Salary: N200,000 - N300,000 monthly. Interested candidates should possess a Bachelor's Degree in Computer Science, Software Engineering, Information Technology, or a related field (or equivalent practical experience) with 2–5 years of professional software development experience. Apply Now",Abuja,Nigeria,unknown,,,Computer / AI / Technology / IT Services,,,,"N200,000 - N300,000 monthly",,"Tue 14th Jul, 2026",,Software Development,https://www.hotnigerianjobs.com/hotjobs/923210/software-developer-at-udoba-tech-ventures.html,2026-08-30T15:20:23+00:00
a414a53423678878,hotnigerianjobs,922909,Computer Vision Field Application Engineer at Ekfrazo Technologies,,Computer Vision Field Application Engineer at Ekfrazo Technologies,,Nigeria,unknown,,,Computer / AI / Technology / IT Services,,,,,,,,Other Tech,https://www.hotnigerianjobs.com/hotjobs/922909/computer-vision-field-application-engineer-at-ekfr.html,2026-08-30T15:20:23+00:00
9f1dafd07016cfa0,hotnigerianjobs,922687,PC Place Nigeria Limited Job Recruitment (8 Positions),PC Place Nigeria Limited,"PC Place Nigeria Limited is recruiting suitably qualified candidates to fill the following positions in Lagos State: Accountant, B2B Sales Executive; Accountant, Dispatch Rider; Growth Sales Executive; Business Development Executive; Procurement Assistant; and Online Sales / Telesales Officer. Apply Now",Lagos State,Nigeria,unknown,,,Computer / AI / Technology / IT Services,,,,,,"Mon 13th Jul, 2026",,,https://www.hotnigerianjobs.com/hotjobs/922687/pc-place-nigeria-limited-job-recruitment-9-positio.html,2026-08-30T15:20:23+00:00
7f382e4b6b4f31e7,hotnigerianjobs,922686,Technical Team Lead at Phillips Outsourcing Limited,Phillips Outsourcing Limited,"Phillips Outsourcing Limited is recruiting to fill the position of: Technical Team Lead. The position is located in Igando, Lagos State. Interested candidates should possess a Bachelor's Degree in Electrical Engineering, Renewable Energy, Energy Engineering, or a related field with 3–5 years experience in solar energy, battery storage, and IoT technologies. Apply Now","Igando, Lagos State",Nigeria,unknown,,,Computer / AI / Technology / IT Services,,,,,,"Mon 13th Jul, 2026",,Other Tech,https://www.hotnigerianjobs.com/hotjobs/922686/technical-team-lead-at-phillips-outsourcing-limite.html,2026-08-30T15:20:23+00:00
53e10a53ca74724e,hotnigerianjobs,922599,Account Bookkeeper (Remote) at erpSOFTapp Limited,erpSOFTapp Limited,"erpSOFTapp Limited is recruiting to fill the position of: Account Bookkeeper. This is a Remote position in Yaba, Lagos State. Salary: N80,000 - N150,000 per month. Interested candidates should possess an Associate’s Degree in Accounting, Finance, or a related field is preferred, though equivalent practical experience will be considered with a minimum of 1 year of relevant experience in bookkeeping, accounting, or a related administrative role. Apply Now","Yaba, Lagos State. Salary",Nigeria,remote,Country-only,,Computer / AI / Technology / IT Services,,,,"N80,000 - N150,000 per month",,"Mon 13th Jul, 2026",,Other Tech,https://www.hotnigerianjobs.com/hotjobs/922599/account-bookkeeper-remote-at-erpsoftapp.html,2026-08-30T15:20:23+00:00
b9ebb6bfaa757233,hotnigerianjobs,922555,Tezza Business Solutions Limited Job Recruitment (30 Positions),,Tezza Business Solutions Limited Job Recruitment (30 Positions),,Nigeria,unknown,,,Computer / AI / Technology / IT Services,,,,,,,,,https://www.hotnigerianjobs.com/hotjobs/922555/tezza-business-solutions-limited-job-recruitment-3.html,2026-08-30T15:20:23+00:00
7ee5703d83677f8b,hotnigerianjobs,922449,Wootlab Innovations Job Recruitment (7 Positions),Wootlab Innovations,"Wootlab Innovations is recruiting qualified candidates to fill the following Internship & Experienced positions in Abuja and Lagos State: GESI, Safeguarding and NEET Inclusion Lead; Environmental, Social Safeguards and E-Waste Lead; Communications and Stakeholder Engagement Lead; Incubation, Acceleration and Business Development Lead; Project Manager; Technical Assistant; Business Operations Manager. Apply Now",Abuja and Lagos State,Nigeria,unknown,,,Computer / AI / Technology / IT Services,,,,,,"Mon 13th Jul, 2026",,Other Tech,https://www.hotnigerianjobs.com/hotjobs/922449/wootlab-innovations-job-recruitment-4-positions.html,2026-08-30T15:20:23+00:00
0187b9e7294f73fe,hotnigerianjobs,922397,Accountant at PC Place Nigeria Limited,PC Place Nigeria Limited,"PC Place Nigeria Limited is recruiting to fill the position of: Accountant. The position is located in Ikeja, Lagos State. Salary: N250,000 - N350,000 per month. Interested candidates should possess a Bachelor’s Degree in Accounting, Finance, or related field; Professional certification (ACA, ACCA, CPA) preferred; with strong knowledge of accounting principles and auditing standards. Apply Now","Ikeja, Lagos State",Nigeria,unknown,,,Computer / AI / Technology / IT Services,,,,"N250,000 - N350,000 per month",,"Mon 13th Jul, 2026",,,https://www.hotnigerianjobs.com/hotjobs/922397/accountant-at-pc-place-nigeria-limited.html,2026-08-30T15:20:23+00:00
9a758c0284eb317c,hotnigerianjobs,922323,"Incubation, Acceleration and Business Development Lead at Wootlab Innovations",,"Incubation, Acceleration and Business Development Lead at Wootlab Innovations",,Nigeria,unknown,,,Computer / AI / Technology / IT Services,,,,,,,,,https://www.hotnigerianjobs.com/hotjobs/922323/incubation-acceleration-and-business-development-l.html,2026-08-30T15:20:23+00:00
244db97d8025005a,hotnigerianjobs,922180,"Sales Representatives (Nationwide) at Cravings ""N"" Cruise Limited",,"Sales Representatives (Nationwide) at Cravings ""N"" Cruise Limited",,Nigeria,unknown,,,Computer / AI / Technology / IT Services,,,,,,,,,https://www.hotnigerianjobs.com/hotjobs/922180/sales-representatives-nationwide-at-cravings-n-cru.html,2026-08-30T15:20:23+00:00
0d5f56608e2a359a,hotnigerianjobs,922109,Video Editor at Udoba Tech Ventures,Udoba Tech Ventures,"Udoba Tech Ventures is recruiting to fill the position of: Video Editor. The position is located in Lagos State. Salary: N100,000 - N200,000 Monthly. Interested candidates should possess a Diploma / Degree in Film Production, Mass Communication, Media Studies, or a related field (or equivalent practical experience/portfolio) with 2–4 years of professional video editing experience (agency, in-house brand, or freelance). Apply Now",Lagos State,Nigeria,unknown,,,Computer / AI / Technology / IT Services,,,,"N100,000 - N200,000 Monthly",,"Mon 13th Jul, 2026",,,https://www.hotnigerianjobs.com/hotjobs/922109/video-editor-at-udoba-tech-ventures.html,2026-08-30T15:20:23+00:00
2a714fbde64f6a25,hotnigerianjobs,922097,Software Developer at Udoba Tech Ventures,Udoba Tech Ventures,"Udoba Tech Ventures is recruiting to fill the position of: Software Developer. The position is located in Lagos State. Salary: N200,000 - N300,000 per month. Interested candidates should possess a Bachelor's Degree in Computer Science, Software Engineering, Information Technology, or a related field (or equivalent practical experience) with 2–5 years of professional software development experience. Apply Now",Lagos State,Nigeria,unknown,,,Computer / AI / Technology / IT Services,,,,"N200,000 - N300,000 per month",,"Mon 13th Jul, 2026",,Software Development,https://www.hotnigerianjobs.com/hotjobs/922097/software-developer-at-udoba-tech-ventures.html,2026-08-30T15:20:23+00:00
a94b799a5e7d1529,hotnigerianjobs,922104,UI Developer at Udoba Tech Ventures,Udoba Tech Ventures,"Udoba Tech Ventures is recruiting to fill the position of: UI Developer. The position is located in Lagos State. Salary Range: N150,000 – N200,000 net monthly. Interested candidates should possess a Bachelor's Degree in Computer Science, Design, or a related field (or equivalent practical experience) with 2–4 years of experience specifically in UI/frontend development. Apply Now",Lagos State,Nigeria,unknown,,,Computer / AI / Technology / IT Services,,,,,,"Mon 13th Jul, 2026",,Software Development,https://www.hotnigerianjobs.com/hotjobs/922104/ui-developer-at-udoba-tech-ventures.html,2026-08-30T15:20:25+00:00
2fedfd8be968bf05,hotnigerianjobs,921987,IT Support Officer at Wragby Business Solutions & Technologies Limited,,IT Support Officer at Wragby Business Solutions & Technologies Limited,,Nigeria,unknown,,,Computer / AI / Technology / IT Services,,,,,,,,IT Support & Networking,https://www.hotnigerianjobs.com/hotjobs/921987/it-support-officer-at-wragby-business-solutions-te.html,2026-08-30T15:20:25+00:00
978da22aca7dfa56,hotnigerianjobs,921863,"Assistant Manager, Human Resources & Administration at a Leading Conglomerate - Talent City",,"Assistant Manager, Human Resources & Administration at a Leading Conglomerate - Talent City",,Nigeria,unknown,,,Computer / AI / Technology / IT Services,,,,,,,,,https://www.hotnigerianjobs.com/hotjobs/921863/assistant-manager-human-resources-administration-a.html,2026-08-30T15:20:25+00:00
04cda45825a6d8c7,hotnigerianjobs,921743,VMware Systems Administrator (Migration Specialist) at Vennote Technologies Limited,,VMware Systems Administrator (Migration Specialist) at Vennote Technologies Limited,,Nigeria,unknown,,,Computer / AI / Technology / IT Services,,,,,,,,IT Support & Networking,https://www.hotnigerianjobs.com/hotjobs/921743/vmware-systems-administrator-migration-specialist.html,2026-08-30T15:20:25+00:00
e90d907fb54fd460,hotnigerianjobs,921571,Sales Executive (Tech) at Mason Atlantic Limited - Hybrid,Mason Atlantic Limited,Mason Atlantic Limited is recruiting to fill the position of: Sales Executive (Tech). This is a Hybrid position in Lagos State. Interested candidates should possess a minimum of Second Class Lower (2:2) from a recognized institution with 1 - 3 years of Sales experience in the same industry preferably. Apply Now,Lagos State. Interested candidates should possess a minimum of Second Class Lower (2,Nigeria,hybrid,,,Computer / AI / Technology / IT Services,,,,,,"Fri 10th Jul, 2026",,,https://www.hotnigerianjobs.com/hotjobs/921571/sales-executive-hybrid-at-mason-atlantic-limited.html,2026-08-30T15:20:25+00:00
fe570979ff18990d,hotnigerianjobs,921518,Cleaner at a Dynamic Conglomerate - JEV Consulting,"JEV Consulting - Our client, a dynamic Conglomerate","JEV Consulting - Our client, a dynamic Conglomerate is recruiting to fill the position of: Cleaner. The position is located in Lekki, Lagos State. Salary: N40,000 / Month. Interested candidates should possess minimum of an SSCE (WAEC / NECO / GCE) with 1–3 years’ experience as a Cleaner, Housekeeper, or Office Assistant. Apply Now","Lekki, Lagos State",Nigeria,unknown,,,Computer / AI / Technology / IT Services,,,,"N40,000 / Month",,"Fri 10th Jul, 2026",,,https://www.hotnigerianjobs.com/hotjobs/921518/cleaner-at-a-dynamic-conglomerate-jev-consulting.html,2026-08-30T15:20:25+00:00
3185f6eca893af3f,hotnigerianjobs,921456,Linux Systems Administrator at Vennote Technologies Limited,Vennote Technologies Limited,"Vennote Technologies Limited is recruiting to fill the position of: Linux Systems Administrator. The position is located in Lagos State. Interested candidates should possess a Bachelor’s Degree in Computer Science, Information Technology, Computer Engineering, or a related technical field with 4 – 6 years of hands-on experience in a Unix/Linux Systems Administrator role. Apply Now",Lagos State,Nigeria,unknown,,,Computer / AI / Technology / IT Services,,,,,,"Thu 09th Jul, 2026",,IT Support & Networking,https://www.hotnigerianjobs.com/hotjobs/921456/linux-systems-administrator-at-vennote-technologie.html,2026-08-30T15:20:25+00:00
692b16d29f9139fe,hotnigerianjobs,921358,UAV CAD Engineer at Uniccon Group,Uniccon Group,Uniccon Group is recruiting to fill the position of: UAV CAD Engineer. The position is located in Abuja. Interested candidates should possess relevant qualifications. Apply Now,Abuja,Nigeria,unknown,,,Computer / AI / Technology / IT Services,,,,,,"Thu 09th Jul, 2026",,Other Tech,https://www.hotnigerianjobs.com/hotjobs/921358/uav-cad-engineer-at-uniccon-group.html,2026-08-30T15:20:25+00:00
3125ccfec0d7d9a4,hotnigerianjobs,921357,UAV Composite Manufacturing Technician at Uniccon Group,Uniccon Group,"Uniccon Group is recruiting to fill the position of: UAV Composite Manufacturing Technician. The position is located in Abuja. Interested candidates should possess relevant qualifications with proven experience working with advanced composite materials, specifically carbon fiber, fiberglass, resins, and vacuum bagging systems. Apply Now",Abuja,Nigeria,unknown,,,Computer / AI / Technology / IT Services,,,,,,"Thu 09th Jul, 2026",,,https://www.hotnigerianjobs.com/hotjobs/921357/uav-composite-manufacturing-technician-at-uniccon.html,2026-08-30T15:20:25+00:00
c62aee8388dfc58f,hotnigerianjobs,921355,UAV Propulsion System Engineer at Uniccon Group,Uniccon Group,"Uniccon Group is recruiting to fill the position of: UAV Propulsion System Engineer. The position is located in Abuja. Interested candidates should possess a strong foundational background in engine cycle fundamentals, heat transfer, fluid dynamics, and flight mechanics. Apply Now",Abuja,Nigeria,unknown,,,Computer / AI / Technology / IT Services,,,,,,"Thu 09th Jul, 2026",,Other Tech,https://www.hotnigerianjobs.com/hotjobs/921355/uav-propulsion-system-engineer-at-uniccon-group.html,2026-08-30T15:20:25+00:00
938dd619ae1b19fc,hotnigerianjobs,921371,Uniccon Group Recruitment (6 Positions),Uniccon Group,"Uniccon Group is recruiting suitable candidates to fill the following positions in Abuja: UAV / Aircraft Design Engineer; UAV Avionics Engineer (Autonomy, Flight Control & Vehicle Avionics); Embedded Systems & PCB Design Engineer; UAV CAD Engineer; UAV Composite Manufacturing Technician; and UAV Propulsion System Engineer. Apply Now",Abuja,Nigeria,unknown,,,Computer / AI / Technology / IT Services,,,,,,"Thu 09th Jul, 2026",,Other Tech,https://www.hotnigerianjobs.com/hotjobs/921371/uniccon-group-recruitment-6-positions.html,2026-08-30T15:20:25+00:00
fad6fcd5f086564c,hotnigerianjobs,921364,UAV / Aircraft Design Engineer at Uniccon Group,Uniccon Group,Uniccon Group is recruiting to fill the position of: UAV / Aircraft Design Engineer. The position is located in Abuja. Interested candidates should possess a Bachelor’s Degree in Aerospace or Aeronautical Engineering with at least 3 years of relevant hands-on aircraft or UAV design experience. Apply Now,Abuja,Nigeria,unknown,,,Computer / AI / Technology / IT Services,,,,,,"Thu 09th Jul, 2026",,Other Tech,https://www.hotnigerianjobs.com/hotjobs/921364/uav-aircraft-design-engineer-at-uniccon-group.html,2026-08-30T15:20:25+00:00
ffb2cfaa2d652325,hotnigerianjobs,921363,"UAV Avionics Engineer (Autonomy, Flight Control & Vehicle Avionics) at Uniccon Group",,"UAV Avionics Engineer (Autonomy, Flight Control & Vehicle Avionics) at Uniccon Group",,Nigeria,unknown,,,Computer / AI / Technology / IT Services,,,,,,,,Other Tech,https://www.hotnigerianjobs.com/hotjobs/921363/uav-avionics-engineer-autonomy-flight-control-vehi.html,2026-08-30T15:20:25+00:00
16315bb037cb9d8b,hotnigerianjobs,921362,Embedded Systems & PCB Design Engineer at Uniccon Group,Uniccon Group,"Uniccon Group is recruiting to fill the position of: Embedded Systems & PCB Design Engineer. The position is located in Abuja. Interested candidates should possess a B.Eng / B.Sc in Electrical, Electronics, Computer, or Mechatronics Engineering with 3+ years of proven experience in embedded hardware and systems development. Apply Now",Abuja,Nigeria,unknown,,,Computer / AI / Technology / IT Services,,,,,,"Thu 09th Jul, 2026",,Other Tech,https://www.hotnigerianjobs.com/hotjobs/921362/embedded-systems-pcb-design-engineer-at-uniccon-gr.html,2026-08-30T15:20:25+00:00
4cb5a30a77571a20,hotnigerianjobs,921319,Experienced Storekeeper at Logisoft Solutions,Logisoft Solutions,"Logisoft Solutions is recruiting to fill the position of: Experienced Storekeeper. The position is located in Lekki / Ikate, Lagos State. Salary: N80,000 / month. Interested candidates should possess a minimum of SSCE / OND qualification with proven experience as a storekeeper, warehouse assistant, or similar role. Apply Now","Lekki / Ikate, Lagos State",Nigeria,unknown,,,Computer / AI / Technology / IT Services,,,,"N80,000 / month",,"Thu 09th Jul, 2026",,,https://www.hotnigerianjobs.com/hotjobs/921319/experienced-store-keeper-at-logisoft-solutions.html,2026-08-30T15:20:25+00:00
32102ee51f646d0a,hotnigerianjobs,921318,Hugo Technologies Job Recruitment (3 Positions),Hugo Technologies,"Hugo Technologies is recruiting suitable candidates to fill the following positions: Administrative Manager, Facilities Operations Manager, and Admin Associate. Apply Now",,Nigeria,unknown,,,Computer / AI / Technology / IT Services,,,,,,"Thu 09th Jul, 2026",,,https://www.hotnigerianjobs.com/hotjobs/921318/hugo-technologies-job-recruitment-3-positions.html,2026-08-30T15:20:25+00:00
60870435c6bae604,hotnigerianjobs,921193,Generative AI Engineer at Darey.io,Darey.io,Darey.io is recruiting to fill the position of: Generative AI Engineer. The position is located in Lagos State. Interested candidates should possess relevant qualifications with work experience. Apply Now,Lagos State,Nigeria,unknown,,,Computer / AI / Technology / IT Services,,,,,,"Thu 09th Jul, 2026",,Data & AI,https://www.hotnigerianjobs.com/hotjobs/921193/generative-ai-engineer-at-dareyio.html,2026-08-30T15:20:25+00:00
8f5691f9521aadb5,hotnigerianjobs,920999,Facilities Operations Manager at Hugo Technologies,Hugo Technologies,"Hugo Technologies is recruiting to fill the position of: Facilities Operations Manager. Interested candidates should possess a Bachelor’s Degree in Engineering, Facility Management, Operations, or related field (preferred but not mandatory), with 6 – 10 years experience in Facilities Management, with at least 3 years managing multi-site operations (preferably in BPOs, Data Centers, or Industrial sites). Apply Now",,Nigeria,unknown,,,Computer / AI / Technology / IT Services,,,,,,"Thu 09th Jul, 2026",,Other Tech,https://www.hotnigerianjobs.com/hotjobs/920999/facilities-operations-manager-at-hugo-technologies.html,2026-08-30T15:20:25+00:00
e71509b13e5a2cbc,hotnigerianjobs,920995,Administrative Manager at Hugo Technologies,Hugo Technologies,"Hugo Technologies is recruiting to fill the position of: Administrative Manager. Interested candidates should possess a Bachelor’s Degree or equivalent in Business Admin or Office Management with 5+ years of experience in Office Administration or Facilities Management, preferably in a fast-paced BPO, hospitality, or multi-campus corporate environment in Nigeria. Apply Now",,Nigeria,unknown,,,Computer / AI / Technology / IT Services,,,,,,"Thu 09th Jul, 2026",,,https://www.hotnigerianjobs.com/hotjobs/920995/administrative-manager-at-hugo-technologies.html,2026-08-30T15:20:25+00:00
2019ba21ca93a775,hotnigerianjobs,920918,Senior Finance Specialist at Cavista,Cavista,"Cavista is recruiting to fill the position of: Senior Finance Specialist. The position is located in Town Planning Way, Ilupeju, Lagos State. Interested candidates should possess a BSc or HND in Finance, Accounting, Economics, or a related field with 5 - 8 years of progressive experience in finance or accounting roles. ICAN certification, completed or in progress, is required. Apply Now","Town Planning Way, Ilupeju, Lagos State",Nigeria,unknown,,,Computer / AI / Technology / IT Services,,,,,,"Thu 09th Jul, 2026",,,https://www.hotnigerianjobs.com/hotjobs/920918/senior-finance-specialist-at-cavista.html,2026-08-30T15:20:25+00:00
de63f6ec8b1b2715,hotnigerianjobs,920742,Service Writer at Iraizickify Buisness Limited,Iraizickify Business Limited,"Iraizickify Business Limited is recruiting to fill the position of: Service Writer. The position is located in Lagos State. Salary: N200,000 - N250,000 per month. Interested candidates should possess a High School Diploma or equivalent (preferred) with 0-6 years experience. Apply Now",Lagos State,Nigeria,unknown,,,Computer / AI / Technology / IT Services,,,,"N200,000 - N250,000 per month",,"Wed 08th Jul, 2026",,,https://www.hotnigerianjobs.com/hotjobs/920742/service-writer-at-iraizickify-business-limited.html,2026-08-30T15:20:25+00:00
73e757e9fa79fe03,hotnigerianjobs,920622,Business Development Officer at Sage Grey Technologies Limited,,Business Development Officer at Sage Grey Technologies Limited,,Nigeria,unknown,,,Computer / AI / Technology / IT Services,,,,,,,,,https://www.hotnigerianjobs.com/hotjobs/920622/business-development-officer-at-sage-grey-technolo.html,2026-08-30T15:20:25+00:00
b846f9276d77712e,hotnigerianjobs,920557,Professional Driver at HanaMera Recruitment and Consulting Services,,Professional Driver at HanaMera Recruitment and Consulting Services,,Nigeria,unknown,,,Computer / AI / Technology / IT Services,,,,,,,,,https://www.hotnigerianjobs.com/hotjobs/920557/professional-driver-at-hanamera-recruitment-and-co.html,2026-08-30T15:20:25+00:00
6a134466ade4983f,hotnigerianjobs,920256,Admin Associate at Hugo Technologies,Hugo Technologies,"Hugo Technologies is recruiting to fill the position of: Admin Associate. Interested candidates should possess a Bachelor’s Degree or equivalent experience in Business Admin or Office Management with 2+ years in admin, receptionist, or similar roles. Apply Now",,Nigeria,unknown,,,Computer / AI / Technology / IT Services,,,,,,"Wed 08th Jul, 2026",,,https://www.hotnigerianjobs.com/hotjobs/920256/admin-associate-at-hugo-technologies.html,2026-08-30T15:20:25+00:00
5ff5ab40c316369f,hotnigerianjobs,920223,Digital Marketing Manager - Hybrid at MarketEdge Advisory - Tezza Business Solutions Limited,,Digital Marketing Manager - Hybrid at MarketEdge Advisory - Tezza Business Solutions Limited,,Nigeria,hybrid,,,Computer / AI / Technology / IT Services,,,,,,,,,https://www.hotnigerianjobs.com/hotjobs/920223/digital-marketing-manager-hybrid-at-marketedge-adv.html,2026-08-30T15:20:25+00:00
821e23d49ff9cffa,hotnigerianjobs,920221,Architect at Tezza Business Solutions Limited,Tezza Business Solutions Limited,Tezza Business Solutions Limited is recruiting to fill the position of: Architect. The position is located in Lagos State. Interested candidates should possess a Bachelor’s or Master’s Degree in Architecture with 3 - 5 years of professional architectural experience (experience with large-scale building projects is required; international project exposure is a plus). Apply Now,Lagos State,Nigeria,unknown,,,Computer / AI / Technology / IT Services,,,,,,"Wed 08th Jul, 2026",,,https://www.hotnigerianjobs.com/hotjobs/920221/architect-at-tezza-business-solutions-limited.html,2026-08-30T15:20:25+00:00
4b3381796c90af12,hotnigerianjobs,920084,Undergraduate Part Time Lecturer (Education) at Miva Open University,,Undergraduate Part Time Lecturer (Education) at Miva Open University,,Nigeria,unknown,,,Computer / AI / Technology / IT Services,,,,,,,,,https://www.hotnigerianjobs.com/hotjobs/920084/undergraduate-part-time-lecturer-education-at-miva.html,2026-08-30T15:20:25+00:00
cb7169337b870504,hotnigerianjobs,920079,Undergraduate Part Time Lecturer (Accounting) at Miva Open University,,Undergraduate Part Time Lecturer (Accounting) at Miva Open University,,Nigeria,unknown,,,Computer / AI / Technology / IT Services,,,,,,,,,https://www.hotnigerianjobs.com/hotjobs/920079/undergraduate-part-time-lecturer-accounting-at-miv.html,2026-08-30T15:20:25+00:00
331f44129e1c3ee8,hotnigerianjobs,920059,Havana Group Job Recruitment (5 Positions),Havana Group,"Havana Group is recruiting suitably qualified candidates to fill the following positions in Enugu State: Ads Specialist, Chief Financial Officer (CFO), Graphics Designer, Content Writer, and Human Resource Officer. Apply Now",Enugu State,Nigeria,unknown,,,Computer / AI / Technology / IT Services,,,,,,"Tue 07th Jul, 2026",,,https://www.hotnigerianjobs.com/hotjobs/920059/havana-group-job-recruitment-4-positions.html,2026-08-30T15:20:25+00:00
848f55624254a214,hotnigerianjobs,920046,Chief Financial Officer (CFO) at Havana Group,Havana Group,"Havana Group is recruiting to fill the position of: Chief Financial Officer (CFO). The position is located in Enugu State. Salary: N200,000 - N400,000 / month. Interested candidates should possess a Bachelor’s Degree, ACA / ACCA / CPA with 5+ years’ finance experience, leadership, financial modelling, and investor relations expertise. Apply Now",Enugu State,Nigeria,unknown,,,Computer / AI / Technology / IT Services,,,,"N200,000 - N400,000 / month",,"Tue 07th Jul, 2026",,,https://www.hotnigerianjobs.com/hotjobs/920046/chief-financial-officer-cfo-at-havana-group.html,2026-08-30T15:20:25+00:00
79d983e1a7b1bc4c,hotnigerianjobs,919968,Accountant (NYSC) at Arit of Africa Limited,Arit of Africa Limited,"Arit of Africa Limited is recruiting to fill the position of: Accountant (NYSC). The position is located in Yaba, Lagos State. Interested candidates should be fresh graduates with a BSc / HND in Accounting, and should be preferably males. Apply Now","Yaba, Lagos State",Nigeria,unknown,,,Computer / AI / Technology / IT Services,,,,,,"Tue 07th Jul, 2026",,,https://www.hotnigerianjobs.com/hotjobs/919968/accountant-nysc-at-arit-of-africa-limited.html,2026-08-30T15:20:25+00:00
01c56e2261405c6f,hotnigerianjobs,919894,Wootlab Innovations Job Recruitment (3 Positions),Wootlab Innovations,"Wootlab Innovations is recruiting qualified candidates to fill the following Internship & Experienced positions in Abuja and Lagos State: Project Manager, Technical Assistant, Business Operations Manager. Apply Now",Abuja and Lagos State,Nigeria,unknown,,,Computer / AI / Technology / IT Services,,,,,,"Tue 07th Jul, 2026",,Other Tech,https://www.hotnigerianjobs.com/hotjobs/919894/wootlab-innovations-job-recruitment-3-positions.html,2026-08-30T15:20:25+00:00
7c49a00b83a00a00,hotnigerianjobs,919847,UI / UX Designer at PROLOC - Hayche Multi-Services Solutions,,UI / UX Designer at PROLOC - Hayche Multi-Services Solutions,,Nigeria,unknown,,,Computer / AI / Technology / IT Services,,,,,,,,Product & Design,https://www.hotnigerianjobs.com/hotjobs/919847/ui-ux-designer-at-proloc-hayche-multiservices-solu.html,2026-08-30T15:20:25+00:00
7de825b6968f60f0,hotnigerianjobs,919737,Account Manager at ASUS Nigeria,ASUS Nigeria,ASUS Nigeria is recruiting to fill the position of: Account Manager. The position is located in Lagos State. Interested candidates should possess a Bachelor's Degree or equivalent. Apply Now,Lagos State,Nigeria,unknown,,,Computer / AI / Technology / IT Services,,,,,,"Tue 07th Jul, 2026",,,https://www.hotnigerianjobs.com/hotjobs/919737/account-manager-at-asus-nigeria.html,2026-08-30T15:20:25+00:00
9c1ea6b28eb8d574,hotnigerianjobs,919707,Sales & Marketing Executive at Customer Passion Point Limited (CPPL),,Sales & Marketing Executive at Customer Passion Point Limited (CPPL),,Nigeria,unknown,,,Computer / AI / Technology / IT Services,,,,,,,,,https://www.hotnigerianjobs.com/hotjobs/919707/sales-marketing-executive-at-customer-passion-poin.html,2026-08-30T15:20:25+00:00
67c04bb6ee0f7de5,hotnigerianjobs,919697,Business Operations Manager at Wootlab Innovations,Wootlab Innovations,"Wootlab Innovations is recruiting to fill the position of: Business Operations Manager. The position is located in Abuja. Interested candidates should possess a Bachelor's Degree in Business Administration, Management, Computer Science, Information Technology, Engineering, or a related field with a minimum of 5 years' experience in business operations, technology, consulting, software delivery, or business development, with at least 2 years in a leadership role. Apply Now",Abuja,Nigeria,unknown,,,Computer / AI / Technology / IT Services,,,,,,"Tue 07th Jul, 2026",,Other Tech,https://www.hotnigerianjobs.com/hotjobs/919697/business-operations-manager-at-wootlab-innovations.html,2026-08-30T15:20:25+00:00
5f7cbf389686ef28,hotnigerianjobs,919703,Technical Assistant at Wootlab Innovations,Wootlab Innovations,"Wootlab Innovations is recruiting to fill the position of: Technical Assistant. The position is located in Abuja. Interested candidates should possess a Bachelor's Degree in Business Administration, Management, Economics, Computer Science, Social Sciences, or a related field with a minimum of 3 years' experience supporting senior executives in a corporate, technology, consulting, or development organisation. Apply Now",Abuja,Nigeria,unknown,,,Computer / AI / Technology / IT Services,,,,,,"Tue 07th Jul, 2026",,Other Tech,https://www.hotnigerianjobs.com/hotjobs/919703/technical-assistant-at-wootlab-innovations.html,2026-08-30T15:20:25+00:00
04d43c976b417c26,hotnigerianjobs,919625,Data Center Critical Facilities Engineer III at Equinix Nigeria,,Data Center Critical Facilities Engineer III at Equinix Nigeria,,Nigeria,unknown,,,Computer / AI / Technology / IT Services,,,,,,,,Other Tech,https://www.hotnigerianjobs.com/hotjobs/919625/data-center-critical-facilities-engineer-iii-at-eq.html,2026-08-30T15:20:25+00:00
d22849991ed8fbe3,hotnigerianjobs,919528,Software Engineer at Compovine Technologies Nigeria Limited,Compovine Technologies Nigeria Limited,"Compovine Technologies Nigeria Limited is recruiting to fill the position of: Software Engineer. The position is located in Ikeja, Lagos State. Interested candidates should possess a Bachelor's Degree or Higher National Diploma (HND) in Computer Science, Software Engineering, Information Technology, Computer Engineering, or a related discipline; Relevant professional certifications in software development or cloud technologies will be an added advantage with a minimum of 2 years' relevant experience in software development or software engineering. Apply Now","Ikeja, Lagos State",Nigeria,unknown,,,Computer / AI / Technology / IT Services,,,,,,"Tue 07th Jul, 2026",,Software Development,https://www.hotnigerianjobs.com/hotjobs/919528/software-engineer-at-compovine-technologies-nigeri.html,2026-08-30T15:20:25+00:00
cdad9446cbb8e1ff,hotnigerianjobs,919248,Senior Python Developer (Full Stack) at an IT Company - Odixcity Consulting (Remote),,Senior Python Developer (Full Stack) at an IT Company - Odixcity Consulting (Remote),,Nigeria,remote,Country-only,,Computer / AI / Technology / IT Services,,,,,,,,Software Development,https://www.hotnigerianjobs.com/hotjobs/919248/senior-python-developer-full-stack-at-an-it-compan.html,2026-08-30T15:20:25+00:00
d60222978e1c6f4f,hotnigerianjobs,919238,Digital Marketer at Compovine Technology Limited,Compovine Technology Limited,"Compovine Technology Limited is recruiting to fill the position of: Digital Marketer. The position is located in Ikeja, Lagos State. Interested candidates should possess a Bachelor's Degree in Marketing, Business Administration, Communications, Mass Communication, or a related field; Professional certifications in Digital Marketing, Google Ads, Google Analytics, Meta Blueprint, HubSpot, or similar certifications are an added advantage. Apply Now","Ikeja, Lagos State",Nigeria,unknown,,,Computer / AI / Technology / IT Services,,,,,,"Mon 06th Jul, 2026",,,https://www.hotnigerianjobs.com/hotjobs/919238/digital-marketer-at-compovine-technology-limited.html,2026-08-30T15:20:25+00:00
bf922c1eb6b1c8f9,hotnigerianjobs,919371,Equinix Nigeria Job Recruitment (3 Positions),Equinix Nigeria,"Equinix Nigeria is recruiting suitably qualified candidates to fill the following positions in Lagos States: 2Africa Managed Service Lead, Senior Associate, Access Network Planning and Managed Service NOC Engineer. Apply Now",Lagos States,Nigeria,unknown,,,Computer / AI / Technology / IT Services,,,,,,"Mon 06th Jul, 2026",,Other Tech,https://www.hotnigerianjobs.com/hotjobs/919371/equinix-nigeria-job-recruitment-3-positions.html,2026-08-30T15:20:25+00:00
af4bb40835746109,hotnigerianjobs,919236,Technical Lead / Developer at PROLOC - Hayche Multi-Service Solutions,,Technical Lead / Developer at PROLOC - Hayche Multi-Service Solutions,,Nigeria,unknown,,,Computer / AI / Technology / IT Services,,,,,,,,Software Development,https://www.hotnigerianjobs.com/hotjobs/919236/technical-lead-developer-at-proloc-hayche-multiser.html,2026-08-30T15:20:25+00:00
eb174c416b7144cb,hotnigerianjobs,919142,Full-Stack Engineering Intern (JavaScript & PHP) at MyMedicalBank Limited,,Full-Stack Engineering Intern (JavaScript & PHP) at MyMedicalBank Limited,,Nigeria,unknown,,,Computer / AI / Technology / IT Services,,,,,,,,Other Tech,https://www.hotnigerianjobs.com/hotjobs/919142/fullstack-engineering-intern-javascript-php-at-mym.html,2026-08-30T15:20:25+00:00
c93df875d373c91d,hotnigerianjobs,919055,Managed Services NOC Supervisor at Equinix Nigeria,Equinix Nigeria,"Equinix Nigeria is recruiting to fill the position of: Managed Service NOC Engineer. The position is located in Lekki, Lagos State. Interested candidates should possess a Bachelor’s Degree or HND in Engineering with at least 8 years relevant work experience. Apply Now","Lekki, Lagos State",Nigeria,unknown,,,Computer / AI / Technology / IT Services,,,,,,"Mon 06th Jul, 2026",,Other Tech,https://www.hotnigerianjobs.com/hotjobs/919055/managed-services-noc-supervisor-at-equinix-nigeria.html,2026-08-30T15:20:25+00:00
6712104ceede6831,hotnigerianjobs,919082,Operations Officer at Stanificent Global Technologies Limited - 2 Openings,,Operations Officer at Stanificent Global Technologies Limited - 2 Openings,,Nigeria,unknown,,,Computer / AI / Technology / IT Services,,,,,,,,,https://www.hotnigerianjobs.com/hotjobs/919082/operations-officer-at-stanificent-global-technolog.html,2026-08-30T15:20:25+00:00
2dbe80fc5400187a,hotnigerianjobs,919051,"Senior Associate, Access Network Planning at Equinix Nigeria",,"Senior Associate, Access Network Planning at Equinix Nigeria",,Nigeria,unknown,,,Computer / AI / Technology / IT Services,,,,,,,,,https://www.hotnigerianjobs.com/hotjobs/919051/senior-associate-access-network-planning-at-equini.html,2026-08-30T15:20:25+00:00
7c66f2a3a9551d0f,hotnigerianjobs,918745,2Africa Managed Service Lead at Equinix Nigeria,Equinix Nigeria,"Equinix Nigeria is recruiting to fill the position of: 2Africa Managed Service Lead. The position is located in Lagos State. Interested candidates should possess a Bachelor’s Degree or Equivalent in Electrical/Electronics and Telecommunication Engineering with at least 12 years post NYSC work experience with Transmission Networks, 4 years related experience in Facility Management. Apply Now",Lagos State,Nigeria,unknown,,,Computer / AI / Technology / IT Services,,,,,,"Mon 06th Jul, 2026",,Other Tech,https://www.hotnigerianjobs.com/hotjobs/918745/planning-statistic-officer-at-dangote-industries-l.html,2026-08-30T15:20:25+00:00
12fc165f4ef2f347,hotnigerianjobs,918575,Latest Entry-level & Internship Job Recruitment in Nigeria - HNJobs (Weekly Recap),,Latest Entry-level & Internship Job Recruitment in Nigeria - HNJobs (Weekly Recap),,Nigeria,unknown,,,Computer / AI / Technology / IT Services,,,,,,,,,https://www.hotnigerianjobs.com/hotjobs/918575/latest-entrylevel-internship-job-recruitment-in-ni.html,2026-08-30T15:20:25+00:00
264125d2754f5f9f,hotnigerianjobs,918596,Freelance Tech & Coding Tutor (Cyber Security) at TechSpace,TechSpace,"TechSpace is recruiting to fill the position of: Freelance Tech & Coding Tutor (Cyber Security). The position is located in Jabi, Abuja (FCT). Interested candidates should possess relevant qualifications. Apply Now","Jabi, Abuja (FCT)",Nigeria,unknown,,,Computer / AI / Technology / IT Services,,,,,,"Fri 03rd Jul, 2026",,,https://www.hotnigerianjobs.com/hotjobs/918596/freelance-tech-coding-tutor-cyber-security-at-tech.html,2026-08-30T15:20:25+00:00
ba07afcdce8703d6,hotnigerianjobs,918597,Freelance Tech & Coding Tutor (Artificial Intelligence (AI) at TechSpace,,Freelance Tech & Coding Tutor (Artificial Intelligence (AI) at TechSpace,,Nigeria,unknown,,,Computer / AI / Technology / IT Services,,,,,,,,Data & AI,https://www.hotnigerianjobs.com/hotjobs/918597/freelance-tech-coding-tutor-artificial-intelligenc.html,2026-08-30T15:20:29+00:00
e49cba15ce27db3a,hotnigerianjobs,918605,Freelance Tech & Coding Tutor (Social Media Management) at TechSpace,,Freelance Tech & Coding Tutor (Social Media Management) at TechSpace,,Nigeria,unknown,,,Computer / AI / Technology / IT Services,,,,,,,,,https://www.hotnigerianjobs.com/hotjobs/918605/freelance-tech-coding-tutor-social-media-managemen.html,2026-08-30T15:20:29+00:00
33d6a1e170653f51,hotnigerianjobs,918592,Freelance Tech & Coding Tutor (Content Creation) at TechSpace,,Freelance Tech & Coding Tutor (Content Creation) at TechSpace,,Nigeria,unknown,,,Computer / AI / Technology / IT Services,,,,,,,,,https://www.hotnigerianjobs.com/hotjobs/918592/freelance-tech-coding-tutor-content-creation-at-te.html,2026-08-30T15:20:29+00:00
66a177745038e630,hotnigerianjobs,918545,Freelance Tech & Coding Tutor (Mobile App Development) at TechSpace,,Freelance Tech & Coding Tutor (Mobile App Development) at TechSpace,,Nigeria,unknown,,,Computer / AI / Technology / IT Services,,,,,,,,Software Development,https://www.hotnigerianjobs.com/hotjobs/918545/freelance-tech-coding-tutor-mobile-app-development.html,2026-08-30T15:20:29+00:00
bc79a9852e1bfbdd,hotnigerianjobs,918543,Freelance Tech & Coding Tutor (Data Analytics) at TechSpace,TechSpace,"TechSpace is recruiting to fill the position of: Freelance Tech & Coding Tutor (Data Analytics). The position is located in Jabi, Abuja (FCT). Interested candidates should possess relevant qualifications with strong knowledge and hands-on experience in your field. Apply Now","Jabi, Abuja (FCT)",Nigeria,unknown,,,Computer / AI / Technology / IT Services,,,,,,"Fri 03rd Jul, 2026",,Other Tech,https://www.hotnigerianjobs.com/hotjobs/918543/freelance-tech-coding-tutor-data-analytics-at-tech.html,2026-08-30T15:20:29+00:00
7eda7df88746b95e,hotnigerianjobs,918524,Freelance Tech & Coding Tutor (Graphics Design) at TechSpace,,Freelance Tech & Coding Tutor (Graphics Design) at TechSpace,,Nigeria,unknown,,,Computer / AI / Technology / IT Services,,,,,,,,,https://www.hotnigerianjobs.com/hotjobs/918524/freelance-tech-coding-tutor-graphics-design-at-tec.html,2026-08-30T15:20:29+00:00
2f83c94207d0a4d5,hotnigerianjobs,918428,Tezza Business Solutions Limited Job Recruitment (30 Positions),,Tezza Business Solutions Limited Job Recruitment (30 Positions),,Nigeria,unknown,,,Computer / AI / Technology / IT Services,,,,,,,,,https://www.hotnigerianjobs.com/hotjobs/918428/tezza-business-solutions-limited-job-recruitment-5.html,2026-08-30T15:20:29+00:00
c44fe7d5c21fd102,hotnigerianjobs,918416,Full Stack Developer (MERN) - Hybrid at Tezza Business Solutions Limited,,Full Stack Developer (MERN) - Hybrid at Tezza Business Solutions Limited,,Nigeria,hybrid,,,Computer / AI / Technology / IT Services,,,,,,,,Software Development,https://www.hotnigerianjobs.com/hotjobs/918416/full-stack-developer-mern-at-tezza-business-soluti.html,2026-08-30T15:20:29+00:00
c9ce300cb652b3a3,hotnigerianjobs,918417,QA Tester (Hybrid) at Tezza Business Solutions Limited,Tezza Business Solutions Limited,"Tezza Business Solutions Limited is recruiting to fill the position of: QA Tester. This is a hybrid position in Magodo Phase 1, Lagos State. Interested candidates should possess a relevant qualification with 3+ years of experience in software testing, preferably in CRM or SaaS applications. Apply Now",,Nigeria,hybrid,,,Computer / AI / Technology / IT Services,,,,,,"Fri 03rd Jul, 2026",,Other Tech,https://www.hotnigerianjobs.com/hotjobs/918417/qa-tester-at-tezza-business-solutions-limited.html,2026-08-30T15:20:29+00:00
a3f4dd83c96eb6f6,hotnigerianjobs,918485,Marketing Strategist (Agency Experience) - Hybrid at MarketEdge Advisory - Tezza Business Solutions Limited,,Marketing Strategist (Agency Experience) - Hybrid at MarketEdge Advisory - Tezza Business Solutions Limited,,Nigeria,hybrid,,,Computer / AI / Technology / IT Services,,,,,,,,,https://www.hotnigerianjobs.com/hotjobs/918485/marketing-strategist-agency-experience-hybrid-at-t.html,2026-08-30T15:20:29+00:00
b2db4b9e2870a23a,hotnigerianjobs,918427,Scrum Master at Tezza Business Solutions Limited,Tezza Business Solutions Limited,"Tezza Business Solutions Limited is recruiting to fill the position of: Scrum Master. The position is located in Lagos State. Interested candidates should possess a Bachelor’s Degree in Computer Science, Information Technology, Business Administration, or related field with 3+ years of experience as a Scrum Master or Agile Project Manager in a technology-driven environment. Apply Now",Lagos State,Nigeria,unknown,,,Computer / AI / Technology / IT Services,,,,,,"Fri 03rd Jul, 2026",,Other Tech,https://www.hotnigerianjobs.com/hotjobs/918427/scrum-master-at-tezza-business-solutions-limited.html,2026-08-30T15:20:29+00:00
3e4b9d8835dddf69,hotnigerianjobs,918429,DevOps Engineer at Tezza Business Solutions Limited,Tezza Business Solutions Limited,"Tezza Business Solutions Limited is recruiting to fill the position of: DevOps Engineer. The position is located in Lagos State. Interested candidates should possess a Bachelor’s Degree in Computer Science, Information Technology, Engineering, or a related field with 3+ years of experience as a DevOps Engineer, Systems Engineer, or similar role. Apply Now",Lagos State,Nigeria,unknown,,,Computer / AI / Technology / IT Services,,,,,,"Fri 03rd Jul, 2026",,DevOps & Cloud,https://www.hotnigerianjobs.com/hotjobs/918429/devops-engineer-at-tezza-business-solutions-limite.html,2026-08-30T15:20:29+00:00
a1c2e4d7b833416b,hotnigerianjobs,918448,Frontend Developer (Angular / React) at Tezza Business Solutions Limited,,Frontend Developer (Angular / React) at Tezza Business Solutions Limited,,Nigeria,unknown,,,Computer / AI / Technology / IT Services,,,,,,,,Software Development,https://www.hotnigerianjobs.com/hotjobs/918448/frontend-developer-angular-react-at-tezza-business.html,2026-08-30T15:20:29+00:00
184bf7e3c77afd74,hotnigerianjobs,918454,Backend Developer (Node.js / Java) at Tezza Business Solutions Limited,,Backend Developer (Node.js / Java) at Tezza Business Solutions Limited,,Nigeria,unknown,,,Computer / AI / Technology / IT Services,,,,,,,,Software Development,https://www.hotnigerianjobs.com/hotjobs/918454/backend-developer-nodejs-java-at-tezza-business-so.html,2026-08-30T15:20:29+00:00
e6a8a90c3a77d4bd,hotnigerianjobs,918462,Automation Test Engineer (Lagos) at Tezza Business Solutions Limited,,Automation Test Engineer (Lagos) at Tezza Business Solutions Limited,,Nigeria,unknown,,,Computer / AI / Technology / IT Services,,,,,,,,QA & Testing,https://www.hotnigerianjobs.com/hotjobs/918462/automation-test-engineer-lagos-at-tezza-business-s.html,2026-08-30T15:20:29+00:00
72d709457f8638da,hotnigerianjobs,918464,Performance Test Analyst (Hybrid) at Tezza Business Solutions Limited,,Performance Test Analyst (Hybrid) at Tezza Business Solutions Limited,,Nigeria,hybrid,,,Computer / AI / Technology / IT Services,,,,,,,,,https://www.hotnigerianjobs.com/hotjobs/918464/performance-test-analyst-at-tezza-business-solutio.html,2026-08-30T15:20:29+00:00
62ac15bb8941f2fd,hotnigerianjobs,918424,Functional / Integration QA Engineer - Remote at Tezza Business Solutions Limited,,Functional / Integration QA Engineer - Remote at Tezza Business Solutions Limited,,Nigeria,remote,Country-only,,Computer / AI / Technology / IT Services,,,,,,,,QA & Testing,https://www.hotnigerianjobs.com/hotjobs/918424/functional-integration-qa-engineer-remote-at-tezza.html,2026-08-30T15:20:29+00:00
f8db8975710c6934,hotnigerianjobs,918423,AI Engineer (Remote) at Tezza Business Solutions Limited,Tezza Business Solutions Limited - Our client,"Tezza Business Solutions Limited - Our client is recruiting to fill the position of: AI Engineer. This is a Remote position. Interested candidates should possess a Bachelor’s or Master’s Degree in Computer Science, Engineering, Mathematics, or Statistics. Apply Now",,Nigeria,remote,Country-only,,Computer / AI / Technology / IT Services,,,,,,"Fri 03rd Jul, 2026",,Data & AI,https://www.hotnigerianjobs.com/hotjobs/918423/ai-engineer-remote-at-tezza-business-solutions-lim.html,2026-08-30T15:20:29+00:00
8bf4bf0c25c06f1f,hotnigerianjobs,918421,Frontend Developer (AngularJS) - Remote at Tezza Business Solutions Limited,,Frontend Developer (AngularJS) - Remote at Tezza Business Solutions Limited,,Nigeria,remote,Country-only,,Computer / AI / Technology / IT Services,,,,,,,,Software Development,https://www.hotnigerianjobs.com/hotjobs/918421/frontend-developer-angularjs-remote-at-tezza-busin.html,2026-08-30T15:20:29+00:00
d773e81d77a8fb3e,hotnigerianjobs,918481,Mid-Level Full Stack Developer (React + Node.js) - Remote at Tezza Business Solutions Limited,,Mid-Level Full Stack Developer (React + Node.js) - Remote at Tezza Business Solutions Limited,,Nigeria,remote,Country-only,,Computer / AI / Technology / IT Services,,,,,,,,Software Development,https://www.hotnigerianjobs.com/hotjobs/918481/midlevel-full-stack-developer-react-nodejs-remote.html,2026-08-30T15:20:29+00:00
8911de75abe7949f,hotnigerianjobs,918414,Backend Developer (Java) - Remote at Tezza Business Solutions Limited,,Backend Developer (Java) - Remote at Tezza Business Solutions Limited,,Nigeria,remote,Country-only,,Computer / AI / Technology / IT Services,,,,,,,,Software Development,https://www.hotnigerianjobs.com/hotjobs/918414/backend-developer-java-remote-at-tezza-business-so.html,2026-08-30T15:20:29+00:00
69a5ba42bba43c35,hotnigerianjobs,918479,Mid-Level NetSuite Developer (Remote) at Tezza Business Solutions Limited,,Mid-Level NetSuite Developer (Remote) at Tezza Business Solutions Limited,,Nigeria,remote,Country-only,,Computer / AI / Technology / IT Services,,,,,,,,Software Development,https://www.hotnigerianjobs.com/hotjobs/918479/midlevel-netsuite-developer-remote-at-tezza-busine.html,2026-08-30T15:20:29+00:00
777309bb0a7dc5df,hotnigerianjobs,918473,Executive Assistant (Hybrid) at Tezza Business Solutions Limited,,Executive Assistant (Hybrid) at Tezza Business Solutions Limited,,Nigeria,hybrid,,,Computer / AI / Technology / IT Services,,,,,,,,,https://www.hotnigerianjobs.com/hotjobs/918473/executive-assistant-at-tezza-business-solutions-li.html,2026-08-30T15:20:29+00:00
2e0dc6fc6aff3509,hotnigerianjobs,918411,Frontend Developer (React) - Hybrid at Tezza Business Solutions Limited,,Frontend Developer (React) - Hybrid at Tezza Business Solutions Limited,,Nigeria,hybrid,,,Computer / AI / Technology / IT Services,,,,,,,,Software Development,https://www.hotnigerianjobs.com/hotjobs/918411/frontend-developer-react-at-tezza-business-solutio.html,2026-08-30T15:20:29+00:00
9a51548fc93872f8,hotnigerianjobs,918409,Functional Test Analyst (Abuja) at Tezza Business Solutions Limited - Hybrid,,Functional Test Analyst (Abuja) at Tezza Business Solutions Limited - Hybrid,,Nigeria,hybrid,,,Computer / AI / Technology / IT Services,,,,,,,,,https://www.hotnigerianjobs.com/hotjobs/918409/functional-test-analyst-at-tezza-business-solution.html,2026-08-30T15:20:29+00:00
f8c2e633242d9f34,hotnigerianjobs,918405,Automation Test Engineer (Abuja) at Tezza Business Solutions Limited - Hybrid,,Automation Test Engineer (Abuja) at Tezza Business Solutions Limited - Hybrid,,Nigeria,hybrid,,,Computer / AI / Technology / IT Services,,,,,,,,QA & Testing,https://www.hotnigerianjobs.com/hotjobs/918405/automation-test-engineer-at-tezza-business-solutio.html,2026-08-30T15:20:29+00:00
c90795260025a8ba,hotnigerianjobs,918402,Site Project Manager at Tezza Business Solutions Limited,Tezza Business Solutions Limited,"Tezza Business Solutions Limited is recruiting to fill the position of: Site Project Manager. The position is located in Lagos State. Interested candidates should possess a Bachelor’s Degree in Civil Engineering, Architecture, Construction Management, or related field with a minimum of 4 years’ proven experience as a Site Project Manager in construction, with at least 2 years in interior fit-out or design projects. Apply Now",Lagos State,Nigeria,unknown,,,Computer / AI / Technology / IT Services,,,,,,"Fri 03rd Jul, 2026",,Other Tech,https://www.hotnigerianjobs.com/hotjobs/918402/site-project-manager-at-tezza-business-solutions-l.html,2026-08-30T15:20:29+00:00
067587717af24b7e,hotnigerianjobs,918308,Business Analyst Intern at erpSoftapp,erpSoftapp,"erpSoftapp is recruiting to fill the position of: Business Analyst Intern. The position is located in Yaba, Lagos State. Salary: N50,000 - N80,000 per month. Interested candidates should be currently pursuing or recently completed a Degree in Business Administration, Economics, Finance, Information Technology, Computer Science, or a related field. Apply Now","Yaba, Lagos State",Nigeria,unknown,,,Computer / AI / Technology / IT Services,,,,"N50,000 - N80,000 per month",,"Fri 03rd Jul, 2026",,Other Tech,https://www.hotnigerianjobs.com/hotjobs/918308/business-analyst-intern-at-erpsoftapp.html,2026-08-30T15:20:29+00:00
b826ac17b2b6a03b,hotnigerianjobs,918256,Freelance Tech & Coding Tutor (Web Design & Development) at TechSpace,,Freelance Tech & Coding Tutor (Web Design & Development) at TechSpace,,Nigeria,unknown,,,Computer / AI / Technology / IT Services,,,,,,,,,https://www.hotnigerianjobs.com/hotjobs/918256/freelance-tech-coding-tutor-web-design-development.html,2026-08-30T15:20:29+00:00
139a2152e9de49dd,hotnigerianjobs,917839,Training and Knowledge Manager at TeKnowledge,TeKnowledge,"TeKnowledge is recruiting to fill the position of: Training and Knowledge Manager. Interested candidates should possess a Bachelor’s Degree in Knowledge Management, Information Science, or related field with experience with Learning Management Systems (LMS) administration. Apply Now",,Nigeria,unknown,,,Computer / AI / Technology / IT Services,,,,,,"Thu 02nd Jul, 2026",,,https://www.hotnigerianjobs.com/hotjobs/917839/training-and-knowledge-manager-at-teknowledge.html,2026-08-30T15:20:29+00:00
28cb189174557399,hotnigerianjobs,917837,"Senior Manager, Product and Platforms Programme at TeKnowledge",,"Senior Manager, Product and Platforms Programme at TeKnowledge",,Nigeria,unknown,,,Computer / AI / Technology / IT Services,,,,,,,,,https://www.hotnigerianjobs.com/hotjobs/917837/senior-manager-product-and-platforms-programme-at.html,2026-08-30T15:20:29+00:00
5b0a3041585143f7,hotnigerianjobs,917844,TeKnowledge Job Recruitment (9 Positions),TeKnowledge,"TeKnowledge is recruiting suitably qualified candidates to fill the following positions in Lagos State: Training and Knowledge Manager; Senior Manager, Product and Platforms Programme; AI Enabled Quality Engineer; Front End (Angular) Developer; Mobile AI Engineer; Credit Risk Data Scientist; IT Systems Administrator Lead; Credit Risk Data Scientist; UI / UX Engineer; and Backend AI Engineer (Financial Services Platform). Apply Now",Lagos State,Nigeria,unknown,,,Computer / AI / Technology / IT Services,,,,,,"Thu 02nd Jul, 2026",,Software Development,https://www.hotnigerianjobs.com/hotjobs/917844/teknowledge-job-recruitment-7-positions.html,2026-08-30T15:20:29+00:00
3392b4b961b00aa7,hotnigerianjobs,917841,Front End (Angular) Developer at TeKnowledge,TeKnowledge,"TeKnowledge is recruiting to fill the position of: Front End (Angular) Developer. Interested candidates should possess a Bachelor’s Degree in Computer Science, Engineering, or another related field with at least 4 years of direct programming experience in front-end development using the Angular Framework. Apply Now",,Nigeria,unknown,,,Computer / AI / Technology / IT Services,,,,,,"Thu 02nd Jul, 2026",,Software Development,https://www.hotnigerianjobs.com/hotjobs/917841/front-end-angular-developer-at-teknowledge.html,2026-08-30T15:20:29+00:00
879efb8cb66b88ab,hotnigerianjobs,917730,GN128 Solutions Internship & Exp. Job Recruitment (3 Positions),,GN128 Solutions Internship & Exp. Job Recruitment (3 Positions),,Nigeria,unknown,,,Computer / AI / Technology / IT Services,,,,,,,,,https://www.hotnigerianjobs.com/hotjobs/917730/gn128-solutions-internship-exp-job-recruitment-3-p.html,2026-08-30T15:20:29+00:00
e595328eee1705fc,hotnigerianjobs,917586,Procurement and Vendor Management Officer at Princeps Credit Systems Limited,,Procurement and Vendor Management Officer at Princeps Credit Systems Limited,,Nigeria,unknown,,,Computer / AI / Technology / IT Services,,,,,,,,,https://www.hotnigerianjobs.com/hotjobs/917586/procurement-and-vendor-management-officer-at-princ.html,2026-08-30T15:20:29+00:00
ffe6042bd414c4ca,hotnigerianjobs,917441,Business Development Manager at a Dynamic Conglomerate - JEV Consulting,,Business Development Manager at a Dynamic Conglomerate - JEV Consulting,,Nigeria,unknown,,,Computer / AI / Technology / IT Services,,,,,,,,,https://www.hotnigerianjobs.com/hotjobs/917441/business-development-manager-at-a-dynamic-conglome.html,2026-08-30T15:20:29+00:00
b48639357f8b6ccd,hotnigerianjobs,917431,HR Officer at Runlink Technology Limited,Runlink Technology Limited,"Runlink Technology Limited is recruiting to fill the position of: HR Officer. The position is located in Ikeja, Lagos State. Salary: N160,000 - N260,000 monthly. Interested candidate should possess relevant qualifications with 1-3 years working experience in Nigeria local HR field with headhunting or talent sourcing experience Apply Now","Ikeja, Lagos State",Nigeria,unknown,,,Computer / AI / Technology / IT Services,,,,"N160,000 - N260,000 monthly",,"Thu 02nd Jul, 2026",,,https://www.hotnigerianjobs.com/hotjobs/917431/hr-officer-at-runlink-technology-limited.html,2026-08-30T15:20:29+00:00
f29fe1e868046e93,hotnigerianjobs,917418,Group Operations Manager at a Dynamic Conglomerate - JEV Consulting,,Group Operations Manager at a Dynamic Conglomerate - JEV Consulting,,Nigeria,unknown,,,Computer / AI / Technology / IT Services,,,,,,,,,https://www.hotnigerianjobs.com/hotjobs/917418/group-operations-manager-at-a-dynamic-conglomerate.html,2026-08-30T15:20:29+00:00
04c603b2fc63f914,hotnigerianjobs,917393,Junior Web Developer at GN128 Solutions,GN128 Solutions,"GN128 Solutions is recruiting to fill the position of: Junior Web Developer. The position is located in Lagos State. Salary: N150,000 / Month. This entry-level role is ideal for someone who is passionate about web technologies, eager to learn, and ready to grow their skills as a Full Stack Developer & AI Integrator. You will work closely with senior developers and designers to build, maintain, and improve web applications that deliver excellent user experiences. Interested candidates must have a minimum of 12 months professional experience and must reside in Lagos and be able to commute to Oshodi within 30 minutes. Apply Now",Lagos State,Nigeria,unknown,,,Computer / AI / Technology / IT Services,,,,"N150,000 / Month",,"Thu 02nd Jul, 2026",,Software Development,https://www.hotnigerianjobs.com/hotjobs/917393/junior-web-developer-at-gn128-solutions.html,2026-08-30T15:20:29+00:00
297f258ce513e37f,hotnigerianjobs,917338,Software Engineer at Qore - Appzone Limited,"Qore, a subsidiary of Appzone Limited","Qore, a subsidiary of Appzone Limited is recruiting to fill the position of: Software Engineer. The position is located in Lagos State. Interested candidates should possess a BSc in Computer Science or related field with 3+ years of experience in software development or a related field. Apply Now",Lagos State,Nigeria,unknown,,,Computer / AI / Technology / IT Services,,,,,,"Wed 01st Jul, 2026",,Software Development,https://www.hotnigerianjobs.com/hotjobs/917338/software-engineer-at-qore-appzone-limited.html,2026-08-30T15:20:29+00:00
cbe15dd7e85d544e,hotnigerianjobs,917336,Project Manager at Qore - Appzone Limited,"Qore, a subsidiary of Appzone Limited","Qore, a subsidiary of Appzone Limited is recruiting to fill the position of: Project Manager. The position is located in Lagos State. Interested candidates should possess a BSc / BEng in Project Management, Engineering, or a relevant field of study and Higher qualifications and/or professional certifications in a related field will be a huge plus with 5+ years of project management experience. Apply Now",Lagos State,Nigeria,unknown,,,Computer / AI / Technology / IT Services,,,,,,"Wed 01st Jul, 2026",,Other Tech,https://www.hotnigerianjobs.com/hotjobs/917336/project-manager-at-qore-appzone-limited.html,2026-08-30T15:20:29+00:00
837815cd6a228e91,hotnigerianjobs,917325,Senior Legal Lead at Qore - Appzone Limited,"Qore, a subsidiary of Appzone Limited","Qore, a subsidiary of Appzone Limited is recruiting to fill the position of: Senior Legal Lead. The position is located in Lagos State. Interested candidates should be Nigerian-qualified lawyer with LLB and BL with 6–8 years’ post-call experience. Apply Now",Lagos State,Nigeria,unknown,,,Computer / AI / Technology / IT Services,,,,,,"Wed 01st Jul, 2026",,,https://www.hotnigerianjobs.com/hotjobs/917325/senior-legal-lead-at-qore-appzone-limited.html,2026-08-30T15:20:29+00:00
fc3e213706f692b0,hotnigerianjobs,917319,Senior Regulatory Affairs & Compliance Lead at Qore - Appzone Limited,,Senior Regulatory Affairs & Compliance Lead at Qore - Appzone Limited,,Nigeria,unknown,,,Computer / AI / Technology / IT Services,,,,,,,,,https://www.hotnigerianjobs.com/hotjobs/917319/senior-regulatory-affairs-compliance-lead-at-qore.html,2026-08-30T15:20:29+00:00
288748aa1700a7d2,hotnigerianjobs,917352,Qore - Appzone Limited Job Recruitment (7 Positions),"Qore, a subsidiary of Appzone Limited","Qore, a subsidiary of Appzone Limited is recruiting suitably qualified candidates to fill the following positions in Lagos State: Software Engineer, Project Manager, Relationship Manager, Senior Legal Lead, Legal Officer, Senior Regulatory Affairs & Compliance Lead, and Finance Analyst. Apply Now",Lagos State,Nigeria,unknown,,,Computer / AI / Technology / IT Services,,,,,,"Wed 01st Jul, 2026",,Software Development,https://www.hotnigerianjobs.com/hotjobs/917352/qore-appzone-limited-job-recruitment-7-positions.html,2026-08-30T15:20:29+00:00
3c936182628f16ee,hotnigerianjobs,917330,Relationship Manager at Qore - Appzone Limited,"Qore, a subsidiary of Appzone Limited","Qore, a subsidiary of Appzone Limited is recruiting to fill the position of: Relationship Manager. The position is located in Lagos State. Interested candidates should possess a BSc in Accounting / Accountancy or a similar numerate discipline with 2+ years of experience in B2B Relationship Management, Customer Support, Customer Success, Customer Relations, Customer Experience, Customer Operations, Technical Support, or Product Support role. Apply Now",Lagos State,Nigeria,unknown,,,Computer / AI / Technology / IT Services,,,,,,"Wed 01st Jul, 2026",,Other Tech,https://www.hotnigerianjobs.com/hotjobs/917330/relationship-manager-at-qore-appzone-limited.html,2026-08-30T15:20:29+00:00
b714390845ba7cdc,hotnigerianjobs,917323,Legal Officer at Qore - Appzone Limited,"Qore, a subsidiary of Appzone Limited","Qore, a subsidiary of Appzone Limited is recruiting to fill the position of: Legal Officer. The position is located in Lagos State. Interested candidates should be Nigerian-qualified Lawyers with an LLB and BL with 3–5 years’ post-call experience. Apply Now",Lagos State,Nigeria,unknown,,,Computer / AI / Technology / IT Services,,,,,,"Wed 01st Jul, 2026",,,https://www.hotnigerianjobs.com/hotjobs/917323/legal-officer-at-qore-appzone-limited.html,2026-08-30T15:20:29+00:00
d49d7a0eee6e53d2,hotnigerianjobs,917189,Compliance and QHSE Officer at Fieldbase Services Limited,Fieldbase Services Limited,"Fieldbase Services Limited is recruiting to fill the position of: Compliance and QHSE Officer. The position is located in Lagos State. Interested candidates should possess a Bachelor's Degree in Engineering, Science, Environmental Management, Law, Quality Management, Business Administration, or related discipline; Master's degree as an advantage with a minimum of 5 years of experience in compliance, QHSE, internal audit, or regulatory affairs. Apply Now",Lagos State,Nigeria,unknown,,,Computer / AI / Technology / IT Services,,,,,,"Wed 01st Jul, 2026",,Other Tech,https://www.hotnigerianjobs.com/hotjobs/917189/compliance-and-qhse-officer-at-fieldbase-services.html,2026-08-30T15:20:29+00:00
a4f3523bb257641b,hotnigerianjobs,917191,Level 2 Field Engineer – Enterprise Connectivity at Fieldbase Services Limited,,Level 2 Field Engineer – Enterprise Connectivity at Fieldbase Services Limited,,Nigeria,unknown,,,Computer / AI / Technology / IT Services,,,,,,,,Other Tech,https://www.hotnigerianjobs.com/hotjobs/917191/level-2-field-engineer-enterprise-connectivity-at.html,2026-08-30T15:20:29+00:00
0a48837a40e9c8c6,hotnigerianjobs,916949,Senior Finance & Accounts Officer at a Reputable Information and Communication Technology Company,,Senior Finance & Accounts Officer at a Reputable Information and Communication Technology Company,,Nigeria,unknown,,,Computer / AI / Technology / IT Services,,,,,,,,,https://www.hotnigerianjobs.com/hotjobs/916949/senior-finance-accounts-officer-at-a-reputable-inf.html,2026-08-30T15:20:29+00:00
4fb481f27669d93e,hotnigerianjobs,916793,IT Support Intern at GN128 Solutions,GN128 Solutions,"GN128 Solutions is recruiting to fill the position of: IT Support Intern. The position is located in Lagos State. Salary: N100,000 monthly. As an IT Support Intern, you will receive hands-on training and work alongside experienced professionals supporting both our internal team and client environments. Interested candidates must reside in Lagos and within 30mins commuting of Oshodi would be considered. Apply Now",Lagos State,Nigeria,unknown,,,Computer / AI / Technology / IT Services,,,,"N100,000 monthly",,"Wed 01st Jul, 2026",,IT Support & Networking,https://www.hotnigerianjobs.com/hotjobs/916793/it-support-intern-at-gn128-solutions.html,2026-08-30T15:20:29+00:00
e5e75c34baa0a84e,hotnigerianjobs,916532,Finance Manager at D'Accubin Technology Limited,D'Accubin Technology Limited,"D'Accubin Technology Limited is recruiting to fill the position of: Finance Manager. The position is located in Lagos State. Interested candidates should possess a Bachelor's Degree in Accounting, Finance, or a related field, and a professional certification in ICAN, ACCA or equivalent with a minimum of 5 years of progressive accounting experience, with at least 2 years in a managerial or supervisory capacity. Apply Now",Lagos State,Nigeria,unknown,,,Computer / AI / Technology / IT Services,,,,,,"Tue 30th Jun, 2026",,,https://www.hotnigerianjobs.com/hotjobs/916532/finance-manager-at-daccubin-technology-limited.html,2026-08-30T15:20:33+00:00
f891030661b1686d,hotnigerianjobs,916509,IT Engineer (Mid-Level Developer) at Triax Technologies Limited,,IT Engineer (Mid-Level Developer) at Triax Technologies Limited,,Nigeria,unknown,,,Computer / AI / Technology / IT Services,,,,,,,,Software Development,https://www.hotnigerianjobs.com/hotjobs/916509/it-engineer-midlevel-developer-at-triax-technologi.html,2026-08-30T15:20:33+00:00
73b5a829955b3868,hotnigerianjobs,916514,IT Team Leader at Triax Technologies Limited,Triax Technologies Limited,"Triax Technologies Limited is recruiting to fill the position of: IT Team Leader. The position is located in Abuja. Interested candidates should possess a relevant qualification with five to seven years of hands-on full-stack or systems experience, with a meaningful portion of it in a production environment where real users and real consequences were involved. Apply Now",Abuja,Nigeria,unknown,,,Computer / AI / Technology / IT Services,,,,,,"Tue 30th Jun, 2026",,,https://www.hotnigerianjobs.com/hotjobs/916514/it-team-leader-at-triax-technologies-limited.html,2026-08-30T15:20:33+00:00
daa81d6255cb58fe,hotnigerianjobs,916512,IT Technician (Support and Operations) at Triax Technologies Limited,,IT Technician (Support and Operations) at Triax Technologies Limited,,Nigeria,unknown,,,Computer / AI / Technology / IT Services,,,,,,,,Other Tech,https://www.hotnigerianjobs.com/hotjobs/916512/it-technician-support-and-operations-at-triax-tech.html,2026-08-30T15:20:33+00:00
4a1b88d96b1eea8f,hotnigerianjobs,916504,Human Resources Manager at Uniccon Group of Companies,Uniccon Group of Companies,"Uniccon Group of Companies is recruiting to fill the position of: Human Resources Manager. The position is located in Abuja (FCT). Interested candidates should possess a Bachelor’s Degree in Human Resources, Industrial Relations, Business Administration, Psychology, or a related discipline (Master’s Degree is an advantage) with 3 - 5 years of progressive HR experience, preferably within a technology company, startup, or consulting environment. Apply Now",Abuja (FCT),Nigeria,unknown,,,Computer / AI / Technology / IT Services,,,,,,"Tue 30th Jun, 2026",,,https://www.hotnigerianjobs.com/hotjobs/916504/human-resources-manager-at-uniccon-group-of-compan.html,2026-08-30T15:20:33+00:00
333282c1bc0e3761,hotnigerianjobs,916451,APTECH Computer Education Job Recruitment (4 Positions),Aptech Computer Education,"Aptech Computer Education is recruiting suitable candidates to fill the following positions in Lagos State: Software Engineer Instructor, Networking & Cyber Security Instructor, Multimedia (Graphic Design & Animation) Instructor, Software Engineering (Data Science Focus). Apply Now",Lagos State,Nigeria,unknown,,,Computer / AI / Technology / IT Services,,,,,,"Tue 30th Jun, 2026",,Software Development,https://www.hotnigerianjobs.com/hotjobs/916451/aptech-computer-education-job-recruitment-3-positi.html,2026-08-30T15:20:33+00:00
968084e1fe56b18b,hotnigerianjobs,916407,Vennote Technologies Limited Job Recruitment (3 Positions),Vennote Technologies Limited,"Vennote Technologies Limited is recruiting to fill the following positions in Lagos State: IT Service Desk Engineer, End User Support Engineer, and End User Device & IT Asset Management Engineer. Apply Now",Lagos State,Nigeria,unknown,,,Computer / AI / Technology / IT Services,,,,,,"Tue 30th Jun, 2026",,Other Tech,https://www.hotnigerianjobs.com/hotjobs/916407/vennote-technologies-limited-job-recruitment-3-pos.html,2026-08-30T15:20:33+00:00
527f0fff64bcb2a7,hotnigerianjobs,916185,Bluechip Technologies Limited Job Recruitment (9 Positions),,"Bluechip Technologies Limited is currently recruiting suitable candidates to fill the following positions in Lagos State: MongoDB & MySQL Database Administrator (DBA), Unix Engineer, Project Management Engineer, Business Analyst, Project Manager, Senior Backend Developer, OpenShift & Kubernetes Engineer, Customer Success Manager, Database Administrator (Oracle, MongoDB, Cassandra, MySQL), and Wintel & Virtualization Engineer. Apply Now",Lagos State,Nigeria,unknown,,,Computer / AI / Technology / IT Services,,,,,,"Mon 29th Jun, 2026",,Software Development,https://www.hotnigerianjobs.com/hotjobs/916185/bluechip-technologies-limited-job-recruitment-9-po.html,2026-08-30T15:20:33+00:00
92e1bc6ed73364cb,hotnigerianjobs,916233,Sales Executive (Early Stage Startup) at SkoolWisely Limited,,Sales Executive (Early Stage Startup) at SkoolWisely Limited,,Nigeria,unknown,,,Computer / AI / Technology / IT Services,,,,,,,,,https://www.hotnigerianjobs.com/hotjobs/916233/sales-executive-early-stage-startup-at-skoolwisely.html,2026-08-30T15:20:33+00:00
00961c21a8f14fe7,hotnigerianjobs,916155,Project Management Engineer at Bluechip Technologies Limited,,Project Management Engineer at Bluechip Technologies Limited,,Nigeria,unknown,,,Computer / AI / Technology / IT Services,,,,,,,,Other Tech,https://www.hotnigerianjobs.com/hotjobs/916155/business-analyst-at-bluechip-technologies-limited.html,2026-08-30T15:20:33+00:00
0204b1ab3641e331,hotnigerianjobs,916148,Business Analyst at Bluechip Technologies Limited,Bluechip Technologies Limited,"Bluechip Technologies Limited is recruiting to fill the position of: Business Analyst. The position is located in Lagos State. Interested candidates should possess a Bachelor’s Degree in Business, IT, Engineering, or related disciplines with 3 - 5 years of work experience. Apply Now",Lagos State,Nigeria,unknown,,,Computer / AI / Technology / IT Services,,,,,,"Mon 29th Jun, 2026",,Other Tech,https://www.hotnigerianjobs.com/hotjobs/916148/business-analyst-at-bluechip-technologies-limited.html,2026-08-30T15:20:33+00:00
b80371a92bc115d2,hotnigerianjobs,916138,Unix Engineer at Bluechip Technologies Limited,Bluechip Technologies Limited,"Bluechip Technologies Limited is recruiting to fill the position of: Unix Engineer. The position is located in Lagos State. Interested candidates should possess a Bachelor’s Degree in Computer Science, Information Technology, or a related field with a minimum of 8 years of post-NYSC experience in Unix/Linux system administration. Apply Now",Lagos State,Nigeria,unknown,,,Computer / AI / Technology / IT Services,,,,,,"Mon 29th Jun, 2026",,Other Tech,https://www.hotnigerianjobs.com/hotjobs/916138/unix-engineer-at-bluechip-technologies-limited.html,2026-08-30T15:20:33+00:00
7eb463a28d5272b7,hotnigerianjobs,916118,Customer Success Manager at Bluechip Technologies Limited,Bluechip Technologies Limited,"Bluechip Technologies Limited is recruiting to fill the position of: Customer Success Manager. The position is located in Lagos State. Interested candidates should possess a Bachelor’s Degree in Business, IT, Engineering, or a related discipline; Professional certifications (Customer Success, Project Management, Agile, or IT-related) are an advantage with 3–5 years of experience in Customer Success, Account Management, Consulting, or similar client-facing roles. Apply Now",Lagos State,Nigeria,unknown,,,Computer / AI / Technology / IT Services,,,,,,"Mon 29th Jun, 2026",,Other Tech,https://www.hotnigerianjobs.com/hotjobs/916118/customer-success-manager-at-bluechip-technologies.html,2026-08-30T15:20:33+00:00
72c2defd519213dd,hotnigerianjobs,916190,PC Place Nigeria Limited Job Recruitment (8 Positions),PC Place Nigeria Limited,"PC Place Nigeria Limited is recruiting suitably qualified candidates to fill the following positions in Lagos State: B2B Sales Executive; Accountant, Dispatch Rider; Growth Sales Executive; Business Development Executive; Procurement Assistant; and Online Sales / Telesales Officer. Apply Now",Lagos State,Nigeria,unknown,,,Computer / AI / Technology / IT Services,,,,,,"Mon 29th Jun, 2026",,,https://www.hotnigerianjobs.com/hotjobs/916190/pc-place-nigeria-limited-job-recruitment-8-positio.html,2026-08-30T15:20:33+00:00
01fd35ecc0d79254,hotnigerianjobs,916174,Project Manager at Bluechip Technologies Limited,Bluechip Technologies Limited,"Bluechip Technologies Limited is recruiting to fill the position of: Project Manager. The position is located in Lagos State. Interested candidates should possess a Bachelor’s Degree in Business Administration, Computer Science, IT, Economics, Statistics, or a related field; PMP, PRINCE2, or equivalent certification (required) with a minimum of 4 years experience post NYSC as an IT Project Manager. Apply Now",Lagos State,Nigeria,unknown,,,Computer / AI / Technology / IT Services,,,,,,"Mon 29th Jun, 2026",,Other Tech,https://www.hotnigerianjobs.com/hotjobs/916174/project-manager-at-bluechip-technologies-limited.html,2026-08-30T15:20:33+00:00
9fd1efafaed3a30c,hotnigerianjobs,916142,Wintel & Virtualization Engineer at Bluechip Technologies Limited,,Wintel & Virtualization Engineer at Bluechip Technologies Limited,,Nigeria,unknown,,,Computer / AI / Technology / IT Services,,,,,,,,Other Tech,https://www.hotnigerianjobs.com/hotjobs/916142/wintel-virtualization-engineer-at-bluechip-technol.html,2026-08-30T15:20:33+00:00
547f887088b9c6a8,hotnigerianjobs,916124,Senior Backend Developer at Bluechip Technologies Limited,Bluechip Technologies Limited,"Bluechip Technologies Limited is recruiting to fill the position of: Senior Backend Developer. The position is located in Lagos State. Interested candidates should possess a Bachelor’s Degree in Computer Science, Software Engineering, or a related field (Master’s Degree is a plus), with 6+ years of backend development in enterprise environments. Apply Now",Lagos State,Nigeria,unknown,,,Computer / AI / Technology / IT Services,,,,,,"Mon 29th Jun, 2026",,Software Development,https://www.hotnigerianjobs.com/hotjobs/916124/senior-backend-developer-at-bluechip-technologies.html,2026-08-30T15:20:33+00:00
2872cdf3078a1504,hotnigerianjobs,916120,OpenShift & Kubernetes Engineer at Bluechip Technologies Limited,,OpenShift & Kubernetes Engineer at Bluechip Technologies Limited,,Nigeria,unknown,,,Computer / AI / Technology / IT Services,,,,,,,,DevOps & Cloud,https://www.hotnigerianjobs.com/hotjobs/916120/openshift-kubernetes-engineer-at-bluechip-technolo.html,2026-08-30T15:20:33+00:00
acef4891cda4ff7e,hotnigerianjobs,916112,"Database Administrator (Oracle, MongoDB, Cassandra, MySQL) at Bluechip Technologies Limited",,"Database Administrator (Oracle, MongoDB, Cassandra, MySQL) at Bluechip Technologies Limited",,Nigeria,unknown,,,Computer / AI / Technology / IT Services,,,,,,,,Other Tech,https://www.hotnigerianjobs.com/hotjobs/916112/database-administrator-oracle-mongodb-cassandra-my.html,2026-08-30T15:20:33+00:00
8ad00b5be73a1d80,hotnigerianjobs,916028,Sales Development Representative at Velvot Nigeria Limited,Velvot Nigeria Limited,"Velvot Nigeria Limited is recruiting to fill the position of: Sales Development Representative. The position is located in Surulere, Lagos State. Salary: N120,000 – N150,000 monthly. Interested candidates should possess an HND / Bachelor's Degree in Marketing, Business Administration, or a related field with a minimum of 1 year experience in corporate/B2B sales. Apply Now","Surulere, Lagos State",Nigeria,unknown,,,Computer / AI / Technology / IT Services,,,,"N120,000 – N150,000 monthly",,"Mon 29th Jun, 2026",,,https://www.hotnigerianjobs.com/hotjobs/916028/sales-development-representative-at-velvot-nigeria.html,2026-08-30T15:20:33+00:00
90f40cda242cbf43,hotnigerianjobs,915985,PC Planet Limited Job Recruitments (4 Positions),PC Planet Limited,"PC Planet Limited is recruiting suitable candidates to fill the following positions in Lagos State: Accountant, Procurement Assistant, B2B Sales Executive, and Dispatch Rider. Apply Now",Lagos State,Nigeria,unknown,,,Computer / AI / Technology / IT Services,,,,,,"Mon 29th Jun, 2026",,,https://www.hotnigerianjobs.com/hotjobs/915985/pc-planet-limited-job-recruitments-4-positions.html,2026-08-30T15:20:33+00:00
4f4f33b238e82af3,hotnigerianjobs,915978,Accountant at PC Planet Limited,PC Planet Limited,"PC Planet Limited is recruiting to fill the position of: Accountant. The position is located in Lagos State. Interested candidates should possess a Bachelor’s Degree in Accounting, Finance, or related field; Professional certification (ACA, ACCA, CPA) preferred. Apply Now",Lagos State,Nigeria,unknown,,,Computer / AI / Technology / IT Services,,,,,,"Mon 29th Jun, 2026",,,https://www.hotnigerianjobs.com/hotjobs/915978/accountant-at-pc-planet-limited.html,2026-08-30T15:20:33+00:00
5ad85ae40688ec8c,hotnigerianjobs,915975,Dispatch Rider at PC Planet Limited,PC Planet Limited,PC Planet Limited is recruiting to fill the position of: Dispatch Rider. The position is located in Lagos State. Interested candidates should possess relevant qualifications. Apply Now,Lagos State,Nigeria,unknown,,,Computer / AI / Technology / IT Services,,,,,,"Mon 29th Jun, 2026",,,https://www.hotnigerianjobs.com/hotjobs/915975/dispatch-rider-at-pc-planet-limited.html,2026-08-30T15:20:33+00:00
33ac2be2902a221d,hotnigerianjobs,915982,B2B Sales Executive at PC Planet Limited,PC Planet Limited,"PC Planet Limited is recruiting to fill the position of: B2B Sales Executive. The position is located in Lagos State. Interested candidates should possess a Bachelor’s Degree in Business Administration, Marketing, or related fields; Proven experience in sales or business development roles. Apply Now",Lagos State,Nigeria,unknown,,,Computer / AI / Technology / IT Services,,,,,,"Mon 29th Jun, 2026",,,https://www.hotnigerianjobs.com/hotjobs/915982/b2b-sales-executive-at-pc-planet-limited.html,2026-08-30T15:20:33+00:00
a8a9979b04e54b68,hotnigerianjobs,915980,Procurement Assistant at PC Planet Limited,PC Planet Limited,"PC Planet Limited is recruiting to fill the position of: Procurement Assistant. The position is located in Lagos State. Interested candidates should possess a Bachelor’s Degree in Business Administration, Supply Chain Management, or related field; Previous experience in procurement, purchasing, or supply chain roles preferred. Apply Now",Lagos State,Nigeria,unknown,,,Computer / AI / Technology / IT Services,,,,,,"Mon 29th Jun, 2026",,,https://www.hotnigerianjobs.com/hotjobs/915980/procurement-assistant-at-pc-planet-limited.html,2026-08-30T15:20:33+00:00
fd7210f80c23890f,hotnigerianjobs,915920,Executive Assistant to Chief Executive Officer at RTCOM Defense,,Executive Assistant to Chief Executive Officer at RTCOM Defense,,Nigeria,unknown,,,Computer / AI / Technology / IT Services,,,,,,,,,https://www.hotnigerianjobs.com/hotjobs/915920/executive-assistant-to-chief-executive-officer-at.html,2026-08-30T15:20:33+00:00
5c4b5cd822f18028,hotnigerianjobs,915849,B2B Sales Executive at PC Place Nigeria Limited,PC Place Nigeria Limited,"PC Place Nigeria Limited is recruiting to fill the position of: B2B Sales Executive. The position is located in Ikeja, Lagos State. Salary: N200,000 - N500,000 per month. Interested candidates should possess a Bachelor’s Degree in Business Administration, Marketing, or related fields with proven experience in sales or business development roles. Apply Now","Ikeja, Lagos State",Nigeria,unknown,,,Computer / AI / Technology / IT Services,,,,"N200,000 - N500,000 per month",,"Mon 29th Jun, 2026",,,https://www.hotnigerianjobs.com/hotjobs/915849/b2b-sales-executive-at-pc-place-nigeria-limited.html,2026-08-30T15:20:33+00:00
9a1b2c28887db726,hotnigerianjobs,915873,Business Development Representative (BDR) / Sales Intern (Remote) at BranteHQ,,Business Development Representative (BDR) / Sales Intern (Remote) at BranteHQ,,Nigeria,remote,Country-only,,Computer / AI / Technology / IT Services,,,,,,,,,https://www.hotnigerianjobs.com/hotjobs/915873/business-development-representative-bdr-sales-inte.html,2026-08-30T15:20:33+00:00
0cc4bcd82117a3b5,hotnigerianjobs,915627,Accountant at PC Place Nigeria Limited,PC Place Nigeria Limited,"PC Place Nigeria Limited is recruiting to fill the position of: Accountant. The position is located in Ikeja, Lagos State. Salary: N250,000 - N300,000 / month. Interested candidates should possess a Bachelor’s Degree in Accounting, Finance, or related field with a proven experience in accounting or finance roles. Apply Now","Ikeja, Lagos State",Nigeria,unknown,,,Computer / AI / Technology / IT Services,,,,"N250,000 - N300,000 / month",,"Mon 29th Jun, 2026",,,https://www.hotnigerianjobs.com/hotjobs/915627/accountant-at-pc-place-nigeria-limited.html,2026-08-30T15:20:33+00:00
f65128b1a5a48e13,hotnigerianjobs,915707,Layer3 Job Recruitment (4 Positions),Layer3,"Layer3 is recruiting suitably qualified candidates to fill the following positions in Abuja: Senior Network Engineer, Chief Finance Officer, and Senior Key Sales Account Manager. Apply Now",Abuja,Nigeria,unknown,,,Computer / AI / Technology / IT Services,,,,,,"Mon 29th Jun, 2026",,IT Support & Networking,https://www.hotnigerianjobs.com/hotjobs/915707/layer3-job-recruitment-3-positions.html,2026-08-30T15:20:33+00:00
f1cc54a298d5f784,hotnigerianjobs,915696,Senior Network Engineer at Layer3,Layer3,"Layer3 is recruiting to fill the position of: Senior Network Engineer. The position is located in Abuja. Interested candidates should possess a Bachelor's Degree in Computer Engineering, Electrical/Electronics Engineering, Mechanical Engineering, Information Technology or related field or its equivalent with a minimum of 6 years relevant experience in troubleshooting and managing IP networks. Apply Now",Abuja,Nigeria,unknown,,,Computer / AI / Technology / IT Services,,,,,,"Mon 29th Jun, 2026",,IT Support & Networking,https://www.hotnigerianjobs.com/hotjobs/915696/senior-network-engineer-at-layer3.html,2026-08-30T15:20:33+00:00
62f7d4e4a574aacb,hotnigerianjobs,915693,Chief Finance Officer at Layer3,Layer3,"Layer3 is recruiting to fill the position of: Chief Finance Officer. The position is located in Abuja. Interested candidates should possess a Bachelor’s Degree in Accounting, Finance, Economics, or related discipline, an MBA, ACCA, ACA, CFA, or equivalent, with 10 - 15 years’ experience with at least 2 years in senior leadership (CFO, FC, Head of Finance). Apply Now",Abuja,Nigeria,unknown,,,Computer / AI / Technology / IT Services,,,,,,"Mon 29th Jun, 2026",,,https://www.hotnigerianjobs.com/hotjobs/915693/chief-finance-officer-at-layer3.html,2026-08-30T15:20:33+00:00
