job_id,source,source_job_id,job_title,company,job_description,location,country,work_mode,remote_scope,job_field,industry,employment_type,experience_required,education_required,salary,currency,date_posted,application_deadline,tech_category,vacancy_url,scraped_at
6849404e0e80d97c,jobberman,sales-and-marketing-manager-45r624,Sales and Marketing Manager,,,,Nigeria,unknown,,,,,,,,,,,,https://www.jobberman.com/listings/sales-and-marketing-manager-45r624,2026-08-30T15:43:08+00:00
56d069f7f41707a3,jobberman,software-developer-it-specialist-m0vdzw,Software Developer / IT Specialist,,,,Nigeria,unknown,,,,,,,,,,,Software Development,https://www.jobberman.com/listings/software-developer-it-specialist-m0vdzw,2026-08-30T15:43:08+00:00
50475ac6b9054379,jobberman,senior-full-stack-software-developer-x8wvzn,Senior Full Stack Software Developer,,,,Nigeria,unknown,,,,,,,,,,,Software Development,https://www.jobberman.com/listings/senior-full-stack-software-developer-x8wvzn,2026-08-30T15:43:08+00:00
7bec4c7fe60bf1ad,jobberman,software-developerit-developer-7jx2en,Software Developer,,,,Nigeria,unknown,,,,,,,,,,,Software Development,https://www.jobberman.com/listings/software-developerit-developer-7jx2en,2026-08-30T15:43:08+00:00
5e8b3241f23d16b7,jobberman,software-developer-programmer-d9dmdg,Software Developer,,,,Nigeria,unknown,,,,,,,,,,,Software Development,https://www.jobberman.com/listings/software-developer-programmer-d9dmdg,2026-08-30T15:43:08+00:00
44679ee2d9f49be4,jobberman,software-developer-2k7m7k,Software Developer,,,,Nigeria,unknown,,,,,,,,,,,Software Development,https://www.jobberman.com/listings/software-developer-2k7m7k,2026-08-30T15:43:08+00:00
5883f7147c81607d,jobberman,software-developer-z8zkj9,Software Developer,,,,Nigeria,unknown,,,,,,,,,,,Software Development,https://www.jobberman.com/listings/software-developer-z8zkj9,2026-08-30T15:43:08+00:00
3b2d9d5fc69357b0,jobberman,software-developerweb-scraper-0knx4x,Software Developer,,,,Nigeria,unknown,,,,,,,,,,,Software Development,https://www.jobberman.com/listings/software-developerweb-scraper-0knx4x,2026-08-30T15:43:08+00:00
1cbc6e54380d404b,jobberman,software-engineer-java-z8zng9,Software Engineer,,,,Nigeria,unknown,,,,,,,,,,,Software Development,https://www.jobberman.com/listings/software-engineer-java-z8zng9,2026-08-30T15:43:08+00:00
f6be31a5e9eda1d6,jobberman,software-engineer-n904zz,Software Engineer,,,,Nigeria,unknown,,,,,,,,,,,Software Development,https://www.jobberman.com/listings/software-engineer-n904zz,2026-08-30T15:43:08+00:00
303e77a9a091a75e,jobberman,principal-software-architect-d9dvm5,Principal Software Architect,,,,Nigeria,unknown,,,,,,,,,,,Other Tech,https://www.jobberman.com/listings/principal-software-architect-d9dvm5,2026-08-30T15:43:08+00:00
3f9dce0ff573deb8,jobberman,software-sales-rep-n97qe0,Software Sales Representative,,,,Nigeria,unknown,,,,,,,,,,,Other Tech,https://www.jobberman.com/listings/software-sales-rep-n97qe0,2026-08-30T15:43:08+00:00
f6d642cedce381ee,jobberman,senior-full-stack-developer-5pre8g,Senior Full Stack Developer,,,,Nigeria,unknown,,,,,,,,,,,Software Development,https://www.jobberman.com/listings/senior-full-stack-developer-5pre8g,2026-08-30T15:43:08+00:00
8f74fcd8cf09f643,jobberman,ux-designer-part-time-x8g5jw,UI/UX Designer,,,,Nigeria,unknown,,,,,,,,,,,Product & Design,https://www.jobberman.com/listings/ux-designer-part-time-x8g5jw,2026-08-30T15:43:08+00:00
0b6ed2b13889a05d,jobberman,civil-structural-engineer-z8r7w9,Civil/ Structural Engineer,,,,Nigeria,unknown,,,,,,,,,,,Other Tech,https://www.jobberman.com/listings/civil-structural-engineer-z8r7w9,2026-08-30T15:43:08+00:00
0526fe642745e647,jobberman,civil-structural-engineer-vdgzd5,Civil/ Structural Engineer,,,,Nigeria,unknown,,,,,,,,,,,Other Tech,https://www.jobberman.com/listings/civil-structural-engineer-vdgzd5,2026-08-30T15:43:08+00:00
a7a349a13abf342f,jobberman,operations-manager-9krjdw,Operations Manager,,,,Nigeria,unknown,,,,,,,,,,,,https://www.jobberman.com/listings/operations-manager-9krjdw,2026-08-30T15:43:12+00:00
e6d02b4bc89af02a,jobberman,software-engineer-rr6dx2,Software Engineer,,,,Nigeria,unknown,,,,,,,,,,,Software Development,https://www.jobberman.com/listings/software-engineer-rr6dx2,2026-08-30T15:43:12+00:00
a5cd9093a6d18422,jobberman,business-development-executive-business-developer-wrg6xk,Business Development Executive,,,,Nigeria,unknown,,,,,,,,,,,,https://www.jobberman.com/listings/business-development-executive-business-developer-wrg6xk,2026-08-30T15:43:12+00:00
c8b0d7263035be60,jobberman,business-development-executive-7jxdwj,Business Development Executive,,,,Nigeria,unknown,,,,,,,,,,,,https://www.jobberman.com/listings/business-development-executive-7jxdwj,2026-08-30T15:43:12+00:00
9189d4d7125718f0,jobberman,software-testing-intern-8mp8n4,Software Testing Intern,,,,Nigeria,unknown,,,,,,,,,,,Other Tech,https://www.jobberman.com/listings/software-testing-intern-8mp8n4,2026-08-30T15:43:12+00:00
23a7021283b59658,jobberman,growth-partnerships-executive-vd99p2,Growth & Partnerships Executive,,,,Nigeria,unknown,,,,,,,,,,,,https://www.jobberman.com/listings/growth-partnerships-executive-vd99p2,2026-08-30T15:43:12+00:00
df8aeb8e397a232a,jobberman,technical-project-manager-wrnp95,Technical Project Manager,,,,Nigeria,unknown,,,,,,,,,,,Other Tech,https://www.jobberman.com/listings/technical-project-manager-wrnp95,2026-08-30T15:43:12+00:00
11ff1186fb457bff,jobberman,business-development-manager-j6pddd,Business Development Manager,,,,Nigeria,unknown,,,,,,,,,,,,https://www.jobberman.com/listings/business-development-manager-j6pddd,2026-08-30T15:43:12+00:00
35257bc6a90a8723,jobberman,software-engineer-internship-x8w7k0,Software Engineer (Internship),,,,Nigeria,unknown,,,,,,,,,,,Software Development,https://www.jobberman.com/listings/software-engineer-internship-x8w7k0,2026-08-30T15:43:12+00:00
843862bd07412ef5,jobberman,marketing-sales-personnel-otawise-software-9krz2n-v1,Marketing & Sales Personnel – Otawise Software,,,,Nigeria,unknown,,,,,,,,,,,Other Tech,https://www.jobberman.com/listings/marketing-sales-personnel-otawise-software-9krz2n-v1,2026-08-30T15:43:12+00:00
618c77dbca8bd137,jobberman,frontend-software-engineer-vd9rzj-v1,Frontend Software Engineer,,,,Nigeria,unknown,,,,,,,,,,,Software Development,https://www.jobberman.com/listings/frontend-software-engineer-vd9rzj-v1,2026-08-30T15:43:12+00:00
19176d2e0e01a779,jobberman,backend-software-engineer-0k86x8-v1,Backend Software Engineer,,,,Nigeria,unknown,,,,,,,,,,,Software Development,https://www.jobberman.com/listings/backend-software-engineer-0k86x8-v1,2026-08-30T15:43:12+00:00
df031fb9a8e0bb32,jobberman,professional-services-engineer-quark-remote-15000year-usd-0k8ve6-v2,"Professional Services Engineer, Quark (Remote) - $15,000/year USD",,,,Nigeria,remote,Country-only,,,,,,,,,,Other Tech,https://www.jobberman.com/listings/professional-services-engineer-quark-remote-15000year-usd-0k8ve6-v2,2026-08-30T15:43:12+00:00
91fdb57c2322ddaf,jobberman,junior-business-development-associate-8mkxzp-v2,Junior Business Development Associate,,,,Nigeria,unknown,,,,,,,,,,,,https://www.jobberman.com/listings/junior-business-development-associate-8mkxzp-v2,2026-08-30T15:43:12+00:00
e33c47260138a99d,jobberman,salesperson-d9dq75-v1,Salesperson,,,,Nigeria,unknown,,,,,,,,,,,,https://www.jobberman.com/listings/salesperson-d9dq75-v1,2026-08-30T15:43:12+00:00
aa568b817b60b5c8,jobberman,sales-executives-at-domeo-resources-international-6qrj6p-v1,Sales Executives at Domeo Resources International,,,,Nigeria,unknown,,,,,,,,,,,,https://www.jobberman.com/listings/sales-executives-at-domeo-resources-international-6qrj6p-v1,2026-08-30T15:43:12+00:00
1727f4180c316ca5,jobberman,micro-credit-loan-officer-pmkmgm-v15,Micro Credit Loan Officer,,,,Nigeria,unknown,,,,,,,,,,,,https://www.jobberman.com/listings/micro-credit-loan-officer-pmkmgm-v15,2026-08-30T15:43:16+00:00
b38b7d7222f88627,jobberman,senior-web-designer-fintechpayments-erppr9-v2,Senior Web Designer (Fintech/Payments),,,,Nigeria,unknown,,,,,,,,,,,,https://www.jobberman.com/listings/senior-web-designer-fintechpayments-erppr9-v2,2026-08-30T15:43:16+00:00
fcb25317af16adb2,jobberman,cctv-operative-at-domeo-resources-international-z8r049-v1,CCTV Operative at Domeo Resources International,,,,Nigeria,unknown,,,,,,,,,,,,https://www.jobberman.com/listings/cctv-operative-at-domeo-resources-international-z8r049-v1,2026-08-30T15:43:16+00:00
88d3da5bd8b54104,jobberman,senior-software-engineer-n90nn9,Senior Software Engineer,,,,Nigeria,unknown,,,,,,,,,,,Software Development,https://www.jobberman.com/listings/senior-software-engineer-n90nn9,2026-08-30T15:43:25+00:00
5c2725d634f3c8cf,jobberman,senior-software-engineer-head-x8wrj8,Head of Software Engineering,,,,Nigeria,unknown,,,,,,,,,,,Software Development,https://www.jobberman.com/listings/senior-software-engineer-head-x8wrj8,2026-08-30T15:43:25+00:00
066a8c3771c36720,jobberman,senior-software-engineer-m0vgq2,Senior Software Engineer,,,,Nigeria,unknown,,,,,,,,,,,Software Development,https://www.jobberman.com/listings/senior-software-engineer-m0vgq2,2026-08-30T15:43:25+00:00
ea0b6e6093d322bd,jobberman,software-engineer-php-7jp6vm,Software Engineer (PHP),,,,Nigeria,unknown,,,,,,,,,,,Software Development,https://www.jobberman.com/listings/software-engineer-php-7jp6vm,2026-08-30T15:43:25+00:00
0b3ffb9c2a83ac61,jobberman,software-engineer-full-stack-z8rzed,"Software Engineer, Full Stack",,,,Nigeria,unknown,,,,,,,,,,,Software Development,https://www.jobberman.com/listings/software-engineer-full-stack-z8rzed,2026-08-30T15:43:25+00:00
8306c97a3a355ef1,jobberman,senior-fullstack-software-engineer-nodejs-react-web3-pgn0pv,Senior Fullstack Software Engineer,,,,Nigeria,unknown,,,,,,,,,,,Software Development,https://www.jobberman.com/listings/senior-fullstack-software-engineer-nodejs-react-web3-pgn0pv,2026-08-30T15:43:25+00:00
0e13280661e3724c,jobberman,bim-specialist-9krj6w,BIM Specialist,,,,Nigeria,unknown,,,,,,,,,,,,https://www.jobberman.com/listings/bim-specialist-9krj6w,2026-08-30T15:43:25+00:00
4f8ffa316f7db4a4,jobberman,after-sales-engineer-gm4p8e,After Sales Engineer,,,,Nigeria,unknown,,,,,,,,,,,Other Tech,https://www.jobberman.com/listings/after-sales-engineer-gm4p8e,2026-08-30T15:43:25+00:00
3dcf4d82728adc90,jobberman,pa-to-the-managing-director-engineering-background-x8w5mw,Personal Assistance,,,,Nigeria,unknown,,,,,,,,,,,,https://www.jobberman.com/listings/pa-to-the-managing-director-engineering-background-x8w5mw,2026-08-30T15:43:28+00:00
700bfa9391be05b8,jobberman,personal-assistance-to-the-managing-director-6qrjwz,Survey Engineer Trainee,,,,Nigeria,unknown,,,,,,,,,,,Other Tech,https://www.jobberman.com/listings/personal-assistance-to-the-managing-director-6qrjwz,2026-08-30T15:43:28+00:00
17fc8e5035f72f24,jobberman,technical-product-manager-business-banking-7jpk68,Technical Product Manager,,,,Nigeria,unknown,,,,,,,,,,,Product & Design,https://www.jobberman.com/listings/technical-product-manager-business-banking-7jpk68,2026-08-30T15:43:28+00:00
4be859a070fbe537,jobberman,senior-ai-engineer-8mk2mx,Senior Ai Engineer,,,,Nigeria,unknown,,,,,,,,,,,Data & AI,https://www.jobberman.com/listings/senior-ai-engineer-8mk2mx,2026-08-30T15:43:28+00:00
66edafe47e12adff,jobberman,sales-operations-specialist-at-jules-construction-pgne9j,Sales Operations Specialist at Jules Construction,,,,Nigeria,unknown,,,,,,,,,,,,https://www.jobberman.com/listings/sales-operations-specialist-at-jules-construction-pgne9j,2026-08-30T15:43:28+00:00
aba975f14d3a9f55,jobberman,facility-technician-z8r57v-v1,Facility Technician,,,,Nigeria,unknown,,,,,,,,,,,,https://www.jobberman.com/listings/facility-technician-z8r57v-v1,2026-08-30T15:43:28+00:00
ca8251497a90858b,jobberman,web-developer-pgnvzr,Web Developer,,,,Nigeria,unknown,,,,,,,,,,,Software Development,https://www.jobberman.com/listings/web-developer-pgnvzr,2026-08-30T15:43:46+00:00
91fe927999518f1a,jobberman,web-developer-erpp5k,Web developer,,,,Nigeria,unknown,,,,,,,,,,,Software Development,https://www.jobberman.com/listings/web-developer-erpp5k,2026-08-30T15:43:46+00:00
11847a7a738b053d,jobberman,web-developer-intern-rrjzqn,Web Developer Intern,,,,Nigeria,unknown,,,,,,,,,,,Software Development,https://www.jobberman.com/listings/web-developer-intern-rrjzqn,2026-08-30T15:43:46+00:00
bdac74983a5804ee,jobberman,web-development-instructor-0k8q28,Web Development Instructor,,,,Nigeria,unknown,,,,,,,,,,,,https://www.jobberman.com/listings/web-development-instructor-0k8q28,2026-08-30T15:43:46+00:00
f97c8808642c1ad3,jobberman,websiteweb-developeronsite-rr6wz2,Website\Web Developer,,,,Nigeria,unknown,,,,,,,,,,,Software Development,https://www.jobberman.com/listings/websiteweb-developeronsite-rr6wz2,2026-08-30T15:43:46+00:00
6da44f61407cfee7,jobberman,web-application-developer-vd909g,Web Application Developer,,,,Nigeria,unknown,,,,,,,,,,,Software Development,https://www.jobberman.com/listings/web-application-developer-vd909g,2026-08-30T15:43:46+00:00
61c75612e10e1704,jobberman,backend-web-developer-erpqm2,Backend Web Developer,,,,Nigeria,unknown,,,,,,,,,,,Software Development,https://www.jobberman.com/listings/backend-web-developer-erpqm2,2026-08-30T15:43:46+00:00
6d0598f11b3ded4c,jobberman,mobile-app-j6p085,Web Development Instructor,,,,Nigeria,unknown,,,,,,,,,,,,https://www.jobberman.com/listings/mobile-app-j6p085,2026-08-30T15:43:46+00:00
0149661855baa0af,jobberman,web-development-facilitator-5p9vz6,Web Development Facilitator,,,,Nigeria,unknown,,,,,,,,,,,,https://www.jobberman.com/listings/web-development-facilitator-5p9vz6,2026-08-30T15:43:46+00:00
e8aacc4a49bbb3d4,jobberman,front-end-web-developer-8m4qn6,Front-end Web Developer,,,,Nigeria,unknown,,,,,,,,,,,Software Development,https://www.jobberman.com/listings/front-end-web-developer-8m4qn6,2026-08-30T15:43:46+00:00
a7402551860cb37d,jobberman,net-core-developer-n9pr2v,.NET Core Developer,,,,Nigeria,unknown,,,,,,,,,,,Software Development,https://www.jobberman.com/listings/net-core-developer-n9pr2v,2026-08-30T15:43:46+00:00
1d4532f9ccdf32bc,jobberman,senior-full-stack-developer-onsite-enugu-wrnxd5,Senior Full-Stack Developer,,,,Nigeria,unknown,,,,,,,,,,,Software Development,https://www.jobberman.com/listings/senior-full-stack-developer-onsite-enugu-wrnxd5,2026-08-30T15:43:46+00:00
40eb3176e2b2ed17,jobberman,mern-fullstack-developer-9kkwd8,MERN Fullstack Developer,,,,Nigeria,unknown,,,,,,,,,,,Software Development,https://www.jobberman.com/listings/mern-fullstack-developer-9kkwd8,2026-08-30T15:43:46+00:00
15b985a04d73134c,jobberman,tech-instructor-k76rkp,Tech Instructor,,,,Nigeria,unknown,,,,,,,,,,,,https://www.jobberman.com/listings/tech-instructor-k76rkp,2026-08-30T15:43:46+00:00
4e9148705f2f36b5,jobberman,backend-developer-5prgmr,Backend Developer,,,,Nigeria,unknown,,,,,,,,,,,Software Development,https://www.jobberman.com/listings/backend-developer-5prgmr,2026-08-30T15:43:46+00:00
a991ed92207ca512,jobberman,front-end-developer-n90dwz,Front-End Developer,,,,Nigeria,unknown,,,,,,,,,,,Software Development,https://www.jobberman.com/listings/front-end-developer-n90dwz,2026-08-30T15:43:46+00:00
3a6803a4976923a4,jobberman,frontend-developer-2k8g4k,Frontend Developer,,,,Nigeria,unknown,,,,,,,,,,,Software Development,https://www.jobberman.com/listings/frontend-developer-2k8g4k,2026-08-30T15:43:50+00:00
cb64f1ea17c871c0,jobberman,uiux-designer-2k898v,UI/UX Designer,,,,Nigeria,unknown,,,,,,,,,,,Product & Design,https://www.jobberman.com/listings/uiux-designer-2k898v,2026-08-30T15:43:50+00:00
bee6e64f5147268c,jobberman,uiux-designer-j6p7w8,UI/UX Designer,,,,Nigeria,unknown,,,,,,,,,,,Product & Design,https://www.jobberman.com/listings/uiux-designer-j6p7w8,2026-08-30T15:43:50+00:00
043a6dd0ddc83c47,jobberman,business-development-manager-2k86ep-v1,Business Development Manager,,,,Nigeria,unknown,,,,,,,,,,,,https://www.jobberman.com/listings/business-development-manager-2k86ep-v1,2026-08-30T15:43:50+00:00
756f6ad55dff018f,jobberman,conversational-and-linguistic-analyst-d9dj55-v1,Conversational and linguistic analyst,,,,Nigeria,unknown,,,,,,,,,,,,https://www.jobberman.com/listings/conversational-and-linguistic-analyst-d9dj55-v1,2026-08-30T15:43:50+00:00
6b9af1c388f77fa1,jobberman,training-coordinator-at-jules-construction-rr6egm,Training Coordinator at Jules Construction,,,,Nigeria,unknown,,,,,,,,,,,,https://www.jobberman.com/listings/training-coordinator-at-jules-construction-rr6egm,2026-08-30T15:43:50+00:00
182e514bc9354287,jobberman,managed-services-noc-supervisor-at-alfred-and-victoria-associates-d9dgx8,Managed Services NOC Supervisor at Alfred and Victoria Associates,,,,Nigeria,unknown,,,,,,,,,,,Other Tech,https://www.jobberman.com/listings/managed-services-noc-supervisor-at-alfred-and-victoria-associates-d9dgx8,2026-08-30T15:43:50+00:00
03566674bb6c2693,jobberman,digital-marketing-lead-at-worknigeria-0k869j-v1,Digital Marketing Lead at Worknigeria,,,,Nigeria,unknown,,,,,,,,,,,,https://www.jobberman.com/listings/digital-marketing-lead-at-worknigeria-0k869j-v1,2026-08-30T15:43:50+00:00
93b5732310f8203a,jobberman,mobile-application-developer-2k707q,Mobile Application Developer,,,,Nigeria,unknown,,,,,,,,,,,Software Development,https://www.jobberman.com/listings/mobile-application-developer-2k707q,2026-08-30T15:43:59+00:00
8ee19ddf0ddcdfe1,jobberman,cross-platform-mobile-developer-k76kjx,Mobile Developer,,,,Nigeria,unknown,,,,,,,,,,,Software Development,https://www.jobberman.com/listings/cross-platform-mobile-developer-k76kjx,2026-08-30T15:43:59+00:00
976e5db6302946a9,jobberman,mobile-developer-z8rr49,Mobile developer,,,,Nigeria,unknown,,,,,,,,,,,Software Development,https://www.jobberman.com/listings/mobile-developer-z8rr49,2026-08-30T15:43:59+00:00
48bcc687300fafcd,jobberman,mobile-app-engineer-pgnw7q,Mobile Application Developer,,,,Nigeria,unknown,,,,,,,,,,,Software Development,https://www.jobberman.com/listings/mobile-app-engineer-pgnw7q,2026-08-30T15:43:59+00:00
4a500207feca33f8,jobberman,project-manager-6qrprn,Project Manager,,,,Nigeria,unknown,,,,,,,,,,,,https://www.jobberman.com/listings/project-manager-6qrprn,2026-08-30T15:43:59+00:00
191ea91f1e6ff607,jobberman,head-of-marketing-and-business-development-8mk29x,Head of Marketing and Business Development,,,,Nigeria,unknown,,,,,,,,,,,,https://www.jobberman.com/listings/head-of-marketing-and-business-development-8mk29x,2026-08-30T15:43:59+00:00
f9f57ae1c78513be,jobberman,business-development-executive-2k8ed8,Business Development Executive,,,,Nigeria,unknown,,,,,,,,,,,,https://www.jobberman.com/listings/business-development-executive-2k8ed8,2026-08-30T15:43:59+00:00
240ee9b2effdba09,jobberman,team-lead-corporate-commercial-9k5v9x,Business Development Executive,,,,Nigeria,unknown,,,,,,,,,,,,https://www.jobberman.com/listings/team-lead-corporate-commercial-9k5v9x,2026-08-30T15:43:59+00:00
696a0e19082821df,jobberman,business-development-intern-technology-partnerships-9krk45,Business Development Intern,,,,Nigeria,unknown,,,,,,,,,,,,https://www.jobberman.com/listings/business-development-intern-technology-partnerships-9krk45,2026-08-30T15:44:02+00:00
fbd839b48914754f,jobberman,partnership-manager-wrgdzz,Partnership Manager,,,,Nigeria,unknown,,,,,,,,,,,,https://www.jobberman.com/listings/partnership-manager-wrgdzz,2026-08-30T15:44:02+00:00
9c5572e148e83fd4,jobberman,state-coordinator-ogun-at-international-institute-of-tropical-agriculture-iita-45rvg4,State Coordinator (Ogun) at International Institute of Tropical Agriculture (IITA),,,,Nigeria,unknown,,,,,,,,,,,,https://www.jobberman.com/listings/state-coordinator-ogun-at-international-institute-of-tropical-agriculture-iita-45rvg4,2026-08-30T15:44:02+00:00
be122903110acabe,jobberman,field-agent-n90vzw-v2,Field Agent,,,,Nigeria,unknown,,,,,,,,,,,,https://www.jobberman.com/listings/field-agent-n90vzw-v2,2026-08-30T15:44:02+00:00
9a3edd8534bcfc3e,jobberman,monitoring-and-evaluation-officer-7wrw8g-v5,Monitoring and Evaluation Officer,,,,Nigeria,unknown,,,,,,,,,,,,https://www.jobberman.com/listings/monitoring-and-evaluation-officer-7wrw8g-v5,2026-08-30T15:44:02+00:00
9c488beebc6b683c,jobberman,junior-full-stack-developer-j65q9v,Junior Full-Stack Developer,,,,Nigeria,unknown,,,,,,,,,,,Software Development,https://www.jobberman.com/listings/junior-full-stack-developer-j65q9v,2026-08-30T15:44:23+00:00
6864554029ca6ac6,jobberman,country-manager-integrated-commercial-solutions-8mk890-v1,Country Manager | Integrated Commercial Solutions,,,,Nigeria,unknown,,,,,,,,,,,,https://www.jobberman.com/listings/country-manager-integrated-commercial-solutions-8mk890-v1,2026-08-30T15:44:23+00:00
27e5ac8c57cdb886,jobberman,data-analyst-j65n7v,Data Analyst,,,,Nigeria,unknown,,,,,,,,,,,Data & AI,https://www.jobberman.com/listings/data-analyst-j65n7v,2026-08-30T15:44:53+00:00
13b1a9bb8a0cde24,jobberman,data-analyst-gm4740,Data Analyst,,,,Nigeria,unknown,,,,,,,,,,,Data & AI,https://www.jobberman.com/listings/data-analyst-gm4740,2026-08-30T15:44:53+00:00
8d6ce0a573f130e7,jobberman,data-analyst-6qrw0n,Data Analyst,,,,Nigeria,unknown,,,,,,,,,,,Data & AI,https://www.jobberman.com/listings/data-analyst-6qrw0n,2026-08-30T15:44:53+00:00
b9c4aff89e5564b2,jobberman,data-analyst-8mkxvp,Data Analyst,,,,Nigeria,unknown,,,,,,,,,,,Data & AI,https://www.jobberman.com/listings/data-analyst-8mkxvp,2026-08-30T15:44:53+00:00
e126e5a3d21555eb,jobberman,data-analyst-0knq4w,Data Analyst,,,,Nigeria,unknown,,,,,,,,,,,Data & AI,https://www.jobberman.com/listings/data-analyst-0knq4w,2026-08-30T15:44:53+00:00
01dafd96bc3a7ec3,jobberman,data-analyst-qz9jm7,Data Analyst,,,,Nigeria,unknown,,,,,,,,,,,Data & AI,https://www.jobberman.com/listings/data-analyst-qz9jm7,2026-08-30T15:44:53+00:00
a698168de13ca0cb,jobberman,data-analyst-researchers-m06479,Research Data Analyst,,,,Nigeria,unknown,,,,,,,,,,,Data & AI,https://www.jobberman.com/listings/data-analyst-researchers-m06479,2026-08-30T15:44:53+00:00
146e10622653f990,jobberman,monitoring-evaluation-reporting-analyst-6qn458,"Monitoring, Evaluation & Reporting Analyst",,,,Nigeria,unknown,,,,,,,,,,,,https://www.jobberman.com/listings/monitoring-evaluation-reporting-analyst-6qn458,2026-08-30T15:44:53+00:00
6f2380bd18d1b981,jobberman,financial-analyst-45rwrr,Financial Analyst,,,,Nigeria,unknown,,,,,,,,,,,,https://www.jobberman.com/listings/financial-analyst-45rwrr,2026-08-30T15:44:53+00:00
38744dcb7d5ac2d1,jobberman,quality-control-analyst-engineering-rrnwnx,Quality Control Analyst,,,,Nigeria,unknown,,,,,,,,,,,,https://www.jobberman.com/listings/quality-control-analyst-engineering-rrnwnx,2026-08-30T15:44:53+00:00
136501dadd36d5b4,jobberman,quantitative-football-analyst-k7xm6j,Quantitative Football Analyst,,,,Nigeria,unknown,,,,,,,,,,,,https://www.jobberman.com/listings/quantitative-football-analyst-k7xm6j,2026-08-30T15:44:53+00:00
042d373d15031b82,jobberman,trading-analyst-rrn76g,Trading Analyst,,,,Nigeria,unknown,,,,,,,,,,,,https://www.jobberman.com/listings/trading-analyst-rrn76g,2026-08-30T15:44:53+00:00
811428045899ba4a,jobberman,inventory-control-analyst-456jp2,Inventory Control Analyst,,,,Nigeria,unknown,,,,,,,,,,,,https://www.jobberman.com/listings/inventory-control-analyst-456jp2,2026-08-30T15:44:53+00:00
c29d1fa69ae94afb,jobberman,data-scientist-pgnmrp,Data Scientist,,,,Nigeria,unknown,,,,,,,,,,,Data & AI,https://www.jobberman.com/listings/data-scientist-pgnmrp,2026-08-30T15:45:04+00:00
55962fb0ddeecb4b,jobberman,data-scientist-expert-z8zxgv,Data Scientist Expert,,,,Nigeria,unknown,,,,,,,,,,,Data & AI,https://www.jobberman.com/listings/data-scientist-expert-z8zxgv,2026-08-30T15:45:04+00:00
7f6c6c96e0eb2587,jobberman,natural-scientist-graduate-trainee-rr6gxn,Natural Scientist,,,,Nigeria,unknown,,,,,,,,,,,,https://www.jobberman.com/listings/natural-scientist-graduate-trainee-rr6gxn,2026-08-30T15:45:04+00:00
90ca4be43d034396,jobberman,medical-laboratory-scientist-8mpq0j,Medical Laboratory Scientist,,,,Nigeria,unknown,,,,,,,,,,,,https://www.jobberman.com/listings/medical-laboratory-scientist-8mpq0j,2026-08-30T15:45:04+00:00
993c2a3c9b896d73,jobberman,content-marketing-and-partnerships-lead-5prr6n,"Content, Marketing, and Partnerships Lead",,,,Nigeria,unknown,,,,,,,,,,,,https://www.jobberman.com/listings/content-marketing-and-partnerships-lead-5prr6n,2026-08-30T15:45:14+00:00
b0803a83e620d7c5,jobberman,petroleum-engineers-rr6k8m,Petroleum Engineers,,,,Nigeria,unknown,,,,,,,,,,,Other Tech,https://www.jobberman.com/listings/petroleum-engineers-rr6k8m,2026-08-30T15:45:14+00:00
4b23d1301b2ad6ba,jobberman,machine-learning-ml-builder-x8gvqv,Machine Learning Builder,,,,Nigeria,unknown,,,,,,,,,,,Data & AI,https://www.jobberman.com/listings/machine-learning-ml-builder-x8gvqv,2026-08-30T15:45:14+00:00
2898443dd031ede8,jobberman,sales-operations-enablement-manager-gmd5de,Sales Operations & Enablement Manager,,,,Nigeria,unknown,,,,,,,,,,,,https://www.jobberman.com/listings/sales-operations-enablement-manager-gmd5de,2026-08-30T15:45:14+00:00
24090a441bb7af56,jobberman,marketing-growth-lead-music-entertainment-7jx4pn,Marketing & Growth Lead,,,,Nigeria,unknown,,,,,,,,,,,,https://www.jobberman.com/listings/marketing-growth-lead-music-entertainment-7jx4pn,2026-08-30T15:45:14+00:00
9c545aba28b39e82,jobberman,product-manager-pgn9jj-v1,Product Manager,,,,Nigeria,unknown,,,,,,,,,,,Product & Design,https://www.jobberman.com/listings/product-manager-pgn9jj-v1,2026-08-30T15:45:14+00:00
73003ff8cd303c42,jobberman,senior-well-engineer-8mk6r7,Senior Well Engineer,,,,Nigeria,unknown,,,,,,,,,,,Other Tech,https://www.jobberman.com/listings/senior-well-engineer-8mk6r7,2026-08-30T15:45:14+00:00
ee20cdad40dd2203,jobberman,senior-electrical-design-engineer-gm4k5m-v2,Senior Electrical Design Engineer,,,,Nigeria,unknown,,,,,,,,,,,Other Tech,https://www.jobberman.com/listings/senior-electrical-design-engineer-gm4k5m-v2,2026-08-30T15:45:14+00:00
0035fe2d7339a608,jobberman,digital-lead-specialist-at-jules-construction-n90eg9,Digital Lead Specialist at Jules Construction,,,,Nigeria,unknown,,,,,,,,,,,,https://www.jobberman.com/listings/digital-lead-specialist-at-jules-construction-n90eg9,2026-08-30T15:45:14+00:00
c7665c0798a39ed2,jobberman,aml-transaction-monitoring-specialist-fintechpayments-pg6rrj-v5,AML Transaction Monitoring Specialist (Fintech/Payments),,,,Nigeria,unknown,,,,,,,,,,,,https://www.jobberman.com/listings/aml-transaction-monitoring-specialist-fintechpayments-pg6rrj-v5,2026-08-30T15:45:14+00:00
c11c2c105c1c8d21,jobberman,community-health-officer-at-jules-construction-gm4erm,Community Health Officer at Jules Construction,,,,Nigeria,unknown,,,,,,,,,,,,https://www.jobberman.com/listings/community-health-officer-at-jules-construction-gm4erm,2026-08-30T15:45:16+00:00
e4e9e87f588cddfb,jobberman,ehs-officer-qzwn9p-v2,EHS Officer,,,,Nigeria,unknown,,,,,,,,,,,,https://www.jobberman.com/listings/ehs-officer-qzwn9p-v2,2026-08-30T15:45:16+00:00
16ab78a3068a86bf,jobberman,business-head-oil-feed-water-8mkwz9,"Business Head- Oil, Feed & Water",,,,Nigeria,unknown,,,,,,,,,,,,https://www.jobberman.com/listings/business-head-oil-feed-water-8mkwz9,2026-08-30T15:45:16+00:00
0a29e96445101a75,jobberman,senior-ai-engineer-machine-learning-engineer-rr6jkq,Senior AI Engineer / Machine Learning Engineer,,,,Nigeria,unknown,,,,,,,,,,,Data & AI,https://www.jobberman.com/listings/senior-ai-engineer-machine-learning-engineer-rr6jkq,2026-08-30T15:45:27+00:00
b9c1890b576fd84e,jobberman,ai-engineer-er9k0j,AI Engineer,,,,Nigeria,unknown,,,,,,,,,,,Data & AI,https://www.jobberman.com/listings/ai-engineer-er9k0j,2026-08-30T15:45:27+00:00
94405c4d5854692e,jobberman,devops-engineer-z8rnvx,DevOps Engineer,,,,Nigeria,unknown,,,,,,,,,,,DevOps & Cloud,https://www.jobberman.com/listings/devops-engineer-z8rnvx,2026-08-30T15:46:00+00:00
08dcfb6fa25efd07,jobberman,technical-growth-product-manager-9k58m6,Technical Growth Product Manager,,,,Nigeria,unknown,,,,,,,,,,,Product & Design,https://www.jobberman.com/listings/technical-growth-product-manager-9k58m6,2026-08-30T15:46:00+00:00
0d45bfd66a6a8301,jobberman,cloud-infrastructure-engineer-k7p4jw,Cloud Infrastructure Engineer,,,,Nigeria,unknown,,,,,,,,,,,Other Tech,https://www.jobberman.com/listings/cloud-infrastructure-engineer-k7p4jw,2026-08-30T15:46:09+00:00
519bf8e19037048d,jobberman,senior-cybersecurity-cloud-implementation-engineer-er9k8d,Senior Cybersecurity & Cloud Implementation Engineer,,,,Nigeria,unknown,,,,,,,,,,,Cybersecurity,https://www.jobberman.com/listings/senior-cybersecurity-cloud-implementation-engineer-er9k8d,2026-08-30T15:46:09+00:00
8815f0540d033386,jobberman,development-security-and-operations-engineer-devsecops-6qnwqn,Engineer,,,,Nigeria,unknown,,,,,,,,,,,Other Tech,https://www.jobberman.com/listings/development-security-and-operations-engineer-devsecops-6qnwqn,2026-08-30T15:46:09+00:00
2c4696f487c3c517,jobberman,field-services-engineer-k76kqj-v2,Field Services Engineer,,,,Nigeria,unknown,,,,,,,,,,,Other Tech,https://www.jobberman.com/listings/field-services-engineer-k76kqj-v2,2026-08-30T15:46:17+00:00
6511444999f0247b,jobberman,senior-administrator-remote-nigeria-qzwp9e,Administrator,,,,Nigeria,unknown,,,,,,,,,,,,https://www.jobberman.com/listings/senior-administrator-remote-nigeria-qzwp9e,2026-08-30T15:46:28+00:00
854673ccdfd7ece6,jobberman,senior-virtual-assistantbookeeper-9kkqej,Senior Virtual Assistant/Bookkeeper,,,,Nigeria,unknown,,,,,,,,,,,,https://www.jobberman.com/listings/senior-virtual-assistantbookeeper-9kkqej,2026-08-30T15:46:28+00:00
23e0509b2dfe7254,jobberman,system-administrator-2k8r22,System Administrator,,,,Nigeria,unknown,,,,,,,,,,,,https://www.jobberman.com/listings/system-administrator-2k8r22,2026-08-30T15:46:28+00:00
05e759a8ea89afc0,jobberman,systems-administrator-45rj89,Systems Administrator,,,,Nigeria,unknown,,,,,,,,,,,IT Support & Networking,https://www.jobberman.com/listings/systems-administrator-45rj89,2026-08-30T15:46:28+00:00
a4b7129d75900383,jobberman,school-administrator-z8j25k,School Administrator,,,,Nigeria,unknown,,,,,,,,,,,,https://www.jobberman.com/listings/school-administrator-z8j25k,2026-08-30T15:46:28+00:00
94c36f264995896a,jobberman,church-administrative-officer-n90r9v,Church Administrative Officer,,,,Nigeria,unknown,,,,,,,,,,,,https://www.jobberman.com/listings/church-administrative-officer-n90r9v,2026-08-30T15:46:28+00:00
c208ac943b4190bf,jobberman,admin-staff-7jxd5q,Administrative Officer,,,,Nigeria,unknown,,,,,,,,,,,,https://www.jobberman.com/listings/admin-staff-7jxd5q,2026-08-30T15:46:28+00:00
f2030959f36a3954,jobberman,technology-lms-portal-administrator-7jpene,"Technology, LMS & Portal Administrator",,,,Nigeria,unknown,,,,,,,,,,,,https://www.jobberman.com/listings/technology-lms-portal-administrator-7jpene,2026-08-30T15:46:28+00:00
effa2d87e3c11110,jobberman,it-administrator-456jq8,IT Administrator,,,,Nigeria,unknown,,,,,,,,,,,,https://www.jobberman.com/listings/it-administrator-456jq8,2026-08-30T15:46:28+00:00
6fd78065ede530ce,jobberman,office-administrator-z8rp58,Office Administrator,,,,Nigeria,unknown,,,,,,,,,,,,https://www.jobberman.com/listings/office-administrator-z8rp58,2026-08-30T15:46:28+00:00
59715175f607dacb,jobberman,front-deskadmin-executive-j65kpv,Front Desk/Admin Executive,,,,Nigeria,unknown,,,,,,,,,,,,https://www.jobberman.com/listings/front-deskadmin-executive-j65kpv,2026-08-30T15:46:28+00:00
382b2b906868a987,jobberman,it-specialist-gm40k8,IT Specialist,,,,Nigeria,unknown,,,,,,,,,,,,https://www.jobberman.com/listings/it-specialist-gm40k8,2026-08-30T15:46:28+00:00
2308007f2fde3b88,jobberman,facility-manager-at-domeo-resources-international-7jx67e-v1,Facility Manager at Domeo Resources International,,,,Nigeria,unknown,,,,,,,,,,,,https://www.jobberman.com/listings/facility-manager-at-domeo-resources-international-7jx67e-v1,2026-08-30T15:46:28+00:00
fff770ba62d7d84a,jobberman,clinical-operations-coordinator-and-head-of-lagos-clinic-45rk65,Clinical Operations Coordinator and Head of Lagos Clinic,,,,Nigeria,unknown,,,,,,,,,,,,https://www.jobberman.com/listings/clinical-operations-coordinator-and-head-of-lagos-clinic-45rk65,2026-08-30T15:46:31+00:00
c5677f7047c74772,jobberman,job-position-8mkpzn-v1,Job Position,,,,Nigeria,unknown,,,,,,,,,,,,https://www.jobberman.com/listings/job-position-8mkpzn-v1,2026-08-30T15:46:31+00:00
7adbfb13485ebddf,jobberman,school-principal-vd9j5m-v1,School Principal,,,,Nigeria,unknown,,,,,,,,,,,,https://www.jobberman.com/listings/school-principal-vd9j5m-v1,2026-08-30T15:46:31+00:00
e0027b8e4bdd5ee2,jobberman,financial-advisor-vwnmew-v16,Financial Advisor,,,,Nigeria,unknown,,,,,,,,,,,,https://www.jobberman.com/listings/financial-advisor-vwnmew-v16,2026-08-30T15:46:31+00:00
ac554e126f215cb8,jobberman,marketing-and-sales-manager-at-domeo-resources-international-erpk5k-v1,Marketing and Sales Manager at Domeo Resources International,,,,Nigeria,unknown,,,,,,,,,,,,https://www.jobberman.com/listings/marketing-and-sales-manager-at-domeo-resources-international-erpk5k-v1,2026-08-30T15:46:31+00:00
caf3d12bb6536dff,jobberman,community-and-growth-manager-5pzwv6,Community and Growth Manager,,,,Nigeria,unknown,,,,,,,,,,,,https://www.jobberman.com/listings/community-and-growth-manager-5pzwv6,2026-08-30T15:46:48+00:00
dc727f8891b0d97c,jobberman,it-network-engineer-qzwrnz,IT Network Engineer,,,,Nigeria,unknown,,,,,,,,,,,IT Support & Networking,https://www.jobberman.com/listings/it-network-engineer-qzwrnz,2026-08-30T15:46:48+00:00
425134225a042a06,jobberman,network-engineer-0k86p6,Network Engineer,,,,Nigeria,unknown,,,,,,,,,,,IT Support & Networking,https://www.jobberman.com/listings/network-engineer-0k86p6,2026-08-30T15:46:48+00:00
76fb6def4b95d01a,jobberman,senior-network-engineer-j655jw,Senior Network Engineer,,,,Nigeria,unknown,,,,,,,,,,,IT Support & Networking,https://www.jobberman.com/listings/senior-network-engineer-j655jw,2026-08-30T15:46:48+00:00
c2ebbf69ac844d2c,jobberman,network-support-engineer-erp5jk,Network Support Engineer,,,,Nigeria,unknown,,,,,,,,,,,Other Tech,https://www.jobberman.com/listings/network-support-engineer-erp5jk,2026-08-30T15:46:48+00:00
3800374917afe0ce,jobberman,senior-core-network-engineer-5prq6p,Senior Core Network Engineer,,,,Nigeria,unknown,,,,,,,,,,,IT Support & Networking,https://www.jobberman.com/listings/senior-core-network-engineer-5prq6p,2026-08-30T15:46:48+00:00
4dc091d96c1cd8d0,jobberman,telecom-field-engineer-8mp2vr,Field Engineer,,,,Nigeria,unknown,,,,,,,,,,,Other Tech,https://www.jobberman.com/listings/telecom-field-engineer-8mp2vr,2026-08-30T15:46:48+00:00
e6932fd585379b61,jobberman,project-manager-isp-network-infrastructure-wrn70d,Project Manager,,,,Nigeria,unknown,,,,,,,,,,,,https://www.jobberman.com/listings/project-manager-isp-network-infrastructure-wrn70d,2026-08-30T15:46:48+00:00
2c351d4400e1e213,jobberman,fiber-implementation-engineer-9kr0j0,Fiber Implementation Engineer,,,,Nigeria,unknown,,,,,,,,,,,Other Tech,https://www.jobberman.com/listings/fiber-implementation-engineer-9kr0j0,2026-08-30T15:46:48+00:00
7852b4807bc6fa0e,jobberman,2027-graduate-programme-nigeria-n90e6w-v1,2027 Graduate Programme - Nigeria,,,,Nigeria,unknown,,,,,,,,,,,,https://www.jobberman.com/listings/2027-graduate-programme-nigeria-n90e6w-v1,2026-08-30T15:46:48+00:00
1a3bb213d1ded4eb,jobberman,network-administrator-7jx86q,Network Administrator,,,,Nigeria,unknown,,,,,,,,,,,Other Tech,https://www.jobberman.com/listings/network-administrator-7jx86q,2026-08-30T15:46:57+00:00
c72fb96a8b2ab035,jobberman,buisness-sales-executive-wrngek-v3,Buisness sales Executive,,,,Nigeria,unknown,,,,,,,,,,,,https://www.jobberman.com/listings/buisness-sales-executive-wrngek-v3,2026-08-30T15:46:57+00:00
57f8563fa8a5ddf9,jobberman,team-lead-deal-origination-client-coverage-investment-banking-6qrpjv,"Team Lead, Deal Origination & Client Coverage (Investment Banking)",,,,Nigeria,unknown,,,,,,,,,,,,https://www.jobberman.com/listings/team-lead-deal-origination-client-coverage-investment-banking-6qrpjv,2026-08-30T15:46:57+00:00
7dc34d5de96f223e,jobberman,senior-tax-manager-rr6eq5-v1,Senior Tax Manager,,,,Nigeria,unknown,,,,,,,,,,,,https://www.jobberman.com/listings/senior-tax-manager-rr6eq5-v1,2026-08-30T15:46:57+00:00
eadc3b80a4ff560f,jobberman,office-assistant-cleaner-rrj27m,Cleaner / Office Assistant,,,,Nigeria,unknown,,,,,,,,,,,,https://www.jobberman.com/listings/office-assistant-cleaner-rrj27m,2026-08-30T15:47:24+00:00
3e58ed583fed34b4,jobberman,sales-assistant-m0jmjw,Sales Assistant,,,,Nigeria,unknown,,,,,,,,,,,,https://www.jobberman.com/listings/sales-assistant-m0jmjw,2026-08-30T15:47:24+00:00
dfc2c1f9ed962aab,jobberman,office-clerk-n90mdv,Office Clerk,,,,Nigeria,unknown,,,,,,,,,,,,https://www.jobberman.com/listings/office-clerk-n90mdv,2026-08-30T15:47:24+00:00
81b42637a09db986,jobberman,front-desk-officer-5prn47,Front Desk Officer,,,,Nigeria,unknown,,,,,,,,,,,,https://www.jobberman.com/listings/front-desk-officer-5prn47,2026-08-30T15:47:24+00:00
3888e97aad68b2d2,jobberman,operational-manager-erp022,Operations Manager,,,,Nigeria,unknown,,,,,,,,,,,,https://www.jobberman.com/listings/operational-manager-erp022,2026-08-30T15:47:24+00:00
9537970e25e24f26,jobberman,account-officer-0k8epx,Account Officer,,,,Nigeria,unknown,,,,,,,,,,,,https://www.jobberman.com/listings/account-officer-0k8epx,2026-08-30T15:47:24+00:00
57f710eef39c228c,jobberman,secretary-8mk65r,Secretary,,,,Nigeria,unknown,,,,,,,,,,,,https://www.jobberman.com/listings/secretary-8mk65r,2026-08-30T15:47:24+00:00
d2d63460ca1cb6d7,jobberman,salescustomer-service-specialist-j6596d,Sales/Customer Service Specialist,,,,Nigeria,unknown,,,,,,,,,,,,https://www.jobberman.com/listings/salescustomer-service-specialist-j6596d,2026-08-30T15:47:24+00:00
16ed091ea734bb06,jobberman,nail-technician-spa-attendant-0k846x,Nail Technician / Spa Attendant,,,,Nigeria,unknown,,,,,,,,,,,,https://www.jobberman.com/listings/nail-technician-spa-attendant-0k846x,2026-08-30T15:47:24+00:00
46118e54eb2314db,jobberman,visa-documentation-officer-d9dgg0,Visa & Documentation Officer,,,,Nigeria,unknown,,,,,,,,,,,,https://www.jobberman.com/listings/visa-documentation-officer-d9dgg0,2026-08-30T15:47:24+00:00
e00f85c3c06d5b04,jobberman,legal-analyst-z8r0wn,Legal Analyst,,,,Nigeria,unknown,,,,,,,,,,,,https://www.jobberman.com/listings/legal-analyst-z8r0wn,2026-08-30T15:47:24+00:00
abc7b042f7a4a325,jobberman,electro-mechanical-engineer-2k8xmk,Electro-Mechanical Engineer,,,,Nigeria,unknown,,,,,,,,,,,Other Tech,https://www.jobberman.com/listings/electro-mechanical-engineer-2k8xmk,2026-08-30T15:47:24+00:00
053c5fe06699ba2f,jobberman,loan-officer-x8wr8v,Loan Officer,,,,Nigeria,unknown,,,,,,,,,,,,https://www.jobberman.com/listings/loan-officer-x8wr8v,2026-08-30T15:47:24+00:00
92e9af2066d63a67,jobberman,customer-support-store-assistant-gm4mv9,Customer Support & Store Assistant.,,,,Nigeria,unknown,,,,,,,,,,,,https://www.jobberman.com/listings/customer-support-store-assistant-gm4mv9,2026-08-30T15:47:24+00:00
9349d12f8dc1b6ad,jobberman,logistics-assistant-assistant-store-keeper-m0vq8r,Logistics Assistant / Assistant store keeper,,,,Nigeria,unknown,,,,,,,,,,,,https://www.jobberman.com/listings/logistics-assistant-assistant-store-keeper-m0vq8r,2026-08-30T15:47:24+00:00
38a44b8b0002814f,jobberman,assitant-office-manager-6qnqk4,Assistant Office Manager,,,,Nigeria,unknown,,,,,,,,,,,,https://www.jobberman.com/listings/assitant-office-manager-6qnqk4,2026-08-30T15:47:24+00:00
0b960a17ed6dd1ee,jobberman,human-resources-administration-manager-n994je,Human Resources & Administration Manager,,,,Nigeria,unknown,,,,,,,,,,,,https://www.jobberman.com/listings/human-resources-administration-manager-n994je,2026-08-30T15:47:28+00:00
90679a7464f449f2,jobberman,us-immigration-paralegal-j65826,U.S. Immigration Paralegal,,,,Nigeria,unknown,,,,,,,,,,,,https://www.jobberman.com/listings/us-immigration-paralegal-j65826,2026-08-30T15:47:28+00:00
31fdb13d61af268c,jobberman,technical-assistant-programmatic-vdgj6j,Technical Assistant,,,,Nigeria,unknown,,,,,,,,,,,Other Tech,https://www.jobberman.com/listings/technical-assistant-programmatic-vdgj6j,2026-08-30T15:47:28+00:00
2a0829fa8941ece1,jobberman,medical-sales-representative-k7px2w,Medical Sales Representative,,,,Nigeria,unknown,,,,,,,,,,,,https://www.jobberman.com/listings/medical-sales-representative-k7px2w,2026-08-30T15:47:28+00:00
63d130005cde6ebb,jobberman,mep-project-engineer-7jx9eq,MEP Project Engineer,,,,Nigeria,unknown,,,,,,,,,,,Other Tech,https://www.jobberman.com/listings/mep-project-engineer-7jx9eq,2026-08-30T15:47:28+00:00
362968270ed742bd,jobberman,technical-commercial-supervisor-wrnwvp,Technical & Commercial Supervisor,,,,Nigeria,unknown,,,,,,,,,,,Other Tech,https://www.jobberman.com/listings/technical-commercial-supervisor-wrnwvp,2026-08-30T15:47:28+00:00
c3eb2c85f4ac427e,jobberman,assistant-inventory-officer-vddnmg,Assistant / Inventory Officer,,,,Nigeria,unknown,,,,,,,,,,,,https://www.jobberman.com/listings/assistant-inventory-officer-vddnmg,2026-08-30T15:47:28+00:00
7f36719863ea32eb,jobberman,farmranch-manager-qz962e,Farm/Ranch Manager,,,,Nigeria,unknown,,,,,,,,,,,,https://www.jobberman.com/listings/farmranch-manager-qz962e,2026-08-30T15:47:28+00:00
77cfffd54e565368,jobberman,office-management-officer-450rk4,Office Management Officer,,,,Nigeria,unknown,,,,,,,,,,,,https://www.jobberman.com/listings/office-management-officer-450rk4,2026-08-30T15:47:28+00:00
0a8bad7a1761404c,jobberman,account-officer-x8g8jj,Account Officer,,,,Nigeria,unknown,,,,,,,,,,,,https://www.jobberman.com/listings/account-officer-x8g8jj,2026-08-30T15:47:28+00:00
963870fe5c860cdc,jobberman,hr-officer-z8jvdr,HR Officer,,,,Nigeria,unknown,,,,,,,,,,,,https://www.jobberman.com/listings/hr-officer-z8jvdr,2026-08-30T15:47:28+00:00
0073ed5dc0c9f621,jobberman,bus-coordinator-pgnw5q,Fleet Coordinator,,,,Nigeria,unknown,,,,,,,,,,,,https://www.jobberman.com/listings/bus-coordinator-pgnw5q,2026-08-30T15:47:28+00:00
d5675fe09d6fec23,jobberman,secondary-school-teacher-gmpv7q,Primary and Secondary School Teacher,,,,Nigeria,unknown,,,,,,,,,,,,https://www.jobberman.com/listings/secondary-school-teacher-gmpv7q,2026-08-30T15:47:28+00:00
58446f2a6e7d6dd3,jobberman,junior-account-officer-4505je,Junior Account Officer,,,,Nigeria,unknown,,,,,,,,,,,,https://www.jobberman.com/listings/junior-account-officer-4505je,2026-08-30T15:47:28+00:00
872c6c0210645672,jobberman,accountant-x88mnz,Accountant,,,,Nigeria,unknown,,,,,,,,,,,,https://www.jobberman.com/listings/accountant-x88mnz,2026-08-30T15:47:30+00:00
3d84ba80b4faf7ba,jobberman,cashier-6qnv8p,Cashier,,,,Nigeria,unknown,,,,,,,,,,,,https://www.jobberman.com/listings/cashier-6qnv8p,2026-08-30T15:47:30+00:00
91e101a8a03aeff0,jobberman,finance-manager-gmm7n2,Finance Manager,,,,Nigeria,unknown,,,,,,,,,,,,https://www.jobberman.com/listings/finance-manager-gmm7n2,2026-08-30T15:47:30+00:00
79574aac05cbfa0b,jobberman,executive-assistant-wrr0zj,Executive Assistant,,,,Nigeria,unknown,,,,,,,,,,,,https://www.jobberman.com/listings/executive-assistant-wrr0zj,2026-08-30T15:47:30+00:00
3835c7f69ca989e8,jobberman,it-offcer-7j08ve,IT Officer,,,,Nigeria,unknown,,,,,,,,,,,Other Tech,https://www.jobberman.com/listings/it-offcer-7j08ve,2026-08-30T15:47:30+00:00
91c0b5e06d65c372,jobberman,customer-service-officer-d9dzdr,Customer Service Officer,,,,Nigeria,unknown,,,,,,,,,,,,https://www.jobberman.com/listings/customer-service-officer-d9dzdr,2026-08-30T15:47:30+00:00
271662c2388f0e8f,jobberman,esg-researcher-contract-position-8mmr5x,ESG Researcher,,,,Nigeria,unknown,,,,,,,,,,,,https://www.jobberman.com/listings/esg-researcher-contract-position-8mmr5x,2026-08-30T15:47:30+00:00
5981969255c65721,jobberman,property-deal-sourcer-fully-remote-uk-qzwd87,Property Deal Sourcer,,,,Nigeria,unknown,,,,,,,,,,,,https://www.jobberman.com/listings/property-deal-sourcer-fully-remote-uk-qzwd87,2026-08-30T15:47:30+00:00
b25fa5f09c4bf8a0,jobberman,chartist-junior-trader-vdgm6w,Junior Trader/Chartist,,,,Nigeria,unknown,,,,,,,,,,,,https://www.jobberman.com/listings/chartist-junior-trader-vdgm6w,2026-08-30T15:47:30+00:00
83701b2d6e8e4411,jobberman,executive-assistant-0k87rm,Executive Assistant and Social Media Manager,,,,Nigeria,unknown,,,,,,,,,,,,https://www.jobberman.com/listings/executive-assistant-0k87rm,2026-08-30T15:47:30+00:00
36c395bd2cc5cc5e,jobberman,accounting-staff-pg0wz0,Accountant,,,,Nigeria,unknown,,,,,,,,,,,,https://www.jobberman.com/listings/accounting-staff-pg0wz0,2026-08-30T15:47:30+00:00
a55e9b1e043d8a7d,jobberman,accountant-450k6z,Accountant,,,,Nigeria,unknown,,,,,,,,,,,,https://www.jobberman.com/listings/accountant-450k6z,2026-08-30T15:47:30+00:00
c46daba1cd7f1627,jobberman,home-appliance-after-sales-technical-supervisor-d99zm5,Home Appliance After Sales Technical Supervisor,,,,Nigeria,unknown,,,,,,,,,,,Other Tech,https://www.jobberman.com/listings/home-appliance-after-sales-technical-supervisor-d99zm5,2026-08-30T15:47:30+00:00
f3eadeafc3290333,jobberman,software-consultant-n9745g,Software Consultant,,,,Nigeria,unknown,,,,,,,,,,,Other Tech,https://www.jobberman.com/listings/software-consultant-n9745g,2026-08-30T15:47:30+00:00
d66f4313eb2a7f43,jobberman,secretary-j65eze,Secretary,,,,Nigeria,unknown,,,,,,,,,,,,https://www.jobberman.com/listings/secretary-j65eze,2026-08-30T15:47:30+00:00
a322a949e0280374,jobberman,loan-recovery-officer-er9e2v,Loan Recovery Officer,,,,Nigeria,unknown,,,,,,,,,,,,https://www.jobberman.com/listings/loan-recovery-officer-er9e2v,2026-08-30T15:47:30+00:00
b032ace1eb4361d1,jobberman,accountant-9kkxe6,Accountant,,,,Nigeria,unknown,,,,,,,,,,,,https://www.jobberman.com/listings/accountant-9kkxe6,2026-08-30T15:47:33+00:00
10d50e5925276dc1,jobberman,community-partnerships-engagement-officer-45re0z,Community Partnership & Engagement Officer,,,,Nigeria,unknown,,,,,,,,,,,,https://www.jobberman.com/listings/community-partnerships-engagement-officer-45re0z,2026-08-30T15:47:33+00:00
d9940343071f9718,jobberman,head-warehouse-logistics-management-6qrd8n,"Head, Warehouse & Logistics Management",,,,Nigeria,unknown,,,,,,,,,,,,https://www.jobberman.com/listings/head-warehouse-logistics-management-6qrd8n,2026-08-30T15:47:33+00:00
0520bcbcae532d3b,jobberman,assistant-workshop-manager-rrnkwj,Assistant Workshop Manager,,,,Nigeria,unknown,,,,,,,,,,,,https://www.jobberman.com/listings/assistant-workshop-manager-rrnkwj,2026-08-30T15:47:33+00:00
8d59b79beee7d861,jobberman,country-representative-healthcare-education-mfd-0kn09j,Country Representative,,,,Nigeria,unknown,,,,,,,,,,,,https://www.jobberman.com/listings/country-representative-healthcare-education-mfd-0kn09j,2026-08-30T15:47:33+00:00
616c07d9f3b1a580,jobberman,sales-floor-inventory-assistant-wrg29m,Sales Floor / Inventory Assistant,,,,Nigeria,unknown,,,,,,,,,,,,https://www.jobberman.com/listings/sales-floor-inventory-assistant-wrg29m,2026-08-30T15:47:33+00:00
e37b74d5da4da872,jobberman,executive-assistant-8mkp7z,Executive Assistant,,,,Nigeria,unknown,,,,,,,,,,,,https://www.jobberman.com/listings/executive-assistant-8mkp7z,2026-08-30T15:47:33+00:00
633d01735225ddc7,jobberman,internal-control-audit-executive-m0626m,Internal Control / Audit Executive,,,,Nigeria,unknown,,,,,,,,,,,,https://www.jobberman.com/listings/internal-control-audit-executive-m0626m,2026-08-30T15:47:33+00:00
0a5035410e54524f,jobberman,sales-manager-aftermarket-esp-bag-filter-gmp56r,Sales Manager,,,,Nigeria,unknown,,,,,,,,,,,,https://www.jobberman.com/listings/sales-manager-aftermarket-esp-bag-filter-gmp56r,2026-08-30T15:47:33+00:00
bb9b3fda7967f908,jobberman,hradmin-officer-0knjzd,HR/Admin Officer,,,,Nigeria,unknown,,,,,,,,,,,,https://www.jobberman.com/listings/hradmin-officer-0knjzd,2026-08-30T15:47:33+00:00
e85169fe3995c6e5,jobberman,front-desk-executive-rrnwdg,Front Desk Executive,,,,Nigeria,unknown,,,,,,,,,,,,https://www.jobberman.com/listings/front-desk-executive-rrnwdg,2026-08-30T15:47:33+00:00
aba83ebb31ae78b1,jobberman,electrical-reliability-engineer-m0vq6d,Electrical Reliability Engineer,,,,Nigeria,unknown,,,,,,,,,,,Other Tech,https://www.jobberman.com/listings/electrical-reliability-engineer-m0vq6d,2026-08-30T15:47:33+00:00
cc02a445f38a04fc,jobberman,auto-ac-technician-45029r,AC Technician,,,,Nigeria,unknown,,,,,,,,,,,,https://www.jobberman.com/listings/auto-ac-technician-45029r,2026-08-30T15:47:33+00:00
315718c548e3ca26,jobberman,human-resources-organizational-development-officer-gmp84q,Human Resources & Organizational Development Officer,,,,Nigeria,unknown,,,,,,,,,,,,https://www.jobberman.com/listings/human-resources-organizational-development-officer-gmp84q,2026-08-30T15:47:33+00:00
9d213bfc6d863c04,jobberman,content-editorial-operations-manager-n975dv,Content & Editorial Operations Manager,,,,Nigeria,unknown,,,,,,,,,,,,https://www.jobberman.com/listings/content-editorial-operations-manager-n975dv,2026-08-30T15:47:33+00:00
2184d9e6956825fd,jobberman,maintenance-and-inventory-officer-rrren9,Maintenance and Inventory Officer,,,,Nigeria,unknown,,,,,,,,,,,,https://www.jobberman.com/listings/maintenance-and-inventory-officer-rrren9,2026-08-30T15:47:36+00:00
99dfe1a82856133b,jobberman,head-growth-and-strategy-er9k5x,"Head, Growth and Strategy",,,,Nigeria,unknown,,,,,,,,,,,,https://www.jobberman.com/listings/head-growth-and-strategy-er9k5x,2026-08-30T15:47:36+00:00
b235ba01eb7e4633,jobberman,production-planning-execution-coordinator-9k5nx0,Production Planning & Execution Coordinator,,,,Nigeria,unknown,,,,,,,,,,,,https://www.jobberman.com/listings/production-planning-execution-coordinator-9k5nx0,2026-08-30T15:47:36+00:00
b188b6d282885dbf,jobberman,digital-operations-and-customer-lead-7jjzpn,Digital Operations and Customer Lead,,,,Nigeria,unknown,,,,,,,,,,,,https://www.jobberman.com/listings/digital-operations-and-customer-lead-7jjzpn,2026-08-30T15:47:36+00:00
4eb347cf5a182bd4,jobberman,accountant-6qq9ng,Accountant,,,,Nigeria,unknown,,,,,,,,,,,,https://www.jobberman.com/listings/accountant-6qq9ng,2026-08-30T15:47:36+00:00
bbb68dd151db6d39,jobberman,b2b-account-manager-vdd69m,B2B Account Manager,,,,Nigeria,unknown,,,,,,,,,,,,https://www.jobberman.com/listings/b2b-account-manager-vdd69m,2026-08-30T15:47:36+00:00
11cba9d70de85fed,jobberman,local-and-continental-chef-k769p5,Chef,,,,Nigeria,unknown,,,,,,,,,,,,https://www.jobberman.com/listings/local-and-continental-chef-k769p5,2026-08-30T15:47:36+00:00
f5abd6cac3c892ab,jobberman,server-shop-assistant-restaurant-45rxd2,Server / Shop Assistant,,,,Nigeria,unknown,,,,,,,,,,,,https://www.jobberman.com/listings/server-shop-assistant-restaurant-45rxd2,2026-08-30T15:47:36+00:00
610474f8dfdca224,jobberman,head-of-call-center-unit-z8rmvk,Head of Call Center Unit,,,,Nigeria,unknown,,,,,,,,,,,,https://www.jobberman.com/listings/head-of-call-center-unit-z8rmvk,2026-08-30T15:47:36+00:00
349b9ce48f546cdd,jobberman,growth-specialist-pgnrmw,Growth Specialist,,,,Nigeria,unknown,,,,,,,,,,,,https://www.jobberman.com/listings/growth-specialist-pgnrmw,2026-08-30T15:47:36+00:00
455ae98606d666a9,jobberman,investment-officer-n90wex,Investment Officer,,,,Nigeria,unknown,,,,,,,,,,,,https://www.jobberman.com/listings/investment-officer-n90wex,2026-08-30T15:47:36+00:00
21b740159dfeae41,jobberman,crane-maintenance-supervisors-wrnk0j,Crane Maintenance Supervisor,,,,Nigeria,unknown,,,,,,,,,,,,https://www.jobberman.com/listings/crane-maintenance-supervisors-wrnk0j,2026-08-30T15:47:36+00:00
9bed85a5bf89ac67,jobberman,digital-business-and-growth-specialist-9krnd7,Digital Business and Growth Specialist,,,,Nigeria,unknown,,,,,,,,,,,,https://www.jobberman.com/listings/digital-business-and-growth-specialist-9krnd7,2026-08-30T15:47:36+00:00
9a9ca1234543fc11,jobberman,sales-assistant-graduate-trainee-agriculture-wrngwj,Sales Assistant,,,,Nigeria,unknown,,,,,,,,,,,,https://www.jobberman.com/listings/sales-assistant-graduate-trainee-agriculture-wrngwj,2026-08-30T15:47:36+00:00
dbb221d29c3bb6ca,jobberman,litigation-clerk-x8wpev,Litigation Clerk,,,,Nigeria,unknown,,,,,,,,,,,,https://www.jobberman.com/listings/litigation-clerk-x8wpev,2026-08-30T15:47:36+00:00
67d96a8288cc6b65,jobberman,digital-sales-and-partnership-supervisor-rr6808,Digital Sales and Partnership Supervisor,,,,Nigeria,unknown,,,,,,,,,,,,https://www.jobberman.com/listings/digital-sales-and-partnership-supervisor-rr6808,2026-08-30T15:47:36+00:00
2c911dc33f610685,jobberman,junior-associate-wrnp8m,Junior Associate,,,,Nigeria,unknown,,,,,,,,,,,,https://www.jobberman.com/listings/junior-associate-wrnp8m,2026-08-30T15:47:39+00:00
b8cf04596936156a,jobberman,site-inspector-9kr92v,Site Inspector,,,,Nigeria,unknown,,,,,,,,,,,,https://www.jobberman.com/listings/site-inspector-9kr92v,2026-08-30T15:47:39+00:00
3bd60a3ffb5722b7,jobberman,marketing-executive-8mk044,Marketing Executive,,,,Nigeria,unknown,,,,,,,,,,,,https://www.jobberman.com/listings/marketing-executive-8mk044,2026-08-30T15:47:39+00:00
810dd0b7bcfd2219,jobberman,social-media-manager-7jxv5e,Social Media Manager,,,,Nigeria,unknown,,,,,,,,,,,,https://www.jobberman.com/listings/social-media-manager-7jxv5e,2026-08-30T15:47:39+00:00
a6f7345090422b1c,jobberman,information-technology-digital-partnerships-supervisor-2k76dj,Information Technology & Digital Partnerships Supervisor,,,,Nigeria,unknown,,,,,,,,,,,Other Tech,https://www.jobberman.com/listings/information-technology-digital-partnerships-supervisor-2k76dj,2026-08-30T15:47:39+00:00
c50c531338869296,jobberman,insurance-underwriting-officer-ibadan-wrgdmz,Insurance Underwriting Officer,,,,Nigeria,unknown,,,,,,,,,,,,https://www.jobberman.com/listings/insurance-underwriting-officer-ibadan-wrgdmz,2026-08-30T15:47:39+00:00
09b3f82e714bfcfb,jobberman,branch-manager-er90gk,Branch Manager,,,,Nigeria,unknown,,,,,,,,,,,,https://www.jobberman.com/listings/branch-manager-er90gk,2026-08-30T15:47:39+00:00
5c7fa59cb637a467,jobberman,experienced-nanny-m06e92,Experienced Nanny,,,,Nigeria,unknown,,,,,,,,,,,,https://www.jobberman.com/listings/experienced-nanny-m06e92,2026-08-30T15:47:39+00:00
771ae37dbc916fce,jobberman,business-development-manager-vdgjjw,Business Development Manager,,,,Nigeria,unknown,,,,,,,,,,,,https://www.jobberman.com/listings/business-development-manager-vdgjjw,2026-08-30T15:47:39+00:00
b6dad4574394cc5a,jobberman,driver-9k5zn0,Driver,,,,Nigeria,unknown,,,,,,,,,,,,https://www.jobberman.com/listings/driver-9k5zn0,2026-08-30T15:47:39+00:00
d8e420e7ae72ae5f,jobberman,driver-7jpqxx,Driver,,,,Nigeria,unknown,,,,,,,,,,,,https://www.jobberman.com/listings/driver-7jpqxx,2026-08-30T15:47:39+00:00
0253d1dd49573498,jobberman,2-bakers-er98pv,Baker,,,,Nigeria,unknown,,,,,,,,,,,,https://www.jobberman.com/listings/2-bakers-er98pv,2026-08-30T15:47:39+00:00
10fbd4a9fc2a25cf,jobberman,executive-assistant-social-media-pg09np,Executive Assistant,,,,Nigeria,unknown,,,,,,,,,,,,https://www.jobberman.com/listings/executive-assistant-social-media-pg09np,2026-08-30T15:47:39+00:00
7e126bd63b685b17,jobberman,laundry-staff-x8gmgv,Laundry Staff,,,,Nigeria,unknown,,,,,,,,,,,,https://www.jobberman.com/listings/laundry-staff-x8gmgv,2026-08-30T15:47:39+00:00
4f8f025e844559de,jobberman,driver-z8zkz8,Driver,,,,Nigeria,unknown,,,,,,,,,,,,https://www.jobberman.com/listings/driver-z8zkz8,2026-08-30T15:47:39+00:00
00c8e8b29ee9b1ae,jobberman,quarry-sales-officer-4502d5,Quarry Sales Officer,,,,Nigeria,unknown,,,,,,,,,,,,https://www.jobberman.com/listings/quarry-sales-officer-4502d5,2026-08-30T15:47:39+00:00
a1455b0e2a1156cf,jobberman,quarry-accounts-manager-wrg9zz,Quarry Accounts Manager,,,,Nigeria,unknown,,,,,,,,,,,,https://www.jobberman.com/listings/quarry-accounts-manager-wrg9zz,2026-08-30T15:47:43+00:00
aca3b65d7fa6e180,jobberman,it-support-9kre8x,IT Support,,,,Nigeria,unknown,,,,,,,,,,,IT Support & Networking,https://www.jobberman.com/listings/it-support-9kre8x,2026-08-30T15:47:43+00:00
13f71806afc5ec3b,jobberman,it-support-officer-x8kdkm,IT Support Officer,,,,Nigeria,unknown,,,,,,,,,,,IT Support & Networking,https://www.jobberman.com/listings/it-support-officer-x8kdkm,2026-08-30T15:47:43+00:00
f930a703847d3ec8,jobberman,it-support-officer-k76z45,IT Support Officer,,,,Nigeria,unknown,,,,,,,,,,,IT Support & Networking,https://www.jobberman.com/listings/it-support-officer-k76z45,2026-08-30T15:47:43+00:00
59d161671e0502cb,jobberman,it-support-officer-j65644,IT Support Officer,,,,Nigeria,unknown,,,,,,,,,,,IT Support & Networking,https://www.jobberman.com/listings/it-support-officer-j65644,2026-08-30T15:47:43+00:00
fc625798453ce0f9,jobberman,customer-support-m0685r,Customer Support,,,,Nigeria,unknown,,,,,,,,,,,,https://www.jobberman.com/listings/customer-support-m0685r,2026-08-30T15:47:43+00:00
4de23ded62fbac66,jobberman,it-support-entry-level-j6pkne,IT Support Specialists,,,,Nigeria,unknown,,,,,,,,,,,IT Support & Networking,https://www.jobberman.com/listings/it-support-entry-level-j6pkne,2026-08-30T15:47:43+00:00
9964b808fda33fa1,jobberman,administartive-support-8mpxdx,Administartive Support,,,,Nigeria,unknown,,,,,,,,,,,,https://www.jobberman.com/listings/administartive-support-8mpxdx,2026-08-30T15:47:43+00:00
9d63e66f30ec74ac,jobberman,customer-service-repsupport-pgjpq2,Customer Service Support,,,,Nigeria,unknown,,,,,,,,,,,,https://www.jobberman.com/listings/customer-service-repsupport-pgjpq2,2026-08-30T15:47:43+00:00
173f9e0a5fcba7ba,jobberman,tech-support-officer-2kwjz2,Tech Support Officer,,,,Nigeria,unknown,,,,,,,,,,,,https://www.jobberman.com/listings/tech-support-officer-2kwjz2,2026-08-30T15:47:43+00:00
3f3c022805f75f09,jobberman,aftersales-support-7jxkdx,Aftersales Support Associate,,,,Nigeria,unknown,,,,,,,,,,,,https://www.jobberman.com/listings/aftersales-support-7jxkdx,2026-08-30T15:47:43+00:00
45da6b81319d4437,jobberman,office-support-personnel-d9d5kr,Office Support Personnel,,,,Nigeria,unknown,,,,,,,,,,,,https://www.jobberman.com/listings/office-support-personnel-d9d5kr,2026-08-30T15:47:43+00:00
7659d32adedfbfea,jobberman,customer-support-officer-6qrexz,Customer Support Officer,,,,Nigeria,unknown,,,,,,,,,,,,https://www.jobberman.com/listings/customer-support-officer-6qrexz,2026-08-30T15:47:43+00:00
a7130441516ded16,jobberman,customer-care-support-erpezj,Customer Care Support,,,,Nigeria,unknown,,,,,,,,,,,,https://www.jobberman.com/listings/customer-care-support-erpezj,2026-08-30T15:47:43+00:00
3312a48c089c19c6,jobberman,it-support-officer-developer-erpewd,IT Support Officer / Developer,,,,Nigeria,unknown,,,,,,,,,,,Software Development,https://www.jobberman.com/listings/it-support-officer-developer-erpewd,2026-08-30T15:47:43+00:00
556b87781ee88631,jobberman,classroom-support-staff-k76zz5,Classroom Support Staff,,,,Nigeria,unknown,,,,,,,,,,,,https://www.jobberman.com/listings/classroom-support-staff-k76zz5,2026-08-30T15:47:43+00:00
1a219f2b7b69bec4,jobberman,it-support-systems-officer-8mkrkp,IT Support/Systems Officer,,,,Nigeria,unknown,,,,,,,,,,,IT Support & Networking,https://www.jobberman.com/listings/it-support-systems-officer-8mkrkp,2026-08-30T15:47:46+00:00
13311f940e2daa47,jobberman,field-support-engineer-mech-vdg2v5,Field Support Engineer,,,,Nigeria,unknown,,,,,,,,,,,Other Tech,https://www.jobberman.com/listings/field-support-engineer-mech-vdg2v5,2026-08-30T15:47:46+00:00
8f4cea67aca8c048,jobberman,client-support-officer-gmpvq8,Client Support Officer,,,,Nigeria,unknown,,,,,,,,,,,,https://www.jobberman.com/listings/client-support-officer-gmpvq8,2026-08-30T15:47:46+00:00
167fc0ab6fabc6e1,jobberman,customer-support-representative-8mmg5n,Customer Support Representative,,,,Nigeria,unknown,,,,,,,,,,,,https://www.jobberman.com/listings/customer-support-representative-8mmg5n,2026-08-30T15:47:46+00:00
303cf1dd80f026da,jobberman,customer-support-representative-d90652,Customer Support Representative,,,,Nigeria,unknown,,,,,,,,,,,,https://www.jobberman.com/listings/customer-support-representative-d90652,2026-08-30T15:47:46+00:00
150996b01c8f7eec,jobberman,legal-support-administrator-d906m8,Legal Support Administrator,,,,Nigeria,unknown,,,,,,,,,,,,https://www.jobberman.com/listings/legal-support-administrator-d906m8,2026-08-30T15:47:46+00:00
de02c8c2591ad896,jobberman,technical-sales-support-bsc-civil-engineer-building-technology-architecture-x8gz20,Technical Sales Support,,,,Nigeria,unknown,,,,,,,,,,,Other Tech,https://www.jobberman.com/listings/technical-sales-support-bsc-civil-engineer-building-technology-architecture-x8gz20,2026-08-30T15:47:46+00:00
1f0dbbe625e62977,jobberman,customer-support-representative-7jpgjm,Customer Support Representative,,,,Nigeria,unknown,,,,,,,,,,,,https://www.jobberman.com/listings/customer-support-representative-7jpgjm,2026-08-30T15:47:46+00:00
cb81a78da41737fa,jobberman,customer-support-representative-n97w9v,Customer Support Representative,,,,Nigeria,unknown,,,,,,,,,,,,https://www.jobberman.com/listings/customer-support-representative-n97w9v,2026-08-30T15:47:46+00:00
60236ae18ed1f0e1,jobberman,marine-support-officer-er9w6d,Marine Support Officer,,,,Nigeria,unknown,,,,,,,,,,,,https://www.jobberman.com/listings/marine-support-officer-er9w6d,2026-08-30T15:47:46+00:00
4c4f0dfaebf7871c,jobberman,front-office-business-support-6qrjvv,Front Office & Business Support,,,,Nigeria,unknown,,,,,,,,,,,,https://www.jobberman.com/listings/front-office-business-support-6qrjvv,2026-08-30T15:47:46+00:00
f7b4431b2e52a5a9,jobberman,sms-vas-support-engineer-vd9pvx,SMS VAS Support Engineer,,,,Nigeria,unknown,,,,,,,,,,,Other Tech,https://www.jobberman.com/listings/sms-vas-support-engineer-vd9pvx,2026-08-30T15:47:46+00:00
411c71cb2093e71b,jobberman,business-development-transmission-line-support-manager-x8g50z,Business Development and Support Manager,,,,Nigeria,unknown,,,,,,,,,,,,https://www.jobberman.com/listings/business-development-transmission-line-support-manager-x8g50z,2026-08-30T15:47:46+00:00
c5348d15156001f1,jobberman,administrative-and-business-support-officer-8mpw2r,Administrative and Business Support Officer,,,,Nigeria,unknown,,,,,,,,,,,,https://www.jobberman.com/listings/administrative-and-business-support-officer-8mpw2r,2026-08-30T15:47:46+00:00
a48d5c7d714b749e,jobberman,supply-chain-support-officer-rrnkmj,Supply Chain Support Officer,,,,Nigeria,unknown,,,,,,,,,,,,https://www.jobberman.com/listings/supply-chain-support-officer-rrnkmj,2026-08-30T15:47:46+00:00
e5c005be1d77d6f2,jobberman,administrative-executive-travel-desk-support-pgnvnp,Administrative Executive / Travel Desk Support,,,,Nigeria,unknown,,,,,,,,,,,,https://www.jobberman.com/listings/administrative-executive-travel-desk-support-pgnvnp,2026-08-30T15:47:48+00:00
4c44715859f93437,jobberman,operations-assistant-vd970w,Operations Assistant,,,,Nigeria,unknown,,,,,,,,,,,,https://www.jobberman.com/listings/operations-assistant-vd970w,2026-08-30T15:47:48+00:00
37a7e1a409216c50,jobberman,manager-administration-and-operations-7jx54d,"Manager, Administration and Operations",,,,Nigeria,unknown,,,,,,,,,,,,https://www.jobberman.com/listings/manager-administration-and-operations-7jx54d,2026-08-30T15:47:48+00:00
25ba9e2d5948beb2,jobberman,administrative-manager-8mk8er,Administrative Manager,,,,Nigeria,unknown,,,,,,,,,,,,https://www.jobberman.com/listings/administrative-manager-8mk8er,2026-08-30T15:47:48+00:00
c2803efa5de602bb,jobberman,internal-control-officer-x8gm44,Internal Control Officer,,,,Nigeria,unknown,,,,,,,,,,,,https://www.jobberman.com/listings/internal-control-officer-x8gm44,2026-08-30T15:47:48+00:00
4f5056a4a34bb18c,jobberman,administrative-assistant-rr6dw2,Administrative Assistant,,,,Nigeria,unknown,,,,,,,,,,,,https://www.jobberman.com/listings/administrative-assistant-rr6dw2,2026-08-30T15:47:48+00:00
409bd4cb129f3141,jobberman,business-assistant-er968x,Business Assistant,,,,Nigeria,unknown,,,,,,,,,,,,https://www.jobberman.com/listings/business-assistant-er968x,2026-08-30T15:47:48+00:00
dacd0b5559648911,jobberman,administrative-assistant-pg0qqx,Administrative Assistant,,,,Nigeria,unknown,,,,,,,,,,,,https://www.jobberman.com/listings/administrative-assistant-pg0qqx,2026-08-30T15:47:48+00:00
a5f152c5e83667d4,jobberman,office-assistant-450qq2,Office Assistant,,,,Nigeria,unknown,,,,,,,,,,,,https://www.jobberman.com/listings/office-assistant-450qq2,2026-08-30T15:47:48+00:00
9e0f5f142a89fafe,jobberman,public-health-assistant-vd9j2p,Public Health Assistant,,,,Nigeria,unknown,,,,,,,,,,,,https://www.jobberman.com/listings/public-health-assistant-vd9j2p,2026-08-30T15:47:48+00:00
b59b4b935ad7a1ea,jobberman,vacancy-personalexecutive-assistant-wrg26m,Personal Assistant,,,,Nigeria,unknown,,,,,,,,,,,,https://www.jobberman.com/listings/vacancy-personalexecutive-assistant-wrg26m,2026-08-30T15:47:48+00:00
53f403434012a581,jobberman,pharmacist-assistant-vdg28p,Pharmacist Assistant,,,,Nigeria,unknown,,,,,,,,,,,,https://www.jobberman.com/listings/pharmacist-assistant-vdg28p,2026-08-30T15:47:48+00:00
d79dd7afb3ebf90c,jobberman,public-health-assistant-450zx5,Public Health Assistant,,,,Nigeria,unknown,,,,,,,,,,,,https://www.jobberman.com/listings/public-health-assistant-450zx5,2026-08-30T15:47:48+00:00
d8e7c4a397444402,jobberman,it-personnel-2k8m4v,IT Personnel,,,,Nigeria,unknown,,,,,,,,,,,,https://www.jobberman.com/listings/it-personnel-2k8m4v,2026-08-30T15:47:48+00:00
23973438dbcb7459,jobberman,tenders-supervisor-j6p0ge,Tenders Supervisor,,,,Nigeria,unknown,,,,,,,,,,,,https://www.jobberman.com/listings/tenders-supervisor-j6p0ge,2026-08-30T15:47:48+00:00
d1348e8c763a68bc,jobberman,finance-executive-qzwq7k,Finance Executive,,,,Nigeria,unknown,,,,,,,,,,,,https://www.jobberman.com/listings/finance-executive-qzwq7k,2026-08-30T15:47:52+00:00
8074086c41e79e2a,jobberman,assistant-manager-financial-reporting-x8w57w,Assistant Manager,,,,Nigeria,unknown,,,,,,,,,,,,https://www.jobberman.com/listings/assistant-manager-financial-reporting-x8w57w,2026-08-30T15:47:52+00:00
55773af0454b062b,jobberman,personal-assistant-6qr928,Personal Assistant,,,,Nigeria,unknown,,,,,,,,,,,,https://www.jobberman.com/listings/personal-assistant-6qr928,2026-08-30T15:47:52+00:00
ec906d568399e641,jobberman,compliance-officer-er98rv,Compliance Officer,,,,Nigeria,unknown,,,,,,,,,,,,https://www.jobberman.com/listings/compliance-officer-er98rv,2026-08-30T15:47:52+00:00
38aac62a6a4f44b1,jobberman,legal-office-assistant-8mp2z4,Legal Office Assistant,,,,Nigeria,unknown,,,,,,,,,,,,https://www.jobberman.com/listings/legal-office-assistant-8mp2z4,2026-08-30T15:47:52+00:00
659b9b625863b7c9,jobberman,operations-executive-m0vkn6,Operations Executive,,,,Nigeria,unknown,,,,,,,,,,,,https://www.jobberman.com/listings/operations-executive-m0vkn6,2026-08-30T15:47:52+00:00
1fe0a511974580df,jobberman,admin-officer-2k74vk,Admin Officer,,,,Nigeria,unknown,,,,,,,,,,,,https://www.jobberman.com/listings/admin-officer-2k74vk,2026-08-30T15:47:52+00:00
62df227263c77aec,jobberman,recruitment-documentbusiness-development-manager-power-energy-d906q8,Business Development Manager,,,,Nigeria,unknown,,,,,,,,,,,,https://www.jobberman.com/listings/recruitment-documentbusiness-development-manager-power-energy-d906q8,2026-08-30T15:47:52+00:00
cd1f61a33f221e55,jobberman,executive-assistant-z8r9qq,Executive Assistant,,,,Nigeria,unknown,,,,,,,,,,,,https://www.jobberman.com/listings/executive-assistant-z8r9qq,2026-08-30T15:47:52+00:00
c6065ada4b2ebaf1,jobberman,quantity-surveyor-qzwxdn,Quantity Surveyor,,,,Nigeria,unknown,,,,,,,,,,,,https://www.jobberman.com/listings/quantity-surveyor-qzwxdn,2026-08-30T15:47:52+00:00
93208b5b605e97fa,jobberman,equipment-mate-2k8gmv,Equipment Mate,,,,Nigeria,unknown,,,,,,,,,,,,https://www.jobberman.com/listings/equipment-mate-2k8gmv,2026-08-30T15:47:52+00:00
6db3af9f6934e09a,jobberman,finance-operations-specialist-8mkk54,Finance Operations Specialist,,,,Nigeria,unknown,,,,,,,,,,,,https://www.jobberman.com/listings/finance-operations-specialist-8mkk54,2026-08-30T15:47:52+00:00
19c279e4e1b5003a,jobberman,financial-reporting-manager-qz9evk,Financial Reporting Manager,,,,Nigeria,unknown,,,,,,,,,,,,https://www.jobberman.com/listings/financial-reporting-manager-qz9evk,2026-08-30T15:47:52+00:00
aed3414275d0a46c,jobberman,field-sales-agent-rrnw8x,Field Sales Agent,,,,Nigeria,unknown,,,,,,,,,,,,https://www.jobberman.com/listings/field-sales-agent-rrnw8x,2026-08-30T15:47:52+00:00
21c5ddf424df01e8,jobberman,assistant-hall-administrator-wrg844,Assistant Hall Administrator,,,,Nigeria,unknown,,,,,,,,,,,,https://www.jobberman.com/listings/assistant-hall-administrator-wrg844,2026-08-30T15:47:52+00:00
74d156ffa2f81151,jobberman,clients-and-operations-analyst-x8gqp4,Clients and Operations Analyst,,,,Nigeria,unknown,,,,,,,,,,,,https://www.jobberman.com/listings/clients-and-operations-analyst-x8gqp4,2026-08-30T15:47:52+00:00
e1f057e16de35362,jobberman,customer-service-0k8ez6,Customer Service Representative,,,,Nigeria,unknown,,,,,,,,,,,,https://www.jobberman.com/listings/customer-service-0k8ez6,2026-08-30T15:47:56+00:00
aed94140323ac4c4,jobberman,business-operations-officer-n90k9w,Business Operations Officer,,,,Nigeria,unknown,,,,,,,,,,,,https://www.jobberman.com/listings/business-operations-officer-n90k9w,2026-08-30T15:47:56+00:00
efcfe8bc3d996f40,jobberman,contract-lead-iii-j656n6,Contract Lead,,,,Nigeria,unknown,,,,,,,,,,,,https://www.jobberman.com/listings/contract-lead-iii-j656n6,2026-08-30T15:47:56+00:00
ff7fdbb4c83134af,jobberman,creative-studio-assistant-9kr8x6,Creative Studio Assistant,,,,Nigeria,unknown,,,,,,,,,,,,https://www.jobberman.com/listings/creative-studio-assistant-9kr8x6,2026-08-30T15:47:56+00:00
9e7521cbea61e9db,jobberman,customer-service-personnel-9k5d7j,Customer Service Personnel,,,,Nigeria,unknown,,,,,,,,,,,,https://www.jobberman.com/listings/customer-service-personnel-9k5d7j,2026-08-30T15:47:56+00:00
992a979942ed35e1,jobberman,secretary-rrn78g,Secretary,,,,Nigeria,unknown,,,,,,,,,,,,https://www.jobberman.com/listings/secretary-rrn78g,2026-08-30T15:47:56+00:00
7d8a7c2338dbbee6,jobberman,junior-legal-associate-k762wj,Junior Legal Associate,,,,Nigeria,unknown,,,,,,,,,,,,https://www.jobberman.com/listings/junior-legal-associate-k762wj,2026-08-30T15:47:56+00:00
5a88dde453945b6a,jobberman,office-administrator-m0v8zq,Office Administrator,,,,Nigeria,unknown,,,,,,,,,,,,https://www.jobberman.com/listings/office-administrator-m0v8zq,2026-08-30T15:47:56+00:00
f279ccace4cdca6f,jobberman,assistant-chief-marketing-officer-d9d5gm,Assistant Chief Marketing Officer,,,,Nigeria,unknown,,,,,,,,,,,,https://www.jobberman.com/listings/assistant-chief-marketing-officer-d9d5gm,2026-08-30T15:47:56+00:00
733e42407112ede3,jobberman,assistant-slickline-operator-6qr988,Assistant Slickline Operator,,,,Nigeria,unknown,,,,,,,,,,,,https://www.jobberman.com/listings/assistant-slickline-operator-6qr988,2026-08-30T15:47:56+00:00
b64603711585d9d9,jobberman,hr-and-operations-officer-x8wmv8,HR and Operations Officer,,,,Nigeria,unknown,,,,,,,,,,,,https://www.jobberman.com/listings/hr-and-operations-officer-x8wmv8,2026-08-30T15:47:56+00:00
b741fe9949ce4565,jobberman,front-desk-officer-6qr47g,Front Desk Officer,,,,Nigeria,unknown,,,,,,,,,,,,https://www.jobberman.com/listings/front-desk-officer-6qr47g,2026-08-30T15:47:56+00:00
7ca73596c8c49246,jobberman,assistant-store-keeper-erpw6x,Assistant Store Keeper,,,,Nigeria,unknown,,,,,,,,,,,,https://www.jobberman.com/listings/assistant-store-keeper-erpw6x,2026-08-30T15:47:56+00:00
b2a1ab0284613492,jobberman,sales-and-operations-officer-n90d2g,Sales and Operations Officer,,,,Nigeria,unknown,,,,,,,,,,,,https://www.jobberman.com/listings/sales-and-operations-officer-n90d2g,2026-08-30T15:47:56+00:00
65e720dfaf0a3f0c,jobberman,sap-s4hana-cloud-functional-consultant-pg04dm,Cloud Functional Consultant,,,,Nigeria,unknown,,,,,,,,,,,Other Tech,https://www.jobberman.com/listings/sap-s4hana-cloud-functional-consultant-pg04dm,2026-08-30T15:47:56+00:00
ba5753a2710d93ca,jobberman,supply-chain-assistant-qz9kxz,Supply Chain Assistant,,,,Nigeria,unknown,,,,,,,,,,,,https://www.jobberman.com/listings/supply-chain-assistant-qz9kxz,2026-08-30T15:47:56+00:00
f3ec0bfda60403d1,jobberman,office-assistant-computer-operator-qzwmr7,Office Assistant,,,,Nigeria,unknown,,,,,,,,,,,,https://www.jobberman.com/listings/office-assistant-computer-operator-qzwmr7,2026-08-30T15:47:59+00:00
52e8f1f134f255c5,jobberman,public-health-assistant-45rzwm,Public Health Assistant,,,,Nigeria,unknown,,,,,,,,,,,,https://www.jobberman.com/listings/public-health-assistant-45rzwm,2026-08-30T15:47:59+00:00
ae890b33008b9254,jobberman,product-marketing-analyst-qzw0zk,Product Marketing Analyst,,,,Nigeria,unknown,,,,,,,,,,,,https://www.jobberman.com/listings/product-marketing-analyst-qzw0zk,2026-08-30T15:47:59+00:00
3418d4d671e8c844,jobberman,trade-operations-officer-j65xw5,Trade Operations Officer,,,,Nigeria,unknown,,,,,,,,,,,,https://www.jobberman.com/listings/trade-operations-officer-j65xw5,2026-08-30T15:47:59+00:00
6df8a311c6e92b90,jobberman,personal-assistant-vddeg2,Personal Assistant,,,,Nigeria,unknown,,,,,,,,,,,,https://www.jobberman.com/listings/personal-assistant-vddeg2,2026-08-30T15:47:59+00:00
0ffdd779cda1a3e8,jobberman,finance-payroll-officer-d9dr7m,Finance & Payroll Officer,,,,Nigeria,unknown,,,,,,,,,,,,https://www.jobberman.com/listings/finance-payroll-officer-d9dr7m,2026-08-30T15:47:59+00:00
7e120ac846937709,jobberman,healthcare-assistant-8mk98x,Healthcare Assistant,,,,Nigeria,unknown,,,,,,,,,,,,https://www.jobberman.com/listings/healthcare-assistant-8mk98x,2026-08-30T15:47:59+00:00
bad8d17a1a21a266,jobberman,implementation-field-specialists-0k8pwm,Implementation & Field Specialist,,,,Nigeria,unknown,,,,,,,,,,,,https://www.jobberman.com/listings/implementation-field-specialists-0k8pwm,2026-08-30T15:47:59+00:00
d7907989e08928e2,jobberman,in-house-counsel-6qr7kp,In-House Counsel,,,,Nigeria,unknown,,,,,,,,,,,,https://www.jobberman.com/listings/in-house-counsel-6qr7kp,2026-08-30T15:47:59+00:00
da7605f40a59dab5,jobberman,field-sales-agent-gmp0ek,Field Sales Agent,,,,Nigeria,unknown,,,,,,,,,,,,https://www.jobberman.com/listings/field-sales-agent-gmp0ek,2026-08-30T15:47:59+00:00
dec1d07b35f67575,jobberman,mathematics-further-mathematics-teacher-erxnnk,Mathematics & Further Mathematics Teacher,,,,Nigeria,unknown,,,,,,,,,,,,https://www.jobberman.com/listings/mathematics-further-mathematics-teacher-erxnnk,2026-08-30T15:47:59+00:00
04578452cdf906b6,jobberman,human-resource-officer-6qv7zd,Human Resource Officer,,,,Nigeria,unknown,,,,,,,,,,,,https://www.jobberman.com/listings/human-resource-officer-6qv7zd,2026-08-30T15:47:59+00:00
748aab679e6e3071,jobberman,ancillary-duty-officer-j65v8e,Ancillary Duty Officer,,,,Nigeria,unknown,,,,,,,,,,,,https://www.jobberman.com/listings/ancillary-duty-officer-j65v8e,2026-08-30T15:47:59+00:00
08b94b8dab3a92d0,jobberman,account-associate-6qre6z,Account Associate,,,,Nigeria,unknown,,,,,,,,,,,,https://www.jobberman.com/listings/account-associate-6qre6z,2026-08-30T15:47:59+00:00
780161d47c90fa01,jobberman,asset-manager-z8rn4x,Asset Manager,,,,Nigeria,unknown,,,,,,,,,,,,https://www.jobberman.com/listings/asset-manager-z8rn4x,2026-08-30T15:48:02+00:00
9295e824d1b09a10,jobberman,legal-officer-0k8deg,Legal Officer,,,,Nigeria,unknown,,,,,,,,,,,,https://www.jobberman.com/listings/legal-officer-0k8deg,2026-08-30T15:48:02+00:00
7ef09f5a2ed7df5d,jobberman,customer-service-hybrid-j6pn8g,Customer Service,,,,Nigeria,unknown,,,,,,,,,,,,https://www.jobberman.com/listings/customer-service-hybrid-j6pn8g,2026-08-30T15:48:02+00:00
486be49e4297329c,jobberman,spanish-speaking-telemarketing-agent-4557ep,Customer Service Representatives,,,,Nigeria,unknown,,,,,,,,,,,,https://www.jobberman.com/listings/spanish-speaking-telemarketing-agent-4557ep,2026-08-30T15:48:02+00:00
7616c8db4b201dcf,jobberman,digital-marketer-2k85mg,Digital Marketer,,,,Nigeria,unknown,,,,,,,,,,,,https://www.jobberman.com/listings/digital-marketer-2k85mg,2026-08-30T15:48:02+00:00
2e7ba392ee7070b5,jobberman,chicken-hatchery-attendant-wrg8d4,Farm Assistant,,,,Nigeria,unknown,,,,,,,,,,,,https://www.jobberman.com/listings/chicken-hatchery-attendant-wrg8d4,2026-08-30T15:48:02+00:00
3b593224b8f36659,jobberman,administrative-officer-x8g0rv,Administrative Officer,,,,Nigeria,unknown,,,,,,,,,,,,https://www.jobberman.com/listings/administrative-officer-x8g0rv,2026-08-30T15:48:02+00:00
7148e2b71c75a3bf,jobberman,german-speaking-customer-service-agent-6qrpgg,Customer Service Agent,,,,Nigeria,unknown,,,,,,,,,,,,https://www.jobberman.com/listings/german-speaking-customer-service-agent-6qrpgg,2026-08-30T15:48:02+00:00
a99f3a3f6382d3af,jobberman,human-resources-officer-z8rmnn,Human Resources Officer,,,,Nigeria,unknown,,,,,,,,,,,,https://www.jobberman.com/listings/human-resources-officer-z8rmnn,2026-08-30T15:48:02+00:00
ee666e96456b0825,jobberman,executive-assistant-ph-2k88m6,Executive Assitant,,,,Nigeria,unknown,,,,,,,,,,,,https://www.jobberman.com/listings/executive-assistant-ph-2k88m6,2026-08-30T15:48:02+00:00
18a7b2d11fae9543,jobberman,finance-manager-9kr860,Finance Manager,,,,Nigeria,unknown,,,,,,,,,,,,https://www.jobberman.com/listings/finance-manager-9kr860,2026-08-30T15:48:02+00:00
d97cfff7ea0c9806,jobberman,finance-officer-m06n0m,Finance Officer,,,,Nigeria,unknown,,,,,,,,,,,,https://www.jobberman.com/listings/finance-officer-m06n0m,2026-08-30T15:48:02+00:00
156790a16424c28c,jobberman,hr-executive-officer-pgnkzv,HR Officer,,,,Nigeria,unknown,,,,,,,,,,,,https://www.jobberman.com/listings/hr-executive-officer-pgnkzv,2026-08-30T15:48:02+00:00
2dfcc324f2805eab,jobberman,operations-officer-qzwjk6,Operations Officer,,,,Nigeria,unknown,,,,,,,,,,,,https://www.jobberman.com/listings/operations-officer-qzwjk6,2026-08-30T15:48:02+00:00
4a5a95fe8b6fbf78,jobberman,personal-assistant-0k8qzd,Personal Assistant,,,,Nigeria,unknown,,,,,,,,,,,,https://www.jobberman.com/listings/personal-assistant-0k8qzd,2026-08-30T15:48:02+00:00
adc6ab2eb3ef029f,jobberman,technical-assistant-rr659q,Technical Assistant,,,,Nigeria,unknown,,,,,,,,,,,Other Tech,https://www.jobberman.com/listings/technical-assistant-rr659q,2026-08-30T15:48:02+00:00
d920a455ef2e7087,jobberman,admin-needed-4507r2,Admin Personnel,,,,Nigeria,unknown,,,,,,,,,,,,https://www.jobberman.com/listings/admin-needed-4507r2,2026-08-30T15:48:05+00:00
87835eb8e136e434,jobberman,admin-staff-9kn0dp,Customer Service / Telemarketer,,,,Nigeria,unknown,,,,,,,,,,,,https://www.jobberman.com/listings/admin-staff-9kn0dp,2026-08-30T15:48:05+00:00
194ad146a777c9e6,jobberman,canter-truck-drivers-2kwzgp,Canter Truck Driver,,,,Nigeria,unknown,,,,,,,,,,,,https://www.jobberman.com/listings/canter-truck-drivers-2kwzgp,2026-08-30T15:48:05+00:00
2853f7c2149bf2cb,jobberman,senior-technical-lead-45rzme,Senior Technical Lead,,,,Nigeria,unknown,,,,,,,,,,,Other Tech,https://www.jobberman.com/listings/senior-technical-lead-45rzme,2026-08-30T15:48:05+00:00
95c90431e6da3a97,jobberman,female-gym-assistant-n90ej0,Gym Assistant,,,,Nigeria,unknown,,,,,,,,,,,,https://www.jobberman.com/listings/female-gym-assistant-n90ej0,2026-08-30T15:48:05+00:00
1a005865f314d79c,jobberman,accountant-in-victoria-island-n90vg0,Accountant,,,,Nigeria,unknown,,,,,,,,,,,,https://www.jobberman.com/listings/accountant-in-victoria-island-n90vg0,2026-08-30T15:48:05+00:00
7056fd791a3c4810,jobberman,human-resource-officer-rr6k78,Human Resource Officer,,,,Nigeria,unknown,,,,,,,,,,,,https://www.jobberman.com/listings/human-resource-officer-rr6k78,2026-08-30T15:48:05+00:00
f6fd8e1f4a7125d9,jobberman,insurance-marketing-officer-enugu-state-d9dnpg,Insurance Marketing Officer - Enugu State,,,,Nigeria,unknown,,,,,,,,,,,,https://www.jobberman.com/listings/insurance-marketing-officer-enugu-state-d9dnpg,2026-08-30T15:48:05+00:00
975c5abe86570b5c,jobberman,food-and-nutrition-teacher-5p920r,Chemistry Teacher,,,,Nigeria,unknown,,,,,,,,,,,,https://www.jobberman.com/listings/food-and-nutrition-teacher-5p920r,2026-08-30T15:48:05+00:00
8124415532886fa2,jobberman,chemistry-teacher-7jpdzm,Chemistry Teacher,,,,Nigeria,unknown,,,,,,,,,,,,https://www.jobberman.com/listings/chemistry-teacher-7jpdzm,2026-08-30T15:48:05+00:00
31debd6f32326a67,jobberman,personal-assistant-6qr9m8,Personal Assistant,,,,Nigeria,unknown,,,,,,,,,,,,https://www.jobberman.com/listings/personal-assistant-6qr9m8,2026-08-30T15:48:05+00:00
fc0a63f792e9845d,jobberman,personal-assistant-k76d7j,Personal Assistant,,,,Nigeria,unknown,,,,,,,,,,,,https://www.jobberman.com/listings/personal-assistant-k76d7j,2026-08-30T15:48:05+00:00
7b68e2a4be9ff5d5,jobberman,supply-chain-officer-5prv76,Supply Chain Officer,,,,Nigeria,unknown,,,,,,,,,,,,https://www.jobberman.com/listings/supply-chain-officer-5prv76,2026-08-30T15:48:05+00:00
efa1b5b6b50e5706,jobberman,administrative-assistant-gm4djm,Administrative Assistant,,,,Nigeria,unknown,,,,,,,,,,,,https://www.jobberman.com/listings/administrative-assistant-gm4djm,2026-08-30T15:48:05+00:00
1f8506a839211437,jobberman,secretary-6qrqxv,Secretary,,,,Nigeria,unknown,,,,,,,,,,,,https://www.jobberman.com/listings/secretary-6qrqxv,2026-08-30T15:48:05+00:00
fd6e9a9b2a672d65,jobberman,kycaml-analyst-x8g57z,KYC/AML Analyst,,,,Nigeria,unknown,,,,,,,,,,,,https://www.jobberman.com/listings/kycaml-analyst-x8g57z,2026-08-30T15:48:05+00:00
8ecad68a6a9a4b55,jobberman,executive-assistant-vdg2r5,Executive Assistant,,,,Nigeria,unknown,,,,,,,,,,,,https://www.jobberman.com/listings/executive-assistant-vdg2r5,2026-08-30T15:48:07+00:00
35267483a2662e63,jobberman,office-assistant-z8zq49,Office Assistant,,,,Nigeria,unknown,,,,,,,,,,,,https://www.jobberman.com/listings/office-assistant-z8zq49,2026-08-30T15:48:07+00:00
1bb7887f0e028a9b,jobberman,executive-assistant-business-performance-officer-8mkqm6,Executive Assistant,,,,Nigeria,unknown,,,,,,,,,,,,https://www.jobberman.com/listings/executive-assistant-business-performance-officer-8mkqm6,2026-08-30T15:48:07+00:00
c707f87a143ec926,jobberman,business-trainee-x8w4mj,Business Trainee Personnel,,,,Nigeria,unknown,,,,,,,,,,,,https://www.jobberman.com/listings/business-trainee-x8w4mj,2026-08-30T15:48:07+00:00
c6014df00766552c,jobberman,hr-manager-pgnz20,Hr manager,,,,Nigeria,unknown,,,,,,,,,,,,https://www.jobberman.com/listings/hr-manager-pgnz20,2026-08-30T15:48:07+00:00
95f749be978bba4c,jobberman,public-health-advisor-wrn7jk,Public Health Advisor,,,,Nigeria,unknown,,,,,,,,,,,,https://www.jobberman.com/listings/public-health-advisor-wrn7jk,2026-08-30T15:48:07+00:00
a5c9994830553c3e,jobberman,internal-control-executive-8mk78p,Internal Control Executive,,,,Nigeria,unknown,,,,,,,,,,,,https://www.jobberman.com/listings/internal-control-executive-8mk78p,2026-08-30T15:48:07+00:00
305f336943b2f0cf,jobberman,telemarketing-and-sales-rep-8mk97x,Telemarketing and sales rep,,,,Nigeria,unknown,,,,,,,,,,,,https://www.jobberman.com/listings/telemarketing-and-sales-rep-8mk97x,2026-08-30T15:48:07+00:00
3e1b9fe70b99818c,jobberman,kitchen-assistant-45r692,Kitchen Assistant,,,,Nigeria,unknown,,,,,,,,,,,,https://www.jobberman.com/listings/kitchen-assistant-45r692,2026-08-30T15:48:07+00:00
ee575605b2b5ca74,jobberman,executive-assistant-gm4m2r,Executive Assistant,,,,Nigeria,unknown,,,,,,,,,,,,https://www.jobberman.com/listings/executive-assistant-gm4m2r,2026-08-30T15:48:07+00:00
e63807831ad37717,jobberman,nurse-assistant-rr62qx,Nurse Assistant,,,,Nigeria,unknown,,,,,,,,,,,,https://www.jobberman.com/listings/nurse-assistant-rr62qx,2026-08-30T15:48:07+00:00
9947f57847536fd9,jobberman,personal-assistant-with-accounting-knowledge-5p9gpr,Personal Assistant,,,,Nigeria,unknown,,,,,,,,,,,,https://www.jobberman.com/listings/personal-assistant-with-accounting-knowledge-5p9gpr,2026-08-30T15:48:07+00:00
c5cce00a5da05b69,jobberman,hr-intern-vdk4px,HR Intern,,,,Nigeria,unknown,,,,,,,,,,,,https://www.jobberman.com/listings/hr-intern-vdk4px,2026-08-30T15:48:07+00:00
910c72c6ee3cc20f,jobberman,junior-accountant-erp655,Junior Accountant,,,,Nigeria,unknown,,,,,,,,,,,,https://www.jobberman.com/listings/junior-accountant-erp655,2026-08-30T15:48:07+00:00
e2b82866ded0af4d,jobberman,the-equipmentlogistics-officer-6qre26,Equipment/Logistics Officer,,,,Nigeria,unknown,,,,,,,,,,,,https://www.jobberman.com/listings/the-equipmentlogistics-officer-6qre26,2026-08-30T15:48:11+00:00
542da7abafe618bd,jobberman,human-resources-executive-qzwne4,HR Executive,,,,Nigeria,unknown,,,,,,,,,,,,https://www.jobberman.com/listings/human-resources-executive-qzwne4,2026-08-30T15:48:11+00:00
1c3f4765e019ccfd,jobberman,maintenance-officer-6qr8qg,Maintenance Officer,,,,Nigeria,unknown,,,,,,,,,,,,https://www.jobberman.com/listings/maintenance-officer-6qr8qg,2026-08-30T15:48:11+00:00
845854edc088b77f,jobberman,administrative-assistant-9kr6gj,Administrative Assistant,,,,Nigeria,unknown,,,,,,,,,,,,https://www.jobberman.com/listings/administrative-assistant-9kr6gj,2026-08-30T15:48:11+00:00
ad1029e84f787b6b,jobberman,pre-school-teacher-gm4znm,Preschool Teacher,,,,Nigeria,unknown,,,,,,,,,,,,https://www.jobberman.com/listings/pre-school-teacher-gm4znm,2026-08-30T15:48:11+00:00
4bb7f267c90d5e12,jobberman,graduate-trainee-8mkpgx,Graduate Trainee,,,,Nigeria,unknown,,,,,,,,,,,,https://www.jobberman.com/listings/graduate-trainee-8mkpgx,2026-08-30T15:48:11+00:00
93a3ddffc75bce0a,jobberman,head-human-resources-0k87em,HR Manager,,,,Nigeria,unknown,,,,,,,,,,,,https://www.jobberman.com/listings/head-human-resources-0k87em,2026-08-30T15:48:11+00:00
0a6a51baf0d671f3,jobberman,human-resource-personnel-k7p4w2,Human Resource Personnel,,,,Nigeria,unknown,,,,,,,,,,,,https://www.jobberman.com/listings/human-resource-personnel-k7p4w2,2026-08-30T15:48:11+00:00
7216f6a7636311e3,jobberman,mechanical-engineerstechnicians-7jp4m5,Mechanical Engineering Technicians,,,,Nigeria,unknown,,,,,,,,,,,Other Tech,https://www.jobberman.com/listings/mechanical-engineerstechnicians-7jp4m5,2026-08-30T15:48:11+00:00
08aa6997484ddeed,jobberman,administrative-officer-k766m2,Administrative Officer,,,,Nigeria,unknown,,,,,,,,,,,,https://www.jobberman.com/listings/administrative-officer-k766m2,2026-08-30T15:48:11+00:00
01520f6711955d41,jobberman,administrative-officer-gm4458,Administrative Officer,,,,Nigeria,unknown,,,,,,,,,,,,https://www.jobberman.com/listings/administrative-officer-gm4458,2026-08-30T15:48:11+00:00
c63cf7f4fb5c442e,jobberman,executive-personal-assistant-wrgze0,Executive Personal Assistant,,,,Nigeria,unknown,,,,,,,,,,,,https://www.jobberman.com/listings/executive-personal-assistant-wrgze0,2026-08-30T15:48:11+00:00
aa67f5c08eef2cca,jobberman,field-sales-development-representative-qz5q84,Field Sales & Development Representative,,,,Nigeria,unknown,,,,,,,,,,,,https://www.jobberman.com/listings/field-sales-development-representative-qz5q84,2026-08-30T15:48:11+00:00
b0f05f214176b4bc,jobberman,project-manager-8mkqen,IT Officer,,,,Nigeria,unknown,,,,,,,,,,,Other Tech,https://www.jobberman.com/listings/project-manager-8mkqen,2026-08-30T15:48:11+00:00
8c4ff480299205ad,jobberman,auxiliary-nurse-pharmacy-assistant-pharmacist-support-45rxw5,Auxiliary Nurse,,,,Nigeria,unknown,,,,,,,,,,,Other Tech,https://www.jobberman.com/listings/auxiliary-nurse-pharmacy-assistant-pharmacist-support-45rxw5,2026-08-30T15:48:11+00:00
541ebadd78cef991,jobberman,accountant-gm4vjn,Accountant,,,,Nigeria,unknown,,,,,,,,,,,,https://www.jobberman.com/listings/accountant-gm4vjn,2026-08-30T15:48:11+00:00
288a5c443707a5fe,jobberman,registered-nurse-qzwj8j,Registered Nurse,,,,Nigeria,unknown,,,,,,,,,,,,https://www.jobberman.com/listings/registered-nurse-qzwj8j,2026-08-30T15:48:18+00:00
eca2735456d94e12,jobberman,human-resources-manager-vd9v9m,HR Manager,,,,Nigeria,unknown,,,,,,,,,,,,https://www.jobberman.com/listings/human-resources-manager-vd9v9m,2026-08-30T15:48:18+00:00
4dc3b40953493245,jobberman,personal-assistant-6qrjxn,Personal Assistant,,,,Nigeria,unknown,,,,,,,,,,,,https://www.jobberman.com/listings/personal-assistant-6qrjxn,2026-08-30T15:48:18+00:00
b786ec8eff52addd,jobberman,head-accountant-7jxd0j,Head Accountant,,,,Nigeria,unknown,,,,,,,,,,,,https://www.jobberman.com/listings/head-accountant-7jxd0j,2026-08-30T15:48:18+00:00
0545feced9707a59,jobberman,lower-primary-school-teacher-j6572g,School Teacher,,,,Nigeria,unknown,,,,,,,,,,,,https://www.jobberman.com/listings/lower-primary-school-teacher-j6572g,2026-08-30T15:48:18+00:00
bfbb2ef771518a6d,jobberman,personal-assistant-5prz85,Personal Assistant,,,,Nigeria,unknown,,,,,,,,,,,,https://www.jobberman.com/listings/personal-assistant-5prz85,2026-08-30T15:48:18+00:00
21c68556b06a8076,jobberman,administrative-assistant-m0vj9g,Administrative Assistant,,,,Nigeria,unknown,,,,,,,,,,,,https://www.jobberman.com/listings/administrative-assistant-m0vj9g,2026-08-30T15:48:18+00:00
9f8ca3a8f9aeeb44,jobberman,finance-and-account-officer-qzww77,Finance and Account Officer,,,,Nigeria,unknown,,,,,,,,,,,,https://www.jobberman.com/listings/finance-and-account-officer-qzww77,2026-08-30T15:48:18+00:00
070cd4f0ff18f9c9,jobberman,accountant-x8g00v,Accountant,,,,Nigeria,unknown,,,,,,,,,,,,https://www.jobberman.com/listings/accountant-x8g00v,2026-08-30T15:48:18+00:00
273fe988bb26a881,jobberman,driver-needed-wrgdz0,Driver,,,,Nigeria,unknown,,,,,,,,,,,,https://www.jobberman.com/listings/driver-needed-wrgdz0,2026-08-30T15:48:18+00:00
e76fec4d8b0c3dee,jobberman,poultry-technical-officer-x8gr4n,Poultry Technical Officer,,,,Nigeria,unknown,,,,,,,,,,,Other Tech,https://www.jobberman.com/listings/poultry-technical-officer-x8gr4n,2026-08-30T15:48:18+00:00
8e7f50bb060cb611,jobberman,assistant-project-specialist-9k5gkx,Assistant Project Specialist,,,,Nigeria,unknown,,,,,,,,,,,,https://www.jobberman.com/listings/assistant-project-specialist-9k5gkx,2026-08-30T15:48:18+00:00
74bcd3e694aafc6f,jobberman,nysc-ppa-opportunity-computer-engineer-technical-support-logistics-erpdrk,Computer Engineer,,,,Nigeria,unknown,,,,,,,,,,,Other Tech,https://www.jobberman.com/listings/nysc-ppa-opportunity-computer-engineer-technical-support-logistics-erpdrk,2026-08-30T15:48:18+00:00
a0f34e0d0394b2e2,jobberman,marketer-j65nwv,Marketer,,,,Nigeria,unknown,,,,,,,,,,,,https://www.jobberman.com/listings/marketer-j65nwv,2026-08-30T15:48:18+00:00
7807ad0d99fdb9ff,jobberman,junior-engineer-7jxed5,Junior Engineer,,,,Nigeria,unknown,,,,,,,,,,,Other Tech,https://www.jobberman.com/listings/junior-engineer-7jxed5,2026-08-30T15:48:22+00:00
fbfe60e148678aa8,jobberman,executive-assistant-0k8rkd,Executive Assistant,,,,Nigeria,unknown,,,,,,,,,,,,https://www.jobberman.com/listings/executive-assistant-0k8rkd,2026-08-30T15:48:22+00:00
df726bf838787e01,jobberman,executive-assistant-2k86ge,Executive Assistant,,,,Nigeria,unknown,,,,,,,,,,,,https://www.jobberman.com/listings/executive-assistant-2k86ge,2026-08-30T15:48:22+00:00
49f85da3486fef34,jobberman,logistics-admin-vd96kw,Logistics Admin,,,,Nigeria,unknown,,,,,,,,,,,,https://www.jobberman.com/listings/logistics-admin-vd96kw,2026-08-30T15:48:22+00:00
a53f106a7d1ff6a5,jobberman,research-assistant-erp84z,Research Assistant,,,,Nigeria,unknown,,,,,,,,,,,,https://www.jobberman.com/listings/research-assistant-erp84z,2026-08-30T15:48:22+00:00
54aea5de6742f7d4,jobberman,warehouse-assistant-erpj26,Warehouse Assistant,,,,Nigeria,unknown,,,,,,,,,,,,https://www.jobberman.com/listings/warehouse-assistant-erpj26,2026-08-30T15:48:22+00:00
84c3cc3e485b75c2,jobberman,nursery-and-primary-teachers-m0v0mz,Nursery and primary teachers,,,,Nigeria,unknown,,,,,,,,,,,,https://www.jobberman.com/listings/nursery-and-primary-teachers-m0v0mz,2026-08-30T15:48:22+00:00
ccf3eb45638a6289,jobberman,accountant-d9d7vm,Accountant,,,,Nigeria,unknown,,,,,,,,,,,,https://www.jobberman.com/listings/accountant-d9d7vm,2026-08-30T15:48:22+00:00
f6c9c44803cacb45,jobberman,accounts-admin-officer-j65j7w,Accounts & Admin Officer,,,,Nigeria,unknown,,,,,,,,,,,,https://www.jobberman.com/listings/accounts-admin-officer-j65j7w,2026-08-30T15:48:22+00:00
78dfd0dc2b68f875,jobberman,financial-accountant-rrngp5,Financial Accountant,,,,Nigeria,unknown,,,,,,,,,,,,https://www.jobberman.com/listings/financial-accountant-rrngp5,2026-08-30T15:48:22+00:00
d73b59006e7e1747,jobberman,administrative-assistant-m06xzj,Administrative Assistant,,,,Nigeria,unknown,,,,,,,,,,,,https://www.jobberman.com/listings/administrative-assistant-m06xzj,2026-08-30T15:48:22+00:00
36b40bf7421cd4e6,jobberman,accountant-9k5ewn,Accountant,,,,Nigeria,unknown,,,,,,,,,,,,https://www.jobberman.com/listings/accountant-9k5ewn,2026-08-30T15:48:22+00:00
616b35b3cc64a6de,jobberman,human-resources-intern-6qnmdv,Human Resources Intern,,,,Nigeria,unknown,,,,,,,,,,,,https://www.jobberman.com/listings/human-resources-intern-6qnmdv,2026-08-30T15:48:22+00:00
ef668e0360f39eff,jobberman,social-media-manager-gmp07k,Social Media Manager,,,,Nigeria,unknown,,,,,,,,,,,,https://www.jobberman.com/listings/social-media-manager-gmp07k,2026-08-30T15:48:22+00:00
cbdef7d751fdc40c,jobberman,business-development-and-partnerships-officer-2k8px8,Business Development and Partnerships Officer,,,,Nigeria,unknown,,,,,,,,,,,,https://www.jobberman.com/listings/business-development-and-partnerships-officer-2k8px8,2026-08-30T15:48:22+00:00
df4cf2e4085a21a5,jobberman,office-assistant-j65vg6,Office Assistant,,,,Nigeria,unknown,,,,,,,,,,,,https://www.jobberman.com/listings/office-assistant-j65vg6,2026-08-30T15:48:22+00:00
6087676a85120d8c,jobberman,personal-assistant-8mkqrj,Personal Assistant,,,,Nigeria,unknown,,,,,,,,,,,,https://www.jobberman.com/listings/personal-assistant-8mkqrj,2026-08-30T15:48:28+00:00
c783065c7751ce6a,jobberman,associate-financial-advisory-erpemj,Associate Financial Advisory,,,,Nigeria,unknown,,,,,,,,,,,,https://www.jobberman.com/listings/associate-financial-advisory-erpemj,2026-08-30T15:48:28+00:00
1d485dc301cf4f08,jobberman,corporate-partnerships-executive-8mkw20,Corporate Partnerships Executive,,,,Nigeria,unknown,,,,,,,,,,,,https://www.jobberman.com/listings/corporate-partnerships-executive-8mkw20,2026-08-30T15:48:28+00:00
782568b99f68a498,jobberman,accounts-officerbook-keeper-z8r9xv,Accounts Officer/Book Keeper,,,,Nigeria,unknown,,,,,,,,,,,,https://www.jobberman.com/listings/accounts-officerbook-keeper-z8r9xv,2026-08-30T15:48:28+00:00
3594db8f717ea087,jobberman,accountant-wrn6dg,Accountant,,,,Nigeria,unknown,,,,,,,,,,,,https://www.jobberman.com/listings/accountant-wrn6dg,2026-08-30T15:48:28+00:00
def1e223f56a3e72,jobberman,human-resources-information-systems-admin-wrn60p,Human Resources Information Systems Admin,,,,Nigeria,unknown,,,,,,,,,,,IT Support & Networking,https://www.jobberman.com/listings/human-resources-information-systems-admin-wrn60p,2026-08-30T15:48:28+00:00
c55ee5ed76458a26,jobberman,lab-scientist-registered-6qrw9j,Medical Laboratory Scientist,,,,Nigeria,unknown,,,,,,,,,,,,https://www.jobberman.com/listings/lab-scientist-registered-6qrw9j,2026-08-30T15:48:28+00:00
e05430e88d7f41cd,jobberman,head-of-finance-z8rwdr,Head of Finance,,,,Nigeria,unknown,,,,,,,,,,,,https://www.jobberman.com/listings/head-of-finance-z8rwdr,2026-08-30T15:48:28+00:00
deb2b32f3491eb98,jobberman,operations-officer-5pr2r6,Operations Officer,,,,Nigeria,unknown,,,,,,,,,,,,https://www.jobberman.com/listings/operations-officer-5pr2r6,2026-08-30T15:48:28+00:00
e5f3789827786f55,jobberman,driver-wrnj4d,Driver,,,,Nigeria,unknown,,,,,,,,,,,,https://www.jobberman.com/listings/driver-wrnj4d,2026-08-30T15:48:28+00:00
88227646bb4ae1bc,jobberman,community-health-worker-wrnwd6,Community Health Worker,,,,Nigeria,unknown,,,,,,,,,,,,https://www.jobberman.com/listings/community-health-worker-wrnwd6,2026-08-30T15:48:28+00:00
3549c8d6c1433712,jobberman,executive-assistant-wrnw6p,Executive Assistant,,,,Nigeria,unknown,,,,,,,,,,,,https://www.jobberman.com/listings/executive-assistant-wrnw6p,2026-08-30T15:48:28+00:00
afe4b54aa9e48d6c,jobberman,business-consultant-intern-m0vp9r,Business Consultant Intern,,,,Nigeria,unknown,,,,,,,,,,,,https://www.jobberman.com/listings/business-consultant-intern-m0vp9r,2026-08-30T15:48:28+00:00
fd49079f10829ab0,jobberman,human-resource-9k5ep0,Human Resource Officer,,,,Nigeria,unknown,,,,,,,,,,,,https://www.jobberman.com/listings/human-resource-9k5ep0,2026-08-30T15:48:28+00:00
0135410698aa38c0,jobberman,risk-credit-executive-m06kgj,Risk & Credit Executive,,,,Nigeria,unknown,,,,,,,,,,,,https://www.jobberman.com/listings/risk-credit-executive-m06kgj,2026-08-30T15:48:28+00:00
0ed159f08db83af5,jobberman,account-executive-n97kpg,Account Executive,,,,Nigeria,unknown,,,,,,,,,,,,https://www.jobberman.com/listings/account-executive-n97kpg,2026-08-30T15:48:28+00:00
52c7f57458e2fbed,jobberman,sales-associate-4502j9,Sales Associate,,,,Nigeria,unknown,,,,,,,,,,,,https://www.jobberman.com/listings/sales-associate-4502j9,2026-08-30T15:48:32+00:00
e33afbe83d1febb9,jobberman,dispatch-rider-vdgz7w,Dispatch Rider,,,,Nigeria,unknown,,,,,,,,,,,,https://www.jobberman.com/listings/dispatch-rider-vdgz7w,2026-08-30T15:48:32+00:00
f64e62164ef288f5,jobberman,researcher-pgnkxv,Researcher,,,,Nigeria,unknown,,,,,,,,,,,,https://www.jobberman.com/listings/researcher-pgnkxv,2026-08-30T15:48:32+00:00
dfacb467a1fc0405,jobberman,financial-officer-pgnk40,Financial officer,,,,Nigeria,unknown,,,,,,,,,,,,https://www.jobberman.com/listings/financial-officer-pgnk40,2026-08-30T15:48:32+00:00
f2f2851533a658b5,jobberman,business-development-associate-d9d5zw,Business Development Associate,,,,Nigeria,unknown,,,,,,,,,,,,https://www.jobberman.com/listings/business-development-associate-d9d5zw,2026-08-30T15:48:32+00:00
fdaaa339fa5b4ac5,jobberman,raw-material-section-supervisor-personnel-n90n0v,Supervisor Personnel,,,,Nigeria,unknown,,,,,,,,,,,,https://www.jobberman.com/listings/raw-material-section-supervisor-personnel-n90n0v,2026-08-30T15:48:32+00:00
32d6c7359a19317d,jobberman,office-assistant-qzw2v4,Office Assistant,,,,Nigeria,unknown,,,,,,,,,,,,https://www.jobberman.com/listings/office-assistant-qzw2v4,2026-08-30T15:48:32+00:00
b832aee9c20972d0,jobberman,aqua-technical-officer-vdg8nw,Aqua Technical Officer,,,,Nigeria,unknown,,,,,,,,,,,Other Tech,https://www.jobberman.com/listings/aqua-technical-officer-vdg8nw,2026-08-30T15:48:32+00:00
d2d4c4dc74dc2c8b,jobberman,photo-studio-assistant-qz9r0p,Photo Studio Assistant,,,,Nigeria,unknown,,,,,,,,,,,,https://www.jobberman.com/listings/photo-studio-assistant-qz9r0p,2026-08-30T15:48:32+00:00
e59a3cc4585bff5e,jobberman,hr-officer-k7pzzz,HR Officer,,,,Nigeria,unknown,,,,,,,,,,,,https://www.jobberman.com/listings/hr-officer-k7pzzz,2026-08-30T15:48:32+00:00
d2ecb1f794cd6a41,jobberman,content-assistant-j6pd9d,Content Assistant,,,,Nigeria,unknown,,,,,,,,,,,,https://www.jobberman.com/listings/content-assistant-j6pd9d,2026-08-30T15:48:32+00:00
68f08b8023bb8da6,jobberman,content-creator-community-manager-pg05mq,Content Creator,,,,Nigeria,unknown,,,,,,,,,,,,https://www.jobberman.com/listings/content-creator-community-manager-pg05mq,2026-08-30T15:48:32+00:00
4bceb4d93bbb43d6,jobberman,pharmacy-technician-8mpgqn,Pharmacy Technician,,,,Nigeria,unknown,,,,,,,,,,,,https://www.jobberman.com/listings/pharmacy-technician-8mpgqn,2026-08-30T15:48:32+00:00
18ca65393e81de6e,jobberman,sales-business-development-manager-7j0v9j,Sales & Business Development Manager,,,,Nigeria,unknown,,,,,,,,,,,,https://www.jobberman.com/listings/sales-business-development-manager-7j0v9j,2026-08-30T15:48:32+00:00
d7d993782fa9d134,jobberman,pos-terminal-agent-gm4n7r,POS Terminal Agent,,,,Nigeria,unknown,,,,,,,,,,,,https://www.jobberman.com/listings/pos-terminal-agent-gm4n7r,2026-08-30T15:48:35+00:00
5975a25d34fa52d3,jobberman,automobile-showroom-manager-x8w09n,Automobile Showroom Manager,,,,Nigeria,unknown,,,,,,,,,,,,https://www.jobberman.com/listings/automobile-showroom-manager-x8w09n,2026-08-30T15:48:35+00:00
630dfd570ddc3c63,jobberman,admin-accountant-6qr9m6,Admin Accountant,,,,Nigeria,unknown,,,,,,,,,,,,https://www.jobberman.com/listings/admin-accountant-6qr9m6,2026-08-30T15:48:35+00:00
08367d6d58e2571f,jobberman,junior-hr-officer-2k8vz8,Junior HR Officer,,,,Nigeria,unknown,,,,,,,,,,,,https://www.jobberman.com/listings/junior-hr-officer-2k8vz8,2026-08-30T15:48:35+00:00
61692ca517d03f78,jobberman,personal-assistant-d99dw4,Personal Assistant,,,,Nigeria,unknown,,,,,,,,,,,,https://www.jobberman.com/listings/personal-assistant-d99dw4,2026-08-30T15:48:35+00:00
b2f2724c2305a4b0,jobberman,educational-counsellor-0k8kpz,Educational Counsellor,,,,Nigeria,unknown,,,,,,,,,,,,https://www.jobberman.com/listings/educational-counsellor-0k8kpz,2026-08-30T15:48:35+00:00
e505ce7f96df18f2,jobberman,office-assistant-rr68d9,Office Assistant,,,,Nigeria,unknown,,,,,,,,,,,,https://www.jobberman.com/listings/office-assistant-rr68d9,2026-08-30T15:48:35+00:00
3f4a3463187dbf64,jobberman,maintenance-technician-m0v5eg,Maintenance Technician,,,,Nigeria,unknown,,,,,,,,,,,,https://www.jobberman.com/listings/maintenance-technician-m0v5eg,2026-08-30T15:48:35+00:00
ec8176db52534671,jobberman,laundry-assistant-8mpj69,Laundry Assistant,,,,Nigeria,unknown,,,,,,,,,,,,https://www.jobberman.com/listings/laundry-assistant-8mpj69,2026-08-30T15:48:35+00:00
328e439ef728f160,jobberman,server-qz9mne,Waiter,,,,Nigeria,unknown,,,,,,,,,,,,https://www.jobberman.com/listings/server-qz9mne,2026-08-30T15:48:35+00:00
7d5a769523b020de,jobberman,it-system-maintenance-officer-5p9j77,IT System & Maintenance Officer,,,,Nigeria,unknown,,,,,,,,,,,,https://www.jobberman.com/listings/it-system-maintenance-officer-5p9j77,2026-08-30T15:48:35+00:00
501e1fba32a94ea0,jobberman,account-intern-7jpq0e,Account Intern,,,,Nigeria,unknown,,,,,,,,,,,,https://www.jobberman.com/listings/account-intern-7jpq0e,2026-08-30T15:48:35+00:00
1660b0908725966c,jobberman,account-intern-7jpmvg,Account Intern,,,,Nigeria,unknown,,,,,,,,,,,,https://www.jobberman.com/listings/account-intern-7jpmvg,2026-08-30T15:48:35+00:00
b690f9d8066b7662,jobberman,marketing-manager-8m9v04,Marketing Manager,,,,Nigeria,unknown,,,,,,,,,,,,https://www.jobberman.com/listings/marketing-manager-8m9v04,2026-08-30T15:48:35+00:00
a0894642826da7b7,jobberman,receptionist-rr6gvm,Receptionist,,,,Nigeria,unknown,,,,,,,,,,,,https://www.jobberman.com/listings/receptionist-rr6gvm,2026-08-30T15:48:35+00:00
6e32a5be68bf6b4b,jobberman,marketing-manager-pgn4em,Marketing Manager,,,,Nigeria,unknown,,,,,,,,,,,,https://www.jobberman.com/listings/marketing-manager-pgn4em,2026-08-30T15:48:35+00:00
87e2e8345ac9dbe2,jobberman,executive-assistant-qzwrxz,Executive Assistant,,,,Nigeria,unknown,,,,,,,,,,,,https://www.jobberman.com/listings/executive-assistant-qzwrxz,2026-08-30T15:48:38+00:00
7f46f906330678ac,jobberman,biomedical-engineer-qzwnj4,Biomedical Engineer,,,,Nigeria,unknown,,,,,,,,,,,Other Tech,https://www.jobberman.com/listings/biomedical-engineer-qzwnj4,2026-08-30T15:48:38+00:00
228b5e97a11ebc7e,jobberman,marketing-executive-n90vmz,Marketing Executive,,,,Nigeria,unknown,,,,,,,,,,,,https://www.jobberman.com/listings/marketing-executive-n90vmz,2026-08-30T15:48:38+00:00
404058ba5cc83a1a,jobberman,executive-assistant-gm446q,Executive Assistant,,,,Nigeria,unknown,,,,,,,,,,,,https://www.jobberman.com/listings/executive-assistant-gm446q,2026-08-30T15:48:38+00:00
d158d8da12dff26c,jobberman,executive-assistant-45rnq9,Executive Assistant,,,,Nigeria,unknown,,,,,,,,,,,,https://www.jobberman.com/listings/executive-assistant-45rnq9,2026-08-30T15:48:38+00:00
2d4b2492391e26f5,jobberman,utility-supervisor-2k8q28,Utility Supervisor,,,,Nigeria,unknown,,,,,,,,,,,,https://www.jobberman.com/listings/utility-supervisor-2k8q28,2026-08-30T15:48:38+00:00
6f4eeebe4d75271c,jobberman,digital-marketing-and-wordpress-website-development-trainer-gm49k9,Digital Marketing and WordPress Trainer,,,,Nigeria,unknown,,,,,,,,,,,,https://www.jobberman.com/listings/digital-marketing-and-wordpress-website-development-trainer-gm49k9,2026-08-30T15:48:38+00:00
3326e8c6e47f707c,jobberman,junior-accountant-0k82vz,Junior Accountant,,,,Nigeria,unknown,,,,,,,,,,,,https://www.jobberman.com/listings/junior-accountant-0k82vz,2026-08-30T15:48:38+00:00
31acaeebb35ae468,jobberman,pharmacy-technician-pgnp6p,Pharmacy Technician,,,,Nigeria,unknown,,,,,,,,,,,,https://www.jobberman.com/listings/pharmacy-technician-pgnp6p,2026-08-30T15:48:38+00:00
2aabf1db4012ff2a,jobberman,graduate-intern-8mpej4,Graduate Intern,,,,Nigeria,unknown,,,,,,,,,,,,https://www.jobberman.com/listings/graduate-intern-8mpej4,2026-08-30T15:48:38+00:00
d8d2a156aaf266f8,jobberman,digital-marketer-5p9nrx,Digital Marketer,,,,Nigeria,unknown,,,,,,,,,,,,https://www.jobberman.com/listings/digital-marketer-5p9nrx,2026-08-30T15:48:38+00:00
05f2ea421c4256ab,jobberman,finance-officer-boutique-wrgxg5,Finance Officer,,,,Nigeria,unknown,,,,,,,,,,,,https://www.jobberman.com/listings/finance-officer-boutique-wrgxg5,2026-08-30T15:48:38+00:00
ccddeb8260318af1,jobberman,content-creator-social-media-manager-intern-vd9n7w,Content Creator & Social Media Manager Intern,,,,Nigeria,unknown,,,,,,,,,,,,https://www.jobberman.com/listings/content-creator-social-media-manager-intern-vd9n7w,2026-08-30T15:48:38+00:00
3cb2fb1b19f2ac29,jobberman,assistant-garden-centre-manager-k769k8,Assistant Garden Centre Manager,,,,Nigeria,unknown,,,,,,,,,,,,https://www.jobberman.com/listings/assistant-garden-centre-manager-k769k8,2026-08-30T15:48:38+00:00
ef97bcd172973081,jobberman,a-nurse-d9dx00,Nurse,,,,Nigeria,unknown,,,,,,,,,,,,https://www.jobberman.com/listings/a-nurse-d9dx00,2026-08-30T15:48:38+00:00
31d9d32231cbc2df,jobberman,company-secretary-wrnd55,Secretary,,,,Nigeria,unknown,,,,,,,,,,,,https://www.jobberman.com/listings/company-secretary-wrnd55,2026-08-30T15:48:38+00:00
99053847f8c6042c,jobberman,cashier-qzw0pz,Cashier,,,,Nigeria,unknown,,,,,,,,,,,,https://www.jobberman.com/listings/cashier-qzw0pz,2026-08-30T15:48:40+00:00
ca6fbf6d625f83a0,jobberman,customer-relations-manager-7jx2xx,Customer Relations Manager,,,,Nigeria,unknown,,,,,,,,,,,,https://www.jobberman.com/listings/customer-relations-manager-7jx2xx,2026-08-30T15:48:40+00:00
05c6b079f9b12505,jobberman,production-assistant-fashion-production-unit-rr69nx,Production Assistant,,,,Nigeria,unknown,,,,,,,,,,,,https://www.jobberman.com/listings/production-assistant-fashion-production-unit-rr69nx,2026-08-30T15:48:40+00:00
78a719bccc6567cb,jobberman,payment-officer-for-betting-company-qzw09k,Payment Officer,,,,Nigeria,unknown,,,,,,,,,,,,https://www.jobberman.com/listings/payment-officer-for-betting-company-qzw09k,2026-08-30T15:48:40+00:00
50c5f270cda9e008,jobberman,maintenance-technician-2k865e,Maintenance Technician,,,,Nigeria,unknown,,,,,,,,,,,,https://www.jobberman.com/listings/maintenance-technician-2k865e,2026-08-30T15:48:40+00:00
256012f2e42fb84c,jobberman,environmental-scientist-erp85d,Environmental Scientist,,,,Nigeria,unknown,,,,,,,,,,,,https://www.jobberman.com/listings/environmental-scientist-erp85d,2026-08-30T15:48:40+00:00
fa1c4c53c2ec9a6a,jobberman,tutor-training-community-associate-z8rwg6,Tutor & Community Associate,,,,Nigeria,unknown,,,,,,,,,,,,https://www.jobberman.com/listings/tutor-training-community-associate-z8rwg6,2026-08-30T15:48:40+00:00
9763026453e9d69f,jobberman,school-secretary-k76vrv,School secretary,,,,Nigeria,unknown,,,,,,,,,,,,https://www.jobberman.com/listings/school-secretary-k76vrv,2026-08-30T15:48:40+00:00
2a58c3b1621eaa77,jobberman,executive-assistant-qzwgjp,Executive Assistant,,,,Nigeria,unknown,,,,,,,,,,,,https://www.jobberman.com/listings/executive-assistant-qzwgjp,2026-08-30T15:48:40+00:00
4697d129567bc294,jobberman,senior-accountant-n90d8k,Senior Accountant,,,,Nigeria,unknown,,,,,,,,,,,,https://www.jobberman.com/listings/senior-accountant-n90d8k,2026-08-30T15:48:40+00:00
b07517878b52f6c5,jobberman,human-resources-hr-manager-450xd5,Human Resources Manager,,,,Nigeria,unknown,,,,,,,,,,,,https://www.jobberman.com/listings/human-resources-hr-manager-450xd5,2026-08-30T15:48:40+00:00
eb7836a68ae1e7cf,jobberman,client-experience-executive-gmpxpq,Client Experience Executive,,,,Nigeria,unknown,,,,,,,,,,,,https://www.jobberman.com/listings/client-experience-executive-gmpxpq,2026-08-30T15:48:40+00:00
738abeb42708a23d,jobberman,account-finance-lead-6qn2kp,Account /Finance Lead,,,,Nigeria,unknown,,,,,,,,,,,,https://www.jobberman.com/listings/account-finance-lead-6qn2kp,2026-08-30T15:48:40+00:00
2b35ee030f1af1db,jobberman,executive-assistant-m0699w,Executive Assistant,,,,Nigeria,unknown,,,,,,,,,,,,https://www.jobberman.com/listings/executive-assistant-m0699w,2026-08-30T15:48:40+00:00
7f1b60e1e6d34a88,jobberman,operations-supervisor-events-5p95qe,Operations Supervisor,,,,Nigeria,unknown,,,,,,,,,,,,https://www.jobberman.com/listings/operations-supervisor-events-5p95qe,2026-08-30T15:48:40+00:00
faa722fe5e9fae0d,jobberman,personal-assistant-rrn029,Personal Assistant,,,,Nigeria,unknown,,,,,,,,,,,,https://www.jobberman.com/listings/personal-assistant-rrn029,2026-08-30T15:48:43+00:00
25667ed62a3a0952,jobberman,document-controller-6qn5e6,Document Controller,,,,Nigeria,unknown,,,,,,,,,,,,https://www.jobberman.com/listings/document-controller-6qn5e6,2026-08-30T15:48:43+00:00
5e8c551dd007d8a0,jobberman,offloader-qz96we,Offloader,,,,Nigeria,unknown,,,,,,,,,,,,https://www.jobberman.com/listings/offloader-qz96we,2026-08-30T15:48:43+00:00
01e107ed786ab931,jobberman,it-officer-rrn7rg,IT Officer,,,,Nigeria,unknown,,,,,,,,,,,Other Tech,https://www.jobberman.com/listings/it-officer-rrn7rg,2026-08-30T15:48:43+00:00
e9de70be803fae1f,jobberman,junior-event-coordinator-decor-planner-erxd7z,Junior Event Coordinator,,,,Nigeria,unknown,,,,,,,,,,,,https://www.jobberman.com/listings/junior-event-coordinator-decor-planner-erxd7z,2026-08-30T15:48:43+00:00
ec3367930e17afcd,jobberman,executive-personal-assistant-to-the-managing-director-2kwz8p,Executive Assistant,,,,Nigeria,unknown,,,,,,,,,,,,https://www.jobberman.com/listings/executive-personal-assistant-to-the-managing-director-2kwz8p,2026-08-30T15:48:43+00:00
8c7d1e700339bdfd,jobberman,kitchen-assistant-cleaner-0k8jzk,Kitchen Assistant & Cleaner,,,,Nigeria,unknown,,,,,,,,,,,,https://www.jobberman.com/listings/kitchen-assistant-cleaner-0k8jzk,2026-08-30T15:48:43+00:00
23c85ef68c135423,jobberman,executive-assistant-corporate-admin-web-development-8mk7vr,Executive Assistant,,,,Nigeria,unknown,,,,,,,,,,,,https://www.jobberman.com/listings/executive-assistant-corporate-admin-web-development-8mk7vr,2026-08-30T15:48:43+00:00
43de3e5d3bb08147,jobberman,mechanical-engineer-x8wnpm,Mechanical Engineer,,,,Nigeria,unknown,,,,,,,,,,,Other Tech,https://www.jobberman.com/listings/mechanical-engineer-x8wnpm,2026-08-30T15:48:43+00:00
c7f1f3fa83fa6735,jobberman,laundry-manager-9kr6dj,Laundry Manager,,,,Nigeria,unknown,,,,,,,,,,,,https://www.jobberman.com/listings/laundry-manager-9kr6dj,2026-08-30T15:48:43+00:00
ceb5b4b99f248d57,jobberman,primary-school-teacher-lower-class-8mkne0,Primary School Teacher,,,,Nigeria,unknown,,,,,,,,,,,,https://www.jobberman.com/listings/primary-school-teacher-lower-class-8mkne0,2026-08-30T15:48:43+00:00
0f807c52d2798c80,jobberman,content-creator-wrnnp0,Content Creator,,,,Nigeria,unknown,,,,,,,,,,,,https://www.jobberman.com/listings/content-creator-wrnnp0,2026-08-30T15:48:43+00:00
2fbf05b7514ac99b,jobberman,utility-assistant-2k809j,Utility Assistant,,,,Nigeria,unknown,,,,,,,,,,,,https://www.jobberman.com/listings/utility-assistant-2k809j,2026-08-30T15:48:43+00:00
0b3227c3f4431c9e,jobberman,account-payables-receivables-executive-5prx8g,Account Payables & Receivables Executive,,,,Nigeria,unknown,,,,,,,,,,,,https://www.jobberman.com/listings/account-payables-receivables-executive-5prx8g,2026-08-30T15:48:43+00:00
13279008b9fdae8d,jobberman,personal-driver-5p9eex,Personal Driver,,,,Nigeria,unknown,,,,,,,,,,,,https://www.jobberman.com/listings/personal-driver-5p9eex,2026-08-30T15:48:43+00:00
45f2c2eef4a15220,jobberman,male-accountant-6qnj7z,Accountant,,,,Nigeria,unknown,,,,,,,,,,,,https://www.jobberman.com/listings/male-accountant-6qnj7z,2026-08-30T15:48:43+00:00
c0546045b38eb9f6,jobberman,accountant-5p9gm7,Accountant,,,,Nigeria,unknown,,,,,,,,,,,,https://www.jobberman.com/listings/accountant-5p9gm7,2026-08-30T15:48:46+00:00
924b051159c03ba0,jobberman,human-resource-assistant-450ppp,Human Resource Assistant,,,,Nigeria,unknown,,,,,,,,,,,,https://www.jobberman.com/listings/human-resource-assistant-450ppp,2026-08-30T15:48:46+00:00
13974f970ce7fa22,jobberman,hr-officer-n9026m,HR Officer,,,,Nigeria,unknown,,,,,,,,,,,,https://www.jobberman.com/listings/hr-officer-n9026m,2026-08-30T15:48:46+00:00
7f34b534d690d4a8,jobberman,chartered-financial-accountant-n9x6n9,Chartered Financial Accountant,,,,Nigeria,unknown,,,,,,,,,,,,https://www.jobberman.com/listings/chartered-financial-accountant-n9x6n9,2026-08-30T15:48:46+00:00
9027b6d4e8693ef0,jobberman,chartered-financial-accountant-456j72,Financial Accountant,,,,Nigeria,unknown,,,,,,,,,,,,https://www.jobberman.com/listings/chartered-financial-accountant-456j72,2026-08-30T15:48:46+00:00
85609e81a1112b76,jobberman,incubation-manager-gm4ve8,Incubation Manager,,,,Nigeria,unknown,,,,,,,,,,,,https://www.jobberman.com/listings/incubation-manager-gm4ve8,2026-08-30T15:48:46+00:00
24697ead32e9967d,jobberman,site-officer-0k8q0d,Site Officer,,,,Nigeria,unknown,,,,,,,,,,,,https://www.jobberman.com/listings/site-officer-0k8q0d,2026-08-30T15:48:46+00:00
c1b0b3d07699c0de,jobberman,customer-carefront-desk-representative-9krewv,Customer Care/Front Desk Representative,,,,Nigeria,unknown,,,,,,,,,,,,https://www.jobberman.com/listings/customer-carefront-desk-representative-9krewv,2026-08-30T15:48:46+00:00
6738c25935f63e21,jobberman,customer-servicefront-desk-representative-vd97xv,Customer Service/Front Desk Representative,,,,Nigeria,unknown,,,,,,,,,,,,https://www.jobberman.com/listings/customer-servicefront-desk-representative-vd97xv,2026-08-30T15:48:46+00:00
2c45fc6f088a7ffd,jobberman,laundry-attendance-7jxevm,Laundry Attendance,,,,Nigeria,unknown,,,,,,,,,,,,https://www.jobberman.com/listings/laundry-attendance-7jxevm,2026-08-30T15:48:46+00:00
8012f98af27f0533,jobberman,front-desk-secretary-pgnerj,Front desk Secretary,,,,Nigeria,unknown,,,,,,,,,,,,https://www.jobberman.com/listings/front-desk-secretary-pgnerj,2026-08-30T15:48:46+00:00
aa2c02ccc569e0d2,jobberman,front-desk-officer-m0veqg,Front Desk Officer,,,,Nigeria,unknown,,,,,,,,,,,,https://www.jobberman.com/listings/front-desk-officer-m0veqg,2026-08-30T15:48:46+00:00
357b63f2ddd978ec,jobberman,cleaner-z8r0nx,Cleaner,,,,Nigeria,unknown,,,,,,,,,,,,https://www.jobberman.com/listings/cleaner-z8r0nx,2026-08-30T15:48:46+00:00
e596f716e42a465b,jobberman,paediatric-nurse-wrnxek,Paediatric Nurse,,,,Nigeria,unknown,,,,,,,,,,,,https://www.jobberman.com/listings/paediatric-nurse-wrnxek,2026-08-30T15:48:46+00:00
899a73042483c99b,jobberman,english-language-teacher-vd9v2v,English Language Teacher,,,,Nigeria,unknown,,,,,,,,,,,,https://www.jobberman.com/listings/english-language-teacher-vd9v2v,2026-08-30T15:48:46+00:00
0db8518f108cb0e0,jobberman,investment-officer-pgn56j,Investment Officer,,,,Nigeria,unknown,,,,,,,,,,,,https://www.jobberman.com/listings/investment-officer-pgn56j,2026-08-30T15:48:48+00:00
e4ba89e0e9482d89,jobberman,personal-assistant-7jxgkm,Personal Assistant,,,,Nigeria,unknown,,,,,,,,,,,,https://www.jobberman.com/listings/personal-assistant-7jxgkm,2026-08-30T15:48:48+00:00
7c64cef165ed55dd,jobberman,forklift-operator-k76xnj,Forklift Operator,,,,Nigeria,unknown,,,,,,,,,,,,https://www.jobberman.com/listings/forklift-operator-k76xnj,2026-08-30T15:48:48+00:00
7077ce72a569b679,jobberman,hr-associate-hybrid-erpxjj,HR Associate,,,,Nigeria,unknown,,,,,,,,,,,,https://www.jobberman.com/listings/hr-associate-hybrid-erpxjj,2026-08-30T15:48:48+00:00
3320660eac74dc8b,jobberman,executive-assistant-project-management-vd997p,Executive Assistant,,,,Nigeria,unknown,,,,,,,,,,,,https://www.jobberman.com/listings/executive-assistant-project-management-vd997p,2026-08-30T15:48:48+00:00
925b75527529bf17,jobberman,personal-assistant-wrnnvg,Personal Assistant,,,,Nigeria,unknown,,,,,,,,,,,,https://www.jobberman.com/listings/personal-assistant-wrnnvg,2026-08-30T15:48:48+00:00
7b9b4fb475b7b4db,jobberman,administration-assistant-8mkk69,Administration Assistant,,,,Nigeria,unknown,,,,,,,,,,,,https://www.jobberman.com/listings/administration-assistant-8mkk69,2026-08-30T15:48:48+00:00
8aeb02e887379b4e,jobberman,front-desk-officer-administrative-assistant-vd9g4w,Front Desk Officer,,,,Nigeria,unknown,,,,,,,,,,,,https://www.jobberman.com/listings/front-desk-officer-administrative-assistant-vd9g4w,2026-08-30T15:48:48+00:00
efbe15fbc31ec228,jobberman,accountant-m0v6mq,Accountant,,,,Nigeria,unknown,,,,,,,,,,,,https://www.jobberman.com/listings/accountant-m0v6mq,2026-08-30T15:48:48+00:00
f0d3d3665c653b16,jobberman,personal-assistant-telecommunications-wrngmk,Personal Assistant,,,,Nigeria,unknown,,,,,,,,,,,,https://www.jobberman.com/listings/personal-assistant-telecommunications-wrngmk,2026-08-30T15:48:48+00:00
0cdddb990577cbf2,jobberman,crm-specialist-6qrdpp,CRM Specialist,,,,Nigeria,unknown,,,,,,,,,,,,https://www.jobberman.com/listings/crm-specialist-6qrdpp,2026-08-30T15:48:48+00:00
e574ffc78253cf93,jobberman,grant-manager-45r8we,Grant Manager,,,,Nigeria,unknown,,,,,,,,,,,,https://www.jobberman.com/listings/grant-manager-45r8we,2026-08-30T15:48:48+00:00
64f9a74369ca1e3a,jobberman,logistics-operations-associate-wrnz9z,Logistics Operations Associate,,,,Nigeria,unknown,,,,,,,,,,,,https://www.jobberman.com/listings/logistics-operations-associate-wrnz9z,2026-08-30T15:48:48+00:00
bf5207adaf0511a7,jobberman,implementation-field-specialists-gm45w8,Implementation & Field Specialist,,,,Nigeria,unknown,,,,,,,,,,,,https://www.jobberman.com/listings/implementation-field-specialists-gm45w8,2026-08-30T15:48:48+00:00
866507081fcbd1b3,jobberman,implementation-field-specialists-qzwq27,Implementation & Field Specialist,,,,Nigeria,unknown,,,,,,,,,,,,https://www.jobberman.com/listings/implementation-field-specialists-qzwq27,2026-08-30T15:48:48+00:00
b6f8ee43b2c77dc9,jobberman,office-assistant-qzwq4k,Office Assistant,,,,Nigeria,unknown,,,,,,,,,,,,https://www.jobberman.com/listings/office-assistant-qzwq4k,2026-08-30T15:48:48+00:00
661d525d877d3fb1,jobberman,corporate-driver-9k54mv,Corporate Driver,,,,Nigeria,unknown,,,,,,,,,,,,https://www.jobberman.com/listings/corporate-driver-9k54mv,2026-08-30T15:48:51+00:00
bbfb312c7910d851,jobberman,personal-driver-5p9m0e,Driver,,,,Nigeria,unknown,,,,,,,,,,,,https://www.jobberman.com/listings/personal-driver-5p9m0e,2026-08-30T15:48:51+00:00
862dd4bdee2d336c,jobberman,marketing-associate-gmpvek,Marketing Associate,,,,Nigeria,unknown,,,,,,,,,,,,https://www.jobberman.com/listings/marketing-associate-gmpvek,2026-08-30T15:48:51+00:00
0ed8770bc0a4db0c,jobberman,medical-sales-representative-field-intern-abuja-7jpk4m,Medical Sales Representative Intern,,,,Nigeria,unknown,,,,,,,,,,,,https://www.jobberman.com/listings/medical-sales-representative-field-intern-abuja-7jpk4m,2026-08-30T15:48:51+00:00
4dd35250721b6124,jobberman,public-health-assistant-n97m4g,Public Health Assistant,,,,Nigeria,unknown,,,,,,,,,,,,https://www.jobberman.com/listings/public-health-assistant-n97m4g,2026-08-30T15:48:51+00:00
5b827706e02dc49f,jobberman,assembly-engineer-gmpxvr,Assembly Engineer,,,,Nigeria,unknown,,,,,,,,,,,Other Tech,https://www.jobberman.com/listings/assembly-engineer-gmpxvr,2026-08-30T15:48:51+00:00
9d9cc1b87e64beba,jobberman,electrical-technician-6qnj86,Electrical Technician,,,,Nigeria,unknown,,,,,,,,,,,,https://www.jobberman.com/listings/electrical-technician-6qnj86,2026-08-30T15:48:51+00:00
f47047b4e7a9f97a,jobberman,hrcompliance-assistant-er9kqx,HR/Compliance Assistant,,,,Nigeria,unknown,,,,,,,,,,,,https://www.jobberman.com/listings/hrcompliance-assistant-er9kqx,2026-08-30T15:48:51+00:00
75379aa623ba8e0e,jobberman,operations-officer-vdgrnm,Operations Officer,,,,Nigeria,unknown,,,,,,,,,,,,https://www.jobberman.com/listings/operations-officer-vdgrnm,2026-08-30T15:48:51+00:00
ca7595aace23eb0d,jobberman,social-media-manager-x8gmqw,Social Media Manager,,,,Nigeria,unknown,,,,,,,,,,,,https://www.jobberman.com/listings/social-media-manager-x8gmqw,2026-08-30T15:48:51+00:00
6a781f824f19cb7b,jobberman,internal-auditor-qz9k27,Internal Auditor,,,,Nigeria,unknown,,,,,,,,,,,,https://www.jobberman.com/listings/internal-auditor-qz9k27,2026-08-30T15:48:51+00:00
71b42e185273d57f,jobberman,internal-auditor-vd9n8v,Internal Auditor,,,,Nigeria,unknown,,,,,,,,,,,,https://www.jobberman.com/listings/internal-auditor-vd9n8v,2026-08-30T15:48:51+00:00
a25937a4b8e75a71,jobberman,assistant-quotation-officer-6qr0j4,Assistant Quotation Officer,,,,Nigeria,unknown,,,,,,,,,,,,https://www.jobberman.com/listings/assistant-quotation-officer-6qr0j4,2026-08-30T15:48:51+00:00
c9f4cb4020a3108b,jobberman,head-corporate-services-45rxg5,"Head, Corporate Services",,,,Nigeria,unknown,,,,,,,,,,,,https://www.jobberman.com/listings/head-corporate-services-45rxg5,2026-08-30T15:48:51+00:00
280b2aad60e6476d,jobberman,business-operations-associate-n9040r,Business Operations Associate,,,,Nigeria,unknown,,,,,,,,,,,,https://www.jobberman.com/listings/business-operations-associate-n9040r,2026-08-30T15:48:51+00:00
7a8ebb0cbdb518f9,jobberman,office-assistant-qzwm7v,Office Assistant,,,,Nigeria,unknown,,,,,,,,,,,,https://www.jobberman.com/listings/office-assistant-qzwm7v,2026-08-30T15:48:51+00:00
2408aed791894954,jobberman,business-development-associate-outsourcing-k764q8,Business Development Associate,,,,Nigeria,unknown,,,,,,,,,,,,https://www.jobberman.com/listings/business-development-associate-outsourcing-k764q8,2026-08-30T15:48:54+00:00
fe3d1b3a1a9b075c,jobberman,a-dynamic-social-media-manager-n9069z,Social Media Manager,,,,Nigeria,unknown,,,,,,,,,,,,https://www.jobberman.com/listings/a-dynamic-social-media-manager-n9069z,2026-08-30T15:48:54+00:00
092c6c2eb551b894,jobberman,community-and-school-advisor-9krxpv,Community and School Advisor,,,,Nigeria,unknown,,,,,,,,,,,,https://www.jobberman.com/listings/community-and-school-advisor-9krxpv,2026-08-30T15:48:54+00:00
54d9166994484ded,jobberman,head-of-risk-and-compliance-6qr8kv,Head of Risk and Compliance,,,,Nigeria,unknown,,,,,,,,,,,,https://www.jobberman.com/listings/head-of-risk-and-compliance-6qr8kv,2026-08-30T15:48:54+00:00
4e5fcec7b6501619,jobberman,visa-and-ticketing-officer-rr6mq9,Visa and Ticketing Officer,,,,Nigeria,unknown,,,,,,,,,,,,https://www.jobberman.com/listings/visa-and-ticketing-officer-rr6mq9,2026-08-30T15:48:54+00:00
8e49a65a717c9f4b,jobberman,bakery-assistant-vd90wg,Bakery Assistant,,,,Nigeria,unknown,,,,,,,,,,,,https://www.jobberman.com/listings/bakery-assistant-vd90wg,2026-08-30T15:48:54+00:00
f98441ab1a6d8586,jobberman,pipelinecorrosion-engineer-0k8968,Pipeline/Corrosion Engineer,,,,Nigeria,unknown,,,,,,,,,,,Other Tech,https://www.jobberman.com/listings/pipelinecorrosion-engineer-0k8968,2026-08-30T15:48:54+00:00
b74b4dea510d33cb,jobberman,operations-executive-wrnjvd,Operations Executive,,,,Nigeria,unknown,,,,,,,,,,,,https://www.jobberman.com/listings/operations-executive-wrnjvd,2026-08-30T15:48:54+00:00
8b5a48e6967d6f19,jobberman,executive-assistant-rr65pq,Executive Assistant,,,,Nigeria,unknown,,,,,,,,,,,,https://www.jobberman.com/listings/executive-assistant-rr65pq,2026-08-30T15:48:54+00:00
867e639dd0016325,jobberman,executive-assistant-to-the-director-j655rw,Executive Assistant,,,,Nigeria,unknown,,,,,,,,,,,,https://www.jobberman.com/listings/executive-assistant-to-the-director-j655rw,2026-08-30T15:48:54+00:00
43d3c5d88da0022c,jobberman,business-development-client-success-coordinator-z8r8vr,Business Development & Client Success Coordinator,,,,Nigeria,unknown,,,,,,,,,,,,https://www.jobberman.com/listings/business-development-client-success-coordinator-z8r8vr,2026-08-30T15:48:54+00:00
756c5bba7456eef0,jobberman,inventory-and-admin-officer-rr6v42,Inventory and Admin Officer,,,,Nigeria,unknown,,,,,,,,,,,,https://www.jobberman.com/listings/inventory-and-admin-officer-rr6v42,2026-08-30T15:48:54+00:00
49a6097587a9616b,jobberman,customer-service-representative-j65j04,Customer Service Representative,,,,Nigeria,unknown,,,,,,,,,,,,https://www.jobberman.com/listings/customer-service-representative-j65j04,2026-08-30T15:48:54+00:00
2d2be13b78834a88,jobberman,signage-installer-8mkv80,Signage Installer,,,,Nigeria,unknown,,,,,,,,,,,,https://www.jobberman.com/listings/signage-installer-8mkv80,2026-08-30T15:48:54+00:00
956b20718c8b4048,jobberman,internal-audit-manager-m0vmr2,Internal Audit Manager,,,,Nigeria,unknown,,,,,,,,,,,Other Tech,https://www.jobberman.com/listings/internal-audit-manager-m0vmr2,2026-08-30T15:48:54+00:00
120bf7fafd396e88,jobberman,operations-commercial-assistant-7jpz4e,Operations and Commercial Assistant,,,,Nigeria,unknown,,,,,,,,,,,,https://www.jobberman.com/listings/operations-commercial-assistant-7jpz4e,2026-08-30T15:48:58+00:00
20f4edf89a37b105,jobberman,management-representative-intern-z8z7kx,Management Representative Intern,,,,Nigeria,unknown,,,,,,,,,,,,https://www.jobberman.com/listings/management-representative-intern-z8z7kx,2026-08-30T15:48:58+00:00
a0885a25ac0ab5df,jobberman,ndt-technician-6qneen,NDT Technician,,,,Nigeria,unknown,,,,,,,,,,,,https://www.jobberman.com/listings/ndt-technician-6qneen,2026-08-30T15:48:58+00:00
97dde5a2204fd8b8,jobberman,executive-assistant-er904v,Executive Assistant,,,,Nigeria,unknown,,,,,,,,,,,,https://www.jobberman.com/listings/executive-assistant-er904v,2026-08-30T15:48:58+00:00
3f86fbaf8ea58d85,jobberman,field-marketer-0knr9x,Field Marketer,,,,Nigeria,unknown,,,,,,,,,,,,https://www.jobberman.com/listings/field-marketer-0knr9x,2026-08-30T15:48:58+00:00
bc8885db04afce9a,jobberman,finance-admin-officer-wrg4r6,Finance & Admin Officer,,,,Nigeria,unknown,,,,,,,,,,,,https://www.jobberman.com/listings/finance-admin-officer-wrg4r6,2026-08-30T15:48:58+00:00
9d346963ff4a1a32,jobberman,estate-surveyor-8mp7wn,Estate Surveyor,,,,Nigeria,unknown,,,,,,,,,,,,https://www.jobberman.com/listings/estate-surveyor-8mp7wn,2026-08-30T15:48:58+00:00
142c772687fb2610,jobberman,front-desk-admin-officer-7jp0me,Admin Officer,,,,Nigeria,unknown,,,,,,,,,,,,https://www.jobberman.com/listings/front-desk-admin-officer-7jp0me,2026-08-30T15:48:58+00:00
3a2629f6a647f3d2,jobberman,head-of-growth-marketing-5p9k27,Head of Growth & Marketing,,,,Nigeria,unknown,,,,,,,,,,,,https://www.jobberman.com/listings/head-of-growth-marketing-5p9k27,2026-08-30T15:48:58+00:00
d35bcbbbbdb302de,jobberman,professional-classroom-teachers-0knxxg,Classroom Teacher,,,,Nigeria,unknown,,,,,,,,,,,,https://www.jobberman.com/listings/professional-classroom-teachers-0knxxg,2026-08-30T15:48:58+00:00
95383004da7f1e64,jobberman,field-electrical-engineer-rrnrwm,Field Electrical Engineer,,,,Nigeria,unknown,,,,,,,,,,,Other Tech,https://www.jobberman.com/listings/field-electrical-engineer-rrnrwm,2026-08-30T15:48:58+00:00
eab2f6b50d41648a,jobberman,secretary-m06d8j,Secretary,,,,Nigeria,unknown,,,,,,,,,,,,https://www.jobberman.com/listings/secretary-m06d8j,2026-08-30T15:48:58+00:00
b25ede06f6aa4900,jobberman,accoutant-m06dvw,Accountant,,,,Nigeria,unknown,,,,,,,,,,,,https://www.jobberman.com/listings/accoutant-m06dvw,2026-08-30T15:48:58+00:00
b3c438d6acdfc472,jobberman,office-cleaner-9k5ge5,Office Cleaner,,,,Nigeria,unknown,,,,,,,,,,,,https://www.jobberman.com/listings/office-cleaner-9k5ge5,2026-08-30T15:48:58+00:00
9737cf5672e325bc,jobberman,human-resources-intern-pgnk90,Human Resources Intern,,,,Nigeria,unknown,,,,,,,,,,,,https://www.jobberman.com/listings/human-resources-intern-pgnk90,2026-08-30T15:48:58+00:00
1360a1ec3e3223c5,jobberman,evaluation-communication-engagement-officer-rr6gen,"Evaluation, Communication & Engagement Officer",,,,Nigeria,unknown,,,,,,,,,,,,https://www.jobberman.com/listings/evaluation-communication-engagement-officer-rr6gen,2026-08-30T15:48:58+00:00
c6b59913eaad25d4,jobberman,finance-officer-5prmz2,Finance Officer,,,,Nigeria,unknown,,,,,,,,,,,,https://www.jobberman.com/listings/finance-officer-5prmz2,2026-08-30T15:49:02+00:00
6b98f2f01050d2d3,jobberman,receptionist-wrnd2j,Receptionist,,,,Nigeria,unknown,,,,,,,,,,,,https://www.jobberman.com/listings/receptionist-wrnd2j,2026-08-30T15:49:02+00:00
f449e8a26ff93c05,jobberman,site-administrative-assistance-0k8e06,Site Administrative Assistance,,,,Nigeria,unknown,,,,,,,,,,,,https://www.jobberman.com/listings/site-administrative-assistance-0k8e06,2026-08-30T15:49:02+00:00
9e1e9e9f0871252b,jobberman,inventory-officer-n906xz,Inventory Officer,,,,Nigeria,unknown,,,,,,,,,,,,https://www.jobberman.com/listings/inventory-officer-n906xz,2026-08-30T15:49:02+00:00
a749027f40554d77,jobberman,receptionist-x8wr28,Receptionist,,,,Nigeria,unknown,,,,,,,,,,,,https://www.jobberman.com/listings/receptionist-x8wr28,2026-08-30T15:49:02+00:00
df8249f4bbed7353,jobberman,business-development-partnerships-executive-gm4k84,Business Development & Partnerships Executive,,,,Nigeria,unknown,,,,,,,,,,,,https://www.jobberman.com/listings/business-development-partnerships-executive-gm4k84,2026-08-30T15:49:02+00:00
26995d80b1dfe327,jobberman,assistant-videographer-j657xg,Assistant Videographer,,,,Nigeria,unknown,,,,,,,,,,,,https://www.jobberman.com/listings/assistant-videographer-j657xg,2026-08-30T15:49:02+00:00
179ccd6b64e173a4,jobberman,finance-projects-accountant-x8wejq,Finance & Projects Accountant,,,,Nigeria,unknown,,,,,,,,,,,,https://www.jobberman.com/listings/finance-projects-accountant-x8wejq,2026-08-30T15:49:02+00:00
ded252d5bc1a776d,jobberman,human-resource-generalist-d9d484,Human Resource Adminstrator,,,,Nigeria,unknown,,,,,,,,,,,,https://www.jobberman.com/listings/human-resource-generalist-d9d484,2026-08-30T15:49:02+00:00
c450ec8860fb43a8,jobberman,head-of-administration-9krw77,Head of Administration,,,,Nigeria,unknown,,,,,,,,,,,,https://www.jobberman.com/listings/head-of-administration-9krw77,2026-08-30T15:49:02+00:00
cefff4da6ef7ab00,jobberman,business-development-manager-8mkg6p,Business Development Manager,,,,Nigeria,unknown,,,,,,,,,,,,https://www.jobberman.com/listings/business-development-manager-8mkg6p,2026-08-30T15:49:02+00:00
67731b646ee215ff,jobberman,customer-service-representative-7jx06j,Customer Service Representative,,,,Nigeria,unknown,,,,,,,,,,,,https://www.jobberman.com/listings/customer-service-representative-7jx06j,2026-08-30T15:49:02+00:00
bb28204ccf853eb5,jobberman,admin-officer-wrnnzz,Admin Officer,,,,Nigeria,unknown,,,,,,,,,,,,https://www.jobberman.com/listings/admin-officer-wrnnzz,2026-08-30T15:49:02+00:00
700534b6fa7d0625,jobberman,account-5prdqx,Accountant,,,,Nigeria,unknown,,,,,,,,,,,,https://www.jobberman.com/listings/account-5prdqx,2026-08-30T15:49:04+00:00
535cb4124c06f4b8,jobberman,operations-staff-j65q7v,Operations staff,,,,Nigeria,unknown,,,,,,,,,,,,https://www.jobberman.com/listings/operations-staff-j65q7v,2026-08-30T15:49:04+00:00
e2ccd9ff274db7ba,jobberman,creative-designer-2k8kjq,Creative Designer,,,,Nigeria,unknown,,,,,,,,,,,,https://www.jobberman.com/listings/creative-designer-2k8kjq,2026-08-30T15:49:04+00:00
578eb5ef4d9e0b54,jobberman,customer-care-representative-erpvg9,Customer Care Representative,,,,Nigeria,unknown,,,,,,,,,,,,https://www.jobberman.com/listings/customer-care-representative-erpvg9,2026-08-30T15:49:04+00:00
7e116c8f2400ff71,jobberman,experience-architect-erpqz2,Architect,,,,Nigeria,unknown,,,,,,,,,,,,https://www.jobberman.com/listings/experience-architect-erpqz2,2026-08-30T15:49:04+00:00
8d4ac26b11d915af,jobberman,medical-laboratory-technician-7jx5dd,Medical Laboratory Technician,,,,Nigeria,unknown,,,,,,,,,,,,https://www.jobberman.com/listings/medical-laboratory-technician-7jx5dd,2026-08-30T15:49:04+00:00
2b506efb251a3df7,jobberman,finance-and-administrative-manager-45rj49,Finance & Administrative Manager,,,,Nigeria,unknown,,,,,,,,,,,,https://www.jobberman.com/listings/finance-and-administrative-manager-45rj49,2026-08-30T15:49:04+00:00
25d7099190be6b07,jobberman,live-in-housekeeper-domestic-help-6qrxw8,Live-in Housekeeper,,,,Nigeria,unknown,,,,,,,,,,,,https://www.jobberman.com/listings/live-in-housekeeper-domestic-help-6qrxw8,2026-08-30T15:49:04+00:00
0d7477f72a9adce0,jobberman,sustainability-associate-k76mrw,Sustainability Associate,,,,Nigeria,unknown,,,,,,,,,,,,https://www.jobberman.com/listings/sustainability-associate-k76mrw,2026-08-30T15:49:04+00:00
ce0dfe1bc457091d,jobberman,administrativeoperations-officer-pg0kp0,Administrative/Operations Officer,,,,Nigeria,unknown,,,,,,,,,,,,https://www.jobberman.com/listings/administrativeoperations-officer-pg0kp0,2026-08-30T15:49:04+00:00
798c91b2ac5fa350,jobberman,accountant-d905p8,Accountant,,,,Nigeria,unknown,,,,,,,,,,,,https://www.jobberman.com/listings/accountant-d905p8,2026-08-30T15:49:04+00:00
6b99f56857499631,jobberman,executive-assistant-gmpnv8,Personal Assistant,,,,Nigeria,unknown,,,,,,,,,,,,https://www.jobberman.com/listings/executive-assistant-gmpnv8,2026-08-30T15:49:04+00:00
0a909a5e1b759b64,jobberman,receptionist-administrative-officer-0knrmk,Receptionist / Administrative Officer,,,,Nigeria,unknown,,,,,,,,,,,,https://www.jobberman.com/listings/receptionist-administrative-officer-0knrmk,2026-08-30T15:49:04+00:00
85e35be6216fa605,jobberman,website-operator-d908x5,Website Operator,,,,Nigeria,unknown,,,,,,,,,,,,https://www.jobberman.com/listings/website-operator-d908x5,2026-08-30T15:49:04+00:00
307231d43129b50b,jobberman,internal-audit-officers-x88vdw,Internal Audit officer,,,,Nigeria,unknown,,,,,,,,,,,Other Tech,https://www.jobberman.com/listings/internal-audit-officers-x88vdw,2026-08-30T15:49:04+00:00
c10bef39e53865e2,jobberman,ai-operation-associate-450vp9,AI Operation Associate,,,,Nigeria,unknown,,,,,,,,,,,Data & AI,https://www.jobberman.com/listings/ai-operation-associate-450vp9,2026-08-30T15:49:04+00:00
cb940f18e256d78e,jobberman,control-assurance-officer-pg044v,Control & Assurance Officer,,,,Nigeria,unknown,,,,,,,,,,,,https://www.jobberman.com/listings/control-assurance-officer-pg044v,2026-08-30T15:49:12+00:00
f20b1ee48bebd94a,jobberman,accountant-wrg6e6,Accountant,,,,Nigeria,unknown,,,,,,,,,,,,https://www.jobberman.com/listings/accountant-wrg6e6,2026-08-30T15:49:12+00:00
fff307134384c80b,jobberman,pharmacist-wrgxq6,Pharmacist,,,,Nigeria,unknown,,,,,,,,,,,,https://www.jobberman.com/listings/pharmacist-wrgxq6,2026-08-30T15:49:12+00:00
c1749d4d15e30d60,jobberman,business-development-executive-rrnk8n,Business Development Executive,,,,Nigeria,unknown,,,,,,,,,,,,https://www.jobberman.com/listings/business-development-executive-rrnk8n,2026-08-30T15:49:12+00:00
36db134729bb4230,jobberman,accountingbook-keeping-officer-pg05dp,Accounting/Book keeping Officer,,,,Nigeria,unknown,,,,,,,,,,,,https://www.jobberman.com/listings/accountingbook-keeping-officer-pg05dp,2026-08-30T15:49:12+00:00
e9304f394e57dadd,jobberman,graduate-intern-geologist-6qnm97,Graduate Intern,,,,Nigeria,unknown,,,,,,,,,,,,https://www.jobberman.com/listings/graduate-intern-geologist-6qnm97,2026-08-30T15:49:12+00:00
4c7ee7ece49a3339,jobberman,content-creator-450mdv,Content Creator,,,,Nigeria,unknown,,,,,,,,,,,,https://www.jobberman.com/listings/content-creator-450mdv,2026-08-30T15:49:12+00:00
b7b6649f3aed6a56,jobberman,junior-accountant-d9dx7g,Junior Accountant,,,,Nigeria,unknown,,,,,,,,,,,,https://www.jobberman.com/listings/junior-accountant-d9dx7g,2026-08-30T15:49:12+00:00
2086b13459b6bb94,jobberman,junior-driver-k76455,Junior Truck Driver,,,,Nigeria,unknown,,,,,,,,,,,,https://www.jobberman.com/listings/junior-driver-k76455,2026-08-30T15:49:12+00:00
4874e93dd0f4deb5,jobberman,soc-analyst-erp0nx,Soc Analyst,,,,Nigeria,unknown,,,,,,,,,,,,https://www.jobberman.com/listings/soc-analyst-erp0nx,2026-08-30T15:49:12+00:00
cc433895867cd46a,jobberman,assessor-rr69dg,Assessor,,,,Nigeria,unknown,,,,,,,,,,,,https://www.jobberman.com/listings/assessor-rr69dg,2026-08-30T15:49:12+00:00
3409c636c6ecdf14,jobberman,business-development-manager-gm4edr,Business Development Manager,,,,Nigeria,unknown,,,,,,,,,,,,https://www.jobberman.com/listings/business-development-manager-gm4edr,2026-08-30T15:49:12+00:00
0a41b6260654ef39,jobberman,youghurt-production-assistant-vd96xw,Yoghurt Production Assistant,,,,Nigeria,unknown,,,,,,,,,,,,https://www.jobberman.com/listings/youghurt-production-assistant-vd96xw,2026-08-30T15:49:12+00:00
aeef4ee4a9fad0a6,jobberman,accountant-7jx6dn,Accountant,,,,Nigeria,unknown,,,,,,,,,,,,https://www.jobberman.com/listings/accountant-7jx6dn,2026-08-30T15:49:12+00:00
b2a0f9f4a1d736dd,jobberman,public-health-intern-n90v4z,Public Health Intern,,,,Nigeria,unknown,,,,,,,,,,,,https://www.jobberman.com/listings/public-health-intern-n90v4z,2026-08-30T15:49:12+00:00
93747c3b42368e8d,jobberman,infrastructurecivil-engineer-erpz62,Infrastructure Engineer,,,,Nigeria,unknown,,,,,,,,,,,Other Tech,https://www.jobberman.com/listings/infrastructurecivil-engineer-erpz62,2026-08-30T15:49:12+00:00
b1434d380a3b1755,jobberman,senior-accountant-x8w960,Senior Accountant,,,,Nigeria,unknown,,,,,,,,,,,,https://www.jobberman.com/listings/senior-accountant-x8w960,2026-08-30T15:49:20+00:00
1e8e927dc06861f3,jobberman,manager-people-and-culture-7jx48g,"Manager, People and Culture",,,,Nigeria,unknown,,,,,,,,,,,,https://www.jobberman.com/listings/manager-people-and-culture-7jx48g,2026-08-30T15:49:20+00:00
f2180ce79d7642ff,jobberman,graduate-trainee-revenue-officer-x8wenj,Graduate Trainee,,,,Nigeria,unknown,,,,,,,,,,,,https://www.jobberman.com/listings/graduate-trainee-revenue-officer-x8wenj,2026-08-30T15:49:20+00:00
f16abf4669388cba,jobberman,accountant-n902em,Accountant,,,,Nigeria,unknown,,,,,,,,,,,,https://www.jobberman.com/listings/accountant-n902em,2026-08-30T15:49:20+00:00
fce623ba2003b66f,jobberman,customer-service-n90w6x,Customer Service,,,,Nigeria,unknown,,,,,,,,,,,,https://www.jobberman.com/listings/customer-service-n90w6x,2026-08-30T15:49:20+00:00
6f3b172346407ea0,jobberman,kitchen-assistant-vd9z8m,Kitchen Assistant,,,,Nigeria,unknown,,,,,,,,,,,,https://www.jobberman.com/listings/kitchen-assistant-vd9z8m,2026-08-30T15:49:20+00:00
de3fe92468f2e1db,jobberman,junior-app-marketing-officer-wrnnx6,Junior App Marketing Officer,,,,Nigeria,unknown,,,,,,,,,,,,https://www.jobberman.com/listings/junior-app-marketing-officer-wrnnx6,2026-08-30T15:49:20+00:00
fe31d3abca65528b,jobberman,finance-accounts-manager-45rr85,Finance & Accounts Manager,,,,Nigeria,unknown,,,,,,,,,,,,https://www.jobberman.com/listings/finance-accounts-manager-45rr85,2026-08-30T15:49:20+00:00
0206e40e3fe32115,jobberman,junior-quantity-surveyor-9krrj6,Junior Quantity Surveyor,,,,Nigeria,unknown,,,,,,,,,,,,https://www.jobberman.com/listings/junior-quantity-surveyor-9krrj6,2026-08-30T15:49:20+00:00
0f7080591b99e8c7,jobberman,architect-n9094e,Architect,,,,Nigeria,unknown,,,,,,,,,,,,https://www.jobberman.com/listings/architect-n9094e,2026-08-30T15:49:20+00:00
912cefe2ba29f936,jobberman,secretary-d9d952,Secretary,,,,Nigeria,unknown,,,,,,,,,,,,https://www.jobberman.com/listings/secretary-d9d952,2026-08-30T15:49:20+00:00
c8f3558229494e9a,jobberman,store-keeper-erpv0k,Storekeeper,,,,Nigeria,unknown,,,,,,,,,,,,https://www.jobberman.com/listings/store-keeper-erpv0k,2026-08-30T15:49:20+00:00
696f63acdfe4f10f,jobberman,graphics-designer-wrn294,Graphics Designer,,,,Nigeria,unknown,,,,,,,,,,,,https://www.jobberman.com/listings/graphics-designer-wrn294,2026-08-30T15:49:20+00:00
0881079f9358697d,jobberman,bpo-team-lead-n90dvk,BPO Team Lead,,,,Nigeria,unknown,,,,,,,,,,,,https://www.jobberman.com/listings/bpo-team-lead-n90dvk,2026-08-30T15:49:20+00:00
ef8c3805d6c054ae,jobberman,operations-officer-reconciliation-settlement-x8w6ew,Operations Officer,,,,Nigeria,unknown,,,,,,,,,,,,https://www.jobberman.com/listings/operations-officer-reconciliation-settlement-x8w6ew,2026-08-30T15:49:20+00:00
b3b8723bc101249a,jobberman,experienced-content-creator-2k8r52,Content Creator,,,,Nigeria,unknown,,,,,,,,,,,,https://www.jobberman.com/listings/experienced-content-creator-2k8r52,2026-08-30T15:49:24+00:00
e7f01a5203d39fda,jobberman,business-transformation-project-mgr-rrngwg,Business Transformation Project Manager,,,,Nigeria,unknown,,,,,,,,,,,,https://www.jobberman.com/listings/business-transformation-project-mgr-rrngwg,2026-08-30T15:49:24+00:00
216b8bb59ef9cefd,jobberman,factory-workers-qz90ze,Factory Worker,,,,Nigeria,unknown,,,,,,,,,,,,https://www.jobberman.com/listings/factory-workers-qz90ze,2026-08-30T15:49:24+00:00
3580481197d27953,jobberman,marketing-accounting-assistant-0knjvm,Marketing Accounting Assistant,,,,Nigeria,unknown,,,,,,,,,,,,https://www.jobberman.com/listings/marketing-accounting-assistant-0knjvm,2026-08-30T15:49:24+00:00
24a3eca09f9675dd,jobberman,loan-officer-rrnekx,Loan Officer,,,,Nigeria,unknown,,,,,,,,,,,,https://www.jobberman.com/listings/loan-officer-rrnekx,2026-08-30T15:49:24+00:00
c10af14125e2fde9,jobberman,accounting-internofficer-egbeda-7jpzmx,Accounting Intern Officer,,,,Nigeria,unknown,,,,,,,,,,,,https://www.jobberman.com/listings/accounting-internofficer-egbeda-7jpzmx,2026-08-30T15:49:24+00:00
ca87a824b22fcb6d,jobberman,administrative-and-reception-officer-er9kzd,Administrative and Reception Officer,,,,Nigeria,unknown,,,,,,,,,,,,https://www.jobberman.com/listings/administrative-and-reception-officer-er9kzd,2026-08-30T15:49:24+00:00
bff48c9fd39191e6,jobberman,human-resource-manager-450965,Human Resource Manager,,,,Nigeria,unknown,,,,,,,,,,,,https://www.jobberman.com/listings/human-resource-manager-450965,2026-08-30T15:49:24+00:00
0ccbef28c5c49a2e,jobberman,customer-care-representative-x8gndv,Customer Care Representative,,,,Nigeria,unknown,,,,,,,,,,,,https://www.jobberman.com/listings/customer-care-representative-x8gndv,2026-08-30T15:49:24+00:00
37e0c6f6dd0216ab,jobberman,human-resources-intern-n97nnw,Human Resources Intern,,,,Nigeria,unknown,,,,,,,,,,,,https://www.jobberman.com/listings/human-resources-intern-n97nnw,2026-08-30T15:49:24+00:00
6df2a82e96ca6f40,jobberman,saas-associate-pg076w,SAAS Associate,,,,Nigeria,unknown,,,,,,,,,,,,https://www.jobberman.com/listings/saas-associate-pg076w,2026-08-30T15:49:24+00:00
d3822fa92a781dfb,jobberman,graduate-intern-pit-operator-2k7dx6,Graduate Intern,,,,Nigeria,unknown,,,,,,,,,,,,https://www.jobberman.com/listings/graduate-intern-pit-operator-2k7dx6,2026-08-30T15:49:24+00:00
22a38876c68cf381,jobberman,secretaryadmin-officer-2k7d96,Admin Officer,,,,Nigeria,unknown,,,,,,,,,,,,https://www.jobberman.com/listings/secretaryadmin-officer-2k7d96,2026-08-30T15:49:24+00:00
456d792b328367d3,jobberman,driver-wrgjx5,DRIVER,,,,Nigeria,unknown,,,,,,,,,,,,https://www.jobberman.com/listings/driver-wrgjx5,2026-08-30T15:49:24+00:00
e8a56cb90dec31e5,jobberman,business-development-associate-rrn8j9,Business Development Associate,,,,Nigeria,unknown,,,,,,,,,,,,https://www.jobberman.com/listings/business-development-associate-rrn8j9,2026-08-30T15:49:30+00:00
b1c76162210d67fa,jobberman,driver-8mpgg9,Driver,,,,Nigeria,unknown,,,,,,,,,,,,https://www.jobberman.com/listings/driver-8mpgg9,2026-08-30T15:49:30+00:00
c2c0b1de78f2018e,jobberman,loan-marketing-officer-wrkemz,Loan/ Marketing Officer,,,,Nigeria,unknown,,,,,,,,,,,,https://www.jobberman.com/listings/loan-marketing-officer-wrkemz,2026-08-30T15:49:30+00:00
b99d8cf0831ea862,jobberman,administrative-manager-automotive-rrj2jm,Administrative Manager,,,,Nigeria,unknown,,,,,,,,,,,,https://www.jobberman.com/listings/administrative-manager-automotive-rrj2jm,2026-08-30T15:49:30+00:00
3a0f9d5a2fb8d77a,jobberman,personal-assistant-x8w4rj,Personal Assistant,,,,Nigeria,unknown,,,,,,,,,,,,https://www.jobberman.com/listings/personal-assistant-x8w4rj,2026-08-30T15:49:30+00:00
8e02749634d9c7bc,jobberman,company-secretary-z8r709,Secretary,,,,Nigeria,unknown,,,,,,,,,,,,https://www.jobberman.com/listings/company-secretary-z8r709,2026-08-30T15:49:30+00:00
13f41996084c6cf2,jobberman,front-office-client-experience-officer-n904nz,Front Office & Client Experience Officer,,,,Nigeria,unknown,,,,,,,,,,,,https://www.jobberman.com/listings/front-office-client-experience-officer-n904nz,2026-08-30T15:49:30+00:00
8b4647f85298b7c7,jobberman,sales-representatives-x8w5ev,Sales Representative,,,,Nigeria,unknown,,,,,,,,,,,,https://www.jobberman.com/listings/sales-representatives-x8w5ev,2026-08-30T15:49:30+00:00
2876f667197db98d,jobberman,receptionist-front-desk-officer-5prmx6,Receptionist,,,,Nigeria,unknown,,,,,,,,,,,,https://www.jobberman.com/listings/receptionist-front-desk-officer-5prmx6,2026-08-30T15:49:30+00:00
aea33d228fd5204a,jobberman,quuality-control-officer-x8wvxn,Quuality Control Officer,,,,Nigeria,unknown,,,,,,,,,,,,https://www.jobberman.com/listings/quuality-control-officer-x8wvxn,2026-08-30T15:49:30+00:00
68ca51284c29d035,jobberman,ngo-manager-6-months-contract-9kremx,Manager,,,,Nigeria,unknown,,,,,,,,,,,,https://www.jobberman.com/listings/ngo-manager-6-months-contract-9kremx,2026-08-30T15:49:30+00:00
310784464c78bf5d,jobberman,medical-administrative-assistant-j65k4z,Medical Administrative Assistant,,,,Nigeria,unknown,,,,,,,,,,,,https://www.jobberman.com/listings/medical-administrative-assistant-j65k4z,2026-08-30T15:49:30+00:00
14d6bbf6ab3ca60f,jobberman,b2b-lead-generation-outreach-specialist-us-market-z8r9ev,B2B Lead Generation & Outreach Specialist,,,,Nigeria,unknown,,,,,,,,,,,,https://www.jobberman.com/listings/b2b-lead-generation-outreach-specialist-us-market-z8r9ev,2026-08-30T15:49:30+00:00
83e3e66fb72b7b52,jobberman,german-language-tutor-n90q6v,German Language Tutor,,,,Nigeria,unknown,,,,,,,,,,,,https://www.jobberman.com/listings/german-language-tutor-n90q6v,2026-08-30T15:49:30+00:00
4c6c965d766e2322,jobberman,operations-coordinator-erpkx9,Operations Coordinator,,,,Nigeria,unknown,,,,,,,,,,,,https://www.jobberman.com/listings/operations-coordinator-erpkx9,2026-08-30T15:49:30+00:00
e72605ee272026b3,jobberman,store-keeper-m0vwm2,Storekeeper,,,,Nigeria,unknown,,,,,,,,,,,,https://www.jobberman.com/listings/store-keeper-m0vwm2,2026-08-30T15:49:30+00:00
191c6fcf89e0206f,jobberman,operation-manger-n90qgz,Operation Manger,,,,Nigeria,unknown,,,,,,,,,,,,https://www.jobberman.com/listings/operation-manger-n90qgz,2026-08-30T15:49:39+00:00
9fd7fc0811d56597,jobberman,teacher-instructor-erpzp4,Teacher,,,,Nigeria,unknown,,,,,,,,,,,,https://www.jobberman.com/listings/teacher-instructor-erpzp4,2026-08-30T15:49:39+00:00
6bc1ef1302959600,jobberman,gift-curation-and-production-executive-x8wnq8,Gift Curation & Production Executive,,,,Nigeria,unknown,,,,,,,,,,,,https://www.jobberman.com/listings/gift-curation-and-production-executive-x8wnq8,2026-08-30T15:49:39+00:00
ced5d937a488796f,jobberman,nursery-teacher-wrn9wm,Nursery Teacher,,,,Nigeria,unknown,,,,,,,,,,,,https://www.jobberman.com/listings/nursery-teacher-wrn9wm,2026-08-30T15:49:39+00:00
9c2a14a86b9a149d,jobberman,account-offer-vd90k8,Account Officer,,,,Nigeria,unknown,,,,,,,,,,,,https://www.jobberman.com/listings/account-offer-vd90k8,2026-08-30T15:49:39+00:00
b414cf1d69a969ae,jobberman,motion-graphics-designer-n90k7w,Motion Graphics Designer,,,,Nigeria,unknown,,,,,,,,,,,,https://www.jobberman.com/listings/motion-graphics-designer-n90k7w,2026-08-30T15:49:39+00:00
3278e487d13d311d,jobberman,operations-assistant-9kr2jn,Operations Assistant,,,,Nigeria,unknown,,,,,,,,,,,,https://www.jobberman.com/listings/operations-assistant-9kr2jn,2026-08-30T15:49:39+00:00
d7d810e1b092a720,jobberman,receptionist-office-assistanace-7jxrrd,Receptionist / Office assistanace,,,,Nigeria,unknown,,,,,,,,,,,,https://www.jobberman.com/listings/receptionist-office-assistanace-7jxrrd,2026-08-30T15:49:39+00:00
8d709e5d4aecc418,jobberman,male-runnner-hotel-45rqrz,Hotel Runner,,,,Nigeria,unknown,,,,,,,,,,,,https://www.jobberman.com/listings/male-runnner-hotel-45rqrz,2026-08-30T15:49:39+00:00
457580973abdfa3e,jobberman,administrative-officer-x8wxr2,Administrative Officer,,,,Nigeria,unknown,,,,,,,,,,,,https://www.jobberman.com/listings/administrative-officer-x8wxr2,2026-08-30T15:49:39+00:00
094a0162e460e51c,jobberman,director-of-clinical-research-operation-wrngjj,Director of Clinical Research Operation,,,,Nigeria,unknown,,,,,,,,,,,,https://www.jobberman.com/listings/director-of-clinical-research-operation-wrngjj,2026-08-30T15:49:39+00:00
d56f0060de355c71,jobberman,customer-service-representative-6qr59g,Customer Service Representative,,,,Nigeria,unknown,,,,,,,,,,,,https://www.jobberman.com/listings/customer-service-representative-6qr59g,2026-08-30T15:49:39+00:00
03dd9737cad4978b,jobberman,maintenance-electrician-d9d2qr,Maintenance Electrician,,,,Nigeria,unknown,,,,,,,,,,,,https://www.jobberman.com/listings/maintenance-electrician-d9d2qr,2026-08-30T15:49:39+00:00
f99a19b4b3051dde,jobberman,egineering-graduate-trainee-rr6jmm,Engineering Graduate Trainee,,,,Nigeria,unknown,,,,,,,,,,,Other Tech,https://www.jobberman.com/listings/egineering-graduate-trainee-rr6jmm,2026-08-30T15:49:39+00:00
7cbdd4ff1e134269,jobberman,information-technology-social-media-manager-6qng97,Social Media Manager,,,,Nigeria,unknown,,,,,,,,,,,,https://www.jobberman.com/listings/information-technology-social-media-manager-6qng97,2026-08-30T15:49:39+00:00
80f0c4c92d515b05,jobberman,digital-operations-growth-trainee-rr66vn,Digital Operations & Growth Trainee,,,,Nigeria,unknown,,,,,,,,,,,,https://www.jobberman.com/listings/digital-operations-growth-trainee-rr66vn,2026-08-30T15:49:39+00:00
5d3d0cc2da116598,jobberman,primary-class-teacher-j65q8w,Primary Class Teacher,,,,Nigeria,unknown,,,,,,,,,,,,https://www.jobberman.com/listings/primary-class-teacher-j65q8w,2026-08-30T15:49:42+00:00
b08899ad90623248,jobberman,accountant-z8rpgr,Accountant,,,,Nigeria,unknown,,,,,,,,,,,,https://www.jobberman.com/listings/accountant-z8rpgr,2026-08-30T15:49:42+00:00
0339a82efae655e0,jobberman,production-intern-design-qzw2kk,Production Intern,,,,Nigeria,unknown,,,,,,,,,,,,https://www.jobberman.com/listings/production-intern-design-qzw2kk,2026-08-30T15:49:42+00:00
6a54f8baa53a2da1,jobberman,sales-representative-retail-store-vd9w0k,Sales Representative – Retail Store,,,,Nigeria,unknown,,,,,,,,,,,,https://www.jobberman.com/listings/sales-representative-retail-store-vd9w0k,2026-08-30T15:49:42+00:00
e5ee050ab2dc7ff3,jobberman,talent-manager-vd9evv,Talent Manager,,,,Nigeria,unknown,,,,,,,,,,,,https://www.jobberman.com/listings/talent-manager-vd9evv,2026-08-30T15:49:42+00:00
a89e2e6a00c33e86,jobberman,hr-officer-rr6vk2,HR Officer,,,,Nigeria,unknown,,,,,,,,,,,,https://www.jobberman.com/listings/hr-officer-rr6vk2,2026-08-30T15:49:42+00:00
952cf44cd93c76f5,jobberman,administrative-assistant-9kr8gw,ADMINISTRATIVE ASSISTANT,,,,Nigeria,unknown,,,,,,,,,,,,https://www.jobberman.com/listings/administrative-assistant-9kr8gw,2026-08-30T15:49:42+00:00
1d024d30c42dbe61,jobberman,field-marketer-qzw4np,Field Marketer,,,,Nigeria,unknown,,,,,,,,,,,,https://www.jobberman.com/listings/field-marketer-qzw4np,2026-08-30T15:49:42+00:00
3785afd59548c41a,jobberman,administrative-officer-rrnd22,Administrative Officer,,,,Nigeria,unknown,,,,,,,,,,,,https://www.jobberman.com/listings/administrative-officer-rrnd22,2026-08-30T15:49:42+00:00
56ab111d4e94775d,jobberman,customer-service-officer-k7pwen,Customer Service Officer,,,,Nigeria,unknown,,,,,,,,,,,,https://www.jobberman.com/listings/customer-service-officer-k7pwen,2026-08-30T15:49:42+00:00
b508c99e1d10df6a,jobberman,admin-officer-rrngzn,Admin Officer,,,,Nigeria,unknown,,,,,,,,,,,,https://www.jobberman.com/listings/admin-officer-rrngzn,2026-08-30T15:49:42+00:00
5016d6826bcc86b4,jobberman,sous-chef-rrr004,Sous Chef,,,,Nigeria,unknown,,,,,,,,,,,,https://www.jobberman.com/listings/sous-chef-rrr004,2026-08-30T15:49:42+00:00
3a50159888105f0a,jobberman,supermarket-attendant-k7pjp5,Supermarket Attendant,,,,Nigeria,unknown,,,,,,,,,,,,https://www.jobberman.com/listings/supermarket-attendant-k7pjp5,2026-08-30T15:49:42+00:00
9d1110b45e35de77,jobberman,land-surveyor-n97e8g,Land surveyor,,,,Nigeria,unknown,,,,,,,,,,,,https://www.jobberman.com/listings/land-surveyor-n97e8g,2026-08-30T15:49:42+00:00
1a15de20d0e42c95,jobberman,account-officer-9k5qww,Account officer,,,,Nigeria,unknown,,,,,,,,,,,,https://www.jobberman.com/listings/account-officer-9k5qww,2026-08-30T15:49:42+00:00
a2297f83c1ca5f6f,jobberman,cashier-vdgje5,Cashier,,,,Nigeria,unknown,,,,,,,,,,,,https://www.jobberman.com/listings/cashier-vdgje5,2026-08-30T15:49:47+00:00
275e56f2c6afa53c,jobberman,executive-assistant-operations-coordinator-8mmrpz,Executive Assistant,,,,Nigeria,unknown,,,,,,,,,,,,https://www.jobberman.com/listings/executive-assistant-operations-coordinator-8mmrpz,2026-08-30T15:49:47+00:00
b65bfc23856e7b2a,jobberman,assistant-sales-manager-7jpqkn,Assistant Sales Manager,,,,Nigeria,unknown,,,,,,,,,,,,https://www.jobberman.com/listings/assistant-sales-manager-7jpqkn,2026-08-30T15:49:47+00:00
aeb47bec7ed0b7d1,jobberman,senior-legal-associate-5p9npx,Senior Legal Associate,,,,Nigeria,unknown,,,,,,,,,,,,https://www.jobberman.com/listings/senior-legal-associate-5p9npx,2026-08-30T15:49:47+00:00
62d4a98455058a44,jobberman,business-operations-manager-z8zwgk,Business Operations Manager,,,,Nigeria,unknown,,,,,,,,,,,,https://www.jobberman.com/listings/business-operations-manager-z8zwgk,2026-08-30T15:49:47+00:00
de22b8341d4f49fb,jobberman,founding-ielts-expert-curriculum-lead-z8zqd9,Founding IELTS Expert & Curriculum Lead,,,,Nigeria,unknown,,,,,,,,,,,,https://www.jobberman.com/listings/founding-ielts-expert-curriculum-lead-z8zqd9,2026-08-30T15:49:47+00:00
24b950027d160305,jobberman,human-resource-business-partner-7jpr0q,Human Resource Business Partner,,,,Nigeria,unknown,,,,,,,,,,,,https://www.jobberman.com/listings/human-resource-business-partner-7jpr0q,2026-08-30T15:49:47+00:00
7ef882da1310f741,jobberman,interior-design-assistant-0knzq6,Interior Design Assistant,,,,Nigeria,unknown,,,,,,,,,,,,https://www.jobberman.com/listings/interior-design-assistant-0knzq6,2026-08-30T15:49:47+00:00
d78e89782b39033e,jobberman,hr-executive-manufacturing-sango-x8gzrz,HR Executive,,,,Nigeria,unknown,,,,,,,,,,,,https://www.jobberman.com/listings/hr-executive-manufacturing-sango-x8gzrz,2026-08-30T15:49:47+00:00
537b8cc9f80d977b,jobberman,graduate-intern-logistics-wrg86g,Logistics Officer,,,,Nigeria,unknown,,,,,,,,,,,,https://www.jobberman.com/listings/graduate-intern-logistics-wrg86g,2026-08-30T15:49:47+00:00
9a33dc0eff136c04,jobberman,seo-expert-wordpress-seo-specialist-9k5wzw,SEO Expert,,,,Nigeria,unknown,,,,,,,,,,,,https://www.jobberman.com/listings/seo-expert-wordpress-seo-specialist-9k5wzw,2026-08-30T15:49:47+00:00
846331abf5a835f5,jobberman,personal-assistant-n97jvg,Executive Assistant,,,,Nigeria,unknown,,,,,,,,,,,,https://www.jobberman.com/listings/personal-assistant-n97jvg,2026-08-30T15:49:47+00:00
611af5b9e425d116,jobberman,python-programming-facilitator-x8gxwm,Python Programming Facilitator,,,,Nigeria,unknown,,,,,,,,,,,Other Tech,https://www.jobberman.com/listings/python-programming-facilitator-x8gxwm,2026-08-30T15:49:47+00:00
a236b2e332cce605,jobberman,human-resource-talent-manager-0knd9w,Human Resource & Talent Manager,,,,Nigeria,unknown,,,,,,,,,,,,https://www.jobberman.com/listings/human-resource-talent-manager-0knd9w,2026-08-30T15:49:47+00:00
84e22b4fbab387a1,jobberman,jobmanfacility-maintenance-technician-d909w2,Maintenance Technician,,,,Nigeria,unknown,,,,,,,,,,,,https://www.jobberman.com/listings/jobmanfacility-maintenance-technician-d909w2,2026-08-30T15:49:47+00:00
7a49e523ae156e7d,jobberman,finance-associate-4564j5,Finance Associate,,,,Nigeria,unknown,,,,,,,,,,,,https://www.jobberman.com/listings/finance-associate-4564j5,2026-08-30T15:49:47+00:00
46cfb3c24afd28c5,jobberman,project-manager-gm4v68,Project Manager,,,,Nigeria,unknown,,,,,,,,,,,,https://www.jobberman.com/listings/project-manager-gm4v68,2026-08-30T15:49:51+00:00
1c525a228698b84d,jobberman,medical-laboratory-scientist-qzwmvk,Medical Laboratory Scientist,,,,Nigeria,unknown,,,,,,,,,,,,https://www.jobberman.com/listings/medical-laboratory-scientist-qzwmvk,2026-08-30T15:49:51+00:00
1a6bcd15c5147d70,jobberman,nutritionist-rr6g0x,Nutritionist,,,,Nigeria,unknown,,,,,,,,,,,,https://www.jobberman.com/listings/nutritionist-rr6g0x,2026-08-30T15:49:51+00:00
82cc585589a4601b,jobberman,human-resources-manager-5preq7,Human Resources Manager,,,,Nigeria,unknown,,,,,,,,,,,,https://www.jobberman.com/listings/human-resources-manager-5preq7,2026-08-30T15:49:51+00:00
81d6c720ae7ea2f2,jobberman,marketing-manager-x8w0zj,Marketing Manager,,,,Nigeria,unknown,,,,,,,,,,,,https://www.jobberman.com/listings/marketing-manager-x8w0zj,2026-08-30T15:49:51+00:00
526f4e6b0c21a763,jobberman,accountant-rr6p02,Accountant,,,,Nigeria,unknown,,,,,,,,,,,,https://www.jobberman.com/listings/accountant-rr6p02,2026-08-30T15:49:51+00:00
d52473582144d231,jobberman,organization-representative-45rg6v,Organization Representative,,,,Nigeria,unknown,,,,,,,,,,,,https://www.jobberman.com/listings/organization-representative-45rg6v,2026-08-30T15:49:51+00:00
822343f88878719e,jobberman,campus-representative-8mk797,Campus Representative,,,,Nigeria,unknown,,,,,,,,,,,,https://www.jobberman.com/listings/campus-representative-8mk797,2026-08-30T15:49:51+00:00
6b79a8b0e37b402e,jobberman,marketing-sales-executive-j658jr,Marketing / Sales Executive,,,,Nigeria,unknown,,,,,,,,,,,,https://www.jobberman.com/listings/marketing-sales-executive-j658jr,2026-08-30T15:49:51+00:00
c064daf0c5eba5e7,jobberman,hr-officer-wrn4dp,HR Officer,,,,Nigeria,unknown,,,,,,,,,,,,https://www.jobberman.com/listings/hr-officer-wrn4dp,2026-08-30T15:49:51+00:00
381c891e2ead5fdb,jobberman,social-media-manager-6qrpxj,Social Media Manager,,,,Nigeria,unknown,,,,,,,,,,,,https://www.jobberman.com/listings/social-media-manager-6qrpxj,2026-08-30T15:49:51+00:00
ff6f3213fd4aeaed,jobberman,administrative-officer-pgneqj,Administrative Officer,,,,Nigeria,unknown,,,,,,,,,,,,https://www.jobberman.com/listings/administrative-officer-pgneqj,2026-08-30T15:49:51+00:00
a332f425d2880c4d,jobberman,supermarket-manager-d9dp25,Supermarket Manager,,,,Nigeria,unknown,,,,,,,,,,,,https://www.jobberman.com/listings/supermarket-manager-d9dp25,2026-08-30T15:49:51+00:00
8fbd6bba27f40f59,jobberman,it-officer-rr6e54,IT Officer,,,,Nigeria,unknown,,,,,,,,,,,Other Tech,https://www.jobberman.com/listings/it-officer-rr6e54,2026-08-30T15:49:51+00:00
cd8b2af57cd3288f,jobberman,school-secretary-2k8xzj,School Secretary,,,,Nigeria,unknown,,,,,,,,,,,,https://www.jobberman.com/listings/school-secretary-2k8xzj,2026-08-30T15:49:51+00:00
fb87b67e6fa08b64,jobberman,hr-officer-9krzqp,HR Officer,,,,Nigeria,unknown,,,,,,,,,,,,https://www.jobberman.com/listings/hr-officer-9krzqp,2026-08-30T15:49:51+00:00
6339346abf2fdf2c,jobberman,finance-and-accounts-manager-j65gre,Finance and Accounts Manager,,,,Nigeria,unknown,,,,,,,,,,,,https://www.jobberman.com/listings/finance-and-accounts-manager-j65gre,2026-08-30T15:49:56+00:00
feafac97c3a0076e,jobberman,manager-fund-analysis-and-reporting-45rw4v,"Manager, Fund Analysis and Reporting",,,,Nigeria,unknown,,,,,,,,,,,,https://www.jobberman.com/listings/manager-fund-analysis-and-reporting-45rw4v,2026-08-30T15:49:56+00:00
0bd961eaf2b126cd,jobberman,finance-manager-gm4dkm,Finance Manager,,,,Nigeria,unknown,,,,,,,,,,,,https://www.jobberman.com/listings/finance-manager-gm4dkm,2026-08-30T15:49:56+00:00
32d03364a2f72b1b,jobberman,executive-assistant-rr646g,Executive Assistant,,,,Nigeria,unknown,,,,,,,,,,,,https://www.jobberman.com/listings/executive-assistant-rr646g,2026-08-30T15:49:56+00:00
a69baf092be8f151,jobberman,hradmin-officer-6qr4v7,HR/Admin Officer,,,,Nigeria,unknown,,,,,,,,,,,,https://www.jobberman.com/listings/hradmin-officer-6qr4v7,2026-08-30T15:49:56+00:00
d63a9c06c5203a8f,jobberman,marketing-intern-wrnjqj,Marketing Intern,,,,Nigeria,unknown,,,,,,,,,,,,https://www.jobberman.com/listings/marketing-intern-wrnjqj,2026-08-30T15:49:56+00:00
29fcf8cc50a16070,jobberman,veterinary-doctor-0k85m8,Veterinary Doctor,,,,Nigeria,unknown,,,,,,,,,,,,https://www.jobberman.com/listings/veterinary-doctor-0k85m8,2026-08-30T15:49:56+00:00
deec02ea1cc7dd69,jobberman,admin-officer-x8wq04,Admin Officer,,,,Nigeria,unknown,,,,,,,,,,,,https://www.jobberman.com/listings/admin-officer-x8wq04,2026-08-30T15:49:56+00:00
9bb4b81700512f9b,jobberman,physics-tutor-0k89zj,Physics Tutor,,,,Nigeria,unknown,,,,,,,,,,,,https://www.jobberman.com/listings/physics-tutor-0k89zj,2026-08-30T15:49:56+00:00
9d5d5cf0314d98a0,jobberman,equipment-maintenance-officer-gm44w2,Equipment & Maintenance Officer,,,,Nigeria,unknown,,,,,,,,,,,,https://www.jobberman.com/listings/equipment-maintenance-officer-gm44w2,2026-08-30T15:49:56+00:00
a42622df97605530,jobberman,equipment-maintenance-officer-m0vvgz,Equipment & Maintenance Officer,,,,Nigeria,unknown,,,,,,,,,,,,https://www.jobberman.com/listings/equipment-maintenance-officer-m0vvgz,2026-08-30T15:49:56+00:00
d09714ad18989829,jobberman,hr-officer-2k88r2,HR Officer,,,,Nigeria,unknown,,,,,,,,,,,,https://www.jobberman.com/listings/hr-officer-2k88r2,2026-08-30T15:49:56+00:00
a544e5710880dafc,jobberman,customer-service-dispute-resolution-manager-5pr9w7,Customer Service & Dispute Resolution Manager,,,,Nigeria,unknown,,,,,,,,,,,,https://www.jobberman.com/listings/customer-service-dispute-resolution-manager-5pr9w7,2026-08-30T15:49:56+00:00
33bc2703a58c1e81,jobberman,business-development-sales-executive-mtn-fibrex-project-rr6rd2,Business Development & Sales Executive,,,,Nigeria,unknown,,,,,,,,,,,,https://www.jobberman.com/listings/business-development-sales-executive-mtn-fibrex-project-rr6rd2,2026-08-30T15:49:56+00:00
f861bc4974f5676f,jobberman,driver-d90dw8,Driver,,,,Nigeria,unknown,,,,,,,,,,,,https://www.jobberman.com/listings/driver-d90dw8,2026-08-30T15:49:56+00:00
f7257d43f924f4c6,jobberman,hr-assistant-k76gd8,HR Assistant,,,,Nigeria,unknown,,,,,,,,,,,,https://www.jobberman.com/listings/hr-assistant-k76gd8,2026-08-30T15:49:56+00:00
d1d8c904a53becb2,jobberman,customer-success-associate-9kr8z6,Customer Success Associate,,,,Nigeria,unknown,,,,,,,,,,,,https://www.jobberman.com/listings/customer-success-associate-9kr8z6,2026-08-30T15:50:00+00:00
9df97af4a76c8c1d,jobberman,area-sales-officer-technical-sales-location-alaba-lagos-state-abuja-kano-kaduna-7jjg4z,Area Sales Officer,,,,Nigeria,unknown,,,,,,,,,,,,https://www.jobberman.com/listings/area-sales-officer-technical-sales-location-alaba-lagos-state-abuja-kano-kaduna-7jjg4z,2026-08-30T15:50:00+00:00
87cc21e3341f9d91,jobberman,social-media-manager-remote-d9dw2w,Social Media Manager,,,,Nigeria,unknown,,,,,,,,,,,,https://www.jobberman.com/listings/social-media-manager-remote-d9dw2w,2026-08-30T15:50:00+00:00
64458ed903dd7353,jobberman,technical-site-architect-qzwq97,Technical Site Architect,,,,Nigeria,unknown,,,,,,,,,,,Other Tech,https://www.jobberman.com/listings/technical-site-architect-qzwq97,2026-08-30T15:50:00+00:00
1c13df9ab11192ef,jobberman,customer-service-representative-wrnme5,Customer Service Representative,,,,Nigeria,unknown,,,,,,,,,,,,https://www.jobberman.com/listings/customer-service-representative-wrnme5,2026-08-30T15:50:00+00:00
be45f6367bc28677,jobberman,executive-director-0k8pgd,Executive Director,,,,Nigeria,unknown,,,,,,,,,,,,https://www.jobberman.com/listings/executive-director-0k8pgd,2026-08-30T15:50:00+00:00
eec8ec3c8231eddc,jobberman,customer-service-officer-qz9pqj,Customer Service Officer,,,,Nigeria,unknown,,,,,,,,,,,,https://www.jobberman.com/listings/customer-service-officer-qz9pqj,2026-08-30T15:50:00+00:00
6c774b59bf742321,jobberman,social-media-business-operations-executive-z8z958,Social Media Assistant,,,,Nigeria,unknown,,,,,,,,,,,,https://www.jobberman.com/listings/social-media-business-operations-executive-z8z958,2026-08-30T15:50:00+00:00
b449aecaaf292573,jobberman,inventory-officer-vdg772,Inventory officer,,,,Nigeria,unknown,,,,,,,,,,,,https://www.jobberman.com/listings/inventory-officer-vdg772,2026-08-30T15:50:00+00:00
0d7b006196c386cf,jobberman,personal-assistant-6qneep,Personal Assistant,,,,Nigeria,unknown,,,,,,,,,,,,https://www.jobberman.com/listings/personal-assistant-6qneep,2026-08-30T15:50:00+00:00
a0fdebcadb0c31ad,jobberman,social-media-manager-m06xe2,Social Media Intern,,,,Nigeria,unknown,,,,,,,,,,,,https://www.jobberman.com/listings/social-media-manager-m06xe2,2026-08-30T15:50:00+00:00
26529ffe4140b182,jobberman,mining-engineer-6qnezj,Mining Engineer,,,,Nigeria,unknown,,,,,,,,,,,Other Tech,https://www.jobberman.com/listings/mining-engineer-6qnezj,2026-08-30T15:50:00+00:00
774f8fc2f88fc952,jobberman,sales-executive-qz90m6,Marketing Executive,,,,Nigeria,unknown,,,,,,,,,,,,https://www.jobberman.com/listings/sales-executive-qz90m6,2026-08-30T15:50:00+00:00
dee2791ee19837b2,jobberman,b2b-payroll-sales-officer-7jprdj,B2B Payroll Sales Officer,,,,Nigeria,unknown,,,,,,,,,,,,https://www.jobberman.com/listings/b2b-payroll-sales-officer-7jprdj,2026-08-30T15:50:00+00:00
9f5bd85b6c833e25,jobberman,deputy-manager-wrg755,Deputy Manager,,,,Nigeria,unknown,,,,,,,,,,,,https://www.jobberman.com/listings/deputy-manager-wrg755,2026-08-30T15:50:00+00:00
d07e1b8d925da5a3,jobberman,junior-site-engineer-7jp2jm,Junior Site Engineer,,,,Nigeria,unknown,,,,,,,,,,,Other Tech,https://www.jobberman.com/listings/junior-site-engineer-7jp2jm,2026-08-30T15:50:00+00:00
a87a61376667cac3,jobberman,senior-special-assistant-er9ejv,Senior Special Assistant,,,,Nigeria,unknown,,,,,,,,,,,,https://www.jobberman.com/listings/senior-special-assistant-er9ejv,2026-08-30T15:50:04+00:00
e8ebcadc7c653ddb,jobberman,senior-project-manager-with-experience-in-agriculturalfood-nutrition-company-m06wpm,Senior Project Manager,,,,Nigeria,unknown,,,,,,,,,,,,https://www.jobberman.com/listings/senior-project-manager-with-experience-in-agriculturalfood-nutrition-company-m06wpm,2026-08-30T15:50:04+00:00
9fcc3c3d59cfb614,jobberman,accountant-x8g7j4,Accountant,,,,Nigeria,unknown,,,,,,,,,,,,https://www.jobberman.com/listings/accountant-x8g7j4,2026-08-30T15:50:04+00:00
290dfe3c0ac22cf4,jobberman,office-assistant-wrgxwz,Office Assistant,,,,Nigeria,unknown,,,,,,,,,,,,https://www.jobberman.com/listings/office-assistant-wrgxwz,2026-08-30T15:50:04+00:00
9c3fc088e751e89d,jobberman,supermarket-admin-officer-6qnw5p,Admin Officer,,,,Nigeria,unknown,,,,,,,,,,,,https://www.jobberman.com/listings/supermarket-admin-officer-6qnw5p,2026-08-30T15:50:04+00:00
d40e040ce6c292c3,jobberman,accountant-gmprd8,Accountant,,,,Nigeria,unknown,,,,,,,,,,,,https://www.jobberman.com/listings/accountant-gmprd8,2026-08-30T15:50:04+00:00
6ef3416dfc66930a,jobberman,account-payable-officer-7jpqpx,Account Payable Officer,,,,Nigeria,unknown,,,,,,,,,,,,https://www.jobberman.com/listings/account-payable-officer-7jpqpx,2026-08-30T15:50:04+00:00
049aa4d3af478019,jobberman,procurement-manager-j6p9vz,Procurement Manager,,,,Nigeria,unknown,,,,,,,,,,,,https://www.jobberman.com/listings/procurement-manager-j6p9vz,2026-08-30T15:50:04+00:00
7839c1d49116e293,jobberman,front-desk-customer-service-officer-qz9xg6,Front Desk Officer,,,,Nigeria,unknown,,,,,,,,,,,,https://www.jobberman.com/listings/front-desk-customer-service-officer-qz9xg6,2026-08-30T15:50:04+00:00
c9a34e2456d5dea8,jobberman,executive-assistant-450wmm,Executive Assistant,,,,Nigeria,unknown,,,,,,,,,,,,https://www.jobberman.com/listings/executive-assistant-450wmm,2026-08-30T15:50:04+00:00
dc50e4129dc05575,jobberman,roll-forming-machine-operators-qz9xv6,Roll Forming Machine Operators,,,,Nigeria,unknown,,,,,,,,,,,,https://www.jobberman.com/listings/roll-forming-machine-operators-qz9xv6,2026-08-30T15:50:04+00:00
9cbb4ddde7d6950f,jobberman,service-manager-female-8mp22p,Service Manager,,,,Nigeria,unknown,,,,,,,,,,,,https://www.jobberman.com/listings/service-manager-female-8mp22p,2026-08-30T15:50:04+00:00
c95df464aa94b952,jobberman,ro-browncon-investment-rrn0q9,Relationship/Business Development Officer,,,,Nigeria,unknown,,,,,,,,,,,,https://www.jobberman.com/listings/ro-browncon-investment-rrn0q9,2026-08-30T15:50:04+00:00
d2241f43a0f15491,jobberman,surveyor-valuer-7jprmj,Surveyor,,,,Nigeria,unknown,,,,,,,,,,,,https://www.jobberman.com/listings/surveyor-valuer-7jprmj,2026-08-30T15:50:04+00:00
44246fa0d0e0be63,jobberman,company-driver-d906v2,Company Driver,,,,Nigeria,unknown,,,,,,,,,,,,https://www.jobberman.com/listings/company-driver-d906v2,2026-08-30T15:50:04+00:00
ab38c613da3297dc,jobberman,distribution-assistant-vdgqjp,Distribution Assistant,,,,Nigeria,unknown,,,,,,,,,,,,https://www.jobberman.com/listings/distribution-assistant-vdgqjp,2026-08-30T15:50:15+00:00
8bd13211b15f2d0b,jobberman,business-development-officer-z8z6kg,Business Development Officer,,,,Nigeria,unknown,,,,,,,,,,,,https://www.jobberman.com/listings/business-development-officer-z8z6kg,2026-08-30T15:50:15+00:00
1880afef36afcd34,jobberman,hr-analyst-2k7drq,HR Analyst,,,,Nigeria,unknown,,,,,,,,,,,,https://www.jobberman.com/listings/hr-analyst-2k7drq,2026-08-30T15:50:15+00:00
1fb3e7b990fb9cb5,jobberman,kitchengrill-assitant-gbagadasurulere-and-akoka-yaba-8mpdv7,Kitchen Assistant,,,,Nigeria,unknown,,,,,,,,,,,,https://www.jobberman.com/listings/kitchengrill-assitant-gbagadasurulere-and-akoka-yaba-8mpdv7,2026-08-30T15:50:15+00:00
69252d8307ed6ad9,jobberman,social-media-manager-nysc-x8gkmw,Social Media Manager (NYSC),,,,Nigeria,unknown,,,,,,,,,,,,https://www.jobberman.com/listings/social-media-manager-nysc-x8gkmw,2026-08-30T15:50:15+00:00
0a672005d4b7852e,jobberman,front-office-intern-6qrg2n,Front Office Intern,,,,Nigeria,unknown,,,,,,,,,,,,https://www.jobberman.com/listings/front-office-intern-6qrg2n,2026-08-30T15:50:15+00:00
eba29be9fdc28f4c,jobberman,hr-financial-officer-qz5qv4,HR & Administration Officer,,,,Nigeria,unknown,,,,,,,,,,,,https://www.jobberman.com/listings/hr-financial-officer-qz5qv4,2026-08-30T15:50:15+00:00
adcfa5f883f29a4b,jobberman,experienced-hotel-porter-d9d5wr,Hotel Porter,,,,Nigeria,unknown,,,,,,,,,,,,https://www.jobberman.com/listings/experienced-hotel-porter-d9d5wr,2026-08-30T15:50:15+00:00
607e93a7fa9c074c,jobberman,hr-business-partner-x8w5k8,HR Business Partner,,,,Nigeria,unknown,,,,,,,,,,,,https://www.jobberman.com/listings/hr-business-partner-x8w5k8,2026-08-30T15:50:15+00:00
e5b8354ead1e6bd1,jobberman,waiters-5prm8x,Waiter,,,,Nigeria,unknown,,,,,,,,,,,,https://www.jobberman.com/listings/waiters-5prm8x,2026-08-30T15:50:15+00:00
e226a129ae6b3b98,jobberman,accounts-and-finance-officer-m0vx9r,Accounts and Finance Officer,,,,Nigeria,unknown,,,,,,,,,,,,https://www.jobberman.com/listings/accounts-and-finance-officer-m0vx9r,2026-08-30T15:50:15+00:00
fab99b61a468745e,jobberman,pre-sale-engineer-9kr7jw,Pre-Sale Engineer,,,,Nigeria,unknown,,,,,,,,,,,Other Tech,https://www.jobberman.com/listings/pre-sale-engineer-9kr7jw,2026-08-30T15:50:15+00:00
f438b0161180a596,jobberman,accountant-x8wrpv,Accountant,,,,Nigeria,unknown,,,,,,,,,,,,https://www.jobberman.com/listings/accountant-x8wrpv,2026-08-30T15:50:15+00:00
0b76eedc5414d78e,jobberman,growth-marketing-associate-qzw07k,Growth & Marketing Associate,,,,Nigeria,unknown,,,,,,,,,,,,https://www.jobberman.com/listings/growth-marketing-associate-qzw07k,2026-08-30T15:50:15+00:00
d5cb9345ad60341c,jobberman,hygiene-officer-gm4ezr,Hygiene Officer,,,,Nigeria,unknown,,,,,,,,,,,,https://www.jobberman.com/listings/hygiene-officer-gm4ezr,2026-08-30T15:50:15+00:00
35d8911167b55ce5,jobberman,executive-assistant-vd96zw,Executive Assistant,,,,Nigeria,unknown,,,,,,,,,,,,https://www.jobberman.com/listings/executive-assistant-vd96zw,2026-08-30T15:50:15+00:00
7e471b56c36eabc6,jobberman,finance-accounts-officer-5prk4n,Finance & Accounts Officer,,,,Nigeria,unknown,,,,,,,,,,,,https://www.jobberman.com/listings/finance-accounts-officer-5prk4n,2026-08-30T15:50:18+00:00
8d0202ef775c924e,jobberman,experienced-hotel-kitchen-assistant-7jx68x,Kitchen Assistant.,,,,Nigeria,unknown,,,,,,,,,,,,https://www.jobberman.com/listings/experienced-hotel-kitchen-assistant-7jx68x,2026-08-30T15:50:18+00:00
bc79bdfc5181563c,jobberman,experienced-hotel-porter-5prk6x,Hotel Porter,,,,Nigeria,unknown,,,,,,,,,,,,https://www.jobberman.com/listings/experienced-hotel-porter-5prk6x,2026-08-30T15:50:18+00:00
3eaea774d074dedf,jobberman,medical-officer-6qrwjj,Medical Officer,,,,Nigeria,unknown,,,,,,,,,,,,https://www.jobberman.com/listings/medical-officer-6qrwjj,2026-08-30T15:50:18+00:00
d7a1ab8230d174be,jobberman,people-culture-business-partner-erp8vd,People & Culture Business Partner,,,,Nigeria,unknown,,,,,,,,,,,,https://www.jobberman.com/listings/people-culture-business-partner-erp8vd,2026-08-30T15:50:18+00:00
8550cbf5c817b8b7,jobberman,business-development-analyst-0k8vng,Business Development Analyst,,,,Nigeria,unknown,,,,,,,,,,,,https://www.jobberman.com/listings/business-development-analyst-0k8vng,2026-08-30T15:50:18+00:00
38918b03658a8770,jobberman,business-support-assistant-6qr2vj,Executive Assistant,,,,Nigeria,unknown,,,,,,,,,,,,https://www.jobberman.com/listings/business-support-assistant-6qr2vj,2026-08-30T15:50:18+00:00
973c97253178fc35,jobberman,medical-officer-7jxrr8,Medical Officer,,,,Nigeria,unknown,,,,,,,,,,,,https://www.jobberman.com/listings/medical-officer-7jxrr8,2026-08-30T15:50:18+00:00
af8f9e1e47e5a06d,jobberman,credit-analyst-d9dnx0,Credit Analyst,,,,Nigeria,unknown,,,,,,,,,,,,https://www.jobberman.com/listings/credit-analyst-d9dnx0,2026-08-30T15:50:18+00:00
02f2abfe44e2d464,jobberman,accountant-d9d6zm,Accountant,,,,Nigeria,unknown,,,,,,,,,,,,https://www.jobberman.com/listings/accountant-d9d6zm,2026-08-30T15:50:18+00:00
3405d55bbcc14215,jobberman,collateral-management-officer-k762jp,Collateral Management Officer,,,,Nigeria,unknown,,,,,,,,,,,,https://www.jobberman.com/listings/collateral-management-officer-k762jp,2026-08-30T15:50:18+00:00
22d1132230b9b172,jobberman,store-keeper-wrnw4p,Store Keeper,,,,Nigeria,unknown,,,,,,,,,,,,https://www.jobberman.com/listings/store-keeper-wrnw4p,2026-08-30T15:50:18+00:00
17a630c11d550421,jobberman,executive-assistant-to-the-managing-director-md-9krg78,Executive Assistant,,,,Nigeria,unknown,,,,,,,,,,,,https://www.jobberman.com/listings/executive-assistant-to-the-managing-director-md-9krg78,2026-08-30T15:50:18+00:00
b7bc77d802f7b49d,jobberman,entertainment-lawyer-vd9kjg,Lawyer,,,,Nigeria,unknown,,,,,,,,,,,,https://www.jobberman.com/listings/entertainment-lawyer-vd9kjg,2026-08-30T15:50:18+00:00
c88685df457f9060,jobberman,healthcare-assistant-rr6jwm,Healthcare Assistant,,,,Nigeria,unknown,,,,,,,,,,,,https://www.jobberman.com/listings/healthcare-assistant-rr6jwm,2026-08-30T15:50:18+00:00
94ecd0f36aae9710,jobberman,hotel-porter-d9dd88,Hotel Porter,,,,Nigeria,unknown,,,,,,,,,,,,https://www.jobberman.com/listings/hotel-porter-d9dd88,2026-08-30T15:50:22+00:00
c578f444d7f1cfdf,jobberman,junior-hse-officer-erppkx,Junior HSE officer,,,,Nigeria,unknown,,,,,,,,,,,,https://www.jobberman.com/listings/junior-hse-officer-erppkx,2026-08-30T15:50:22+00:00
d59f73bcf3847b17,jobberman,finance-accounts-manager-6qrn5d,Finance & Accounts Manager,,,,Nigeria,unknown,,,,,,,,,,,,https://www.jobberman.com/listings/finance-accounts-manager-6qrn5d,2026-08-30T15:50:22+00:00
945123335417d1f9,jobberman,admin-executive-x8wp40,Admin Executive,,,,Nigeria,unknown,,,,,,,,,,,,https://www.jobberman.com/listings/admin-executive-x8wp40,2026-08-30T15:50:22+00:00
7bb76a508953c6d7,jobberman,experienced-hotel-porter-erp5wv,Hotel Porter,,,,Nigeria,unknown,,,,,,,,,,,,https://www.jobberman.com/listings/experienced-hotel-porter-erp5wv,2026-08-30T15:50:22+00:00
a8f96472a71b9fa5,jobberman,field-solar-installationelectrical-installation-technicians-x8w6wv,Electrical Installation Technician,,,,Nigeria,unknown,,,,,,,,,,,,https://www.jobberman.com/listings/field-solar-installationelectrical-installation-technicians-x8w6wv,2026-08-30T15:50:22+00:00
2f23b3542ba94060,jobberman,branding-digital-media-officer-k76m82,Branding & Digital Media Officer,,,,Nigeria,unknown,,,,,,,,,,,,https://www.jobberman.com/listings/branding-digital-media-officer-k76m82,2026-08-30T15:50:22+00:00
42aae108737908dc,jobberman,customer-service-experience-2k8zrj,Customer Service Officer,,,,Nigeria,unknown,,,,,,,,,,,,https://www.jobberman.com/listings/customer-service-experience-2k8zrj,2026-08-30T15:50:22+00:00
3da15c1a5d85a8e9,jobberman,art-director-5prw4x,Art Director,,,,Nigeria,unknown,,,,,,,,,,,,https://www.jobberman.com/listings/art-director-5prw4x,2026-08-30T15:50:22+00:00
e5839a8343c885d2,jobberman,quality-assurance-officer-pg0xpq,Quality Assurance Officer,,,,Nigeria,unknown,,,,,,,,,,,QA & Testing,https://www.jobberman.com/listings/quality-assurance-officer-pg0xpq,2026-08-30T15:50:22+00:00
8aa6370d19364301,jobberman,merchandiser-6qngxp,Merchandiser,,,,Nigeria,unknown,,,,,,,,,,,,https://www.jobberman.com/listings/merchandiser-6qngxp,2026-08-30T15:50:22+00:00
bce881f2f5a26e8c,jobberman,executive-assistant-gmpnxn,Executive Assistant,,,,Nigeria,unknown,,,,,,,,,,,,https://www.jobberman.com/listings/executive-assistant-gmpnxn,2026-08-30T15:50:22+00:00
77692cbaa99d5d62,jobberman,corporate-lawyer-z8zn98,Corporate Lawyer,,,,Nigeria,unknown,,,,,,,,,,,,https://www.jobberman.com/listings/corporate-lawyer-z8zn98,2026-08-30T15:50:22+00:00
59cfad416353bd20,jobberman,human-resource-officer-x8grg4,Human Resource Officer,,,,Nigeria,unknown,,,,,,,,,,,,https://www.jobberman.com/listings/human-resource-officer-x8grg4,2026-08-30T15:50:22+00:00
d8002264b9a9e766,jobberman,experienced-hotel-porter-rrnemn,Porter,,,,Nigeria,unknown,,,,,,,,,,,,https://www.jobberman.com/listings/experienced-hotel-porter-rrnemn,2026-08-30T15:50:22+00:00
2b371657b91c5679,jobberman,payroll-sales-cordinator-d90p4w,Sales Coordinator,,,,Nigeria,unknown,,,,,,,,,,,,https://www.jobberman.com/listings/payroll-sales-cordinator-d90p4w,2026-08-30T15:50:22+00:00
936c67e0deb49898,jobberman,admin-manager-m06wqq,Admin Manager,,,,Nigeria,unknown,,,,,,,,,,,,https://www.jobberman.com/listings/admin-manager-m06wqq,2026-08-30T15:50:24+00:00
1b1a7d98ae8a667d,jobberman,junior-brand-manager-m06wkq,Junior Brand Manager,,,,Nigeria,unknown,,,,,,,,,,,,https://www.jobberman.com/listings/junior-brand-manager-m06wkq,2026-08-30T15:50:24+00:00
15f630d678f8a9f9,jobberman,human-resources-officer-z8zkx9,Human Resources Officer,,,,Nigeria,unknown,,,,,,,,,,,,https://www.jobberman.com/listings/human-resources-officer-z8zkx9,2026-08-30T15:50:24+00:00
3ac068a0c6c3543f,jobberman,secretary-8mp894,Secretary,,,,Nigeria,unknown,,,,,,,,,,,,https://www.jobberman.com/listings/secretary-8mp894,2026-08-30T15:50:24+00:00
aab871fcdaeee090,jobberman,technical-assistant-j6pgqv,Technical Assistant,,,,Nigeria,unknown,,,,,,,,,,,Other Tech,https://www.jobberman.com/listings/technical-assistant-j6pgqv,2026-08-30T15:50:24+00:00
b074e62ec227a78b,jobberman,nutritionist-7jpqjx,Nutritionist,,,,Nigeria,unknown,,,,,,,,,,,,https://www.jobberman.com/listings/nutritionist-7jpqjx,2026-08-30T15:50:24+00:00
cd8c9ffe85e6a8b4,jobberman,marketting-manager-n97kqv,Marketting Manager,,,,Nigeria,unknown,,,,,,,,,,,,https://www.jobberman.com/listings/marketting-manager-n97kqv,2026-08-30T15:50:24+00:00
b81521662f6143bf,jobberman,hotel-porter-5p9220,Hotel Porter,,,,Nigeria,unknown,,,,,,,,,,,,https://www.jobberman.com/listings/hotel-porter-5p9220,2026-08-30T15:50:24+00:00
84fa70b67cac39ac,jobberman,legal-officer-0knxwm,Legal officer,,,,Nigeria,unknown,,,,,,,,,,,,https://www.jobberman.com/listings/legal-officer-0knxwm,2026-08-30T15:50:24+00:00
c1ebb7c9885bae32,jobberman,sales-and-marketing-assistant-pg0q2x,Sales and Marketing Assistant,,,,Nigeria,unknown,,,,,,,,,,,,https://www.jobberman.com/listings/sales-and-marketing-assistant-pg0q2x,2026-08-30T15:50:24+00:00
072da60f79a85c27,jobberman,office-admin-rrn47q,Admin & Compliance Coordinator,,,,Nigeria,unknown,,,,,,,,,,,,https://www.jobberman.com/listings/office-admin-rrn47q,2026-08-30T15:50:24+00:00
a6c66961d367a3ed,jobberman,recruitment-associate-x8gz5j,Recruitment Associate,,,,Nigeria,unknown,,,,,,,,,,,,https://www.jobberman.com/listings/recruitment-associate-x8gz5j,2026-08-30T15:50:24+00:00
a8f02884892dc041,jobberman,maintenance-officerhand-man-n972vz,Maintenance Officer,,,,Nigeria,unknown,,,,,,,,,,,,https://www.jobberman.com/listings/maintenance-officerhand-man-n972vz,2026-08-30T15:50:24+00:00
1902cf205ca63b2e,jobberman,facilities-officer-450mjv,Facilities Officer,,,,Nigeria,unknown,,,,,,,,,,,,https://www.jobberman.com/listings/facilities-officer-450mjv,2026-08-30T15:50:24+00:00
9e44129e812b8012,jobberman,experienced-hotel-porter-d90nv5,Hotel Porter,,,,Nigeria,unknown,,,,,,,,,,,,https://www.jobberman.com/listings/experienced-hotel-porter-d90nv5,2026-08-30T15:50:24+00:00
e79643fb138120fe,jobberman,site-supervisor-gmp8mq,SIte Supervisor,,,,Nigeria,unknown,,,,,,,,,,,,https://www.jobberman.com/listings/site-supervisor-gmp8mq,2026-08-30T15:50:28+00:00
40e67a76e8ad9a51,jobberman,senior-taxaccounting-consultant-6qq8kd,Account Consultant,,,,Nigeria,unknown,,,,,,,,,,,,https://www.jobberman.com/listings/senior-taxaccounting-consultant-6qq8kd,2026-08-30T15:50:28+00:00
883d0f7639e67490,jobberman,care-giverhealth-worker-wrkeez,Care giver/Health worker,,,,Nigeria,unknown,,,,,,,,,,,,https://www.jobberman.com/listings/care-giverhealth-worker-wrkeez,2026-08-30T15:50:28+00:00
d663b7bdbfb4b50c,jobberman,volunteer-marketer-5pr7m7,Marketer,,,,Nigeria,unknown,,,,,,,,,,,,https://www.jobberman.com/listings/volunteer-marketer-5pr7m7,2026-08-30T15:50:28+00:00
126690f734499cf1,jobberman,sales-representative-success-partner-k769wz,Success Partner,,,,Nigeria,unknown,,,,,,,,,,,,https://www.jobberman.com/listings/sales-representative-success-partner-k769wz,2026-08-30T15:50:28+00:00
d8f907e790cdec13,jobberman,civil-structural-engineering-graduate-intern-7jxnk5,Civil/ Structural Engineering Graduate Intern,,,,Nigeria,unknown,,,,,,,,,,,Other Tech,https://www.jobberman.com/listings/civil-structural-engineering-graduate-intern-7jxnk5,2026-08-30T15:50:28+00:00
3a61be7c6f41d2db,jobberman,affiliate-marketers-x8w40n,Affiliate Marketing Specialist,,,,Nigeria,unknown,,,,,,,,,,,,https://www.jobberman.com/listings/affiliate-marketers-x8w40n,2026-08-30T15:50:28+00:00
56322edc2bf54c78,jobberman,heavy-duty-electrical-field-technician-5pr70g,Heavy-Duty Electrical Field Technician,,,,Nigeria,unknown,,,,,,,,,,,,https://www.jobberman.com/listings/heavy-duty-electrical-field-technician-5pr70g,2026-08-30T15:50:28+00:00
cd6dba990d674867,jobberman,front-desk-officer-7jxnpm,Front Desk Officer,,,,Nigeria,unknown,,,,,,,,,,,,https://www.jobberman.com/listings/front-desk-officer-7jxnpm,2026-08-30T15:50:28+00:00
b26773516e0d15fe,jobberman,quantity-surveyor-8mkqmp,Quantity Surveyor,,,,Nigeria,unknown,,,,,,,,,,,,https://www.jobberman.com/listings/quantity-surveyor-8mkqmp,2026-08-30T15:50:28+00:00
af2977bc8772a195,jobberman,business-development-officer-j65n0w,Business Development Officer,,,,Nigeria,unknown,,,,,,,,,,,,https://www.jobberman.com/listings/business-development-officer-j65n0w,2026-08-30T15:50:28+00:00
1c07024a03f91a88,jobberman,experienced-hotel-kitchen-assistant-6qrg6d,Kitchen Assistant,,,,Nigeria,unknown,,,,,,,,,,,,https://www.jobberman.com/listings/experienced-hotel-kitchen-assistant-6qrg6d,2026-08-30T15:50:28+00:00
e6df5febfb2e7e06,jobberman,chinese-translator-6qrpeg,Chinese Translator,,,,Nigeria,unknown,,,,,,,,,,,,https://www.jobberman.com/listings/chinese-translator-6qrpeg,2026-08-30T15:50:28+00:00
84afbb3204296c26,jobberman,sales-execuitve-0k8r8d,Sales Marketing Executive,,,,Nigeria,unknown,,,,,,,,,,,,https://www.jobberman.com/listings/sales-execuitve-0k8r8d,2026-08-30T15:50:28+00:00
3cd6200b97a02121,jobberman,marketing-officer-0k8j0j,Marketing Officer,,,,Nigeria,unknown,,,,,,,,,,,,https://www.jobberman.com/listings/marketing-officer-0k8j0j,2026-08-30T15:50:28+00:00
6a3a23a0d3bed32b,jobberman,administrative-officer-45rvq4,Administrative Officer,,,,Nigeria,unknown,,,,,,,,,,,,https://www.jobberman.com/listings/administrative-officer-45rvq4,2026-08-30T15:50:28+00:00
349bc6184b153851,jobberman,front-desk-officer-wrn6v6,Front Desk Officer,,,,Nigeria,unknown,,,,,,,,,,,,https://www.jobberman.com/listings/front-desk-officer-wrn6v6,2026-08-30T15:50:31+00:00
8bc3f5ba1e84639d,jobberman,employee-shared-service-manager-x8w79q,Employee Shared Service Manager,,,,Nigeria,unknown,,,,,,,,,,,,https://www.jobberman.com/listings/employee-shared-service-manager-x8w79q,2026-08-30T15:50:31+00:00
1740d57dfc3d48b7,jobberman,operations-specialist-9kr6m8,Operations Specialist,,,,Nigeria,unknown,,,,,,,,,,,,https://www.jobberman.com/listings/operations-specialist-9kr6m8,2026-08-30T15:50:31+00:00
bdbb1e288feb0146,jobberman,junior-accountant-n90vqr,Junior Accountant,,,,Nigeria,unknown,,,,,,,,,,,,https://www.jobberman.com/listings/junior-accountant-n90vqr,2026-08-30T15:50:31+00:00
05638499d6fefb92,jobberman,academic-production-educational-services-officer-0k8v8g,Academic Production and Educational Services Officer,,,,Nigeria,unknown,,,,,,,,,,,,https://www.jobberman.com/listings/academic-production-educational-services-officer-0k8v8g,2026-08-30T15:50:31+00:00
2897aa73e529e407,jobberman,customer-service-representative-9kr2rn,Customer Service Representative,,,,Nigeria,unknown,,,,,,,,,,,,https://www.jobberman.com/listings/customer-service-representative-9kr2rn,2026-08-30T15:50:31+00:00
954793f2002e67ef,jobberman,executive-assistant-gm47m0,Executive Assistant,,,,Nigeria,unknown,,,,,,,,,,,,https://www.jobberman.com/listings/executive-assistant-gm47m0,2026-08-30T15:50:31+00:00
c0650b116f6ec709,jobberman,manager-legal-compliance-n908gk,"Manager, Legal & Compliance",,,,Nigeria,unknown,,,,,,,,,,,,https://www.jobberman.com/listings/manager-legal-compliance-n908gk,2026-08-30T15:50:31+00:00
0cc5b30dfbbbc429,jobberman,financeaccountant-6qr8xv,Finance/Accountant Manager,,,,Nigeria,unknown,,,,,,,,,,,,https://www.jobberman.com/listings/financeaccountant-6qr8xv,2026-08-30T15:50:31+00:00
a851da91394817c1,jobberman,creative-virtual-assistant-6qr2nd,Creative Virtual Assistant,,,,Nigeria,unknown,,,,,,,,,,,,https://www.jobberman.com/listings/creative-virtual-assistant-6qr2nd,2026-08-30T15:50:31+00:00
f8372e647e4d49a3,jobberman,operations-officer-m0vd2g,Operations Officer,,,,Nigeria,unknown,,,,,,,,,,,,https://www.jobberman.com/listings/operations-officer-m0vd2g,2026-08-30T15:50:31+00:00
ccdb00702e146d44,jobberman,library-information-science-specialist-graduate-intern-5prg7r,Library & Information Science Specialist,,,,Nigeria,unknown,,,,,,,,,,,,https://www.jobberman.com/listings/library-information-science-specialist-graduate-intern-5prg7r,2026-08-30T15:50:31+00:00
89b9e388427e16a7,jobberman,driver-qzw6me,Driver,,,,Nigeria,unknown,,,,,,,,,,,,https://www.jobberman.com/listings/driver-qzw6me,2026-08-30T15:50:31+00:00
2d5c4f07f8eee291,jobberman,project-officer-0k88qw,Project Officer,,,,Nigeria,unknown,,,,,,,,,,,,https://www.jobberman.com/listings/project-officer-0k88qw,2026-08-30T15:50:31+00:00
3284e522718d1bfd,jobberman,hotel-kitchen-assistant-45rrvz,Kitchen Assistant,,,,Nigeria,unknown,,,,,,,,,,,,https://www.jobberman.com/listings/hotel-kitchen-assistant-45rrvz,2026-08-30T15:50:31+00:00
39249830e23c89ee,jobberman,quality-control-laboratory-qc-rr6689,Quality Control & Laboratory (QC),,,,Nigeria,unknown,,,,,,,,,,,,https://www.jobberman.com/listings/quality-control-laboratory-qc-rr6689,2026-08-30T15:50:35+00:00
801765b338423d4b,jobberman,quality-control-laboratory-qc-45rrnv,Quality Control & Laboratory Officer,,,,Nigeria,unknown,,,,,,,,,,,,https://www.jobberman.com/listings/quality-control-laboratory-qc-45rrnv,2026-08-30T15:50:35+00:00
3ca8f024caa94885,jobberman,senior-accounts-manager-k7667m,Senior Accounts Manager,,,,Nigeria,unknown,,,,,,,,,,,,https://www.jobberman.com/listings/senior-accounts-manager-k7667m,2026-08-30T15:50:35+00:00
182cd8f8b4184d45,jobberman,sales-telemarketing-and-client-success-officer-vd9w2x,"Sales, Telemarketing and Client Success Officer",,,,Nigeria,unknown,,,,,,,,,,,,https://www.jobberman.com/listings/sales-telemarketing-and-client-success-officer-vd9w2x,2026-08-30T15:50:35+00:00
511b3146df49f8bd,jobberman,administrative-fleet-officer-5prrwn,Administrative & Fleet Officer,,,,Nigeria,unknown,,,,,,,,,,,,https://www.jobberman.com/listings/administrative-fleet-officer-5prrwn,2026-08-30T15:50:35+00:00
4aaf6d28ed836040,jobberman,executive-assistant-to-the-ceo-n90pnz,Executive Assistant,,,,Nigeria,unknown,,,,,,,,,,,,https://www.jobberman.com/listings/executive-assistant-to-the-ceo-n90pnz,2026-08-30T15:50:35+00:00
f69de9bf47a9c1d3,jobberman,administrative-officer-2k80nj,Administrative Officer,,,,Nigeria,unknown,,,,,,,,,,,,https://www.jobberman.com/listings/administrative-officer-2k80nj,2026-08-30T15:50:35+00:00
e982550eccab7bda,jobberman,sales-admin-vd9wx8,Sales Admin,,,,Nigeria,unknown,,,,,,,,,,,,https://www.jobberman.com/listings/sales-admin-vd9wx8,2026-08-30T15:50:35+00:00
54f87d6c5c5d632d,jobberman,contentdigital-media-executive-2k8qn8,Digital/Social Media Executive,,,,Nigeria,unknown,,,,,,,,,,,,https://www.jobberman.com/listings/contentdigital-media-executive-2k8qn8,2026-08-30T15:50:35+00:00
a8fd898076d84916,jobberman,hotel-kitchen-assistant-45rdp9,Kitchen Assistant,,,,Nigeria,unknown,,,,,,,,,,,,https://www.jobberman.com/listings/hotel-kitchen-assistant-45rdp9,2026-08-30T15:50:35+00:00
9b52de973eaced62,jobberman,health-care-assistant-6qn0x4,Health Care Assistant,,,,Nigeria,unknown,,,,,,,,,,,,https://www.jobberman.com/listings/health-care-assistant-6qn0x4,2026-08-30T15:50:35+00:00
35b9ea8f02fb0426,jobberman,hmo-officer-2k7466,HMO Officer,,,,Nigeria,unknown,,,,,,,,,,,,https://www.jobberman.com/listings/hmo-officer-2k7466,2026-08-30T15:50:35+00:00
80198f4e9d8f2caa,jobberman,medical-sales-representative-field-intern-abuja-0knqvx,Medical Sales Representative Intern,,,,Nigeria,unknown,,,,,,,,,,,,https://www.jobberman.com/listings/medical-sales-representative-field-intern-abuja-0knqvx,2026-08-30T15:50:35+00:00
9c1815cc3cda1ca5,jobberman,business-development-manager-qz9jgv,Assistant Property Manager,,,,Nigeria,unknown,,,,,,,,,,,,https://www.jobberman.com/listings/business-development-manager-qz9jgv,2026-08-30T15:50:35+00:00
0613ec4482899232,jobberman,hotel-kitchen-assistant-qz9ex7,Kitchen Assistant,,,,Nigeria,unknown,,,,,,,,,,,,https://www.jobberman.com/listings/hotel-kitchen-assistant-qz9ex7,2026-08-30T15:50:35+00:00
2eeef0d3b4126b9a,jobberman,kitchen-assistant-qz9e8k,Professional chef,,,,Nigeria,unknown,,,,,,,,,,,,https://www.jobberman.com/listings/kitchen-assistant-qz9e8k,2026-08-30T15:50:35+00:00
c35cd6258a6d20d5,jobberman,account-assistant-450gwm,Account Assistant,,,,Nigeria,unknown,,,,,,,,,,,,https://www.jobberman.com/listings/account-assistant-450gwm,2026-08-30T15:50:38+00:00
b4b5aa1fe3d64774,jobberman,accountant-d90gz5,Accountant,,,,Nigeria,unknown,,,,,,,,,,,,https://www.jobberman.com/listings/accountant-d90gz5,2026-08-30T15:50:38+00:00
32daba77ef79bdd8,jobberman,bread-baking-assistant-n978zm,Baking Assistant,,,,Nigeria,unknown,,,,,,,,,,,,https://www.jobberman.com/listings/bread-baking-assistant-n978zm,2026-08-30T15:50:38+00:00
093712d344fe2fcb,jobberman,accountant-er9mqk,Accountant,,,,Nigeria,unknown,,,,,,,,,,,,https://www.jobberman.com/listings/accountant-er9mqk,2026-08-30T15:50:38+00:00
23ef3741564720a6,jobberman,legal-and-admin-executive-0knxgm,Legal Executive,,,,Nigeria,unknown,,,,,,,,,,,,https://www.jobberman.com/listings/legal-and-admin-executive-0knxgm,2026-08-30T15:50:38+00:00
dde3fd7d5e7a4d15,jobberman,tech-sales-executive-6qn42d,Tech Sales Executive,,,,Nigeria,unknown,,,,,,,,,,,,https://www.jobberman.com/listings/tech-sales-executive-6qn42d,2026-08-30T15:50:38+00:00
7dcd8ffbcd4e2b79,jobberman,customer-service-representative-k7pqen,Customer Service Representative,,,,Nigeria,unknown,,,,,,,,,,,,https://www.jobberman.com/listings/customer-service-representative-k7pqen,2026-08-30T15:50:38+00:00
9a427d63a453e0ef,jobberman,front-desk-officer-2k7dqq,Front Desk Officer,,,,Nigeria,unknown,,,,,,,,,,,,https://www.jobberman.com/listings/front-desk-officer-2k7dqq,2026-08-30T15:50:38+00:00
1eef36680800f5d9,jobberman,experienced-driver-pg08xv,Experienced Driver,,,,Nigeria,unknown,,,,,,,,,,,,https://www.jobberman.com/listings/experienced-driver-pg08xv,2026-08-30T15:50:38+00:00
e62b333b0fd2053b,jobberman,public-health-assistant-0kndrk,Public Health Assistant,,,,Nigeria,unknown,,,,,,,,,,,,https://www.jobberman.com/listings/public-health-assistant-0kndrk,2026-08-30T15:50:38+00:00
f54e344de81cd85f,jobberman,operations-executive-rrj26m,Operation Executive,,,,Nigeria,unknown,,,,,,,,,,,,https://www.jobberman.com/listings/operations-executive-rrj26m,2026-08-30T15:50:38+00:00
f152b57f90bf10ec,jobberman,registred-nurse-vd9n2w,Nurse,,,,Nigeria,unknown,,,,,,,,,,,,https://www.jobberman.com/listings/registred-nurse-vd9n2w,2026-08-30T15:50:38+00:00
72dbd2518dcbe55e,jobberman,business-development-officer-45rz7e,Business Development Officer,,,,Nigeria,unknown,,,,,,,,,,,,https://www.jobberman.com/listings/business-development-officer-45rz7e,2026-08-30T15:50:38+00:00
b797e4e646456329,jobberman,operations-officer-z8r96v,Operations Officer,,,,Nigeria,unknown,,,,,,,,,,,,https://www.jobberman.com/listings/operations-officer-z8r96v,2026-08-30T15:50:38+00:00
4006f8073df6d937,jobberman,social-media-mnager-vd9j85,Social Media Mnager,,,,Nigeria,unknown,,,,,,,,,,,,https://www.jobberman.com/listings/social-media-mnager-vd9j85,2026-08-30T15:50:38+00:00
01a2f2f0db567ffe,jobberman,accountant-0k864e,Accountant,,,,Nigeria,unknown,,,,,,,,,,,,https://www.jobberman.com/listings/accountant-0k864e,2026-08-30T15:50:38+00:00
bed68f437711fc56,jobberman,business-development-officer-7jxrm8,Business Development Officer,,,,Nigeria,unknown,,,,,,,,,,,,https://www.jobberman.com/listings/business-development-officer-7jxrm8,2026-08-30T15:50:40+00:00
35524fdd6ef6e8f8,jobberman,business-development-officer-7jxx7e,Business Development Officer,,,,Nigeria,unknown,,,,,,,,,,,,https://www.jobberman.com/listings/business-development-officer-7jxx7e,2026-08-30T15:50:40+00:00
a50547ea971a08f0,jobberman,finance-manager-asset-management-company-7jxp85,Finance Manager,,,,Nigeria,unknown,,,,,,,,,,,,https://www.jobberman.com/listings/finance-manager-asset-management-company-7jxp85,2026-08-30T15:50:40+00:00
a66cd85ab10ee4da,jobberman,key-stage-1-key-stage-2-teachers-x8wgqm,Key Stage 1 & Key Stage 2 Teacher,,,,Nigeria,unknown,,,,,,,,,,,,https://www.jobberman.com/listings/key-stage-1-key-stage-2-teachers-x8wgqm,2026-08-30T15:50:40+00:00
255bc1fce27d26f5,jobberman,registered-nurse-erp57k,Registered Nurse,,,,Nigeria,unknown,,,,,,,,,,,,https://www.jobberman.com/listings/registered-nurse-erp57k,2026-08-30T15:50:40+00:00
4f52eab5aafde818,jobberman,marketing-partnership-executive-pgnwjp,"Partnership, Marketing Executive",,,,Nigeria,unknown,,,,,,,,,,,,https://www.jobberman.com/listings/marketing-partnership-executive-pgnwjp,2026-08-30T15:50:40+00:00
dde239da888c834d,jobberman,clinical-specialist-training-education-coordinator-2k8j6g,Clinical Specialist,,,,Nigeria,unknown,,,,,,,,,,,,https://www.jobberman.com/listings/clinical-specialist-training-education-coordinator-2k8j6g,2026-08-30T15:50:40+00:00
ab0772113a816954,jobberman,school-finance-manager-abuja-wrne6d,Finance Manager,,,,Nigeria,unknown,,,,,,,,,,,,https://www.jobberman.com/listings/school-finance-manager-abuja-wrne6d,2026-08-30T15:50:40+00:00
f59df68dfc21d8eb,jobberman,senior-accountant-ogun-state-x8wjm2,Senior Accountant,,,,Nigeria,unknown,,,,,,,,,,,,https://www.jobberman.com/listings/senior-accountant-ogun-state-x8wjm2,2026-08-30T15:50:40+00:00
f17fafcd947a7532,jobberman,senior-accountant-ibadan-rr6zwq,Senior Accountant,,,,Nigeria,unknown,,,,,,,,,,,,https://www.jobberman.com/listings/senior-accountant-ibadan-rr6zwq,2026-08-30T15:50:40+00:00
788dc6b2449ee6e4,jobberman,deposit-mobilizer-0k8p2d,Deposit Mobilizer,,,,Nigeria,unknown,,,,,,,,,,,,https://www.jobberman.com/listings/deposit-mobilizer-0k8p2d,2026-08-30T15:50:40+00:00
31a7dcd1d6e46f97,jobberman,executive-assistant-to-the-md-egbeda-n97r5e,Personal Assistant,,,,Nigeria,unknown,,,,,,,,,,,,https://www.jobberman.com/listings/executive-assistant-to-the-md-egbeda-n97r5e,2026-08-30T15:50:40+00:00
5eb89628b7f32b97,jobberman,adminsales-officer-rrng95,Admin and Sales Officer,,,,Nigeria,unknown,,,,,,,,,,,,https://www.jobberman.com/listings/adminsales-officer-rrng95,2026-08-30T15:50:40+00:00
035c5ed14693065a,jobberman,plantprocess-operator-ii-6qne0p,Plant/Process Operator,,,,Nigeria,unknown,,,,,,,,,,,,https://www.jobberman.com/listings/plantprocess-operator-ii-6qne0p,2026-08-30T15:50:40+00:00
fd8080361f8c3c7c,jobberman,customer-service-representative-z8zn79,Customer Service Representative,,,,Nigeria,unknown,,,,,,,,,,,,https://www.jobberman.com/listings/customer-service-representative-z8zn79,2026-08-30T15:50:40+00:00
018c5490d717cf77,jobberman,merchandiser-z8znn8,Merchandiser,,,,Nigeria,unknown,,,,,,,,,,,,https://www.jobberman.com/listings/merchandiser-z8znn8,2026-08-30T15:50:40+00:00
2293d335996bab55,jobberman,inventory-officer-wrg70z,Inventory Officer,,,,Nigeria,unknown,,,,,,,,,,,,https://www.jobberman.com/listings/inventory-officer-wrg70z,2026-08-30T15:50:45+00:00
7a7d3ca3af82d2be,jobberman,executive-assistant-7jp6eq,Executive Assistant,,,,Nigeria,unknown,,,,,,,,,,,,https://www.jobberman.com/listings/executive-assistant-7jp6eq,2026-08-30T15:50:45+00:00
1cdbeba303d6e342,jobberman,business-development-rep-6qn9mn,Business Development Representative,,,,Nigeria,unknown,,,,,,,,,,,,https://www.jobberman.com/listings/business-development-rep-6qn9mn,2026-08-30T15:50:45+00:00
cc3a01bfa38616a2,jobberman,junior-technology-project-supervisor-rrnw5n,Technology Project Supervisor,,,,Nigeria,unknown,,,,,,,,,,,,https://www.jobberman.com/listings/junior-technology-project-supervisor-rrnw5n,2026-08-30T15:50:45+00:00
29c4e93ec1a29efe,jobberman,community-sales-executive-real-estate-z8zk88,Community Sales Assistant,,,,Nigeria,unknown,,,,,,,,,,,,https://www.jobberman.com/listings/community-sales-executive-real-estate-z8zk88,2026-08-30T15:50:45+00:00
953788447fa808af,jobberman,hotel-kitchen-assistant-7jpddn,Kitchen Assistant,,,,Nigeria,unknown,,,,,,,,,,,,https://www.jobberman.com/listings/hotel-kitchen-assistant-7jpddn,2026-08-30T15:50:45+00:00
df4dd8ccd1a07b38,jobberman,creative-officer-7jpm68,Content Creator,,,,Nigeria,unknown,,,,,,,,,,,,https://www.jobberman.com/listings/creative-officer-7jpm68,2026-08-30T15:50:45+00:00
c2ef04e7b7313c4c,jobberman,educational-consultant-j6pz5r,Educational Consultant,,,,Nigeria,unknown,,,,,,,,,,,,https://www.jobberman.com/listings/educational-consultant-j6pz5r,2026-08-30T15:50:45+00:00
bedf84f781d93547,jobberman,civil-projects-assistant-n9720w,Virtual Projects Assistant,,,,Nigeria,unknown,,,,,,,,,,,,https://www.jobberman.com/listings/civil-projects-assistant-n9720w,2026-08-30T15:50:45+00:00
16d9eed4e96d5619,jobberman,hotel-kitchen-assistant-9k5gp5,Kitchen Assistant,,,,Nigeria,unknown,,,,,,,,,,,,https://www.jobberman.com/listings/hotel-kitchen-assistant-9k5gp5,2026-08-30T15:50:45+00:00
8c2ae94ae211923c,jobberman,accounting-tax-personal-assistant-5ppe4x,Tax Analyst,,,,Nigeria,unknown,,,,,,,,,,,,https://www.jobberman.com/listings/accounting-tax-personal-assistant-5ppe4x,2026-08-30T15:50:45+00:00
0cd381e3394e5a1b,jobberman,junior-accountant-k7p0p5,Junior Accountant,,,,Nigeria,unknown,,,,,,,,,,,,https://www.jobberman.com/listings/junior-accountant-k7p0p5,2026-08-30T15:50:45+00:00
fff9543c1b53d2a4,jobberman,a-professional-driver-j6pz6r,Driver,,,,Nigeria,unknown,,,,,,,,,,,,https://www.jobberman.com/listings/a-professional-driver-j6pz6r,2026-08-30T15:50:45+00:00
0dff30cf8e0bf99c,jobberman,plc-scada-teacher-tutor-hiring-urgent-z8r799,PLC Programming and Industrial Automation Tutor,,,,Nigeria,unknown,,,,,,,,,,,Other Tech,https://www.jobberman.com/listings/plc-scada-teacher-tutor-hiring-urgent-z8r799,2026-08-30T15:50:45+00:00
ee5f35733103d602,jobberman,hse-officer-gmd58e,HSE Officer,,,,Nigeria,unknown,,,,,,,,,,,,https://www.jobberman.com/listings/hse-officer-gmd58e,2026-08-30T15:50:45+00:00
9a90a0ebf1666748,jobberman,adminhr-x8w4g4,Admin/HR,,,,Nigeria,unknown,,,,,,,,,,,,https://www.jobberman.com/listings/adminhr-x8w4g4,2026-08-30T15:50:48+00:00
4441d1f08e7597b9,jobberman,executive-assistant-to-the-ceo-z8r7dd,Executive Assistant,,,,Nigeria,unknown,,,,,,,,,,,,https://www.jobberman.com/listings/executive-assistant-to-the-ceo-z8r7dd,2026-08-30T15:50:48+00:00
998e0220df91c4e7,jobberman,digital-marketing-executive-8mkw80,Digital Marketing Executive,,,,Nigeria,unknown,,,,,,,,,,,,https://www.jobberman.com/listings/digital-marketing-executive-8mkw80,2026-08-30T15:50:48+00:00
ce95f8f0e0ac2be5,jobberman,executive-assistant-at-alabamart-remote-role-z8rk9k,Executive Assistant,,,,Nigeria,unknown,,,,,,,,,,,,https://www.jobberman.com/listings/executive-assistant-at-alabamart-remote-role-z8rk9k,2026-08-30T15:50:48+00:00
593aa391ecbca8ed,jobberman,sales-manager-x8wm08,Sales Manager,,,,Nigeria,unknown,,,,,,,,,,,,https://www.jobberman.com/listings/sales-manager-x8wm08,2026-08-30T15:50:48+00:00
f110bcd0345dc1a1,jobberman,expeditororder-packer-pgnr0r,Expeditor,,,,Nigeria,unknown,,,,,,,,,,,,https://www.jobberman.com/listings/expeditororder-packer-pgnr0r,2026-08-30T15:50:48+00:00
7bd9f5442db7d5c6,jobberman,ssales-asistant-walk-in-store-n9089x,Sales Assistant,,,,Nigeria,unknown,,,,,,,,,,,,https://www.jobberman.com/listings/ssales-asistant-walk-in-store-n9089x,2026-08-30T15:50:48+00:00
1c8bc3e42dd6838c,jobberman,brand-and-marketing-officer-vd9x8j,Brand and Marketing Officer,,,,Nigeria,unknown,,,,,,,,,,,,https://www.jobberman.com/listings/brand-and-marketing-officer-vd9x8j,2026-08-30T15:50:48+00:00
1993f84254e71e2e,jobberman,guidance-counsellor-teens-9krgq8,Guidance & Counsellor,,,,Nigeria,unknown,,,,,,,,,,,,https://www.jobberman.com/listings/guidance-counsellor-teens-9krgq8,2026-08-30T15:50:48+00:00
faed48dc6c0eee83,jobberman,child-caregiver-at-brickhouse-montessori-creche-9krgv8,Child Caregiver,,,,Nigeria,unknown,,,,,,,,,,,,https://www.jobberman.com/listings/child-caregiver-at-brickhouse-montessori-creche-9krgv8,2026-08-30T15:50:48+00:00
e75954ede2230d32,jobberman,creche-teacher-at-brickhouse-montessori-creche-centre-n90wqx,Creche Teacher,,,,Nigeria,unknown,,,,,,,,,,,,https://www.jobberman.com/listings/creche-teacher-at-brickhouse-montessori-creche-centre-n90wqx,2026-08-30T15:50:48+00:00
95d2f32842100240,jobberman,driver-z8rrd9,Driver,,,,Nigeria,unknown,,,,,,,,,,,,https://www.jobberman.com/listings/driver-z8rrd9,2026-08-30T15:50:48+00:00
388891153fe62476,jobberman,financial-controller-qzww47,Financial Controller,,,,Nigeria,unknown,,,,,,,,,,,,https://www.jobberman.com/listings/financial-controller-qzww47,2026-08-30T15:50:48+00:00
8fcf5a362e9359db,jobberman,van-sales-driver-5pr9v6,Van Sales Driver,,,,Nigeria,unknown,,,,,,,,,,,,https://www.jobberman.com/listings/van-sales-driver-5pr9v6,2026-08-30T15:50:48+00:00
3b500636a62f74de,jobberman,marketer-5pr4vn,Marketer,,,,Nigeria,unknown,,,,,,,,,,,,https://www.jobberman.com/listings/marketer-5pr4vn,2026-08-30T15:50:48+00:00
2577d8303071cb4f,jobberman,graduate-intern-0kneem,Graduate Intern,,,,Nigeria,unknown,,,,,,,,,,,,https://www.jobberman.com/listings/graduate-intern-0kneem,2026-08-30T15:50:48+00:00
2009275cae4d1e73,jobberman,female-fashion-production-wrg4n6,Fashion Production Officer,,,,Nigeria,unknown,,,,,,,,,,,,https://www.jobberman.com/listings/female-fashion-production-wrg4n6,2026-08-30T15:50:51+00:00
67087ddeb29161d4,jobberman,projectresearch-associateswith-experience-in-agriculturalfood-nutrition-company-0kn4rj,Project/Research Associate,,,,Nigeria,unknown,,,,,,,,,,,,https://www.jobberman.com/listings/projectresearch-associateswith-experience-in-agriculturalfood-nutrition-company-0kn4rj,2026-08-30T15:50:51+00:00
4950285a02c17352,jobberman,nutritionist-j6pwr4,Nutritionist,,,,Nigeria,unknown,,,,,,,,,,,,https://www.jobberman.com/listings/nutritionist-j6pwr4,2026-08-30T15:50:51+00:00
cd074538a6cd5aaa,jobberman,sales-representative-k7p0jz,Sales Representative,,,,Nigeria,unknown,,,,,,,,,,,,https://www.jobberman.com/listings/sales-representative-k7p0jz,2026-08-30T15:50:51+00:00
de62ec965f5b672a,jobberman,licensed-nurse-8m9vz4,Nurse,,,,Nigeria,unknown,,,,,,,,,,,,https://www.jobberman.com/listings/licensed-nurse-8m9vz4,2026-08-30T15:50:51+00:00
defc82d24da154ad,jobberman,special-assistant-to-marketing-director-9krv0w,Special Assistant to Marketing Director,,,,Nigeria,unknown,,,,,,,,,,,,https://www.jobberman.com/listings/special-assistant-to-marketing-director-9krv0w,2026-08-30T15:50:51+00:00
efcbcfb1a15b00e3,jobberman,clinical-research-coordinators-rr6dm5,Clinical Research Coordinator,,,,Nigeria,unknown,,,,,,,,,,,,https://www.jobberman.com/listings/clinical-research-coordinators-rr6dm5,2026-08-30T15:50:51+00:00
d3027deeec073d4b,jobberman,it-digital-operations-assistant-m0vzwj,IT & Digital Operations Assistant,,,,Nigeria,unknown,,,,,,,,,,,,https://www.jobberman.com/listings/it-digital-operations-assistant-m0vzwj,2026-08-30T15:50:51+00:00
c24149b419418e91,jobberman,human-resource-manager-5prevg,Human Resource Manager,,,,Nigeria,unknown,,,,,,,,,,,,https://www.jobberman.com/listings/human-resource-manager-5prevg,2026-08-30T15:50:51+00:00
3cb6bd8837b80e3f,jobberman,marketing-executive-erpe2d,Marketing Executive,,,,Nigeria,unknown,,,,,,,,,,,,https://www.jobberman.com/listings/marketing-executive-erpe2d,2026-08-30T15:50:51+00:00
48d801c1a75c61cd,jobberman,money-laundering-compliance-officer-9krvvx,Money Laundering Compliance Officer,,,,Nigeria,unknown,,,,,,,,,,,,https://www.jobberman.com/listings/money-laundering-compliance-officer-9krvvx,2026-08-30T15:50:51+00:00
324f92d9215f4b6d,jobberman,client-service-manager-6qrv48,Client Service Manager,,,,Nigeria,unknown,,,,,,,,,,,,https://www.jobberman.com/listings/client-service-manager-6qrv48,2026-08-30T15:50:51+00:00
8c6fd5b55b533609,jobberman,field-sales-partner-rr6zxq,Field Sales Partner,,,,Nigeria,unknown,,,,,,,,,,,,https://www.jobberman.com/listings/field-sales-partner-rr6zxq,2026-08-30T15:50:51+00:00
85f51a597773ffdf,jobberman,front-desk-officer-m068mr,Front Desk Officer,,,,Nigeria,unknown,,,,,,,,,,,,https://www.jobberman.com/listings/front-desk-officer-m068mr,2026-08-30T15:50:51+00:00
47d9974ada05aa7c,jobberman,property-cleaning-specialist-pcs-level-1-gmpezn,Cleaning Specialist,,,,Nigeria,unknown,,,,,,,,,,,,https://www.jobberman.com/listings/property-cleaning-specialist-pcs-level-1-gmpezn,2026-08-30T15:50:51+00:00
c008cb5591ddaba4,jobberman,auxiliary-nurse-assistant-k7pv2j,First Aid Assistant,,,,Nigeria,unknown,,,,,,,,,,,,https://www.jobberman.com/listings/auxiliary-nurse-assistant-k7pv2j,2026-08-30T15:50:51+00:00
ae15d12405b18f2c,jobberman,sales-officer-450mke,Sales officer,,,,Nigeria,unknown,,,,,,,,,,,,https://www.jobberman.com/listings/sales-officer-450mke,2026-08-30T15:50:53+00:00
45bbef3920c8d4d0,jobberman,social-media-manager-j6px9w,Social Media Manager,,,,Nigeria,unknown,,,,,,,,,,,,https://www.jobberman.com/listings/social-media-manager-j6px9w,2026-08-30T15:50:53+00:00
d0f72f0954f55659,jobberman,hr-officer-4564d5,HR Officer,,,,Nigeria,unknown,,,,,,,,,,,,https://www.jobberman.com/listings/hr-officer-4564d5,2026-08-30T15:50:53+00:00
349d067f2b1b26a7,jobberman,nysc-legal-associate-j6xmwz,Legal Associate,,,,Nigeria,unknown,,,,,,,,,,,,https://www.jobberman.com/listings/nysc-legal-associate-j6xmwz,2026-08-30T15:50:53+00:00
e4b4717bb7475c89,jobberman,engineering-drilling-project-oi-advisor-iii-2kwzwp,Drilling Project OI Advisor III,,,,Nigeria,unknown,,,,,,,,,,,,https://www.jobberman.com/listings/engineering-drilling-project-oi-advisor-iii-2kwzwp,2026-08-30T15:50:53+00:00
cd9feb8ad25fd220,jobberman,digital-marketer-vd9nvv,Digital Marketer,,,,Nigeria,unknown,,,,,,,,,,,,https://www.jobberman.com/listings/digital-marketer-vd9nvv,2026-08-30T15:50:53+00:00
0a782a9784d67a11,jobberman,estate-surveyor-d9dpj4,Estate Surveyor,,,,Nigeria,unknown,,,,,,,,,,,,https://www.jobberman.com/listings/estate-surveyor-d9dpj4,2026-08-30T15:50:53+00:00
6993581ee55a6b2e,jobberman,social-media-manager-content-creator-z8r95q,Social Media Manager / Content Creator,,,,Nigeria,unknown,,,,,,,,,,,,https://www.jobberman.com/listings/social-media-manager-content-creator-z8r95q,2026-08-30T15:50:53+00:00
0993db362a776092,jobberman,hradmin-manager-j65g8v,HR/Admin Manager,,,,Nigeria,unknown,,,,,,,,,,,,https://www.jobberman.com/listings/hradmin-manager-j65g8v,2026-08-30T15:50:53+00:00
4650e262c0425e1a,jobberman,operations-assistant-j657zg,Operations Assistant,,,,Nigeria,unknown,,,,,,,,,,,,https://www.jobberman.com/listings/operations-assistant-j657zg,2026-08-30T15:50:53+00:00
4356cc774dddc399,jobberman,fractional-ownership-sales-executive-erp7mk,Sales Executive,,,,Nigeria,unknown,,,,,,,,,,,,https://www.jobberman.com/listings/fractional-ownership-sales-executive-erp7mk,2026-08-30T15:50:53+00:00
3155abe94c07ae48,jobberman,chinese-translator-8mknjx,Chinese Translator,,,,Nigeria,unknown,,,,,,,,,,,,https://www.jobberman.com/listings/chinese-translator-8mknjx,2026-08-30T15:50:53+00:00
204da8fcfc7961ae,jobberman,executive-assistant-0k8g4j,Executive Assistant,,,,Nigeria,unknown,,,,,,,,,,,,https://www.jobberman.com/listings/executive-assistant-0k8g4j,2026-08-30T15:50:53+00:00
e97e15ddbc980e06,jobberman,office-administrator-vdg2nv,Office Administrator,,,,Nigeria,unknown,,,,,,,,,,,,https://www.jobberman.com/listings/office-administrator-vdg2nv,2026-08-30T15:50:53+00:00
78ef530ee1a62393,jobberman,nurse-manager-rrrm9n,Nurse Manager,,,,Nigeria,unknown,,,,,,,,,,,,https://www.jobberman.com/listings/nurse-manager-rrrm9n,2026-08-30T15:50:53+00:00
23acbba9ddce6c0d,jobberman,inspection-officer-6qnmkv,Inspection Officer,,,,Nigeria,unknown,,,,,,,,,,,,https://www.jobberman.com/listings/inspection-officer-6qnmkv,2026-08-30T15:50:53+00:00
8f979896e81bdc2a,jobberman,steward-garment-production-6qn5nz,Steward,,,,Nigeria,unknown,,,,,,,,,,,,https://www.jobberman.com/listings/steward-garment-production-6qn5nz,2026-08-30T15:50:56+00:00
d2e7608782d12a55,jobberman,computer-engineer-nysc-k769e8,Computer Engineer,,,,Nigeria,unknown,,,,,,,,,,,Other Tech,https://www.jobberman.com/listings/computer-engineer-nysc-k769e8,2026-08-30T15:50:56+00:00
6c02667ab7832285,jobberman,service-engineer-x8wekz,Service Engineer,,,,Nigeria,unknown,,,,,,,,,,,Other Tech,https://www.jobberman.com/listings/service-engineer-x8wekz,2026-08-30T15:50:56+00:00
b88b0cb4bc6f1dcb,jobberman,sales-representative-front-desk-personnel-vd9xng,Sales Representative / Front Desk Personnel,,,,Nigeria,unknown,,,,,,,,,,,,https://www.jobberman.com/listings/sales-representative-front-desk-personnel-vd9xng,2026-08-30T15:50:56+00:00
4f0674f1329b5162,jobberman,human-resources-manager-k76rep,Human Resources Manager,,,,Nigeria,unknown,,,,,,,,,,,,https://www.jobberman.com/listings/human-resources-manager-k76rep,2026-08-30T15:50:56+00:00
aef6c20a99a81533,jobberman,product-sales-officer-n90prk,Product Sales Officer,,,,Nigeria,unknown,,,,,,,,,,,,https://www.jobberman.com/listings/product-sales-officer-n90prk,2026-08-30T15:50:56+00:00
795cc75aab71d566,jobberman,car-sales-representative-x8w94j,Sales Representative,,,,Nigeria,unknown,,,,,,,,,,,,https://www.jobberman.com/listings/car-sales-representative-x8w94j,2026-08-30T15:50:56+00:00
cd149cf21d26deed,jobberman,sales-marketer-9krx86,Sales Marketer,,,,Nigeria,unknown,,,,,,,,,,,,https://www.jobberman.com/listings/sales-marketer-9krx86,2026-08-30T15:50:56+00:00
1d928b32a37828b5,jobberman,civil-engineer-power-energy-epc-wrnzn5,Civil Engineer,,,,Nigeria,unknown,,,,,,,,,,,Other Tech,https://www.jobberman.com/listings/civil-engineer-power-energy-epc-wrnzn5,2026-08-30T15:50:56+00:00
62b157670d4d0c37,jobberman,affiliate-sales-agent-9k5dpv,Affiliate Sales Agent,,,,Nigeria,unknown,,,,,,,,,,,,https://www.jobberman.com/listings/affiliate-sales-agent-9k5dpv,2026-08-30T15:50:56+00:00
1bd3101eae7fa228,jobberman,human-resources-manager-7jpzrx,Human Resources Manager,,,,Nigeria,unknown,,,,,,,,,,,,https://www.jobberman.com/listings/human-resources-manager-7jpzrx,2026-08-30T15:50:56+00:00
edf086f622856989,jobberman,head-of-business-growth-qz9kne,Head of Business Growth,,,,Nigeria,unknown,,,,,,,,,,,,https://www.jobberman.com/listings/head-of-business-growth-qz9kne,2026-08-30T15:50:56+00:00
5d3152cbb834e63a,jobberman,performance-marketing-specialist-qzwn76,Digital Marketing Specialist,,,,Nigeria,unknown,,,,,,,,,,,,https://www.jobberman.com/listings/performance-marketing-specialist-qzwn76,2026-08-30T15:50:56+00:00
0826a7ed027fa708,jobberman,education-officer-d9deg4,Education Officer,,,,Nigeria,unknown,,,,,,,,,,,,https://www.jobberman.com/listings/education-officer-d9deg4,2026-08-30T15:50:56+00:00
e4d9f58ee3183fd1,jobberman,facility-manager-associate-intern-vd9r4w,Facility Manager Associate,,,,Nigeria,unknown,,,,,,,,,,,,https://www.jobberman.com/listings/facility-manager-associate-intern-vd9r4w,2026-08-30T15:50:58+00:00
ec777accc7bb014c,jobberman,sous-chef-x8wdjv,Sous Chef,,,,Nigeria,unknown,,,,,,,,,,,,https://www.jobberman.com/listings/sous-chef-x8wdjv,2026-08-30T15:50:58+00:00
bb3f88cb60391db4,jobberman,human-resources-manager-z8zkr8,Human Resources Manager,,,,Nigeria,unknown,,,,,,,,,,,,https://www.jobberman.com/listings/human-resources-manager-z8zkr8,2026-08-30T15:50:58+00:00
0e4bc49b77d44586,jobberman,alpha-regional-coordinator-45rw8v,Regional Coordinator,,,,Nigeria,unknown,,,,,,,,,,,,https://www.jobberman.com/listings/alpha-regional-coordinator-45rw8v,2026-08-30T15:50:58+00:00
1dbd44e2c28730fe,jobberman,pharmacist-j65285,Pharmacist,,,,Nigeria,unknown,,,,,,,,,,,,https://www.jobberman.com/listings/pharmacist-j65285,2026-08-30T15:50:58+00:00
56b221ab9605d901,jobberman,clinical-psychologists-x8g0xm,Clinical Psychologist,,,,Nigeria,unknown,,,,,,,,,,,,https://www.jobberman.com/listings/clinical-psychologists-x8g0xm,2026-08-30T15:50:58+00:00
563b06c1d798fb64,jobberman,business-assistant-officer-wrn9rj,Business Assistant Officer,,,,Nigeria,unknown,,,,,,,,,,,,https://www.jobberman.com/listings/business-assistant-officer-wrn9rj,2026-08-30T15:50:58+00:00
97ac3217c8a0f6df,jobberman,revenue-officer-z8rwzn,Revenue Officer,,,,Nigeria,unknown,,,,,,,,,,,,https://www.jobberman.com/listings/revenue-officer-z8rwzn,2026-08-30T15:50:58+00:00
2604cfa36e80e016,jobberman,mine-security-administrator-k7p86m,Mine Security Administrator,,,,Nigeria,unknown,,,,,,,,,,,,https://www.jobberman.com/listings/mine-security-administrator-k7p86m,2026-08-30T15:50:58+00:00
9456abc940c77bee,jobberman,sales-executive-n90rm0,Sales Executive,,,,Nigeria,unknown,,,,,,,,,,,,https://www.jobberman.com/listings/sales-executive-n90rm0,2026-08-30T15:50:58+00:00
a7d272c6625d5670,jobberman,senior-research-executive-pmxzdr-v2,Senior Research Executive,,,,Nigeria,unknown,,,,,,,,,,,,https://www.jobberman.com/listings/senior-research-executive-pmxzdr-v2,2026-08-30T15:50:58+00:00
a86580596d4fedcd,jobberman,admin-executive-assistant-7jxqrj-v1,Admin / Executive Assistant,,,,Nigeria,unknown,,,,,,,,,,,,https://www.jobberman.com/listings/admin-executive-assistant-7jxqrj-v1,2026-08-30T15:50:58+00:00
e53ff95fb9f4645c,jobberman,ticketing-officer-qzw0xn,Ticketing Officer,,,,Nigeria,unknown,,,,,,,,,,,,https://www.jobberman.com/listings/ticketing-officer-qzw0xn,2026-08-30T15:50:58+00:00
89f7498648940bda,jobberman,finance-officer-j65evz,Finance Officer,,,,Nigeria,unknown,,,,,,,,,,,,https://www.jobberman.com/listings/finance-officer-j65evz,2026-08-30T15:51:02+00:00
6f2dd64758919661,jobberman,partnerships-grants-officer-9k8kgw-v1,Partnerships & Grants Officer,,,,Nigeria,unknown,,,,,,,,,,,,https://www.jobberman.com/listings/partnerships-grants-officer-9k8kgw-v1,2026-08-30T15:51:02+00:00
033f503f324752de,jobberman,senior-legal-associate-fintechpayments-2kkred-v9,Senior Legal Associate (Fintech/Payments),,,,Nigeria,unknown,,,,,,,,,,,,https://www.jobberman.com/listings/senior-legal-associate-fintechpayments-2kkred-v9,2026-08-30T15:51:02+00:00
458c0d5d778435c8,jobberman,hr-officer-at-elizabeth-maddeux-limited-d9dpk2,HR Officer at Elizabeth Maddeux Limited,,,,Nigeria,unknown,,,,,,,,,,,Other Tech,https://www.jobberman.com/listings/hr-officer-at-elizabeth-maddeux-limited-d9dpk2,2026-08-30T15:51:02+00:00
f7be424553cedac2,jobberman,medical-aesthetician-wpqwe4-v4,Medical Aesthetician,,,,Nigeria,unknown,,,,,,,,,,,,https://www.jobberman.com/listings/medical-aesthetician-wpqwe4-v4,2026-08-30T15:51:02+00:00
866984d0e2cf75d3,jobberman,sales-and-marketing-specialist-pmk8qj-v13,Sales And Marketing Specialist,,,,Nigeria,unknown,,,,,,,,,,,,https://www.jobberman.com/listings/sales-and-marketing-specialist-pmk8qj-v13,2026-08-30T15:51:02+00:00
22b3f3c02aa500ae,jobberman,business-development-and-project-specialist-wrn9dz-v2,Business Development and Project Specialist,,,,Nigeria,unknown,,,,,,,,,,,,https://www.jobberman.com/listings/business-development-and-project-specialist-wrn9dz-v2,2026-08-30T15:51:02+00:00
a60013e55a5a0181,jobberman,plr-design-engineer-expatriate-8mkx46-v1,PLR Design Engineer - Expatriate,,,,Nigeria,unknown,,,,,,,,,,,Other Tech,https://www.jobberman.com/listings/plr-design-engineer-expatriate-8mkx46-v1,2026-08-30T15:51:02+00:00
f448164a129a4f82,jobberman,community-social-media-operations-assistant-at-biz-afric-solutions-x8wn9v-v1,Community & Social Media Operations Assistant at Biz Afric Solutions,,,,Nigeria,unknown,,,,,,,,,,,,https://www.jobberman.com/listings/community-social-media-operations-assistant-at-biz-afric-solutions-x8wn9v-v1,2026-08-30T15:51:02+00:00
41227acc59661649,jobberman,solar-sales-engineer-qzw8pp-v2,Solar Sales Engineer,,,,Nigeria,unknown,,,,,,,,,,,Other Tech,https://www.jobberman.com/listings/solar-sales-engineer-qzw8pp-v2,2026-08-30T15:51:02+00:00
2e7c7e356368c5b9,jobberman,business-development-and-partnerships-executive-5p98x7-v2,BUSINESS DEVELOPMENT AND PARTNERSHIPS EXECUTIVE,,,,Nigeria,unknown,,,,,,,,,,,,https://www.jobberman.com/listings/business-development-and-partnerships-executive-5p98x7-v2,2026-08-30T15:51:02+00:00
5b94d36e1f366f85,jobberman,life-planner-zp7ndn-v20,Life Planner,,,,Nigeria,unknown,,,,,,,,,,,,https://www.jobberman.com/listings/life-planner-zp7ndn-v20,2026-08-30T15:51:05+00:00
947f3e8c0afd500b,jobberman,housekeeper-pgn5zq-v1,Housekeeper,,,,Nigeria,unknown,,,,,,,,,,,,https://www.jobberman.com/listings/housekeeper-pgn5zq-v1,2026-08-30T15:51:05+00:00
210dc291146c5449,jobberman,financial-advisor-9jpp2p-v11,Financial Advisor,,,,Nigeria,unknown,,,,,,,,,,,,https://www.jobberman.com/listings/financial-advisor-9jpp2p-v11,2026-08-30T15:51:05+00:00
aca8a1ae6f73d7c8,jobberman,security-operative-at-domeo-resources-international-vd9jp2-v1,Security Operative at Domeo Resources International,,,,Nigeria,unknown,,,,,,,,,,,,https://www.jobberman.com/listings/security-operative-at-domeo-resources-international-vd9jp2-v1,2026-08-30T15:51:05+00:00
bcc91ae2bf50c872,jobberman,technical-sales-engineer-k7gwxm-v2,Technical Sales Engineer,,,,Nigeria,unknown,,,,,,,,,,,Other Tech,https://www.jobberman.com/listings/technical-sales-engineer-k7gwxm-v2,2026-08-30T15:51:05+00:00
7dc909b4b6e4bc46,jobberman,plant-finance-controller-0k802g-v2,Plant Finance Controller,,,,Nigeria,unknown,,,,,,,,,,,,https://www.jobberman.com/listings/plant-finance-controller-0k802g-v2,2026-08-30T15:51:05+00:00
348f617ca806bff8,jobberman,bag-scanner-operatives-at-domeo-resources-international-9krqen,Bag Scanner Operatives at Domeo Resources International,,,,Nigeria,unknown,,,,,,,,,,,,https://www.jobberman.com/listings/bag-scanner-operatives-at-domeo-resources-international-9krqen,2026-08-30T15:51:05+00:00
c66776316cce106b,jobberman,finance-manager-dedicated-client-services-gm4gn0-v2,Finance Manager (Dedicated Client Services),,,,Nigeria,unknown,,,,,,,,,,,,https://www.jobberman.com/listings/finance-manager-dedicated-client-services-gm4gn0-v2,2026-08-30T15:51:05+00:00
61c810171869b0c3,jobberman,independent-legal-regulatory-consultant-nigeria-7jxzwd,Independent Legal & Regulatory Consultant – Nigeria,,,,Nigeria,unknown,,,,,,,,,,,,https://www.jobberman.com/listings/independent-legal-regulatory-consultant-nigeria-7jxzwd,2026-08-30T15:51:09+00:00
f2b11f0f9104d6a0,jobberman,fleet-officer-6qrvk4-v2,Fleet Officer,,,,Nigeria,unknown,,,,,,,,,,,,https://www.jobberman.com/listings/fleet-officer-6qrvk4-v2,2026-08-30T15:51:09+00:00
c42cd16f5aa8f5b7,jobberman,sales-commercial-pgnvmp,Sales Commercial Officer,,,,Nigeria,unknown,,,,,,,,,,,,https://www.jobberman.com/listings/sales-commercial-pgnvmp,2026-08-30T15:51:18+00:00
0c5e247d90ae11b5,jobberman,admin-officer-0k8qvm,Admin Officer,,,,Nigeria,unknown,,,,,,,,,,,,https://www.jobberman.com/listings/admin-officer-0k8qvm,2026-08-30T15:51:18+00:00
e99a2919605f9433,jobberman,sales-and-marketing-0k8qxd,Sales and Marketing Officer,,,,Nigeria,unknown,,,,,,,,,,,,https://www.jobberman.com/listings/sales-and-marketing-0k8qxd,2026-08-30T15:51:18+00:00
1d94509974338427,jobberman,sales-customer-service-officer-rr6pk4,Sales & Customer Service Officer,,,,Nigeria,unknown,,,,,,,,,,,,https://www.jobberman.com/listings/sales-customer-service-officer-rr6pk4,2026-08-30T15:51:18+00:00
39d45c4a209ae36f,jobberman,driver-vd98nm,Driver,,,,Nigeria,unknown,,,,,,,,,,,,https://www.jobberman.com/listings/driver-vd98nm,2026-08-30T15:51:18+00:00
03df0053f2842046,jobberman,salesmarketing-manager-2k8m0j,Sales/ Marketing Manager,,,,Nigeria,unknown,,,,,,,,,,,,https://www.jobberman.com/listings/salesmarketing-manager-2k8m0j,2026-08-30T15:51:18+00:00
cd353ee20706f2c8,jobberman,customer-service-officer-d9dg80,Customer Service Officer,,,,Nigeria,unknown,,,,,,,,,,,,https://www.jobberman.com/listings/customer-service-officer-d9dg80,2026-08-30T15:51:18+00:00
adf6ec02ae886b97,jobberman,operations-officer-vd9jj5,Operations Officer,,,,Nigeria,unknown,,,,,,,,,,,,https://www.jobberman.com/listings/operations-officer-vd9jj5,2026-08-30T15:51:21+00:00
f516c39991ed40d5,jobberman,marketing-officer-9krx96,Marketing Officer,,,,Nigeria,unknown,,,,,,,,,,,,https://www.jobberman.com/listings/marketing-officer-9krx96,2026-08-30T15:51:21+00:00
4b3e098effc9733e,jobberman,finance-officer-z8rpw8,Finance Officer,,,,Nigeria,unknown,,,,,,,,,,,,https://www.jobberman.com/listings/finance-officer-z8rpw8,2026-08-30T15:51:21+00:00
9ab4c849f7eb16ed,jobberman,operations-officer-erp5mk,Operations Officer,,,,Nigeria,unknown,,,,,,,,,,,,https://www.jobberman.com/listings/operations-officer-erp5mk,2026-08-30T15:51:21+00:00
5b68c2e2171dac9a,jobberman,account-officer-wrgddg,Account Officer,,,,Nigeria,unknown,,,,,,,,,,,,https://www.jobberman.com/listings/account-officer-wrgddg,2026-08-30T15:51:21+00:00
4d371594d82fbb85,jobberman,sales-officer-j6p8vw,Sales Officer,,,,Nigeria,unknown,,,,,,,,,,,,https://www.jobberman.com/listings/sales-officer-j6p8vw,2026-08-30T15:51:21+00:00
53abc30f371f8adf,jobberman,credit-officer-vdgqmx,Credit Officer,,,,Nigeria,unknown,,,,,,,,,,,Other Tech,https://www.jobberman.com/listings/credit-officer-vdgqmx,2026-08-30T15:51:21+00:00
296bac65af97aa8c,jobberman,sme-officer-x88nzj,SME Officer,,,,Nigeria,unknown,,,,,,,,,,,,https://www.jobberman.com/listings/sme-officer-x88nzj,2026-08-30T15:51:21+00:00
e54e9ee53fd96a6c,jobberman,office-assistance-secretary-z8rgzx,Office Assistance / Secretary,,,,Nigeria,unknown,,,,,,,,,,,,https://www.jobberman.com/listings/office-assistance-secretary-z8rgzx,2026-08-30T15:51:21+00:00
61dfd97f18c7e16e,jobberman,business-development-officer-9krzew,Business Development Officer,,,,Nigeria,unknown,,,,,,,,,,,,https://www.jobberman.com/listings/business-development-officer-9krzew,2026-08-30T15:51:21+00:00
101e7ce59834c182,jobberman,client-relations-officer-2k89p8,Client Relations Officer,,,,Nigeria,unknown,,,,,,,,,,,,https://www.jobberman.com/listings/client-relations-officer-2k89p8,2026-08-30T15:51:21+00:00
816480830ced240a,jobberman,business-development-officer-8mkk76,Business Development Officer,,,,Nigeria,unknown,,,,,,,,,,,,https://www.jobberman.com/listings/business-development-officer-8mkk76,2026-08-30T15:51:21+00:00
61896c96c9c0a6c4,jobberman,marketing-and-field-officer-k77dv8,Marketing and Field Officer,,,,Nigeria,unknown,,,,,,,,,,,,https://www.jobberman.com/listings/marketing-and-field-officer-k77dv8,2026-08-30T15:51:21+00:00
f26b0878d3a6f1f7,jobberman,health-records-officer-8mmq24,Health Records Officer,,,,Nigeria,unknown,,,,,,,,,,,,https://www.jobberman.com/listings/health-records-officer-8mmq24,2026-08-30T15:51:23+00:00
7da6a9e34023f23b,jobberman,human-resource-officer-7jjnre,Human Resource Officer,,,,Nigeria,unknown,,,,,,,,,,,,https://www.jobberman.com/listings/human-resource-officer-7jjnre,2026-08-30T15:51:23+00:00
53bd66119bd182de,jobberman,personal-administration-officer-6qq8dd,Personal Administration Officer,,,,Nigeria,unknown,,,,,,,,,,,,https://www.jobberman.com/listings/personal-administration-officer-6qq8dd,2026-08-30T15:51:23+00:00
447401e0ad6d16eb,jobberman,account-business-development-officer-5pz6xp,Account & Business Development Officer,,,,Nigeria,unknown,,,,,,,,,,,,https://www.jobberman.com/listings/account-business-development-officer-5pz6xp,2026-08-30T15:51:23+00:00
f021639c3e8983d8,jobberman,hse-dock-operations-officer-pg0r2v,HSE & Dock Operations Officer,,,,Nigeria,unknown,,,,,,,,,,,,https://www.jobberman.com/listings/hse-dock-operations-officer-pg0r2v,2026-08-30T15:51:23+00:00
0d52c84895942ae2,jobberman,legal-adviser-n90qmv,Legal Adviser,,,,Nigeria,unknown,,,,,,,,,,,,https://www.jobberman.com/listings/legal-adviser-n90qmv,2026-08-30T15:51:23+00:00
d16ed7f50b859558,jobberman,kyc-know-your-customer-officer-vd9p02,KYC (Know-Your-Customer) Officer,,,,Nigeria,unknown,,,,,,,,,,,,https://www.jobberman.com/listings/kyc-know-your-customer-officer-vd9p02,2026-08-30T15:51:23+00:00
6b171bca90138c8f,jobberman,office-tools-data-analysis-instructor-d90vxm,Office Tools & Data Analysis Instructor,,,,Nigeria,unknown,,,,,,,,,,,Other Tech,https://www.jobberman.com/listings/office-tools-data-analysis-instructor-d90vxm,2026-08-30T15:51:23+00:00
cd0354d0b08c1700,jobberman,account-and-admin-manager-rrnwdj,Account and Admin Manager,,,,Nigeria,unknown,,,,,,,,,,,,https://www.jobberman.com/listings/account-and-admin-manager-rrnwdj,2026-08-30T15:51:27+00:00
78ae8fa1b7af3a41,jobberman,accountstax-senior-2k886k,Accounts/Tax Senior,,,,Nigeria,unknown,,,,,,,,,,,,https://www.jobberman.com/listings/accountstax-senior-2k886k,2026-08-30T15:51:27+00:00
74169d6e59ea2b9c,jobberman,ticketer-vdk4m2,Ticketer,,,,Nigeria,unknown,,,,,,,,,,,,https://www.jobberman.com/listings/ticketer-vdk4m2,2026-08-30T15:51:27+00:00
32e0a295d0bc9891,jobberman,customer-service-respresentative-x8896m,Customer Service Respresentative,,,,Nigeria,unknown,,,,,,,,,,,,https://www.jobberman.com/listings/customer-service-respresentative-x8896m,2026-08-30T15:51:27+00:00
0969855956efe800,jobberman,finance-administration-manager-erpqj2,Finance & Administration Manager,,,,Nigeria,unknown,,,,,,,,,,,,https://www.jobberman.com/listings/finance-administration-manager-erpqj2,2026-08-30T15:51:27+00:00
4cf43d20fe009c63,jobberman,loan-officer-relationship-officer-6qr7kn,Loan Officer / Relationship Officer,,,,Nigeria,unknown,,,,,,,,,,,,https://www.jobberman.com/listings/loan-officer-relationship-officer-6qr7kn,2026-08-30T15:51:27+00:00
3ed434f7bfa7dda8,jobberman,hmo-officer-erxdjz,HMO Officer,,,,Nigeria,unknown,,,,,,,,,,,,https://www.jobberman.com/listings/hmo-officer-erxdjz,2026-08-30T15:51:27+00:00
f47888b6f656b9d2,jobberman,finance-officer-8m90xz,Finance Officer,,,,Nigeria,unknown,,,,,,,,,,,,https://www.jobberman.com/listings/finance-officer-8m90xz,2026-08-30T15:51:27+00:00
8591df045ac0f072,jobberman,ticketing-officer-x8kdqm,Ticketing Officer,,,,Nigeria,unknown,,,,,,,,,,,,https://www.jobberman.com/listings/ticketing-officer-x8kdqm,2026-08-30T15:51:34+00:00
7b28a662bd3759da,jobberman,hse-officer-m0jmvw,HSE Officer,,,,Nigeria,unknown,,,,,,,,,,,,https://www.jobberman.com/listings/hse-officer-m0jmvw,2026-08-30T15:51:34+00:00
0eb31a358878981e,jobberman,health-officer-d9dx55,Health Officer,,,,Nigeria,unknown,,,,,,,,,,,,https://www.jobberman.com/listings/health-officer-d9dx55,2026-08-30T15:51:34+00:00
193acbd3209282d4,jobberman,operations-officer-qzwpj6,Operations Officer,,,,Nigeria,unknown,,,,,,,,,,,,https://www.jobberman.com/listings/operations-officer-qzwpj6,2026-08-30T15:51:34+00:00
e2bbb8e1bf591cce,jobberman,marketing-officer-6qr0e6,Marketing Officer,,,,Nigeria,unknown,,,,,,,,,,,,https://www.jobberman.com/listings/marketing-officer-6qr0e6,2026-08-30T15:51:34+00:00
97ca48a127f34b20,jobberman,quotation-officer-experienced-0k8m46,Quotation Officer,,,,Nigeria,unknown,,,,,,,,,,,,https://www.jobberman.com/listings/quotation-officer-experienced-0k8m46,2026-08-30T15:51:34+00:00
768a63ec9f4552d5,jobberman,safety-officer-j65v06,Safety Officer,,,,Nigeria,unknown,,,,,,,,,,,,https://www.jobberman.com/listings/safety-officer-j65v06,2026-08-30T15:51:34+00:00
58e523f7b2569213,jobberman,hr-officer-5pr79r,HR Officer,,,,Nigeria,unknown,,,,,,,,,,,,https://www.jobberman.com/listings/hr-officer-5pr79r,2026-08-30T15:51:34+00:00
8d1fa0ec321ae2e4,jobberman,human-resourceadmin-k76965,HR Officer,,,,Nigeria,unknown,,,,,,,,,,,,https://www.jobberman.com/listings/human-resourceadmin-k76965,2026-08-30T15:51:34+00:00
51c23f42dfb1e844,jobberman,visa-officer-j65new,visa officer,,,,Nigeria,unknown,,,,,,,,,,,,https://www.jobberman.com/listings/visa-officer-j65new,2026-08-30T15:51:34+00:00
9bd3e442e328327a,jobberman,inventory-officer-inventory-control-stock-management-wrnd0z,Inventory Officer,,,,Nigeria,unknown,,,,,,,,,,,,https://www.jobberman.com/listings/inventory-officer-inventory-control-stock-management-wrnd0z,2026-08-30T15:51:37+00:00
e50136d22fc4b29e,jobberman,tourism-officer-2k84v2,Tourism Officer,,,,Nigeria,unknown,,,,,,,,,,,,https://www.jobberman.com/listings/tourism-officer-2k84v2,2026-08-30T15:51:37+00:00
4a25169513491da3,jobberman,cash-officer-gm4vr8,Cash Officer,,,,Nigeria,unknown,,,,,,,,,,,,https://www.jobberman.com/listings/cash-officer-gm4vr8,2026-08-30T15:51:37+00:00
67211a75257523f2,jobberman,cash-officer-6qrg8p,Cash Officer,,,,Nigeria,unknown,,,,,,,,,,,,https://www.jobberman.com/listings/cash-officer-6qrg8p,2026-08-30T15:51:37+00:00
dc6c20775458a896,jobberman,finance-officer-bodija-9krp2w,Finance Officer,,,,Nigeria,unknown,,,,,,,,,,,,https://www.jobberman.com/listings/finance-officer-bodija-9krp2w,2026-08-30T15:51:37+00:00
84585ed82b4cc91e,jobberman,reconciliation-officer-m0vzqj,Reconciliation Officer,,,,Nigeria,unknown,,,,,,,,,,,,https://www.jobberman.com/listings/reconciliation-officer-m0vzqj,2026-08-30T15:51:37+00:00
533bef193e6b75ea,jobberman,medical-officer-x8w5zv,Medical Officer,,,,Nigeria,unknown,,,,,,,,,,,,https://www.jobberman.com/listings/medical-officer-x8w5zv,2026-08-30T15:51:37+00:00
b03497a6e00278f4,jobberman,office-secretary-9krzvp,Office Secretary,,,,Nigeria,unknown,,,,,,,,,,,,https://www.jobberman.com/listings/office-secretary-9krzvp,2026-08-30T15:51:37+00:00
69eae2cbe96fca3c,jobberman,account-officer-k764dz,Account Officer,,,,Nigeria,unknown,,,,,,,,,,,,https://www.jobberman.com/listings/account-officer-k764dz,2026-08-30T15:51:37+00:00
52421f280d087778,jobberman,operations-officer-5pre6r,Operations Officer,,,,Nigeria,unknown,,,,,,,,,,,,https://www.jobberman.com/listings/operations-officer-5pre6r,2026-08-30T15:51:37+00:00
32ae3a92f5eda85b,jobberman,cash-officer-vd98n5,Cash Officer,,,,Nigeria,unknown,,,,,,,,,,,,https://www.jobberman.com/listings/cash-officer-vd98n5,2026-08-30T15:51:37+00:00
e01b3888847e6ce4,jobberman,office-assistant-cleaner-45rker,Office Assistant,,,,Nigeria,unknown,,,,,,,,,,,,https://www.jobberman.com/listings/office-assistant-cleaner-45rker,2026-08-30T15:51:40+00:00
e4d853b0ca9ed9d8,jobberman,account-officer-rr69rx,Account Officer,,,,Nigeria,unknown,,,,,,,,,,,,https://www.jobberman.com/listings/account-officer-rr69rx,2026-08-30T15:51:40+00:00
53c1cf5bbd1f5a01,jobberman,procurement-officer-m0v2zd,Procurement Officer,,,,Nigeria,unknown,,,,,,,,,,,,https://www.jobberman.com/listings/procurement-officer-m0v2zd,2026-08-30T15:51:40+00:00
0a2f0ee177143924,jobberman,admin-officer-9kr7p8,Admin Officer,,,,Nigeria,unknown,,,,,,,,,,,,https://www.jobberman.com/listings/admin-officer-9kr7p8,2026-08-30T15:51:40+00:00
e06a65bd51e729db,jobberman,loan-officer-rr698x,Loan Officer,,,,Nigeria,unknown,,,,,,,,,,,,https://www.jobberman.com/listings/loan-officer-rr698x,2026-08-30T15:51:40+00:00
ee47f6307f197921,jobberman,credit-officer-m0v2g2,Credit Officer,,,,Nigeria,unknown,,,,,,,,,,,Other Tech,https://www.jobberman.com/listings/credit-officer-m0v2g2,2026-08-30T15:51:40+00:00
c03c3d6fbf17a2d1,jobberman,credit-officer-in-mfi-j65kqv,Loan Officer,,,,Nigeria,unknown,,,,,,,,,,,,https://www.jobberman.com/listings/credit-officer-in-mfi-j65kqv,2026-08-30T15:51:40+00:00
753dccd76488acd2,jobberman,warehouse-officer-x8wr2v,Warehouse Officer,,,,Nigeria,unknown,,,,,,,,,,,,https://www.jobberman.com/listings/warehouse-officer-x8wr2v,2026-08-30T15:51:40+00:00
5d36fd18715687bb,jobberman,treasury-officer-7jx28z,Treasury Officer,,,,Nigeria,unknown,,,,,,,,,,,,https://www.jobberman.com/listings/treasury-officer-7jx28z,2026-08-30T15:51:40+00:00
7a8c60b2c6b0b989,jobberman,medical-officer-6qrpkn,Medical Officer,,,,Nigeria,unknown,,,,,,,,,,,,https://www.jobberman.com/listings/medical-officer-6qrpkn,2026-08-30T15:51:40+00:00
effb11f0f55def61,jobberman,procurement-officer-wrn4zm,Procurement Officer,,,,Nigeria,unknown,,,,,,,,,,,,https://www.jobberman.com/listings/procurement-officer-wrn4zm,2026-08-30T15:51:40+00:00
e35ac79affb70d3c,jobberman,inventory-officer-rr69vx,Inventory Officer,,,,Nigeria,unknown,,,,,,,,,,,,https://www.jobberman.com/listings/inventory-officer-rr69vx,2026-08-30T15:51:40+00:00
73996619b10d1a50,jobberman,order-fulfilment-officer-pgn4vm,Fulfilment Officer,,,,Nigeria,unknown,,,,,,,,,,,,https://www.jobberman.com/listings/order-fulfilment-officer-pgn4vm,2026-08-30T15:51:40+00:00
09e4e47353d9d918,jobberman,compliance-officer-x8wvn2,Compliance Officer,,,,Nigeria,unknown,,,,,,,,,,,,https://www.jobberman.com/listings/compliance-officer-x8wvn2,2026-08-30T15:51:43+00:00
8b90022f76ecd8b2,jobberman,ticketing-officer-2k86ng,Ticketing Officer,,,,Nigeria,unknown,,,,,,,,,,,,https://www.jobberman.com/listings/ticketing-officer-2k86ng,2026-08-30T15:51:43+00:00
9275d330121ad8b8,jobberman,compliance-officer-n90e20,Compliance Officer,,,,Nigeria,unknown,,,,,,,,,,,,https://www.jobberman.com/listings/compliance-officer-n90e20,2026-08-30T15:51:43+00:00
d6164d0330d28bfa,jobberman,security-officer-rr6e74,Security Officer,,,,Nigeria,unknown,,,,,,,,,,,,https://www.jobberman.com/listings/security-officer-rr6e74,2026-08-30T15:51:43+00:00
6fd1c3d084779820,jobberman,hr-officer-rr6xpg,HR Officer,,,,Nigeria,unknown,,,,,,,,,,,,https://www.jobberman.com/listings/hr-officer-rr6xpg,2026-08-30T15:51:43+00:00
df73dea80071a2ca,jobberman,admin-officer-9krvz8,Admin Officer,,,,Nigeria,unknown,,,,,,,,,,,,https://www.jobberman.com/listings/admin-officer-9krvz8,2026-08-30T15:51:43+00:00
c4b9ed309561d996,jobberman,admin-officer-45rv6m,Admin Officer,,,,Nigeria,unknown,,,,,,,,,,,,https://www.jobberman.com/listings/admin-officer-45rv6m,2026-08-30T15:51:43+00:00
c0e754a3caf677aa,jobberman,inventory-officer-pgn4rr,Inventory Officer,,,,Nigeria,unknown,,,,,,,,,,,,https://www.jobberman.com/listings/inventory-officer-pgn4rr,2026-08-30T15:51:43+00:00
984f76dcedb9b5ee,jobberman,hotel-security-officer-9krvmw,Security Officer,,,,Nigeria,unknown,,,,,,,,,,,,https://www.jobberman.com/listings/hotel-security-officer-9krvmw,2026-08-30T15:51:43+00:00
f9ba22f86a7dfee2,jobberman,administrative-officer-erp8gv,Administrative officer,,,,Nigeria,unknown,,,,,,,,,,,,https://www.jobberman.com/listings/administrative-officer-erp8gv,2026-08-30T15:51:43+00:00
b6f0269ffaa9b92e,jobberman,credit-officers-45r9x9,Credit Officer,,,,Nigeria,unknown,,,,,,,,,,,Other Tech,https://www.jobberman.com/listings/credit-officers-45r9x9,2026-08-30T15:51:47+00:00
ac245d017ecaf2b5,jobberman,office-assistant-rr6xwg,Office Assistant,,,,Nigeria,unknown,,,,,,,,,,,,https://www.jobberman.com/listings/office-assistant-rr6xwg,2026-08-30T15:51:47+00:00
a8f0bf690e4a6d58,jobberman,account-personnel-to-the-managing-director-6qrwgn,Accounts Officer,,,,Nigeria,unknown,,,,,,,,,,,,https://www.jobberman.com/listings/account-personnel-to-the-managing-director-6qrwgn,2026-08-30T15:51:47+00:00
c83b5e2f6b9c7a93,jobberman,office-assistant-gm4r2n,Office Assistant,,,,Nigeria,unknown,,,,,,,,,,,,https://www.jobberman.com/listings/office-assistant-gm4r2n,2026-08-30T15:51:47+00:00
34a7939014792602,jobberman,warehouse-officer-erp86v,Warehouse Officer,,,,Nigeria,unknown,,,,,,,,,,,,https://www.jobberman.com/listings/warehouse-officer-erp86v,2026-08-30T15:51:47+00:00
219bb202444127d0,jobberman,sales-officer-vd9r7k,Sales officer,,,,Nigeria,unknown,,,,,,,,,,,,https://www.jobberman.com/listings/sales-officer-vd9r7k,2026-08-30T15:51:47+00:00
d11ed2dcf399b7fb,jobberman,audit-officer-45r9k8,Audit Officer,,,,Nigeria,unknown,,,,,,,,,,,Other Tech,https://www.jobberman.com/listings/audit-officer-45r9k8,2026-08-30T15:51:47+00:00
24a3468c708985fa,jobberman,nursing-officer-7jxq6z,Nursing Officer,,,,Nigeria,unknown,,,,,,,,,,,,https://www.jobberman.com/listings/nursing-officer-7jxq6z,2026-08-30T15:51:47+00:00
ef54a0e80e22199e,jobberman,marketing-officers-m0vqmz,Marketing Officer,,,,Nigeria,unknown,,,,,,,,,,,,https://www.jobberman.com/listings/marketing-officers-m0vqmz,2026-08-30T15:51:47+00:00
e7c834ef77d30781,jobberman,procurement-officer-vd9rpw,Procurement Officer,,,,Nigeria,unknown,,,,,,,,,,,,https://www.jobberman.com/listings/procurement-officer-vd9rpw,2026-08-30T15:51:47+00:00
dfd13595d596a46d,jobberman,marketing-officer-pgn9p0,Marketing Officer,,,,Nigeria,unknown,,,,,,,,,,,,https://www.jobberman.com/listings/marketing-officer-pgn9p0,2026-08-30T15:51:47+00:00
3e605ae684bb3458,jobberman,office-assistant-8mk85n,Office Assistant,,,,Nigeria,unknown,,,,,,,,,,,,https://www.jobberman.com/listings/office-assistant-8mk85n,2026-08-30T15:51:47+00:00
717c3ac480ceb2b0,jobberman,finance-officer-45rwee,Finance Officer,,,,Nigeria,unknown,,,,,,,,,,,,https://www.jobberman.com/listings/finance-officer-45rwee,2026-08-30T15:51:47+00:00
b5d3585d2720fcf0,jobberman,office-manager-6qr804,Office Manager,,,,Nigeria,unknown,,,,,,,,,,,,https://www.jobberman.com/listings/office-manager-6qr804,2026-08-30T15:51:47+00:00
b3e905808580ff22,jobberman,marketer-officer-z8rw8n,Marketer Officer,,,,Nigeria,unknown,,,,,,,,,,,,https://www.jobberman.com/listings/marketer-officer-z8rw8n,2026-08-30T15:51:50+00:00
87a1955e21bddfcf,jobberman,bank-officer-5prqxp,Bank Officer,,,,Nigeria,unknown,,,,,,,,,,,,https://www.jobberman.com/listings/bank-officer-5prqxp,2026-08-30T15:51:50+00:00
a4bf11c1c34c0635,jobberman,safety-officer-6qr86v,Safety Officer,,,,Nigeria,unknown,,,,,,,,,,,,https://www.jobberman.com/listings/safety-officer-6qr86v,2026-08-30T15:51:50+00:00
f95b92aa60a9d628,jobberman,purchasing-officer-m0vq5z,Purchasing Officer,,,,Nigeria,unknown,,,,,,,,,,,,https://www.jobberman.com/listings/purchasing-officer-m0vq5z,2026-08-30T15:51:50+00:00
b2272963a253afdc,jobberman,insurance-officer-6qr2vd,Insurance Officer,,,,Nigeria,unknown,,,,,,,,,,,,https://www.jobberman.com/listings/insurance-officer-6qr2vd,2026-08-30T15:51:50+00:00
bf484b178dd316f4,jobberman,insurance-officer-0k8x98,Insurance Officer,,,,Nigeria,unknown,,,,,,,,,,,,https://www.jobberman.com/listings/insurance-officer-0k8x98,2026-08-30T15:51:50+00:00
5b960dd85357a369,jobberman,store-officer-2k828p,Store Officer,,,,Nigeria,unknown,,,,,,,,,,,,https://www.jobberman.com/listings/store-officer-2k828p,2026-08-30T15:51:50+00:00
32a48250efa9eaf2,jobberman,account-officer-x8wnwm,Account Officer,,,,Nigeria,unknown,,,,,,,,,,,,https://www.jobberman.com/listings/account-officer-x8wnwm,2026-08-30T15:51:50+00:00
f920d4d2eec66a1f,jobberman,school-marketing-officer-45r2r2,Marketing Officer,,,,Nigeria,unknown,,,,,,,,,,,,https://www.jobberman.com/listings/school-marketing-officer-45r2r2,2026-08-30T15:51:50+00:00
ef4fb914edda8c24,jobberman,activation-officer-qzwkwv,Activation Officer,,,,Nigeria,unknown,,,,,,,,,,,,https://www.jobberman.com/listings/activation-officer-qzwkwv,2026-08-30T15:51:50+00:00
0b0c7111c93ad6bb,jobberman,school-hr-officer-erpm95,HR Officer,,,,Nigeria,unknown,,,,,,,,,,,,https://www.jobberman.com/listings/school-hr-officer-erpm95,2026-08-30T15:51:50+00:00
a90766c388d29e29,jobberman,it-technical-officer-6qr2qd,IT Technical officer,,,,Nigeria,unknown,,,,,,,,,,,Other Tech,https://www.jobberman.com/listings/it-technical-officer-6qr2qd,2026-08-30T15:51:50+00:00
8ba1935558e0a3fa,jobberman,merchandising-officer-wrn92d,Merchandising Officer,,,,Nigeria,unknown,,,,,,,,,,,,https://www.jobberman.com/listings/merchandising-officer-wrn92d,2026-08-30T15:51:54+00:00
d0350bb69eb0a1c3,jobberman,finance-officer-0k8xwj,Finance Officer,,,,Nigeria,unknown,,,,,,,,,,,,https://www.jobberman.com/listings/finance-officer-0k8xwj,2026-08-30T15:51:54+00:00
28313eac51b290fb,jobberman,operations-officer-8mkxd9,Operations Officer,,,,Nigeria,unknown,,,,,,,,,,,,https://www.jobberman.com/listings/operations-officer-8mkxd9,2026-08-30T15:51:54+00:00
75c7bf1985aed9bc,jobberman,sales-officer-d9dj48,Sales Officer,,,,Nigeria,unknown,,,,,,,,,,,,https://www.jobberman.com/listings/sales-officer-d9dj48,2026-08-30T15:51:54+00:00
e8b93f716bb8edd7,jobberman,transaction-officer-wrn5jg,Transaction Officer,,,,Nigeria,unknown,,,,,,,,,,,,https://www.jobberman.com/listings/transaction-officer-wrn5jg,2026-08-30T15:51:54+00:00
aefeb73f923045c3,jobberman,recruitment-officer-pgnqj4,Recruitment Officer,,,,Nigeria,unknown,,,,,,,,,,,,https://www.jobberman.com/listings/recruitment-officer-pgnqj4,2026-08-30T15:51:54+00:00
22f1b6e249db884f,jobberman,store-officer-k76vmv,Store Officer,,,,Nigeria,unknown,,,,,,,,,,,,https://www.jobberman.com/listings/store-officer-k76vmv,2026-08-30T15:51:54+00:00
d41827611659bef1,jobberman,rental-officer-d9d4xr,Rental Officer,,,,Nigeria,unknown,,,,,,,,,,,,https://www.jobberman.com/listings/rental-officer-d9d4xr,2026-08-30T15:51:54+00:00
db5e2e6ac337761a,jobberman,content-officer-45r7x4,Content Officer,,,,Nigeria,unknown,,,,,,,,,,,,https://www.jobberman.com/listings/content-officer-45r7x4,2026-08-30T15:51:54+00:00
c9e30837963e0fdb,jobberman,loan-officer-5prvj5,Loan Officer,,,,Nigeria,unknown,,,,,,,,,,,,https://www.jobberman.com/listings/loan-officer-5prvj5,2026-08-30T15:51:54+00:00
597268e6a6698e32,jobberman,senior-loan-officer-vd9z75,Loan Officer,,,,Nigeria,unknown,,,,,,,,,,,,https://www.jobberman.com/listings/senior-loan-officer-vd9z75,2026-08-30T15:51:56+00:00
682651a8dba1e1bc,jobberman,loan-officer-8mkgep,Loan Officer,,,,Nigeria,unknown,,,,,,,,,,,,https://www.jobberman.com/listings/loan-officer-8mkgep,2026-08-30T15:51:56+00:00
6f8d1d9cfbe780d6,jobberman,credit-officer-qzw6jz,Credit Officer,,,,Nigeria,unknown,,,,,,,,,,,Other Tech,https://www.jobberman.com/listings/credit-officer-qzw6jz,2026-08-30T15:51:56+00:00
3281b21be8da794c,jobberman,procurement-officer-d9d2gr,Procurement Officer,,,,Nigeria,unknown,,,,,,,,,,,,https://www.jobberman.com/listings/procurement-officer-d9d2gr,2026-08-30T15:51:56+00:00
2848b68341c826c4,jobberman,program-officer-wrnk9d,Program Officer,,,,Nigeria,unknown,,,,,,,,,,,,https://www.jobberman.com/listings/program-officer-wrnk9d,2026-08-30T15:51:56+00:00
f59416a049f53e87,jobberman,account-officer-rr668n,Account Officer,,,,Nigeria,unknown,,,,,,,,,,,,https://www.jobberman.com/listings/account-officer-rr668n,2026-08-30T15:51:56+00:00
0f6fbb3a7fde1549,jobberman,office-assistant-z8rj5q,Office Assistant,,,,Nigeria,unknown,,,,,,,,,,,,https://www.jobberman.com/listings/office-assistant-z8rj5q,2026-08-30T15:51:56+00:00
dbbfeeaaffb21d56,jobberman,procurement-officer-0k88ew,Procurement Officer,,,,Nigeria,unknown,,,,,,,,,,,,https://www.jobberman.com/listings/procurement-officer-0k88ew,2026-08-30T15:51:56+00:00
83c0305a945753b5,jobberman,hotel-procurement-officer-rr6695,Procurement Officer,,,,Nigeria,unknown,,,,,,,,,,,,https://www.jobberman.com/listings/hotel-procurement-officer-rr6695,2026-08-30T15:51:56+00:00
e39dcfa0d12eb7aa,jobberman,hotel-security-officer-7jxx28,Security Officer,,,,Nigeria,unknown,,,,,,,,,,,,https://www.jobberman.com/listings/hotel-security-officer-7jxx28,2026-08-30T15:51:56+00:00
4248b13698e4dda4,jobberman,loan-officer-8mk9d0,Loan Officer,,,,Nigeria,unknown,,,,,,,,,,,,https://www.jobberman.com/listings/loan-officer-8mk9d0,2026-08-30T15:51:56+00:00
cf74926c06265c6d,jobberman,accountant-9krrqx,Accounting Officer,,,,Nigeria,unknown,,,,,,,,,,,,https://www.jobberman.com/listings/accountant-9krrqx,2026-08-30T15:51:56+00:00
67dead940bdd0a7a,jobberman,account-officer-qzwwre,Account Officer,,,,Nigeria,unknown,,,,,,,,,,,,https://www.jobberman.com/listings/account-officer-qzwwre,2026-08-30T15:51:56+00:00
9aa6c1c9a4023e06,jobberman,safety-officer-iso-certified-5prr0r,Safety Officer,,,,Nigeria,unknown,,,,,,,,,,,,https://www.jobberman.com/listings/safety-officer-iso-certified-5prr0r,2026-08-30T15:51:59+00:00
f06b336c891700ee,jobberman,admin-officer-pgnn4m,Admin Officer,,,,Nigeria,unknown,,,,,,,,,,,,https://www.jobberman.com/listings/admin-officer-pgnn4m,2026-08-30T15:51:59+00:00
5bda6f430db6f302,jobberman,procurement-officer-0k88wm,Procurement Officer,,,,Nigeria,unknown,,,,,,,,,,,,https://www.jobberman.com/listings/procurement-officer-0k88wm,2026-08-30T15:51:59+00:00
de615d7a0df41b15,jobberman,reconciliation-officer-pgnndq,Reconciliation Officer,,,,Nigeria,unknown,,,,,,,,,,,,https://www.jobberman.com/listings/reconciliation-officer-pgnndq,2026-08-30T15:51:59+00:00
d7d892432147a64e,jobberman,compliance-officer-erp9kz,Compliance Officer,,,,Nigeria,unknown,,,,,,,,,,,,https://www.jobberman.com/listings/compliance-officer-erp9kz,2026-08-30T15:51:59+00:00
a654225ffc3ce627,jobberman,procurement-officer-2k87gp,Procurement Officer,,,,Nigeria,unknown,,,,,,,,,,,,https://www.jobberman.com/listings/procurement-officer-2k87gp,2026-08-30T15:51:59+00:00
56b6e239a3b70089,jobberman,quotation-officer-freight-forwardinglogistics-0k8kq6,Quotation Officer,,,,Nigeria,unknown,,,,,,,,,,,,https://www.jobberman.com/listings/quotation-officer-freight-forwardinglogistics-0k8kq6,2026-08-30T15:51:59+00:00
ef65d3e6834756c5,jobberman,hr-officer-6qrqg4,HR Officer,,,,Nigeria,unknown,,,,,,,,,,,,https://www.jobberman.com/listings/hr-officer-6qrqg4,2026-08-30T15:51:59+00:00
cfc964af49dbcc0d,jobberman,female-procurement-officer-erpr62,Procurement Officer,,,,Nigeria,unknown,,,,,,,,,,,,https://www.jobberman.com/listings/female-procurement-officer-erpr62,2026-08-30T15:51:59+00:00
a01109ffee8c1d70,jobberman,account-officer-0k8kgz,Account officer,,,,Nigeria,unknown,,,,,,,,,,,,https://www.jobberman.com/listings/account-officer-0k8kgz,2026-08-30T15:51:59+00:00
3ae06bde4004779a,jobberman,inventory-officer-0k87mz,Inventory Officer,,,,Nigeria,unknown,,,,,,,,,,,,https://www.jobberman.com/listings/inventory-officer-0k87mz,2026-08-30T15:52:01+00:00
b9b86cea32b3ac15,jobberman,loan-officer-in-mfi-vd9wnx,Loan Officer,,,,Nigeria,unknown,,,,,,,,,,,,https://www.jobberman.com/listings/loan-officer-in-mfi-vd9wnx,2026-08-30T15:52:01+00:00
728345004b620815,jobberman,credit-officer-in-mfi-7jxwng,Credit Officer,,,,Nigeria,unknown,,,,,,,,,,,Other Tech,https://www.jobberman.com/listings/credit-officer-in-mfi-7jxwng,2026-08-30T15:52:01+00:00
1569fb9bbb093caa,jobberman,maintenance-officer-8mk4e4,Maintenance Officer,,,,Nigeria,unknown,,,,,,,,,,,,https://www.jobberman.com/listings/maintenance-officer-8mk4e4,2026-08-30T15:52:01+00:00
592414fe4a3bbdfa,jobberman,fleet-officerlogistics-officer-0k8w4k,Logistics Officer,,,,Nigeria,unknown,,,,,,,,,,,,https://www.jobberman.com/listings/fleet-officerlogistics-officer-0k8w4k,2026-08-30T15:52:01+00:00
7be485b8e987d942,jobberman,security-officer-wrnp85,Security Officer,,,,Nigeria,unknown,,,,,,,,,,,,https://www.jobberman.com/listings/security-officer-wrnp85,2026-08-30T15:52:01+00:00
3eae34ec68562f67,jobberman,finance-admin-officer-enugu-9jpevv,Finance Officer,,,,Nigeria,unknown,,,,,,,,,,,,https://www.jobberman.com/listings/finance-admin-officer-enugu-9jpevv,2026-08-30T15:52:01+00:00
6a2f30de8c06f3ab,jobberman,client-staff-relationship-officer-6qr68v,Relationship Officer,,,,Nigeria,unknown,,,,,,,,,,,,https://www.jobberman.com/listings/client-staff-relationship-officer-6qr68v,2026-08-30T15:52:01+00:00
238472fbed516afa,jobberman,legal-officer-wrnz0z,Legal Officer,,,,Nigeria,unknown,,,,,,,,,,,,https://www.jobberman.com/listings/legal-officer-wrnz0z,2026-08-30T15:52:01+00:00
961ed33e46e9325d,jobberman,procurement-officer-k765d2,Procurement Officer,,,,Nigeria,unknown,,,,,,,,,,,,https://www.jobberman.com/listings/procurement-officer-k765d2,2026-08-30T15:52:01+00:00
d8a2da9eb47f2246,jobberman,hr-officer-n90dkg,HR Officer,,,,Nigeria,unknown,,,,,,,,,,,,https://www.jobberman.com/listings/hr-officer-n90dkg,2026-08-30T15:52:01+00:00
dddba804c298f09b,jobberman,merchandising-officer-rr6q4n,Merchandising Officer,,,,Nigeria,unknown,,,,,,,,,,,,https://www.jobberman.com/listings/merchandising-officer-rr6q4n,2026-08-30T15:52:05+00:00
5ad82c7988a7f01f,jobberman,ticketing-officer-j65jww,Ticketing Officer,,,,Nigeria,unknown,,,,,,,,,,,,https://www.jobberman.com/listings/ticketing-officer-j65jww,2026-08-30T15:52:05+00:00
723e9645a3930564,jobberman,hotel-security-officer-d9dwnw,Security Officer,,,,Nigeria,unknown,,,,,,,,,,,,https://www.jobberman.com/listings/hotel-security-officer-d9dwnw,2026-08-30T15:52:05+00:00
2632ca38d66758b5,jobberman,warehouse-officer-5pr605,Warehouse officer,,,,Nigeria,unknown,,,,,,,,,,,,https://www.jobberman.com/listings/warehouse-officer-5pr605,2026-08-30T15:52:05+00:00
f83cfa5808b7bfdc,jobberman,office-cleaner-45r4v4,Office Cleaner,,,,Nigeria,unknown,,,,,,,,,,,,https://www.jobberman.com/listings/office-cleaner-45r4v4,2026-08-30T15:52:05+00:00
95e5f02578827472,jobberman,reconciliation-officer-n90gvm,Reconciliation Officer,,,,Nigeria,unknown,,,,,,,,,,,,https://www.jobberman.com/listings/reconciliation-officer-n90gvm,2026-08-30T15:52:05+00:00
f953c95cb1122923,jobberman,account-admin-officer-x8gn9q,Account Officer,,,,Nigeria,unknown,,,,,,,,,,,,https://www.jobberman.com/listings/account-admin-officer-x8gn9q,2026-08-30T15:52:05+00:00
0af62a12125ee522,jobberman,account-officer-9kr0k0,Account Officer,,,,Nigeria,unknown,,,,,,,,,,,,https://www.jobberman.com/listings/account-officer-9kr0k0,2026-08-30T15:52:05+00:00
87d88a96dc132419,jobberman,legal-officer-ondo-8mk0m4,Legal Officer,,,,Nigeria,unknown,,,,,,,,,,,,https://www.jobberman.com/listings/legal-officer-ondo-8mk0m4,2026-08-30T15:52:05+00:00
2de6616320f21f8a,jobberman,hmo-officer-z8zgv6,HMO Officer,,,,Nigeria,unknown,,,,,,,,,,,,https://www.jobberman.com/listings/hmo-officer-z8zgv6,2026-08-30T15:52:05+00:00
82f7fbcafc5336bb,jobberman,account-officer-7jpknd,Account Officer,,,,Nigeria,unknown,,,,,,,,,,,,https://www.jobberman.com/listings/account-officer-7jpknd,2026-08-30T15:52:05+00:00
0c0e2ad44babf2c1,jobberman,office-boy-9k5ppj,Office Boy,,,,Nigeria,unknown,,,,,,,,,,,,https://www.jobberman.com/listings/office-boy-9k5ppj,2026-08-30T15:52:05+00:00
57e0b98ee5029680,jobberman,marketing-officer-wrgd06,Marketing Officer,,,,Nigeria,unknown,,,,,,,,,,,,https://www.jobberman.com/listings/marketing-officer-wrgd06,2026-08-30T15:52:08+00:00
dbd5714febc720f6,jobberman,operations-officer-d905rm,Operations Officer,,,,Nigeria,unknown,,,,,,,,,,,,https://www.jobberman.com/listings/operations-officer-d905rm,2026-08-30T15:52:08+00:00
2bdfd3a8cc4da5ea,jobberman,treasury-officer-8mpeer,Treasury Officer,,,,Nigeria,unknown,,,,,,,,,,,,https://www.jobberman.com/listings/treasury-officer-8mpeer,2026-08-30T15:52:08+00:00
b6e5afba663580cd,jobberman,admission-officer-0kne58,Admission Officer,,,,Nigeria,unknown,,,,,,,,,,,,https://www.jobberman.com/listings/admission-officer-0kne58,2026-08-30T15:52:08+00:00
2d483fb3254b7c98,jobberman,field-officer-2k7mpe,Field Officer,,,,Nigeria,unknown,,,,,,,,,,,,https://www.jobberman.com/listings/field-officer-2k7mpe,2026-08-30T15:52:08+00:00
ccaa53f596f7c4d5,jobberman,creative-media-officer-pg0vxv,Media Officer,,,,Nigeria,unknown,,,,,,,,,,,,https://www.jobberman.com/listings/creative-media-officer-pg0vxv,2026-08-30T15:52:08+00:00
6d3eac1b9c68a7d4,jobberman,credit-officer-er94px,Credit Officer,,,,Nigeria,unknown,,,,,,,,,,,Other Tech,https://www.jobberman.com/listings/credit-officer-er94px,2026-08-30T15:52:08+00:00
2bb884b6d623a110,jobberman,inventory-officer-9k575x,Inventory Officer,,,,Nigeria,unknown,,,,,,,,,,,,https://www.jobberman.com/listings/inventory-officer-9k575x,2026-08-30T15:52:08+00:00
48a74ba74189b48a,jobberman,marketing-7jp2pm,Marketing Officer,,,,Nigeria,unknown,,,,,,,,,,,,https://www.jobberman.com/listings/marketing-7jp2pm,2026-08-30T15:52:08+00:00
3c1967016e064efb,jobberman,sales-officer-9k5qgw,Sales Officer,,,,Nigeria,unknown,,,,,,,,,,,,https://www.jobberman.com/listings/sales-officer-9k5qgw,2026-08-30T15:52:08+00:00
46d388f492497f8e,jobberman,logistics-officer-x8gv9w,Logistics Officer,,,,Nigeria,unknown,,,,,,,,,,,,https://www.jobberman.com/listings/logistics-officer-x8gv9w,2026-08-30T15:52:18+00:00
44fa09515ed83e56,jobberman,sales-executive-wrg795,Sales Officer,,,,Nigeria,unknown,,,,,,,,,,,,https://www.jobberman.com/listings/sales-executive-wrg795,2026-08-30T15:52:18+00:00
1cb5ab33089812ce,jobberman,operations-officer-parcel-scanning-documentation-450v29,Operations Officer,,,,Nigeria,unknown,,,,,,,,,,,,https://www.jobberman.com/listings/operations-officer-parcel-scanning-documentation-450v29,2026-08-30T15:52:18+00:00
425b3c981e4faa2d,jobberman,security-5p902x,Security Officer,,,,Nigeria,unknown,,,,,,,,,,,,https://www.jobberman.com/listings/security-5p902x,2026-08-30T15:52:18+00:00
60cbc927ce1c22bc,jobberman,legal-officer-vdg6xk,Legal Officer,,,,Nigeria,unknown,,,,,,,,,,,,https://www.jobberman.com/listings/legal-officer-vdg6xk,2026-08-30T15:52:18+00:00
3819547257ea2931,jobberman,archive-officer-5p9kk7,Archive Officer,,,,Nigeria,unknown,,,,,,,,,,,,https://www.jobberman.com/listings/archive-officer-5p9kk7,2026-08-30T15:52:18+00:00
b20cc66d482be81d,jobberman,cyber-security-0kn44k,Cybersecurity Officer,,,,Nigeria,unknown,,,,,,,,,,,Cybersecurity,https://www.jobberman.com/listings/cyber-security-0kn44k,2026-08-30T15:52:18+00:00
dcd4c5ea8f0ee3ea,jobberman,legal-officer-0kn46k,Legal Officer,,,,Nigeria,unknown,,,,,,,,,,,,https://www.jobberman.com/listings/legal-officer-0kn46k,2026-08-30T15:52:18+00:00
56e93100651ce3ad,jobberman,site-inspection-officer-0kn4vk,Inspection Officer,,,,Nigeria,unknown,,,,,,,,,,,,https://www.jobberman.com/listings/site-inspection-officer-0kn4vk,2026-08-30T15:52:18+00:00
1d7dc8db3470966b,jobberman,account-officer-4509p5,Account Officer,,,,Nigeria,unknown,,,,,,,,,,,,https://www.jobberman.com/listings/account-officer-4509p5,2026-08-30T15:52:22+00:00
ed96fe1e86c4c567,jobberman,program-officer-n97vwg,Program Officer,,,,Nigeria,unknown,,,,,,,,,,,,https://www.jobberman.com/listings/program-officer-n97vwg,2026-08-30T15:52:22+00:00
068e970da9de3f7f,jobberman,procurement-officer-m06762,Procurement Officer,,,,Nigeria,unknown,,,,,,,,,,,,https://www.jobberman.com/listings/procurement-officer-m06762,2026-08-30T15:52:22+00:00
de5e6c2ffbd436f0,jobberman,storeinventory-officer-d90q0w,Inventory Officer,,,,Nigeria,unknown,,,,,,,,,,,,https://www.jobberman.com/listings/storeinventory-officer-d90q0w,2026-08-30T15:52:22+00:00
0f7cd8e362ff8064,jobberman,audit-officer-gmpk70,Audit Officer,,,,Nigeria,unknown,,,,,,,,,,,Other Tech,https://www.jobberman.com/listings/audit-officer-gmpk70,2026-08-30T15:52:22+00:00
2c849c4b8378bfd0,jobberman,hotel-security-officer-6qn28g,Security Officer,,,,Nigeria,unknown,,,,,,,,,,,,https://www.jobberman.com/listings/hotel-security-officer-6qn28g,2026-08-30T15:52:22+00:00
2f0146aaa0cbbc13,jobberman,supply-chain-procurement-officer-n97z5k,Procurement Officer,,,,Nigeria,unknown,,,,,,,,,,,,https://www.jobberman.com/listings/supply-chain-procurement-officer-n97z5k,2026-08-30T15:52:22+00:00
eb01291673fef105,jobberman,documentation-officer-qz9k77,Documentation Officer,,,,Nigeria,unknown,,,,,,,,,,,,https://www.jobberman.com/listings/documentation-officer-qz9k77,2026-08-30T15:52:22+00:00
1693651c1bd77ca6,jobberman,insurance-sales-officer-2k7re8,Marketing Officer,,,,Nigeria,unknown,,,,,,,,,,,,https://www.jobberman.com/listings/insurance-sales-officer-2k7re8,2026-08-30T15:52:22+00:00
813c2e58e5606373,jobberman,sales-officer-8mpdr9,Sales Officer,,,,Nigeria,unknown,,,,,,,,,,,,https://www.jobberman.com/listings/sales-officer-8mpdr9,2026-08-30T15:52:22+00:00
b720395f76ad6e7f,jobberman,program-officer-vdg04k,Program Officer,,,,Nigeria,unknown,,,,,,,,,,,,https://www.jobberman.com/listings/program-officer-vdg04k,2026-08-30T15:52:22+00:00
63b42b6002e7bc55,jobberman,office-assistant-qz9kqk,Office Assistant,,,,Nigeria,unknown,,,,,,,,,,,,https://www.jobberman.com/listings/office-assistant-qz9kqk,2026-08-30T15:52:22+00:00
781d39a657f5c3be,jobberman,office-assistant-5p9886,Office Assistant,,,,Nigeria,unknown,,,,,,,,,,,,https://www.jobberman.com/listings/office-assistant-5p9886,2026-08-30T15:52:36+00:00
27888e60db0086f3,jobberman,security-officer-gmpj0e,Security Officer,,,,Nigeria,unknown,,,,,,,,,,,,https://www.jobberman.com/listings/security-officer-gmpj0e,2026-08-30T15:52:36+00:00
fea07abc14c5bb25,jobberman,personnel-officer-awekoro-ogun-n97z6e,Personnel Officer,,,,Nigeria,unknown,,,,,,,,,,,,https://www.jobberman.com/listings/personnel-officer-awekoro-ogun-n97z6e,2026-08-30T15:52:36+00:00
e0bf7ad6219be806,jobberman,live-in-security-z8z6n6,Security officer,,,,Nigeria,unknown,,,,,,,,,,,,https://www.jobberman.com/listings/live-in-security-z8z6n6,2026-08-30T15:52:36+00:00
6b705448faf1aa70,jobberman,security-officer-rrn0p2,Security Officer,,,,Nigeria,unknown,,,,,,,,,,,,https://www.jobberman.com/listings/security-officer-rrn0p2,2026-08-30T15:52:36+00:00
7844375a0d2dbe81,jobberman,account-officer-k7pq5m,Account Officer,,,,Nigeria,unknown,,,,,,,,,,,,https://www.jobberman.com/listings/account-officer-k7pq5m,2026-08-30T15:52:36+00:00
f1009d3b4b1ee456,jobberman,operations-officer-9k5wnn,Operations Officer,,,,Nigeria,unknown,,,,,,,,,,,,https://www.jobberman.com/listings/operations-officer-9k5wnn,2026-08-30T15:52:36+00:00
e1d5001f88cab110,jobberman,procurement-officer-8mpnkx,Procurement Officer,,,,Nigeria,unknown,,,,,,,,,,,,https://www.jobberman.com/listings/procurement-officer-8mpnkx,2026-08-30T15:52:36+00:00
eeb717b82ebd2b1c,jobberman,hotel-security-officer-7jpgk5,Security Officer,,,,Nigeria,unknown,,,,,,,,,,,,https://www.jobberman.com/listings/hotel-security-officer-7jpgk5,2026-08-30T15:52:36+00:00
27f386acf5190a38,jobberman,finance-officer-rice-production-company-j6pzke,Finance Officer,,,,Nigeria,unknown,,,,,,,,,,,,https://www.jobberman.com/listings/finance-officer-rice-production-company-j6pzke,2026-08-30T15:52:40+00:00
bac0acac4b516ba4,jobberman,accounts-officer-8mpg6n,Accounts Officer,,,,Nigeria,unknown,,,,,,,,,,,,https://www.jobberman.com/listings/accounts-officer-8mpg6n,2026-08-30T15:52:40+00:00
e9cfde908a31339c,jobberman,account-officer-450p6p,Account Officer,,,,Nigeria,unknown,,,,,,,,,,,,https://www.jobberman.com/listings/account-officer-450p6p,2026-08-30T15:52:40+00:00
de76b1236768770b,jobberman,inventory-officer-vdgzkp,Inventory Officer,,,,Nigeria,unknown,,,,,,,,,,,,https://www.jobberman.com/listings/inventory-officer-vdgzkp,2026-08-30T15:52:40+00:00
93ea1e6691b2f48f,jobberman,facility-officer-8mpgp6,Facility Officer,,,,Nigeria,unknown,,,,,,,,,,,,https://www.jobberman.com/listings/facility-officer-8mpgp6,2026-08-30T15:52:40+00:00
4fd12aeadf7639bd,jobberman,security-officer-k7p075,Security Officer,,,,Nigeria,unknown,,,,,,,,,,,,https://www.jobberman.com/listings/security-officer-k7p075,2026-08-30T15:52:40+00:00
262d7d7016b983db,jobberman,admin-officer-9k596p,Administrative Officer,,,,Nigeria,unknown,,,,,,,,,,,,https://www.jobberman.com/listings/admin-officer-9k596p,2026-08-30T15:52:40+00:00
37d416b70ed72150,jobberman,chief-operating-officer-coo-0k9ggm,Chief Operating Officer,,,,Nigeria,unknown,,,,,,,,,,,,https://www.jobberman.com/listings/chief-operating-officer-coo-0k9ggm,2026-08-30T15:52:40+00:00
90e475a7e71f9c25,jobberman,chief-financial-officer-cfo-7j088e,Chief Financial Officer,,,,Nigeria,unknown,,,,,,,,,,,,https://www.jobberman.com/listings/chief-financial-officer-cfo-7j088e,2026-08-30T15:52:40+00:00
168f64678d41107e,jobberman,chief-operating-officer-m0jm96,Chief Operating Officer,,,,Nigeria,unknown,,,,,,,,,,,,https://www.jobberman.com/listings/chief-operating-officer-m0jm96,2026-08-30T15:52:40+00:00
3a6918553450b7af,jobberman,relationship-sales-officer-0k9pze,Relationship Sales Officer,,,,Nigeria,unknown,,,,,,,,,,,,https://www.jobberman.com/listings/relationship-sales-officer-0k9pze,2026-08-30T15:52:40+00:00
ccfe5c81b62f0612,jobberman,chief-financial-officer-7j0v9z,Chief Financial Officer,,,,Nigeria,unknown,,,,,,,,,,,,https://www.jobberman.com/listings/chief-financial-officer-7j0v9z,2026-08-30T15:52:43+00:00
1394a890f33630d7,jobberman,corporate-sales-officer-d92r4r,Corporate Sales Officer,,,,Nigeria,unknown,,,,,,,,,,,,https://www.jobberman.com/listings/corporate-sales-officer-d92r4r,2026-08-30T15:52:43+00:00
2fc0b1f76e44d715,jobberman,business-development-officer-recruitment-industry-erpg6d,Business Development Officer,,,,Nigeria,unknown,,,,,,,,,,,,https://www.jobberman.com/listings/business-development-officer-recruitment-industry-erpg6d,2026-08-30T15:52:43+00:00
43cdf234c9d6b004,jobberman,human-resource-associate-5pr7e7,Human Resource Officer,,,,Nigeria,unknown,,,,,,,,,,,,https://www.jobberman.com/listings/human-resource-associate-5pr7e7,2026-08-30T15:52:43+00:00
108b212945d6d5b3,jobberman,head-of-sales-microfinance-m0v82r,Head of Sales Officer,,,,Nigeria,unknown,,,,,,,,,,,,https://www.jobberman.com/listings/head-of-sales-microfinance-m0v82r,2026-08-30T15:52:43+00:00
990f02dfe5c0c299,jobberman,senior-medical-officer-z8rgm6,Senior Medical Officer,,,,Nigeria,unknown,,,,,,,,,,,,https://www.jobberman.com/listings/senior-medical-officer-z8rgm6,2026-08-30T15:52:43+00:00
fe93ac3b5698a87f,jobberman,business-development-officer-equipment-leasing-7jxn6d,Business Development Officer,,,,Nigeria,unknown,,,,,,,,,,,,https://www.jobberman.com/listings/business-development-officer-equipment-leasing-7jxn6d,2026-08-30T15:52:43+00:00
15a1ad344dee6bde,jobberman,senior-compliance-officer-wrnq04,Senior Compliance Officer,,,,Nigeria,unknown,,,,,,,,,,,,https://www.jobberman.com/listings/senior-compliance-officer-wrnq04,2026-08-30T15:52:43+00:00
aedf16b8e102bfd9,jobberman,business-development-manager-q20r04,Business Development Officer,,,,Nigeria,unknown,,,,,,,,,,,,https://www.jobberman.com/listings/business-development-manager-q20r04,2026-08-30T15:52:43+00:00
1b19c28292153811,jobberman,field-sales-officers-pgnk0m,Field Sales Officers,,,,Nigeria,unknown,,,,,,,,,,,,https://www.jobberman.com/listings/field-sales-officers-pgnk0m,2026-08-30T15:52:43+00:00
2cbb747138a3bc24,jobberman,business-development-officer-0k8mnx,Business Development Officer,,,,Nigeria,unknown,,,,,,,,,,,,https://www.jobberman.com/listings/business-development-officer-0k8mnx,2026-08-30T15:52:46+00:00
83d736b12d114c4a,jobberman,chief-operating-officer-coo-pgnx9q,Chief Operating Officer,,,,Nigeria,unknown,,,,,,,,,,,,https://www.jobberman.com/listings/chief-operating-officer-coo-pgnx9q,2026-08-30T15:52:46+00:00
0eeaf62b8363719e,jobberman,sales-marketing-officer-9krpq0,Sales & Marketing Officer,,,,Nigeria,unknown,,,,,,,,,,,,https://www.jobberman.com/listings/sales-marketing-officer-9krpq0,2026-08-30T15:52:46+00:00
01382b9079288234,jobberman,client-sales-officer-8mkjvx,Client Service Officer,,,,Nigeria,unknown,,,,,,,,,,,,https://www.jobberman.com/listings/client-sales-officer-8mkjvx,2026-08-30T15:52:46+00:00
f324020adda1a3b2,jobberman,international-job-placement-officer-vd9298,Job Placement Officer,,,,Nigeria,unknown,,,,,,,,,,,,https://www.jobberman.com/listings/international-job-placement-officer-vd9298,2026-08-30T15:52:46+00:00
3a935a9f97329038,jobberman,executive-operations-officer-z8rnwv,Executive Operations Officer,,,,Nigeria,unknown,,,,,,,,,,,,https://www.jobberman.com/listings/executive-operations-officer-z8rnwv,2026-08-30T15:52:46+00:00
58dc38c489e79b78,jobberman,client-relationship-officer-8mkjdr,Client Relationship Officer,,,,Nigeria,unknown,,,,,,,,,,,,https://www.jobberman.com/listings/client-relationship-officer-8mkjdr,2026-08-30T15:52:46+00:00
fe1d57cde7ae9493,jobberman,call-center-officer-gm4nz9,Call Center Officer,,,,Nigeria,unknown,,,,,,,,,,,,https://www.jobberman.com/listings/call-center-officer-gm4nz9,2026-08-30T15:52:46+00:00
60530da0efdf4d27,jobberman,credit-and-marketing-officer-q2e8vz,Credit and Marketing Officer,,,,Nigeria,unknown,,,,,,,,,,,,https://www.jobberman.com/listings/credit-and-marketing-officer-q2e8vz,2026-08-30T15:52:50+00:00
652eefe0ed252601,jobberman,customer-service-officer-pgnzdm,Customer Service Officer,,,,Nigeria,unknown,,,,,,,,,,,,https://www.jobberman.com/listings/customer-service-officer-pgnzdm,2026-08-30T15:52:50+00:00
43469cb2c47cf35e,jobberman,sales-marketing-officer-k764m5,Sales & Marketing Officer,,,,Nigeria,unknown,,,,,,,,,,,,https://www.jobberman.com/listings/sales-marketing-officer-k764m5,2026-08-30T15:52:50+00:00
d0caf11f80208946,jobberman,front-desk-officer-8mk6q6,Front Desk Officer,,,,Nigeria,unknown,,,,,,,,,,,,https://www.jobberman.com/listings/front-desk-officer-8mk6q6,2026-08-30T15:52:50+00:00
c81103ff7912b0dd,jobberman,research-and-development-officer-pgnvxr,Research And Development Officer,,,,Nigeria,unknown,,,,,,,,,,,,https://www.jobberman.com/listings/research-and-development-officer-pgnvxr,2026-08-30T15:52:50+00:00
5ae8aac2b1c1789a,jobberman,quality-control-officer-gm4xv0,Quality Control Officer,,,,Nigeria,unknown,,,,,,,,,,,,https://www.jobberman.com/listings/quality-control-officer-gm4xv0,2026-08-30T15:52:50+00:00
cc50335844726ce4,jobberman,customer-service-officer-fashion-brand-m0v262,Customer Service Officer,,,,Nigeria,unknown,,,,,,,,,,,,https://www.jobberman.com/listings/customer-service-officer-fashion-brand-m0v262,2026-08-30T15:52:50+00:00
6651cac0ede8f5a2,jobberman,quality-control-k76j7w,Quality Assurance Officer,,,,Nigeria,unknown,,,,,,,,,,,QA & Testing,https://www.jobberman.com/listings/quality-control-k76j7w,2026-08-30T15:52:50+00:00
bd8219318b7ed9c2,jobberman,marketingsales-officer-vd98p8,Marketing/Sales Officer,,,,Nigeria,unknown,,,,,,,,,,,,https://www.jobberman.com/listings/marketingsales-officer-vd98p8,2026-08-30T15:52:50+00:00
551d670a76131985,jobberman,chief-operating-officer-8mk6zz,Chief Operating Officer,,,,Nigeria,unknown,,,,,,,,,,,,https://www.jobberman.com/listings/chief-operating-officer-8mk6zz,2026-08-30T15:52:50+00:00
70cffe495d17e320,jobberman,business-development-officer-2k8mkj,Business Development Officer,,,,Nigeria,unknown,,,,,,,,,,,,https://www.jobberman.com/listings/business-development-officer-2k8mkj,2026-08-30T15:52:50+00:00
3ccfbc8f7a30a332,jobberman,business-development-officer-6qrjez,Business Development Officer,,,,Nigeria,unknown,,,,,,,,,,,,https://www.jobberman.com/listings/business-development-officer-6qrjez,2026-08-30T15:52:50+00:00
8a563a347f7bf5a2,jobberman,finance-accounts-officer-rr6emq,Finance & Accounts Officer,,,,Nigeria,unknown,,,,,,,,,,,,https://www.jobberman.com/listings/finance-accounts-officer-rr6emq,2026-08-30T15:52:50+00:00
461f027610a59ffe,jobberman,business-development-officer-9krq67,Business Development Officer,,,,Nigeria,unknown,,,,,,,,,,,,https://www.jobberman.com/listings/business-development-officer-9krq67,2026-08-30T15:52:50+00:00
14b898c76ec3d5bb,jobberman,record-archive-officer-0k8jzj,Record / Archive Officer,,,,Nigeria,unknown,,,,,,,,,,,,https://www.jobberman.com/listings/record-archive-officer-0k8jzj,2026-08-30T15:52:53+00:00
daf715ddda27e7a2,jobberman,admin-and-logistic-officer-wrn78d,Admin and Logistic Officer,,,,Nigeria,unknown,,,,,,,,,,,,https://www.jobberman.com/listings/admin-and-logistic-officer-wrn78d,2026-08-30T15:52:53+00:00
cce029f59860bdea,jobberman,student-recruitment-officer-m0v256,Student Recruitment Officer,,,,Nigeria,unknown,,,,,,,,,,,,https://www.jobberman.com/listings/student-recruitment-officer-m0v256,2026-08-30T15:52:53+00:00
7f761a9b84fc8b4c,jobberman,business-development-officer-rr69z8,Business Development Officer,,,,Nigeria,unknown,,,,,,,,,,,,https://www.jobberman.com/listings/business-development-officer-rr69z8,2026-08-30T15:52:53+00:00
14d2e16c66d63a92,jobberman,business-development-officer-8mk6vz,Business Development Officer,,,,Nigeria,unknown,,,,,,,,,,,,https://www.jobberman.com/listings/business-development-officer-8mk6vz,2026-08-30T15:52:53+00:00
eed9cbc2fd76c002,jobberman,site-technical-officer-7jxzmq,Site Technical Officer,,,,Nigeria,unknown,,,,,,,,,,,Other Tech,https://www.jobberman.com/listings/site-technical-officer-7jxzmq,2026-08-30T15:52:53+00:00
9207ba5020dc301d,jobberman,we-are-hiring-technical-sales-officers-45rvmm,Technical Sales Officer,,,,Nigeria,unknown,,,,,,,,,,,Other Tech,https://www.jobberman.com/listings/we-are-hiring-technical-sales-officers-45rvmm,2026-08-30T15:52:53+00:00
0a05cbba39dda428,jobberman,chief-security-officer-wrn7wk,Chief Security Officer,,,,Nigeria,unknown,,,,,,,,,,,,https://www.jobberman.com/listings/chief-security-officer-wrn7wk,2026-08-30T15:52:53+00:00
523e9bc39f6b31e8,jobberman,admininventory-officer-x8w704,Admin/inventory Officer,,,,Nigeria,unknown,,,,,,,,,,,,https://www.jobberman.com/listings/admininventory-officer-x8w704,2026-08-30T15:52:53+00:00
bee0514fba1e0822,jobberman,business-development-officer-5prker,Business Development Officer,,,,Nigeria,unknown,,,,,,,,,,,,https://www.jobberman.com/listings/business-development-officer-5prker,2026-08-30T15:52:53+00:00
1ff855ee898a3a0b,jobberman,business-development-officer-beauty-brand-d9dgv0,Business Development Officer,,,,Nigeria,unknown,,,,,,,,,,,,https://www.jobberman.com/listings/business-development-officer-beauty-brand-d9dgv0,2026-08-30T15:52:53+00:00
d7e8f22220592a06,jobberman,credit-sales-officer-gm46nq,Credit sales officer,,,,Nigeria,unknown,,,,,,,,,,,,https://www.jobberman.com/listings/credit-sales-officer-gm46nq,2026-08-30T15:52:53+00:00
fc57c9dd891ec7a5,jobberman,shipping-and-logistics-officer-7jxz05,Shipping and Logistics Officer,,,,Nigeria,unknown,,,,,,,,,,,,https://www.jobberman.com/listings/shipping-and-logistics-officer-7jxz05,2026-08-30T15:52:53+00:00
771f6c6738494a47,jobberman,international-verification-officer-45rgvz,International Verification Officer,,,,Nigeria,unknown,,,,,,,,,,,,https://www.jobberman.com/listings/international-verification-officer-45rgvz,2026-08-30T15:52:53+00:00
43726859b0edead8,jobberman,admin-and-office-assistant-gm4642,Admin and Office Assistant,,,,Nigeria,unknown,,,,,,,,,,,,https://www.jobberman.com/listings/admin-and-office-assistant-gm4642,2026-08-30T15:52:57+00:00
a28a775e16829e7b,jobberman,experienced-front-desk-officer-pgn4dp,Front Desk Officer,,,,Nigeria,unknown,,,,,,,,,,,,https://www.jobberman.com/listings/experienced-front-desk-officer-pgn4dp,2026-08-30T15:52:57+00:00
cdc68363b913b355,jobberman,account-payable-officer-7jxqkx,Account Payable Officer,,,,Nigeria,unknown,,,,,,,,,,,,https://www.jobberman.com/listings/account-payable-officer-7jxqkx,2026-08-30T15:52:57+00:00
25f681c8d8a76fd9,jobberman,account-receivable-officer-z8rk78,Account Receivable Officer,,,,Nigeria,unknown,,,,,,,,,,,,https://www.jobberman.com/listings/account-receivable-officer-z8rk78,2026-08-30T15:52:57+00:00
23a17137533a6a40,jobberman,business-development-officer-k76znv,Business Development Officer,,,,Nigeria,unknown,,,,,,,,,,,,https://www.jobberman.com/listings/business-development-officer-k76znv,2026-08-30T15:52:57+00:00
badcc77f3e65dc8b,jobberman,business-development-officer-gm4670,Business Development Officer,,,,Nigeria,unknown,,,,,,,,,,,,https://www.jobberman.com/listings/business-development-officer-gm4670,2026-08-30T15:52:57+00:00
234e18acd17d2164,jobberman,business-development-officer-m0vwqd,Business Development Officer,,,,Nigeria,unknown,,,,,,,,,,,,https://www.jobberman.com/listings/business-development-officer-m0vwqd,2026-08-30T15:52:57+00:00
6d9295928ffab4e8,jobberman,customer-service-officer-qzwnpk,Customer Service Officer,,,,Nigeria,unknown,,,,,,,,,,,,https://www.jobberman.com/listings/customer-service-officer-qzwnpk,2026-08-30T15:52:57+00:00
70b04e35cb2bab36,jobberman,schools-outreach-officer-rr6wgx,Schools & Outreach Officer,,,,Nigeria,unknown,,,,,,,,,,,,https://www.jobberman.com/listings/schools-outreach-officer-rr6wgx,2026-08-30T15:52:57+00:00
6cb421c1e3bda9fd,jobberman,internal-audit-officer-5prn02,Internal Audit Officer,,,,Nigeria,unknown,,,,,,,,,,,Other Tech,https://www.jobberman.com/listings/internal-audit-officer-5prn02,2026-08-30T15:52:57+00:00
ce62feba49c18858,jobberman,human-resource-officer-pgn96v,Human Resource Officer,,,,Nigeria,unknown,,,,,,,,,,,,https://www.jobberman.com/listings/human-resource-officer-pgn96v,2026-08-30T15:52:57+00:00
3f5e12f55edf21a5,jobberman,office-managergombe-state-8mk80j,Office/Sales Manager,,,,Nigeria,unknown,,,,,,,,,,,,https://www.jobberman.com/listings/office-managergombe-state-8mk80j,2026-08-30T15:52:57+00:00
7426787b789fbae2,jobberman,customer-service-officer-m0v7mr,Customer Service Officer,,,,Nigeria,unknown,,,,,,,,,,,,https://www.jobberman.com/listings/customer-service-officer-m0v7mr,2026-08-30T15:53:01+00:00
e3b6ec679076693c,jobberman,programme-partnership-officer-5prnx7,Programme & Partnership Officer,,,,Nigeria,unknown,,,,,,,,,,,,https://www.jobberman.com/listings/programme-partnership-officer-5prnx7,2026-08-30T15:53:01+00:00
681ac32499f47f24,jobberman,inventory-logistics-officer-9krx4v,Inventory & Logistics Officer,,,,Nigeria,unknown,,,,,,,,,,,,https://www.jobberman.com/listings/inventory-logistics-officer-9krx4v,2026-08-30T15:53:01+00:00
b5701b1c4d44e56b,jobberman,marketing-enrolment-officer-2k897v,Marketing & Enrolment Officer,,,,Nigeria,unknown,,,,,,,,,,,,https://www.jobberman.com/listings/marketing-enrolment-officer-2k897v,2026-08-30T15:53:01+00:00
c99421f6c7b4c816,jobberman,legal-tech-officers-qzwx9z,Legal Tech Officer,,,,Nigeria,unknown,,,,,,,,,,,,https://www.jobberman.com/listings/legal-tech-officers-qzwx9z,2026-08-30T15:53:01+00:00
5237543a51bc8b06,jobberman,business-development-officer-erpzv9,Business Development Officer,,,,Nigeria,unknown,,,,,,,,,,,,https://www.jobberman.com/listings/business-development-officer-erpzv9,2026-08-30T15:53:01+00:00
b68f1b2fdc3c9417,jobberman,supply-chain-officer-erpzq9,Supply Chain Officer,,,,Nigeria,unknown,,,,,,,,,,,,https://www.jobberman.com/listings/supply-chain-officer-erpzq9,2026-08-30T15:53:01+00:00
6869c5798c029afe,jobberman,sales-and-partnership-officer-k76n5m,Sales & Partnership Officer,,,,Nigeria,unknown,,,,,,,,,,,,https://www.jobberman.com/listings/sales-and-partnership-officer-k76n5m,2026-08-30T15:53:01+00:00
f58b6d6277d71df8,jobberman,procurementstore-officer-m0vk6w,Procurement/Store Officer,,,,Nigeria,unknown,,,,,,,,,,,,https://www.jobberman.com/listings/procurementstore-officer-m0vk6w,2026-08-30T15:53:01+00:00
d9b4b0d7b26adcc3,jobberman,business-development-officer-2k827p,Business Development Officer,,,,Nigeria,unknown,,,,,,,,,,,,https://www.jobberman.com/listings/business-development-officer-2k827p,2026-08-30T15:53:01+00:00
10848da4cda412b2,jobberman,adminfront-desk-officer-45r252,Front desk Officer,,,,Nigeria,unknown,,,,,,,,,,,,https://www.jobberman.com/listings/adminfront-desk-officer-45r252,2026-08-30T15:53:01+00:00
7cd634ea55fe14e2,jobberman,chief-compliance-officer-erpwgx,Chief Compliance Officer,,,,Nigeria,unknown,,,,,,,,,,,,https://www.jobberman.com/listings/chief-compliance-officer-erpwgx,2026-08-30T15:53:01+00:00
11b9f48cce1a13ee,jobberman,front-desk-rr6445,Front Desk Officer,,,,Nigeria,unknown,,,,,,,,,,,,https://www.jobberman.com/listings/front-desk-rr6445,2026-08-30T15:53:05+00:00
20e194cba1115188,jobberman,business-development-officer-x8weez,Business Development Officer,,,,Nigeria,unknown,,,,,,,,,,,,https://www.jobberman.com/listings/business-development-officer-x8weez,2026-08-30T15:53:05+00:00
74b435b61cdbb93d,jobberman,customer-service-officer-qzw84z,Customer Service Officer,,,,Nigeria,unknown,,,,,,,,,,,,https://www.jobberman.com/listings/customer-service-officer-qzw84z,2026-08-30T15:53:05+00:00
d3439f396ac8a2d0,jobberman,business-development-officer-z8r52n,Business Development Officer,,,,Nigeria,unknown,,,,,,,,,,,,https://www.jobberman.com/listings/business-development-officer-z8r52n,2026-08-30T15:53:05+00:00
f9d0e7ffb1833638,jobberman,business-develpment-officer-erpjd4,Business Develpment Officer,,,,Nigeria,unknown,,,,,,,,,,,,https://www.jobberman.com/listings/business-develpment-officer-erpjd4,2026-08-30T15:53:05+00:00
2d9412616ed6fd27,jobberman,quality-control-officer-2k8d22,Quality Control officer,,,,Nigeria,unknown,,,,,,,,,,,,https://www.jobberman.com/listings/quality-control-officer-2k8d22,2026-08-30T15:53:05+00:00
d0ca4b279df2d4ea,jobberman,business-development-officer-training-consulting-j652n8,Business Development Officer,,,,Nigeria,unknown,,,,,,,,,,,,https://www.jobberman.com/listings/business-development-officer-training-consulting-j652n8,2026-08-30T15:53:05+00:00
1c150b6c8400e722,jobberman,business-development-officer-temporary-backfill-erp24j,Business Development Officer,,,,Nigeria,unknown,,,,,,,,,,,,https://www.jobberman.com/listings/business-development-officer-temporary-backfill-erp24j,2026-08-30T15:53:05+00:00
88f69eb6e27c9e2e,jobberman,business-development-officer-6qr50z,Business Development Officer,,,,Nigeria,unknown,,,,,,,,,,,,https://www.jobberman.com/listings/business-development-officer-6qr50z,2026-08-30T15:53:05+00:00
28de99d3f8d73e73,jobberman,qaqc-officer-chemistry-z8rx7x,QA/QC Officer,,,,Nigeria,unknown,,,,,,,,,,,,https://www.jobberman.com/listings/qaqc-officer-chemistry-z8rx7x,2026-08-30T15:53:09+00:00
8ed9788f1f5c0e45,jobberman,internal-control-officer-qzw6je,Internal Control Officer,,,,Nigeria,unknown,,,,,,,,,,,,https://www.jobberman.com/listings/internal-control-officer-qzw6je,2026-08-30T15:53:09+00:00
b0a2de7bdbb8d5e2,jobberman,front-desk-officer-6qr5pg,Front desk officer,,,,Nigeria,unknown,,,,,,,,,,,,https://www.jobberman.com/listings/front-desk-officer-6qr5pg,2026-08-30T15:53:09+00:00
16c010159149a782,jobberman,front-desk-officer-k760ev,Front desk officer,,,,Nigeria,unknown,,,,,,,,,,,,https://www.jobberman.com/listings/front-desk-officer-k760ev,2026-08-30T15:53:09+00:00
b0b75e19681fbb7a,jobberman,front-desk-officer-n90jqw,Front Desk Officer,,,,Nigeria,unknown,,,,,,,,,,,,https://www.jobberman.com/listings/front-desk-officer-n90jqw,2026-08-30T15:53:09+00:00
6d766527deb41594,jobberman,front-desk-officer-9krnvn,Front Desk officer,,,,Nigeria,unknown,,,,,,,,,,,,https://www.jobberman.com/listings/front-desk-officer-9krnvn,2026-08-30T15:53:09+00:00
a7797220797aa3ec,jobberman,human-resources-officer-x8wke2,Human Resources Officer,,,,Nigeria,unknown,,,,,,,,,,,,https://www.jobberman.com/listings/human-resources-officer-x8wke2,2026-08-30T15:53:09+00:00
b285f4afadbe9ac5,jobberman,talent-acquisition-officer-8mk9x0,Talent Acquisition Officer,,,,Nigeria,unknown,,,,,,,,,,,,https://www.jobberman.com/listings/talent-acquisition-officer-8mk9x0,2026-08-30T15:53:09+00:00
4549de8c408bc25e,jobberman,front-desk-officer-pgnj2j,Front Desk Officer,,,,Nigeria,unknown,,,,,,,,,,,,https://www.jobberman.com/listings/front-desk-officer-pgnj2j,2026-08-30T15:53:09+00:00
1fea03f031750e4e,jobberman,quality-assurance-officer-qzwwjw,Quality Assurance officer,,,,Nigeria,unknown,,,,,,,,,,,QA & Testing,https://www.jobberman.com/listings/quality-assurance-officer-qzwwjw,2026-08-30T15:53:09+00:00
ebd8e1f28715b793,jobberman,fleet-officerlogistics-officer-6qrrdv,Fleet /Logistics Officer,,,,Nigeria,unknown,,,,,,,,,,,,https://www.jobberman.com/listings/fleet-officerlogistics-officer-6qrrdv,2026-08-30T15:53:09+00:00
404ef1a5e2736c48,jobberman,it-officer-hardware-and-infrastructure-n900pg,IT Officer Hardware and infrastructure,,,,Nigeria,unknown,,,,,,,,,,,Other Tech,https://www.jobberman.com/listings/it-officer-hardware-and-infrastructure-n900pg,2026-08-30T15:53:09+00:00
a94da2b8adb6e56a,jobberman,inventory-count-officer-gm44g8,Inventory Count Officer,,,,Nigeria,unknown,,,,,,,,,,,,https://www.jobberman.com/listings/inventory-count-officer-gm44g8,2026-08-30T15:53:18+00:00
c9c6d8623100993c,jobberman,admin-account-officer-wrnnez,Admin Account Officer,,,,Nigeria,unknown,,,,,,,,,,,,https://www.jobberman.com/listings/admin-account-officer-wrnnez,2026-08-30T15:53:18+00:00
ad345d9b348cb86f,jobberman,insurance-claims-officer-2k88z2,Insurance Claims Officer,,,,Nigeria,unknown,,,,,,,,,,,,https://www.jobberman.com/listings/insurance-claims-officer-2k88z2,2026-08-30T15:53:18+00:00
5c72bd77d28d6acc,jobberman,business-development-officer-bdo1-d9d9r7,Business Development Officer,,,,Nigeria,unknown,,,,,,,,,,,,https://www.jobberman.com/listings/business-development-officer-bdo1-d9d9r7,2026-08-30T15:53:18+00:00
ac7468673e5981ec,jobberman,background-check-officer-x8w84n,Background Check Officer,,,,Nigeria,unknown,,,,,,,,,,,,https://www.jobberman.com/listings/background-check-officer-x8w84n,2026-08-30T15:53:18+00:00
443b4ab5541e333d,jobberman,internal-control-executive-vd9dnw,Internal Control Officer,,,,Nigeria,unknown,,,,,,,,,,,,https://www.jobberman.com/listings/internal-control-executive-vd9dnw,2026-08-30T15:53:18+00:00
ec804182ceca8649,jobberman,front-desk-officer-2k7pz8,Front Desk Officer,,,,Nigeria,unknown,,,,,,,,,,,,https://www.jobberman.com/listings/front-desk-officer-2k7pz8,2026-08-30T15:53:18+00:00
57a87310c30fa4f7,jobberman,business-development-officer-j6pe2v,Business Development Officer,,,,Nigeria,unknown,,,,,,,,,,,,https://www.jobberman.com/listings/business-development-officer-j6pe2v,2026-08-30T15:53:18+00:00
4c8db26dc615a140,jobberman,front-desk-officer-0k87vd,Front Desk Officer,,,,Nigeria,unknown,,,,,,,,,,,,https://www.jobberman.com/listings/front-desk-officer-0k87vd,2026-08-30T15:53:18+00:00
c6fda85cd8449d19,jobberman,church-public-relations-officer-j65qdv,Public Relations Officer,,,,Nigeria,unknown,,,,,,,,,,,,https://www.jobberman.com/listings/church-public-relations-officer-j65qdv,2026-08-30T15:53:18+00:00
493aba9a50c16229,jobberman,front-desk-officer-gm4979,Front Desk Officer,,,,Nigeria,unknown,,,,,,,,,,,,https://www.jobberman.com/listings/front-desk-officer-gm4979,2026-08-30T15:53:18+00:00
40eeef174f32b825,jobberman,fleet-tracking-officer-m0vpkr,Fleet Tracking Officer,,,,Nigeria,unknown,,,,,,,,,,,,https://www.jobberman.com/listings/fleet-tracking-officer-m0vpkr,2026-08-30T15:53:21+00:00
4f364991c4c36db5,jobberman,chief-security-officer-0k8w06,Chief Security Officer,,,,Nigeria,unknown,,,,,,,,,,,,https://www.jobberman.com/listings/chief-security-officer-0k8w06,2026-08-30T15:53:21+00:00
604505779f3b7be8,jobberman,front-desk-officer-gm49j9,Front Desk Officer,,,,Nigeria,unknown,,,,,,,,,,,,https://www.jobberman.com/listings/front-desk-officer-gm49j9,2026-08-30T15:53:21+00:00
3977cc504a11af18,jobberman,front-desk-officer-gm4gr2,Front Desk Officer,,,,Nigeria,unknown,,,,,,,,,,,,https://www.jobberman.com/listings/front-desk-officer-gm4gr2,2026-08-30T15:53:21+00:00
393d9e376564899f,jobberman,marketing-communications-officer-erp589,Marketing & Communications Officer,,,,Nigeria,unknown,,,,,,,,,,,,https://www.jobberman.com/listings/marketing-communications-officer-erp589,2026-08-30T15:53:21+00:00
f0bc3527295ae285,jobberman,digital-marketing-officer-8mkzr4,Digital Marketing Officer,,,,Nigeria,unknown,,,,,,,,,,,,https://www.jobberman.com/listings/digital-marketing-officer-8mkzr4,2026-08-30T15:53:21+00:00
894613f0c9699c2f,jobberman,field-operations-officer-5pr6n5,Field Operations Officer,,,,Nigeria,unknown,,,,,,,,,,,,https://www.jobberman.com/listings/field-operations-officer-5pr6n5,2026-08-30T15:53:21+00:00
e23fdf3dc53af250,jobberman,credit-administration-officer-45r494,Credit Administration Officer,,,,Nigeria,unknown,,,,,,,,,,,,https://www.jobberman.com/listings/credit-administration-officer-45r494,2026-08-30T15:53:21+00:00
ec2c2927ed904136,jobberman,importexport-officers-2k8zk2,Import/Export Officer,,,,Nigeria,unknown,,,,,,,,,,,,https://www.jobberman.com/listings/importexport-officers-2k8zk2,2026-08-30T15:53:21+00:00
05b0df773515d745,jobberman,quality-and-control-officer-2k8z02,Quality and Control Officer,,,,Nigeria,unknown,,,,,,,,,,,,https://www.jobberman.com/listings/quality-and-control-officer-2k8z02,2026-08-30T15:53:21+00:00
db7778eb1b752eac,jobberman,digital-marketing-officer-vd9me2,Digital Marketing Officer,,,,Nigeria,unknown,,,,,,,,,,,,https://www.jobberman.com/listings/digital-marketing-officer-vd9me2,2026-08-30T15:53:21+00:00
535424653f05abd4,jobberman,business-development-officer-rrngg5,Business Development Officer,,,,Nigeria,unknown,,,,,,,,,,,,https://www.jobberman.com/listings/business-development-officer-rrngg5,2026-08-30T15:53:24+00:00
30c2419fc8e3c340,jobberman,guest-relations-officer-0knqrw,Guest Relations Officer,,,,Nigeria,unknown,,,,,,,,,,,,https://www.jobberman.com/listings/guest-relations-officer-0knqrw,2026-08-30T15:53:24+00:00
38c5375d7e2ed5f9,jobberman,human-resources-hr-officer-5p9mke,Client Relations Officer,,,,Nigeria,unknown,,,,,,,,,,,,https://www.jobberman.com/listings/human-resources-hr-officer-5p9mke,2026-08-30T15:53:24+00:00
4876a2d1ecc39f83,jobberman,business-development-officer-k7pwzn,Business Development Officer,,,,Nigeria,unknown,,,,,,,,,,,,https://www.jobberman.com/listings/business-development-officer-k7pwzn,2026-08-30T15:53:24+00:00
4b449ac83cb9b048,jobberman,front-desk-guest-relations-officer-x8g56w,Front Desk Officer,,,,Nigeria,unknown,,,,,,,,,,,,https://www.jobberman.com/listings/front-desk-guest-relations-officer-x8g56w,2026-08-30T15:53:24+00:00
6f1cd2287a258c72,jobberman,chief-information-officer-er96dk,Chief Information Officer,,,,Nigeria,unknown,,,,,,,,,,,,https://www.jobberman.com/listings/chief-information-officer-er96dk,2026-08-30T15:53:24+00:00
3f423e3c264610f1,jobberman,risk-and-compliance-officer-j6p8kv,Risk and Compliance Officer,,,,Nigeria,unknown,,,,,,,,,,,,https://www.jobberman.com/listings/risk-and-compliance-officer-j6p8kv,2026-08-30T15:53:28+00:00
399fc29b894913bc,jobberman,storekeeperinventory-officer-er94gd,Storekeeper / Inventory Officer,,,,Nigeria,unknown,,,,,,,,,,,,https://www.jobberman.com/listings/storekeeperinventory-officer-er94gd,2026-08-30T15:53:28+00:00
1eef27e7dfa45e0d,jobberman,business-development-officer-5p9jm7,Business Development Officer,,,,Nigeria,unknown,,,,,,,,,,,,https://www.jobberman.com/listings/business-development-officer-5p9jm7,2026-08-30T15:53:28+00:00
a27a72a10863ab28,jobberman,loan-recovery-officer-d90855,Loan Recovery Officer,,,,Nigeria,unknown,,,,,,,,,,,,https://www.jobberman.com/listings/loan-recovery-officer-d90855,2026-08-30T15:53:28+00:00
7223eb51ee767a1a,jobberman,human-resources-officer-2k7mwk,Human Resources Officer,,,,Nigeria,unknown,,,,,,,,,,,,https://www.jobberman.com/listings/human-resources-officer-2k7mwk,2026-08-30T15:53:28+00:00
1b6d67b9d346fd4a,jobberman,chief-financial-officer-7jjd45,Chief Financial Officer,,,,Nigeria,unknown,,,,,,,,,,,,https://www.jobberman.com/listings/chief-financial-officer-7jjd45,2026-08-30T15:53:28+00:00
674637e43019fc1c,jobberman,business-development-officer-6qnprz,Business Development Officer,,,,Nigeria,unknown,,,,,,,,,,,,https://www.jobberman.com/listings/business-development-officer-6qnprz,2026-08-30T15:53:28+00:00
bdf47f4e395ce5e1,jobberman,hmo-desk-officer-450k0z,Front Desk Officer,,,,Nigeria,unknown,,,,,,,,,,,,https://www.jobberman.com/listings/hmo-desk-officer-450k0z,2026-08-30T15:53:28+00:00
275578524bacb384,jobberman,business-development-officer-450vm9,Business Development Officer,,,,Nigeria,unknown,,,,,,,,,,,,https://www.jobberman.com/listings/business-development-officer-450vm9,2026-08-30T15:53:30+00:00
a81f1e9704acf666,jobberman,chief-financial-officer-m06ed2,Chief Financial Officer,,,,Nigeria,unknown,,,,,,,,,,,,https://www.jobberman.com/listings/chief-financial-officer-m06ed2,2026-08-30T15:53:30+00:00
0a6fb1b5bad9207d,jobberman,field-customer-officer-gmp6nm,Field Customer Officer,,,,Nigeria,unknown,,,,,,,,,,,,https://www.jobberman.com/listings/field-customer-officer-gmp6nm,2026-08-30T15:53:30+00:00
f7e57e9a7d5c22c6,jobberman,sales-and-marketing-officer-x8g7r2,Sales and Marketing Officer,,,,Nigeria,unknown,,,,,,,,,,,,https://www.jobberman.com/listings/sales-and-marketing-officer-x8g7r2,2026-08-30T15:53:30+00:00
03419d5d2f14db70,jobberman,brand-operation-officer-z8z0kv,Brand Operation Officer,,,,Nigeria,unknown,,,,,,,,,,,,https://www.jobberman.com/listings/brand-operation-officer-z8z0kv,2026-08-30T15:53:30+00:00
4b0a90496b79be6e,jobberman,transport-and-logistics-officer-gmp69q,Transport and Logistics Officer,,,,Nigeria,unknown,,,,,,,,,,,,https://www.jobberman.com/listings/transport-and-logistics-officer-gmp69q,2026-08-30T15:53:30+00:00
619132883801e1a4,jobberman,front-desk-officer-rrnx2g,Front Desk Officer,,,,Nigeria,unknown,,,,,,,,,,,,https://www.jobberman.com/listings/front-desk-officer-rrnx2g,2026-08-30T15:53:30+00:00
d7cce40949234318,jobberman,chief-operating-officer-rrnw7n,Chief Operating Officer,,,,Nigeria,unknown,,,,,,,,,,,,https://www.jobberman.com/listings/chief-operating-officer-rrnw7n,2026-08-30T15:53:30+00:00
b58a41493d4b1cdf,jobberman,business-development-officer-solar-industry-experience-450959,Business Developments officer,,,,Nigeria,unknown,,,,,,,,,,,,https://www.jobberman.com/listings/business-development-officer-solar-industry-experience-450959,2026-08-30T15:53:30+00:00
ec46ce163bbd3f9c,jobberman,hroperation-manager-6qn2wz,Human Resources Officer,,,,Nigeria,unknown,,,,,,,,,,,,https://www.jobberman.com/listings/hroperation-manager-6qn2wz,2026-08-30T15:53:32+00:00
7c2430b29b92b6bc,jobberman,customer-service-officer-n97k8x,Customer Service Officer,,,,Nigeria,unknown,,,,,,,,,,,,https://www.jobberman.com/listings/customer-service-officer-n97k8x,2026-08-30T15:53:32+00:00
11f78971de8d35dd,jobberman,corporate-sales-officer-x8ge4v,Corporate Sales Officer,,,,Nigeria,unknown,,,,,,,,,,,,https://www.jobberman.com/listings/corporate-sales-officer-x8ge4v,2026-08-30T15:53:32+00:00
643cc42527f888d3,jobberman,customer-service-officers-j6p778,Customer Service Officers,,,,Nigeria,unknown,,,,,,,,,,,,https://www.jobberman.com/listings/customer-service-officers-j6p778,2026-08-30T15:53:32+00:00
e8a144ee80fdca0d,jobberman,business-development-officer-vdg55g,Business Development Officer,,,,Nigeria,unknown,,,,,,,,,,,,https://www.jobberman.com/listings/business-development-officer-vdg55g,2026-08-30T15:53:32+00:00
269f58d31794e0d7,jobberman,brand-and-communication-officer-rrn45m,Brand and Communication Officer,,,,Nigeria,unknown,,,,,,,,,,,,https://www.jobberman.com/listings/brand-and-communication-officer-rrn45m,2026-08-30T15:53:32+00:00
12e7d1020072d68d,jobberman,mobile-clinic-van-marketing-officer-k7pqw8,Van Marketing Officer,,,,Nigeria,unknown,,,,,,,,,,,,https://www.jobberman.com/listings/mobile-clinic-van-marketing-officer-k7pqw8,2026-08-30T15:53:32+00:00
a935c0a36f84b5d1,jobberman,loan-recovery-officer-6qnme4,Loan Recovery Officer,,,,Nigeria,unknown,,,,,,,,,,,,https://www.jobberman.com/listings/loan-recovery-officer-6qnme4,2026-08-30T15:53:32+00:00
dd668eff908a5c59,jobberman,deposit-mobilization-officer-0knzrw,Deposit Mobilization Officer,,,,Nigeria,unknown,,,,,,,,,,,,https://www.jobberman.com/listings/deposit-mobilization-officer-0knzrw,2026-08-30T15:53:32+00:00
470d283eb343d38c,jobberman,promotional-marketing-officer-gmp0v9,Promotional Marketing Officer,,,,Nigeria,unknown,,,,,,,,,,,,https://www.jobberman.com/listings/promotional-marketing-officer-gmp0v9,2026-08-30T15:53:32+00:00
e24b25427643317a,jobberman,health-service-officer-8mpdw9,Health Service Officer,,,,Nigeria,unknown,,,,,,,,,,,,https://www.jobberman.com/listings/health-service-officer-8mpdw9,2026-08-30T15:53:32+00:00
acea6268c44e78b7,jobberman,chief-operating-officer-j6pwgg,Chief Operating Officer,,,,Nigeria,unknown,,,,,,,,,,,,https://www.jobberman.com/listings/chief-operating-officer-j6pwgg,2026-08-30T15:53:32+00:00
9ba0b785057b7cb5,jobberman,programs-and-partnerships-officer-2k7qxd,Programs and Partnerships Officer,,,,Nigeria,unknown,,,,,,,,,,,,https://www.jobberman.com/listings/programs-and-partnerships-officer-2k7qxd,2026-08-30T15:53:35+00:00
d7c691bb569d67da,jobberman,digital-media-officer-er928v,Digital Media Officer,,,,Nigeria,unknown,,,,,,,,,,,,https://www.jobberman.com/listings/digital-media-officer-er928v,2026-08-30T15:53:35+00:00
7715817adb8951bd,jobberman,skilled-front-desk-personnels-8mpgen,Front Desk Officer,,,,Nigeria,unknown,,,,,,,,,,,,https://www.jobberman.com/listings/skilled-front-desk-personnels-8mpgen,2026-08-30T15:53:35+00:00
cd45d497a6896747,jobberman,senior-medical-officer-vdgzzp,Senior Medical Officer,,,,Nigeria,unknown,,,,,,,,,,,,https://www.jobberman.com/listings/senior-medical-officer-vdgzzp,2026-08-30T15:53:35+00:00
fa4d21bf1b1742c0,jobberman,front-desk-officer-7jpg08,Front Desk Officer,,,,Nigeria,unknown,,,,,,,,,,,,https://www.jobberman.com/listings/front-desk-officer-7jpg08,2026-08-30T15:53:35+00:00
5e765406e2e02791,jobberman,front-desk-officer-d90n70,Front Desk Officer,,,,Nigeria,unknown,,,,,,,,,,,,https://www.jobberman.com/listings/front-desk-officer-d90n70,2026-08-30T15:53:35+00:00
23e1c06e41bfb2a1,jobberman,front-desk-officer-er9xzk,Front Desk Officer,,,,Nigeria,unknown,,,,,,,,,,,,https://www.jobberman.com/listings/front-desk-officer-er9xzk,2026-08-30T15:53:35+00:00
6ca453d92c723995,jobberman,cleaner-z8jvv9,Cleaner,,,,Nigeria,unknown,,,,,,,,,,,,https://www.jobberman.com/listings/cleaner-z8jvv9,2026-08-30T15:53:35+00:00
04d9f3e1fc13c62c,jobberman,restaurant-accountant-finance-reconciliation-officer-45rvw4,Accountant / Finance and Reconciliation Officer,,,,Nigeria,unknown,,,,,,,,,,,,https://www.jobberman.com/listings/restaurant-accountant-finance-reconciliation-officer-45rvw4,2026-08-30T15:53:35+00:00
f95984e0dbc9ae6f,jobberman,compliance-bidstendering-officer-marine-survey-company-5prkq0,Compliance & Bids/Tendering Officer,,,,Nigeria,unknown,,,,,,,,,,,,https://www.jobberman.com/listings/compliance-bidstendering-officer-marine-survey-company-5prkq0,2026-08-30T15:53:35+00:00
6dd4d2bef810a319,jobberman,property-operations-admin-officer-d9dgzg,Property Operations & Admin Officer,,,,Nigeria,unknown,,,,,,,,,,,,https://www.jobberman.com/listings/property-operations-admin-officer-d9dgzg,2026-08-30T15:53:37+00:00
d88217344f7e0a3d,jobberman,senior-risk-officer-sro-rr6kjm,Senior Risk Officer (SRO),,,,Nigeria,unknown,,,,,,,,,,,,https://www.jobberman.com/listings/senior-risk-officer-sro-rr6kjm,2026-08-30T15:53:37+00:00
998059ebb697d05d,jobberman,senior-sme-loan-officer-0k8vgz,Senior SME Loan Officer,,,,Nigeria,unknown,,,,,,,,,,,,https://www.jobberman.com/listings/senior-sme-loan-officer-0k8vgz,2026-08-30T15:53:37+00:00
44b85e2ff9fbdf83,jobberman,business-development-manager-assetfund-management-company-45rpkr,Business Development & Marketing Officer,,,,Nigeria,unknown,,,,,,,,,,,,https://www.jobberman.com/listings/business-development-manager-assetfund-management-company-45rpkr,2026-08-30T15:53:37+00:00
4fe4b166ea7f1508,jobberman,operations-and-client-relationship-officer-n90069,Operations and Client Relationship Officer,,,,Nigeria,unknown,,,,,,,,,,,,https://www.jobberman.com/listings/operations-and-client-relationship-officer-n90069,2026-08-30T15:53:37+00:00
137971e1e9b35d3d,jobberman,operations-and-client-relationship-officer-j6558g,Operations and Client Relationship Officer,,,,Nigeria,unknown,,,,,,,,,,,,https://www.jobberman.com/listings/operations-and-client-relationship-officer-j6558g,2026-08-30T15:53:37+00:00
34da0d90ead21259,jobberman,human-resources-and-admin-officer-9krnw7,Human Resources / Admin Officer,,,,Nigeria,unknown,,,,,,,,,,,,https://www.jobberman.com/listings/human-resources-and-admin-officer-9krnw7,2026-08-30T15:53:37+00:00
87ce7eaac925fee7,jobberman,chief-financial-officer-cfo-6qrrp7,Chief Financial Officer (CFO),,,,Nigeria,unknown,,,,,,,,,,,,https://www.jobberman.com/listings/chief-financial-officer-cfo-6qrrp7,2026-08-30T15:53:37+00:00
e2dbdf4699dd40c5,jobberman,quality-control-and-assurance-officer-7jxxve,Quality Control and Assurance Officer,,,,Nigeria,unknown,,,,,,,,,,,,https://www.jobberman.com/listings/quality-control-and-assurance-officer-7jxxve,2026-08-30T15:53:37+00:00
7619cc9f226d517d,jobberman,admissions-and-family-liaison-officer-5prp77,Admissions and Family Liaison Officer,,,,Nigeria,unknown,,,,,,,,,,,,https://www.jobberman.com/listings/admissions-and-family-liaison-officer-5prp77,2026-08-30T15:53:37+00:00
7cb2449c7c187444,jobberman,resident-internal-control-officer-pgn69v,Resident Internal Control Officer,,,,Nigeria,unknown,,,,,,,,,,,,https://www.jobberman.com/listings/resident-internal-control-officer-pgn69v,2026-08-30T15:53:37+00:00
192befab32dc487e,jobberman,health-safety-environment-hse-officers-7jx5rd,"Health, Safety & Environment Officer",,,,Nigeria,unknown,,,,,,,,,,,,https://www.jobberman.com/listings/health-safety-environment-hse-officers-7jx5rd,2026-08-30T15:53:37+00:00
5708b4a78871dff5,jobberman,marketing-and-brand-management-5p9k4r,Marketing & Client Retention Officer,,,,Nigeria,unknown,,,,,,,,,,,,https://www.jobberman.com/listings/marketing-and-brand-management-5p9k4r,2026-08-30T15:53:37+00:00
d9707c284a329f15,jobberman,sales-client-relations-officer-real-estate-6qrxj8,Sales & Client Relations Officer,,,,Nigeria,unknown,,,,,,,,,,,,https://www.jobberman.com/listings/sales-client-relations-officer-real-estate-6qrxj8,2026-08-30T15:53:40+00:00
35e8ac304b0f14e2,jobberman,internal-control-officer-auditor-vd9mpk,Internal Control Officer / Auditor,,,,Nigeria,unknown,,,,,,,,,,,,https://www.jobberman.com/listings/internal-control-officer-auditor-vd9mpk,2026-08-30T15:53:40+00:00
528afb0f67e3bc94,jobberman,content-creatorbranding-officer-d90xr2,Content Creator/Branding Officer,,,,Nigeria,unknown,,,,,,,,,,,,https://www.jobberman.com/listings/content-creatorbranding-officer-d90xr2,2026-08-30T15:53:40+00:00
54ea29f6062a5d50,jobberman,recruitment-selection-gesi-specialist-k7p492,"Recruitment, Selection & GESI Officer",,,,Nigeria,unknown,,,,,,,,,,,,https://www.jobberman.com/listings/recruitment-selection-gesi-specialist-k7p492,2026-08-30T15:53:40+00:00
a0c50ec0b467dd5a,jobberman,sales-digital-marketing-officer-pg0vnm,Sales & Digital Marketing Officer,,,,Nigeria,unknown,,,,,,,,,,,,https://www.jobberman.com/listings/sales-digital-marketing-officer-pg0vnm,2026-08-30T15:53:40+00:00
fc3deb516a04c022,jobberman,administrativegovernment-relations-officer-rrn9rj,Government Administrative relations officer,,,,Nigeria,unknown,,,,,,,,,,,,https://www.jobberman.com/listings/administrativegovernment-relations-officer-rrn9rj,2026-08-30T15:53:40+00:00
4a3f80b91d8d87bf,jobberman,sales-officer-0kkwrg,Paint and Coatings Sales officer,,,,Nigeria,unknown,,,,,,,,,,,,https://www.jobberman.com/listings/sales-officer-0kkwrg,2026-08-30T15:53:40+00:00
15afd2d37bff6b4e,jobberman,technical-sales-and-quotation-officer-9k5v8x,Technical Sales and Quotation Officer,,,,Nigeria,unknown,,,,,,,,,,,Other Tech,https://www.jobberman.com/listings/technical-sales-and-quotation-officer-9k5v8x,2026-08-30T15:53:40+00:00
b88f7e8d8e627541,jobberman,digital-marketing-communications-officer-8mp8kr,Digital Marketing & Communications Officer,,,,Nigeria,unknown,,,,,,,,,,,,https://www.jobberman.com/listings/digital-marketing-communications-officer-8mp8kr,2026-08-30T15:53:40+00:00
9ad091f232e9d3b2,jobberman,credit-sales-executive-7jpd6m,Credit Sales Officer(Field),,,,Nigeria,unknown,,,,,,,,,,,,https://www.jobberman.com/listings/credit-sales-executive-7jpd6m,2026-08-30T15:53:40+00:00
ebe36e8188f35c58,jobberman,customer-service-officer-ore-ondo-state-m06kqd,Customer Service Officer (Akure),,,,Nigeria,unknown,,,,,,,,,,,,https://www.jobberman.com/listings/customer-service-officer-ore-ondo-state-m06kqd,2026-08-30T15:53:40+00:00
86278dbfc26b4012,jobberman,marketingbusiness-development-officer-x8gxkm,Marketing/Business Development Officer,,,,Nigeria,unknown,,,,,,,,,,,,https://www.jobberman.com/listings/marketingbusiness-development-officer-x8gxkm,2026-08-30T15:53:42+00:00
bacf28e5368ab87e,jobberman,office-secretary-rrn9d4,Secretary,,,,Nigeria,unknown,,,,,,,,,,,,https://www.jobberman.com/listings/office-secretary-rrn9d4,2026-08-30T15:53:42+00:00
981a6299d00e3071,jobberman,office-driver-0knz6w,Driver,,,,Nigeria,unknown,,,,,,,,,,,,https://www.jobberman.com/listings/office-driver-0knz6w,2026-08-30T15:53:42+00:00
ac4f3a510d32ba18,jobberman,hradmin-executive-vdg78k,HR/Admin Executive,,,,Nigeria,unknown,,,,,,,,,,,,https://www.jobberman.com/listings/hradmin-executive-vdg78k,2026-08-30T15:53:42+00:00
c11550fa6177f996,jobberman,social-media-digital-marketing-officer-qz5q6v,Social Media & Digital Marketing Officer,,,,Nigeria,unknown,,,,,,,,,,,,https://www.jobberman.com/listings/social-media-digital-marketing-officer-qz5q6v,2026-08-30T15:53:42+00:00
e46c3ab4fe51a33b,jobberman,grant-writer-business-development-officer-vd92k8,Grant Writer & Business Development Officer,,,,Nigeria,unknown,,,,,,,,,,,,https://www.jobberman.com/listings/grant-writer-business-development-officer-vd92k8,2026-08-30T15:53:42+00:00
eac7f8ad6f369b3c,jobberman,customer-complaints-after-sales-officer-erpkz4,Customer Complaints & After-Sales Officer,,,,Nigeria,unknown,,,,,,,,,,,,https://www.jobberman.com/listings/customer-complaints-after-sales-officer-erpkz4,2026-08-30T15:53:42+00:00
be2d62144aeacf83,jobberman,property-coordinator-client-relations-officer-n90ngx,Property Coordinator & Client Relations Officer,,,,Nigeria,unknown,,,,,,,,,,,,https://www.jobberman.com/listings/property-coordinator-client-relations-officer-n90ngx,2026-08-30T15:53:42+00:00
9462b8c67346e6bf,jobberman,staff-nurse-first-aid-officer-erpwk4,Staff Nurse / First Aid Officer,,,,Nigeria,unknown,,,,,,,,,,,,https://www.jobberman.com/listings/staff-nurse-first-aid-officer-erpwk4,2026-08-30T15:53:42+00:00
111c9527b3b3c284,jobberman,merchant-pos-agency-banking-officer-gm45gn,Merchant POS / Agency Banking Officer,,,,Nigeria,unknown,,,,,,,,,,,,https://www.jobberman.com/listings/merchant-pos-agency-banking-officer-gm45gn,2026-08-30T15:53:45+00:00
cc2a2d0e294a7a31,jobberman,quality-controlassurance-officer-nasarawa-vdgqex,Quality Control/Assurance Officer- Nasarawa,,,,Nigeria,unknown,,,,,,,,,,,,https://www.jobberman.com/listings/quality-controlassurance-officer-nasarawa-vdgqex,2026-08-30T15:53:45+00:00
094535b38b947fb4,jobberman,office-site-administrator-456jm8,Site Administrator,,,,Nigeria,unknown,,,,,,,,,,,,https://www.jobberman.com/listings/office-site-administrator-456jm8,2026-08-30T15:53:45+00:00
f9c7b4e61c9f6e3f,jobberman,inventory-associate-45r5ze,Inventory Associate,,,,Nigeria,unknown,,,,,,,,,,,,https://www.jobberman.com/listings/inventory-associate-45r5ze,2026-08-30T15:53:45+00:00
ec29b367a95dd40a,jobberman,cleaner-d90pmm,Cleaner,,,,Nigeria,unknown,,,,,,,,,,,,https://www.jobberman.com/listings/cleaner-d90pmm,2026-08-30T15:53:45+00:00
c142d80fdf58fcb7,jobberman,cleaner-7jxerd,Cleaner,,,,Nigeria,unknown,,,,,,,,,,,,https://www.jobberman.com/listings/cleaner-7jxerd,2026-08-30T15:53:45+00:00
254e18f88588e57d,jobberman,finance-officer-d9dgew,Finance Assistant,,,,Nigeria,unknown,,,,,,,,,,,,https://www.jobberman.com/listings/finance-officer-d9dgew,2026-08-30T15:53:45+00:00
95e20278405e7558,jobberman,field-sales-representative-k76m5w,Field Sales Representative,,,,Nigeria,unknown,,,,,,,,,,,,https://www.jobberman.com/listings/field-sales-representative-k76m5w,2026-08-30T15:53:45+00:00
2e3faada8305f317,jobberman,echnical-business-development-officer-solar-solutions-8mk6pr,Technical Business Development Officer (Solar Solutions),,,,Nigeria,unknown,,,,,,,,,,,Other Tech,https://www.jobberman.com/listings/echnical-business-development-officer-solar-solutions-8mk6pr,2026-08-30T15:53:45+00:00
35a98ef63b11d01f,jobberman,customer-service-representative-z8rne6,Customer Service Respresentative,,,,Nigeria,unknown,,,,,,,,,,,,https://www.jobberman.com/listings/customer-service-representative-z8rne6,2026-08-30T15:53:45+00:00
f357af3928faffbd,jobberman,territory-sales-manager-j65rd6,Territory Sales Manager,,,,Nigeria,unknown,,,,,,,,,,,,https://www.jobberman.com/listings/territory-sales-manager-j65rd6,2026-08-30T15:53:45+00:00
fc258ec6f403a693,jobberman,front-officereceptionist-9krnxn,Receptionist,,,,Nigeria,unknown,,,,,,,,,,,,https://www.jobberman.com/listings/front-officereceptionist-9krnxn,2026-08-30T15:53:48+00:00
9b14bd9f2c7d7153,jobberman,sales-agents-j65pme,Sales Agents,,,,Nigeria,unknown,,,,,,,,,,,,https://www.jobberman.com/listings/sales-agents-j65pme,2026-08-30T15:53:48+00:00
7db76cf99f634fec,jobberman,patrol-security-supervisor-z8z6wg,Patrol Security Supervisor,,,,Nigeria,unknown,,,,,,,,,,,,https://www.jobberman.com/listings/patrol-security-supervisor-z8z6wg,2026-08-30T15:53:48+00:00
bfc76219a57032a4,jobberman,hmo-secretary-vdgr92,Secretary,,,,Nigeria,unknown,,,,,,,,,,,,https://www.jobberman.com/listings/hmo-secretary-vdgr92,2026-08-30T15:53:48+00:00
661b15ef122430a8,jobberman,digital-marketer-vd9kvg,Digital Marketer,,,,Nigeria,unknown,,,,,,,,,,,,https://www.jobberman.com/listings/digital-marketer-vd9kvg,2026-08-30T15:53:48+00:00
2e12613a690e303e,jobberman,driver-2k7mgk,Driver,,,,Nigeria,unknown,,,,,,,,,,,,https://www.jobberman.com/listings/driver-2k7mgk,2026-08-30T15:53:48+00:00
0619dc2335c6bbb6,jobberman,marketer-and-sales-representative-x8wk9m,Marketer and sales representative,,,,Nigeria,unknown,,,,,,,,,,,,https://www.jobberman.com/listings/marketer-and-sales-representative-x8wk9m,2026-08-30T15:53:48+00:00
d214133dff4f588d,jobberman,administrative-secretary-m0vnzm,Administrative Secretary,,,,Nigeria,unknown,,,,,,,,,,,,https://www.jobberman.com/listings/administrative-secretary-m0vnzm,2026-08-30T15:53:51+00:00
a2c8bc90caffaeb4,jobberman,cleaner-7jxr08,Cleaner,,,,Nigeria,unknown,,,,,,,,,,,,https://www.jobberman.com/listings/cleaner-7jxr08,2026-08-30T15:53:51+00:00
36945095527296c7,jobberman,executive-driver-450zv9,Executive Driver,,,,Nigeria,unknown,,,,,,,,,,,,https://www.jobberman.com/listings/executive-driver-450zv9,2026-08-30T15:53:51+00:00
8c192bfbb97ac48d,jobberman,driver-executive-x8g0vv,Driver,,,,Nigeria,unknown,,,,,,,,,,,,https://www.jobberman.com/listings/driver-executive-x8g0vv,2026-08-30T15:53:51+00:00
00c9a90fa33fcd79,jobberman,relationship-manager-k76j8w,Relationship Manager,,,,Nigeria,unknown,,,,,,,,,,,,https://www.jobberman.com/listings/relationship-manager-k76j8w,2026-08-30T15:53:51+00:00
21a1b4acf8d2464f,jobberman,surfer-captain-z8rj0d,Surfer Captain,,,,Nigeria,unknown,,,,,,,,,,,,https://www.jobberman.com/listings/surfer-captain-z8rj0d,2026-08-30T15:53:51+00:00
a05ed9afd57ff1a6,jobberman,front-desk-and-guest-experience-erp0j2,Front Desk and Guest Experience,,,,Nigeria,unknown,,,,,,,,,,,,https://www.jobberman.com/listings/front-desk-and-guest-experience-erp0j2,2026-08-30T15:53:51+00:00
c81ce25db510c268,jobberman,sales-representative-poultry-7jx9nj,Sales Representative,,,,Nigeria,unknown,,,,,,,,,,,,https://www.jobberman.com/listings/sales-representative-poultry-7jx9nj,2026-08-30T15:53:51+00:00
9fc49ec745428fc6,jobberman,cleaner-2k762j,Cleaner,,,,Nigeria,unknown,,,,,,,,,,,,https://www.jobberman.com/listings/cleaner-2k762j,2026-08-30T15:53:54+00:00
3d285163e4ec9065,jobberman,finance-administration-manager-n99rqk,Finance & Administration Manager,,,,Nigeria,unknown,,,,,,,,,,,,https://www.jobberman.com/listings/finance-administration-manager-n99rqk,2026-08-30T15:53:54+00:00
5ddf71490ce9dcb3,jobberman,finance-officer-pgnvgp,Finance Manager,,,,Nigeria,unknown,,,,,,,,,,,,https://www.jobberman.com/listings/finance-officer-pgnvgp,2026-08-30T15:53:54+00:00
ea055087fbc09d6c,jobberman,facility-listing-manager-k76xkj,Facility / Listing Manager,,,,Nigeria,unknown,,,,,,,,,,,,https://www.jobberman.com/listings/facility-listing-manager-k76xkj,2026-08-30T15:53:54+00:00
cb6a9c8f08a499e0,jobberman,site-administrator-lekki-j6pz8e,Site Administrator,,,,Nigeria,unknown,,,,,,,,,,,,https://www.jobberman.com/listings/site-administrator-lekki-j6pz8e,2026-08-30T15:53:54+00:00
7cbc6cd97a7beae3,jobberman,secretary-0knmg6,Secretary,,,,Nigeria,unknown,,,,,,,,,,,,https://www.jobberman.com/listings/secretary-0knmg6,2026-08-30T15:53:54+00:00
873a4a61975683c3,jobberman,front-desk-5p9mqr,Front Desk Personnel,,,,Nigeria,unknown,,,,,,,,,,,,https://www.jobberman.com/listings/front-desk-5p9mqr,2026-08-30T15:53:54+00:00
59ad30289cd93c99,jobberman,network-infrastructure-manager-vdg2m2,Network Infrastructure Manager,,,,Nigeria,unknown,,,,,,,,,,,,https://www.jobberman.com/listings/network-infrastructure-manager-vdg2m2,2026-08-30T15:53:54+00:00
5251ff5268f0e3a9,jobberman,management-trainee-hrm-x8gnmq,Management Trainee,,,,Nigeria,unknown,,,,,,,,,,,,https://www.jobberman.com/listings/management-trainee-hrm-x8gnmq,2026-08-30T15:53:54+00:00
2fd53529decaf421,jobberman,marketing-sales-executive-pg07mw,Marketing & Sales Executive,,,,Nigeria,unknown,,,,,,,,,,,,https://www.jobberman.com/listings/marketing-sales-executive-pg07mw,2026-08-30T15:53:57+00:00
3dcf6373fe0f637f,jobberman,regional-sales-manager-for-poultry-feed-gm465n,Regional Sales Manager,,,,Nigeria,unknown,,,,,,,,,,,,https://www.jobberman.com/listings/regional-sales-manager-for-poultry-feed-gm465n,2026-08-30T15:53:57+00:00
febdaddb2da39568,jobberman,relationship-manager-loan-officer-2k7de8,Relationship Manager,,,,Nigeria,unknown,,,,,,,,,,,,https://www.jobberman.com/listings/relationship-manager-loan-officer-2k7de8,2026-08-30T15:53:57+00:00
386290b3c5fa1641,jobberman,lead-mechanical-engineer-d904xm,Lead Mechanical Engineer,,,,Nigeria,unknown,,,,,,,,,,,Other Tech,https://www.jobberman.com/listings/lead-mechanical-engineer-d904xm,2026-08-30T15:53:57+00:00
25d8811cba647cb7,jobberman,experienced-hotel-receptionist-k76wrj,Hotel Receptionist,,,,Nigeria,unknown,,,,,,,,,,,,https://www.jobberman.com/listings/experienced-hotel-receptionist-k76wrj,2026-08-30T15:53:57+00:00
7e25f46fe389b893,jobberman,talent-acquisition-specialist-qzwr0e,Talent Acquisition Specialist,,,,Nigeria,unknown,,,,,,,,,,,,https://www.jobberman.com/listings/talent-acquisition-specialist-qzwr0e,2026-08-30T15:53:57+00:00
18278f308fa05628,jobberman,hotel-operational-supervisor-0k84gd,Hotel Operational Supervisor,,,,Nigeria,unknown,,,,,,,,,,,,https://www.jobberman.com/listings/hotel-operational-supervisor-0k84gd,2026-08-30T15:53:57+00:00
0dd956147bb7c481,jobberman,sales-managerb2b-j65z0d,Sales Manager,,,,Nigeria,unknown,,,,,,,,,,,,https://www.jobberman.com/listings/sales-managerb2b-j65z0d,2026-08-30T15:53:57+00:00
b4fdcc6bea154e5c,jobberman,hotel-operational-supervisor-m0vv29,Operational Supervisor,,,,Nigeria,unknown,,,,,,,,,,,,https://www.jobberman.com/listings/hotel-operational-supervisor-m0vv29,2026-08-30T15:53:57+00:00
51075f170946c9fe,jobberman,experienced-hotel-receptionist-45rrgz,Receptionist,,,,Nigeria,unknown,,,,,,,,,,,,https://www.jobberman.com/listings/experienced-hotel-receptionist-45rrgz,2026-08-30T15:53:57+00:00
471887975a78f70d,jobberman,admin-executive-k7689m,Admin Executive,,,,Nigeria,unknown,,,,,,,,,,,,https://www.jobberman.com/listings/admin-executive-k7689m,2026-08-30T15:54:00+00:00
2e206756d45922d8,jobberman,experienced-front-desk-personnel-7jx7gx,Front Desk Personnel,,,,Nigeria,unknown,,,,,,,,,,,,https://www.jobberman.com/listings/experienced-front-desk-personnel-7jx7gx,2026-08-30T15:54:00+00:00
2be6acab120061fb,jobberman,experienced-hotel-operational-supervisor-z8r4x8,Operational Supervisor,,,,Nigeria,unknown,,,,,,,,,,,,https://www.jobberman.com/listings/experienced-hotel-operational-supervisor-z8r4x8,2026-08-30T15:54:00+00:00
f0e3be0bdcf93b60,jobberman,front-desk-personnel-wrgd7g,Front Desk Personnel,,,,Nigeria,unknown,,,,,,,,,,,,https://www.jobberman.com/listings/front-desk-personnel-wrgd7g,2026-08-30T15:54:00+00:00
0507bee25b299baa,jobberman,hotel-operational-supervisor-450vw5,Operational Supervisor,,,,Nigeria,unknown,,,,,,,,,,,,https://www.jobberman.com/listings/hotel-operational-supervisor-450vw5,2026-08-30T15:54:00+00:00
d7aef63bc171b507,jobberman,hotel-operation-supervisor-pg05rr,Hotel Operation Supervisor,,,,Nigeria,unknown,,,,,,,,,,,,https://www.jobberman.com/listings/hotel-operation-supervisor-pg05rr,2026-08-30T15:54:00+00:00
de01af6277978343,jobberman,maintenance-personnel-electricalacplumbering-8mp2rp,Maintenance Personnel,,,,Nigeria,unknown,,,,,,,,,,,,https://www.jobberman.com/listings/maintenance-personnel-electricalacplumbering-8mp2rp,2026-08-30T15:54:00+00:00
e91be872582cdd87,jobberman,hotel-operational-supervisor-2k7g4e,Hotel Operational Supervisor,,,,Nigeria,unknown,,,,,,,,,,,,https://www.jobberman.com/listings/hotel-operational-supervisor-2k7g4e,2026-08-30T15:54:00+00:00
a8c45f6e7aebc7a6,jobberman,customer-service-and-operation-assistance-450x9z,Customer Care & Operation Assistance,,,,Nigeria,unknown,,,,,,,,,,,,https://www.jobberman.com/listings/customer-service-and-operation-assistance-450x9z,2026-08-30T15:54:00+00:00
b8fcf69f1e91439c,jobberman,hotel-front-desk-k7pddv,Front Desk,,,,Nigeria,unknown,,,,,,,,,,,,https://www.jobberman.com/listings/hotel-front-desk-k7pddv,2026-08-30T15:54:00+00:00
c1143a50920b2a00,jobberman,regional-hr-manager-n9jgdg,HR Manager,,,,Nigeria,unknown,,,,,,,,,,,,https://www.jobberman.com/listings/regional-hr-manager-n9jgdg,2026-08-30T15:54:04+00:00
6125e951a57854e3,jobberman,agency-sales-manager-2k8vxd,Sales Manager,,,,Nigeria,unknown,,,,,,,,,,,,https://www.jobberman.com/listings/agency-sales-manager-2k8vxd,2026-08-30T15:54:04+00:00
90527cbd8b2fe32e,jobberman,project-manager-architect-d975x7,Project Manager,,,,Nigeria,unknown,,,,,,,,,,,,https://www.jobberman.com/listings/project-manager-architect-d975x7,2026-08-30T15:54:04+00:00
53b440eb0ca40995,jobberman,manage-the-business-and-sales-of-adopas-7jxnxm,Business Development Manager,,,,Nigeria,unknown,,,,,,,,,,,,https://www.jobberman.com/listings/manage-the-business-and-sales-of-adopas-7jxnxm,2026-08-30T15:54:04+00:00
ac9957fddbbae247,jobberman,marketing-executive-k7pznz,Marketing Executive,,,,Nigeria,unknown,,,,,,,,,,,,https://www.jobberman.com/listings/marketing-executive-k7pznz,2026-08-30T15:54:04+00:00
1b30859febc34554,jobberman,administrative-assistant-4509r9,Administrative Assistant,,,,Nigeria,unknown,,,,,,,,,,,,https://www.jobberman.com/listings/administrative-assistant-4509r9,2026-08-30T15:54:04+00:00
5b3a0659ef991aec,jobberman,driver-4502wr,Driver,,,,Nigeria,unknown,,,,,,,,,,,,https://www.jobberman.com/listings/driver-4502wr,2026-08-30T15:54:04+00:00
4f2887d200d93146,jobberman,operations-coordinator-9krn67,Operations Coordinator,,,,Nigeria,unknown,,,,,,,,,,,,https://www.jobberman.com/listings/operations-coordinator-9krn67,2026-08-30T15:54:18+00:00
0c4477bfe236f7e0,jobberman,office-operations-manager-rr68mx,Operations Manager,,,,Nigeria,unknown,,,,,,,,,,,,https://www.jobberman.com/listings/office-operations-manager-rr68mx,2026-08-30T15:54:18+00:00
dc55f6151380a86e,jobberman,business-sales-advisor-wrme65-v11,Business Sales Advisor,,,,Nigeria,unknown,,,,,,,,,,,,https://www.jobberman.com/listings/business-sales-advisor-wrme65-v11,2026-08-30T15:54:18+00:00
67b3297238dc0cce,jobberman,unit-manager-at-jules-construction-z8r9kq,Unit Manager at Jules Construction,,,,Nigeria,unknown,,,,,,,,,,,Other Tech,https://www.jobberman.com/listings/unit-manager-at-jules-construction-z8r9kq,2026-08-30T15:54:21+00:00
26175a66e7f9efb2,jobberman,financial-sales-advisor-m0grg6-v10,Financial Sales Advisor,,,,Nigeria,unknown,,,,,,,,,,,,https://www.jobberman.com/listings/financial-sales-advisor-m0grg6-v10,2026-08-30T15:54:21+00:00
432903e4e052d208,jobberman,tender-manager-wrn7zg-v1,Tender Manager,,,,Nigeria,unknown,,,,,,,,,,,,https://www.jobberman.com/listings/tender-manager-wrn7zg-v1,2026-08-30T15:54:21+00:00
8a46e38c8fc9a001,jobberman,client-relationship-executive-at-jules-construction-n90889-v1,Client Relationship Executive at Jules Construction,,,,Nigeria,unknown,,,,,,,,,,,,https://www.jobberman.com/listings/client-relationship-executive-at-jules-construction-n90889-v1,2026-08-30T15:54:21+00:00
cd7812163615ed96,jobberman,ibps-so-recruitment-2021-registration-begins-for-1828-vacancies-heres-how-to-apply-5prr80-v1,"IBPS SO recruitment 2021: Registration begins for 1,828 vacancies; here's how to apply",,,,Nigeria,unknown,,,,,,,,,,,,https://www.jobberman.com/listings/ibps-so-recruitment-2021-registration-begins-for-1828-vacancies-heres-how-to-apply-5prr80-v1,2026-08-30T15:54:21+00:00
8f7e1e50b1d4c516,jobberman,business-development-executive-rrrwx2-v4,Business Development Executive,,,,Nigeria,unknown,,,,,,,,,,,,https://www.jobberman.com/listings/business-development-executive-rrrwx2-v4,2026-08-30T15:54:26+00:00
788b3fdf8a685040,jobberman,wellness-operations-assistant-at-jules-construction-vd96rj,Wellness Operations Assistant at Jules Construction,,,,Nigeria,unknown,,,,,,,,,,,,https://www.jobberman.com/listings/wellness-operations-assistant-at-jules-construction-vd96rj,2026-08-30T15:54:26+00:00
dabd8bee52115083,jobberman,general-manger-retailconsumer-banking-uyo-akwa-ibom-state-2k869g,"General Manager, Business Development & Consumer/Retail Banking",,,,Nigeria,unknown,,,,,,,,,,,,https://www.jobberman.com/listings/general-manger-retailconsumer-banking-uyo-akwa-ibom-state-2k869g,2026-08-30T15:54:47+00:00
3f8dc5b6407e5b6c,jobberman,growth-community-executive-n9046g,Growth and Community Executive,,,,Nigeria,unknown,,,,,,,,,,,,https://www.jobberman.com/listings/growth-community-executive-n9046g,2026-08-30T15:54:47+00:00
7d689f879377d7d3,jobberman,social-media-manager-graphic-designer-qzw074,Sales & Marketing Executive,,,,Nigeria,unknown,,,,,,,,,,,,https://www.jobberman.com/listings/social-media-manager-graphic-designer-qzw074,2026-08-30T15:54:47+00:00
3ec3dd1c9a9d4f54,jobberman,full-stack-product-engineer-gm4xq4,Full-Stack Product Engineer,,,,Nigeria,unknown,,,,,,,,,,,Other Tech,https://www.jobberman.com/listings/full-stack-product-engineer-gm4xq4,2026-08-30T15:54:47+00:00
7795e162ba350654,jobberman,b2b-payments-sales-executive-j65g4e,Sales Executive,,,,Nigeria,unknown,,,,,,,,,,,,https://www.jobberman.com/listings/b2b-payments-sales-executive-j65g4e,2026-08-30T15:54:47+00:00
e04e9f133ae9560d,jobberman,finance-manager-0k86je,Finance Manager,,,,Nigeria,unknown,,,,,,,,,,,,https://www.jobberman.com/listings/finance-manager-0k86je,2026-08-30T15:54:47+00:00
9f26fa0d765be362,jobberman,restaurant-manager-erxndk,Restaurant Manager,,,,Nigeria,unknown,,,,,,,,,,,,https://www.jobberman.com/listings/restaurant-manager-erxndk,2026-08-30T15:54:47+00:00
689710fe05beac46,jobberman,sales-coordinator-456j62,Sales Coordinator,,,,Nigeria,unknown,,,,,,,,,,,,https://www.jobberman.com/listings/sales-coordinator-456j62,2026-08-30T15:54:47+00:00
d97efe4fb7f60433,jobberman,shipping-clearance-assistant-5pzwg6,Shipping / Clearance Assistant,,,,Nigeria,unknown,,,,,,,,,,,,https://www.jobberman.com/listings/shipping-clearance-assistant-5pzwg6,2026-08-30T15:54:47+00:00
2f2b13be879ceb15,jobberman,retail-sales-manager-9kn0wn,Retail Sales Manager,,,,Nigeria,unknown,,,,,,,,,,,,https://www.jobberman.com/listings/retail-sales-manager-9kn0wn,2026-08-30T15:54:47+00:00
1cf4b12b728b96dc,jobberman,restaurant-supervisor-assistant-restaurant-manager-0k9pd8,Restaurant Supervisor / Assistant Restaurant Manager,,,,Nigeria,unknown,,,,,,,,,,,,https://www.jobberman.com/listings/restaurant-supervisor-assistant-restaurant-manager-0k9pd8,2026-08-30T15:54:47+00:00
f3168e8c0bb03c32,jobberman,lead-facilitator-video-editor-j6xmz8,Lead Facilitator & Video Editor,,,,Nigeria,unknown,,,,,,,,,,,,https://www.jobberman.com/listings/lead-facilitator-video-editor-j6xmz8,2026-08-30T15:54:47+00:00
13f5092aee22001b,jobberman,business-growth-onboarding-associate-x8wznw,Field Sales & Onboarding Associate,,,,Nigeria,unknown,,,,,,,,,,,,https://www.jobberman.com/listings/business-growth-onboarding-associate-x8wznw,2026-08-30T15:54:49+00:00
7d442c86efb574f4,jobberman,hr-operation-manager-n90mne,HR & Operation Manager,,,,Nigeria,unknown,,,,,,,,,,,,https://www.jobberman.com/listings/hr-operation-manager-n90mne,2026-08-30T15:54:49+00:00
93c96337d48c042d,jobberman,account-manager-m0v202,Account Manager,,,,Nigeria,unknown,,,,,,,,,,,,https://www.jobberman.com/listings/account-manager-m0v202,2026-08-30T15:54:49+00:00
595e679572f2ea56,jobberman,projects-fabrication-manager-j65k6v,Experiential Projects & Fabrication Manager,,,,Nigeria,unknown,,,,,,,,,,,,https://www.jobberman.com/listings/projects-fabrication-manager-j65k6v,2026-08-30T15:54:49+00:00
48ac9425aa8ebada,jobberman,marketing-sales-branding-manager-0k8r2e,"Marketing, Sales & Branding Manager",,,,Nigeria,unknown,,,,,,,,,,,,https://www.jobberman.com/listings/marketing-sales-branding-manager-0k8r2e,2026-08-30T15:54:49+00:00
70e2d54fa62ecb7f,jobberman,head-teacher-7jx27z,Head Teacher,,,,Nigeria,unknown,,,,,,,,,,,,https://www.jobberman.com/listings/head-teacher-7jx27z,2026-08-30T15:54:49+00:00
b2bff90e51e9c3d7,jobberman,shortlets-acquisition-manager-7jxzm5,Shortlet Acquisition Manager,,,,Nigeria,unknown,,,,,,,,,,,,https://www.jobberman.com/listings/shortlets-acquisition-manager-7jxzm5,2026-08-30T15:54:49+00:00
212778a208b1f991,jobberman,laundromat-manager-qzwrne,Laundromat Manager,,,,Nigeria,unknown,,,,,,,,,,,,https://www.jobberman.com/listings/laundromat-manager-qzwrne,2026-08-30T15:54:49+00:00
fa3f6814f5b27d14,jobberman,experienced-social-media-manager-qzwrre,Social Media Manager,,,,Nigeria,unknown,,,,,,,,,,,,https://www.jobberman.com/listings/experienced-social-media-manager-qzwrre,2026-08-30T15:54:49+00:00
e58d9c5a941b9fbe,jobberman,car-sales-hire-executive-gm466q,Car Sales & Hire Executive,,,,Nigeria,unknown,,,,,,,,,,,,https://www.jobberman.com/listings/car-sales-hire-executive-gm466q,2026-08-30T15:54:49+00:00
d70029a2e29dac91,jobberman,accountant-erpkkx,Accountant,,,,Nigeria,unknown,,,,,,,,,,,,https://www.jobberman.com/listings/accountant-erpkkx,2026-08-30T15:54:49+00:00
6980cc9a6dc9337d,jobberman,branch-manager-z8r7k9,Branch Manager,,,,Nigeria,unknown,,,,,,,,,,,,https://www.jobberman.com/listings/branch-manager-z8r7k9,2026-08-30T15:54:49+00:00
97b434a1332db5fe,jobberman,marketing-sales-expert-pggzpp,Marketing & Sales Expert,,,,Nigeria,unknown,,,,,,,,,,,,https://www.jobberman.com/listings/marketing-sales-expert-pggzpp,2026-08-30T15:54:51+00:00
683f8c4ab02458e6,jobberman,manager-d9ddem,Manager,,,,Nigeria,unknown,,,,,,,,,,,,https://www.jobberman.com/listings/manager-d9ddem,2026-08-30T15:54:51+00:00
ca0b3ad0f6043f9d,jobberman,manager-0knrkx,Manager,,,,Nigeria,unknown,,,,,,,,,,,,https://www.jobberman.com/listings/manager-0knrkx,2026-08-30T15:54:51+00:00
9a054f37b692c637,jobberman,commercial-manager-j6x44w,Commercial Manager,,,,Nigeria,unknown,,,,,,,,,,,,https://www.jobberman.com/listings/commercial-manager-j6x44w,2026-08-30T15:54:51+00:00
ee22e9a79725d7c0,jobberman,sales-manager-8mkj84,Sales Manager,,,,Nigeria,unknown,,,,,,,,,,,,https://www.jobberman.com/listings/sales-manager-8mkj84,2026-08-30T15:54:51+00:00
3151565f86b9d8b5,jobberman,production-manager-0k844x,Production Manager,,,,Nigeria,unknown,,,,,,,,,,,,https://www.jobberman.com/listings/production-manager-0k844x,2026-08-30T15:54:51+00:00
bc1b0dbd629568c9,jobberman,technical-manager-m0v9d9,Technical Manager,,,,Nigeria,unknown,,,,,,,,,,,Other Tech,https://www.jobberman.com/listings/technical-manager-m0v9d9,2026-08-30T15:54:51+00:00
49293a2960656bb3,jobberman,operations-manager-45r5xe,Operations Manager,,,,Nigeria,unknown,,,,,,,,,,,,https://www.jobberman.com/listings/operations-manager-45r5xe,2026-08-30T15:54:51+00:00
594518d2336d5ace,jobberman,store-manager-9krje0,Store Manager,,,,Nigeria,unknown,,,,,,,,,,,,https://www.jobberman.com/listings/store-manager-9krje0,2026-08-30T15:54:51+00:00
518b9db699edca55,jobberman,facility-manager-vd9e5v,Facility Manager,,,,Nigeria,unknown,,,,,,,,,,,,https://www.jobberman.com/listings/facility-manager-vd9e5v,2026-08-30T15:54:51+00:00
7720f933fa10dbf2,jobberman,finance-manager-erpnej,Finance Manager,,,,Nigeria,unknown,,,,,,,,,,,,https://www.jobberman.com/listings/finance-manager-erpnej,2026-08-30T15:54:51+00:00
e36bc316a25b439b,jobberman,hr-manager-m0vr9j,HR Manager,,,,Nigeria,unknown,,,,,,,,,,,,https://www.jobberman.com/listings/hr-manager-m0vr9j,2026-08-30T15:54:51+00:00
237d7c3e48eeb523,jobberman,marketing-manager-0knmp6,Marketing Manager,,,,Nigeria,unknown,,,,,,,,,,,,https://www.jobberman.com/listings/marketing-manager-0knmp6,2026-08-30T15:54:51+00:00
572443de7af59484,jobberman,community-manager-gmpv29,Community Manager,,,,Nigeria,unknown,,,,,,,,,,,,https://www.jobberman.com/listings/community-manager-gmpv29,2026-08-30T15:54:51+00:00
3391423c4aa4e3b5,jobberman,content-manager-m06z8r,Content Manager,,,,Nigeria,unknown,,,,,,,,,,,,https://www.jobberman.com/listings/content-manager-m06z8r,2026-08-30T15:54:51+00:00
fb316ff90b96e85e,jobberman,brand-manager-x8g54j,Brand Manager,,,,Nigeria,unknown,,,,,,,,,,,,https://www.jobberman.com/listings/brand-manager-x8g54j,2026-08-30T15:54:51+00:00
6d50adb79fb4447c,jobberman,sales-manager-9k5e40,Sales Manager,,,,Nigeria,unknown,,,,,,,,,,,,https://www.jobberman.com/listings/sales-manager-9k5e40,2026-08-30T15:54:53+00:00
7e4d9250fb6426eb,jobberman,sales-manager-x8gm4q,Sales Manager,,,,Nigeria,unknown,,,,,,,,,,,,https://www.jobberman.com/listings/sales-manager-x8gm4q,2026-08-30T15:54:53+00:00
faa92c1fd5bdd3aa,jobberman,workshop-manager-8mp28p,Workshop Manager,,,,Nigeria,unknown,,,,,,,,,,,,https://www.jobberman.com/listings/workshop-manager-8mp28p,2026-08-30T15:54:53+00:00
9b7f9c879186820d,jobberman,operations-manager-9k5gnj,Operations Manager,,,,Nigeria,unknown,,,,,,,,,,,,https://www.jobberman.com/listings/operations-manager-9k5gnj,2026-08-30T15:54:53+00:00
ba6fc9a3e8ebec3b,jobberman,housekeeping-manager-m064w9,Housekeeping Manager,,,,Nigeria,unknown,,,,,,,,,,,,https://www.jobberman.com/listings/housekeeping-manager-m064w9,2026-08-30T15:54:53+00:00
1f1e306e35a8771d,jobberman,tax-manager-m064q9,Tax Manager,,,,Nigeria,unknown,,,,,,,,,,,,https://www.jobberman.com/listings/tax-manager-m064q9,2026-08-30T15:54:53+00:00
1937910a7da94ae9,jobberman,housekeeping-manager-x8gq5n,Housekeeping Manager,,,,Nigeria,unknown,,,,,,,,,,,,https://www.jobberman.com/listings/housekeeping-manager-x8gq5n,2026-08-30T15:54:53+00:00
d1420a7b7fb0c055,jobberman,sales-manager-gmpdzn,Sales Manager,,,,Nigeria,unknown,,,,,,,,,,,,https://www.jobberman.com/listings/sales-manager-gmpdzn,2026-08-30T15:54:53+00:00
7722ab8bc8bbd1a3,jobberman,bakery-manager-5p9drp,Bakery Manager,,,,Nigeria,unknown,,,,,,,,,,,,https://www.jobberman.com/listings/bakery-manager-5p9drp,2026-08-30T15:54:53+00:00
8328c32cbb975cb2,jobberman,hotel-manager-450n5v,Hotel Manager,,,,Nigeria,unknown,,,,,,,,,,,,https://www.jobberman.com/listings/hotel-manager-450n5v,2026-08-30T15:54:53+00:00
1cb7762365c3efac,jobberman,production-in-charge-pg0wdw,Production Manager,,,,Nigeria,unknown,,,,,,,,,,,,https://www.jobberman.com/listings/production-in-charge-pg0wdw,2026-08-30T15:54:53+00:00
1c545a3612f1ab1f,jobberman,farm-manager-m008qz,Farm Manager,,,,Nigeria,unknown,,,,,,,,,,,,https://www.jobberman.com/listings/farm-manager-m008qz,2026-08-30T15:54:53+00:00
e89cb2a66904dcf6,jobberman,real-estate-sales-manager-k77jxp,Sales Manager,,,,Nigeria,unknown,,,,,,,,,,,,https://www.jobberman.com/listings/real-estate-sales-manager-k77jxp,2026-08-30T15:54:53+00:00
1307ce0179998def,jobberman,finance-manager-5ppqmp,Finance Manager,,,,Nigeria,unknown,,,,,,,,,,,,https://www.jobberman.com/listings/finance-manager-5ppqmp,2026-08-30T15:54:53+00:00
e7f9ec29fc1f35ee,jobberman,senior-business-manager-metering-m0vz92,Senior Business Manager,,,,Nigeria,unknown,,,,,,,,,,,,https://www.jobberman.com/listings/senior-business-manager-metering-m0vz92,2026-08-30T15:54:57+00:00
0f0f6291aedbcf3d,jobberman,regional-sales-manager-7jx25x,Regional Sales Manager,,,,Nigeria,unknown,,,,,,,,,,,,https://www.jobberman.com/listings/regional-sales-manager-7jx25x,2026-08-30T15:54:57+00:00
ff6c9efa174f1f67,jobberman,business-development-manager-8mkrjj,Business Development Manager,,,,Nigeria,unknown,,,,,,,,,,,,https://www.jobberman.com/listings/business-development-manager-8mkrjj,2026-08-30T15:54:57+00:00
9253fa30df600996,jobberman,social-media-manager-0k808x,Social Media Manager,,,,Nigeria,unknown,,,,,,,,,,,,https://www.jobberman.com/listings/social-media-manager-0k808x,2026-08-30T15:54:57+00:00
a76fc8a0b2b0102b,jobberman,deputy-project-manager-assistant-project-cordinator-telecoms-j65qv4,Deputy Project Manager,,,,Nigeria,unknown,,,,,,,,,,,,https://www.jobberman.com/listings/deputy-project-manager-assistant-project-cordinator-telecoms-j65qv4,2026-08-30T15:54:57+00:00
b2f79a6786fc41ab,jobberman,property-inspection-manager-7jxw9z,Property Inspection Manager,,,,Nigeria,unknown,,,,,,,,,,,,https://www.jobberman.com/listings/property-inspection-manager-7jxw9z,2026-08-30T15:54:57+00:00
f227ce884c4aeceb,jobberman,shortlet-property-manager-9krmv7,Shortlet Property Manager,,,,Nigeria,unknown,,,,,,,,,,,,https://www.jobberman.com/listings/shortlet-property-manager-9krmv7,2026-08-30T15:54:57+00:00
13bfb85b985d2d67,jobberman,technical-project-manager-wrnp55,Technical Project Manager,,,,Nigeria,unknown,,,,,,,,,,,Other Tech,https://www.jobberman.com/listings/technical-project-manager-wrnp55,2026-08-30T15:54:57+00:00
cef9f08cd322ad68,jobberman,business-development-manager-6qrk44,Business Development Manager,,,,Nigeria,unknown,,,,,,,,,,,,https://www.jobberman.com/listings/business-development-manager-6qrk44,2026-08-30T15:54:57+00:00
3ca7530b285c7fcf,jobberman,assistant-general-manager-pg0zvp,Assistant General Manager,,,,Nigeria,unknown,,,,,,,,,,,,https://www.jobberman.com/listings/assistant-general-manager-pg0zvp,2026-08-30T15:54:57+00:00
d6e3e3d3201956aa,jobberman,business-development-manager-x8g79n,Business Development Manager,,,,Nigeria,unknown,,,,,,,,,,,,https://www.jobberman.com/listings/business-development-manager-x8g79n,2026-08-30T15:54:57+00:00
1a7dd40c8074896e,jobberman,social-media-manager-8mp8q6,Social Media Manager,,,,Nigeria,unknown,,,,,,,,,,,,https://www.jobberman.com/listings/social-media-manager-8mp8q6,2026-08-30T15:54:57+00:00
b76b27279fabfba7,jobberman,portfolio-manager-investment-analyst-9krzpw,Portfolio Manager / Investment Analyst,,,,Nigeria,unknown,,,,,,,,,,,,https://www.jobberman.com/listings/portfolio-manager-investment-analyst-9krzpw,2026-08-30T15:55:00+00:00
6e3da35bbff32024,jobberman,document-and-data-management-intern-pgnrk0,Document and Data Management Intern,,,,Nigeria,unknown,,,,,,,,,,,Other Tech,https://www.jobberman.com/listings/document-and-data-management-intern-pgnrk0,2026-08-30T15:55:00+00:00
262dc705f3122b9a,jobberman,business-development-partnerships-manager-8mkrmp,Business Development & Partnerships Manager,,,,Nigeria,unknown,,,,,,,,,,,,https://www.jobberman.com/listings/business-development-partnerships-manager-8mkrmp,2026-08-30T15:55:00+00:00
2635d1f5a5137d80,jobberman,brand-communications-pr-manager-pgnj5j,Brand Communications & PR Manager,,,,Nigeria,unknown,,,,,,,,,,,,https://www.jobberman.com/listings/brand-communications-pr-manager-pgnj5j,2026-08-30T15:55:00+00:00
6337c6c18a111b12,jobberman,area-sales-manager-asm-8mk4j7,Area Sales Manager (ASM),,,,Nigeria,unknown,,,,,,,,,,,,https://www.jobberman.com/listings/area-sales-manager-asm-8mk4j7,2026-08-30T15:55:00+00:00
3f1af1af165b8d5d,jobberman,development-and-digital-marketing-manager-m0vrqz,Development and Digital Marketing Manager,,,,Nigeria,unknown,,,,,,,,,,,,https://www.jobberman.com/listings/development-and-digital-marketing-manager-m0vrqz,2026-08-30T15:55:00+00:00
9aee847a10484d00,jobberman,business-development-marketing-manager-gmpk5n,Business Development & Marketing Manager,,,,Nigeria,unknown,,,,,,,,,,,,https://www.jobberman.com/listings/business-development-marketing-manager-gmpk5n,2026-08-30T15:55:00+00:00
20d895413b84872f,jobberman,social-media-digital-growth-manager-gm4n09,Social Media & Digital Growth Manager,,,,Nigeria,unknown,,,,,,,,,,,,https://www.jobberman.com/listings/social-media-digital-growth-manager-gm4n09,2026-08-30T15:55:00+00:00
8222c8e8c00e0c48,jobberman,sales-engineer-thermal-steam-engineering-m06mwq,Sales Engineer,,,,Nigeria,unknown,,,,,,,,,,,Other Tech,https://www.jobberman.com/listings/sales-engineer-thermal-steam-engineering-m06mwq,2026-08-30T15:55:04+00:00
c652c626d54599a3,jobberman,accountant-8mp4p7,Accountant,,,,Nigeria,unknown,,,,,,,,,,,,https://www.jobberman.com/listings/accountant-8mp4p7,2026-08-30T15:55:04+00:00
dcf08ef8a9fe1008,jobberman,accountant-7jjn7z,Accountant,,,,Nigeria,unknown,,,,,,,,,,,,https://www.jobberman.com/listings/accountant-7jjn7z,2026-08-30T15:55:04+00:00
640a90107e07ed3c,jobberman,medical-representative-n9064x,Medical Representative,,,,Nigeria,unknown,,,,,,,,,,,,https://www.jobberman.com/listings/medical-representative-n9064x,2026-08-30T15:55:04+00:00
cc548e29488d27da,jobberman,medical-representative-vd99m2,Medical Representative,,,,Nigeria,unknown,,,,,,,,,,,,https://www.jobberman.com/listings/medical-representative-vd99m2,2026-08-30T15:55:04+00:00
35fabcd37614761c,jobberman,medical-representative-n97wr0,Medical Representative,,,,Nigeria,unknown,,,,,,,,,,,,https://www.jobberman.com/listings/medical-representative-n97wr0,2026-08-30T15:55:04+00:00
0a6a4f9f24932097,jobberman,medical-representative-0kndmk,Medical Representative,,,,Nigeria,unknown,,,,,,,,,,,,https://www.jobberman.com/listings/medical-representative-0kndmk,2026-08-30T15:55:04+00:00
48fb3d4e51a49af1,jobberman,accounting-personnel-wrr04z,Accounting Personnel,,,,Nigeria,unknown,,,,,,,,,,,,https://www.jobberman.com/listings/accounting-personnel-wrr04z,2026-08-30T15:55:04+00:00
3e5ae8f04ea49701,jobberman,business-operations-coordinator-x8wk92,Business Operations Coordinator,,,,Nigeria,unknown,,,,,,,,,,,,https://www.jobberman.com/listings/business-operations-coordinator-x8wk92,2026-08-30T15:55:04+00:00
033c817cfc5a765f,jobberman,storekeeper-rr6wz4,Storekeeper,,,,Nigeria,unknown,,,,,,,,,,,,https://www.jobberman.com/listings/storekeeper-rr6wz4,2026-08-30T15:55:07+00:00
d42f068fdfa695d5,jobberman,quantity-surveyor-6qq9rg,Quantity Surveyor,,,,Nigeria,unknown,,,,,,,,,,,,https://www.jobberman.com/listings/quantity-surveyor-6qq9rg,2026-08-30T15:55:07+00:00
915f407767c55df3,jobberman,field-marketer-5ppk45,Field Marketer,,,,Nigeria,unknown,,,,,,,,,,,,https://www.jobberman.com/listings/field-marketer-5ppk45,2026-08-30T15:55:07+00:00
b14ad04294ae811a,jobberman,business-development-executive-vdg0j5,Business Development Executive,,,,Nigeria,unknown,,,,,,,,,,,,https://www.jobberman.com/listings/business-development-executive-vdg0j5,2026-08-30T15:55:07+00:00
dbb99cd4a3a8c706,jobberman,principal-450828,Principal,,,,Nigeria,unknown,,,,,,,,,,,,https://www.jobberman.com/listings/principal-450828,2026-08-30T15:55:07+00:00
1f2cc1a7016eeb7e,jobberman,school-accountant-9k5806,Accountant,,,,Nigeria,unknown,,,,,,,,,,,,https://www.jobberman.com/listings/school-accountant-9k5806,2026-08-30T15:55:07+00:00
b15e0948a1f383fb,jobberman,medical-representative-n90q8x,Medical Representative,,,,Nigeria,unknown,,,,,,,,,,,,https://www.jobberman.com/listings/medical-representative-n90q8x,2026-08-30T15:55:07+00:00
5e37b982103bd915,jobberman,medical-representative-0k84vg,Medical Representative,,,,Nigeria,unknown,,,,,,,,,,,,https://www.jobberman.com/listings/medical-representative-0k84vg,2026-08-30T15:55:07+00:00
3b0ae37e408f927b,jobberman,partnerships-grants-lead-rrn294,Partnerships & Grants Lead,,,,Nigeria,unknown,,,,,,,,,,,,https://www.jobberman.com/listings/partnerships-grants-lead-rrn294,2026-08-30T15:55:07+00:00
a8da5c7ac4aa0451,jobberman,sales-executive-d99pv8,Sales Executive,,,,Nigeria,unknown,,,,,,,,,,,,https://www.jobberman.com/listings/sales-executive-d99pv8,2026-08-30T15:55:07+00:00
36e5d463ab1abee6,jobberman,digital-marketer-d90707,Digital Marketer,,,,Nigeria,unknown,,,,,,,,,,,,https://www.jobberman.com/listings/digital-marketer-d90707,2026-08-30T15:55:07+00:00
91e30f0aa2005176,jobberman,early-years-teacher-z8z60g,Early Years and Primary Teachers,,,,Nigeria,unknown,,,,,,,,,,,,https://www.jobberman.com/listings/early-years-teacher-z8z60g,2026-08-30T15:55:10+00:00
063a845827ac5e6b,jobberman,sales-executive-qzw5kp,Sales Executive,,,,Nigeria,unknown,,,,,,,,,,,,https://www.jobberman.com/listings/sales-executive-qzw5kp,2026-08-30T15:55:10+00:00
f7174618ed0d801f,jobberman,social-media-handler-er9n8v,Social Media Handler,,,,Nigeria,unknown,,,,,,,,,,,,https://www.jobberman.com/listings/social-media-handler-er9n8v,2026-08-30T15:55:10+00:00
88b94e1e035e835b,jobberman,media-buyer-9k5jg8,Media Buyer,,,,Nigeria,unknown,,,,,,,,,,,,https://www.jobberman.com/listings/media-buyer-9k5jg8,2026-08-30T15:55:10+00:00
c3a72e2adfa06549,jobberman,social-media-marketer-pg0pev,Social Media Marketer,,,,Nigeria,unknown,,,,,,,,,,,,https://www.jobberman.com/listings/social-media-marketer-pg0pev,2026-08-30T15:55:10+00:00
6e7bfae8853e4089,jobberman,head-of-finance-rrnnjn,Financial Controler,,,,Nigeria,unknown,,,,,,,,,,,,https://www.jobberman.com/listings/head-of-finance-rrnnjn,2026-08-30T15:55:10+00:00
aa76c5502742b800,jobberman,procurement-specialist-x8wq0q,Procurement Specialist,,,,Nigeria,unknown,,,,,,,,,,,,https://www.jobberman.com/listings/procurement-specialist-x8wq0q,2026-08-30T15:55:10+00:00
8e617ffd46c5456f,jobberman,operations-lead-pg0j7p,Operations Lead,,,,Nigeria,unknown,,,,,,,,,,,,https://www.jobberman.com/listings/operations-lead-pg0j7p,2026-08-30T15:55:10+00:00
c24028aa003611bf,jobberman,business-development-executive-x8wg78,Business Development Executive,,,,Nigeria,unknown,,,,,,,,,,,,https://www.jobberman.com/listings/business-development-executive-x8wg78,2026-08-30T15:55:10+00:00
1286d70bf72bd610,jobberman,salesmarketing-executive-qzwgmv,Sales/Marketing Executive,,,,Nigeria,unknown,,,,,,,,,,,,https://www.jobberman.com/listings/salesmarketing-executive-qzwgmv,2026-08-30T15:55:10+00:00
ee85c993f7c317e1,jobberman,ux-specialist-5p908x,UX Specialist,,,,Nigeria,unknown,,,,,,,,,,,Other Tech,https://www.jobberman.com/listings/ux-specialist-5p908x,2026-08-30T15:55:12+00:00
da2bc07b2bcaed5e,jobberman,client-engagement-conversion-specialist-0k8xn8,Client Engagement & Conversion Specialist,,,,Nigeria,unknown,,,,,,,,,,,,https://www.jobberman.com/listings/client-engagement-conversion-specialist-0k8xn8,2026-08-30T15:55:12+00:00
d978031d264b45ab,jobberman,production-supervisor-injection-moulding-blow-moulding-5p9zqn,"Production Supervisor, Injection Moulding / Blow Moulding",,,,Nigeria,unknown,,,,,,,,,,,,https://www.jobberman.com/listings/production-supervisor-injection-moulding-blow-moulding-5p9zqn,2026-08-30T15:55:12+00:00
e13fdefe61573b97,jobberman,crypto-sales-business-development-executive-otc-trading-desk-d908n0,Sales & Business Development Executive,,,,Nigeria,unknown,,,,,,,,,,,,https://www.jobberman.com/listings/crypto-sales-business-development-executive-otc-trading-desk-d908n0,2026-08-30T15:55:12+00:00
c262123602b1d78f,jobberman,production-coordinator-export-branding-gmpd78,"Production Coordinator, Export & Branding",,,,Nigeria,unknown,,,,,,,,,,,,https://www.jobberman.com/listings/production-coordinator-export-branding-gmpd78,2026-08-30T15:55:12+00:00
7217df43d1238f25,jobberman,cinematographer-wrnj7d,Cinematographer,,,,Nigeria,unknown,,,,,,,,,,,,https://www.jobberman.com/listings/cinematographer-wrnj7d,2026-08-30T15:55:12+00:00
54f5db4be5bf3a41,jobberman,ai-expert-real-estate-9krwq7,AI Expert,,,,Nigeria,unknown,,,,,,,,,,,Data & AI,https://www.jobberman.com/listings/ai-expert-real-estate-9krwq7,2026-08-30T15:55:12+00:00
237c960591fd03ef,jobberman,skits-maker-abuja-and-kaduna-k76kex,Skits maker,,,,Nigeria,unknown,,,,,,,,,,,,https://www.jobberman.com/listings/skits-maker-abuja-and-kaduna-k76kex,2026-08-30T15:55:12+00:00
691899204571e609,jobberman,hospitality-quality-assurance-lead-wrgd4g,Quality Assurance Lead,,,,Nigeria,unknown,,,,,,,,,,,QA & Testing,https://www.jobberman.com/listings/hospitality-quality-assurance-lead-wrgd4g,2026-08-30T15:55:12+00:00
508eab480afd1aa2,jobberman,hospitality-general-manager-6qngp7,General Manager,,,,Nigeria,unknown,,,,,,,,,,,,https://www.jobberman.com/listings/hospitality-general-manager-6qngp7,2026-08-30T15:55:12+00:00
f8652273dd3f2663,jobberman,female-real-estate-marketer-m062zq,Marketer,,,,Nigeria,unknown,,,,,,,,,,,,https://www.jobberman.com/listings/female-real-estate-marketer-m062zq,2026-08-30T15:55:14+00:00
9b46351732526927,jobberman,hospitality-supervisor-rrn9jg,Hospitality Supervisor,,,,Nigeria,unknown,,,,,,,,,,,,https://www.jobberman.com/listings/hospitality-supervisor-rrn9jg,2026-08-30T15:55:14+00:00
a56f2218336a066c,jobberman,driver-k76wz2,Driver,,,,Nigeria,unknown,,,,,,,,,,,,https://www.jobberman.com/listings/driver-k76wz2,2026-08-30T15:55:14+00:00
3381cdafb29d6961,jobberman,general-manager-gm4vge,General Manager,,,,Nigeria,unknown,,,,,,,,,,,,https://www.jobberman.com/listings/general-manager-gm4vge,2026-08-30T15:55:14+00:00
fa3d47fa9a96930d,jobberman,digital-marketing-and-content-creation-specialist-6qrpqn,Digital Marketing and Content Creation Specialist,,,,Nigeria,unknown,,,,,,,,,,,,https://www.jobberman.com/listings/digital-marketing-and-content-creation-specialist-6qrpqn,2026-08-30T15:55:14+00:00
a2764ae8ec4851e5,jobberman,travel-manager-n906gr,Travel Manager,,,,Nigeria,unknown,,,,,,,,,,,,https://www.jobberman.com/listings/travel-manager-n906gr,2026-08-30T15:55:14+00:00
88be88d72b9fe264,jobberman,driver-0k8j5k,Driver,,,,Nigeria,unknown,,,,,,,,,,,,https://www.jobberman.com/listings/driver-0k8j5k,2026-08-30T15:55:14+00:00
f74406f0abf25dc0,jobberman,chinese-restaurant-waiter-waitress-pgne8v,Waiter,,,,Nigeria,unknown,,,,,,,,,,,,https://www.jobberman.com/listings/chinese-restaurant-waiter-waitress-pgne8v,2026-08-30T15:55:14+00:00
7fbb85a5f630b917,jobberman,head-of-operation-5prk20,Head of Operation,,,,Nigeria,unknown,,,,,,,,,,,,https://www.jobberman.com/listings/head-of-operation-5prk20,2026-08-30T15:55:18+00:00
27a343197537cb7e,jobberman,sales-representative-rr6mv9,Sales Representative,,,,Nigeria,unknown,,,,,,,,,,,,https://www.jobberman.com/listings/sales-representative-rr6mv9,2026-08-30T15:55:18+00:00
5cf5cd16522b18dd,jobberman,mnnnnnjj-vd90gg,Marketer,,,,Nigeria,unknown,,,,,,,,,,,,https://www.jobberman.com/listings/mnnnnnjj-vd90gg,2026-08-30T15:55:18+00:00
9ef251ae1180bc70,jobberman,videographer-45rqmp,Videographer,,,,Nigeria,unknown,,,,,,,,,,,,https://www.jobberman.com/listings/videographer-45rqmp,2026-08-30T15:55:18+00:00
eefa2112e64b7135,jobberman,real-estate-sales-marketing-operations-coordinator-k766wn,"Sales, Marketing & Operations Coordinator",,,,Nigeria,unknown,,,,,,,,,,,,https://www.jobberman.com/listings/real-estate-sales-marketing-operations-coordinator-k766wn,2026-08-30T15:55:18+00:00
33e3733d9e4e17fa,jobberman,driver-6qrz98,Driver,,,,Nigeria,unknown,,,,,,,,,,,,https://www.jobberman.com/listings/driver-6qrz98,2026-08-30T15:55:18+00:00
8c4ef3803611e641,jobberman,marketer-j6554w,Marketer,,,,Nigeria,unknown,,,,,,,,,,,,https://www.jobberman.com/listings/marketer-j6554w,2026-08-30T15:55:18+00:00
f1f6a7fa12073a6e,jobberman,head-of-operation-7jx0mq,Head of Operations,,,,Nigeria,unknown,,,,,,,,,,,,https://www.jobberman.com/listings/head-of-operation-7jx0mq,2026-08-30T15:55:18+00:00
e9d4a403ebaaa511,jobberman,sales-consultant-real-estate-abuja-k76xqp,Sales Consultant,,,,Nigeria,unknown,,,,,,,,,,,,https://www.jobberman.com/listings/sales-consultant-real-estate-abuja-k76xqp,2026-08-30T15:55:18+00:00
8c2ab4ddc6b1940d,jobberman,customer-relation-lead-j655er,Customer Relation Lead,,,,Nigeria,unknown,,,,,,,,,,,,https://www.jobberman.com/listings/customer-relation-lead-j655er,2026-08-30T15:55:18+00:00
d3f1214074c7b404,jobberman,marketer-0k88rw,Marketer,,,,Nigeria,unknown,,,,,,,,,,,,https://www.jobberman.com/listings/marketer-0k88rw,2026-08-30T15:55:18+00:00
4635f46f9d1936e7,jobberman,parts-inventory-manager-9kr5gn,Parts & Inventory Manager,,,,Nigeria,unknown,,,,,,,,,,,,https://www.jobberman.com/listings/parts-inventory-manager-9kr5gn,2026-08-30T15:55:21+00:00
e2f1c31a6708e474,jobberman,workshop-manager-0k8nd8,Workshop Manager,,,,Nigeria,unknown,,,,,,,,,,,,https://www.jobberman.com/listings/workshop-manager-0k8nd8,2026-08-30T15:55:21+00:00
426d671462415d2f,jobberman,business-development-marketing-manager-vd9gzg,Business Development & Marketing Manager,,,,Nigeria,unknown,,,,,,,,,,,,https://www.jobberman.com/listings/business-development-marketing-manager-vd9gzg,2026-08-30T15:55:21+00:00
48d788187717e1bd,jobberman,executive-assistant-gm4p5r,Executive Assistant,,,,Nigeria,unknown,,,,,,,,,,,,https://www.jobberman.com/listings/executive-assistant-gm4p5r,2026-08-30T15:55:21+00:00
64a3e204d4557fad,jobberman,hr-manager-qzwz4n,HR Manager,,,,Nigeria,unknown,,,,,,,,,,,,https://www.jobberman.com/listings/hr-manager-qzwz4n,2026-08-30T15:55:21+00:00
276b8e1ccd6a5ce0,jobberman,marketing-manager-m0vg8z,Marketing Manager,,,,Nigeria,unknown,,,,,,,,,,,,https://www.jobberman.com/listings/marketing-manager-m0vg8z,2026-08-30T15:55:21+00:00
9e39447c7e517d12,jobberman,customer-relations-manager-45rnxv,Customer Relations Manager,,,,Nigeria,unknown,,,,,,,,,,,,https://www.jobberman.com/listings/customer-relations-manager-45rnxv,2026-08-30T15:55:21+00:00
812dc13462414ae5,jobberman,customer-service-representative-9krjp0,Customer Service Representative,,,,Nigeria,unknown,,,,,,,,,,,,https://www.jobberman.com/listings/customer-service-representative-9krjp0,2026-08-30T15:55:21+00:00
476f6bf5e90b91df,jobberman,driver-m0vg92,Driver,,,,Nigeria,unknown,,,,,,,,,,,,https://www.jobberman.com/listings/driver-m0vg92,2026-08-30T15:55:21+00:00
068c161271511aba,jobberman,creative-director-5prd8x,Creative Director,,,,Nigeria,unknown,,,,,,,,,,,,https://www.jobberman.com/listings/creative-director-5prd8x,2026-08-30T15:55:21+00:00
e9670f53dddc3252,jobberman,head-of-production-pgnwqq,Head of Operation,,,,Nigeria,unknown,,,,,,,,,,,,https://www.jobberman.com/listings/head-of-production-pgnwqq,2026-08-30T15:55:21+00:00
fb0f7d456594df4f,jobberman,head-of-production-5pr48n,Head of Production,,,,Nigeria,unknown,,,,,,,,,,,,https://www.jobberman.com/listings/head-of-production-5pr48n,2026-08-30T15:55:21+00:00
f6a53def9af98e2e,jobberman,facility-manager-45rdq5,Facility Manager,,,,Nigeria,unknown,,,,,,,,,,,,https://www.jobberman.com/listings/facility-manager-45rdq5,2026-08-30T15:55:24+00:00
e1f6c146566ee3ad,jobberman,travel-manager-qzwdv7,Travel Manager,,,,Nigeria,unknown,,,,,,,,,,,,https://www.jobberman.com/listings/travel-manager-qzwdv7,2026-08-30T15:55:24+00:00
993a7333fad60697,jobberman,investment-analyst-gm4q6m,Investment Analyst,,,,Nigeria,unknown,,,,,,,,,,,,https://www.jobberman.com/listings/investment-analyst-gm4q6m,2026-08-30T15:55:24+00:00
06a7b3abc085681f,jobberman,marketing-manager-microfinance-bank-5prwdn,Marketing Manager,,,,Nigeria,unknown,,,,,,,,,,,,https://www.jobberman.com/listings/marketing-manager-microfinance-bank-5prwdn,2026-08-30T15:55:24+00:00
6b3c251bbaf2cf90,jobberman,real-estate-sales-consultant-wrgv75,Sales Consultant,,,,Nigeria,unknown,,,,,,,,,,,,https://www.jobberman.com/listings/real-estate-sales-consultant-wrgv75,2026-08-30T15:55:24+00:00
d8785c45b57f9681,jobberman,creative-lead-6qnwvp,Creative Lead,,,,Nigeria,unknown,,,,,,,,,,,,https://www.jobberman.com/listings/creative-lead-6qnwvp,2026-08-30T15:55:24+00:00
82cdfa2de60e35b1,jobberman,head-of-production-8mp84r,Head of Production,,,,Nigeria,unknown,,,,,,,,,,,,https://www.jobberman.com/listings/head-of-production-8mp84r,2026-08-30T15:55:24+00:00
d357e844581d71c1,jobberman,head-of-operation-z8zqqn,Head of Operation,,,,Nigeria,unknown,,,,,,,,,,,,https://www.jobberman.com/listings/head-of-operation-z8zqqn,2026-08-30T15:55:24+00:00
476069468429ce60,jobberman,waiter-n97zq9,Waiter,,,,Nigeria,unknown,,,,,,,,,,,,https://www.jobberman.com/listings/waiter-n97zq9,2026-08-30T15:55:32+00:00
28177b7cf5ae59a4,jobberman,travel-manager-8mpd79,Travel Manager,,,,Nigeria,unknown,,,,,,,,,,,,https://www.jobberman.com/listings/travel-manager-8mpd79,2026-08-30T15:55:32+00:00
0a1f91c75c3851fe,jobberman,ticketing-agent-gmp06k,Ticketing Agent,,,,Nigeria,unknown,,,,,,,,,,,,https://www.jobberman.com/listings/ticketing-agent-gmp06k,2026-08-30T15:55:32+00:00
4d89507367add18c,jobberman,head-of-operation-8mpdz7,Head of Operations,,,,Nigeria,unknown,,,,,,,,,,,,https://www.jobberman.com/listings/head-of-operation-8mpdz7,2026-08-30T15:55:32+00:00
1dfbecce10557abb,jobberman,chinese-interpreter-7jjqd8,Chinese Interpreter,,,,Nigeria,unknown,,,,,,,,,,,Other Tech,https://www.jobberman.com/listings/chinese-interpreter-7jjqd8,2026-08-30T15:55:32+00:00
484bf19c225d5f55,jobberman,manager-qz547n,Manager,,,,Nigeria,unknown,,,,,,,,,,,,https://www.jobberman.com/listings/manager-qz547n,2026-08-30T15:55:32+00:00
d22be1202a34fb12,jobberman,automobile-showroom-manager-6qr084,Manager,,,,Nigeria,unknown,,,,,,,,,,,,https://www.jobberman.com/listings/automobile-showroom-manager-6qr084,2026-08-30T15:55:32+00:00
06e5455250b4837c,jobberman,manager-45rz4z,Manager,,,,Nigeria,unknown,,,,,,,,,,,,https://www.jobberman.com/listings/manager-45rz4z,2026-08-30T15:55:32+00:00
d51ec3753777abc4,jobberman,manager-rr6455,Manager,,,,Nigeria,unknown,,,,,,,,,,,,https://www.jobberman.com/listings/manager-rr6455,2026-08-30T15:55:32+00:00
2ee75a16ce52067b,jobberman,clublounge-manager-pgn8km,Manager,,,,Nigeria,unknown,,,,,,,,,,,,https://www.jobberman.com/listings/clublounge-manager-pgn8km,2026-08-30T15:55:32+00:00
221a153cf17aebff,jobberman,manager-pg0xdq,Manager,,,,Nigeria,unknown,,,,,,,,,,,,https://www.jobberman.com/listings/manager-pg0xdq,2026-08-30T15:55:32+00:00
27471237923f8ecb,jobberman,manager-er9ked,Manager,,,,Nigeria,unknown,,,,,,,,,,,,https://www.jobberman.com/listings/manager-er9ked,2026-08-30T15:55:32+00:00
93284be9d06b01d7,jobberman,manager-9k5v0x,Manager,,,,Nigeria,unknown,,,,,,,,,,,,https://www.jobberman.com/listings/manager-9k5v0x,2026-08-30T15:55:35+00:00
fd52e91d28ab68e0,jobberman,manager-fashion-retail-d90n90,Manager,,,,Nigeria,unknown,,,,,,,,,,,,https://www.jobberman.com/listings/manager-fashion-retail-d90n90,2026-08-30T15:55:35+00:00
3766a9d951688b64,jobberman,general-manager-2kwjj2,General Manager,,,,Nigeria,unknown,,,,,,,,,,,,https://www.jobberman.com/listings/general-manager-2kwjj2,2026-08-30T15:55:35+00:00
9edcccea991e42a7,jobberman,business-manager-rrjz2n,Business Manager,,,,Nigeria,unknown,,,,,,,,,,,,https://www.jobberman.com/listings/business-manager-rrjz2n,2026-08-30T15:55:35+00:00
2808f28fe2779ecd,jobberman,general-manager-m0v8vm,General Manager,,,,Nigeria,unknown,,,,,,,,,,,,https://www.jobberman.com/listings/general-manager-m0v8vm,2026-08-30T15:55:35+00:00
b8bede2c114bd34e,jobberman,workshop-manager-6qv7mj,Workshop Manager,,,,Nigeria,unknown,,,,,,,,,,,,https://www.jobberman.com/listings/workshop-manager-6qv7mj,2026-08-30T15:55:35+00:00
8681209362db54f6,jobberman,hotel-manager-x8w45n,Hotel Manager,,,,Nigeria,unknown,,,,,,,,,,,,https://www.jobberman.com/listings/hotel-manager-x8w45n,2026-08-30T15:55:35+00:00
219346395b32fd08,jobberman,hotel-operations-manager-m0jm46,Operations Manager,,,,Nigeria,unknown,,,,,,,,,,,,https://www.jobberman.com/listings/hotel-operations-manager-m0jm46,2026-08-30T15:55:35+00:00
0f336d6bd36cbbc1,jobberman,marketing-manager-hotel-hospitality-experience-gmd504,Marketing Manager,,,,Nigeria,unknown,,,,,,,,,,,,https://www.jobberman.com/listings/marketing-manager-hotel-hospitality-experience-gmd504,2026-08-30T15:55:35+00:00
e7dc653ec1dc3832,jobberman,engineering-manager-building-services-engineering-9kn0wp,Engineering Manager,,,,Nigeria,unknown,,,,,,,,,,,Other Tech,https://www.jobberman.com/listings/engineering-manager-building-services-engineering-9kn0wp,2026-08-30T15:55:35+00:00
738ef0d524007882,jobberman,general-manager-erxd25,General Manager,,,,Nigeria,unknown,,,,,,,,,,,,https://www.jobberman.com/listings/general-manager-erxd25,2026-08-30T15:55:35+00:00
41df080ea9864ba5,jobberman,product-manager-vd9njv,Product Manager,,,,Nigeria,unknown,,,,,,,,,,,Product & Design,https://www.jobberman.com/listings/product-manager-vd9njv,2026-08-30T15:55:35+00:00
5aa394ec4f43e543,jobberman,sales-manager-rr6dp4,Sales Manager,,,,Nigeria,unknown,,,,,,,,,,,,https://www.jobberman.com/listings/sales-manager-rr6dp4,2026-08-30T15:55:35+00:00
e1f3aa168e6af78a,jobberman,commercial-manager-rr6d92,Commercial Manager,,,,Nigeria,unknown,,,,,,,,,,,,https://www.jobberman.com/listings/commercial-manager-rr6d92,2026-08-30T15:55:38+00:00
152ba252070b4309,jobberman,managing-director-mining-d9dxq2,Managing Director,,,,Nigeria,unknown,,,,,,,,,,,,https://www.jobberman.com/listings/managing-director-mining-d9dxq2,2026-08-30T15:55:38+00:00
955e436ca00c4e41,jobberman,operations-manager-2k8pv8,Operations Manager,,,,Nigeria,unknown,,,,,,,,,,,,https://www.jobberman.com/listings/operations-manager-2k8pv8,2026-08-30T15:55:38+00:00
a5e05f1efad97836,jobberman,project-manager-vd9nd5,Project Manager,,,,Nigeria,unknown,,,,,,,,,,,,https://www.jobberman.com/listings/project-manager-vd9nd5,2026-08-30T15:55:38+00:00
29021a58457125d2,jobberman,facility-manager-x8w48q,Facility Manager,,,,Nigeria,unknown,,,,,,,,,,,,https://www.jobberman.com/listings/facility-manager-x8w48q,2026-08-30T15:55:38+00:00
dc85a01ce971cd7a,jobberman,logistics-manager-pgnkmr,Logistics Manager,,,,Nigeria,unknown,,,,,,,,,,,,https://www.jobberman.com/listings/logistics-manager-pgnkmr,2026-08-30T15:55:38+00:00
eb4dc988518da1f3,jobberman,program-manager-6qr0qz,Program Manager,,,,Nigeria,unknown,,,,,,,,,,,,https://www.jobberman.com/listings/program-manager-6qr0qz,2026-08-30T15:55:38+00:00
80b221f96dce20c4,jobberman,sales-manager-automobile-car-sales-45rxv5,Sales Manager,,,,Nigeria,unknown,,,,,,,,,,,,https://www.jobberman.com/listings/sales-manager-automobile-car-sales-45rxv5,2026-08-30T15:55:38+00:00
f86a6a7c731093ac,jobberman,marketing-manager-vd92j2,Marketing manager,,,,Nigeria,unknown,,,,,,,,,,,,https://www.jobberman.com/listings/marketing-manager-vd92j2,2026-08-30T15:55:38+00:00
f9f84a3b44efdb5b,jobberman,finance-manager-icanaca-6qrgjp,Finance Manager,,,,Nigeria,unknown,,,,,,,,,,,,https://www.jobberman.com/listings/finance-manager-icanaca-6qrgjp,2026-08-30T15:55:38+00:00
fef8ffd77ffabf38,jobberman,pharmacy-general-manager-operations-business-growth-x8w5nv,General Manager,,,,Nigeria,unknown,,,,,,,,,,,,https://www.jobberman.com/listings/pharmacy-general-manager-operations-business-growth-x8w5nv,2026-08-30T15:55:38+00:00
64f69fa195801760,jobberman,productionkitchen-manager-7jxkmx,Production Manager,,,,Nigeria,unknown,,,,,,,,,,,,https://www.jobberman.com/listings/productionkitchen-manager-7jxkmx,2026-08-30T15:55:38+00:00
0a4938000e46cc84,jobberman,project-manager-j65n48,Project Manager,,,,Nigeria,unknown,,,,,,,,,,,,https://www.jobberman.com/listings/project-manager-j65n48,2026-08-30T15:55:38+00:00
993b7f0a5fc295a0,jobberman,project-manager-qzwjx6,Project Manager,,,,Nigeria,unknown,,,,,,,,,,,,https://www.jobberman.com/listings/project-manager-qzwjx6,2026-08-30T15:55:44+00:00
f4d7071136c81079,jobberman,project-manager-7jxe45,Project Manager,,,,Nigeria,unknown,,,,,,,,,,,,https://www.jobberman.com/listings/project-manager-7jxe45,2026-08-30T15:55:44+00:00
57f2ec8c13f4a5ed,jobberman,night-manager-rr6g4x,Night Manager,,,,Nigeria,unknown,,,,,,,,,,,,https://www.jobberman.com/listings/night-manager-rr6g4x,2026-08-30T15:55:44+00:00
7e6918d6f54245af,jobberman,management-trainee-n90m2e,Management Trainee,,,,Nigeria,unknown,,,,,,,,,,,,https://www.jobberman.com/listings/management-trainee-n90m2e,2026-08-30T15:55:44+00:00
6d28bb6226787e03,jobberman,farm-manager-z8rn66,Farm Manager,,,,Nigeria,unknown,,,,,,,,,,,,https://www.jobberman.com/listings/farm-manager-z8rn66,2026-08-30T15:55:44+00:00
81c16d96e5c0e39f,jobberman,on-trade-manger-m0vxrm,On Trade Manager,,,,Nigeria,unknown,,,,,,,,,,,,https://www.jobberman.com/listings/on-trade-manger-m0vxrm,2026-08-30T15:55:44+00:00
c89e44cbfda1c0e5,jobberman,project-manager-vd97p5,Project Manager,,,,Nigeria,unknown,,,,,,,,,,,,https://www.jobberman.com/listings/project-manager-vd97p5,2026-08-30T15:55:44+00:00
aea130a48c029f14,jobberman,finance-manager-fintech-rr6p2g,Finance Manager,,,,Nigeria,unknown,,,,,,,,,,,,https://www.jobberman.com/listings/finance-manager-fintech-rr6p2g,2026-08-30T15:55:44+00:00
f59cdc6899c79c2d,jobberman,operational-manager-5prewr,Operational Manager,,,,Nigeria,unknown,,,,,,,,,,,,https://www.jobberman.com/listings/operational-manager-5prewr,2026-08-30T15:55:44+00:00
c19c3d66b0b83535,jobberman,business-manager-d9dvr0,Business Manager,,,,Nigeria,unknown,,,,,,,,,,,,https://www.jobberman.com/listings/business-manager-d9dvr0,2026-08-30T15:55:44+00:00
f6f17f42855833ad,jobberman,maintenance-manager-j658mr,Maintenance Manager,,,,Nigeria,unknown,,,,,,,,,,,,https://www.jobberman.com/listings/maintenance-manager-j658mr,2026-08-30T15:55:44+00:00
f1edaa142a1aa916,jobberman,marketing-manager-wrn4n5,Marketing Manager,,,,Nigeria,unknown,,,,,,,,,,,,https://www.jobberman.com/listings/marketing-manager-wrn4n5,2026-08-30T15:55:44+00:00
32de82ee3e9c392b,jobberman,sales-manager-erp404,Sales Manager,,,,Nigeria,unknown,,,,,,,,,,,,https://www.jobberman.com/listings/sales-manager-erp404,2026-08-30T15:55:44+00:00
bdee977bb74ec78d,jobberman,retail-manager-wrn4g5,Retail Manager,,,,Nigeria,unknown,,,,,,,,,,,,https://www.jobberman.com/listings/retail-manager-wrn4g5,2026-08-30T15:55:47+00:00
51d0ef518d79d745,jobberman,project-manager-0k8rnd,Project Manager,,,,Nigeria,unknown,,,,,,,,,,,,https://www.jobberman.com/listings/project-manager-0k8rnd,2026-08-30T15:55:47+00:00
8330eb65573430a4,jobberman,general-manager-2k8m7j,General Manager,,,,Nigeria,unknown,,,,,,,,,,,,https://www.jobberman.com/listings/general-manager-2k8m7j,2026-08-30T15:55:47+00:00
47c2288e3a538044,jobberman,product-manager-45rk59,Product Manager,,,,Nigeria,unknown,,,,,,,,,,,Product & Design,https://www.jobberman.com/listings/product-manager-45rk59,2026-08-30T15:55:47+00:00
5a2fc95e7e1dc9db,jobberman,branch-manager-in-mfi-vd98wk,Branch Manager,,,,Nigeria,unknown,,,,,,,,,,,,https://www.jobberman.com/listings/branch-manager-in-mfi-vd98wk,2026-08-30T15:55:47+00:00
a108669127ca2c8a,jobberman,branch-manager-in-micro-finance-institute-8mk64r,Branch Manager,,,,Nigeria,unknown,,,,,,,,,,,,https://www.jobberman.com/listings/branch-manager-in-micro-finance-institute-8mk64r,2026-08-30T15:55:47+00:00
4e80eee52d014ef6,jobberman,general-manager-8mkwr0,General Manager,,,,Nigeria,unknown,,,,,,,,,,,,https://www.jobberman.com/listings/general-manager-8mkwr0,2026-08-30T15:55:47+00:00
8f5e0bffe91012de,jobberman,spa-manager-n90enm,Spa Manager,,,,Nigeria,unknown,,,,,,,,,,,,https://www.jobberman.com/listings/spa-manager-n90enm,2026-08-30T15:55:47+00:00
a4e22e5104324cf4,jobberman,sales-manager-gm4ekm,Sales Manager,,,,Nigeria,unknown,,,,,,,,,,,,https://www.jobberman.com/listings/sales-manager-gm4ekm,2026-08-30T15:55:47+00:00
8ee423b2851505eb,jobberman,facility-manager-vd965j,Facility Manager,,,,Nigeria,unknown,,,,,,,,,,,,https://www.jobberman.com/listings/facility-manager-vd965j,2026-08-30T15:55:47+00:00
1a63778aa8b44b81,jobberman,general-manager-5prqr0,General Manager,,,,Nigeria,unknown,,,,,,,,,,,,https://www.jobberman.com/listings/general-manager-5prqr0,2026-08-30T15:55:47+00:00
153deab20be6b13e,jobberman,premium-horeca-manager-9krqg5,HORECA Manager,,,,Nigeria,unknown,,,,,,,,,,,,https://www.jobberman.com/listings/premium-horeca-manager-9krqg5,2026-08-30T15:55:51+00:00
ac340dbf4648a367,jobberman,growth-manager-x8w75z,Growth Manager,,,,Nigeria,unknown,,,,,,,,,,,,https://www.jobberman.com/listings/growth-manager-x8w75z,2026-08-30T15:55:51+00:00
6a065955c7f0d401,jobberman,editorial-manager-erpk0x,Editorial Manager,,,,Nigeria,unknown,,,,,,,,,,,,https://www.jobberman.com/listings/editorial-manager-erpk0x,2026-08-30T15:55:51+00:00
7e041c9f4f07b2cb,jobberman,service-manager-rr6xwj,Service Manager,,,,Nigeria,unknown,,,,,,,,,,,,https://www.jobberman.com/listings/service-manager-rr6xwj,2026-08-30T15:55:51+00:00
68245c3dec0a677a,jobberman,experienced-hotel-manager-needed-urgently-wrn666,Hotel Manager,,,,Nigeria,unknown,,,,,,,,,,,,https://www.jobberman.com/listings/experienced-hotel-manager-needed-urgently-wrn666,2026-08-30T15:55:51+00:00
527d9708bf90e77a,jobberman,project-manager-wrn0np,Project Manager,,,,Nigeria,unknown,,,,,,,,,,,,https://www.jobberman.com/listings/project-manager-wrn0np,2026-08-30T15:55:51+00:00
073bbbec913c7c4d,jobberman,procurement-manager-n9080x,Procurement Manager,,,,Nigeria,unknown,,,,,,,,,,,,https://www.jobberman.com/listings/procurement-manager-n9080x,2026-08-30T15:55:51+00:00
663e0d95f9d66b73,jobberman,business-manager-9krvn6,Business Manager,,,,Nigeria,unknown,,,,,,,,,,,,https://www.jobberman.com/listings/business-manager-9krvn6,2026-08-30T15:55:51+00:00
3d99ddc74d446baf,jobberman,sales-manager-vd9r2k,Sales Manager,,,,Nigeria,unknown,,,,,,,,,,,,https://www.jobberman.com/listings/sales-manager-vd9r2k,2026-08-30T15:55:51+00:00
7422a1b394458031,jobberman,managing-director-8mk8wz,Managing Director,,,,Nigeria,unknown,,,,,,,,,,,,https://www.jobberman.com/listings/managing-director-8mk8wz,2026-08-30T15:55:51+00:00
6bbb82f1e78a71db,jobberman,operations-manager-d9dgmg,Operations Manager,,,,Nigeria,unknown,,,,,,,,,,,,https://www.jobberman.com/listings/operations-manager-d9dgmg,2026-08-30T15:55:51+00:00
ed181e81644d3dc5,jobberman,finance-manager-45r0p2,Finance Manager,,,,Nigeria,unknown,,,,,,,,,,,,https://www.jobberman.com/listings/finance-manager-45r0p2,2026-08-30T15:55:51+00:00
5a46be42e60b4b09,jobberman,sales-manager-k76k9w,Sales Manager,,,,Nigeria,unknown,,,,,,,,,,,,https://www.jobberman.com/listings/sales-manager-k76k9w,2026-08-30T15:55:51+00:00
60b4b58fd71f8bf8,jobberman,inventory-manager-m0v782,Inventory Manager,,,,Nigeria,unknown,,,,,,,,,,,,https://www.jobberman.com/listings/inventory-manager-m0v782,2026-08-30T15:55:51+00:00
7156ded869bb2e95,jobberman,event-operations-manager-2k8v4j,Operations Manager,,,,Nigeria,unknown,,,,,,,,,,,,https://www.jobberman.com/listings/event-operations-manager-2k8v4j,2026-08-30T15:55:54+00:00
98e3aafcc5fb75d0,jobberman,project-manager-n90ver,Project Manager,,,,Nigeria,unknown,,,,,,,,,,,,https://www.jobberman.com/listings/project-manager-n90ver,2026-08-30T15:55:54+00:00
c0fda6b28308bbe7,jobberman,tech-sales-manager-rr6w22,Sales Manager,,,,Nigeria,unknown,,,,,,,,,,,,https://www.jobberman.com/listings/tech-sales-manager-rr6w22,2026-08-30T15:55:54+00:00
33bc75189b794c16,jobberman,project-manager-x8wm6n,Project Manager,,,,Nigeria,unknown,,,,,,,,,,,,https://www.jobberman.com/listings/project-manager-x8wm6n,2026-08-30T15:55:54+00:00
f47016c2c1d18817,jobberman,branch-manager-0k86gk,Branch Manager,,,,Nigeria,unknown,,,,,,,,,,,,https://www.jobberman.com/listings/branch-manager-0k86gk,2026-08-30T15:55:54+00:00
b21fd95283938a6d,jobberman,tech-project-manager-wrn0q4,Project Manager,,,,Nigeria,unknown,,,,,,,,,,,,https://www.jobberman.com/listings/tech-project-manager-wrn0q4,2026-08-30T15:55:54+00:00
378d6490dab25f58,jobberman,hotel-manager-n908pk,Hotel manager,,,,Nigeria,unknown,,,,,,,,,,,,https://www.jobberman.com/listings/hotel-manager-n908pk,2026-08-30T15:55:54+00:00
926d1000b42d429a,jobberman,finance-manager-pgnr6w,Finance Manager,,,,Nigeria,unknown,,,,,,,,,,,,https://www.jobberman.com/listings/finance-manager-pgnr6w,2026-08-30T15:55:54+00:00
5a2c4ce923c71b7b,jobberman,managing-director-qzwk5v,Managing Director,,,,Nigeria,unknown,,,,,,,,,,,,https://www.jobberman.com/listings/managing-director-qzwk5v,2026-08-30T15:55:54+00:00
389cee16b64af4df,jobberman,site-managersite-attendance-officer-9kr25n,Site Manager,,,,Nigeria,unknown,,,,,,,,,,,,https://www.jobberman.com/listings/site-managersite-attendance-officer-9kr25n,2026-08-30T15:55:54+00:00
a50cb18f73716278,jobberman,operations-manager-5pr82g,Operations Manager,,,,Nigeria,unknown,,,,,,,,,,,,https://www.jobberman.com/listings/operations-manager-5pr82g,2026-08-30T15:55:54+00:00
f79d4673cf61a552,jobberman,fund-manager-qzwk2v,Fund Manager,,,,Nigeria,unknown,,,,,,,,,,,,https://www.jobberman.com/listings/fund-manager-qzwk2v,2026-08-30T15:55:54+00:00
2849f9591abb7b30,jobberman,spa-manager-2k82qg,Spa Manager,,,,Nigeria,unknown,,,,,,,,,,,,https://www.jobberman.com/listings/spa-manager-2k82qg,2026-08-30T15:55:56+00:00
ab9fca7fc8a25391,jobberman,sales-manager-k76qd2,Sales Manager,,,,Nigeria,unknown,,,,,,,,,,,,https://www.jobberman.com/listings/sales-manager-k76qd2,2026-08-30T15:55:56+00:00
5a6cace702f2dc65,jobberman,farm-manager-m0vkpg,Farm Manager,,,,Nigeria,unknown,,,,,,,,,,,,https://www.jobberman.com/listings/farm-manager-m0vkpg,2026-08-30T15:55:56+00:00
e605eb9c590ad07f,jobberman,sales-manager-rr6kvq,Sales Manager,,,,Nigeria,unknown,,,,,,,,,,,,https://www.jobberman.com/listings/sales-manager-rr6kvq,2026-08-30T15:55:56+00:00
77c8d099d846c267,jobberman,resident-manager-vd95xp,Resident Manager,,,,Nigeria,unknown,,,,,,,,,,,,https://www.jobberman.com/listings/resident-manager-vd95xp,2026-08-30T15:55:57+00:00
600cbcbe8ee73b19,jobberman,renewable-energy-sales-manager-x8weqz,Sales Manager,,,,Nigeria,unknown,,,,,,,,,,,,https://www.jobberman.com/listings/renewable-energy-sales-manager-x8weqz,2026-08-30T15:55:57+00:00
03cdd32564af9750,jobberman,female-operations-manager-beauty-wellness-industry-rr64zj,Operations Manager,,,,Nigeria,unknown,,,,,,,,,,,,https://www.jobberman.com/listings/female-operations-manager-beauty-wellness-industry-rr64zj,2026-08-30T15:55:57+00:00
0af0d55f6270d0ae,jobberman,training-manager-vd954m,Training Manager,,,,Nigeria,unknown,,,,,,,,,,,,https://www.jobberman.com/listings/training-manager-vd954m,2026-08-30T15:55:57+00:00
c104f2be833f70c3,jobberman,production-manager-gm4jdk,Production Manager,,,,Nigeria,unknown,,,,,,,,,,,,https://www.jobberman.com/listings/production-manager-gm4jdk,2026-08-30T15:55:57+00:00
d4b39742a3a38b97,jobberman,sales-manager-gm4z2e,Sales Manager,,,,Nigeria,unknown,,,,,,,,,,,,https://www.jobberman.com/listings/sales-manager-gm4z2e,2026-08-30T15:55:57+00:00
207571cb6eb5cbc0,jobberman,product-manager-8mknqx,Product Manager,,,,Nigeria,unknown,,,,,,,,,,,Product & Design,https://www.jobberman.com/listings/product-manager-8mknqx,2026-08-30T15:55:57+00:00
13c66ed3dcd84d90,jobberman,store-manager-d9djd0,Store Manager,,,,Nigeria,unknown,,,,,,,,,,,,https://www.jobberman.com/listings/store-manager-d9djd0,2026-08-30T15:55:57+00:00
abebcc9259c2539a,jobberman,operations-manager-d9d6rr,Operations Manager,,,,Nigeria,unknown,,,,,,,,,,,,https://www.jobberman.com/listings/operations-manager-d9d6rr,2026-08-30T15:55:57+00:00
ccbca4bb77c743ef,jobberman,operational-manager-production-manager-0k890j,Operations Manager,,,,Nigeria,unknown,,,,,,,,,,,,https://www.jobberman.com/listings/operational-manager-production-manager-0k890j,2026-08-30T15:55:57+00:00
11f2ccc2b715979b,jobberman,operations-manager-7jx92q,Operations Manager,,,,Nigeria,unknown,,,,,,,,,,,,https://www.jobberman.com/listings/operations-manager-7jx92q,2026-08-30T15:55:57+00:00
c45e3d9ce61fc55c,jobberman,sales-manager-0k85jj,Sales Manager,,,,Nigeria,unknown,,,,,,,,,,,,https://www.jobberman.com/listings/sales-manager-0k85jj,2026-08-30T15:56:00+00:00
abf368bce7529d4c,jobberman,district-manager-vd9z25,District Manager,,,,Nigeria,unknown,,,,,,,,,,,Other Tech,https://www.jobberman.com/listings/district-manager-vd9z25,2026-08-30T15:56:00+00:00
56416dcf8a89d3d1,jobberman,branch-manager-rr67pj,Branch Manager,,,,Nigeria,unknown,,,,,,,,,,,,https://www.jobberman.com/listings/branch-manager-rr67pj,2026-08-30T15:56:00+00:00
06f1db58c1e658c4,jobberman,brand-store-manager-qzw60z,Store Manager,,,,Nigeria,unknown,,,,,,,,,,,,https://www.jobberman.com/listings/brand-store-manager-qzw60z,2026-08-30T15:56:00+00:00
c4c5cb6a6e583dfe,jobberman,wholesale-manager-rr6jxm,Wholesale Manager,,,,Nigeria,unknown,,,,,,,,,,,,https://www.jobberman.com/listings/wholesale-manager-rr6jxm,2026-08-30T15:56:00+00:00
bbc43a835863377f,jobberman,restaurant-manager-6qrvwd,Restaurant Manager,,,,Nigeria,unknown,,,,,,,,,,,,https://www.jobberman.com/listings/restaurant-manager-6qrvwd,2026-08-30T15:56:00+00:00
0f42ae329969f66f,jobberman,finance-manager-d9d264,Finance Manager,,,,Nigeria,unknown,,,,,,,,,,,,https://www.jobberman.com/listings/finance-manager-d9d264,2026-08-30T15:56:00+00:00
b6987d74296cae2c,jobberman,restaurant-manager-fine-dinning-5przv5,Restaurant Manager,,,,Nigeria,unknown,,,,,,,,,,,,https://www.jobberman.com/listings/restaurant-manager-fine-dinning-5przv5,2026-08-30T15:56:00+00:00
4abf65bcd8d94874,jobberman,site-manager-6qrre7,Site Manager,,,,Nigeria,unknown,,,,,,,,,,,,https://www.jobberman.com/listings/site-manager-6qrre7,2026-08-30T15:56:00+00:00
8e4328943034531b,jobberman,travel-manager-45rr9z,Travel Manager,,,,Nigeria,unknown,,,,,,,,,,,,https://www.jobberman.com/listings/travel-manager-45rr9z,2026-08-30T15:56:00+00:00
63742a92ad213790,jobberman,managing-director-rr66qn,Managing Director,,,,Nigeria,unknown,,,,,,,,,,,,https://www.jobberman.com/listings/managing-director-rr66qn,2026-08-30T15:56:00+00:00
85ef65d6a866bac4,jobberman,sales-manager-n900dg,Sales Manager,,,,Nigeria,unknown,,,,,,,,,,,,https://www.jobberman.com/listings/sales-manager-n900dg,2026-08-30T15:56:00+00:00
1da4fd9ed0e06955,jobberman,sales-manager-8mkkz4,Sales Manager,,,,Nigeria,unknown,,,,,,,,,,,,https://www.jobberman.com/listings/sales-manager-8mkkz4,2026-08-30T15:56:00+00:00
1ae4216b3a784fc3,jobberman,managing-director-0k88gm,Managing Director,,,,Nigeria,unknown,,,,,,,,,,,,https://www.jobberman.com/listings/managing-director-0k88gm,2026-08-30T15:56:00+00:00
6ebb4c702d9a7791,jobberman,supermarket-store-manager-0k8n58,Store Manager,,,,Nigeria,unknown,,,,,,,,,,,,https://www.jobberman.com/listings/supermarket-store-manager-0k8n58,2026-08-30T15:56:04+00:00
349e117f95bc92f9,jobberman,managing-director-zularich-properties-ltd-vd9gxg,Managing Director,,,,Nigeria,unknown,,,,,,,,,,,,https://www.jobberman.com/listings/managing-director-zularich-properties-ltd-vd9gxg,2026-08-30T15:56:04+00:00
496883450b1e1fb5,jobberman,managing-director-6qrnzd,Managing Director,,,,Nigeria,unknown,,,,,,,,,,,,https://www.jobberman.com/listings/managing-director-6qrnzd,2026-08-30T15:56:04+00:00
f4f7b491653002ca,jobberman,finance-manager-6qrnx6,Finance Manager,,,,Nigeria,unknown,,,,,,,,,,,,https://www.jobberman.com/listings/finance-manager-6qrnx6,2026-08-30T15:56:04+00:00
857c07142dc9d97b,jobberman,growth-manager-erp9nd,Growth Manager,,,,Nigeria,unknown,,,,,,,,,,,,https://www.jobberman.com/listings/growth-manager-erp9nd,2026-08-30T15:56:04+00:00
861c00b65187397c,jobberman,product-manager-d9d0r5,Product Manager,,,,Nigeria,unknown,,,,,,,,,,,Product & Design,https://www.jobberman.com/listings/product-manager-d9d0r5,2026-08-30T15:56:04+00:00
cd7e1e92e14c499c,jobberman,ads-manager-facebooktiktok-wanted-45r54v,Ads Manager,,,,Nigeria,unknown,,,,,,,,,,,,https://www.jobberman.com/listings/ads-manager-facebooktiktok-wanted-45r54v,2026-08-30T15:56:04+00:00
ba66ae7565df8b11,jobberman,sales-manager-z8r82r,Sales Manager,,,,Nigeria,unknown,,,,,,,,,,,,https://www.jobberman.com/listings/sales-manager-z8r82r,2026-08-30T15:56:04+00:00
b81c1c30b05352d6,jobberman,farm-manager-erprd9,Farm Manager,,,,Nigeria,unknown,,,,,,,,,,,,https://www.jobberman.com/listings/farm-manager-erprd9,2026-08-30T15:56:04+00:00
468e49150ff06cfd,jobberman,restaurant-general-manager-expatriate-5prpwp,General Manager,,,,Nigeria,unknown,,,,,,,,,,,,https://www.jobberman.com/listings/restaurant-general-manager-expatriate-5prpwp,2026-08-30T15:56:04+00:00
b6e4231c66fa62aa,jobberman,sales-manager-qzw2pn,Sales Manager,,,,Nigeria,unknown,,,,,,,,,,,,https://www.jobberman.com/listings/sales-manager-qzw2pn,2026-08-30T15:56:04+00:00
fa2130defbd19dae,jobberman,operation-manager-head-of-operations-er9606,Operation Manager,,,,Nigeria,unknown,,,,,,,,,,,,https://www.jobberman.com/listings/operation-manager-head-of-operations-er9606,2026-08-30T15:56:04+00:00
d75d5c6e9db28921,jobberman,hr-manager-x8wp50,HR Manager,,,,Nigeria,unknown,,,,,,,,,,,,https://www.jobberman.com/listings/hr-manager-x8wp50,2026-08-30T15:56:04+00:00
fa328bd782fbead9,jobberman,sales-manager-n90pmg,Sales Manager,,,,Nigeria,unknown,,,,,,,,,,,,https://www.jobberman.com/listings/sales-manager-n90pmg,2026-08-30T15:56:04+00:00
9acdd5a3b580cb3f,jobberman,shop-manager-45rn29,Store Manager,,,,Nigeria,unknown,,,,,,,,,,,,https://www.jobberman.com/listings/shop-manager-45rn29,2026-08-30T15:56:08+00:00
ad0fd3198dfcf71a,jobberman,training-manager-8mk42r,Training Manager,,,,Nigeria,unknown,,,,,,,,,,,,https://www.jobberman.com/listings/training-manager-8mk42r,2026-08-30T15:56:08+00:00
a4005ebd78acff4e,jobberman,operations-manager-remote-ai-powered-us-real-estate-firm-gm4wjn,Operations Manager,,,,Nigeria,unknown,,,,,,,,,,,,https://www.jobberman.com/listings/operations-manager-remote-ai-powered-us-real-estate-firm-gm4wjn,2026-08-30T15:56:08+00:00
7e7ae9b5b9e019d2,jobberman,general-manager-erpvjv,General Manager,,,,Nigeria,unknown,,,,,,,,,,,,https://www.jobberman.com/listings/general-manager-erpvjv,2026-08-30T15:56:08+00:00
79ed17f2ec1a19bf,jobberman,restaurant-manager-0k875e,Restaurant Manager,,,,Nigeria,unknown,,,,,,,,,,,,https://www.jobberman.com/listings/restaurant-manager-0k875e,2026-08-30T15:56:08+00:00
5e5773d6f1567a9b,jobberman,partnership-manager-vd9erw,Partnership Manager,,,,Nigeria,unknown,,,,,,,,,,,,https://www.jobberman.com/listings/partnership-manager-vd9erw,2026-08-30T15:56:08+00:00
41fc23fe7d4fa1af,jobberman,operations-manager-7jx5q5,Operations Manager,,,,Nigeria,unknown,,,,,,,,,,,,https://www.jobberman.com/listings/operations-manager-7jx5q5,2026-08-30T15:56:08+00:00
71aa262f916fceb4,jobberman,project-manager-x8w29j,Project Manager,,,,Nigeria,unknown,,,,,,,,,,,,https://www.jobberman.com/listings/project-manager-x8w29j,2026-08-30T15:56:08+00:00
c6dd5bbaf617079a,jobberman,facility-manager-qzw7kj,Facility Manager,,,,Nigeria,unknown,,,,,,,,,,,,https://www.jobberman.com/listings/facility-manager-qzw7kj,2026-08-30T15:56:08+00:00
4e67fe981f759157,jobberman,maintenance-manager-wrgvdz,Maintenance Manager,,,,Nigeria,unknown,,,,,,,,,,,,https://www.jobberman.com/listings/maintenance-manager-wrgvdz,2026-08-30T15:56:08+00:00
b7140e0d7c0dbc83,jobberman,outletdepot-manager-450krz,Depot Manager,,,,Nigeria,unknown,,,,,,,,,,,,https://www.jobberman.com/listings/outletdepot-manager-450krz,2026-08-30T15:56:08+00:00
c67747a0b3cbb65f,jobberman,production-manager-fashion-house-5pr4np,Production Manager,,,,Nigeria,unknown,,,,,,,,,,,,https://www.jobberman.com/listings/production-manager-fashion-house-5pr4np,2026-08-30T15:56:08+00:00
ea7a9056e6e2dc57,jobberman,project-manager-owerri-qzwdxn,Project Manager,,,,Nigeria,unknown,,,,,,,,,,,,https://www.jobberman.com/listings/project-manager-owerri-qzwdxn,2026-08-30T15:56:10+00:00
9952c048d2ad1795,jobberman,operations-manager-j65jdw,Operations Manager,,,,Nigeria,unknown,,,,,,,,,,,,https://www.jobberman.com/listings/operations-manager-j65jdw,2026-08-30T15:56:10+00:00
3a3bdf3019de4c14,jobberman,hr-manager-d9dwjm,HR Manager,,,,Nigeria,unknown,,,,,,,,,,,,https://www.jobberman.com/listings/hr-manager-d9dwjm,2026-08-30T15:56:10+00:00
c82f6be76c37e390,jobberman,hospital-administration-manager-7jx7me,Administration Manager,,,,Nigeria,unknown,,,,,,,,,,,,https://www.jobberman.com/listings/hospital-administration-manager-7jx7me,2026-08-30T15:56:10+00:00
4ba5147d05e9f290,jobberman,product-manager-0k825m,Product Manager,,,,Nigeria,unknown,,,,,,,,,,,Product & Design,https://www.jobberman.com/listings/product-manager-0k825m,2026-08-30T15:56:10+00:00
2d6d85419cd0719a,jobberman,hotel-manager-d9dw4m,Hotel Manager,,,,Nigeria,unknown,,,,,,,,,,,,https://www.jobberman.com/listings/hotel-manager-d9dw4m,2026-08-30T15:56:10+00:00
b70d447cfa08727e,jobberman,territory-manager-d9dep4,Territory Manager,,,,Nigeria,unknown,,,,,,,,,,,,https://www.jobberman.com/listings/territory-manager-d9dep4,2026-08-30T15:56:10+00:00
2f47f170e878c433,jobberman,apartment-manager-pgnd9j,Apartment Manager,,,,Nigeria,unknown,,,,,,,,,,,,https://www.jobberman.com/listings/apartment-manager-pgnd9j,2026-08-30T15:56:10+00:00
37787879049a2cc5,jobberman,marketing-manager-wrne0d,Marketing Manager,,,,Nigeria,unknown,,,,,,,,,,,,https://www.jobberman.com/listings/marketing-manager-wrne0d,2026-08-30T15:56:10+00:00
f15fea332fbdf346,jobberman,product-manager-n90g8m,Product Manager,,,,Nigeria,unknown,,,,,,,,,,,Product & Design,https://www.jobberman.com/listings/product-manager-n90g8m,2026-08-30T15:56:10+00:00
7551510dea21b779,jobberman,female-fashion-production-manager-can-sew-wrnmgz,Production Manager,,,,Nigeria,unknown,,,,,,,,,,,,https://www.jobberman.com/listings/female-fashion-production-manager-can-sew-wrnmgz,2026-08-30T15:56:10+00:00
f076c2f62e98c315,jobberman,outlet-area-manager-6qr7qp,Area Manager,,,,Nigeria,unknown,,,,,,,,,,,,https://www.jobberman.com/listings/outlet-area-manager-6qr7qp,2026-08-30T15:56:10+00:00
9b128547ff70fe9b,jobberman,operations-manager-qzwqz7,Operations Manager,,,,Nigeria,unknown,,,,,,,,,,,,https://www.jobberman.com/listings/operations-manager-qzwqz7,2026-08-30T15:56:10+00:00
2c4225e3051b8bbc,jobberman,site-manager-wrgdq4,Site Manager,,,,Nigeria,unknown,,,,,,,,,,,,https://www.jobberman.com/listings/site-manager-wrgdq4,2026-08-30T15:56:10+00:00
f67c5b8a67f52739,jobberman,sales-managerreal-estate-wrnm25,Sales Manager,,,,Nigeria,unknown,,,,,,,,,,,,https://www.jobberman.com/listings/sales-managerreal-estate-wrnm25,2026-08-30T15:56:10+00:00
f7e5dc2381c8d0ce,jobberman,manufacturing-manager-wrnmz5,Manufacturing Manager,,,,Nigeria,unknown,,,,,,,,,,,,https://www.jobberman.com/listings/manufacturing-manager-wrnmz5,2026-08-30T15:56:13+00:00
45d521a9c8634263,jobberman,sales-manager-qz9mjw,Sales Manager,,,,Nigeria,unknown,,,,,,,,,,,,https://www.jobberman.com/listings/sales-manager-qz9mjw,2026-08-30T15:56:13+00:00
a51c4da0ad1980f8,jobberman,franchise-manager-j6pnv6,Franchise Manager,,,,Nigeria,unknown,,,,,,,,,,,,https://www.jobberman.com/listings/franchise-manager-j6pnv6,2026-08-30T15:56:13+00:00
34ee22419544e449,jobberman,general-manager-qz9mmj,General Manager,,,,Nigeria,unknown,,,,,,,,,,,,https://www.jobberman.com/listings/general-manager-qz9mmj,2026-08-30T15:56:13+00:00
dc6a6c9e4a7de0d5,jobberman,property-manager-ilaro-ogun-state-er9646,Property Manager,,,,Nigeria,unknown,,,,,,,,,,,,https://www.jobberman.com/listings/property-manager-ilaro-ogun-state-er9646,2026-08-30T15:56:13+00:00
fd624bd672c41386,jobberman,managing-director-vdg22p,Managing Director,,,,Nigeria,unknown,,,,,,,,,,,,https://www.jobberman.com/listings/managing-director-vdg22p,2026-08-30T15:56:13+00:00
a3066f2a0da086f1,jobberman,hr-manager-2k74e6,HR Manager,,,,Nigeria,unknown,,,,,,,,,,,,https://www.jobberman.com/listings/hr-manager-2k74e6,2026-08-30T15:56:13+00:00
806423ad26dd2772,jobberman,sales-executive-j6pneg,Unit Manager,,,,Nigeria,unknown,,,,,,,,,,,Other Tech,https://www.jobberman.com/listings/sales-executive-j6pneg,2026-08-30T15:56:13+00:00
7a63218916a860cf,jobberman,crane-manager-vdg26p,Crane Manager,,,,Nigeria,unknown,,,,,,,,,,,,https://www.jobberman.com/listings/crane-manager-vdg26p,2026-08-30T15:56:13+00:00
da7a4f3449010966,jobberman,site-manager-contract-2k74x6,Site Manager,,,,Nigeria,unknown,,,,,,,,,,,,https://www.jobberman.com/listings/site-manager-contract-2k74x6,2026-08-30T15:56:13+00:00
f03e1dbf539afdd6,jobberman,managing-director-x8g5m4,Managing Director,,,,Nigeria,unknown,,,,,,,,,,,,https://www.jobberman.com/listings/managing-director-x8g5m4,2026-08-30T15:56:13+00:00
948e50a684f90946,jobberman,sales-mgr-commercial-loans-business-banking-9k5pzx,Sales Manager,,,,Nigeria,unknown,,,,,,,,,,,,https://www.jobberman.com/listings/sales-mgr-commercial-loans-business-banking-9k5pzx,2026-08-30T15:56:13+00:00
0004677c8e7f9c81,jobberman,technical-manager-qz9md7,Technical Manager,,,,Nigeria,unknown,,,,,,,,,,,Other Tech,https://www.jobberman.com/listings/technical-manager-qz9md7,2026-08-30T15:56:13+00:00
e3dbc7d6e4a43f8e,jobberman,brand-manager-qz9mdn,Brand Manager,,,,Nigeria,unknown,,,,,,,,,,,,https://www.jobberman.com/listings/brand-manager-qz9mdn,2026-08-30T15:56:13+00:00
37d709b8b381758f,jobberman,print-production-manager-wrgdez,Production Manager,,,,Nigeria,unknown,,,,,,,,,,,,https://www.jobberman.com/listings/print-production-manager-wrgdez,2026-08-30T15:56:15+00:00
65edf3acb1404a87,jobberman,sales-manager-n97mrg,Sales Manager,,,,Nigeria,unknown,,,,,,,,,,,,https://www.jobberman.com/listings/sales-manager-n97mrg,2026-08-30T15:56:15+00:00
faa4361c082d0c62,jobberman,operations-manager-2k7eej,Operations Manager,,,,Nigeria,unknown,,,,,,,,,,,,https://www.jobberman.com/listings/operations-manager-2k7eej,2026-08-30T15:56:15+00:00
46907e968694d1cc,jobberman,marketing-manager-rrnp9x,Marketing Manager,,,,Nigeria,unknown,,,,,,,,,,,,https://www.jobberman.com/listings/marketing-manager-rrnp9x,2026-08-30T15:56:15+00:00
fcc5e47a3138fdd2,jobberman,hair-salon-manager-m062nm,Salon Manager,,,,Nigeria,unknown,,,,,,,,,,,,https://www.jobberman.com/listings/hair-salon-manager-m062nm,2026-08-30T15:56:15+00:00
49bc384a1705f045,jobberman,area-sales-manager-x8grk4,Sales Manager,,,,Nigeria,unknown,,,,,,,,,,,,https://www.jobberman.com/listings/area-sales-manager-x8grk4,2026-08-30T15:56:15+00:00
44c9191694657b96,jobberman,sales-manager-vdg895,Sales Manager,,,,Nigeria,unknown,,,,,,,,,,,,https://www.jobberman.com/listings/sales-manager-vdg895,2026-08-30T15:56:15+00:00
cea839b01f81b50c,jobberman,project-manager-x8gr84,Project Manager,,,,Nigeria,unknown,,,,,,,,,,,,https://www.jobberman.com/listings/project-manager-x8gr84,2026-08-30T15:56:15+00:00
9a198c6db3afce72,jobberman,furniture-showroom-manager-7jpzdx,Showroom Manager,,,,Nigeria,unknown,,,,,,,,,,,,https://www.jobberman.com/listings/furniture-showroom-manager-7jpzdx,2026-08-30T15:56:15+00:00
cd498b3d8c687804,jobberman,sales-manager-physical-expansion-vdg65k,Sales Manager,,,,Nigeria,unknown,,,,,,,,,,,,https://www.jobberman.com/listings/sales-manager-physical-expansion-vdg65k,2026-08-30T15:56:15+00:00
ac5712bb6d7e16b8,jobberman,hostel-manager-8mpwnr,Hostel Manager,,,,Nigeria,unknown,,,,,,,,,,,,https://www.jobberman.com/listings/hostel-manager-8mpwnr,2026-08-30T15:56:15+00:00
ced298530cf9a27e,jobberman,hr-manager-vdgj8j,HR Manager,,,,Nigeria,unknown,,,,,,,,,,,,https://www.jobberman.com/listings/hr-manager-vdgj8j,2026-08-30T15:56:15+00:00
cc58fcfc819e3d87,jobberman,general-manager-sales-rrnxe4,General Manager,,,,Nigeria,unknown,,,,,,,,,,,,https://www.jobberman.com/listings/general-manager-sales-rrnxe4,2026-08-30T15:56:15+00:00
f88ccbd5588aeab9,jobberman,operations-manager-gmp66r,Operations Manager,,,,Nigeria,unknown,,,,,,,,,,,,https://www.jobberman.com/listings/operations-manager-gmp66r,2026-08-30T15:56:15+00:00
cf5801b9e84a3c0f,jobberman,production-manager-rrnxx4,Production Manager,,,,Nigeria,unknown,,,,,,,,,,,,https://www.jobberman.com/listings/production-manager-rrnxx4,2026-08-30T15:56:18+00:00
692c44ca482546b5,jobberman,head-of-site-operations-8mp77n,Project Manager,,,,Nigeria,unknown,,,,,,,,,,,,https://www.jobberman.com/listings/head-of-site-operations-8mp77n,2026-08-30T15:56:18+00:00
818b327fd0034c4f,jobberman,accounts-manager-x8g764,Account Manager,,,,Nigeria,unknown,,,,,,,,,,,,https://www.jobberman.com/listings/accounts-manager-x8g764,2026-08-30T15:56:18+00:00
9cbf49b411f59acd,jobberman,store-manager-gmp6qq,Store Manager,,,,Nigeria,unknown,,,,,,,,,,,,https://www.jobberman.com/listings/store-manager-gmp6qq,2026-08-30T15:56:18+00:00
6a7598751a021f3c,jobberman,marketing-manager-5p9kwr,Marketing Manager,,,,Nigeria,unknown,,,,,,,,,,,,https://www.jobberman.com/listings/marketing-manager-5p9kwr,2026-08-30T15:56:18+00:00
5a9664d2ee93abf5,jobberman,store-manager-8mp8qp,Store Manager,,,,Nigeria,unknown,,,,,,,,,,,,https://www.jobberman.com/listings/store-manager-8mp8qp,2026-08-30T15:56:18+00:00
48bfb4cd0874d205,jobberman,sales-manager-qz9n67,Sales Manager,,,,Nigeria,unknown,,,,,,,,,,,,https://www.jobberman.com/listings/sales-manager-qz9n67,2026-08-30T15:56:18+00:00
6d863ab27d3ec55e,jobberman,farm-manager-vdgrk2,Farm Manager,,,,Nigeria,unknown,,,,,,,,,,,,https://www.jobberman.com/listings/farm-manager-vdgrk2,2026-08-30T15:56:18+00:00
29fd1c5e32d92d70,jobberman,outlet-manager-furniture-5p9nzn,Outlet Manager,,,,Nigeria,unknown,,,,,,,,,,,,https://www.jobberman.com/listings/outlet-manager-furniture-5p9nzn,2026-08-30T15:56:18+00:00
d697c2cdbd342ed7,jobberman,production-operations-manager-luxury-fashion-n97vpz,Operations Manager,,,,Nigeria,unknown,,,,,,,,,,,,https://www.jobberman.com/listings/production-operations-manager-luxury-fashion-n97vpz,2026-08-30T15:56:18+00:00
9ae7bfbe6e06f7d9,jobberman,operations-manager-wrg5kd,Operations Manager,,,,Nigeria,unknown,,,,,,,,,,,,https://www.jobberman.com/listings/operations-manager-wrg5kd,2026-08-30T15:56:18+00:00
9c9ab289451a1a8c,jobberman,marketing-manager-d90mxj,Marketing Manager,,,,Nigeria,unknown,,,,,,,,,,,,https://www.jobberman.com/listings/marketing-manager-d90mxj,2026-08-30T15:56:18+00:00
43103de559a4258d,jobberman,hr-manager-rrnm04,HR Manager,,,,Nigeria,unknown,,,,,,,,,,,,https://www.jobberman.com/listings/hr-manager-rrnm04,2026-08-30T15:56:18+00:00
a7c7e1af6fba3308,jobberman,resturant-business-manager-k7pn2z,Business Manager,,,,Nigeria,unknown,,,,,,,,,,,,https://www.jobberman.com/listings/resturant-business-manager-k7pn2z,2026-08-30T15:56:18+00:00
9cbada6d6de736f4,jobberman,operations-manager-j6pd0r,Operations Manager,,,,Nigeria,unknown,,,,,,,,,,,,https://www.jobberman.com/listings/operations-manager-j6pd0r,2026-08-30T15:56:37+00:00
105bed3f61426c3c,jobberman,lounge-manager-9k5228,Lounge Manager,,,,Nigeria,unknown,,,,,,,,,,,,https://www.jobberman.com/listings/lounge-manager-9k5228,2026-08-30T15:56:37+00:00
00a32493f81039a9,jobberman,construction-manager-k7pd52,Construction Manager,,,,Nigeria,unknown,,,,,,,,,,,,https://www.jobberman.com/listings/construction-manager-k7pd52,2026-08-30T15:56:37+00:00
72a012fdee7e4dfb,jobberman,farm-manager-0knxpd,Farm Manager,,,,Nigeria,unknown,,,,,,,,,,,,https://www.jobberman.com/listings/farm-manager-0knxpd,2026-08-30T15:56:37+00:00
34b83acc102d4af8,jobberman,finance-manager-450qe9,Finance Manager,,,,Nigeria,unknown,,,,,,,,,,,,https://www.jobberman.com/listings/finance-manager-450qe9,2026-08-30T15:56:37+00:00
e957964b6c6bb15d,jobberman,people-operations-analyst-5p9826,HR Manager,,,,Nigeria,unknown,,,,,,,,,,,,https://www.jobberman.com/listings/people-operations-analyst-5p9826,2026-08-30T15:56:37+00:00
2a899fc6af3fe70c,jobberman,outlet-managers-gmpjje,Outlet Manager,,,,Nigeria,unknown,,,,,,,,,,,,https://www.jobberman.com/listings/outlet-managers-gmpjje,2026-08-30T15:56:37+00:00
932c25c1ac228133,jobberman,operations-manager-x8gezm,Operations Manager,,,,Nigeria,unknown,,,,,,,,,,,,https://www.jobberman.com/listings/operations-manager-x8gezm,2026-08-30T15:56:37+00:00
466b10254d43742f,jobberman,project-manager-z8z56d,Project Manager,,,,Nigeria,unknown,,,,,,,,,,,,https://www.jobberman.com/listings/project-manager-z8z56d,2026-08-30T15:56:37+00:00
3233b8a53415053a,jobberman,production-manager-furniture-wrg5jj,Production Manager,,,,Nigeria,unknown,,,,,,,,,,,,https://www.jobberman.com/listings/production-manager-furniture-wrg5jj,2026-08-30T15:56:37+00:00
2826d9ccba883c4c,jobberman,hotel-manager-z8z5xq,Hotel Manager,,,,Nigeria,unknown,,,,,,,,,,,,https://www.jobberman.com/listings/hotel-manager-z8z5xq,2026-08-30T15:56:37+00:00
bef7aab4674d651e,jobberman,project-manager-n97njm,Project Manager,,,,Nigeria,unknown,,,,,,,,,,,,https://www.jobberman.com/listings/project-manager-n97njm,2026-08-30T15:56:37+00:00
8be699c1d2551751,jobberman,spa-manager-6qnq74,Spa Manager,,,,Nigeria,unknown,,,,,,,,,,,,https://www.jobberman.com/listings/spa-manager-6qnq74,2026-08-30T15:56:37+00:00
a93000b9ee0bbaa2,jobberman,restaurant-manager-5p95mg,Restaurant Manager,,,,Nigeria,unknown,,,,,,,,,,,,https://www.jobberman.com/listings/restaurant-manager-5p95mg,2026-08-30T15:56:37+00:00
e4c7c69a5a051188,jobberman,pharmacy-manager-7jpmed,Pharmacy Manager,,,,Nigeria,unknown,,,,,,,,,,,,https://www.jobberman.com/listings/pharmacy-manager-7jpmed,2026-08-30T15:56:40+00:00
54e5fb243fde0238,jobberman,project-leader-qz9vew,Project Manager,,,,Nigeria,unknown,,,,,,,,,,,,https://www.jobberman.com/listings/project-leader-qz9vew,2026-08-30T15:56:40+00:00
51c57e6f3158e0d8,jobberman,project-manager-5p9v7n,Project Manager,,,,Nigeria,unknown,,,,,,,,,,,,https://www.jobberman.com/listings/project-manager-5p9v7n,2026-08-30T15:56:40+00:00
d2a2dcae27b071cd,jobberman,project-manager-construction-450m9p,Project Manager,,,,Nigeria,unknown,,,,,,,,,,,,https://www.jobberman.com/listings/project-manager-construction-450m9p,2026-08-30T15:56:40+00:00
371a346eafbc11a1,jobberman,marketing-manager-fmcgspices-nassarawa-n97zxk,Marketing Manager,,,,Nigeria,unknown,,,,,,,,,,,,https://www.jobberman.com/listings/marketing-manager-fmcgspices-nassarawa-n97zxk,2026-08-30T15:56:40+00:00
7b4d90e016ae1550,jobberman,business-manager-j6pwj4,Business Manager,,,,Nigeria,unknown,,,,,,,,,,,,https://www.jobberman.com/listings/business-manager-j6pwj4,2026-08-30T15:56:40+00:00
03576bd533a701a3,jobberman,production-manager-m0645z,Production Manager,,,,Nigeria,unknown,,,,,,,,,,,,https://www.jobberman.com/listings/production-manager-m0645z,2026-08-30T15:56:40+00:00
df9f0d4ff4ed949d,jobberman,sales-manager-n97zgk,Sales Manager,,,,Nigeria,unknown,,,,,,,,,,,,https://www.jobberman.com/listings/sales-manager-n97zgk,2026-08-30T15:56:40+00:00
e3e72e23668eae9a,jobberman,general-manager-0knzgz,General Manager,,,,Nigeria,unknown,,,,,,,,,,,,https://www.jobberman.com/listings/general-manager-0knzgz,2026-08-30T15:56:40+00:00
127d7b61b15b1d38,jobberman,operations-manager-vdgq4x,Operations Manager,,,,Nigeria,unknown,,,,,,,,,,,,https://www.jobberman.com/listings/operations-manager-vdgq4x,2026-08-30T15:56:40+00:00
ad30cafc8eba3a1c,jobberman,restaurant-manager-450p5z,Restaurant Manager,,,,Nigeria,unknown,,,,,,,,,,,,https://www.jobberman.com/listings/restaurant-manager-450p5z,2026-08-30T15:56:40+00:00
4f385f4506033e2d,jobberman,project-manager-6qn506,Project Manager,,,,Nigeria,unknown,,,,,,,,,,,,https://www.jobberman.com/listings/project-manager-6qn506,2026-08-30T15:56:40+00:00
9c79dd58a0cb19a4,jobberman,community-manager-qz96j6,Community Manager,,,,Nigeria,unknown,,,,,,,,,,,,https://www.jobberman.com/listings/community-manager-qz96j6,2026-08-30T15:56:40+00:00
7baf3c8b8a823664,jobberman,general-manager-manufacturing-0knd7x,General Manager,,,,Nigeria,unknown,,,,,,,,,,,,https://www.jobberman.com/listings/general-manager-manufacturing-0knd7x,2026-08-30T15:56:40+00:00
710455e948cb8908,jobberman,supermarket-store-manager-female-450pkm,Store Manager,,,,Nigeria,unknown,,,,,,,,,,,,https://www.jobberman.com/listings/supermarket-store-manager-female-450pkm,2026-08-30T15:56:40+00:00
a863c6f380abafaa,jobberman,sales-manager-anager-n97ww9,Sales Manager,,,,Nigeria,unknown,,,,,,,,,,,,https://www.jobberman.com/listings/sales-manager-anager-n97ww9,2026-08-30T15:56:44+00:00
af29e6495ecf3fcd,jobberman,marketing-manager-er9wx6,Marketing Manager,,,,Nigeria,unknown,,,,,,,,,,,,https://www.jobberman.com/listings/marketing-manager-er9wx6,2026-08-30T15:56:44+00:00
f386b108b325a7a6,jobberman,procurement-managerpurchase-manager-8mpg99,Procurement Manager,,,,Nigeria,unknown,,,,,,,,,,,,https://www.jobberman.com/listings/procurement-managerpurchase-manager-8mpg99,2026-08-30T15:56:44+00:00
8de46f1e84640046,jobberman,supermarket-manager-9k5grx,Supermarket Manager,,,,Nigeria,unknown,,,,,,,,,,,,https://www.jobberman.com/listings/supermarket-manager-9k5grx,2026-08-30T15:56:44+00:00
8b3da8bc6419ef58,jobberman,enterprise-account-manager-k7p065,Account Manager,,,,Nigeria,unknown,,,,,,,,,,,,https://www.jobberman.com/listings/enterprise-account-manager-k7p065,2026-08-30T15:56:44+00:00
e8cf0e08f5e92d33,jobberman,relationship-manager-pg0jrq,Relationship Manager,,,,Nigeria,unknown,,,,,,,,,,,,https://www.jobberman.com/listings/relationship-manager-pg0jrq,2026-08-30T15:56:44+00:00
b61adf28277a95be,jobberman,relationship-manager-sme-lending-x8gq84,Relationship Manager,,,,Nigeria,unknown,,,,,,,,,,,,https://www.jobberman.com/listings/relationship-manager-sme-lending-x8gq84,2026-08-30T15:56:44+00:00
04e1c727fdeb55e5,jobberman,factory-manager-n97wpv,Factory Manager,,,,Nigeria,unknown,,,,,,,,,,,,https://www.jobberman.com/listings/factory-manager-n97wpv,2026-08-30T15:56:44+00:00
873cb34f276030be,jobberman,agency-manager-6qnv2p,Agency Manager,,,,Nigeria,unknown,,,,,,,,,,,,https://www.jobberman.com/listings/agency-manager-6qnv2p,2026-08-30T15:56:44+00:00
ccf00272578faefa,jobberman,marketing-communications-manager-qz54d7,Marketing & Communications Manager,,,,Nigeria,unknown,,,,,,,,,,,,https://www.jobberman.com/listings/marketing-communications-manager-qz54d7,2026-08-30T15:56:44+00:00
f1b6b93efee99205,jobberman,operations-manager-k76wk2,Retail Operations Manager,,,,Nigeria,unknown,,,,,,,,,,,,https://www.jobberman.com/listings/operations-manager-k76wk2,2026-08-30T15:56:44+00:00
dcfdbd66d9e9e9b2,jobberman,key-account-manager-fintech-n90rqe,Key Account Manager,,,,Nigeria,unknown,,,,,,,,,,,,https://www.jobberman.com/listings/key-account-manager-fintech-n90rqe,2026-08-30T15:56:44+00:00
c7512cb4fcbf8031,jobberman,affiliate-marketing-manager-8m909x,Affiliate Marketing Manager,,,,Nigeria,unknown,,,,,,,,,,,,https://www.jobberman.com/listings/affiliate-marketing-manager-8m909x,2026-08-30T15:56:44+00:00
50374c031c559a1e,jobberman,business-development-manager-southern-region-nigeria-6qr0g6,Business Development Manager,,,,Nigeria,unknown,,,,,,,,,,,,https://www.jobberman.com/listings/business-development-manager-southern-region-nigeria-6qr0g6,2026-08-30T15:56:44+00:00
6286d4bfba4d12bc,jobberman,senior-sales-manager-m0v8xq,Senior Sales Manager,,,,Nigeria,unknown,,,,,,,,,,,,https://www.jobberman.com/listings/senior-sales-manager-m0v8xq,2026-08-30T15:56:44+00:00
6972482e81f8dd31,jobberman,lead-project-manager-wrnqvk,Lead Project Manager,,,,Nigeria,unknown,,,,,,,,,,,,https://www.jobberman.com/listings/lead-project-manager-wrnqvk,2026-08-30T15:56:44+00:00
05d74f6f68d02242,jobberman,sales-and-marketing-manager-wrnq74,Sales and Marketing Manager,,,,Nigeria,unknown,,,,,,,,,,,,https://www.jobberman.com/listings/sales-and-marketing-manager-wrnq74,2026-08-30T15:56:47+00:00
5467a5d769f82aa3,jobberman,enterprise-sales-manager-m0v8er,Enterprise Sales Manager,,,,Nigeria,unknown,,,,,,,,,,,Other Tech,https://www.jobberman.com/listings/enterprise-sales-manager-m0v8er,2026-08-30T15:56:47+00:00
118dc5a518748871,jobberman,national-sales-manager-k769z8,National Sales Manager,,,,Nigeria,unknown,,,,,,,,,,,,https://www.jobberman.com/listings/national-sales-manager-k769z8,2026-08-30T15:56:47+00:00
c6e33b637e8d2d41,jobberman,business-development-manager-pgnknm,Business Development Manager,,,,Nigeria,unknown,,,,,,,,,,,,https://www.jobberman.com/listings/business-development-manager-pgnknm,2026-08-30T15:56:47+00:00
92b1a201bf8aaa9e,jobberman,inventory-managerstorekeeper-gm424q,Inventory Manager/Storekeeper,,,,Nigeria,unknown,,,,,,,,,,,,https://www.jobberman.com/listings/inventory-managerstorekeeper-gm424q,2026-08-30T15:56:47+00:00
e468b703cb7c2c1e,jobberman,operations-admissions-manager-0k8qjm,Operations & Admissions Manager,,,,Nigeria,unknown,,,,,,,,,,,,https://www.jobberman.com/listings/operations-admissions-manager-0k8qjm,2026-08-30T15:56:47+00:00
e601087d938e8e18,jobberman,general-manager-telecom-technical-pgnx4q,General Manager Telecom,,,,Nigeria,unknown,,,,,,,,,,,Other Tech,https://www.jobberman.com/listings/general-manager-telecom-technical-pgnx4q,2026-08-30T15:56:47+00:00
bcb6d7961a0c5fc4,jobberman,national-sales-manager-natural-stones-k76wn2,National Sales Manager,,,,Nigeria,unknown,,,,,,,,,,,,https://www.jobberman.com/listings/national-sales-manager-natural-stones-k76wn2,2026-08-30T15:56:47+00:00
81a2275ff633ea72,jobberman,social-media-manager-vd9202,Social Media Manager,,,,Nigeria,unknown,,,,,,,,,,,,https://www.jobberman.com/listings/social-media-manager-vd9202,2026-08-30T15:56:47+00:00
db58a95134d8d5b1,jobberman,area-sales-manager-qzwm8k,Area Sales Manager,,,,Nigeria,unknown,,,,,,,,,,,,https://www.jobberman.com/listings/area-sales-manager-qzwm8k,2026-08-30T15:56:47+00:00
484b34af17223e18,jobberman,e-commerce-manager-rr6gwn,E Commerce Manager,,,,Nigeria,unknown,,,,,,,,,,,,https://www.jobberman.com/listings/e-commerce-manager-rr6gwn,2026-08-30T15:56:47+00:00
2b953386d77f6f11,jobberman,area-sales-manager-45rxq9,Area Sales Manager,,,,Nigeria,unknown,,,,,,,,,,,,https://www.jobberman.com/listings/area-sales-manager-45rxq9,2026-08-30T15:56:47+00:00
e3ded6eb5e8eb045,jobberman,social-media-manager-m0vxqq,Social Media Manager,,,,Nigeria,unknown,,,,,,,,,,,,https://www.jobberman.com/listings/social-media-manager-m0vxqq,2026-08-30T15:56:47+00:00
5a5453e53df13df9,jobberman,key-account-manager-sales-department-rr6pm4,Key Account Manager,,,,Nigeria,unknown,,,,,,,,,,,,https://www.jobberman.com/listings/key-account-manager-sales-department-rr6pm4,2026-08-30T15:56:51+00:00
9430da301eac9716,jobberman,food-and-beverage-manager-2k8en8,Food and Beverage Manager,,,,Nigeria,unknown,,,,,,,,,,,,https://www.jobberman.com/listings/food-and-beverage-manager-2k8en8,2026-08-30T15:56:51+00:00
6cd0d1ba9c65da7a,jobberman,european-brand-manager-9kre6v,Brand/Marketing Manager,,,,Nigeria,unknown,,,,,,,,,,,,https://www.jobberman.com/listings/european-brand-manager-9kre6v,2026-08-30T15:56:51+00:00
8acd8bba2f1ede4a,jobberman,business-operations-manager-6qre54,Business Operation Manager,,,,Nigeria,unknown,,,,,,,,,,,,https://www.jobberman.com/listings/business-operations-manager-6qre54,2026-08-30T15:56:51+00:00
a71eff1785be14cd,jobberman,human-resource-manager-6qrp0z,Human Resources Manager,,,,Nigeria,unknown,,,,,,,,,,,,https://www.jobberman.com/listings/human-resource-manager-6qrp0z,2026-08-30T15:56:51+00:00
584560bc9e4d3016,jobberman,social-media-manager-gm4n5q,Social Media Manager,,,,Nigeria,unknown,,,,,,,,,,,,https://www.jobberman.com/listings/social-media-manager-gm4n5q,2026-08-30T15:56:51+00:00
bff03b42d7375343,jobberman,social-media-manager-wrn4qp,Social Media Manager,,,,Nigeria,unknown,,,,,,,,,,,,https://www.jobberman.com/listings/social-media-manager-wrn4qp,2026-08-30T15:56:51+00:00
d1f7c5405001e7f3,jobberman,social-media-manager-9kr7rw,Social Media Manager,,,,Nigeria,unknown,,,,,,,,,,,,https://www.jobberman.com/listings/social-media-manager-9kr7rw,2026-08-30T15:56:51+00:00
ea36229adccb2e28,jobberman,business-improvement-manager-z8rmr8,Business Improvement Manager,,,,Nigeria,unknown,,,,,,,,,,,,https://www.jobberman.com/listings/business-improvement-manager-z8rmr8,2026-08-30T15:56:51+00:00
43c9f21499864779,jobberman,senior-management-consultant-commercial-k76jpw,Senior Management Consultant,,,,Nigeria,unknown,,,,,,,,,,,,https://www.jobberman.com/listings/senior-management-consultant-commercial-k76jpw,2026-08-30T15:56:51+00:00
83490ea3dc941b34,jobberman,affiliate-marketing-manager-45rk09,Affiliate Sales Manager,,,,Nigeria,unknown,,,,,,,,,,,,https://www.jobberman.com/listings/affiliate-marketing-manager-45rk09,2026-08-30T15:56:51+00:00
91dc6b861b488a18,jobberman,hradmin-manager-2k8vpj,HR/Admin Manager,,,,Nigeria,unknown,,,,,,,,,,,,https://www.jobberman.com/listings/hradmin-manager-2k8vpj,2026-08-30T15:56:51+00:00
458e4b36d1e0eac9,jobberman,male-business-development-manager-wrn4r5,Business Development Manager,,,,Nigeria,unknown,,,,,,,,,,,,https://www.jobberman.com/listings/male-business-development-manager-wrn4r5,2026-08-30T15:56:51+00:00
11029af4b2096f5d,jobberman,social-media-manager-influencer-content-brand-erp4rv,Social Media Manager,,,,Nigeria,unknown,,,,,,,,,,,,https://www.jobberman.com/listings/social-media-manager-influencer-content-brand-erp4rv,2026-08-30T15:56:54+00:00
a010499578a75323,jobberman,business-development-manager-9kr7kw,Business Development Manager,,,,Nigeria,unknown,,,,,,,,,,,,https://www.jobberman.com/listings/business-development-manager-9kr7kw,2026-08-30T15:56:54+00:00
d4a06ae43daf7b18,jobberman,social-media-manager-graphic-designer-wrn425,Social Media Manager,,,,Nigeria,unknown,,,,,,,,,,,,https://www.jobberman.com/listings/social-media-manager-graphic-designer-wrn425,2026-08-30T15:56:54+00:00
363d2ff21d3e15bd,jobberman,business-development-manager-gm4xg4,Business Development Manager,,,,Nigeria,unknown,,,,,,,,,,,,https://www.jobberman.com/listings/business-development-manager-gm4xg4,2026-08-30T15:56:54+00:00
93f9aa839778b133,jobberman,human-resource-manager-z8r9wq,Human Resource Manager,,,,Nigeria,unknown,,,,,,,,,,,,https://www.jobberman.com/listings/human-resource-manager-z8r9wq,2026-08-30T15:56:54+00:00
e14322ae2fafb0f6,jobberman,restaurant-operations-manager-x8wv92,Restaurant Operations Manager,,,,Nigeria,unknown,,,,,,,,,,,,https://www.jobberman.com/listings/restaurant-operations-manager-x8wv92,2026-08-30T15:56:54+00:00
a1d343d2480dd54f,jobberman,sales-marketing-manager-9krq27,Sales & Marketing Manager,,,,Nigeria,unknown,,,,,,,,,,,,https://www.jobberman.com/listings/sales-marketing-manager-9krq27,2026-08-30T15:56:54+00:00
5db8afc2ba019fdc,jobberman,teacher-centre-manager-n90ezm,Teacher / Centre Manager,,,,Nigeria,unknown,,,,,,,,,,,,https://www.jobberman.com/listings/teacher-centre-manager-n90ezm,2026-08-30T15:56:54+00:00
3784724bfb2af21a,jobberman,social-media-manager-j6595d,Social Media Manager,,,,Nigeria,unknown,,,,,,,,,,,,https://www.jobberman.com/listings/social-media-manager-j6595d,2026-08-30T15:56:54+00:00
22edaae728120005,jobberman,marketing-sale-manager-9krqd5,Marketing/ Sale Manager,,,,Nigeria,unknown,,,,,,,,,,,,https://www.jobberman.com/listings/marketing-sale-manager-9krqd5,2026-08-30T15:56:54+00:00
d41bbe4cdce35804,jobberman,social-media-manager-j65e2e,Social Media Manager,,,,Nigeria,unknown,,,,,,,,,,,,https://www.jobberman.com/listings/social-media-manager-j65e2e,2026-08-30T15:56:54+00:00
991105282875e07f,jobberman,content-creatorsocial-media-manager-5pr0z7,Social Media Manager,,,,Nigeria,unknown,,,,,,,,,,,,https://www.jobberman.com/listings/content-creatorsocial-media-manager-5pr0z7,2026-08-30T15:56:54+00:00
09290bb1588a52b5,jobberman,marketing-and-sales-manager-d9dgp0,Marketing and Sales Manager,,,,Nigeria,unknown,,,,,,,,,,,,https://www.jobberman.com/listings/marketing-and-sales-manager-d9dgp0,2026-08-30T15:56:54+00:00
012665d02f399b74,jobberman,social-media-manager-m0vwwm,Social Media Manager,,,,Nigeria,unknown,,,,,,,,,,,,https://www.jobberman.com/listings/social-media-manager-m0vwwm,2026-08-30T15:56:57+00:00
378c5c9726f59596,jobberman,supply-chain-manager-x8w9wq,Supply Chain Manager,,,,Nigeria,unknown,,,,,,,,,,,,https://www.jobberman.com/listings/supply-chain-manager-x8w9wq,2026-08-30T15:56:57+00:00
c6379aab0475e740,jobberman,business-development-manager-9krxr8,Business Development Manager,,,,Nigeria,unknown,,,,,,,,,,,,https://www.jobberman.com/listings/business-development-manager-9krxr8,2026-08-30T15:56:57+00:00
34dcfae36e46cf52,jobberman,learning-and-development-manager-2k8x9v,Learning And Development Manager,,,,Nigeria,unknown,,,,,,,,,,,,https://www.jobberman.com/listings/learning-and-development-manager-2k8x9v,2026-08-30T15:56:57+00:00
72a36d295ae75a4b,jobberman,operationsproject-manager-45rgd5,Operations/Project Manager,,,,Nigeria,unknown,,,,,,,,,,,,https://www.jobberman.com/listings/operationsproject-manager-45rgd5,2026-08-30T15:56:57+00:00
09694ae6c2b422c6,jobberman,social-media-manager-8mk7rp,Social Media Manager,,,,Nigeria,unknown,,,,,,,,,,,,https://www.jobberman.com/listings/social-media-manager-8mk7rp,2026-08-30T15:56:57+00:00
c695c5f702b8ebe1,jobberman,depot-sales-manager-0k86qd,Depot Sales Manager,,,,Nigeria,unknown,,,,,,,,,,,,https://www.jobberman.com/listings/depot-sales-manager-0k86qd,2026-08-30T15:56:57+00:00
1bd074af09f67679,jobberman,travel-deskhr-officer-x82vev,Regional HR Manager,,,,Nigeria,unknown,,,,,,,,,,,,https://www.jobberman.com/listings/travel-deskhr-officer-x82vev,2026-08-30T15:56:57+00:00
ec50f1a46e449c82,jobberman,social-media-manager-6qrj2g,Social Media Manager,,,,Nigeria,unknown,,,,,,,,,,,,https://www.jobberman.com/listings/social-media-manager-6qrj2g,2026-08-30T15:56:57+00:00
1b0fbcdfd9326536,jobberman,social-media-manager-7jxqzz,Social Media Manager,,,,Nigeria,unknown,,,,,,,,,,,,https://www.jobberman.com/listings/social-media-manager-7jxqzz,2026-08-30T15:56:57+00:00
d4de68bbd539ec3b,jobberman,social-media-manager-8mk8ez,Social Media Manager,,,,Nigeria,unknown,,,,,,,,,,,,https://www.jobberman.com/listings/social-media-manager-8mk8ez,2026-08-30T15:56:57+00:00
86619c9fd9477aa3,jobberman,unit-sales-manager-d9dqgj,Unit Sales Manager,,,,Nigeria,unknown,,,,,,,,,,,,https://www.jobberman.com/listings/unit-sales-manager-d9dqgj,2026-08-30T15:56:57+00:00
cc9c3016dbc71cf9,jobberman,quality-assurance-manager-d9dqk5,Quality Assurance Manager,,,,Nigeria,unknown,,,,,,,,,,,QA & Testing,https://www.jobberman.com/listings/quality-assurance-manager-d9dqk5,2026-08-30T15:56:57+00:00
709cb8e7481cee56,jobberman,social-media-manager-qzwn46,Social Media Manager,,,,Nigeria,unknown,,,,,,,,,,,,https://www.jobberman.com/listings/social-media-manager-qzwn46,2026-08-30T15:56:57+00:00
ff2ac1130cf84a56,jobberman,content-specialist-and-social-media-manager-5prnwg,Social Media Manager,,,,Nigeria,unknown,,,,,,,,,,,,https://www.jobberman.com/listings/content-specialist-and-social-media-manager-5prnwg,2026-08-30T15:57:00+00:00
53330ed457da16bf,jobberman,social-media-manager-gm4r9r,Social Media Manager,,,,Nigeria,unknown,,,,,,,,,,,,https://www.jobberman.com/listings/social-media-manager-gm4r9r,2026-08-30T15:57:00+00:00
f204958b7cdb44d2,jobberman,content-writer-social-media-manager-x8wmjj,Social Media Manager,,,,Nigeria,unknown,,,,,,,,,,,,https://www.jobberman.com/listings/content-writer-social-media-manager-x8wmjj,2026-08-30T15:57:00+00:00
970ada06e432df74,jobberman,business-development-management-9krz0v,Business Development Manager,,,,Nigeria,unknown,,,,,,,,,,,,https://www.jobberman.com/listings/business-development-management-9krz0v,2026-08-30T15:57:00+00:00
2b6e4e746feffaad,jobberman,social-media-manager-creative-content-creator-6qr8ng,Social Media Manager,,,,Nigeria,unknown,,,,,,,,,,,,https://www.jobberman.com/listings/social-media-manager-creative-content-creator-6qr8ng,2026-08-30T15:57:00+00:00
3674dda5b4e23624,jobberman,finance-and-accounts-manager-x8wn8m,Finance and Account Manager,,,,Nigeria,unknown,,,,,,,,,,,,https://www.jobberman.com/listings/finance-and-accounts-manager-x8wn8m,2026-08-30T15:57:00+00:00
6db51d20947aa298,jobberman,hiring-experienced-human-resource-manager-pgnq84,Human Resource Manager,,,,Nigeria,unknown,,,,,,,,,,,,https://www.jobberman.com/listings/hiring-experienced-human-resource-manager-pgnq84,2026-08-30T15:57:00+00:00
f3c33ac27e3f592d,jobberman,bussiness-development-manager-qzw8vw,Business Development Manager,,,,Nigeria,unknown,,,,,,,,,,,,https://www.jobberman.com/listings/bussiness-development-manager-qzw8vw,2026-08-30T15:57:00+00:00
dc6b03113870ea1e,jobberman,business-relationship-manager-m0vq0d,Business Relationship Manager,,,,Nigeria,unknown,,,,,,,,,,,,https://www.jobberman.com/listings/business-relationship-manager-m0vq0d,2026-08-30T15:57:00+00:00
24a33f9a0280b625,jobberman,insurance-sales-manager-lagos-pgn5gx,Insurance Sales Manager,,,,Nigeria,unknown,,,,,,,,,,,,https://www.jobberman.com/listings/insurance-sales-manager-lagos-pgn5gx,2026-08-30T15:57:00+00:00
475b66f48b406b95,jobberman,graduate-management-trainee-2k89qq,Graduate Management Trainee,,,,Nigeria,unknown,,,,,,,,,,,,https://www.jobberman.com/listings/graduate-management-trainee-2k89qq,2026-08-30T15:57:00+00:00
cc0222414fc3e9f5,jobberman,business-development-manager-n908dk,Business Development Manager,,,,Nigeria,unknown,,,,,,,,,,,,https://www.jobberman.com/listings/business-development-manager-n908dk,2026-08-30T15:57:00+00:00
4551460d9c443715,jobberman,content-and-community-manager-k76ngm,Content and Community Manager,,,,Nigeria,unknown,,,,,,,,,,,,https://www.jobberman.com/listings/content-and-community-manager-k76ngm,2026-08-30T15:57:00+00:00
2bef302c832fea42,jobberman,digital-content-manager-m0vqrz,Digital Content Manager,,,,Nigeria,unknown,,,,,,,,,,,,https://www.jobberman.com/listings/digital-content-manager-m0vqrz,2026-08-30T15:57:00+00:00
cc7f85135ccd7bc4,jobberman,business-development-manager-wrn9nj,Business Development Manager,,,,Nigeria,unknown,,,,,,,,,,,,https://www.jobberman.com/listings/business-development-manager-wrn9nj,2026-08-30T15:57:04+00:00
0306dd2318ad792e,jobberman,social-media-managercontent-creator-x8wngm,Social Media Manager,,,,Nigeria,unknown,,,,,,,,,,,,https://www.jobberman.com/listings/social-media-managercontent-creator-x8wngm,2026-08-30T15:57:04+00:00
630a3fe6e9088ba6,jobberman,sales-personnel-0k826z,Regional Sales Manager,,,,Nigeria,unknown,,,,,,,,,,,,https://www.jobberman.com/listings/sales-personnel-0k826z,2026-08-30T15:57:04+00:00
8bd53cbf6378a62e,jobberman,regional-sales-manager-9krwe7,Regional Sales Manager,,,,Nigeria,unknown,,,,,,,,,,,,https://www.jobberman.com/listings/regional-sales-manager-9krwe7,2026-08-30T15:57:04+00:00
fd89be15cec11954,jobberman,human-resource-manager-z8rqdq,Human Resource Manager,,,,Nigeria,unknown,,,,,,,,,,,,https://www.jobberman.com/listings/human-resource-manager-z8rqdq,2026-08-30T15:57:04+00:00
f7504e23877b467b,jobberman,experienced-marketing-and-sales-manager-qzw88w,Marketing and Sales Manager,,,,Nigeria,unknown,,,,,,,,,,,,https://www.jobberman.com/listings/experienced-marketing-and-sales-manager-qzw88w,2026-08-30T15:57:04+00:00
8037ea462b2462df,jobberman,head-of-operations-manager-45rq6p,Head of Operations Manager,,,,Nigeria,unknown,,,,,,,,,,,,https://www.jobberman.com/listings/head-of-operations-manager-45rq6p,2026-08-30T15:57:04+00:00
6cc99136ef7105e2,jobberman,client-account-manager-media-advertising-8mkxk6,Client Account Manager,,,,Nigeria,unknown,,,,,,,,,,,,https://www.jobberman.com/listings/client-account-manager-media-advertising-8mkxk6,2026-08-30T15:57:04+00:00
6aa43ba5196470a8,jobberman,community-and-admin-manager-k76v65,Community and Admin Manager,,,,Nigeria,unknown,,,,,,,,,,,,https://www.jobberman.com/listings/community-and-admin-manager-k76v65,2026-08-30T15:57:04+00:00
e6093ea59c383c19,jobberman,social-media-manager-pgnqpr,Social Media Manager,,,,Nigeria,unknown,,,,,,,,,,,,https://www.jobberman.com/listings/social-media-manager-pgnqpr,2026-08-30T15:57:04+00:00
eecdc788ba64890c,jobberman,area-sales-manager-0k85ej,Area Sales Manager,,,,Nigeria,unknown,,,,,,,,,,,,https://www.jobberman.com/listings/area-sales-manager-0k85ej,2026-08-30T15:57:04+00:00
240d5aa7cc9c0591,jobberman,business-development-manager-6qrm2p,Business Development Manager,,,,Nigeria,unknown,,,,,,,,,,,,https://www.jobberman.com/listings/business-development-manager-6qrm2p,2026-08-30T15:57:04+00:00
71f8a6f7d27e434d,jobberman,business-development-manager-vd9qmg,Business Development Manager,,,,Nigeria,unknown,,,,,,,,,,,,https://www.jobberman.com/listings/business-development-manager-vd9qmg,2026-08-30T15:57:04+00:00
3292eb54855d7e25,jobberman,shift-production-manager-m0vdxg,Shift Production Manager,,,,Nigeria,unknown,,,,,,,,,,,,https://www.jobberman.com/listings/shift-production-manager-m0vdxg,2026-08-30T15:57:07+00:00
89e784cd3413081f,jobberman,investment-portfolio-manager-d9dn50,Investment & Portfolio Manager,,,,Nigeria,unknown,,,,,,,,,,,,https://www.jobberman.com/listings/investment-portfolio-manager-d9dn50,2026-08-30T15:57:07+00:00
b3880d2a4d28a36d,jobberman,key-account-manager-45rpzz,Key Account Manager,,,,Nigeria,unknown,,,,,,,,,,,,https://www.jobberman.com/listings/key-account-manager-45rpzz,2026-08-30T15:57:07+00:00
cb4ef50485178437,jobberman,content-creator-n90wmv,Social Media Manager,,,,Nigeria,unknown,,,,,,,,,,,,https://www.jobberman.com/listings/content-creator-n90wmv,2026-08-30T15:57:07+00:00
b5c95fddc205a520,jobberman,social-media-managercontent-creator-n90wmx,Social Media Manager,,,,Nigeria,unknown,,,,,,,,,,,,https://www.jobberman.com/listings/social-media-managercontent-creator-n90wmx,2026-08-30T15:57:07+00:00
e3ef30156b1465dc,jobberman,social-media-manager-0k8djg,Social Media Manager,,,,Nigeria,unknown,,,,,,,,,,,,https://www.jobberman.com/listings/social-media-manager-0k8djg,2026-08-30T15:57:07+00:00
cd26434fd4b4c14c,jobberman,social-media-manager-7jx0qj,Social Media Manager,,,,Nigeria,unknown,,,,,,,,,,,,https://www.jobberman.com/listings/social-media-manager-7jx0qj,2026-08-30T15:57:07+00:00
1a4b8738a22ae4e7,jobberman,supermarket-operations-manager-2k8w9p,Supermarket Operations Manager,,,,Nigeria,unknown,,,,,,,,,,,,https://www.jobberman.com/listings/supermarket-operations-manager-2k8w9p,2026-08-30T15:57:07+00:00
5e85135fe5f80fb8,jobberman,business-relationship-manager-9krrj0,Business Relationship manager,,,,Nigeria,unknown,,,,,,,,,,,,https://www.jobberman.com/listings/business-relationship-manager-9krrj0,2026-08-30T15:57:07+00:00
5465d41791657bba,jobberman,business-development-manager-2k8wdg,Business Development Manager,,,,Nigeria,unknown,,,,,,,,,,,,https://www.jobberman.com/listings/business-development-manager-2k8wdg,2026-08-30T15:57:07+00:00
c98756e8a8a176bf,jobberman,area-operations-manager-erpx2j,Area Operations Manager,,,,Nigeria,unknown,,,,,,,,,,,,https://www.jobberman.com/listings/area-operations-manager-erpx2j,2026-08-30T15:57:07+00:00
7660013bb1c6d6cf,jobberman,social-media-manager-content-creator-2k8846,Social Media Manager,,,,Nigeria,unknown,,,,,,,,,,,,https://www.jobberman.com/listings/social-media-manager-content-creator-2k8846,2026-08-30T15:57:17+00:00
0b728fa37367ad95,jobberman,petroleum-laboratory-manager-6qrrg7,Petroleum Laboratory Manager,,,,Nigeria,unknown,,,,,,,,,,,,https://www.jobberman.com/listings/petroleum-laboratory-manager-6qrrg7,2026-08-30T15:57:17+00:00
1968cb605bdadb27,jobberman,digital-marketer-manager-x8w84j,Digital Marketing Manager,,,,Nigeria,unknown,,,,,,,,,,,,https://www.jobberman.com/listings/digital-marketer-manager-x8w84j,2026-08-30T15:57:17+00:00
8f5119d4d54954a5,jobberman,senior-accounts-manager-j65564,Senior Accounts Manager,,,,Nigeria,unknown,,,,,,,,,,,,https://www.jobberman.com/listings/senior-accounts-manager-j65564,2026-08-30T15:57:17+00:00
ff28b3e804ff34a9,jobberman,human-resource-manager-pgnnwq,Human Resource Manager,,,,Nigeria,unknown,,,,,,,,,,,,https://www.jobberman.com/listings/human-resource-manager-pgnnwq,2026-08-30T15:57:17+00:00
c44af3cbaf1b28d6,jobberman,social-media-manager-6qrr7p,Social media manager,,,,Nigeria,unknown,,,,,,,,,,,,https://www.jobberman.com/listings/social-media-manager-6qrr7p,2026-08-30T15:57:17+00:00
64ccf06b55c8a65f,jobberman,social-media-manager-m0vv5j,Social Media Manager,,,,Nigeria,unknown,,,,,,,,,,,,https://www.jobberman.com/listings/social-media-manager-m0vv5j,2026-08-30T15:57:17+00:00
7be9aaa0069cfcd2,jobberman,retail-operations-manager-z8rzvv,Retail Operations Manager,,,,Nigeria,unknown,,,,,,,,,,,,https://www.jobberman.com/listings/retail-operations-manager-z8rzvv,2026-08-30T15:57:17+00:00
d470d2c2da8557ae,jobberman,food-and-beverage-manager-2k8kpe,Food and Beverage Manager,,,,Nigeria,unknown,,,,,,,,,,,,https://www.jobberman.com/listings/food-and-beverage-manager-2k8kpe,2026-08-30T15:57:17+00:00
59b73b59f5e62a5d,jobberman,business-development-manager-wrnrqk,Business Development Manager,,,,Nigeria,unknown,,,,,,,,,,,,https://www.jobberman.com/listings/business-development-manager-wrnrqk,2026-08-30T15:57:17+00:00
7ce7a5201ca07c37,jobberman,social-media-manager-qzwzjj,Social Media Manager,,,,Nigeria,unknown,,,,,,,,,,,,https://www.jobberman.com/listings/social-media-manager-qzwzjj,2026-08-30T15:57:17+00:00
993673cc9b082eb5,jobberman,fashion-store-manager-z8r8n6,Fashion Store Manager,,,,Nigeria,unknown,,,,,,,,,,,,https://www.jobberman.com/listings/fashion-store-manager-z8r8n6,2026-08-30T15:57:17+00:00
fdb8a80530f56cb7,jobberman,client-service-manager-7jxjvg,Client Service Manager,,,,Nigeria,unknown,,,,,,,,,,,,https://www.jobberman.com/listings/client-service-manager-7jxjvg,2026-08-30T15:57:17+00:00
68a6e2db5ac05bd6,jobberman,content-creator-and-social-media-manager-pgnm9p,Social Media Manager,,,,Nigeria,unknown,,,,,,,,,,,,https://www.jobberman.com/listings/content-creator-and-social-media-manager-pgnm9p,2026-08-30T15:57:17+00:00
2d4847874c75af7d,jobberman,social-media-manager-k768dw,Social Media Manager,,,,Nigeria,unknown,,,,,,,,,,,,https://www.jobberman.com/listings/social-media-manager-k768dw,2026-08-30T15:57:21+00:00
6c4a02ce1f614ac5,jobberman,buying-merchandising-manager-m0vgk2,Buying & Merchandising Manager,,,,Nigeria,unknown,,,,,,,,,,,,https://www.jobberman.com/listings/buying-merchandising-manager-m0vgk2,2026-08-30T15:57:21+00:00
102607c3f3eca99e,jobberman,product-marketing-manager-6qrd4n,Product Marketing Manager,,,,Nigeria,unknown,,,,,,,,,,,,https://www.jobberman.com/listings/product-marketing-manager-6qrd4n,2026-08-30T15:57:21+00:00
02d584cbdfe73760,jobberman,human-resources-manager-6qrdmn,Human Resources Manager,,,,Nigeria,unknown,,,,,,,,,,,,https://www.jobberman.com/listings/human-resources-manager-6qrdmn,2026-08-30T15:57:21+00:00
d02a8026065b39d1,jobberman,social-media-manager-erpv2z,Social Media Manager,,,,Nigeria,unknown,,,,,,,,,,,,https://www.jobberman.com/listings/social-media-manager-erpv2z,2026-08-30T15:57:21+00:00
0951d5923d9d8d73,jobberman,manager-teaching-learning-k76gkz,"Manager, Teaching & Learning",,,,Nigeria,unknown,,,,,,,,,,,,https://www.jobberman.com/listings/manager-teaching-learning-k76gkz,2026-08-30T15:57:21+00:00
adbef263227377f3,jobberman,student-acquisition-manager-rr6vw2,Student Acquisition Manager,,,,Nigeria,unknown,,,,,,,,,,,,https://www.jobberman.com/listings/student-acquisition-manager-rr6vw2,2026-08-30T15:57:21+00:00
252bacdfc939ed22,jobberman,social-media-manager-2k8q98,Social Media Manager,,,,Nigeria,unknown,,,,,,,,,,,,https://www.jobberman.com/listings/social-media-manager-2k8q98,2026-08-30T15:57:21+00:00
13ae9fd7db2724f1,jobberman,human-resources-hr-manager-m0vpqr,Human Resources Manager,,,,Nigeria,unknown,,,,,,,,,,,,https://www.jobberman.com/listings/human-resources-hr-manager-m0vpqr,2026-08-30T15:57:21+00:00
17897a72b82847bf,jobberman,facility-and-inventory-officer-0k8wx6,Facility & Inventory Manager,,,,Nigeria,unknown,,,,,,,,,,,,https://www.jobberman.com/listings/facility-and-inventory-officer-0k8wx6,2026-08-30T15:57:21+00:00
a379deebde5e8e49,jobberman,print-production-manager-z8rd56,Print Production Manager,,,,Nigeria,unknown,,,,,,,,,,,,https://www.jobberman.com/listings/print-production-manager-z8rd56,2026-08-30T15:57:21+00:00
e1a023a3c8de0a54,jobberman,digital-marketing-manager-x8w2ej,Digital Marketing Manager,,,,Nigeria,unknown,,,,,,,,,,,,https://www.jobberman.com/listings/digital-marketing-manager-x8w2ej,2026-08-30T15:57:21+00:00
38cda740246b9816,jobberman,product-marketing-manager-m0vr7z,Product Marketing Manager,,,,Nigeria,unknown,,,,,,,,,,,,https://www.jobberman.com/listings/product-marketing-manager-m0vr7z,2026-08-30T15:57:21+00:00
5a89180806ccf953,jobberman,digital-and-sales-marketer-wrnzx0,Digital Marketing Manager,,,,Nigeria,unknown,,,,,,,,,,,,https://www.jobberman.com/listings/digital-and-sales-marketer-wrnzx0,2026-08-30T15:57:27+00:00
93d03ead5b19007f,jobberman,facility-operation-manager-gm4gk8,Facility Operation Manager,,,,Nigeria,unknown,,,,,,,,,,,,https://www.jobberman.com/listings/facility-operation-manager-gm4gk8,2026-08-30T15:57:27+00:00
d283d2c4f578d94b,jobberman,field-sales-manager-rr6qkn,Field Sales Manager,,,,Nigeria,unknown,,,,,,,,,,,,https://www.jobberman.com/listings/field-sales-manager-rr6qkn,2026-08-30T15:57:27+00:00
1fea223c259254fd,jobberman,hr-operations-manager-2k74p8,HR & Operations Manager,,,,Nigeria,unknown,,,,,,,,,,,,https://www.jobberman.com/listings/hr-operations-manager-2k74p8,2026-08-30T15:57:27+00:00
e5a5fc5b71a81f3e,jobberman,business-development-manager-2k8rd2,Business Development Manager,,,,Nigeria,unknown,,,,,,,,,,,,https://www.jobberman.com/listings/business-development-manager-2k8rd2,2026-08-30T15:57:27+00:00
f9d0215c8fe799f3,jobberman,business-development-manager-7jx7ge,Business Development Manager,,,,Nigeria,unknown,,,,,,,,,,,,https://www.jobberman.com/listings/business-development-manager-7jx7ge,2026-08-30T15:57:27+00:00
ac5c64ea09fe6a4a,jobberman,social-media-manager-wrne7d,Social Media Manager,,,,Nigeria,unknown,,,,,,,,,,,,https://www.jobberman.com/listings/social-media-manager-wrne7d,2026-08-30T15:57:27+00:00
88fa93603f5eb979,jobberman,finance-and-administration-manager-with-experience-in-agriculturalfood-nutrition-company-7jp62q,Finance and Administration Manager,,,,Nigeria,unknown,,,,,,,,,,,,https://www.jobberman.com/listings/finance-and-administration-manager-with-experience-in-agriculturalfood-nutrition-company-7jp62q,2026-08-30T15:57:27+00:00
3b72469644d55778,jobberman,human-resources-manager-k76rzp,Human Resources Manager,,,,Nigeria,unknown,,,,,,,,,,,,https://www.jobberman.com/listings/human-resources-manager-k76rzp,2026-08-30T15:57:27+00:00
dbae48a443ef9a74,jobberman,fintech-productapp-manager-with-bank-or-fintech-experience-8mkv70,Product/App Manager,,,,Nigeria,unknown,,,,,,,,,,,,https://www.jobberman.com/listings/fintech-productapp-manager-with-bank-or-fintech-experience-8mkv70,2026-08-30T15:57:27+00:00
ce46739dca06306d,jobberman,talent-community-manager-9krmx7,Talent Community Manager,,,,Nigeria,unknown,,,,,,,,,,,,https://www.jobberman.com/listings/talent-community-manager-9krmx7,2026-08-30T15:57:27+00:00
2675c1394105499e,jobberman,customer-success-manager-vd94vj,Customer Success Manager,,,,Nigeria,unknown,,,,,,,,,,,,https://www.jobberman.com/listings/customer-success-manager-vd94vj,2026-08-30T15:57:27+00:00
a98978a419590365,jobberman,partnership-manager-ng0-gmpvnk,Partnership Manager (NG0),,,,Nigeria,unknown,,,,,,,,,,,,https://www.jobberman.com/listings/partnership-manager-ng0-gmpvnk,2026-08-30T15:57:30+00:00
3c850b46f381e707,jobberman,social-media-manager-z8z7ng,Social Media Manager,,,,Nigeria,unknown,,,,,,,,,,,,https://www.jobberman.com/listings/social-media-manager-z8z7ng,2026-08-30T15:57:30+00:00
859e6ba116e0a15b,jobberman,social-media-manager-n974e9,Social Media Manager,,,,Nigeria,unknown,,,,,,,,,,,,https://www.jobberman.com/listings/social-media-manager-n974e9,2026-08-30T15:57:30+00:00
2a31cd831b199a51,jobberman,human-resource-manager-m06zw9,Human Resource Manager,,,,Nigeria,unknown,,,,,,,,,,,,https://www.jobberman.com/listings/human-resource-manager-m06zw9,2026-08-30T15:57:30+00:00
2d72380385165c17,jobberman,sales-manager-personal-loans-public-sector-vdg2jp,Sales Manager Personal,,,,Nigeria,unknown,,,,,,,,,,,,https://www.jobberman.com/listings/sales-manager-personal-loans-public-sector-vdg2jp,2026-08-30T15:57:30+00:00
404d5986de689747,jobberman,google-ads-manager-450xwz,Google Ads Manager,,,,Nigeria,unknown,,,,,,,,,,,,https://www.jobberman.com/listings/google-ads-manager-450xwz,2026-08-30T15:57:30+00:00
233347c517ba82f8,jobberman,business-development-manager-8mpjv4,Business Development Manager,,,,Nigeria,unknown,,,,,,,,,,,,https://www.jobberman.com/listings/business-development-manager-8mpjv4,2026-08-30T15:57:30+00:00
740af1feb05e0957,jobberman,key-account-manager-0knqpm,Key Account Manager,,,,Nigeria,unknown,,,,,,,,,,,,https://www.jobberman.com/listings/key-account-manager-0knqpm,2026-08-30T15:57:30+00:00
d74bb9a883e7299c,jobberman,regional-sales-manager-m06x8j,Regional Sales Manager,,,,Nigeria,unknown,,,,,,,,,,,,https://www.jobberman.com/listings/regional-sales-manager-m06x8j,2026-08-30T15:57:30+00:00
2c0b5bf9b12fe809,jobberman,pharmacy-operations-manager-x8g04w,Pharmacy Operations Manager,,,,Nigeria,unknown,,,,,,,,,,,,https://www.jobberman.com/listings/pharmacy-operations-manager-x8g04w,2026-08-30T15:57:30+00:00
cc11bcf8b81093a3,jobberman,social-media-manager-rrnpdn,Social Media Manager,,,,Nigeria,unknown,,,,,,,,,,,,https://www.jobberman.com/listings/social-media-manager-rrnpdn,2026-08-30T15:57:30+00:00
ad9456c00b716982,jobberman,social-media-manager-5p9emn,Social Media Manager,,,,Nigeria,unknown,,,,,,,,,,,,https://www.jobberman.com/listings/social-media-manager-5p9emn,2026-08-30T15:57:34+00:00
d0f253351b17f279,jobberman,business-development-manager-bdm-wrgv45,Business Development Manager,,,,Nigeria,unknown,,,,,,,,,,,,https://www.jobberman.com/listings/business-development-manager-bdm-wrgv45,2026-08-30T15:57:34+00:00
dabea2734ef3c533,jobberman,digital-fleet-manager-8mpewr,Digital Fleets Manager,,,,Nigeria,unknown,,,,,,,,,,,,https://www.jobberman.com/listings/digital-fleet-manager-8mpewr,2026-08-30T15:57:34+00:00
0f0abdd1ca8014c0,jobberman,growth-product-manager-er90ev,Growth Product Manager,,,,Nigeria,unknown,,,,,,,,,,,Product & Design,https://www.jobberman.com/listings/growth-product-manager-er90ev,2026-08-30T15:57:34+00:00
e1806291205aa9f6,jobberman,business-development-manager-bdm-d99jpg,Business Development Manager,,,,Nigeria,unknown,,,,,,,,,,,,https://www.jobberman.com/listings/business-development-manager-bdm-d99jpg,2026-08-30T15:57:34+00:00
695f7c209e0d00b3,jobberman,social-media-manager-9k57nx,Social Media Manager,,,,Nigeria,unknown,,,,,,,,,,,,https://www.jobberman.com/listings/social-media-manager-9k57nx,2026-08-30T15:57:34+00:00
531dff212819aa7a,jobberman,human-resources-manager-k7pjx5,Human Resources Manager,,,,Nigeria,unknown,,,,,,,,,,,,https://www.jobberman.com/listings/human-resources-manager-k7pjx5,2026-08-30T15:57:34+00:00
08f099e40481f20c,jobberman,business-development-manager-power-vdg8g5,Business Development Manager,,,,Nigeria,unknown,,,,,,,,,,,,https://www.jobberman.com/listings/business-development-manager-power-vdg8g5,2026-08-30T15:57:34+00:00
bc6f81fc8febcd55,jobberman,business-development-manager-computing-0knrnx,Business Development Manager,,,,Nigeria,unknown,,,,,,,,,,,,https://www.jobberman.com/listings/business-development-manager-computing-0knrnx,2026-08-30T15:57:34+00:00
ced9dbe4b88d043d,jobberman,client-partnerships-manager-rrnxzg,Client Partnerships Manager,,,,Nigeria,unknown,,,,,,,,,,,,https://www.jobberman.com/listings/client-partnerships-manager-rrnxzg,2026-08-30T15:57:34+00:00
a3b95cc667aac84d,jobberman,social-media-manager-d90p6w,Social Media Manager,,,,Nigeria,unknown,,,,,,,,,,,,https://www.jobberman.com/listings/social-media-manager-d90p6w,2026-08-30T15:57:34+00:00
cc6b49206f3c4efc,jobberman,business-development-manager-at-a-cambridge-school-x8gvxv,Business Development Manager,,,,Nigeria,unknown,,,,,,,,,,,,https://www.jobberman.com/listings/business-development-manager-at-a-cambridge-school-x8gvxv,2026-08-30T15:57:34+00:00
3deb868e4c737900,jobberman,female-social-media-manager-0kn4ej,Social Media Manager,,,,Nigeria,unknown,,,,,,,,,,,,https://www.jobberman.com/listings/female-social-media-manager-0kn4ej,2026-08-30T15:57:38+00:00
53a16596b4c5e187,jobberman,business-development-manager-with-experience-in-agriculturalfood-nutrition-company-6qnjp8,Business Development Manager,,,,Nigeria,unknown,,,,,,,,,,,,https://www.jobberman.com/listings/business-development-manager-with-experience-in-agriculturalfood-nutrition-company-6qnjp8,2026-08-30T15:57:38+00:00
9d6a85cdca31f0fc,jobberman,social-media-manager-d90gg5,Social Media Manager,,,,Nigeria,unknown,,,,,,,,,,,,https://www.jobberman.com/listings/social-media-manager-d90gg5,2026-08-30T15:57:38+00:00
3bb11a471379c5ef,jobberman,growth-marketplace-manager-9k5vv5,Growth & Marketplace Manager,,,,Nigeria,unknown,,,,,,,,,,,,https://www.jobberman.com/listings/growth-marketplace-manager-9k5vv5,2026-08-30T15:57:38+00:00
cf52e27b199adeb2,jobberman,senior-brand-manager-pg045v,Senior Brand Manager,,,,Nigeria,unknown,,,,,,,,,,,,https://www.jobberman.com/listings/senior-brand-manager-pg045v,2026-08-30T15:57:38+00:00
daacf361981d4f3d,jobberman,sales-managerrepresentative-gmp6kr,Sales Manager/Representative,,,,Nigeria,unknown,,,,,,,,,,,,https://www.jobberman.com/listings/sales-managerrepresentative-gmp6kr,2026-08-30T15:57:38+00:00
ffc8c3a32f3df731,jobberman,business-development-manager-n97zpk,Business Development Manager,,,,Nigeria,unknown,,,,,,,,,,,,https://www.jobberman.com/listings/business-development-manager-n97zpk,2026-08-30T15:57:38+00:00
d60b5026e143468a,jobberman,brand-and-design-manager-k7pzm5,Brand and Design Manager,,,,Nigeria,unknown,,,,,,,,,,,,https://www.jobberman.com/listings/brand-and-design-manager-k7pzm5,2026-08-30T15:57:38+00:00
a78c7a4d8d1f0dd9,jobberman,business-development-manager-2k7xjk,Business Development Manager,,,,Nigeria,unknown,,,,,,,,,,,,https://www.jobberman.com/listings/business-development-manager-2k7xjk,2026-08-30T15:57:38+00:00
c6facb4315eecc64,jobberman,business-development-manager-qz9n2k,Business Development Manager,,,,Nigeria,unknown,,,,,,,,,,,,https://www.jobberman.com/listings/business-development-manager-qz9n2k,2026-08-30T15:57:42+00:00
19f0d6309006f94b,jobberman,social-media-manager-6qnwdn,Social Media Manager,,,,Nigeria,unknown,,,,,,,,,,,,https://www.jobberman.com/listings/social-media-manager-6qnwdn,2026-08-30T15:57:42+00:00
18b84c433b8f1f51,jobberman,sales-marketing-manager-5p9q72,Sales & Marketing Manager,,,,Nigeria,unknown,,,,,,,,,,,,https://www.jobberman.com/listings/sales-marketing-manager-5p9q72,2026-08-30T15:57:42+00:00
b70b1579d9f3fcdb,jobberman,business-development-representative-runlink-ai-hr-platform-lagos-nigeria-k7pde5,Business Development Manager,,,,Nigeria,unknown,,,,,,,,,,,,https://www.jobberman.com/listings/business-development-representative-runlink-ai-hr-platform-lagos-nigeria-k7pde5,2026-08-30T15:57:42+00:00
e799aa6c58281fc2,jobberman,sales-and-marketing-manager-wrg966,Sales & Marketing Manager,,,,Nigeria,unknown,,,,,,,,,,,,https://www.jobberman.com/listings/sales-and-marketing-manager-wrg966,2026-08-30T15:57:42+00:00
a465bf7fffd840cc,jobberman,social-media-manager-vdg0r5,Social Media Manager,,,,Nigeria,unknown,,,,,,,,,,,,https://www.jobberman.com/listings/social-media-manager-vdg0r5,2026-08-30T15:57:42+00:00
73c0989b95f2c230,jobberman,business-operations-manager-45029z,Business Operations Manager,,,,Nigeria,unknown,,,,,,,,,,,,https://www.jobberman.com/listings/business-operations-manager-45029z,2026-08-30T15:57:42+00:00
b8f16ac9158e28de,jobberman,social-media-manager-n97kkx,Social Media Manager,,,,Nigeria,unknown,,,,,,,,,,,,https://www.jobberman.com/listings/social-media-manager-n97kkx,2026-08-30T15:57:42+00:00
0c89c7779348c114,jobberman,business-development-manager-9k5290,Business Development Manager,,,,Nigeria,unknown,,,,,,,,,,,,https://www.jobberman.com/listings/business-development-manager-9k5290,2026-08-30T15:57:42+00:00
f524d5de05ff126d,jobberman,technical-production-manager-k7pv9w,Technical Production Manager,,,,Nigeria,unknown,,,,,,,,,,,Other Tech,https://www.jobberman.com/listings/technical-production-manager-k7pv9w,2026-08-30T15:57:42+00:00
bc5efda963ca2ee5,jobberman,social-media-manager-d90zew,Social Media Manager,,,,Nigeria,unknown,,,,,,,,,,,,https://www.jobberman.com/listings/social-media-manager-d90zew,2026-08-30T15:57:42+00:00
d2fc5ad09c78c248,jobberman,client-service-manager-vdg0mk,Client Service Manager,,,,Nigeria,unknown,,,,,,,,,,,,https://www.jobberman.com/listings/client-service-manager-vdg0mk,2026-08-30T15:57:42+00:00
d4f7d9b216f0ca41,jobberman,logistics-general-manager-wrg58j,Logistics General Manager,,,,Nigeria,unknown,,,,,,,,,,,,https://www.jobberman.com/listings/logistics-general-manager-wrg58j,2026-08-30T15:57:42+00:00
babe51c8c133acb8,jobberman,social-media-manager-j6p728,Social Media Manager,,,,Nigeria,unknown,,,,,,,,,,,,https://www.jobberman.com/listings/social-media-manager-j6p728,2026-08-30T15:57:42+00:00
ede542db0c3b963b,jobberman,admin-head-hr-administration-8mpxg0,Admin Manager/ HR,,,,Nigeria,unknown,,,,,,,,,,,,https://www.jobberman.com/listings/admin-head-hr-administration-8mpxg0,2026-08-30T15:57:46+00:00
30f3b112272e1514,jobberman,fb-manager-9k56n7,F&B Manager,,,,Nigeria,unknown,,,,,,,,,,,,https://www.jobberman.com/listings/fb-manager-9k56n7,2026-08-30T15:57:46+00:00
c138240ead47ce76,jobberman,social-media-manager-vdg5kj,Social Media Manager,,,,Nigeria,unknown,,,,,,,,,,,,https://www.jobberman.com/listings/social-media-manager-vdg5kj,2026-08-30T15:57:46+00:00
0c751bf3428b40a3,jobberman,influencer-pr-strategic-partnerships-manager-8mpd47,Strategic Partnership Manager,,,,Nigeria,unknown,,,,,,,,,,,,https://www.jobberman.com/listings/influencer-pr-strategic-partnerships-manager-8mpd47,2026-08-30T15:57:46+00:00
c4cc01d35cdec44c,jobberman,growth-marketing-manager-n97z4e,Growth & Marketing Manager,,,,Nigeria,unknown,,,,,,,,,,,,https://www.jobberman.com/listings/growth-marketing-manager-n97z4e,2026-08-30T15:57:46+00:00
de88780b122c96a6,jobberman,farm-operations-manager-k7pqkn,Farm Operations Manager,,,,Nigeria,unknown,,,,,,,,,,,,https://www.jobberman.com/listings/farm-operations-manager-k7pqkn,2026-08-30T15:57:46+00:00
1f1e110d8cf9026e,jobberman,business-development-manager-5p95ke,Business Development Manager,,,,Nigeria,unknown,,,,,,,,,,,,https://www.jobberman.com/listings/business-development-manager-5p95ke,2026-08-30T15:57:46+00:00
261e83ec5ed8c37b,jobberman,head-asset-management-gmpm6e,Head Asset Manager,,,,Nigeria,unknown,,,,,,,,,,,,https://www.jobberman.com/listings/head-asset-management-gmpm6e,2026-08-30T15:57:46+00:00
9a865bbe0af582c7,jobberman,media-lead-7jpm7g,SOCIAL MEDIA MANAGER,,,,Nigeria,unknown,,,,,,,,,,,,https://www.jobberman.com/listings/media-lead-7jpm7g,2026-08-30T15:57:46+00:00
b71a637571abd52d,jobberman,business-development-manager-pg02kq,Business Development Manager,,,,Nigeria,unknown,,,,,,,,,,,,https://www.jobberman.com/listings/business-development-manager-pg02kq,2026-08-30T15:57:46+00:00
d5f07dec88b9e56c,jobberman,public-relations-manager-wrgjkj,Public Relations Manager,,,,Nigeria,unknown,,,,,,,,,,,,https://www.jobberman.com/listings/public-relations-manager-wrgjkj,2026-08-30T15:57:46+00:00
4811680c8dfef1fb,jobberman,lead-facility-manager-6qnz0p,Lead Facility Manager,,,,Nigeria,unknown,,,,,,,,,,,,https://www.jobberman.com/listings/lead-facility-manager-6qnz0p,2026-08-30T15:57:46+00:00
6b4f63b03d4bdb40,jobberman,social-media-manager-z8zek8,Social Media Manager,,,,Nigeria,unknown,,,,,,,,,,,,https://www.jobberman.com/listings/social-media-manager-z8zek8,2026-08-30T15:57:46+00:00
081f5c6d3398f0f6,jobberman,business-development-manager-j6p2vw,Business Development Manager,,,,Nigeria,unknown,,,,,,,,,,,,https://www.jobberman.com/listings/business-development-manager-j6p2vw,2026-08-30T15:57:46+00:00
dbe71c0a278e7790,jobberman,digital-communication-manager-k7p0wz,Digital Communication Manager,,,,Nigeria,unknown,,,,,,,,,,,,https://www.jobberman.com/listings/digital-communication-manager-k7p0wz,2026-08-30T15:57:50+00:00
34b539b575f2129d,jobberman,business-development-manager-z8zxjg,Business Development Manager,,,,Nigeria,unknown,,,,,,,,,,,,https://www.jobberman.com/listings/business-development-manager-z8zxjg,2026-08-30T15:57:50+00:00
b678e01d5181fe64,jobberman,fish-farm-manager-wrgwn6,Fish Farm Manager,,,,Nigeria,unknown,,,,,,,,,,,,https://www.jobberman.com/listings/fish-farm-manager-wrgwn6,2026-08-30T15:57:50+00:00
242bd8411ac25377,jobberman,sales-unit-manager-8mpg46,Sales Unit Manager,,,,Nigeria,unknown,,,,,,,,,,,Other Tech,https://www.jobberman.com/listings/sales-unit-manager-8mpg46,2026-08-30T15:57:50+00:00
95b9d405cb6b84d7,jobberman,business-development-marketing-manager-wrkm5m,Business Development/ Marketing Manager,,,,Nigeria,unknown,,,,,,,,,,,,https://www.jobberman.com/listings/business-development-marketing-manager-wrkm5m,2026-08-30T15:57:50+00:00
8ec93c74ee893a0a,jobberman,we-are-hiring-project-manager-scrum-master-8mkq7j,Project Manager/ Scrum Master,,,,Nigeria,unknown,,,,,,,,,,,Other Tech,https://www.jobberman.com/listings/we-are-hiring-project-manager-scrum-master-8mkq7j,2026-08-30T15:57:50+00:00
0c882f93ca25181f,jobberman,branch-manager-sales-projects-ibadan-n906dr,"Branch Manager, Sales & Projects",,,,Nigeria,unknown,,,,,,,,,,,,https://www.jobberman.com/listings/branch-manager-sales-projects-ibadan-n906dr,2026-08-30T15:57:50+00:00
851fe9cd0c5dc914,jobberman,solar-product-distribution-manager-d9dv42,Solar Product Distribution Manager,,,,Nigeria,unknown,,,,,,,,,,,,https://www.jobberman.com/listings/solar-product-distribution-manager-d9dv42,2026-08-30T15:57:50+00:00
1e164dc29585f5e9,jobberman,senior-social-media-manager-erp4pv,Senior Social Media Manager,,,,Nigeria,unknown,,,,,,,,,,,,https://www.jobberman.com/listings/senior-social-media-manager-erp4pv,2026-08-30T15:57:50+00:00
e2d143f1009a7875,jobberman,grants-and-partnership-engagement-manager-2k8mrd,Grants and Partnership Engagement Manager,,,,Nigeria,unknown,,,,,,,,,,,,https://www.jobberman.com/listings/grants-and-partnership-engagement-manager-2k8mrd,2026-08-30T15:57:50+00:00
156c2ef4ad76cac0,jobberman,sales-business-development-manager-partnerships-wrn79d,Sales & Business Development Manager,,,,Nigeria,unknown,,,,,,,,,,,,https://www.jobberman.com/listings/sales-business-development-manager-partnerships-wrn79d,2026-08-30T15:57:50+00:00
d3c6be7ceb1cd3d3,jobberman,sales-business-development-manager-partnerships-n90ekm,Sales and Business Development Manager,,,,Nigeria,unknown,,,,,,,,,,,,https://www.jobberman.com/listings/sales-business-development-manager-partnerships-n90ekm,2026-08-30T15:57:54+00:00
028c1ea1402f378a,jobberman,sales-business-development-manager-partnerships-6qr948,Sales & Business Development Manager,,,,Nigeria,unknown,,,,,,,,,,,,https://www.jobberman.com/listings/sales-business-development-manager-partnerships-6qr948,2026-08-30T15:57:54+00:00
569b9e30210c02a6,jobberman,national-premium-horeca-manager-n90ew0,National Premium Horeca Manager,,,,Nigeria,unknown,,,,,,,,,,,,https://www.jobberman.com/listings/national-premium-horeca-manager-n90ew0,2026-08-30T15:57:54+00:00
f8b78942a3ddc871,jobberman,procurement-supply-chain-manager-d9dg27,Procurement & Supply Chain Manager,,,,Nigeria,unknown,,,,,,,,,,,,https://www.jobberman.com/listings/procurement-supply-chain-manager-d9dg27,2026-08-30T15:57:54+00:00
1e018c6db84561d0,jobberman,sales-manager-ict-elv-m0v7z2,Sales Manager (ICT & ELV),,,,Nigeria,unknown,,,,,,,,,,,Other Tech,https://www.jobberman.com/listings/sales-manager-ict-elv-m0v7z2,2026-08-30T15:57:54+00:00
28e2d414e15070b6,jobberman,assistant-social-media-manager-qzwnqj,Assistant Social Media Manager,,,,Nigeria,unknown,,,,,,,,,,,,https://www.jobberman.com/listings/assistant-social-media-manager-qzwnqj,2026-08-30T15:57:54+00:00
78ee6ed441bbed7d,jobberman,edtech-operations-manager-business-director-8mk2gz,Operations Manager / Business Director,,,,Nigeria,unknown,,,,,,,,,,,,https://www.jobberman.com/listings/edtech-operations-manager-business-director-8mk2gz,2026-08-30T15:57:54+00:00
904f28f7f047ffeb,jobberman,senior-sales-and-marketing-manager-rr64k2,Senior Sales and Marketing Manager,,,,Nigeria,unknown,,,,,,,,,,,,https://www.jobberman.com/listings/senior-sales-and-marketing-manager-rr64k2,2026-08-30T15:57:54+00:00
31280a2f8e8406cc,jobberman,human-resources-and-compliance-manager-n90nne,Human Resources and Compliance Manager,,,,Nigeria,unknown,,,,,,,,,,,,https://www.jobberman.com/listings/human-resources-and-compliance-manager-n90nne,2026-08-30T15:57:54+00:00
c7dfb4dddca9df8e,jobberman,project-business-operations-manager-grid-platforms-pgnqnm,Project and Business Operations Manager,,,,Nigeria,unknown,,,,,,,,,,,,https://www.jobberman.com/listings/project-business-operations-manager-grid-platforms-pgnqnm,2026-08-30T15:57:54+00:00
73ff6f74a8fc6355,jobberman,senior-sales-development-manager-rr6j4q,Senior Sales Development Manager,,,,Nigeria,unknown,,,,,,,,,,,,https://www.jobberman.com/listings/senior-sales-development-manager-rr6j4q,2026-08-30T15:57:54+00:00
9730328381531b87,jobberman,business-development-sales-manager-0k8ngk,Business Development & Sales Manager,,,,Nigeria,unknown,,,,,,,,,,,,https://www.jobberman.com/listings/business-development-sales-manager-0k8ngk,2026-08-30T15:57:54+00:00
041e3b1928a7ce6a,jobberman,quality-control-and-finishes-manager-k7pw98,Quality Control and Finishes Manager,,,,Nigeria,unknown,,,,,,,,,,,,https://www.jobberman.com/listings/quality-control-and-finishes-manager-k7pw98,2026-08-30T15:57:54+00:00
da064dd54c6ad227,jobberman,social-media-associate-manager-z8rpk8,Social Media Associate Manager,,,,Nigeria,unknown,,,,,,,,,,,,https://www.jobberman.com/listings/social-media-associate-manager-z8rpk8,2026-08-30T15:57:54+00:00
7525c2c7b65f5641,jobberman,social-media-brand-manager-gm4w7n,Social Media Brand Manager,,,,Nigeria,unknown,,,,,,,,,,,,https://www.jobberman.com/listings/social-media-brand-manager-gm4w7n,2026-08-30T15:57:57+00:00
b7d2f885ef5a41d1,jobberman,senior-sales-partnerships-manager-8mk4dr,Senior Sales & Partnerships Manager,,,,Nigeria,unknown,,,,,,,,,,,,https://www.jobberman.com/listings/senior-sales-partnerships-manager-8mk4dr,2026-08-30T15:57:57+00:00
62eef71fb187c29e,jobberman,founding-operations-growth-manager-gm4g72,Founding Operations Growth Manager,,,,Nigeria,unknown,,,,,,,,,,,,https://www.jobberman.com/listings/founding-operations-growth-manager-gm4g72,2026-08-30T15:57:57+00:00
705cac4ead7a1df2,jobberman,social-media-marketing-manager-er96zx,Social Media Marketing Manager,,,,Nigeria,unknown,,,,,,,,,,,,https://www.jobberman.com/listings/social-media-marketing-manager-er96zx,2026-08-30T15:57:57+00:00
f4a69d9323110373,jobberman,salesbusiness-development-manager-9k5p80,Sales/Business Development Manager,,,,Nigeria,unknown,,,,,,,,,,,,https://www.jobberman.com/listings/salesbusiness-development-manager-9k5p80,2026-08-30T15:57:57+00:00
ce8e42877888f002,jobberman,business-development-manager-n974dg,Sales/Business Development Manager,,,,Nigeria,unknown,,,,,,,,,,,,https://www.jobberman.com/listings/business-development-manager-n974dg,2026-08-30T15:57:57+00:00
117c31f9c2a1a477,jobberman,senior-factory-operations-manager-vdg7mw,Senior Factory Operations Manager,,,,Nigeria,unknown,,,,,,,,,,,,https://www.jobberman.com/listings/senior-factory-operations-manager-vdg7mw,2026-08-30T15:57:57+00:00
4f91b2bbb7ab1157,jobberman,coating-plant-admin-manager-450gdz,Coating Plant Admin Manager,,,,Nigeria,unknown,,,,,,,,,,,,https://www.jobberman.com/listings/coating-plant-admin-manager-450gdz,2026-08-30T15:57:57+00:00
ead0cd0f4ca960b1,jobberman,bloggers-and-content-marketing-manager-z8zkp8,Blogger and Content Marketing Manager,,,,Nigeria,unknown,,,,,,,,,,,,https://www.jobberman.com/listings/bloggers-and-content-marketing-manager-z8zkp8,2026-08-30T15:57:57+00:00
ffba9ff97a82f291,jobberman,digital-marketing-growth-manager-450mnv,Digital Marketing & Growth Manager,,,,Nigeria,unknown,,,,,,,,,,,,https://www.jobberman.com/listings/digital-marketing-growth-manager-450mnv,2026-08-30T15:57:57+00:00
bf781ce58991bd0c,jobberman,programme-planning-and-mep-manager-k7pqrm,"Programme, Planning and MEP Manager",,,,Nigeria,unknown,,,,,,,,,,,,https://www.jobberman.com/listings/programme-planning-and-mep-manager-k7pqrm,2026-08-30T15:57:57+00:00
b5190d79ad8c2680,jobberman,sales-and-marketing-manager-female-n97wj9,Female Sales and Marketing Manager,,,,Nigeria,unknown,,,,,,,,,,,,https://www.jobberman.com/listings/sales-and-marketing-manager-female-n97wj9,2026-08-30T15:57:57+00:00
09d999188866e533,jobberman,ads-and-social-media-manager-qzzkn6,Ads and Social Media Manager,,,,Nigeria,unknown,,,,,,,,,,,,https://www.jobberman.com/listings/ads-and-social-media-manager-qzzkn6,2026-08-30T15:58:00+00:00
e8f8272af0cd82cc,jobberman,content-creator-and-social-media-manager-9kn0gn,Content Creator and Social Media Manager,,,,Nigeria,unknown,,,,,,,,,,,,https://www.jobberman.com/listings/content-creator-and-social-media-manager-9kn0gn,2026-08-30T15:58:00+00:00
feb06aa8dccf05e8,jobberman,content-creatorsocial-media-management-intern-wrnd6z,Content Creator/Social Media Manager,,,,Nigeria,unknown,,,,,,,,,,,,https://www.jobberman.com/listings/content-creatorsocial-media-management-intern-wrnd6z,2026-08-30T15:58:00+00:00
a2d8773ed2f75255,jobberman,social-media-managercontent-creator-5prm2x,Social Media Manager/Content Creator,,,,Nigeria,unknown,,,,,,,,,,,,https://www.jobberman.com/listings/social-media-managercontent-creator-5prm2x,2026-08-30T15:58:00+00:00
85d8a1089bc2a78e,jobberman,social-media-growth-growth-marketing-manager-wrnv54,Social Media/Growth Marketing Manager,,,,Nigeria,unknown,,,,,,,,,,,,https://www.jobberman.com/listings/social-media-growth-growth-marketing-manager-wrnv54,2026-08-30T15:58:00+00:00
20807e864b2add38,jobberman,program-delivery-and-learning-experience-j650er,Program Delivery and Learning Experience Manager,,,,Nigeria,unknown,,,,,,,,,,,,https://www.jobberman.com/listings/program-delivery-and-learning-experience-j650er,2026-08-30T15:58:00+00:00
64bd54ac5228c33f,jobberman,property-management-investor-relations-coordinator-n909gk,Property Management and Investor Relations Coordinator,,,,Nigeria,unknown,,,,,,,,,,,,https://www.jobberman.com/listings/property-management-investor-relations-coordinator-n909gk,2026-08-30T15:58:00+00:00
c0d37d8a726d8f65,jobberman,sales-rep-social-media-manager-vd9965,Sales rep/ Social media manager,,,,Nigeria,unknown,,,,,,,,,,,,https://www.jobberman.com/listings/sales-rep-social-media-manager-vd9965,2026-08-30T15:58:00+00:00
9b39b7ff4286f598,jobberman,content-creator-social-media-manager-z8rpn9,Content Creator & Social Media Manager,,,,Nigeria,unknown,,,,,,,,,,,,https://www.jobberman.com/listings/content-creator-social-media-manager-z8rpn9,2026-08-30T15:58:00+00:00
d18bb18fdec68600,jobberman,procurement-operations-manager-oil-gas-x8w2nj,Procurement Operations Manager (Oil & Gas),,,,Nigeria,unknown,,,,,,,,,,,,https://www.jobberman.com/listings/procurement-operations-manager-oil-gas-x8w2nj,2026-08-30T15:58:00+00:00
e620c55c4fa3631d,jobberman,web-managersocial-media-specialist-0knemm,Web Manager/Social Media Specialist,,,,Nigeria,unknown,,,,,,,,,,,,https://www.jobberman.com/listings/web-managersocial-media-specialist-0knemm,2026-08-30T15:58:00+00:00
1106b28791ef445b,jobberman,social-media-digital-growth-manager-m06zmj,Social Media & Digital Growth Manager,,,,Nigeria,unknown,,,,,,,,,,,,https://www.jobberman.com/listings/social-media-digital-growth-manager-m06zmj,2026-08-30T15:58:00+00:00
86ca3381b17499a0,jobberman,social-media-specialist-content-creator-d90qdw,Content Creator/Social Media Manager,,,,Nigeria,unknown,,,,,,,,,,,,https://www.jobberman.com/listings/social-media-specialist-content-creator-d90qdw,2026-08-30T15:58:00+00:00
41a654cf9c65f33c,jobberman,business-development-manager-restaurant-hospitality-9k566n,Business Development Manager (Restaurant & Hospitality),,,,Nigeria,unknown,,,,,,,,,,,,https://www.jobberman.com/listings/business-development-manager-restaurant-hospitality-9k566n,2026-08-30T15:58:03+00:00
e5b43c34df52fc13,jobberman,project-manager-telecom-n97xqr,Backbone Optical Network Project Manager,,,,Nigeria,unknown,,,,,,,,,,,,https://www.jobberman.com/listings/project-manager-telecom-n97xqr,2026-08-30T15:58:03+00:00
746033101373a680,jobberman,digital-marketing-manager-growth-marketing-specialist-7jxg6n,Digital Marketing Manager / Growth Marketing Specialist,,,,Nigeria,unknown,,,,,,,,,,,,https://www.jobberman.com/listings/digital-marketing-manager-growth-marketing-specialist-7jxg6n,2026-08-30T15:58:03+00:00
8ad0192af2961c28,jobberman,admin-section-head-vd99r5,Admin Section Head,,,,Nigeria,unknown,,,,,,,,,,,,https://www.jobberman.com/listings/admin-section-head-vd99r5,2026-08-30T15:58:03+00:00
1a6c5e104caad5b2,jobberman,dispatch-operations-assistant-450g4z,Dispatch & Operations Assistant,,,,Nigeria,unknown,,,,,,,,,,,,https://www.jobberman.com/listings/dispatch-operations-assistant-450g4z,2026-08-30T15:58:03+00:00
138ecad234bf1821,jobberman,corporate-sales-associate-vd96qj,Corporate Sales Associate,,,,Nigeria,unknown,,,,,,,,,,,,https://www.jobberman.com/listings/corporate-sales-associate-vd96qj,2026-08-30T15:58:03+00:00
0f6440876a69b3f7,jobberman,graduate-trainee-rr64j5,Graduate Trainee,,,,Nigeria,unknown,,,,,,,,,,,,https://www.jobberman.com/listings/graduate-trainee-rr64j5,2026-08-30T15:58:03+00:00
4aff67aca4272de6,jobberman,accounts-executive-6qr6vn,Accounts Executive,,,,Nigeria,unknown,,,,,,,,,,,,https://www.jobberman.com/listings/accounts-executive-6qr6vn,2026-08-30T15:58:03+00:00
a91bbd4ec5b8ce68,jobberman,lead-implementerconsultant-ims-9k5z48,Lead Implementer Consultant,,,,Nigeria,unknown,,,,,,,,,,,,https://www.jobberman.com/listings/lead-implementerconsultant-ims-9k5z48,2026-08-30T15:58:03+00:00
34bb47bcf066819f,jobberman,senior-accountant-gmpk6q,Accountant,,,,Nigeria,unknown,,,,,,,,,,,,https://www.jobberman.com/listings/senior-accountant-gmpk6q,2026-08-30T15:58:07+00:00
99b5c79a16f7ce90,jobberman,business-development-client-service-executive-media-advertising-wrg785,Business Development / Client Service Executive,,,,Nigeria,unknown,,,,,,,,,,,,https://www.jobberman.com/listings/business-development-client-service-executive-media-advertising-wrg785,2026-08-30T15:58:07+00:00
d8ee9ac42b6a3a8d,jobberman,sales-executive-m069ng,Sales Executive,,,,Nigeria,unknown,,,,,,,,,,,,https://www.jobberman.com/listings/sales-executive-m069ng,2026-08-30T15:58:07+00:00
350bc4df7c7bbd83,jobberman,employee-relations-lead-6qrzp8,Employee Relations Lead,,,,Nigeria,unknown,,,,,,,,,,,,https://www.jobberman.com/listings/employee-relations-lead-6qrzp8,2026-08-30T15:58:14+00:00
201ed223d77a0fe0,jobberman,head-of-finance-qz9wmv,Head of Finance,,,,Nigeria,unknown,,,,,,,,,,,,https://www.jobberman.com/listings/head-of-finance-qz9wmv,2026-08-30T15:58:14+00:00
72582bc1ee3a5ad8,jobberman,customer-service-supervisor-n90r7v,Customer Service Supervisor,,,,Nigeria,unknown,,,,,,,,,,,,https://www.jobberman.com/listings/customer-service-supervisor-n90r7v,2026-08-30T15:58:14+00:00
d901dba41d7c0255,jobberman,head-manager-fixed-income-x8w9j0,Head of Fixed Income,,,,Nigeria,unknown,,,,,,,,,,,,https://www.jobberman.com/listings/head-manager-fixed-income-x8w9j0,2026-08-30T15:58:14+00:00
f1bb5576bc67c2a2,jobberman,head-of-it-business-innovation-wrgvqz,Head of IT & Business Innovation,,,,Nigeria,unknown,,,,,,,,,,,,https://www.jobberman.com/listings/head-of-it-business-innovation-wrgvqz,2026-08-30T15:58:14+00:00
f6bdb476b35162f8,jobberman,head-financial-controller-and-budgeting-7jx4wn,"Head, Financial controller and Budgeting",,,,Nigeria,unknown,,,,,,,,,,,,https://www.jobberman.com/listings/head-financial-controller-and-budgeting-7jx4wn,2026-08-30T15:58:16+00:00
5238136bcab66321,jobberman,recruitment-executive-project-based-8mkedj,Recruitment Executive,,,,Nigeria,unknown,,,,,,,,,,,,https://www.jobberman.com/listings/recruitment-executive-project-based-8mkedj,2026-08-30T15:58:16+00:00
3eea48e409504c5f,jobberman,contract-tendering-engineer-0k80zw,Contract & Tendering Engineer,,,,Nigeria,unknown,,,,,,,,,,,Other Tech,https://www.jobberman.com/listings/contract-tendering-engineer-0k80zw,2026-08-30T15:58:16+00:00
459c252c33718db6,jobberman,receptionist-2k7m4e,Receptionist,,,,Nigeria,unknown,,,,,,,,,,,,https://www.jobberman.com/listings/receptionist-2k7m4e,2026-08-30T15:58:16+00:00
26ed7274f31b7e8f,jobberman,hr-executive-7jxegd,HR Executive,,,,Nigeria,unknown,,,,,,,,,,,,https://www.jobberman.com/listings/hr-executive-7jxegd,2026-08-30T15:58:20+00:00
a420223b7417ef8e,jobberman,executive-chef-wrnd7z,Chef,,,,Nigeria,unknown,,,,,,,,,,,,https://www.jobberman.com/listings/executive-chef-wrnd7z,2026-08-30T15:58:20+00:00
a3654ddcc888160d,jobberman,senior-accountant-2k8n56,Senior Accountant,,,,Nigeria,unknown,,,,,,,,,,,,https://www.jobberman.com/listings/senior-accountant-2k8n56,2026-08-30T15:58:20+00:00
e7fd0af35c5ea5d9,jobberman,remote-digital-educator-tymlova-pro-partner-x8gx4w,Digital Educator,,,,Nigeria,unknown,,,,,,,,,,,,https://www.jobberman.com/listings/remote-digital-educator-tymlova-pro-partner-x8gx4w,2026-08-30T15:58:23+00:00
1ecd2c4c0880458f,jobberman,head-of-operations-d9d80w,Head of Operations,,,,Nigeria,unknown,,,,,,,,,,,,https://www.jobberman.com/listings/head-of-operations-d9d80w,2026-08-30T15:58:23+00:00
5e64b6229a2ab953,jobberman,head-of-shared-services-hss-j6509d,Head of Shared Services,,,,Nigeria,unknown,,,,,,,,,,,,https://www.jobberman.com/listings/head-of-shared-services-hss-j6509d,2026-08-30T15:58:23+00:00
003c4276f44b3e8e,jobberman,accountant-m0ve9g,Accountant,,,,Nigeria,unknown,,,,,,,,,,,,https://www.jobberman.com/listings/accountant-m0ve9g,2026-08-30T15:58:27+00:00
aed850753c8e478c,jobberman,project-engineerbuilder-8mkw9n,Project Engineer/Builder,,,,Nigeria,unknown,,,,,,,,,,,Other Tech,https://www.jobberman.com/listings/project-engineerbuilder-8mkw9n,2026-08-30T15:58:27+00:00
f7828471265f3b16,jobberman,head-of-finance-oil-gas-x8g05w,Head of Finance,,,,Nigeria,unknown,,,,,,,,,,,,https://www.jobberman.com/listings/head-of-finance-oil-gas-x8g05w,2026-08-30T15:58:27+00:00
b8e190bdb9769b39,jobberman,content-specialist-qz96ze,Content Specialist,,,,Nigeria,unknown,,,,,,,,,,,,https://www.jobberman.com/listings/content-specialist-qz96ze,2026-08-30T15:58:27+00:00
edb182556d54ec53,jobberman,student-recruitment-and-admissions-lead-vd9j65,Student Recruitment and Admissions Lead,,,,Nigeria,unknown,,,,,,,,,,,,https://www.jobberman.com/listings/student-recruitment-and-admissions-lead-vd9j65,2026-08-30T15:58:27+00:00
621089bf5feb9d99,jobberman,social-media-executive-5p9gze,Social Media Executive,,,,Nigeria,unknown,,,,,,,,,,,,https://www.jobberman.com/listings/social-media-executive-5p9gze,2026-08-30T15:58:27+00:00
a2596f8b2cd5d8e3,jobberman,business-development-sales-executive-45rk89,Business Development /Sales Executive,,,,Nigeria,unknown,,,,,,,,,,,,https://www.jobberman.com/listings/business-development-sales-executive-45rk89,2026-08-30T15:58:29+00:00
f4a1d06a7ffdb5b2,jobberman,accountant-n97w40,Accountant,,,,Nigeria,unknown,,,,,,,,,,,,https://www.jobberman.com/listings/accountant-n97w40,2026-08-30T15:58:29+00:00
3ab9680d5068f1bf,jobberman,luxury-sales-associate-social-media-manager-0k8948,Luxury Sales Associate,,,,Nigeria,unknown,,,,,,,,,,,Other Tech,https://www.jobberman.com/listings/luxury-sales-associate-social-media-manager-0k8948,2026-08-30T15:58:29+00:00
0ae87d40788b9f9f,jobberman,digital-marketer-vd9vnv,Digital Marketer,,,,Nigeria,unknown,,,,,,,,,,,,https://www.jobberman.com/listings/digital-marketer-vd9vnv,2026-08-30T15:58:29+00:00
55eae7b077372027,jobberman,control-room-operator-rrn7p4,Control Room Operator,,,,Nigeria,unknown,,,,,,,,,,,,https://www.jobberman.com/listings/control-room-operator-rrn7p4,2026-08-30T15:58:29+00:00
43674667523f58a1,jobberman,digital-marketer-9krz85,Digital Marketer,,,,Nigeria,unknown,,,,,,,,,,,,https://www.jobberman.com/listings/digital-marketer-9krz85,2026-08-30T15:58:29+00:00
4fd2b8a592c76964,jobberman,human-resource-generalist-0kn4wx,Human Resource Generalist,,,,Nigeria,unknown,,,,,,,,,,,,https://www.jobberman.com/listings/human-resource-generalist-0kn4wx,2026-08-30T15:58:29+00:00
da10a26de70361e7,jobberman,receptionist-n900ev,Receptionist,,,,Nigeria,unknown,,,,,,,,,,,,https://www.jobberman.com/listings/receptionist-n900ev,2026-08-30T15:58:32+00:00
0f2b973078f0fac8,jobberman,head-of-procurement-d905x2,Head of Procurement,,,,Nigeria,unknown,,,,,,,,,,,,https://www.jobberman.com/listings/head-of-procurement-d905x2,2026-08-30T15:58:32+00:00
3db210fcaf717bc5,jobberman,bookkeeper-accountant-part-time-n974dk,Bookkeeper/Accountant,,,,Nigeria,unknown,,,,,,,,,,,,https://www.jobberman.com/listings/bookkeeper-accountant-part-time-n974dk,2026-08-30T15:58:32+00:00
52f6e9e5f111851f,jobberman,supervisor-assistant-pg0v8m,Supervisor Assistant,,,,Nigeria,unknown,,,,,,,,,,,,https://www.jobberman.com/listings/supervisor-assistant-pg0v8m,2026-08-30T15:58:32+00:00
e2b9bf95d6a5a88c,jobberman,assistant-supervisor-8mpn9x,Assistant Supervisor,,,,Nigeria,unknown,,,,,,,,,,,,https://www.jobberman.com/listings/assistant-supervisor-8mpn9x,2026-08-30T15:58:32+00:00
e9a5e28e1cd6e130,jobberman,digital-marketer-z8rkmk,Digital Marketer,,,,Nigeria,unknown,,,,,,,,,,,,https://www.jobberman.com/listings/digital-marketer-z8rkmk,2026-08-30T15:58:32+00:00
4a661b0db678942f,jobberman,cashier-x8wp5w,Cashier,,,,Nigeria,unknown,,,,,,,,,,,,https://www.jobberman.com/listings/cashier-x8wp5w,2026-08-30T15:58:32+00:00
dbc9f9ebf9f59bc5,jobberman,accountant-wrnpdz,Accountant,,,,Nigeria,unknown,,,,,,,,,,,,https://www.jobberman.com/listings/accountant-wrnpdz,2026-08-30T15:58:32+00:00
1f36c9f3f2578f3d,jobberman,accountant-job-6qq8pv,Accountant,,,,Nigeria,unknown,,,,,,,,,,,,https://www.jobberman.com/listings/accountant-job-6qq8pv,2026-08-30T15:58:32+00:00
10f99c35a5ac5fa8,jobberman,nephrology-nurse-7jpgg8,Nephrology Nurse,,,,Nigeria,unknown,,,,,,,,,,,,https://www.jobberman.com/listings/nephrology-nurse-7jpgg8,2026-08-30T15:58:32+00:00
3f7d6513f4744e16,jobberman,group-head-tax-risk-compliance-0k8m66,"Group Head, Tax, Risk & Compliance",,,,Nigeria,unknown,,,,,,,,,,,,https://www.jobberman.com/listings/group-head-tax-risk-compliance-0k8m66,2026-08-30T15:58:32+00:00
58f91768106cb01a,jobberman,accountant-0k8rwd,Accountant,,,,Nigeria,unknown,,,,,,,,,,,,https://www.jobberman.com/listings/accountant-0k8rwd,2026-08-30T15:58:32+00:00
d96bb3c33acd6d5a,jobberman,provider-success-executive-unwind-45rv24,Provider Success Executive,,,,Nigeria,unknown,,,,,,,,,,,,https://www.jobberman.com/listings/provider-success-executive-unwind-45rv24,2026-08-30T15:58:35+00:00
d1d3ae43bd276fcb,jobberman,senior-estate-surveyor-j65qwv,Senior Estate Surveyor,,,,Nigeria,unknown,,,,,,,,,,,,https://www.jobberman.com/listings/senior-estate-surveyor-j65qwv,2026-08-30T15:58:35+00:00
2e2b0a5b986500a1,jobberman,graduate-trainee-accountancy-finance-economics-mathematics-statistics-engineering-n97e2z,Graduate Trainee,,,,Nigeria,unknown,,,,,,,,,,,,https://www.jobberman.com/listings/graduate-trainee-accountancy-finance-economics-mathematics-statistics-engineering-n97e2z,2026-08-30T15:58:35+00:00
55882fc1b3436b8d,jobberman,operationsexecutive-assistant-architectural-design-gmpk98,Operations/Executive Assistant,,,,Nigeria,unknown,,,,,,,,,,,,https://www.jobberman.com/listings/operationsexecutive-assistant-architectural-design-gmpk98,2026-08-30T15:58:35+00:00
ae736ba240126b35,jobberman,operationstechnical-assistant-to-the-md-8mpd04,Technical Operations Assistant,,,,Nigeria,unknown,,,,,,,,,,,Other Tech,https://www.jobberman.com/listings/operationstechnical-assistant-to-the-md-8mpd04,2026-08-30T15:58:35+00:00
7fad96c8f6a27292,jobberman,quantity-surveryor-0kndkx,Quantity Surveryor,,,,Nigeria,unknown,,,,,,,,,,,,https://www.jobberman.com/listings/quantity-surveryor-0kndkx,2026-08-30T15:58:35+00:00
4ee9473ca3f6668e,jobberman,head-of-school-2k820p,Head of school,,,,Nigeria,unknown,,,,,,,,,,,,https://www.jobberman.com/listings/head-of-school-2k820p,2026-08-30T15:58:38+00:00
a28048b11e2e0819,jobberman,head-of-operations-vd9942,Head of operations,,,,Nigeria,unknown,,,,,,,,,,,,https://www.jobberman.com/listings/head-of-operations-vd9942,2026-08-30T15:58:38+00:00
4fe21f24355dad1c,jobberman,fintech-sales-agent-wrn75d,Fintech Sales Agent,,,,Nigeria,unknown,,,,,,,,,,,,https://www.jobberman.com/listings/fintech-sales-agent-wrn75d,2026-08-30T15:58:38+00:00
f134fc5e28935072,jobberman,merchant-acquisition-executive-m0vekg,Merchant Acquisition Executive,,,,Nigeria,unknown,,,,,,,,,,,,https://www.jobberman.com/listings/merchant-acquisition-executive-m0vekg,2026-08-30T15:58:38+00:00
5433d13f7e79ceda,jobberman,sales-representaive-in-a-feed-mill-j650mv,Sales Representative,,,,Nigeria,unknown,,,,,,,,,,,,https://www.jobberman.com/listings/sales-representaive-in-a-feed-mill-j650mv,2026-08-30T15:58:38+00:00
785ab744258f0fd3,jobberman,investment-advisor-wrn2xk,Investment Advisor,,,,Nigeria,unknown,,,,,,,,,,,,https://www.jobberman.com/listings/investment-advisor-wrn2xk,2026-08-30T15:58:38+00:00
5db6984ca054524c,jobberman,customer-service-agent-5pdk7r,Customer service agent,,,,Nigeria,unknown,,,,,,,,,,,,https://www.jobberman.com/listings/customer-service-agent-5pdk7r,2026-08-30T15:58:38+00:00
91730ed1a60daafb,jobberman,store-keeper-qz9k4k,Store Keeper,,,,Nigeria,unknown,,,,,,,,,,,,https://www.jobberman.com/listings/store-keeper-qz9k4k,2026-08-30T15:58:40+00:00
52b8abe0bbb934ad,jobberman,tech-sales-executive-z8z5qd,Tech Sales Executive,,,,Nigeria,unknown,,,,,,,,,,,,https://www.jobberman.com/listings/tech-sales-executive-z8z5qd,2026-08-30T15:58:40+00:00
fa838f440c093a18,jobberman,pharmacy-technician-e-health-digital-support-9k5dev,Pharmacy Technician,,,,Nigeria,unknown,,,,,,,,,,,,https://www.jobberman.com/listings/pharmacy-technician-e-health-digital-support-9k5dev,2026-08-30T15:58:40+00:00
575235f45943e8e0,jobberman,pr-and-digital-marketing-executive-j6pzne,PR/Digital Marketing Executive,,,,Nigeria,unknown,,,,,,,,,,,,https://www.jobberman.com/listings/pr-and-digital-marketing-executive-j6pzne,2026-08-30T15:58:40+00:00
aef170f4c1579870,jobberman,production-coordinator-fashion-brand-5prjm0,Production Coordinator,,,,Nigeria,unknown,,,,,,,,,,,,https://www.jobberman.com/listings/production-coordinator-fashion-brand-5prjm0,2026-08-30T15:58:40+00:00
f62e3cc16567d1bc,jobberman,digital-marketer-6qrw74,Digital Marketer,,,,Nigeria,unknown,,,,,,,,,,,,https://www.jobberman.com/listings/digital-marketer-6qrw74,2026-08-30T15:58:40+00:00
2b488d175aae120f,jobberman,head-of-audit-and-control-7jx45g,Head of Audit and Control,,,,Nigeria,unknown,,,,,,,,,,,,https://www.jobberman.com/listings/head-of-audit-and-control-7jx45g,2026-08-30T15:58:40+00:00
1f80c237f9389ff1,jobberman,marketersales-executive-2k87xd,Sales Executive,,,,Nigeria,unknown,,,,,,,,,,,,https://www.jobberman.com/listings/marketersales-executive-2k87xd,2026-08-30T15:58:49+00:00
e1860380656108a6,jobberman,head-of-digital-media-growth-creator-partnerships-mcn-n97469,Head of Digital Media Growth & Creator Partnerships,,,,Nigeria,unknown,,,,,,,,,,,,https://www.jobberman.com/listings/head-of-digital-media-growth-creator-partnerships-mcn-n97469,2026-08-30T15:58:49+00:00
2af3b0aa6d36bc54,jobberman,head-of-communications-7jpe9z,Head of Communications,,,,Nigeria,unknown,,,,,,,,,,,,https://www.jobberman.com/listings/head-of-communications-7jpe9z,2026-08-30T15:58:49+00:00
05f3e6f777ee6858,jobberman,financial-controller-vdg0rm,Financial Controller,,,,Nigeria,unknown,,,,,,,,,,,,https://www.jobberman.com/listings/financial-controller-vdg0rm,2026-08-30T15:58:49+00:00
dedbbad3e6c28786,jobberman,fish-farm-attendant-vdgznj,Fish Farm Attendant,,,,Nigeria,unknown,,,,,,,,,,,,https://www.jobberman.com/listings/fish-farm-attendant-vdgznj,2026-08-30T15:58:49+00:00
d4faa00a1f16a7e4,jobberman,sales-executive-z8rg96,Sales Executive,,,,Nigeria,unknown,,,,,,,,,,,,https://www.jobberman.com/listings/sales-executive-z8rg96,2026-08-30T15:58:49+00:00
553588b17050248e,jobberman,store-keeper-45rx95,Storekeeper,,,,Nigeria,unknown,,,,,,,,,,,,https://www.jobberman.com/listings/store-keeper-45rx95,2026-08-30T15:58:49+00:00
4b401187e20b2bcd,jobberman,digital-marketer-k76wxx,Digital Marketer,,,,Nigeria,unknown,,,,,,,,,,,,https://www.jobberman.com/listings/digital-marketer-k76wxx,2026-08-30T15:58:49+00:00
4c241c5c34d6e967,jobberman,whatsapp-sales-executive-0k8e56,Sales Executive,,,,Nigeria,unknown,,,,,,,,,,,,https://www.jobberman.com/listings/whatsapp-sales-executive-0k8e56,2026-08-30T15:58:49+00:00
c8c6e50f7c354462,jobberman,experienced-accountant-rr6xxg,Accountant,,,,Nigeria,unknown,,,,,,,,,,,,https://www.jobberman.com/listings/experienced-accountant-rr6xxg,2026-08-30T15:58:49+00:00
c19de7ff3e20e341,jobberman,talent-acquisition-specialist-m0vqvd,Acquisition Specialist,,,,Nigeria,unknown,,,,,,,,,,,,https://www.jobberman.com/listings/talent-acquisition-specialist-m0vqvd,2026-08-30T15:58:49+00:00
03cf13dc6a7d6ece,jobberman,accountant-45r202,Accountant,,,,Nigeria,unknown,,,,,,,,,,,,https://www.jobberman.com/listings/accountant-45r202,2026-08-30T15:58:49+00:00
6b4ac414e9fbb867,jobberman,sales-executive-pg0q8j,Sales Executive,,,,Nigeria,unknown,,,,,,,,,,,,https://www.jobberman.com/listings/sales-executive-pg0q8j,2026-08-30T15:58:53+00:00
b56886717e5dbdfa,jobberman,farm-attendants-croplivestock-x2-gmpz7n,Farm Attendant,,,,Nigeria,unknown,,,,,,,,,,,,https://www.jobberman.com/listings/farm-attendants-croplivestock-x2-gmpz7n,2026-08-30T15:58:53+00:00
5debed39614d0ec5,jobberman,superintendent-pharmacist-x8gqg4,Superintendent Pharmacist,,,,Nigeria,unknown,,,,,,,,,,,,https://www.jobberman.com/listings/superintendent-pharmacist-x8gqg4,2026-08-30T15:58:53+00:00
686a3a2a8f93f819,jobberman,farm-supervisor-livestock-crop-2k7g0k,Farm Supervisor,,,,Nigeria,unknown,,,,,,,,,,,,https://www.jobberman.com/listings/farm-supervisor-livestock-crop-2k7g0k,2026-08-30T15:58:53+00:00
e9e90429bf1cee69,jobberman,internal-auditor-rr6m6j,Internal Auditor,,,,Nigeria,unknown,,,,,,,,,,,,https://www.jobberman.com/listings/internal-auditor-rr6m6j,2026-08-30T15:58:53+00:00
97e3368e6360079c,jobberman,electrical-and-maintenance-technician-qzwrqk,Electrical and Maintenance Technician,,,,Nigeria,unknown,,,,,,,,,,,,https://www.jobberman.com/listings/electrical-and-maintenance-technician-qzwrqk,2026-08-30T15:58:53+00:00
fe7999a2df19e3d1,jobberman,store-keeper-5prg00,store keeper,,,,Nigeria,unknown,,,,,,,,,,,,https://www.jobberman.com/listings/store-keeper-5prg00,2026-08-30T15:58:57+00:00
2c249ab8507b10a0,jobberman,driver-n97449,Driver,,,,Nigeria,unknown,,,,,,,,,,,,https://www.jobberman.com/listings/driver-n97449,2026-08-30T15:58:57+00:00
895966375adc0b1e,jobberman,risk-analyst-n974q9,Risk Analyst,,,,Nigeria,unknown,,,,,,,,,,,,https://www.jobberman.com/listings/risk-analyst-n974q9,2026-08-30T15:58:57+00:00
5d0103046d3b914b,jobberman,customer-care-hmo-x8gmwv,Customer Service Representative,,,,Nigeria,unknown,,,,,,,,,,,,https://www.jobberman.com/listings/customer-care-hmo-x8gmwv,2026-08-30T15:58:57+00:00
dc17a565cbf5d644,jobberman,customer-service-representative-rrnw6x,Customer Service Representative,,,,Nigeria,unknown,,,,,,,,,,,,https://www.jobberman.com/listings/customer-service-representative-rrnw6x,2026-08-30T15:58:57+00:00
c26a89cf467bc320,jobberman,customer-service-representative-9k5zrw,Customer Service Representative,,,,Nigeria,unknown,,,,,,,,,,,,https://www.jobberman.com/listings/customer-service-representative-9k5zrw,2026-08-30T15:58:57+00:00
39eccf54ca5ed294,jobberman,hr-executive-manufacturing-45rwxe,HR Executive,,,,Nigeria,unknown,,,,,,,,,,,,https://www.jobberman.com/listings/hr-executive-manufacturing-45rwxe,2026-08-30T15:58:57+00:00
1fa63f6ac7c77238,jobberman,sales-executive-marketer-5pr45n,Sales Executive,,,,Nigeria,unknown,,,,,,,,,,,,https://www.jobberman.com/listings/sales-executive-marketer-5pr45n,2026-08-30T15:58:57+00:00
020593bc41c9c221,jobberman,head-chef-7jp68m,Head Chef,,,,Nigeria,unknown,,,,,,,,,,,,https://www.jobberman.com/listings/head-chef-7jp68m,2026-08-30T15:58:57+00:00
b4dc340fa9d4e8b8,jobberman,executive-driver-gmp0rk,Driver,,,,Nigeria,unknown,,,,,,,,,,,,https://www.jobberman.com/listings/executive-driver-gmp0rk,2026-08-30T15:59:01+00:00
dd1d6338b527800c,jobberman,accountant-wrnqx4,Accountant,,,,Nigeria,unknown,,,,,,,,,,,,https://www.jobberman.com/listings/accountant-wrnqx4,2026-08-30T15:59:01+00:00
9d25c15e45081141,jobberman,medical-laboratory-accountant-0k8q8e,Medical Laboratory Accountant,,,,Nigeria,unknown,,,,,,,,,,,,https://www.jobberman.com/listings/medical-laboratory-accountant-0k8q8e,2026-08-30T15:59:01+00:00
caf3b74c926957e2,jobberman,tiller-pgnjrx,Tiling Supervisor,,,,Nigeria,unknown,,,,,,,,,,,,https://www.jobberman.com/listings/tiller-pgnjrx,2026-08-30T15:59:01+00:00
813bb12e437d50b9,jobberman,technical-analyst-chemist-x8wjv2,Technical Analyst,,,,Nigeria,unknown,,,,,,,,,,,Other Tech,https://www.jobberman.com/listings/technical-analyst-chemist-x8wjv2,2026-08-30T15:59:01+00:00
a09d13b05ae8f893,jobberman,head-of-treasury-2k795e,Head of Treasury,,,,Nigeria,unknown,,,,,,,,,,,,https://www.jobberman.com/listings/head-of-treasury-2k795e,2026-08-30T15:59:01+00:00
b8fc78b922fa2f82,jobberman,nurse-anaesthetist-6qn557,Nurse Anaesthetist,,,,Nigeria,unknown,,,,,,,,,,,,https://www.jobberman.com/listings/nurse-anaesthetist-6qn557,2026-08-30T15:59:01+00:00
b0e8592dd072e230,jobberman,materials-lead-iii-0k8mek,Materials Lead,,,,Nigeria,unknown,,,,,,,,,,,,https://www.jobberman.com/listings/materials-lead-iii-0k8mek,2026-08-30T15:59:01+00:00
e1f26cad5d68af6f,jobberman,pharmacist-vd9j42,Pharmacist,,,,Nigeria,unknown,,,,,,,,,,,,https://www.jobberman.com/listings/pharmacist-vd9j42,2026-08-30T15:59:01+00:00
b77a6e6a5c0dceb7,jobberman,performance-lead-j652k5,Performance Lead,,,,Nigeria,unknown,,,,,,,,,,,,https://www.jobberman.com/listings/performance-lead-j652k5,2026-08-30T15:59:01+00:00
069e3f81390b4a11,jobberman,pizza-and-shawarma-maker-pgn8er,Pizza and Shawarma Maker,,,,Nigeria,unknown,,,,,,,,,,,,https://www.jobberman.com/listings/pizza-and-shawarma-maker-pgn8er,2026-08-30T15:59:05+00:00
46e81e8b1fcfe606,jobberman,locum-pharmacist-erp925,Locum Pharmacist,,,,Nigeria,unknown,,,,,,,,,,,,https://www.jobberman.com/listings/locum-pharmacist-erp925,2026-08-30T15:59:05+00:00
609b563fae374638,jobberman,senior-counsel-45rnm9,Senior Counsel,,,,Nigeria,unknown,,,,,,,,,,,,https://www.jobberman.com/listings/senior-counsel-45rnm9,2026-08-30T15:59:05+00:00
3e32a687df4cbc0f,jobberman,storekeeper-m0vrv2,StoreKeeper,,,,Nigeria,unknown,,,,,,,,,,,,https://www.jobberman.com/listings/storekeeper-m0vrv2,2026-08-30T15:59:05+00:00
57c59b4be09473a4,jobberman,nanny-housekeeper-5pr6k5,Housekeeper,,,,Nigeria,unknown,,,,,,,,,,,,https://www.jobberman.com/listings/nanny-housekeeper-5pr6k5,2026-08-30T15:59:05+00:00
f0d206f8b73f345a,jobberman,customer-service-representative-z8r2p9,Customer Service Representative,,,,Nigeria,unknown,,,,,,,,,,,,https://www.jobberman.com/listings/customer-service-representative-z8r2p9,2026-08-30T15:59:05+00:00
2f6d82d084142cfa,jobberman,accounts-administrator-j6pg6v,Accounts Administrator,,,,Nigeria,unknown,,,,,,,,,,,,https://www.jobberman.com/listings/accounts-administrator-j6pg6v,2026-08-30T15:59:05+00:00
7987fbdb089fd620,jobberman,store-keeper-erpz59,Storekeeper,,,,Nigeria,unknown,,,,,,,,,,,,https://www.jobberman.com/listings/store-keeper-erpz59,2026-08-30T15:59:10+00:00
e013c5001d4cd6ff,jobberman,head-of-marketing-qzwx4n,Head of Marketing,,,,Nigeria,unknown,,,,,,,,,,,,https://www.jobberman.com/listings/head-of-marketing-qzwx4n,2026-08-30T15:59:10+00:00
679c9206706805c1,jobberman,quantity-surveyors-z8r5eg,Quantity Surveyors,,,,Nigeria,unknown,,,,,,,,,,,,https://www.jobberman.com/listings/quantity-surveyors-z8r5eg,2026-08-30T15:59:10+00:00
bc93b89c45c3c8d2,jobberman,business-development-executive-oil-gas-6qrrkp,Business Development Executive,,,,Nigeria,unknown,,,,,,,,,,,,https://www.jobberman.com/listings/business-development-executive-oil-gas-6qrrkp,2026-08-30T15:59:10+00:00
43014d3e82e9946e,jobberman,customer-service-representative-rrngmg,Customer Service Executive,,,,Nigeria,unknown,,,,,,,,,,,,https://www.jobberman.com/listings/customer-service-representative-rrngmg,2026-08-30T15:59:10+00:00
f8a4d555b5230411,jobberman,mechanical-field-engineer-z8z7wx,Mechanical Field Engineer,,,,Nigeria,unknown,,,,,,,,,,,Other Tech,https://www.jobberman.com/listings/mechanical-field-engineer-z8z7wx,2026-08-30T15:59:10+00:00
2132bc74702d1c6c,jobberman,accountant-0knzjw,Accountant,,,,Nigeria,unknown,,,,,,,,,,,,https://www.jobberman.com/listings/accountant-0knzjw,2026-08-30T15:59:10+00:00
fc038410415260ca,jobberman,head-of-finance-7jpmq8,Head Of Finance,,,,Nigeria,unknown,,,,,,,,,,,,https://www.jobberman.com/listings/head-of-finance-7jpmq8,2026-08-30T15:59:27+00:00
2da0d1e47a8adf15,jobberman,sales-representative-8mkrqj,Sales Representative,,,,Nigeria,unknown,,,,,,,,,,,,https://www.jobberman.com/listings/sales-representative-8mkrqj,2026-08-30T15:59:27+00:00
80461611f84ff70d,jobberman,sales-representatives-j65dp8,Sales Representatives,,,,Nigeria,unknown,,,,,,,,,,,,https://www.jobberman.com/listings/sales-representatives-j65dp8,2026-08-30T15:59:27+00:00
e22f2af0d9af950b,jobberman,head-teacher-and-teachers-pgn042,Head Teacher,,,,Nigeria,unknown,,,,,,,,,,,,https://www.jobberman.com/listings/head-teacher-and-teachers-pgn042,2026-08-30T15:59:27+00:00
5a31f02aef67ec84,jobberman,sales-representative-j65pz8,Sales Representative,,,,Nigeria,unknown,,,,,,,,,,,,https://www.jobberman.com/listings/sales-representative-j65pz8,2026-08-30T15:59:27+00:00
03ffe0414a3d3072,jobberman,sales-representative-z8rpm9,Sales Representative,,,,Nigeria,unknown,,,,,,,,,,,,https://www.jobberman.com/listings/sales-representative-z8rpm9,2026-08-30T15:59:27+00:00
9b4d928f6ed100d1,jobberman,biomedical-engineer-qz9mmw,Biomedical Engineer,,,,Nigeria,unknown,,,,,,,,,,,Other Tech,https://www.jobberman.com/listings/biomedical-engineer-qz9mmw,2026-08-30T15:59:27+00:00
5af828dbb0113163,jobberman,technical-assistant-450xgp,Technical Assistant,,,,Nigeria,unknown,,,,,,,,,,,Other Tech,https://www.jobberman.com/listings/technical-assistant-450xgp,2026-08-30T15:59:27+00:00
6346048700b8d774,jobberman,digital-marketer-j6pdqw,Digital Marketer,,,,Nigeria,unknown,,,,,,,,,,,,https://www.jobberman.com/listings/digital-marketer-j6pdqw,2026-08-30T15:59:27+00:00
31e053cf1b16e57f,jobberman,head-internal-audit-9knm80,"Head, Internal Audit",,,,Nigeria,unknown,,,,,,,,,,,,https://www.jobberman.com/listings/head-internal-audit-9knm80,2026-08-30T15:59:31+00:00
cb8231c08b9d956d,jobberman,project-supervision-intern-rr6dg4,Project Supervisor,,,,Nigeria,unknown,,,,,,,,,,,,https://www.jobberman.com/listings/project-supervision-intern-rr6dg4,2026-08-30T15:59:31+00:00
b5c2db3e5283bf15,jobberman,media-team-erp0zd,Media Team,,,,Nigeria,unknown,,,,,,,,,,,,https://www.jobberman.com/listings/media-team-erp0zd,2026-08-30T15:59:31+00:00
18a09c8388757cf9,jobberman,student-couselor-5pr0g7,Student Counsellors,,,,Nigeria,unknown,,,,,,,,,,,,https://www.jobberman.com/listings/student-couselor-5pr0g7,2026-08-30T15:59:31+00:00
c7a5c95adce69db3,jobberman,lubricant-executive-5prnmx,Lubricants Sales Executive,,,,Nigeria,unknown,,,,,,,,,,,,https://www.jobberman.com/listings/lubricant-executive-5prnmx,2026-08-30T15:59:31+00:00
a31525c2d5270dac,jobberman,accountant-z8znm8,Accountant,,,,Nigeria,unknown,,,,,,,,,,,,https://www.jobberman.com/listings/accountant-z8znm8,2026-08-30T15:59:37+00:00
a635230e5135f0db,jobberman,sales-executive-rrn96g,Sales Executive,,,,Nigeria,unknown,,,,,,,,,,,,https://www.jobberman.com/listings/sales-executive-rrn96g,2026-08-30T15:59:37+00:00
6b73677c504084c1,jobberman,student-counselor-gmpejn,Student Counsellor,,,,Nigeria,unknown,,,,,,,,,,,,https://www.jobberman.com/listings/student-counselor-gmpejn,2026-08-30T15:59:37+00:00
7fb290ac62afdc51,jobberman,senior-qs-5p954p,Quantity Surveyor,,,,Nigeria,unknown,,,,,,,,,,,,https://www.jobberman.com/listings/senior-qs-5p954p,2026-08-30T15:59:37+00:00
284549ceadb897eb,jobberman,storekeeper-er92gk,StoreKeeper,,,,Nigeria,unknown,,,,,,,,,,,,https://www.jobberman.com/listings/storekeeper-er92gk,2026-08-30T15:59:37+00:00
299e345406081f38,jobberman,group-head-human-resources-6qr0w4,"Group Head, Human Resources",,,,Nigeria,unknown,,,,,,,,,,,,https://www.jobberman.com/listings/group-head-human-resources-6qr0w4,2026-08-30T15:59:37+00:00
c612fdafbf55a1d5,jobberman,learning-development-ld-specialist-6qrg4n,Learning & Development Specialist,,,,Nigeria,unknown,,,,,,,,,,,,https://www.jobberman.com/listings/learning-development-ld-specialist-6qrg4n,2026-08-30T15:59:37+00:00
34d314527876f8bb,jobberman,front-desk-administrator-45rx42,Front Desk Administrator,,,,Nigeria,unknown,,,,,,,,,,,,https://www.jobberman.com/listings/front-desk-administrator-45rx42,2026-08-30T15:59:40+00:00
411f27e02dd43584,jobberman,storekeeper-rr6wpx,Storekeeper,,,,Nigeria,unknown,,,,,,,,,,,,https://www.jobberman.com/listings/storekeeper-rr6wpx,2026-08-30T15:59:40+00:00
9575e15d0ae73acb,jobberman,sales-representative-7jpn8d,Sales Representative,,,,Nigeria,unknown,,,,,,,,,,,,https://www.jobberman.com/listings/sales-representative-7jpn8d,2026-08-30T15:59:40+00:00
e12aaf2a6a7eb95f,jobberman,google-ads-expert-conversion-tracking-specialist-0kn56d,Google Ads Expert,,,,Nigeria,unknown,,,,,,,,,,,,https://www.jobberman.com/listings/google-ads-expert-conversion-tracking-specialist-0kn56d,2026-08-30T15:59:40+00:00
8f1f577a93c130b6,jobberman,digital-marketing-specialist-d90n28,Digital Marketing Specialist,,,,Nigeria,unknown,,,,,,,,,,,,https://www.jobberman.com/listings/digital-marketing-specialist-d90n28,2026-08-30T15:59:43+00:00
7cca1aa815570b53,jobberman,cashier-chinese-speaker-n9j5zr,Cashier,,,,Nigeria,unknown,,,,,,,,,,,,https://www.jobberman.com/listings/cashier-chinese-speaker-n9j5zr,2026-08-30T15:59:43+00:00
33baac1113f6c81f,jobberman,human-resources-assistant-7jx47g,Human Resources Assistant,,,,Nigeria,unknown,,,,,,,,,,,,https://www.jobberman.com/listings/human-resources-assistant-7jx47g,2026-08-30T15:59:43+00:00
2403d4f82aee7bee,jobberman,head-of-credit-and-recovery-0k8vwz,Head of Credit and Recovery,,,,Nigeria,unknown,,,,,,,,,,,,https://www.jobberman.com/listings/head-of-credit-and-recovery-0k8vwz,2026-08-30T15:59:43+00:00
105495e69d4aff39,jobberman,financial-controller-7jpk28,Financial Controller,,,,Nigeria,unknown,,,,,,,,,,,,https://www.jobberman.com/listings/financial-controller-7jpk28,2026-08-30T15:59:47+00:00
05a05e6730754c16,jobberman,freelance-marketers-traditional-m06wmm,Freelance Marketer,,,,Nigeria,unknown,,,,,,,,,,,,https://www.jobberman.com/listings/freelance-marketers-traditional-m06wmm,2026-08-30T15:59:47+00:00
e5d28c04a0f3a777,jobberman,freeelance-marketerstraditional-4509ez,Freelance Marketer,,,,Nigeria,unknown,,,,,,,,,,,,https://www.jobberman.com/listings/freeelance-marketerstraditional-4509ez,2026-08-30T15:59:47+00:00
0a6672234f31654d,jobberman,freelance-marketerstraditional-7jpqnm,Freelance Marketer,,,,Nigeria,unknown,,,,,,,,,,,,https://www.jobberman.com/listings/freelance-marketerstraditional-7jpqnm,2026-08-30T15:59:47+00:00
f155c1dfab6f9317,jobberman,freelance-marketers-traditional-qz9npz,Freelance Marketer,,,,Nigeria,unknown,,,,,,,,,,,,https://www.jobberman.com/listings/freelance-marketers-traditional-qz9npz,2026-08-30T15:59:47+00:00
59f2237700686ce6,jobberman,operations-executive-gmprwn,Operations Executive,,,,Nigeria,unknown,,,,,,,,,,,,https://www.jobberman.com/listings/operations-executive-gmprwn,2026-08-30T15:59:51+00:00
8b118ec35ec2b4ce,jobberman,site-engineer-akure-er9mkx,Site Engineer,,,,Nigeria,unknown,,,,,,,,,,,Other Tech,https://www.jobberman.com/listings/site-engineer-akure-er9mkx,2026-08-30T15:59:51+00:00
76bfeae56adfe542,jobberman,accountant-6qn22g,Accountant,,,,Nigeria,unknown,,,,,,,,,,,,https://www.jobberman.com/listings/accountant-6qn22g,2026-08-30T15:59:51+00:00
75af62c6fe39aa9a,jobberman,female-housekeeper-x8gzd0,Female Housekeeper,,,,Nigeria,unknown,,,,,,,,,,,,https://www.jobberman.com/listings/female-housekeeper-x8gzd0,2026-08-30T15:59:51+00:00
3445bbe9154be932,jobberman,van-sales-representative-5pz6wn,Sales Representative,,,,Nigeria,unknown,,,,,,,,,,,,https://www.jobberman.com/listings/van-sales-representative-5pz6wn,2026-08-30T15:59:51+00:00
8b4d58eca65e0866,jobberman,dispatch-rider-8m90dz,Dispatch Rider,,,,Nigeria,unknown,,,,,,,,,,,,https://www.jobberman.com/listings/dispatch-rider-8m90dz,2026-08-30T15:59:51+00:00
e4e9d7a5648428e0,jobberman,pharmacist-erpknv,Pharmacist,,,,Nigeria,unknown,,,,,,,,,,,,https://www.jobberman.com/listings/pharmacist-erpknv,2026-08-30T15:59:51+00:00
57d49c5d07d7f7fd,jobberman,logistic-coordinator-k76nw8,Logistic Coordinator,,,,Nigeria,unknown,,,,,,,,,,,,https://www.jobberman.com/listings/logistic-coordinator-k76nw8,2026-08-30T15:59:51+00:00
db12f4f59dd2e90b,jobberman,socia-media-personnel-x8w920,Social media personnel,,,,Nigeria,unknown,,,,,,,,,,,,https://www.jobberman.com/listings/socia-media-personnel-x8w920,2026-08-30T15:59:55+00:00
8cb992f687da5f84,jobberman,monogram-operator-k7624p,Monogram Operator,,,,Nigeria,unknown,,,,,,,,,,,,https://www.jobberman.com/listings/monogram-operator-k7624p,2026-08-30T15:59:55+00:00
7cad9fdc878cefa8,jobberman,accountant-d9d9e7,Accountant,,,,Nigeria,unknown,,,,,,,,,,,,https://www.jobberman.com/listings/accountant-d9d9e7,2026-08-30T15:59:55+00:00
c007d11f2aae2997,jobberman,pharmacist-wrnrm0,Pharmacist,,,,Nigeria,unknown,,,,,,,,,,,,https://www.jobberman.com/listings/pharmacist-wrnrm0,2026-08-30T15:59:55+00:00
8dc3b873ad2c0c89,jobberman,commercial-growth-executive-cge-qzwdx7,Commercial Growth Executive,,,,Nigeria,unknown,,,,,,,,,,,,https://www.jobberman.com/listings/commercial-growth-executive-cge-qzwdx7,2026-08-30T15:59:55+00:00
343d9387a3259093,jobberman,nursery-primary-and-teachers-9k5pvj,Teacher,,,,Nigeria,unknown,,,,,,,,,,,,https://www.jobberman.com/listings/nursery-primary-and-teachers-9k5pvj,2026-08-30T15:59:55+00:00
e510ce32192208d4,jobberman,auditor-rrng2n,Auditor,,,,Nigeria,unknown,,,,,,,,,,,,https://www.jobberman.com/listings/auditor-rrng2n,2026-08-30T15:59:55+00:00
a2ebe9c7cb0dbef2,jobberman,auditor-gmpv58,Auditor,,,,Nigeria,unknown,,,,,,,,,,,,https://www.jobberman.com/listings/auditor-gmpv58,2026-08-30T15:59:55+00:00
ed8c3e3d72bdd794,jobberman,freelance-marketerstraditional-4509er,Marketing Executive,,,,Nigeria,unknown,,,,,,,,,,,,https://www.jobberman.com/listings/freelance-marketerstraditional-4509er,2026-08-30T15:59:55+00:00
d7538f532c062c82,jobberman,quantity-surveyors-5p9jzr,Quantity Surveyor,,,,Nigeria,unknown,,,,,,,,,,,,https://www.jobberman.com/listings/quantity-surveyors-5p9jzr,2026-08-30T15:59:55+00:00
f197c42c762233dc,jobberman,head-internal-control-and-compliance-qz9egk,"Head, Internal Control And Compliance",,,,Nigeria,unknown,,,,,,,,,,,,https://www.jobberman.com/listings/head-internal-control-and-compliance-qz9egk,2026-08-30T15:59:55+00:00
01cbbe6bca092a1f,jobberman,finance-associate-6qnje8,Finance Associate,,,,Nigeria,unknown,,,,,,,,,,,,https://www.jobberman.com/listings/finance-associate-6qnje8,2026-08-30T15:59:57+00:00
a049f5109b458066,jobberman,receptionist-rrnxm4,Receptionist,,,,Nigeria,unknown,,,,,,,,,,,,https://www.jobberman.com/listings/receptionist-rrnxm4,2026-08-30T15:59:57+00:00
a2e07656af9a88e5,jobberman,sales-representative-n978rr,Sales Representative,,,,Nigeria,unknown,,,,,,,,,,,,https://www.jobberman.com/listings/sales-representative-n978rr,2026-08-30T15:59:57+00:00
ce19d16d37aa9223,jobberman,employer-engagement-partnerships-lead-9k5d86,Employer Engagement & Partnerships Lead,,,,Nigeria,unknown,,,,,,,,,,,,https://www.jobberman.com/listings/employer-engagement-partnerships-lead-9k5d86,2026-08-30T15:59:57+00:00
9ea0d51843fb5a10,jobberman,store-supervisor-vdgzg5,Store Supervisor,,,,Nigeria,unknown,,,,,,,,,,,,https://www.jobberman.com/listings/store-supervisor-vdgzg5,2026-08-30T15:59:57+00:00
561a27709ff03e92,jobberman,social-media-marketing-assistant-rrj25m,Social Media & Marketing Assistant,,,,Nigeria,unknown,,,,,,,,,,,,https://www.jobberman.com/listings/social-media-marketing-assistant-rrj25m,2026-08-30T15:59:57+00:00
5c9d3c467069d571,jobberman,receptionist-z8r74d,Receptionist,,,,Nigeria,unknown,,,,,,,,,,,,https://www.jobberman.com/listings/receptionist-z8r74d,2026-08-30T15:59:57+00:00
1d04f77050d11999,jobberman,sales-representative-j658w6,Sales Representative,,,,Nigeria,unknown,,,,,,,,,,,,https://www.jobberman.com/listings/sales-representative-j658w6,2026-08-30T15:59:57+00:00
434ae245887ee4e3,jobberman,afiliate-marketing-director-9kr78p,Afiliate Marketing Director,,,,Nigeria,unknown,,,,,,,,,,,,https://www.jobberman.com/listings/afiliate-marketing-director-9kr78p,2026-08-30T15:59:57+00:00
c12524bde298b23c,jobberman,ads-buyer-qzw0d4,Ads Buyer,,,,Nigeria,unknown,,,,,,,,,,,,https://www.jobberman.com/listings/ads-buyer-qzw0d4,2026-08-30T16:00:01+00:00
44ea327560b5b3db,jobberman,cookcatering-personnel-erpz7x,Cook,,,,Nigeria,unknown,,,,,,,,,,,,https://www.jobberman.com/listings/cookcatering-personnel-erpz7x,2026-08-30T16:00:01+00:00
35aa06a7e84f1742,jobberman,logistics-analyst-k76v2n,Logistics Analyst,,,,Nigeria,unknown,,,,,,,,,,,,https://www.jobberman.com/listings/logistics-analyst-k76v2n,2026-08-30T16:00:01+00:00
43fd00d72e32f26c,jobberman,head-of-school-pgngdw,Head of School,,,,Nigeria,unknown,,,,,,,,,,,,https://www.jobberman.com/listings/head-of-school-pgngdw,2026-08-30T16:00:01+00:00
27248609dd369224,jobberman,retail-store-supervisor-inventory-sales-rr67gg,Store Supervisor,,,,Nigeria,unknown,,,,,,,,,,,,https://www.jobberman.com/listings/retail-store-supervisor-inventory-sales-rr67gg,2026-08-30T16:00:01+00:00
3608f5e613bbbe4a,jobberman,site-supervisor-pgn8xm,Site Supervisor,,,,Nigeria,unknown,,,,,,,,,,,,https://www.jobberman.com/listings/site-supervisor-pgn8xm,2026-08-30T16:00:01+00:00
bf7b83c8d54f9039,jobberman,restaurant-cook-rr67ej,Cook,,,,Nigeria,unknown,,,,,,,,,,,,https://www.jobberman.com/listings/restaurant-cook-rr67ej,2026-08-30T16:00:01+00:00
fe11da0cf6a235cd,jobberman,internal-auditor-m0vgxj,Internal Auditor,,,,Nigeria,unknown,,,,,,,,,,,,https://www.jobberman.com/listings/internal-auditor-m0vgxj,2026-08-30T16:00:01+00:00
71beb51ec7540087,jobberman,document-controller-rr6j0q,Document Controller,,,,Nigeria,unknown,,,,,,,,,,,,https://www.jobberman.com/listings/document-controller-rr6j0q,2026-08-30T16:00:05+00:00
bf41c1b120dff89b,jobberman,chef-private-household-lekki-lagos-n907ww,Chef,,,,Nigeria,unknown,,,,,,,,,,,,https://www.jobberman.com/listings/chef-private-household-lekki-lagos-n907ww,2026-08-30T16:00:05+00:00
c875ac898844fda0,jobberman,senior-legal-counsel-m0v08q,Senior Legal Counsel,,,,Nigeria,unknown,,,,,,,,,,,,https://www.jobberman.com/listings/senior-legal-counsel-m0v08q,2026-08-30T16:00:05+00:00
66328029eef563db,jobberman,project-accountant-2k80vj,Accountant,,,,Nigeria,unknown,,,,,,,,,,,,https://www.jobberman.com/listings/project-accountant-2k80vj,2026-08-30T16:00:05+00:00
a587eae07a0bae1f,jobberman,receptionist-8mpjr6,Receptionist,,,,Nigeria,unknown,,,,,,,,,,,,https://www.jobberman.com/listings/receptionist-8mpjr6,2026-08-30T16:00:05+00:00
066b426594662e1f,jobberman,sales-representative-5p9j9r,Sales Representative,,,,Nigeria,unknown,,,,,,,,,,,,https://www.jobberman.com/listings/sales-representative-5p9j9r,2026-08-30T16:00:05+00:00
f4a94029c238d8c2,jobberman,female-cashier-d90gq5,Cashier,,,,Nigeria,unknown,,,,,,,,,,,,https://www.jobberman.com/listings/female-cashier-d90gq5,2026-08-30T16:00:08+00:00
ad4017be49e62bcf,jobberman,store-keeper-2k7vg2,Store Keeper,,,,Nigeria,unknown,,,,,,,,,,,,https://www.jobberman.com/listings/store-keeper-2k7vg2,2026-08-30T16:00:08+00:00
8b2c4dc656abcbfb,jobberman,creative-director-event-planner-4502gz,Event Planner,,,,Nigeria,unknown,,,,,,,,,,,,https://www.jobberman.com/listings/creative-director-event-planner-4502gz,2026-08-30T16:00:08+00:00
97a082d3870f4401,jobberman,tyres-batteries-lubricant-sales-person-2k72xk,Sales Executive,,,,Nigeria,unknown,,,,,,,,,,,,https://www.jobberman.com/listings/tyres-batteries-lubricant-sales-person-2k72xk,2026-08-30T16:00:08+00:00
6eca53897fda6b14,jobberman,legalcompliance-lead-4502n5,Legal/Compliance Lead,,,,Nigeria,unknown,,,,,,,,,,,,https://www.jobberman.com/listings/legalcompliance-lead-4502n5,2026-08-30T16:00:08+00:00
c8eecab57c970135,jobberman,content-creator-6qnmp7,Content Creator,,,,Nigeria,unknown,,,,,,,,,,,,https://www.jobberman.com/listings/content-creator-6qnmp7,2026-08-30T16:00:08+00:00
e78bb5a071eada4c,jobberman,internal-auditor-x8gz9z,Internal Auditor,,,,Nigeria,unknown,,,,,,,,,,,,https://www.jobberman.com/listings/internal-auditor-x8gz9z,2026-08-30T16:00:08+00:00
0e6245404a9bcd42,jobberman,head-of-marketing-qzwpze,Head of Marketing,,,,Nigeria,unknown,,,,,,,,,,,,https://www.jobberman.com/listings/head-of-marketing-qzwpze,2026-08-30T16:00:10+00:00
9489b530c9b51c4c,jobberman,executive-chef-9krp70,Chef,,,,Nigeria,unknown,,,,,,,,,,,,https://www.jobberman.com/listings/executive-chef-9krp70,2026-08-30T16:00:10+00:00
16c40319a09b0e0a,jobberman,intercontinental-chef-j65n9w,Intercontinental Chef,,,,Nigeria,unknown,,,,,,,,,,,,https://www.jobberman.com/listings/intercontinental-chef-j65n9w,2026-08-30T16:00:10+00:00
45f3071e0130b608,jobberman,hvac-engineer-gm4rx4,HVAC Engineer,,,,Nigeria,unknown,,,,,,,,,,,Other Tech,https://www.jobberman.com/listings/hvac-engineer-gm4rx4,2026-08-30T16:00:10+00:00
7af433145a5f7c60,jobberman,head-chef-m0v726,Head Chef,,,,Nigeria,unknown,,,,,,,,,,,,https://www.jobberman.com/listings/head-chef-m0v726,2026-08-30T16:00:11+00:00
1160574d095d7b8d,jobberman,senior-operations-analyst-6qr2dd,Senior Operations Analyst,,,,Nigeria,unknown,,,,,,,,,,,,https://www.jobberman.com/listings/senior-operations-analyst-6qr2dd,2026-08-30T16:00:11+00:00
bb76385c7db327b2,jobberman,senior-architect-pgn84r,Senior Architect,,,,Nigeria,unknown,,,,,,,,,,,,https://www.jobberman.com/listings/senior-architect-pgn84r,2026-08-30T16:00:11+00:00
a701918aae0989b1,jobberman,civil-engineer-45rrkp,Civil Engineer,,,,Nigeria,unknown,,,,,,,,,,,Other Tech,https://www.jobberman.com/listings/civil-engineer-45rrkp,2026-08-30T16:00:27+00:00
8747431e46146791,jobberman,sales-executive-telecomms-qzw9q6,Sales Executive,,,,Nigeria,unknown,,,,,,,,,,,,https://www.jobberman.com/listings/sales-executive-telecomms-qzw9q6,2026-08-30T16:00:27+00:00
2a70eafbae8a4b19,jobberman,head-of-operationsreal-estate-qzw2vk,Head of Operations,,,,Nigeria,unknown,,,,,,,,,,,,https://www.jobberman.com/listings/head-of-operationsreal-estate-qzw2vk,2026-08-30T16:00:27+00:00
d64900172d4cf106,jobberman,sales-client-experience-associate-n97vjg,Sales & Client Experience Associate,,,,Nigeria,unknown,,,,,,,,,,,,https://www.jobberman.com/listings/sales-client-experience-associate-n97vjg,2026-08-30T16:00:27+00:00
338b30766b01726b,jobberman,pharmacist-7jx8qq,Pharmacist,,,,Nigeria,unknown,,,,,,,,,,,,https://www.jobberman.com/listings/pharmacist-7jx8qq,2026-08-30T16:00:27+00:00
ebd1fcf33728c74d,jobberman,programmes-lead-n905gz,Programmes Lead,,,,Nigeria,unknown,,,,,,,,,,,,https://www.jobberman.com/listings/programmes-lead-n905gz,2026-08-30T16:00:27+00:00
967960de55c8579a,jobberman,factory-hrbp-8mpd57,HRBP,,,,Nigeria,unknown,,,,,,,,,,,,https://www.jobberman.com/listings/factory-hrbp-8mpd57,2026-08-30T16:00:27+00:00
539622499c8d5a46,jobberman,warehouse-storekeeper-5p9vnx,Warehouse storekeeper,,,,Nigeria,unknown,,,,,,,,,,,,https://www.jobberman.com/listings/warehouse-storekeeper-5p9vnx,2026-08-30T16:00:36+00:00
c7c1c455ea367033,jobberman,senior-chartered-accountant-8m9vv4,Senior Chartered Accountant,,,,Nigeria,unknown,,,,,,,,,,,,https://www.jobberman.com/listings/senior-chartered-accountant-8m9vv4,2026-08-30T16:00:36+00:00
8299fd43a3b80ce0,jobberman,educator-vd9n6v,Educator,,,,Nigeria,unknown,,,,,,,,,,,,https://www.jobberman.com/listings/educator-vd9n6v,2026-08-30T16:00:36+00:00
4d518c122ec22c08,jobberman,head-chef-african-continental-cuisine-45rgrv,Head Chef,,,,Nigeria,unknown,,,,,,,,,,,,https://www.jobberman.com/listings/head-chef-african-continental-cuisine-45rgrv,2026-08-30T16:00:41+00:00
7de496c3d3d59e67,jobberman,company-driver-7jx4nd,Driver,,,,Nigeria,unknown,,,,,,,,,,,,https://www.jobberman.com/listings/company-driver-7jx4nd,2026-08-30T16:00:41+00:00
7ddd91fd5dadafdf,jobberman,corporate-commerciallitigation-lawyer-qzwg0p,Litigation Lawyer,,,,Nigeria,unknown,,,,,,,,,,,,https://www.jobberman.com/listings/corporate-commerciallitigation-lawyer-qzwg0p,2026-08-30T16:00:41+00:00
4920eea32a76984e,jobberman,workshop-supervisor-z8rjqq,Workshop Supervisor,,,,Nigeria,unknown,,,,,,,,,,,,https://www.jobberman.com/listings/workshop-supervisor-z8rjqq,2026-08-30T16:00:41+00:00
4b59f2c12d37bf18,jobberman,executive-assistant-m0vvx9,Executive Assistant,,,,Nigeria,unknown,,,,,,,,,,,,https://www.jobberman.com/listings/executive-assistant-m0vvx9,2026-08-30T16:00:41+00:00
fd7ea1676567bf22,jobberman,digital-marketer-z8rzxd,Digital Marketer,,,,Nigeria,unknown,,,,,,,,,,,,https://www.jobberman.com/listings/digital-marketer-z8rzxd,2026-08-30T16:00:48+00:00
2b4838bba274eb27,jobberman,remote-recruitment-compliance-assistant-pgn08x,Recruitment & Compliance Assistant,,,,Nigeria,unknown,,,,,,,,,,,,https://www.jobberman.com/listings/remote-recruitment-compliance-assistant-pgn08x,2026-08-30T16:00:48+00:00
19b6cf896e35ea03,jobberman,creative-videographer-multimedia-producer-j654e5,Creative Videographer & Multimedia Producer,,,,Nigeria,unknown,,,,,,,,,,,,https://www.jobberman.com/listings/creative-videographer-multimedia-producer-j654e5,2026-08-30T16:00:48+00:00
0093cf539880e4fc,jobberman,client-service-and-art-relations-associate-j6pnmw,Client Service and Art Relations Associate,,,,Nigeria,unknown,,,,,,,,,,,,https://www.jobberman.com/listings/client-service-and-art-relations-associate-j6pnmw,2026-08-30T16:00:48+00:00
ec7149359e963334,jobberman,control-room-operator-450kem,Control Room Operator,,,,Nigeria,unknown,,,,,,,,,,,,https://www.jobberman.com/listings/control-room-operator-450kem,2026-08-30T16:00:48+00:00
9b303d6e9494726e,jobberman,experienced-hotel-front-desk-personnel-vdg602,Front Desk Personnel,,,,Nigeria,unknown,,,,,,,,,,,,https://www.jobberman.com/listings/experienced-hotel-front-desk-personnel-vdg602,2026-08-30T16:00:52+00:00
03a14839463dd218,jobberman,accountant-x8g702,Accountant,,,,Nigeria,unknown,,,,,,,,,,,,https://www.jobberman.com/listings/accountant-x8g702,2026-08-30T16:00:52+00:00
c5e2956d83617a59,jobberman,sales-executive-6qnjd7,Sales Executive,,,,Nigeria,unknown,,,,,,,,,,,,https://www.jobberman.com/listings/sales-executive-6qnjd7,2026-08-30T16:00:52+00:00
f02a592191facbf4,jobberman,sales-representative-9jq7dw,Sales Representative,,,,Nigeria,unknown,,,,,,,,,,,,https://www.jobberman.com/listings/sales-representative-9jq7dw,2026-08-30T16:00:52+00:00
066fe36ee6556715,jobberman,head-of-corporate-services-k7pq8m,Head Of corporate services,,,,Nigeria,unknown,,,,,,,,,,,,https://www.jobberman.com/listings/head-of-corporate-services-k7pq8m,2026-08-30T16:00:52+00:00
aca705d416c89604,jobberman,project-engineer-6qnmxv,Project Engineer,,,,Nigeria,unknown,,,,,,,,,,,Other Tech,https://www.jobberman.com/listings/project-engineer-6qnmxv,2026-08-30T16:00:52+00:00
aefddaf17f66a46c,jobberman,business-development-personnel-construction-industry-wrg8m0,Business Development Personnel,,,,Nigeria,unknown,,,,,,,,,,,,https://www.jobberman.com/listings/business-development-personnel-construction-industry-wrg8m0,2026-08-30T16:00:52+00:00
62cfefbdf901d938,jobberman,warehouse-supervisor-7jpgn5,Warehouse Supervisor,,,,Nigeria,unknown,,,,,,,,,,,,https://www.jobberman.com/listings/warehouse-supervisor-7jpgn5,2026-08-30T16:00:52+00:00
5e29967549268b19,jobberman,sales-executive-9kk40p,Sales Executive,,,,Nigeria,unknown,,,,,,,,,,,,https://www.jobberman.com/listings/sales-executive-9kk40p,2026-08-30T16:00:52+00:00
348e6b16216d367d,jobberman,financial-advisor-m0v9j9,Financial Advisor,,,,Nigeria,unknown,,,,,,,,,,,,https://www.jobberman.com/listings/financial-advisor-m0v9j9,2026-08-30T16:00:55+00:00
06dafe19ed5f94b3,jobberman,cost-accountant-0k8jxj,Cost Accountant,,,,Nigeria,unknown,,,,,,,,,,,,https://www.jobberman.com/listings/cost-accountant-0k8jxj,2026-08-30T16:00:55+00:00
7851581b4d599439,jobberman,experienced-accountant-vd9x6j,Accountant,,,,Nigeria,unknown,,,,,,,,,,,,https://www.jobberman.com/listings/experienced-accountant-vd9x6j,2026-08-30T16:00:57+00:00
d40a3aca41068589,jobberman,estate-surveyorestate-managementvaluation-x8wwrz,Estate Surveyor,,,,Nigeria,unknown,,,,,,,,,,,,https://www.jobberman.com/listings/estate-surveyorestate-managementvaluation-x8wwrz,2026-08-30T16:00:57+00:00
44c2e8f5782a99be,jobberman,accountant-rr6r29,Accountant,,,,Nigeria,unknown,,,,,,,,,,,,https://www.jobberman.com/listings/accountant-rr6r29,2026-08-30T16:00:57+00:00
387c1e4ce1544cb4,jobberman,school-administrator-45r5jv,School Administrator,,,,Nigeria,unknown,,,,,,,,,,,,https://www.jobberman.com/listings/school-administrator-45r5jv,2026-08-30T16:00:57+00:00
e84335b198e49a6d,jobberman,church-administrator-5prdv2,Church Administrator,,,,Nigeria,unknown,,,,,,,,,,,,https://www.jobberman.com/listings/church-administrator-5prdv2,2026-08-30T16:00:57+00:00
e80f1ee4014307b3,jobberman,onsite-project-assistant-8mk58n,Onsite Project Assistant,,,,Nigeria,onsite,,,,,,,,,,,,https://www.jobberman.com/listings/onsite-project-assistant-8mk58n,2026-08-30T16:00:57+00:00
53589c0b5a9f2c7f,jobberman,client-growth-executive-gm4qem,Client Growth Executive,,,,Nigeria,unknown,,,,,,,,,,,,https://www.jobberman.com/listings/client-growth-executive-gm4qem,2026-08-30T16:00:57+00:00
44f81434f7c38f4f,jobberman,marketer-vdgn4v,Marketer,,,,Nigeria,unknown,,,,,,,,,,,,https://www.jobberman.com/listings/marketer-vdgn4v,2026-08-30T16:00:57+00:00
917ce005b66b7654,jobberman,architect-7jp65m,Architect,,,,Nigeria,unknown,,,,,,,,,,,,https://www.jobberman.com/listings/architect-7jp65m,2026-08-30T16:01:00+00:00
11420a0c9f3287ea,jobberman,supervisor-boutique-n97v7z,Supervisor,,,,Nigeria,unknown,,,,,,,,,,,,https://www.jobberman.com/listings/supervisor-boutique-n97v7z,2026-08-30T16:01:00+00:00
86265a745ea5e97c,jobberman,sales-and-marketing-lead-n97kgz,Sales and Marketing Lead,,,,Nigeria,unknown,,,,,,,,,,,,https://www.jobberman.com/listings/sales-and-marketing-lead-n97kgz,2026-08-30T16:01:00+00:00
e864f87e3ff4894a,jobberman,electricalrenewable-energy-engineer-technical-salesproject-8mpxqr,Electrical Engineer,,,,Nigeria,unknown,,,,,,,,,,,Other Tech,https://www.jobberman.com/listings/electricalrenewable-energy-engineer-technical-salesproject-8mpxqr,2026-08-30T16:01:00+00:00
faf4dfa42124f143,jobberman,company-accountant-er97e6,Accountant,,,,Nigeria,unknown,,,,,,,,,,,,https://www.jobberman.com/listings/company-accountant-er97e6,2026-08-30T16:01:00+00:00
d7871b274bd4e86b,jobberman,digital-marketing-executive-z8zeg9,Digital Marketer,,,,Nigeria,unknown,,,,,,,,,,,,https://www.jobberman.com/listings/digital-marketing-executive-z8zeg9,2026-08-30T16:01:00+00:00
6bde38449d344296,jobberman,experienced-accountant-needed-n9jg5g,Accountant,,,,Nigeria,unknown,,,,,,,,,,,,https://www.jobberman.com/listings/experienced-accountant-needed-n9jg5g,2026-08-30T16:01:03+00:00
3b7a0bc5fe26a12a,jobberman,business-development-execuutive-7j0vmz,Business Development Execuutive,,,,Nigeria,unknown,,,,,,,,,,,,https://www.jobberman.com/listings/business-development-execuutive-7j0vmz,2026-08-30T16:01:03+00:00
f641b3fe0d2a399a,jobberman,bartender-x8kdz8,Bartender,,,,Nigeria,unknown,,,,,,,,,,,,https://www.jobberman.com/listings/bartender-x8kdz8,2026-08-30T16:01:03+00:00
fc6ad73fe0f55f58,jobberman,sales-executive-erp6ek,Sales Executive,,,,Nigeria,unknown,,,,,,,,,,,,https://www.jobberman.com/listings/sales-executive-erp6ek,2026-08-30T16:01:03+00:00
49af45fad90d2fc2,jobberman,front-desk-personnel-0k8e2x,Front Desk Personnel,,,,Nigeria,unknown,,,,,,,,,,,,https://www.jobberman.com/listings/front-desk-personnel-0k8e2x,2026-08-30T16:01:03+00:00
075096fe830c6980,jobberman,house-governance-5prnk2,Governess,,,,Nigeria,unknown,,,,,,,,,,,,https://www.jobberman.com/listings/house-governance-5prnk2,2026-08-30T16:01:03+00:00
f32554b9bbc8084b,jobberman,licensed-customs-broker-6qrwd6,Customs Broker,,,,Nigeria,unknown,,,,,,,,,,,,https://www.jobberman.com/listings/licensed-customs-broker-6qrwd6,2026-08-30T16:01:03+00:00
46f588cd92945e0b,jobberman,wok-station-chef-rr6mnj,Chef,,,,Nigeria,unknown,,,,,,,,,,,,https://www.jobberman.com/listings/wok-station-chef-rr6mnj,2026-08-30T16:01:03+00:00
82935e1cf2e74848,jobberman,front-desk-personnel-0k85q8,Front Desk Personnel,,,,Nigeria,unknown,,,,,,,,,,,,https://www.jobberman.com/listings/front-desk-personnel-0k85q8,2026-08-30T16:01:03+00:00
8ce6574b7efc99f0,jobberman,hr-business-partner-outsourcing-2k8wng,HR Business Partner,,,,Nigeria,unknown,,,,,,,,,,,,https://www.jobberman.com/listings/hr-business-partner-outsourcing-2k8wng,2026-08-30T16:01:03+00:00
03091a6e82824047,jobberman,sales-marketing-executive-rr6n24,Sales & Marketing Executive,,,,Nigeria,unknown,,,,,,,,,,,,https://www.jobberman.com/listings/sales-marketing-executive-rr6n24,2026-08-30T16:01:03+00:00
9a7381cca7ac34fa,jobberman,architect-8mkp0n,Architect,,,,Nigeria,unknown,,,,,,,,,,,,https://www.jobberman.com/listings/architect-8mkp0n,2026-08-30T16:01:03+00:00
65135e31e4d2baf5,jobberman,real-estate-sales-executive-n90p2r,Real Estate Sales Executive,,,,Nigeria,unknown,,,,,,,,,,,,https://www.jobberman.com/listings/real-estate-sales-executive-n90p2r,2026-08-30T16:01:06+00:00
b921df95d7b7dacd,jobberman,director-of-operations-and-buiness-development-7jpkk8,"Director, Operations and Business Development",,,,Nigeria,unknown,,,,,,,,,,,,https://www.jobberman.com/listings/director-of-operations-and-buiness-development-7jpkk8,2026-08-30T16:01:06+00:00
6a67db25b4a82b0a,jobberman,graphic-designer-and-social-media-manager-2k7xeg,Marketing & Graphic Design Specialist,,,,Nigeria,unknown,,,,,,,,,,,,https://www.jobberman.com/listings/graphic-designer-and-social-media-manager-2k7xeg,2026-08-30T16:01:06+00:00
0560a64c1a58c47d,jobberman,accountant-450gjz,Accountant,,,,Nigeria,unknown,,,,,,,,,,,,https://www.jobberman.com/listings/accountant-450gjz,2026-08-30T16:01:06+00:00
d12fa6f7d4e1fbe5,jobberman,filling-station-sales-representative-d90zg0,Sales Representative,,,,Nigeria,unknown,,,,,,,,,,,,https://www.jobberman.com/listings/filling-station-sales-representative-d90zg0,2026-08-30T16:01:06+00:00
fc1b26c68bc09238,jobberman,automobile-sales-executive-z8zx7v,Sales Executive,,,,Nigeria,unknown,,,,,,,,,,,,https://www.jobberman.com/listings/automobile-sales-executive-z8zx7v,2026-08-30T16:01:06+00:00
5aa32b98f09bfd41,jobberman,bilingual-hr-generalist-mandarin-english-n97wm0,Bilingual HR,,,,Nigeria,unknown,,,,,,,,,,,,https://www.jobberman.com/listings/bilingual-hr-generalist-mandarin-english-n97wm0,2026-08-30T16:01:06+00:00
cd44fe8b485cb4b3,jobberman,customer-service-representative-z8jv29,Customer Service Representative,,,,Nigeria,unknown,,,,,,,,,,,,https://www.jobberman.com/listings/customer-service-representative-z8jv29,2026-08-30T16:01:06+00:00
6ea963e11b215b8a,jobberman,live-out-chef-gmd54e,Chef,,,,Nigeria,unknown,,,,,,,,,,,,https://www.jobberman.com/listings/live-out-chef-gmd54e,2026-08-30T16:01:09+00:00
c233f5add23d1ea4,jobberman,loan-marketing-executive-marketer-x8w5jm,Loan Marketing Executive,,,,Nigeria,unknown,,,,,,,,,,,,https://www.jobberman.com/listings/loan-marketing-executive-marketer-x8w5jm,2026-08-30T16:01:09+00:00
46347edb331ef25e,jobberman,sales-and-partnership-executive-9kredv,Sales & Partnership Executive,,,,Nigeria,unknown,,,,,,,,,,,,https://www.jobberman.com/listings/sales-and-partnership-executive-9kredv,2026-08-30T16:01:09+00:00
15595bd3f257d7e4,jobberman,sales-marketing-representative-45rgkz,Sales & Marketing Representative,,,,Nigeria,unknown,,,,,,,,,,,,https://www.jobberman.com/listings/sales-marketing-representative-45rgkz,2026-08-30T16:01:09+00:00
f19ffd3d6dd8a8e1,jobberman,sous-chef-8mk776,Sous Chef,,,,Nigeria,unknown,,,,,,,,,,,,https://www.jobberman.com/listings/sous-chef-8mk776,2026-08-30T16:01:09+00:00
83e3339f4b216205,jobberman,guest-experience-coordinator-x8w98q,Guest Experience Coordinator,,,,Nigeria,unknown,,,,,,,,,,,,https://www.jobberman.com/listings/guest-experience-coordinator-x8w98q,2026-08-30T16:01:09+00:00
60555cd3d15024ec,jobberman,experienced-accountant-qzwgpv,Accountant,,,,Nigeria,unknown,,,,,,,,,,,,https://www.jobberman.com/listings/experienced-accountant-qzwgpv,2026-08-30T16:01:09+00:00
d67d54e45ef3ba76,jobberman,senior-backend-engineer-9kr8x0,Senior Backend Engineer,,,,Nigeria,unknown,,,,,,,,,,,Software Development,https://www.jobberman.com/listings/senior-backend-engineer-9kr8x0,2026-08-30T16:01:09+00:00
47179680112b907c,jobberman,product-owner-z8r4e9,Product Owner,,,,Nigeria,unknown,,,,,,,,,,,Product & Design,https://www.jobberman.com/listings/product-owner-z8r4e9,2026-08-30T16:01:09+00:00
7b9107d5c7800a9d,jobberman,optometrist-z8rvkq,Optometrist,,,,Nigeria,unknown,,,,,,,,,,,,https://www.jobberman.com/listings/optometrist-z8rvkq,2026-08-30T16:01:09+00:00
08a49fcaffe1a6b0,jobberman,sales-operational-executive-5p9jrr,Sales Operational Executive,,,,Nigeria,unknown,,,,,,,,,,,,https://www.jobberman.com/listings/sales-operational-executive-5p9jrr,2026-08-30T16:01:09+00:00
f07a79b4ba8e2023,jobberman,customer-service-representative-qz909e,Customer service Representative,,,,Nigeria,unknown,,,,,,,,,,,,https://www.jobberman.com/listings/customer-service-representative-qz909e,2026-08-30T16:01:09+00:00
da9d36b90de5ffda,jobberman,hr-sales-lead-9k5vq7,HR Sales Lead,,,,Nigeria,unknown,,,,,,,,,,,,https://www.jobberman.com/listings/hr-sales-lead-9k5vq7,2026-08-30T16:01:09+00:00
a049051a208da640,jobberman,aviation-dispatcher-vdkmzg,Aviation Dispatcher,,,,Nigeria,unknown,,,,,,,,,,,,https://www.jobberman.com/listings/aviation-dispatcher-vdkmzg,2026-08-30T16:01:12+00:00
169175fab1204bed,jobberman,part-time-weekend-chef-lekki-d92rnr,Chef,,,,Nigeria,unknown,,,,,,,,,,,,https://www.jobberman.com/listings/part-time-weekend-chef-lekki-d92rnr,2026-08-30T16:01:12+00:00
0903c51c8d9bcc3c,jobberman,accountant-45re5r,Accountant,,,,Nigeria,unknown,,,,,,,,,,,,https://www.jobberman.com/listings/accountant-45re5r,2026-08-30T16:01:12+00:00
bbefc230ca4f9fb1,jobberman,content-social-media-executive-7jxe9d,Content & Social Media Executive,,,,Nigeria,unknown,,,,,,,,,,,,https://www.jobberman.com/listings/content-social-media-executive-7jxe9d,2026-08-30T16:01:12+00:00
7da1b12e1404ba7e,jobberman,dispatch-rider-n90m5v,Dispatch Rider,,,,Nigeria,unknown,,,,,,,,,,,,https://www.jobberman.com/listings/dispatch-rider-n90m5v,2026-08-30T16:01:12+00:00
cbcd040943865e76,jobberman,talent-acquisition-associate-k76enp,Talent Acquisition Associate,,,,Nigeria,unknown,,,,,,,,,,,,https://www.jobberman.com/listings/talent-acquisition-associate-k76enp,2026-08-30T16:01:12+00:00
656a4d84f27e6a9e,jobberman,accountant-pgn4x4,Accountant,,,,Nigeria,unknown,,,,,,,,,,,,https://www.jobberman.com/listings/accountant-pgn4x4,2026-08-30T16:01:12+00:00
524fd3b64f6997de,jobberman,senior-growth-associate-rr6xg5,Senior Growth Associate,,,,Nigeria,unknown,,,,,,,,,,,,https://www.jobberman.com/listings/senior-growth-associate-rr6xg5,2026-08-30T16:01:12+00:00
ef365c3336630b66,jobberman,field-van-sales-representative-z8rkg8,Sales Representatives,,,,Nigeria,unknown,,,,,,,,,,,,https://www.jobberman.com/listings/field-van-sales-representative-z8rkg8,2026-08-30T16:01:12+00:00
3e4d770f4b403eb0,jobberman,mathematics-further-mathematics-physics-teacher-k76n7v,Teacher,,,,Nigeria,unknown,,,,,,,,,,,,https://www.jobberman.com/listings/mathematics-further-mathematics-physics-teacher-k76n7v,2026-08-30T16:01:12+00:00
d92bd69de3e5efec,jobberman,primary-school-teacher-z8rwpr,Primary School Teachers,,,,Nigeria,unknown,,,,,,,,,,,,https://www.jobberman.com/listings/primary-school-teacher-z8rwpr,2026-08-30T16:01:12+00:00
3af5c47d5e3af502,jobberman,client-service-executive-experiential-marketing-agency-k768qw,Client Service Executive,,,,Nigeria,unknown,,,,,,,,,,,,https://www.jobberman.com/listings/client-service-executive-experiential-marketing-agency-k768qw,2026-08-30T16:01:12+00:00
e02b96330c7d444a,jobberman,head-of-sales-z8r248,Head of Sales,,,,Nigeria,unknown,,,,,,,,,,,,https://www.jobberman.com/listings/head-of-sales-z8r248,2026-08-30T16:01:12+00:00
de04775d9a087e56,jobberman,accountant-qz9m0w,Accountant,,,,Nigeria,unknown,,,,,,,,,,,,https://www.jobberman.com/listings/accountant-qz9m0w,2026-08-30T16:01:16+00:00
c76e6e73168a6322,jobberman,accountant-x8gmxw,Accountant,,,,Nigeria,unknown,,,,,,,,,,,,https://www.jobberman.com/listings/accountant-x8gmxw,2026-08-30T16:01:16+00:00
3d8f774106240541,jobberman,digital-marketer-d90qnm,Digital Marketer,,,,Nigeria,unknown,,,,,,,,,,,,https://www.jobberman.com/listings/digital-marketer-d90qnm,2026-08-30T16:01:16+00:00
39b2ed71af71a002,jobberman,full-time-pharmacist-clinical-retail-operations-n904kz,Pharmacist,,,,Nigeria,unknown,,,,,,,,,,,,https://www.jobberman.com/listings/full-time-pharmacist-clinical-retail-operations-n904kz,2026-08-30T16:01:16+00:00
52bd59ef684ef3ae,jobberman,senior-human-administrative-coordinator-j65kjz,Senior HR & Administrative Coordinator,,,,Nigeria,unknown,,,,,,,,,,,,https://www.jobberman.com/listings/senior-human-administrative-coordinator-j65kjz,2026-08-30T16:01:16+00:00
0dc58467590810d2,jobberman,associate-finance-administration-vd96vj,Associate Finance & Administration,,,,Nigeria,unknown,,,,,,,,,,,,https://www.jobberman.com/listings/associate-finance-administration-vd96vj,2026-08-30T16:01:16+00:00
988fa692bd4a360c,jobberman,fmcg-production-supervisor-z8r00x,Production Supervisor,,,,Nigeria,unknown,,,,,,,,,,,,https://www.jobberman.com/listings/fmcg-production-supervisor-z8r00x,2026-08-30T16:01:16+00:00
b25f0c5bd39b1d82,jobberman,quantity-surveyor-2k854p,Quantity Surveyor,,,,Nigeria,unknown,,,,,,,,,,,,https://www.jobberman.com/listings/quantity-surveyor-2k854p,2026-08-30T16:01:19+00:00
fcc3ddd6d01288d9,jobberman,snooker-boardman-x8wkn2,Snooker Boardman,,,,Nigeria,unknown,,,,,,,,,,,,https://www.jobberman.com/listings/snooker-boardman-x8wkn2,2026-08-30T16:01:19+00:00
d64b334f6b38cd16,jobberman,regional-business-head-5prrxn,Regional Business Head,,,,Nigeria,unknown,,,,,,,,,,,,https://www.jobberman.com/listings/regional-business-head-5prrxn,2026-08-30T16:01:19+00:00
e438b67b9ad12a4e,jobberman,regional-business-head-d9ddkm,Regional Business Head,,,,Nigeria,unknown,,,,,,,,,,,,https://www.jobberman.com/listings/regional-business-head-d9ddkm,2026-08-30T16:01:19+00:00
dd4c8de3cc0c15b4,jobberman,regional-business-head-erppqk,Regional Business Head,,,,Nigeria,unknown,,,,,,,,,,,,https://www.jobberman.com/listings/regional-business-head-erppqk,2026-08-30T16:01:19+00:00
b7a2327cb48e1af5,jobberman,project-execution-lead-elv-automation-7jpeee,Project Lead,,,,Nigeria,unknown,,,,,,,,,,,,https://www.jobberman.com/listings/project-execution-lead-elv-automation-7jpeee,2026-08-30T16:01:19+00:00
4970470e973a6b83,jobberman,social-media-team-lead-n97enz,Social Media Team Lead,,,,Nigeria,unknown,,,,,,,,,,,,https://www.jobberman.com/listings/social-media-team-lead-n97enz,2026-08-30T16:01:19+00:00
ab6cc656ca29623b,jobberman,financial-control-associate-m0vejq,Accountant,,,,Nigeria,unknown,,,,,,,,,,,,https://www.jobberman.com/listings/financial-control-associate-m0vejq,2026-08-30T16:01:19+00:00
63ea6b9d0f120623,jobberman,customer-service-executive-k7pwr2,Client Experience & Operations Specialist,,,,Nigeria,unknown,,,,,,,,,,,,https://www.jobberman.com/listings/customer-service-executive-k7pwr2,2026-08-30T16:01:19+00:00
2b4e3a95b8634955,jobberman,bid-tender-engineer-8mknj0,Bid & Tender Engineer,,,,Nigeria,unknown,,,,,,,,,,,Other Tech,https://www.jobberman.com/listings/bid-tender-engineer-8mknj0,2026-08-30T16:01:19+00:00
9820cd4575b15a50,jobberman,stockist-partnerships-senior-executive-wrg67k,Stockist & Partnerships Executive,,,,Nigeria,unknown,,,,,,,,,,,,https://www.jobberman.com/listings/stockist-partnerships-senior-executive-wrg67k,2026-08-30T16:01:22+00:00
8d82026e49bc9cfc,jobberman,operations-lead-9kr4e5,Operations Lead,,,,Nigeria,unknown,,,,,,,,,,,,https://www.jobberman.com/listings/operations-lead-9kr4e5,2026-08-30T16:01:22+00:00
5c93ede06f76f223,jobberman,home-broadband-direct-sales-executive-hbb-dse-wrg4qk,Direct Sales Executive,,,,Nigeria,unknown,,,,,,,,,,,,https://www.jobberman.com/listings/home-broadband-direct-sales-executive-hbb-dse-wrg4qk,2026-08-30T16:01:22+00:00
937b379d07fe1776,jobberman,regional-business-head-benin-city-kaduna-gm48x0,Regional Business Head,,,,Nigeria,unknown,,,,,,,,,,,,https://www.jobberman.com/listings/regional-business-head-benin-city-kaduna-gm48x0,2026-08-30T16:01:22+00:00
c86a9d58ba45b9ca,jobberman,product-marketing-content-strategy-lead-j6pewv,Product Marketing and Content Strategy Lead,,,,Nigeria,unknown,,,,,,,,,,,,https://www.jobberman.com/listings/product-marketing-content-strategy-lead-j6pewv,2026-08-30T16:01:22+00:00
562d9104e35b6837,jobberman,digital-marketing-content-strategist-wrnn66,Digital Marketing & Content Strategist,,,,Nigeria,unknown,,,,,,,,,,,,https://www.jobberman.com/listings/digital-marketing-content-strategist-wrnn66,2026-08-30T16:01:22+00:00
dd379a582c6d0627,jobberman,management-trainee-job-code-mtr001-7jxrjm,Management Trainee (Job Code : MTR001),,,,Nigeria,unknown,,,,,,,,,,,,https://www.jobberman.com/listings/management-trainee-job-code-mtr001-7jxrjm,2026-08-30T16:01:42+00:00
bef293d2990c5f7a,jobberman,technician-qzw0mz,Industrial Refrigeration Technician,,,,Nigeria,unknown,,,,,,,,,,,,https://www.jobberman.com/listings/technician-qzw0mz,2026-08-30T16:01:46+00:00
cf8bd878456c8598,jobberman,maintenance-technician-electrical-general-rrrg54,Maintenance Technician,,,,Nigeria,unknown,,,,,,,,,,,,https://www.jobberman.com/listings/maintenance-technician-electrical-general-rrrg54,2026-08-30T16:01:46+00:00
c009c63d2ea7e223,jobberman,elv-technician-d90820,Technician,,,,Nigeria,unknown,,,,,,,,,,,,https://www.jobberman.com/listings/elv-technician-d90820,2026-08-30T16:01:46+00:00
e3b32a1104457af4,jobberman,pharmacy-technician-5pzw82,Pharmacy Technician,,,,Nigeria,unknown,,,,,,,,,,,,https://www.jobberman.com/listings/pharmacy-technician-5pzw82,2026-08-30T16:01:46+00:00
1e8e0ef69f5d55d1,jobberman,nail-technician-x8kdwm,Nail Technician,,,,Nigeria,unknown,,,,,,,,,,,,https://www.jobberman.com/listings/nail-technician-x8kdwm,2026-08-30T16:01:46+00:00
060503c27dc642f6,jobberman,pharmacy-assistant-2k8p7k,Pharmacy Technician,,,,Nigeria,unknown,,,,,,,,,,,,https://www.jobberman.com/listings/pharmacy-assistant-2k8p7k,2026-08-30T16:01:46+00:00
c873659cb99b3ed7,jobberman,maintenance-mechanical-8mkj74,Maintenance Technician,,,,Nigeria,unknown,,,,,,,,,,,,https://www.jobberman.com/listings/maintenance-mechanical-8mkj74,2026-08-30T16:01:46+00:00
abb79c6192e719c4,jobberman,elv-technician-45rx29,ELV Technician,,,,Nigeria,unknown,,,,,,,,,,,,https://www.jobberman.com/listings/elv-technician-45rx29,2026-08-30T16:01:46+00:00
64c4f4abfab5f43f,jobberman,electrical-technician-m0vzj6,Electrical Technician,,,,Nigeria,unknown,,,,,,,,,,,,https://www.jobberman.com/listings/electrical-technician-m0vzj6,2026-08-30T16:01:46+00:00
efd07fa12a384b8c,jobberman,pharmacy-technician-z8rm88,Pharmacy Technician,,,,Nigeria,unknown,,,,,,,,,,,,https://www.jobberman.com/listings/pharmacy-technician-z8rm88,2026-08-30T16:01:46+00:00
e55ed55c92dea096,jobberman,electrical-technician-45r9je,Electrical Technician,,,,Nigeria,unknown,,,,,,,,,,,,https://www.jobberman.com/listings/electrical-technician-45r9je,2026-08-30T16:01:46+00:00
ef3672d57fea8796,jobberman,medical-technician-0k86wk,Medical Technician,,,,Nigeria,unknown,,,,,,,,,,,,https://www.jobberman.com/listings/medical-technician-0k86wk,2026-08-30T16:01:46+00:00
f2b8deefcfd8a594,jobberman,mechanical-technicians-vd9595,Mechanical Technicians,,,,Nigeria,unknown,,,,,,,,,,,,https://www.jobberman.com/listings/mechanical-technicians-vd9595,2026-08-30T16:01:50+00:00
4cf04acc4a73d872,jobberman,valve-technician-psv-gm44xk,Valve Technician,,,,Nigeria,unknown,,,,,,,,,,,,https://www.jobberman.com/listings/valve-technician-psv-gm44xk,2026-08-30T16:01:50+00:00
fb40268220d8f529,jobberman,hvac-technician-qzw96v,HVAC Technician,,,,Nigeria,unknown,,,,,,,,,,,,https://www.jobberman.com/listings/hvac-technician-qzw96v,2026-08-30T16:01:50+00:00
c143b24c5a244b87,jobberman,pharmacy-technician-x8wpz8,Pharmacy Technician,,,,Nigeria,unknown,,,,,,,,,,,,https://www.jobberman.com/listings/pharmacy-technician-x8wpz8,2026-08-30T16:01:50+00:00
992a8b4a53893c11,jobberman,electrical-technician-d9dkz2,Electrical Technician,,,,Nigeria,unknown,,,,,,,,,,,,https://www.jobberman.com/listings/electrical-technician-d9dkz2,2026-08-30T16:01:50+00:00
0312c5d867be03fb,jobberman,maintenance-facilities-technician-0knq2z,Facility Technician,,,,Nigeria,unknown,,,,,,,,,,,,https://www.jobberman.com/listings/maintenance-facilities-technician-0knq2z,2026-08-30T16:01:50+00:00
20181b1ffc25a37f,jobberman,phone-technician-9k5zjw,Phone Technician,,,,Nigeria,unknown,,,,,,,,,,,,https://www.jobberman.com/listings/phone-technician-9k5zjw,2026-08-30T16:01:50+00:00
ec9da9091b534a4f,jobberman,generator-technician-7jpz9x,Generator Technician,,,,Nigeria,unknown,,,,,,,,,,,,https://www.jobberman.com/listings/generator-technician-7jpz9x,2026-08-30T16:01:50+00:00
8ecc5fb22f266393,jobberman,automobile-technician-wrgxqp,Automobile Technician,,,,Nigeria,unknown,,,,,,,,,,,,https://www.jobberman.com/listings/automobile-technician-wrgxqp,2026-08-30T16:01:50+00:00
ebd242a7b0992afb,jobberman,utility-technician-x8g948,Utility Technician,,,,Nigeria,unknown,,,,,,,,,,,,https://www.jobberman.com/listings/utility-technician-x8g948,2026-08-30T16:01:50+00:00
23f70266e486826d,jobberman,plumber-technicians-z8zx8x,Plumber Technicians,,,,Nigeria,unknown,,,,,,,,,,,,https://www.jobberman.com/listings/plumber-technicians-z8zx8x,2026-08-30T16:01:52+00:00
a5f8672d621bd32b,jobberman,ink-matcher-ink-technician-8mmezr,Ink Technician,,,,Nigeria,unknown,,,,,,,,,,,,https://www.jobberman.com/listings/ink-matcher-ink-technician-8mmezr,2026-08-30T16:01:52+00:00
184ca8aeef354bc6,jobberman,cad-technician-draughtsman-pgjdpq,CAD Technician/ Draughtsman,,,,Nigeria,unknown,,,,,,,,,,,,https://www.jobberman.com/listings/cad-technician-draughtsman-pgjdpq,2026-08-30T16:01:52+00:00
8b85ed2db1b08899,jobberman,lash-extension-technician-vdkmkg,Lash Extension Technician,,,,Nigeria,unknown,,,,,,,,,,,,https://www.jobberman.com/listings/lash-extension-technician-vdkmkg,2026-08-30T16:01:52+00:00
5c5feacbba4eb135,jobberman,instrument-maintenance-technician-i-d9dx82,Instrument Maintenance Technician,,,,Nigeria,unknown,,,,,,,,,,,,https://www.jobberman.com/listings/instrument-maintenance-technician-i-d9dx82,2026-08-30T16:01:52+00:00
90b5445135d142fa,jobberman,heavy-duty-mechanical-field-technician-j65ve6,Mechanical Field Technician,,,,Nigeria,unknown,,,,,,,,,,,,https://www.jobberman.com/listings/heavy-duty-mechanical-field-technician-j65ve6,2026-08-30T16:01:52+00:00
ef47d0ae64bdf4e3,jobberman,fiber-optics-technician-gm46d2,Fiber Optics Technician,,,,Nigeria,unknown,,,,,,,,,,,,https://www.jobberman.com/listings/fiber-optics-technician-gm46d2,2026-08-30T16:01:52+00:00
d9e1fb355ac75f47,jobberman,electrical-electronics-technician-7jxrxm,Electrical & Electronics Technician,,,,Nigeria,unknown,,,,,,,,,,,,https://www.jobberman.com/listings/electrical-electronics-technician-7jxrxm,2026-08-30T16:01:52+00:00
8aa76afd19c18127,jobberman,medical-laboratory-technician-5p9mwn,Medical Laboratory Technician,,,,Nigeria,unknown,,,,,,,,,,,,https://www.jobberman.com/listings/medical-laboratory-technician-5p9mwn,2026-08-30T16:01:52+00:00
8bca1d6bcdc60a89,jobberman,machine-repair-technician-z8z0mq,Machine Repair Technician,,,,Nigeria,unknown,,,,,,,,,,,,https://www.jobberman.com/listings/machine-repair-technician-z8z0mq,2026-08-30T16:01:52+00:00
04f442f4f528f60c,jobberman,electrical-engineerstechnicians-vdgvqw,Electrical Engineering Technicians,,,,Nigeria,unknown,,,,,,,,,,,Other Tech,https://www.jobberman.com/listings/electrical-engineerstechnicians-vdgvqw,2026-08-30T16:01:52+00:00
352ce3ef179a8bcd,jobberman,air-conditioning-technician-hvac-technician-9k56dn,Air Conditioning Technician,,,,Nigeria,unknown,,,,,,,,,,,,https://www.jobberman.com/listings/air-conditioning-technician-hvac-technician-9k56dn,2026-08-30T16:01:55+00:00
0d45abb3626b476a,jobberman,techinician-phone-repair-pgngx0,Techinician,,,,Nigeria,unknown,,,,,,,,,,,,https://www.jobberman.com/listings/techinician-phone-repair-pgngx0,2026-08-30T16:01:55+00:00
6065a5d9fcfd353a,jobberman,quality-control-analyst-m0vjqw,Quality Control Analyst,,,,Nigeria,unknown,,,,,,,,,,,,https://www.jobberman.com/listings/quality-control-analyst-m0vjqw,2026-08-30T16:01:55+00:00
89aabb67e62ffc3a,jobberman,industrial-spray-painter-finishing-technician-vd9rmv,Industrial Spray Painter & Finishing Technician,,,,Nigeria,unknown,,,,,,,,,,,,https://www.jobberman.com/listings/industrial-spray-painter-finishing-technician-vd9rmv,2026-08-30T16:01:55+00:00
e7d3b444526bd9b5,jobberman,inverter-solar-installer-technicianengineer-wrnndg,Inverter Solar Installer Technician/Engineer,,,,Nigeria,unknown,,,,,,,,,,,Other Tech,https://www.jobberman.com/listings/inverter-solar-installer-technicianengineer-wrnndg,2026-08-30T16:01:55+00:00
f07892d089677437,jobberman,service-writer-n90ez0,Service Writer,,,,Nigeria,unknown,,,,,,,,,,,,https://www.jobberman.com/listings/service-writer-n90ez0,2026-08-30T16:01:55+00:00
69da791cc515de05,jobberman,medical-laboratory-technician-at-eha-clinics-x8w9z4-v1,Medical Laboratory Technician at EHA Clinics,,,,Nigeria,unknown,,,,,,,,,,,,https://www.jobberman.com/listings/medical-laboratory-technician-at-eha-clinics-x8w9z4-v1,2026-08-30T16:01:57+00:00
5ae4ed58e1d6abe5,jobberman,pre-sales-engineer-7jx9kj,Pre-Sales Engineer,,,,Nigeria,unknown,,,,,,,,,,,Other Tech,https://www.jobberman.com/listings/pre-sales-engineer-7jx9kj,2026-08-30T16:02:19+00:00
3a0bb3d56d3efffd,jobberman,2-mechanical-engineer-automated-door-manufacturing-n978z0,Mechanical Engineer,,,,Nigeria,unknown,,,,,,,,,,,Other Tech,https://www.jobberman.com/listings/2-mechanical-engineer-automated-door-manufacturing-n978z0,2026-08-30T16:02:19+00:00
7b61266e80528fdb,jobberman,quality-assurance-engineer-qz98gv,Quality Assurance Engineer,,,,Nigeria,unknown,,,,,,,,,,,QA & Testing,https://www.jobberman.com/listings/quality-assurance-engineer-qz98gv,2026-08-30T16:02:19+00:00
65cda10d5b2e84d1,jobberman,ai-solutions-architect-m06en2,AI Solutions Architect,,,,Nigeria,unknown,,,,,,,,,,,Data & AI,https://www.jobberman.com/listings/ai-solutions-architect-m06en2,2026-08-30T16:02:34+00:00
0a8f99f1083a75be,jobberman,architect-k7pk8w,Architect,,,,Nigeria,unknown,,,,,,,,,,,,https://www.jobberman.com/listings/architect-k7pk8w,2026-08-30T16:02:34+00:00
73ce284081b17344,jobberman,qaqc-engineer-0k887z,QA/QC Engineer,,,,Nigeria,unknown,,,,,,,,,,,Other Tech,https://www.jobberman.com/listings/qaqc-engineer-0k887z,2026-08-30T16:02:43+00:00
a104488c68e6d85f,jobberman,qaqc-civil-engineer-z8rjeq,QA/QC Civil Engineer,,,,Nigeria,unknown,,,,,,,,,,,Other Tech,https://www.jobberman.com/listings/qaqc-civil-engineer-z8rjeq,2026-08-30T16:02:43+00:00
79546025c46735a0,jobberman,quality-assurancequality-control-8mpe6r,Quality Assurance/Quality Control,,,,Nigeria,unknown,,,,,,,,,,,QA & Testing,https://www.jobberman.com/listings/quality-assurancequality-control-8mpe6r,2026-08-30T16:02:43+00:00
a4b1978cb273c4b4,jobberman,senior-quality-assurance-engineer-7jpgnq,Senior Quality Assurance Engineer,,,,Nigeria,unknown,,,,,,,,,,,QA & Testing,https://www.jobberman.com/listings/senior-quality-assurance-engineer-7jpgnq,2026-08-30T16:02:43+00:00
0ccb27953ba7f7d9,jobberman,quality-assurance-analyst-6qn92n,Quality Assurance Analyst,,,,Nigeria,unknown,,,,,,,,,,,QA & Testing,https://www.jobberman.com/listings/quality-assurance-analyst-6qn92n,2026-08-30T16:02:53+00:00
a659c1d0492ffd99,jobberman,hardware-engineer-0k9p98,Hardware Engineer,,,,Nigeria,unknown,,,,,,,,,,,Other Tech,https://www.jobberman.com/listings/hardware-engineer-0k9p98,2026-08-30T16:03:02+00:00
3b282834bbd4dc53,jobberman,fibre-optic-engineer-6qrwk6,Fibre Optic Engineer,,,,Nigeria,unknown,,,,,,,,,,,Other Tech,https://www.jobberman.com/listings/fibre-optic-engineer-6qrwk6,2026-08-30T16:03:02+00:00
b3006ba026ae4260,jobberman,electrical-engineer-renewable-energy-wrg5q5,Electrical Engineer,,,,Nigeria,unknown,,,,,,,,,,,Other Tech,https://www.jobberman.com/listings/electrical-engineer-renewable-energy-wrg5q5,2026-08-30T16:03:02+00:00
4e2e4794f5965f2f,jobberman,electrical-engineer-5pr85e,Electrical Engineer,,,,Nigeria,unknown,,,,,,,,,,,Other Tech,https://www.jobberman.com/listings/electrical-engineer-5pr85e,2026-08-30T16:03:02+00:00
091029746ffe8329,jobberman,electrical-enginneer-8mkge6,Electrical Enginneer,,,,Nigeria,unknown,,,,,,,,,,,,https://www.jobberman.com/listings/electrical-enginneer-8mkge6,2026-08-30T16:03:02+00:00
d6ce022db382d7aa,jobberman,electrical-engineer-d905q0,Electrical Engineer,,,,Nigeria,unknown,,,,,,,,,,,Other Tech,https://www.jobberman.com/listings/electrical-engineer-d905q0,2026-08-30T16:03:02+00:00
29f416ea23ee8a87,jobberman,electrical-engineer-k7pdz5,Electrical Engineer,,,,Nigeria,unknown,,,,,,,,,,,Other Tech,https://www.jobberman.com/listings/electrical-engineer-k7pdz5,2026-08-30T16:03:02+00:00
d302fac01352b1b3,jobberman,electrical-engineer-er9786,Electrical Engineer,,,,Nigeria,unknown,,,,,,,,,,,Other Tech,https://www.jobberman.com/listings/electrical-engineer-er9786,2026-08-30T16:03:02+00:00
1acc763f7215d073,jobberman,quality-assurance-engineer-n9767v,Quality Assurance Engineer,,,,Nigeria,unknown,,,,,,,,,,,QA & Testing,https://www.jobberman.com/listings/quality-assurance-engineer-n9767v,2026-08-30T16:03:02+00:00
92d3b10dc63500f2,jobberman,mechatronics-engineer-0k8evk,Mechatronics Engineer,,,,Nigeria,unknown,,,,,,,,,,,Other Tech,https://www.jobberman.com/listings/mechatronics-engineer-0k8evk,2026-08-30T16:03:02+00:00
fb8496ab9169fd8e,jobberman,electrical-engineer-8mp7v6,Electrical Engineer,,,,Nigeria,unknown,,,,,,,,,,,Other Tech,https://www.jobberman.com/listings/electrical-engineer-8mp7v6,2026-08-30T16:03:04+00:00
ecd954a1dec5ab83,jobberman,uiux-designer-rr6w84-v1,UI/UX Designer,,,,Nigeria,unknown,,,,,,,,,,,Product & Design,https://www.jobberman.com/listings/uiux-designer-rr6w84-v1,2026-08-30T16:03:04+00:00
0edf8b369513e200,jobberman,uiux-designer-x8wve2,UI/UX Designer,,,,Nigeria,unknown,,,,,,,,,,,Product & Design,https://www.jobberman.com/listings/uiux-designer-x8wve2,2026-08-30T16:03:14+00:00
591cb65474bef3f6,jobberman,uiux-designer-vd9pzk,UI/UX Designer,,,,Nigeria,unknown,,,,,,,,,,,Product & Design,https://www.jobberman.com/listings/uiux-designer-vd9pzk,2026-08-30T16:03:14+00:00
4ccf0083f9e61ecf,jobberman,soffware-application-developer-vd92v2,Soffware & Application Developer,,,,Nigeria,unknown,,,,,,,,,,,Software Development,https://www.jobberman.com/listings/soffware-application-developer-vd92v2,2026-08-30T16:03:25+00:00
3ecbfb6f20ada59f,jobberman,business-analyst-iii-z8rg06,Business Analyst,,,,Nigeria,unknown,,,,,,,,,,,Other Tech,https://www.jobberman.com/listings/business-analyst-iii-z8rg06,2026-08-30T16:03:41+00:00
f6e5bc2fbd9d78f0,jobberman,business-analyst-wrnd85,Business Analyst,,,,Nigeria,unknown,,,,,,,,,,,Other Tech,https://www.jobberman.com/listings/business-analyst-wrnd85,2026-08-30T16:03:41+00:00
a04e9ea1ba51190a,jobberman,business-analyst-k76n6v,Business Analyst,,,,Nigeria,unknown,,,,,,,,,,,Other Tech,https://www.jobberman.com/listings/business-analyst-k76n6v,2026-08-30T16:03:41+00:00
f72a6fbf2693b174,jobberman,business-analystintern-rr6xj9,Business Analyst,,,,Nigeria,unknown,,,,,,,,,,,Other Tech,https://www.jobberman.com/listings/business-analystintern-rr6xj9,2026-08-30T16:03:41+00:00
b73758c86d152b32,jobberman,junior-business-development-analyst-456445,Business Development Analyst,,,,Nigeria,unknown,,,,,,,,,,,,https://www.jobberman.com/listings/junior-business-development-analyst-456445,2026-08-30T16:03:41+00:00
657fe4eb31a4e285,jobberman,business-process-analyst-part-time-0kneqm,Business Process Analyst,,,,Nigeria,unknown,,,,,,,,,,,,https://www.jobberman.com/listings/business-process-analyst-part-time-0kneqm,2026-08-30T16:03:41+00:00
8eca56264a7ff821,jobberman,junior-software-developer-9j74kn,Junior Software Developer,,,,Ghana,unknown,,,,,,,,,,,Software Development,https://www.jobberman.com.gh/listings/junior-software-developer-9j74kn,2026-08-30T16:03:46+00:00
cb9fe77f82f78810,jobberman,ai-focused-software-developer-vw8ng8,AI-Focused Software Developer,,,,Ghana,unknown,,,,,,,,,,,Software Development,https://www.jobberman.com.gh/listings/ai-focused-software-developer-vw8ng8,2026-08-30T16:03:46+00:00
224dc34ee98a2466,jobberman,software-engineer-7w2k9d,Software Engineer,,,,Ghana,unknown,,,,,,,,,,,Software Development,https://www.jobberman.com.gh/listings/software-engineer-7w2k9d,2026-08-30T16:03:46+00:00
2ea68fd0c5cc212e,jobberman,software-engineer-technical-sales-pmzpdw,Software Engineer – Technical Sales,,,,Ghana,unknown,,,,,,,,,,,Software Development,https://www.jobberman.com.gh/listings/software-engineer-technical-sales-pmzpdw,2026-08-30T16:03:46+00:00
5b0062aae880d28e,jobberman,software-development-manager-at-teledata-ict-ltd-vw8ndg-v1,Software Development Manager At Teledata Ict Ltd,,,,Ghana,unknown,,,,,,,,,,,Other Tech,https://www.jobberman.com.gh/listings/software-development-manager-at-teledata-ict-ltd-vw8ndg-v1,2026-08-30T16:03:46+00:00
08cbe1fee714eccf,jobberman,achievers-in-technology-ait-program-5djm5g-v1,Achievers In Technology (ait) Program,,,,Ghana,unknown,,,,,,,,,,,,https://www.jobberman.com.gh/listings/achievers-in-technology-ait-program-5djm5g-v1,2026-08-30T16:03:46+00:00
fbc8aaa86b5d8afe,jobberman,business-development-executive-mg22zw-v1,Business Development Executive,,,,Ghana,unknown,,,,,,,,,,,,https://www.jobberman.com.gh/listings/business-development-executive-mg22zw-v1,2026-08-30T16:03:46+00:00
37eadbab66883262,jobberman,forward-deployed-software-engineer-84e096,Forward Deployed Software Engineer,,,,Ghana,unknown,,,,,,,,,,,Software Development,https://www.jobberman.com.gh/listings/forward-deployed-software-engineer-84e096,2026-08-30T16:03:46+00:00
bdf5f01652bcf080,jobberman,warehouse-manager-07rqkx-v1,Warehouse Manager,,,,Ghana,unknown,,,,,,,,,,,,https://www.jobberman.com.gh/listings/warehouse-manager-07rqkx-v1,2026-08-30T16:03:46+00:00
b0c01f08100951e8,jobberman,full-stack-engineer-react-native-ev44r2-v1,Full Stack Engineer (react Native),,,,Ghana,unknown,,,,,,,,,,,Software Development,https://www.jobberman.com.gh/listings/full-stack-engineer-react-native-ev44r2-v1,2026-08-30T16:03:46+00:00
cba3572a6011db60,jobberman,sales-and-marketing-executive-5dj77p-v1,Sales And Marketing Executive,,,,Ghana,unknown,,,,,,,,,,,,https://www.jobberman.com.gh/listings/sales-and-marketing-executive-5dj77p-v1,2026-08-30T16:03:46+00:00
702f8cb365db936f,jobberman,warehouse-shipping-manager-np649v-v1,Warehouse Shipping Manager,,,,Ghana,unknown,,,,,,,,,,,,https://www.jobberman.com.gh/listings/warehouse-shipping-manager-np649v-v1,2026-08-30T16:03:46+00:00
502625fef36ebb74,jobberman,analyst-system-architect-mobile-bss-07eppz-v1,"Analyst, System Architect - Mobile & Bss",,,,Ghana,unknown,,,,,,,,,,,,https://www.jobberman.com.gh/listings/analyst-system-architect-mobile-bss-07eppz-v1,2026-08-30T16:03:46+00:00
386127fd2f4b6c08,jobberman,auto-service-engineer-auto-electrical-vw87vx-v1,Auto Service Engineer (auto-electrical),,,,Ghana,unknown,,,,,,,,,,,Other Tech,https://www.jobberman.com.gh/listings/auto-service-engineer-auto-electrical-vw87vx-v1,2026-08-30T16:03:46+00:00
49e546a9dd5a1ded,jobberman,business-development-executive-7w2n6e-v1,Business Development Executive,,,,Ghana,unknown,,,,,,,,,,,,https://www.jobberman.com.gh/listings/business-development-executive-7w2n6e-v1,2026-08-30T16:03:46+00:00
ed2448e6baf3236a,jobberman,technical-support-officer-xpr4zv-v1,Technical Support Officer,,,,Ghana,unknown,,,,,,,,,,,Other Tech,https://www.jobberman.com.gh/listings/technical-support-officer-xpr4zv-v1,2026-08-30T16:03:46+00:00
64bb6a733355919c,jobberman,construction-manager-846j46-v1,Construction Manager,,,,Ghana,unknown,,,,,,,,,,,,https://www.jobberman.com.gh/listings/construction-manager-846j46-v1,2026-08-30T16:03:48+00:00
4e087d801693211d,jobberman,quantity-surveyor-k8j9j2-v1,Quantity Surveyor,,,,Ghana,unknown,,,,,,,,,,,,https://www.jobberman.com.gh/listings/quantity-surveyor-k8j9j2-v1,2026-08-30T16:03:48+00:00
9cd1d3d29c2c798f,jobberman,technical-solutions-engineer-07ep9x,Technical Solutions Engineer,,,,Ghana,unknown,,,,,,,,,,,Other Tech,https://www.jobberman.com.gh/listings/technical-solutions-engineer-07ep9x,2026-08-30T16:03:48+00:00
9bbf3249ae8df224,jobberman,senior-lecturers-pmvkqp-v1,Senior Lecturers,,,,Ghana,unknown,,,,,,,,,,,,https://www.jobberman.com.gh/listings/senior-lecturers-pmvkqp-v1,2026-08-30T16:03:48+00:00
5effe9df2fd662c6,jobberman,senior-accountant-xpr42m-v1,Senior Accountant,,,,Ghana,unknown,,,,,,,,,,,,https://www.jobberman.com.gh/listings/senior-accountant-xpr42m-v1,2026-08-30T16:03:48+00:00
1ae31d4a3cb1e211,jobberman,mechanical-engineer-20m4n8-v1,Mechanical Engineer,,,,Ghana,unknown,,,,,,,,,,,Other Tech,https://www.jobberman.com.gh/listings/mechanical-engineer-20m4n8-v1,2026-08-30T16:03:48+00:00
e5b3ab7168242a09,jobberman,senior-business-developer-ghana-846qj4-v1,Senior Business Developer (ghana),,,,Ghana,unknown,,,,,,,,,,,Software Development,https://www.jobberman.com.gh/listings/senior-business-developer-ghana-846qj4-v1,2026-08-30T16:03:48+00:00
6084942c9022493c,jobberman,mining-engineer-q20m4z-v1,Mining Engineer,,,,Ghana,unknown,,,,,,,,,,,Other Tech,https://www.jobberman.com.gh/listings/mining-engineer-q20m4z-v1,2026-08-30T16:03:48+00:00
9f6b5d33f61ca803,jobberman,school-librarian-k8jwn8-v1,School Librarian,,,,Ghana,unknown,,,,,,,,,,,,https://www.jobberman.com.gh/listings/school-librarian-k8jwn8-v1,2026-08-30T16:03:48+00:00
7729df1edcea6f39,jobberman,data-manager-6de7xv-v1,Data Manager,,,,Ghana,unknown,,,,,,,,,,,Other Tech,https://www.jobberman.com.gh/listings/data-manager-6de7xv-v1,2026-08-30T16:03:48+00:00
b9c159049ac21f7c,jobberman,quantity-surveyor-846qzx-v1,Quantity Surveyor,,,,Ghana,unknown,,,,,,,,,,,,https://www.jobberman.com.gh/listings/quantity-surveyor-846qzx-v1,2026-08-30T16:03:48+00:00
2a5d749c4b735f12,jobberman,test-automation-engineer-4nzj6z,Test Automation Engineer,,,,Ghana,unknown,,,,,,,,,,,Other Tech,https://www.jobberman.com.gh/listings/test-automation-engineer-4nzj6z,2026-08-30T16:03:48+00:00
a041b4e83492ec51,jobberman,application-security-engineer-npm5jv,Application Security Engineer,,,,Ghana,unknown,,,,,,,,,,,Cybersecurity,https://www.jobberman.com.gh/listings/application-security-engineer-npm5jv,2026-08-30T16:03:48+00:00
fda7a6331524bb5d,jobberman,qa-automation-engineer-jqkvdv-v1,Qa Automation Engineer,,,,Ghana,unknown,,,,,,,,,,,Other Tech,https://www.jobberman.com.gh/listings/qa-automation-engineer-jqkvdv-v1,2026-08-30T16:03:48+00:00
f97303fbbcac2c8e,jobberman,graphic-designer-ev4456-v1,Graphic Designer,,,,Ghana,unknown,,,,,,,,,,,,https://www.jobberman.com.gh/listings/graphic-designer-ev4456-v1,2026-08-30T16:03:48+00:00
4740e144a5ab8fad,jobberman,revenue-assurance-specialist-mg28xj-v1,Revenue Assurance Specialist,,,,Ghana,unknown,,,,,,,,,,,,https://www.jobberman.com.gh/listings/revenue-assurance-specialist-mg28xj-v1,2026-08-30T16:03:48+00:00
9b82c50c172a4252,jobberman,senior-finance-officer-q20pg4-v1,Senior Finance Officer,,,,Ghana,unknown,,,,,,,,,,,,https://www.jobberman.com.gh/listings/senior-finance-officer-q20pg4-v1,2026-08-30T16:03:51+00:00
40e038adbf0bf2b2,jobberman,content-designer-9j74zw-v1,Content Designer,,,,Ghana,unknown,,,,,,,,,,,,https://www.jobberman.com.gh/listings/content-designer-9j74zw-v1,2026-08-30T16:03:51+00:00
4dccdde4286fe120,jobberman,senior-customer-portfolio-manager-cs-9j74xw-v1,Senior Customer Portfolio Manager-cs,,,,Ghana,unknown,,,,,,,,,,,,https://www.jobberman.com.gh/listings/senior-customer-portfolio-manager-cs-9j74xw-v1,2026-08-30T16:03:51+00:00
c523f1fe43863a45,jobberman,chinese-translator-7w2ede-v1,Chinese Translator,,,,Ghana,unknown,,,,,,,,,,,,https://www.jobberman.com.gh/listings/chinese-translator-7w2ede-v1,2026-08-30T16:03:51+00:00
3d3eb421485af115,jobberman,fleet-operations-manager-zpm7zg-v1,Fleet Operations Manager,,,,Ghana,unknown,,,,,,,,,,,,https://www.jobberman.com.gh/listings/fleet-operations-manager-zpm7zg-v1,2026-08-30T16:03:51+00:00
f368a4539c1a5edd,jobberman,finance-manager-expat-5djerx-v1,Finance Manager (expat),,,,Ghana,unknown,,,,,,,,,,,,https://www.jobberman.com.gh/listings/finance-manager-expat-5djerx-v1,2026-08-30T16:03:51+00:00
d1b00202a0f09bc3,jobberman,deputy-director-of-finance-q20r6p-v2,Deputy Director Of Finance,,,,Ghana,unknown,,,,,,,,,,,,https://www.jobberman.com.gh/listings/deputy-director-of-finance-q20r6p-v2,2026-08-30T16:03:51+00:00
a9e9f5b9086e19b2,jobberman,sales-partner-5dew4p-v1,Sales Partner,,,,Ghana,unknown,,,,,,,,,,,,https://www.jobberman.com.gh/listings/sales-partner-5dew4p-v1,2026-08-30T16:03:51+00:00
db6c67a1d9337bdc,jobberman,web-developer-zpmmwq-v1,Web Developer,,,,Ghana,unknown,,,,,,,,,,,Software Development,https://www.jobberman.com.gh/listings/web-developer-zpmmwq-v1,2026-08-30T16:03:51+00:00
7b4bd7bd5a29ead4,jobberman,contracts-associate-gwx2e8-v1,Contracts Associate,,,,Ghana,unknown,,,,,,,,,,,,https://www.jobberman.com.gh/listings/contracts-associate-gwx2e8-v1,2026-08-30T16:03:51+00:00
131faa6d0ec5408a,jobberman,noc-it-support-engineer-ghana-vw7m95,Noc & It Support Engineer - Ghana,,,,Ghana,unknown,,,,,,,,,,,IT Support & Networking,https://www.jobberman.com.gh/listings/noc-it-support-engineer-ghana-vw7m95,2026-08-30T16:03:51+00:00
2ea9efea683ea8e5,jobberman,noc-it-support-engineer-ghana-q2jqwz,Noc & It Support Engineer - Ghana,,,,Ghana,unknown,,,,,,,,,,,IT Support & Networking,https://www.jobberman.com.gh/listings/noc-it-support-engineer-ghana-q2jqwz,2026-08-30T16:03:51+00:00
7498768f387482f6,jobberman,senior-forester-9j7e9p-v1,Senior Forester,,,,Ghana,unknown,,,,,,,,,,,,https://www.jobberman.com.gh/listings/senior-forester-9j7e9p-v1,2026-08-30T16:03:51+00:00
2bd1f49c1d6c8687,jobberman,intership-at-rootech-pmvk5p-v1,Intership At Rootech,,,,Ghana,unknown,,,,,,,,,,,,https://www.jobberman.com.gh/listings/intership-at-rootech-pmvk5p-v1,2026-08-30T16:03:51+00:00
5c08cf7b6ec859bb,jobberman,commercial-analyst-20ez0v,Commercial Analyst,,,,Ghana,unknown,,,,,,,,,,,,https://www.jobberman.com.gh/listings/commercial-analyst-20ez0v,2026-08-30T16:03:51+00:00
1a664a9dff6fda66,jobberman,national-gender-specialist-q20p8k-v1,National Gender Specialist,,,,Ghana,unknown,,,,,,,,,,,,https://www.jobberman.com.gh/listings/national-gender-specialist-q20p8k-v1,2026-08-30T16:03:51+00:00
4aee65b9a1a45fa5,jobberman,senior-ai-applications-engineer-mgxmnm,Senior Ai Applications Engineer,,,,Ghana,unknown,,,,,,,,,,,Data & AI,https://www.jobberman.com.gh/listings/senior-ai-applications-engineer-mgxmnm,2026-08-30T16:03:53+00:00
0f629478dbb7dc55,jobberman,tech-sales-executive-ghana-6dp0gv-v1,Tech Sales Executive - Ghana,,,,Ghana,unknown,,,,,,,,,,,,https://www.jobberman.com.gh/listings/tech-sales-executive-ghana-6dp0gv-v1,2026-08-30T16:03:53+00:00
c128faaa943bd7b2,jobberman,electronic-maintenance-technician-for-direct-to-garment-print-machine-jqkke5-v1,Electronic Maintenance Technician For Direct-to-garment Print Machine,,,,Ghana,unknown,,,,,,,,,,,,https://www.jobberman.com.gh/listings/electronic-maintenance-technician-for-direct-to-garment-print-machine-jqkke5-v1,2026-08-30T16:03:53+00:00
c8fa4cbd13589370,jobberman,technical-content-marketing-manager-wpvmk6,Technical Content Marketing Manager,,,,Ghana,unknown,,,,,,,,,,,Other Tech,https://www.jobberman.com.gh/listings/technical-content-marketing-manager-wpvmk6,2026-08-30T16:03:53+00:00
897205b03ce613a1,jobberman,monitoring-and-evaluation-consultant-level-2-k8j97j-v1,"Monitoring And Evaluation Consultant, Level 2",,,,Ghana,unknown,,,,,,,,,,,,https://www.jobberman.com.gh/listings/monitoring-and-evaluation-consultant-level-2-k8j97j-v1,2026-08-30T16:03:53+00:00
44e545926f2edd7e,jobberman,creative-production-assistant-jqkvzz-v1,Creative Production Assistant,,,,Ghana,unknown,,,,,,,,,,,,https://www.jobberman.com.gh/listings/creative-production-assistant-jqkvzz-v1,2026-08-30T16:03:53+00:00
5d7c4434a603f3d6,jobberman,applied-ai-engineer-q2jq5e,Applied Ai Engineer,,,,Ghana,unknown,,,,,,,,,,,Data & AI,https://www.jobberman.com.gh/listings/applied-ai-engineer-q2jq5e,2026-08-30T16:03:53+00:00
0256b3778b6c9232,jobberman,taxi-driver-scout-xpr5jq-v1,Taxi Driver Scout,,,,Ghana,unknown,,,,,,,,,,,,https://www.jobberman.com.gh/listings/taxi-driver-scout-xpr5jq-v1,2026-08-30T16:03:53+00:00
881dc53d7f9d89fc,jobberman,student-records-specialist-wp4qjm-v1,Student Records Specialist,,,,Ghana,unknown,,,,,,,,,,,,https://www.jobberman.com.gh/listings/student-records-specialist-wp4qjm-v1,2026-08-30T16:03:53+00:00
738820c7fc8e17c5,jobberman,enterprise-solutions-architect-20ezgk,Enterprise Solutions Architect,,,,Ghana,unknown,,,,,,,,,,,Other Tech,https://www.jobberman.com.gh/listings/enterprise-solutions-architect-20ezgk,2026-08-30T16:03:53+00:00
748446018897fe55,jobberman,enterprise-solutions-architect-gwn58q,Enterprise Solutions Architect,,,,Ghana,unknown,,,,,,,,,,,Other Tech,https://www.jobberman.com.gh/listings/enterprise-solutions-architect-gwn58q,2026-08-30T16:03:53+00:00
13eb71aff1dcc4fa,jobberman,factory-manager-rigid-packaging-products-pet-preform-closers-iml-thinwall-blow-gallons-crates-offset-printing-07rmvd-v1,"Factory Manager - Rigid Packaging (products: Pet Preform, Closers, Iml, Thinwall, Blow Gallons, Crates, Offset Printing)",,,,Ghana,unknown,,,,,,,,,,,,https://www.jobberman.com.gh/listings/factory-manager-rigid-packaging-products-pet-preform-closers-iml-thinwall-blow-gallons-crates-offset-printing-07rmvd-v1,2026-08-30T16:03:53+00:00
dc764a1babeb4f53,jobberman,driver-d78x4j-v1,Driver,,,,Ghana,unknown,,,,,,,,,,,,https://www.jobberman.com.gh/listings/driver-d78x4j-v1,2026-08-30T16:03:53+00:00
6dd3883931599dee,jobberman,project-manager-wp4v70-v1,Project Manager,,,,Ghana,unknown,,,,,,,,,,,,https://www.jobberman.com.gh/listings/project-manager-wp4v70-v1,2026-08-30T16:03:53+00:00
51643f3072deeb76,jobberman,fleet-manager-ev44ej-v1,Fleet Manager,,,,Ghana,unknown,,,,,,,,,,,,https://www.jobberman.com.gh/listings/fleet-manager-ev44ej-v1,2026-08-30T16:03:53+00:00
2fb5cdf2d3d528a3,jobberman,crossing-guards-9j74dw-v1,Crossing Guards,,,,Ghana,unknown,,,,,,,,,,,,https://www.jobberman.com.gh/listings/crossing-guards-9j74dw-v1,2026-08-30T16:03:53+00:00
6b7b1505ec395e0e,jobberman,senior-executive-assistant-to-the-chief-executive-officer-ceo-4nkzvv-v1,Senior Executive Assistant To The Chief Executive Officer (ceo),,,,Ghana,unknown,,,,,,,,,,,,https://www.jobberman.com.gh/listings/senior-executive-assistant-to-the-chief-executive-officer-ceo-4nkzvv-v1,2026-08-30T16:03:57+00:00
b2112453d47a1968,jobberman,autocad-technician-6dpgm4,AutoCAD Technician,,,,Ghana,unknown,,,,,,,,,,,,https://www.jobberman.com.gh/listings/autocad-technician-6dpgm4,2026-08-30T16:04:06+00:00
62149a2fa993b968,jobberman,electrical-field-engineer-renewables-zpmnq9-v1,Electrical Field Engineer (renewables),,,,Ghana,unknown,,,,,,,,,,,Other Tech,https://www.jobberman.com.gh/listings/electrical-field-engineer-renewables-zpmnq9-v1,2026-08-30T16:04:06+00:00
26645545c65d1d57,jobberman,desktop-support-engineer-pmvk82-v1,Desktop Support Engineer,,,,Ghana,unknown,,,,,,,,,,,IT Support & Networking,https://www.jobberman.com.gh/listings/desktop-support-engineer-pmvk82-v1,2026-08-30T16:04:06+00:00
9ebf63e914d5f4a1,jobberman,civil-engineer-ev0d94,Civil Engineer,,,,Ghana,unknown,,,,,,,,,,,Other Tech,https://www.jobberman.com.gh/listings/civil-engineer-ev0d94,2026-08-30T16:04:06+00:00
cee3a0b5c76b56db,jobberman,mep-processing-maintenance-manager-gwx2me-v1,Mep & Processing Maintenance Manager,,,,Ghana,unknown,,,,,,,,,,,,https://www.jobberman.com.gh/listings/mep-processing-maintenance-manager-gwx2me-v1,2026-08-30T16:04:23+00:00
946a9ff9285005a2,jobberman,office-manager-exp-in-engineering-construction-architecture-space-wp4q85-v1,Office Manager- Exp In Engineering/ Construction/ Architecture Space,,,,Ghana,unknown,,,,,,,,,,,Other Tech,https://www.jobberman.com.gh/listings/office-manager-exp-in-engineering-construction-architecture-space-wp4q85-v1,2026-08-30T16:04:48+00:00
93a0e924982973dd,jobberman,fullstack-web-and-mobile-app-developer-r89dqq,Fullstack web and mobile app developer,,,,Ghana,unknown,,,,,,,,,,,Software Development,https://www.jobberman.com.gh/listings/fullstack-web-and-mobile-app-developer-r89dqq,2026-08-30T16:04:57+00:00
a78419e12220dbb0,jobberman,qa-engineer-846qgz-v1,Qa Engineer,,,,Ghana,unknown,,,,,,,,,,,QA & Testing,https://www.jobberman.com.gh/listings/qa-engineer-846qgz-v1,2026-08-30T16:04:57+00:00
67d2f63d190bc38a,jobberman,marketing-manager-growth-r89d58-v1,Marketing Manager — Growth,,,,Ghana,unknown,,,,,,,,,,,,https://www.jobberman.com.gh/listings/marketing-manager-growth-r89d58-v1,2026-08-30T16:04:57+00:00
26e44c5b704fc790,jobberman,frontend-engineer-846q2r-v1,Frontend Engineer,,,,Ghana,unknown,,,,,,,,,,,Software Development,https://www.jobberman.com.gh/listings/frontend-engineer-846q2r-v1,2026-08-30T16:04:57+00:00
fbe04a07de165865,jobberman,business-development-representative-20m46e-v1,Business Development Representative,,,,Ghana,unknown,,,,,,,,,,,,https://www.jobberman.com.gh/listings/business-development-representative-20m46e-v1,2026-08-30T16:04:57+00:00
71d4bc0701f1942c,jobberman,customer-care-personnel-on-site-7w2ndx-v1,Customer Care Personnel- (on Site),,,,Ghana,onsite,,,,,,,,,,,,https://www.jobberman.com.gh/listings/customer-care-personnel-on-site-7w2ndx-v1,2026-08-30T16:04:57+00:00
14a1a953daaa3e84,jobberman,customer-service-personnel-onsite-only-mg28gw-v1,Customer Service Personnel - Onsite Only -,,,,Ghana,onsite,,,,,,,,,,,,https://www.jobberman.com.gh/listings/customer-service-personnel-onsite-only-mg28gw-v1,2026-08-30T16:04:57+00:00
25cc2b13d3ab1212,jobberman,customer-care-personnel-on-site-846qdr-v1,Customer Care Personnel - On Site,,,,Ghana,onsite,,,,,,,,,,,,https://www.jobberman.com.gh/listings/customer-care-personnel-on-site-846qdr-v1,2026-08-30T16:04:57+00:00
a22210fd26d0a797,jobberman,customer-care-personnel-on-site-xpr4nv-v1,Customer Care Personnel- (on Site.),,,,Ghana,onsite,,,,,,,,,,,,https://www.jobberman.com.gh/listings/customer-care-personnel-on-site-xpr4nv-v1,2026-08-30T16:04:57+00:00
3c9265089947f5c1,jobberman,customer-care-personnelon-site-07rm6m-v1,Customer Care Personnel(on Site).,,,,Ghana,onsite,,,,,,,,,,,,https://www.jobberman.com.gh/listings/customer-care-personnelon-site-07rm6m-v1,2026-08-30T16:04:57+00:00
9380fc802cc79080,jobberman,customer-service-personnel-onsite-only-jqkv5z-v1,Customer Service Personnel -onsite Only,,,,Ghana,onsite,,,,,,,,,,,,https://www.jobberman.com.gh/listings/customer-service-personnel-onsite-only-jqkv5z-v1,2026-08-30T16:04:57+00:00
9bb50ede902dc0d3,jobberman,credit-collections-ev0dn9-v1,Credit & Collections,,,,Ghana,unknown,,,,,,,,,,,,https://www.jobberman.com.gh/listings/credit-collections-ev0dn9-v1,2026-08-30T16:04:59+00:00
1149ff7e0742668e,jobberman,social-media-and-retail-assistant-ananse-studios-accra-npm50x,"Social Media And Retail Assistant, Ananse Studios Accra",,,,Ghana,unknown,,,,,,,,,,,Software Development,https://www.jobberman.com.gh/listings/social-media-and-retail-assistant-ananse-studios-accra-npm50x,2026-08-30T16:04:59+00:00
3048153f717e935b,jobberman,senior-specialist-enterprise-converged-solutions-sales-cloud-xpr4q8-v1,"Senior Specialist, Enterprise Converged Solutions Sales (cloud)",,,,Ghana,unknown,,,,,,,,,,,Other Tech,https://www.jobberman.com.gh/listings/senior-specialist-enterprise-converged-solutions-sales-cloud-xpr4q8-v1,2026-08-30T16:04:59+00:00
ce77fdd34986ff3a,jobberman,sales-manager-2-vacancies-q20ppn,Sales Manager,,,,Ghana,unknown,,,,,,,,,,,,https://www.jobberman.com.gh/listings/sales-manager-2-vacancies-q20ppn,2026-08-30T16:05:08+00:00
b1efc1ec7ef0c341,jobberman,relationship-manager-asset-management-pmvvrj-v1,"Relationship Manager, Asset Management",,,,Ghana,unknown,,,,,,,,,,,,https://www.jobberman.com.gh/listings/relationship-manager-asset-management-pmvvrj-v1,2026-08-30T16:05:08+00:00
79b5d55dd040bb2c,jobberman,account-manager-r89972-v1,Account Manager,,,,Ghana,unknown,,,,,,,,,,,,https://www.jobberman.com.gh/listings/account-manager-r89972-v1,2026-08-30T16:05:08+00:00
9dae7648dc0d8317,jobberman,independent-commission-based-sales-partners-freelance-marketers-xpr4pm-v1,Independent Commission-based Sales Partners & Freelance Marketers,,,,Ghana,unknown,,,,,,,,,,,,https://www.jobberman.com.gh/listings/independent-commission-based-sales-partners-freelance-marketers-xpr4pm-v1,2026-08-30T16:05:08+00:00
0f3951276561e36b,jobberman,partnerships-specialist-7w2n4x-v1,Partnerships Specialist,,,,Ghana,unknown,,,,,,,,,,,,https://www.jobberman.com.gh/listings/partnerships-specialist-7w2n4x-v1,2026-08-30T16:05:08+00:00
a7ca0bd793948980,jobberman,country-director-atlantic-cluster-ghana-sierra-leone-and-liberia-4nke82,"Country Director Atlantic Cluster (ghana, Sierra Leone And Liberia)",,,,Ghana,unknown,,,,,,,,,,,,https://www.jobberman.com.gh/listings/country-director-atlantic-cluster-ghana-sierra-leone-and-liberia-4nke82,2026-08-30T16:05:08+00:00
e7d14eff6cdce868,jobberman,msmes-associate-84e0kp,Msme's Associate,,,,Ghana,unknown,,,,,,,,,,,,https://www.jobberman.com.gh/listings/msmes-associate-84e0kp,2026-08-30T16:05:12+00:00
8cce72cc4d6f6706,jobberman,senior-project-officer-west-africa-7wevjn,"Senior Project Officer, West Africa",,,,Ghana,unknown,,,,,,,,,,,,https://www.jobberman.com.gh/listings/senior-project-officer-west-africa-7wevjn,2026-08-30T16:05:12+00:00
4a71293cd45396ae,jobberman,associate-professor-faculty-of-computing-and-information-systems-gwxx8r-v3,Associate Professor — Faculty Of Computing And Information Systems,,,,Ghana,unknown,,,,,,,,,,,,https://www.jobberman.com.gh/listings/associate-professor-faculty-of-computing-and-information-systems-gwxx8r-v3,2026-08-30T16:05:12+00:00
a35fde27ce9809b3,jobberman,professor-faculty-of-computing-and-information-systems-07re2e-v1,Professor — Faculty Of Computing And Information Systems,,,,Ghana,unknown,,,,,,,,,,,,https://www.jobberman.com.gh/listings/professor-faculty-of-computing-and-information-systems-07re2e-v1,2026-08-30T16:05:12+00:00
59369b5d9ac6716a,jobberman,micro-insurance-coordinator-milife-insurance-d78xx7-v1,"Micro Insurance Coordinator, Milife Insurance",,,,Ghana,unknown,,,,,,,,,,,,https://www.jobberman.com.gh/listings/micro-insurance-coordinator-milife-insurance-d78xx7-v1,2026-08-30T16:05:12+00:00
289d328fbb01e86f,jobberman,technical-sales-engineer-radio-communications-846649-v1,Technical Sales Engineer – Radio Communications,,,,Ghana,unknown,,,,,,,,,,,Other Tech,https://www.jobberman.com.gh/listings/technical-sales-engineer-radio-communications-846649-v1,2026-08-30T16:05:12+00:00
ca089e2b31610a50,jobberman,people-solutions-generalist-i-vw7m4x-v1,People Solutions Generalist I,,,,Ghana,unknown,,,,,,,,,,,,https://www.jobberman.com.gh/listings/people-solutions-generalist-i-vw7m4x-v1,2026-08-30T16:05:12+00:00
de2b05bfa6bc03a0,jobberman,robotics-data-collector-ghana-vw82d5-v1,Robotics Data Collector (ghana),,,,Ghana,unknown,,,,,,,,,,,Other Tech,https://www.jobberman.com.gh/listings/robotics-data-collector-ghana-vw82d5-v1,2026-08-30T16:05:12+00:00
eeef0f202e1bffb5,jobberman,bank-of-baroda-so-recruitment-2026-apply-now-for-206-posts-d78xjw-v1,Bank Of Baroda So Recruitment 2026 – Apply Now For 206 Posts,,,,Ghana,unknown,,,,,,,,,,,,https://www.jobberman.com.gh/listings/bank-of-baroda-so-recruitment-2026-apply-now-for-206-posts-d78xjw-v1,2026-08-30T16:05:15+00:00
59179d739001eb8f,jobberman,grants-and-finance-officer-wp4qkm-v1,Grants And Finance Officer,,,,Ghana,unknown,,,,,,,,,,,,https://www.jobberman.com.gh/listings/grants-and-finance-officer-wp4qkm-v1,2026-08-30T16:05:15+00:00
693c20daf5027171,jobberman,ai-platform-engineer-vw7mk5,Ai Platform Engineer,,,,Ghana,unknown,,,,,,,,,,,Data & AI,https://www.jobberman.com.gh/listings/ai-platform-engineer-vw7mk5,2026-08-30T16:05:27+00:00
1100d2e537e049f4,jobberman,senior-devops-engineer-jq8mzr,Senior Devops Engineer,,,,Ghana,unknown,,,,,,,,,,,DevOps & Cloud,https://www.jobberman.com.gh/listings/senior-devops-engineer-jq8mzr,2026-08-30T16:05:27+00:00
bf8b2a0a65ce4dd2,jobberman,devops-engineer-k8j9dw-v1,Devops Engineer,,,,Ghana,unknown,,,,,,,,,,,DevOps & Cloud,https://www.jobberman.com.gh/listings/devops-engineer-k8j9dw-v1,2026-08-30T16:05:27+00:00
c1c0256c3d02b952,jobberman,monitoring-evaluation-research-and-learning-merl-associate-20m4me,"Monitoring, Evaluation, Research, and Learning (MERL) Associate & Data Analyst",,,,Ghana,unknown,,,,,,,,,,,Data & AI,https://www.jobberman.com.gh/listings/monitoring-evaluation-research-and-learning-merl-associate-20m4me,2026-08-30T16:05:35+00:00
49f9700a6dd89237,jobberman,data-analyst-np6rpw-v1,Data Analyst,,,,Ghana,unknown,,,,,,,,,,,Data & AI,https://www.jobberman.com.gh/listings/data-analyst-np6rpw-v1,2026-08-30T16:05:35+00:00
1e67838d7b5b244b,jobberman,credit-analyst-gwxnmn-v1,Credit Analyst,,,,Ghana,unknown,,,,,,,,,,,,https://www.jobberman.com.gh/listings/credit-analyst-gwxnmn-v1,2026-08-30T16:05:35+00:00
99e3403105612fda,jobberman,market-operations-analyst-7w2ngz-v1,Market Operations Analyst,,,,Ghana,unknown,,,,,,,,,,,,https://www.jobberman.com.gh/listings/market-operations-analyst-7w2ngz-v1,2026-08-30T16:05:35+00:00
5af73574d70c2463,jobberman,part-time-data-analytics-tutor-q20pkk-v1,Part-time Data Analytics Tutor,,,,Ghana,unknown,,,,,,,,,,,Other Tech,https://www.jobberman.com.gh/listings/part-time-data-analytics-tutor-q20pkk-v1,2026-08-30T16:05:35+00:00
53e62d0e96517f07,jobberman,analyst-commercial-planning-k84mpv,"Analyst, Commercial Planning",,,,Ghana,unknown,,,,,,,,,,,,https://www.jobberman.com.gh/listings/analyst-commercial-planning-k84mpv,2026-08-30T16:05:35+00:00
054ed12fce36b7e6,jobberman,customer-experience-analyst-zpmg09-v1,Customer Experience Analyst,,,,Ghana,unknown,,,,,,,,,,,,https://www.jobberman.com.gh/listings/customer-experience-analyst-zpmg09-v1,2026-08-30T16:05:35+00:00
981a34f4486fa395,jobberman,coordinator-enterprise-value-management-mgxm6d,"Coordinator, Enterprise Value Management",,,,Ghana,unknown,,,,,,,,,,,Other Tech,https://www.jobberman.com.gh/listings/coordinator-enterprise-value-management-mgxm6d,2026-08-30T16:05:35+00:00
906960603a8ea4a9,jobberman,quality-assurance-officer-vw82kp-v1,Quality Assurance Officer,,,,Ghana,unknown,,,,,,,,,,,QA & Testing,https://www.jobberman.com.gh/listings/quality-assurance-officer-vw82kp-v1,2026-08-30T16:05:35+00:00
480c379afa28f765,jobberman,research-chemist-scientist-polymer-innovation-product-development-vw872m-v1,Research Chemist / Scientist – Polymer Innovation & Product Development,,,,Ghana,unknown,,,,,,,,,,,,https://www.jobberman.com.gh/listings/research-chemist-scientist-polymer-innovation-product-development-vw872m-v1,2026-08-30T16:05:45+00:00
effaad7c7fde5b55,jobberman,marketing-executive-5djmqg,Marketing Executive,,,,Ghana,unknown,,,,,,,,,,,,https://www.jobberman.com.gh/listings/marketing-executive-5djmqg,2026-08-30T16:05:55+00:00
3afae9b312dd68e0,jobberman,dyno-operator-9j74p0-v1,Dyno Operator,,,,Ghana,unknown,,,,,,,,,,,,https://www.jobberman.com.gh/listings/dyno-operator-9j74p0-v1,2026-08-30T16:05:55+00:00
efbef44fb746baf5,jobberman,manager-senior-site-reliability-engineer-sre-vw8nj2-v1,Manager: Senior Site Reliability Engineer (sre),,,,Ghana,unknown,,,,,,,,,,,DevOps & Cloud,https://www.jobberman.com.gh/listings/manager-senior-site-reliability-engineer-sre-vw8nj2-v1,2026-08-30T16:05:55+00:00
11e48ea4b2825fac,jobberman,quality-control-officers-9j7ex0,Quality Control Officers,,,,Ghana,unknown,,,,,,,,,,,,https://www.jobberman.com.gh/listings/quality-control-officers-9j7ex0,2026-08-30T16:05:55+00:00
4844fd6b7f65489c,jobberman,specialist-metallurgy-wp4q7z-v1,"Specialist, Metallurgy",,,,Ghana,unknown,,,,,,,,,,,,https://www.jobberman.com.gh/listings/specialist-metallurgy-wp4q7z-v1,2026-08-30T16:05:55+00:00
88a388774d3b3e52,jobberman,digital-marketing-investor-relations-specialist-wp4vqp-v1,Digital Marketing & Investor Relations Specialist,,,,Ghana,unknown,,,,,,,,,,,,https://www.jobberman.com.gh/listings/digital-marketing-investor-relations-specialist-wp4vqp-v1,2026-08-30T16:05:55+00:00
6bb6d619c80ddae5,jobberman,head-of-operations-ev4gzv-v1,Head Of Operations,,,,Ghana,unknown,,,,,,,,,,,,https://www.jobberman.com.gh/listings/head-of-operations-ev4gzv-v1,2026-08-30T16:05:59+00:00
96ccc4ae188fc4b1,jobberman,research-assistant-mechanical-product-design-engineer-6-months-vw8nvk-v1,Research Assistant – Mechanical / Product Design Engineer (6 Months),,,,Ghana,unknown,,,,,,,,,,,Other Tech,https://www.jobberman.com.gh/listings/research-assistant-mechanical-product-design-engineer-6-months-vw8nvk-v1,2026-08-30T16:05:59+00:00
25a6bb5926f9fdd7,jobberman,control-instrumentation-ci-reliability-engineer-d7vr9g,Control & Instrumentation (c&i) Reliability Engineer,,,,Ghana,unknown,,,,,,,,,,,Other Tech,https://www.jobberman.com.gh/listings/control-instrumentation-ci-reliability-engineer-d7vr9g,2026-08-30T16:05:59+00:00
8f502b2fd73e1c98,jobberman,winder-engineer-electrical-pmvzxr-v2,Winder Engineer – Electrical,,,,Ghana,unknown,,,,,,,,,,,Other Tech,https://www.jobberman.com.gh/listings/winder-engineer-electrical-pmvzxr-v2,2026-08-30T16:05:59+00:00
e092e2ba1d47530a,jobberman,winder-specialist-electrical-wp4vmj-v2,Winder Specialist – Electrical,,,,Ghana,unknown,,,,,,,,,,,,https://www.jobberman.com.gh/listings/winder-specialist-electrical-wp4vmj-v2,2026-08-30T16:05:59+00:00
e6a4305581f307c0,jobberman,chief-executiv-office-r89d4x-v1,Chief Executiv Office,,,,Ghana,unknown,,,,,,,,,,,,https://www.jobberman.com.gh/listings/chief-executiv-office-r89d4x-v1,2026-08-30T16:05:59+00:00
72ea678d0c6f5ea5,jobberman,private-equity-investment-analyst-national-service-personnel-cardinalstone-capital-advisors-ghana-vw8nr2-v1,Private Equity Investment Analyst (national Service Personnel) - Cardinalstone Capital Advisors (ghana),,,,Ghana,unknown,,,,,,,,,,,,https://www.jobberman.com.gh/listings/private-equity-investment-analyst-national-service-personnel-cardinalstone-capital-advisors-ghana-vw8nr2-v1,2026-08-30T16:05:59+00:00
e89c2ff34db75a95,jobberman,procurement-coordinator-npm5dk,Procurement Coordinator,,,,Ghana,unknown,,,,,,,,,,,,https://www.jobberman.com.gh/listings/procurement-coordinator-npm5dk,2026-08-30T16:05:59+00:00
33e19429a51e0a0d,jobberman,procurement-coordinator-9j74np-v1,Procurement Coordinator,,,,Ghana,unknown,,,,,,,,,,,,https://www.jobberman.com.gh/listings/procurement-coordinator-9j74np-v1,2026-08-30T16:06:01+00:00
bcee59d699bc8126,jobberman,cofounder-ceo-equityonly-small-monthly-allowance-9je098,Co‑founder & Ceo (equity‑only + Small Monthly Allowance),,,,Ghana,unknown,,,,,,,,,,,,https://www.jobberman.com.gh/listings/cofounder-ceo-equityonly-small-monthly-allowance-9je098,2026-08-30T16:06:01+00:00
d72427b45be16c69,jobberman,room-divisions-manager-4nke99-v1,Room Divisions Manager,,,,Ghana,unknown,,,,,,,,,,,,https://www.jobberman.com.gh/listings/room-divisions-manager-4nke99-v1,2026-08-30T16:06:01+00:00
e18c7c25233c5fd1,jobberman,junior-electrical-mechanical-engineers-mg2xez-v1,Junior Electrical/ Mechanical Engineers,,,,Ghana,unknown,,,,,,,,,,,Other Tech,https://www.jobberman.com.gh/listings/junior-electrical-mechanical-engineers-mg2xez-v1,2026-08-30T16:06:11+00:00
e41d72fb57187625,jobberman,hse-manager-pmzppw-v1,Hse Manager,,,,Ghana,unknown,,,,,,,,,,,,https://www.jobberman.com.gh/listings/hse-manager-pmzppw-v1,2026-08-30T16:06:11+00:00
decda52e9f14af4d,jobberman,ux-designer-pmvkrp-v1,Ux Designer,,,,Ghana,unknown,,,,,,,,,,,Product & Design,https://www.jobberman.com.gh/listings/ux-designer-pmvkrp-v1,2026-08-30T16:06:11+00:00
25089cd2b0cbcbf3,jobberman,manager-senior-service-monitoring-analyst-np6reg-v1,Manager: Senior Service Monitoring Analyst,,,,Ghana,unknown,,,,,,,,,,,,https://www.jobberman.com.gh/listings/manager-senior-service-monitoring-analyst-np6reg-v1,2026-08-30T16:06:21+00:00
956c94407928d2e1,jobberman,company-driver-846j8n,Company Driver,,,,Ghana,unknown,,,,,,,,,,,,https://www.jobberman.com.gh/listings/company-driver-846j8n,2026-08-30T16:06:39+00:00
80f20861ec483bdd,jobberman,lubrication-technician-process-plant-np6m5w-v2,Lubrication Technician – Process Plant,,,,Ghana,unknown,,,,,,,,,,,,https://www.jobberman.com.gh/listings/lubrication-technician-process-plant-np6m5w-v2,2026-08-30T16:06:39+00:00
6bb9949fb72b86f9,jobberman,sales-specialist-medicallaboratory-devices-and-consumables-gwx2v2-v1,Sales Specialist ( Medical/laboratory Devices And Consumables),,,,Ghana,unknown,,,,,,,,,,,,https://www.jobberman.com.gh/listings/sales-specialist-medicallaboratory-devices-and-consumables-gwx2v2-v1,2026-08-30T16:06:39+00:00
5e62a599ccb6f38c,jobberman,regulatory-compliance-administration-officer-wp448k-v1,"Regulatory, Compliance & Administration Officer",,,,Ghana,unknown,,,,,,,,,,,,https://www.jobberman.com.gh/listings/regulatory-compliance-administration-officer-wp448k-v1,2026-08-30T16:06:49+00:00
c2892582e9afbb63,jobberman,legal-officer-9j74jn-v1,Legal Officer,,,,Ghana,unknown,,,,,,,,,,,,https://www.jobberman.com.gh/listings/legal-officer-9j74jn-v1,2026-08-30T16:06:49+00:00
9efa948da74535c8,jobberman,administration-and-training-manager-9j774n-v1,Administration And Training Manager,,,,Ghana,unknown,,,,,,,,,,,,https://www.jobberman.com.gh/listings/administration-and-training-manager-9j774n-v1,2026-08-30T16:06:49+00:00
313603880e82747c,jobberman,director-of-allied-health-mg2xdj-v1,Director Of Allied Health,,,,Ghana,unknown,,,,,,,,,,,,https://www.jobberman.com.gh/listings/director-of-allied-health-mg2xdj-v1,2026-08-30T16:06:49+00:00
57c4e93ff2fd824e,jobberman,human-resource-administrative-assistant-20mpvj-v1,Human Resource Administrative Assistant,,,,Ghana,unknown,,,,,,,,,,,,https://www.jobberman.com.gh/listings/human-resource-administrative-assistant-20mpvj-v1,2026-08-30T16:06:49+00:00
4230b195650649ed,jobberman,onsite-manager-6dpp46-v1,Onsite Manager,,,,Ghana,onsite,,,,,,,,,,,,https://www.jobberman.com.gh/listings/onsite-manager-6dpp46-v1,2026-08-30T16:06:49+00:00
f6ed316e2b976275,jobberman,database-administrator-ev47zd-v1,Database Administrator,,,,Ghana,unknown,,,,,,,,,,,Other Tech,https://www.jobberman.com.gh/listings/database-administrator-ev47zd-v1,2026-08-30T16:06:49+00:00
84f08ae6b8d277c3,jobberman,territory-sales-manager-mg2zkr-v1,Territory Sales Manager,,,,Ghana,unknown,,,,,,,,,,,,https://www.jobberman.com.gh/listings/territory-sales-manager-mg2zkr-v1,2026-08-30T16:06:49+00:00
fa1f0ee99fc6cc78,jobberman,general-manager-4nzjrr,General Manager,,,,Ghana,unknown,,,,,,,,,,,,https://www.jobberman.com.gh/listings/general-manager-4nzjrr,2026-08-30T16:06:49+00:00
84cb90909f21e202,jobberman,national-service-personnel-np6rrk-v1,National Service Personnel,,,,Ghana,unknown,,,,,,,,,,,,https://www.jobberman.com.gh/listings/national-service-personnel-np6rrk-v1,2026-08-30T16:06:49+00:00
ad9a18aee87b9a78,jobberman,field-sales-agent-k8j9vw-v1,Field Sales Agent,,,,Ghana,unknown,,,,,,,,,,,,https://www.jobberman.com.gh/listings/field-sales-agent-k8j9vw-v1,2026-08-30T16:06:49+00:00
41e14cfbf8508420,jobberman,warehouse-manager-9j7pmx-v1,Warehouse Manager,,,,Ghana,unknown,,,,,,,,,,,,https://www.jobberman.com.gh/listings/warehouse-manager-9j7pmx-v1,2026-08-30T16:06:49+00:00
fda689196a175483,jobberman,hwf-warehouse-specialist-mj002050-jqknxg-v1,Hwf (warehouse Specialist) (mj002050),,,,Ghana,unknown,,,,,,,,,,,,https://www.jobberman.com.gh/listings/hwf-warehouse-specialist-mj002050-jqknxg-v1,2026-08-30T16:06:52+00:00
20c98ddcb58530d6,jobberman,director-route-to-market-xpr552-v1,"Director, Route To Market",,,,Ghana,unknown,,,,,,,,,,,,https://www.jobberman.com.gh/listings/director-route-to-market-xpr552-v1,2026-08-30T16:06:52+00:00
dbd115442c4591f6,jobberman,finished-product-warehouse-issuing-manager-k8jwv8-v1,Finished Product Warehouse Issuing Manager,,,,Ghana,unknown,,,,,,,,,,,,https://www.jobberman.com.gh/listings/finished-product-warehouse-issuing-manager-k8jwv8-v1,2026-08-30T16:06:52+00:00
bddd25299f281b86,jobberman,procurement-officer-wp4q05-v1,Procurement Officer,,,,Ghana,unknown,,,,,,,,,,,,https://www.jobberman.com.gh/listings/procurement-officer-wp4q05-v1,2026-08-30T16:06:52+00:00
7ceaf7c787147455,jobberman,sales-consultant-ghana-accra-gwxegn-v1,Sales Consultant- Ghana (accra),,,,Ghana,unknown,,,,,,,,,,,,https://www.jobberman.com.gh/listings/sales-consultant-ghana-accra-gwxegn-v1,2026-08-30T16:06:52+00:00
f85638c55be30c71,jobberman,recruitment-manager-7w2nng-v1,Recruitment Manager,,,,Ghana,unknown,,,,,,,,,,,,https://www.jobberman.com.gh/listings/recruitment-manager-7w2nng-v1,2026-08-30T16:06:52+00:00
d8e311acc2c9b540,jobberman,patient-growth-coordinator-7w2kkq-v1,Patient Growth Coordinator,,,,Ghana,unknown,,,,,,,,,,,,https://www.jobberman.com.gh/listings/patient-growth-coordinator-7w2kkq-v1,2026-08-30T16:06:52+00:00
4eb1b1eaa1835b6f,jobberman,junior-key-account-manager-jumia-full-time-20mpnj-v1,Junior Key Account Manager - Jumia (full Time),,,,Ghana,unknown,,,,,,,,,,,,https://www.jobberman.com.gh/listings/junior-key-account-manager-jumia-full-time-20mpnj-v1,2026-08-30T16:06:52+00:00
fc44b0e6de7b22e7,jobberman,sales-executive-heavy-machinery-ev40xv-v1,Sales Executive - Heavy Machinery,,,,Ghana,unknown,,,,,,,,,,,,https://www.jobberman.com.gh/listings/sales-executive-heavy-machinery-ev40xv-v1,2026-08-30T16:06:52+00:00
de0796edd57364bf,jobberman,account-assistant-20me6q-v1,Account Assistant,,,,Ghana,unknown,,,,,,,,,,,,https://www.jobberman.com.gh/listings/account-assistant-20me6q-v1,2026-08-30T16:06:52+00:00
7bba5ed7789ab42e,jobberman,taxi-fleet-specialist-9j7egw-v1,Taxi Fleet Specialist,,,,Ghana,unknown,,,,,,,,,,,,https://www.jobberman.com.gh/listings/taxi-fleet-specialist-9j7egw-v1,2026-08-30T16:06:52+00:00
441fd6c65afdf1aa,jobberman,training-officer-4nkev5-v1,Training Officer,,,,Ghana,unknown,,,,,,,,,,,,https://www.jobberman.com.gh/listings/training-officer-4nkev5-v1,2026-08-30T16:06:52+00:00
ce0ac627a7dab44f,jobberman,human-resources-manager-gwxver-v1,Human Resources Manager,,,,Ghana,unknown,,,,,,,,,,,,https://www.jobberman.com.gh/listings/human-resources-manager-gwxver-v1,2026-08-30T16:06:56+00:00
4256642030974e42,jobberman,executive-secretary-ghana-7wevxm,Executive Secretary - Ghana,,,,Ghana,unknown,,,,,,,,,,,,https://www.jobberman.com.gh/listings/executive-secretary-ghana-7wevxm,2026-08-30T16:06:56+00:00
9ea0954e9a68e57d,jobberman,executive-secretary-ghana-7wevpn,Executive Secretary - Ghana,,,,Ghana,unknown,,,,,,,,,,,,https://www.jobberman.com.gh/listings/executive-secretary-ghana-7wevpn,2026-08-30T16:06:56+00:00
4579f82160d816f1,jobberman,chief-operating-officer-k8jj2z-v1,Chief Operating Officer,,,,Ghana,unknown,,,,,,,,,,,,https://www.jobberman.com.gh/listings/chief-operating-officer-k8jj2z-v1,2026-08-30T16:06:56+00:00
cf30b7ce9f9d8d9f,jobberman,front-office-manager-k8j4wv-v1,Front Office Manager,,,,Ghana,unknown,,,,,,,,,,,,https://www.jobberman.com.gh/listings/front-office-manager-k8j4wv-v1,2026-08-30T16:06:56+00:00
e1fe4b0c7520bcac,jobberman,recruitment-supervisor-mg22r9-v2,Recruitment Supervisor,,,,Ghana,unknown,,,,,,,,,,,,https://www.jobberman.com.gh/listings/recruitment-supervisor-mg22r9-v2,2026-08-30T16:06:56+00:00
c795a4d587a29358,jobberman,finance-officer-gwx2z4-v1,Finance Officer,,,,Ghana,unknown,,,,,,,,,,,,https://www.jobberman.com.gh/listings/finance-officer-gwx2z4-v1,2026-08-30T16:06:56+00:00
7d947801886fcd8d,jobberman,sales-supervisor-alternative-business-markets-20m40k-v1,Sales Supervisor (alternative Business Markets),,,,Ghana,unknown,,,,,,,,,,,,https://www.jobberman.com.gh/listings/sales-supervisor-alternative-business-markets-20m40k-v1,2026-08-30T16:06:56+00:00
b669808cb24cc1a5,jobberman,project-assistant-07rqqj-v1,Project Assistant,,,,Ghana,unknown,,,,,,,,,,,,https://www.jobberman.com.gh/listings/project-assistant-07rqqj-v1,2026-08-30T16:06:56+00:00
054c3ca17d19fe1c,jobberman,sales-program-executive-5dew90,Sales & Program Executive,,,,Ghana,unknown,,,,,,,,,,,,https://www.jobberman.com.gh/listings/sales-program-executive-5dew90,2026-08-30T16:06:56+00:00
ea59683b4cd23275,jobberman,store-officer-5dj7g2-v1,Store Officer,,,,Ghana,unknown,,,,,,,,,,,,https://www.jobberman.com.gh/listings/store-officer-5dj7g2-v1,2026-08-30T16:06:56+00:00
738673364c84d0f7,jobberman,librarian-6dpemp-v1,Librarian,,,,Ghana,unknown,,,,,,,,,,,,https://www.jobberman.com.gh/listings/librarian-6dpemp-v1,2026-08-30T16:06:56+00:00
a82aea45c1d8e7ba,jobberman,business-development-lead-ghana-b2b-saas-telecommunications-4nkex5-v1,Business Development Lead - Ghana | B2b Saas |telecommunications,,,,Ghana,unknown,,,,,,,,,,,Other Tech,https://www.jobberman.com.gh/listings/business-development-lead-ghana-b2b-saas-telecommunications-4nkex5-v1,2026-08-30T16:07:00+00:00
c0beb1fa55478cb2,jobberman,head-of-communications-and-public-relations-hcpr-5dj7jn-v1,Head Of Communications And Public Relations (hcpr),,,,Ghana,unknown,,,,,,,,,,,,https://www.jobberman.com.gh/listings/head-of-communications-and-public-relations-hcpr-5dj7jn-v1,2026-08-30T16:07:00+00:00
866f355b9074ff91,jobberman,head-of-grants-and-consultancy-hgc-d78x8m-v1,Head Of Grants And Consultancy (hgc),,,,Ghana,unknown,,,,,,,,,,,,https://www.jobberman.com.gh/listings/head-of-grants-and-consultancy-hgc-d78x8m-v1,2026-08-30T16:07:00+00:00
2277aefddab0756e,jobberman,gynecologist-4nkx4r-v1,Gynecologist,,,,Ghana,unknown,,,,,,,,,,,,https://www.jobberman.com.gh/listings/gynecologist-4nkx4r-v1,2026-08-30T16:07:00+00:00
8fc1637384da7b40,jobberman,head-of-client-coverage-ghana-and-west-africa-wp4n9j-v1,Head Of Client Coverage Ghana And West Africa,,,,Ghana,unknown,,,,,,,,,,,,https://www.jobberman.com.gh/listings/head-of-client-coverage-ghana-and-west-africa-wp4n9j-v1,2026-08-30T16:07:00+00:00
b120cffff1900862,jobberman,it-field-service-field-support-engineer-07rmqz,IT Field Service / Field Support Engineer,,,,Ghana,unknown,,,,,,,,,,,Other Tech,https://www.jobberman.com.gh/listings/it-field-service-field-support-engineer-07rmqz,2026-08-30T16:07:09+00:00
786e52f00ae156cd,jobberman,engineer-networks-field-service-vw7mgm,"Engineer, Networks Field Service",,,,Ghana,unknown,,,,,,,,,,,Other Tech,https://www.jobberman.com.gh/listings/engineer-networks-field-service-vw7mgm,2026-08-30T16:07:09+00:00
c9f802e6fafa0d01,jobberman,operations-manager-r8p2jg,Operations Manager,,,,Ghana,unknown,,,,,,,,,,,,https://www.jobberman.com.gh/listings/operations-manager-r8p2jg,2026-08-30T16:07:09+00:00
cc242b260a6a49cf,jobberman,business-developer-intrapreneur-ghana-d788xr-v1,🇬🇭 Business Developer / Intrapreneur – Ghana,,,,Ghana,unknown,,,,,,,,,,,Software Development,https://www.jobberman.com.gh/listings/business-developer-intrapreneur-ghana-d788xr-v1,2026-08-30T16:07:09+00:00
b5df3d0c6ebef157,jobberman,general-manager-9je0rx,General Manager,,,,Ghana,unknown,,,,,,,,,,,,https://www.jobberman.com.gh/listings/general-manager-9je0rx,2026-08-30T16:07:09+00:00
78cde26a0c51c42f,jobberman,sales-engineer-6dp0pp-v1,Sales Engineer,,,,Ghana,unknown,,,,,,,,,,,Other Tech,https://www.jobberman.com.gh/listings/sales-engineer-6dp0pp-v1,2026-08-30T16:07:09+00:00
c909bb41ce535b8e,jobberman,electrical-technician-7w2nee-v1,Electrical Technician,,,,Ghana,unknown,,,,,,,,,,,,https://www.jobberman.com.gh/listings/electrical-technician-7w2nee-v1,2026-08-30T16:07:09+00:00
e012536b24bd2ec0,jobberman,project-manager-field-support-services-project-fssp-ghana-zpmgk8-v1,"Project Manager - Field Support Services Project (fssp), Ghana",,,,Ghana,unknown,,,,,,,,,,,,https://www.jobberman.com.gh/listings/project-manager-field-support-services-project-fssp-ghana-zpmgk8-v1,2026-08-30T16:07:19+00:00
8807aa6306048833,jobberman,office-assistant-846qmx,Office Assistant,,,,Ghana,unknown,,,,,,,,,,,,https://www.jobberman.com.gh/listings/office-assistant-846qmx,2026-08-30T16:07:40+00:00
8a3c4a5bb7ba38eb,jobberman,volunteer-wpvm2p,Volunteer,,,,Ghana,unknown,,,,,,,,,,,,https://www.jobberman.com.gh/listings/volunteer-wpvm2p,2026-08-30T16:07:40+00:00
a022b0ff51472633,jobberman,dean-school-of-performing-arts-mg26w9-v5,"Dean, School Of Performing Arts",,,,Ghana,unknown,,,,,,,,,,,,https://www.jobberman.com.gh/listings/dean-school-of-performing-arts-mg26w9-v5,2026-08-30T16:07:40+00:00
96e3eef59f7a99e2,jobberman,marketer-mg2892-v1,Marketer,,,,Ghana,unknown,,,,,,,,,,,,https://www.jobberman.com.gh/listings/marketer-mg2892-v1,2026-08-30T16:07:40+00:00
d3c136bd05484298,jobberman,marketer-846qxr-v1,Marketer,,,,Ghana,unknown,,,,,,,,,,,,https://www.jobberman.com.gh/listings/marketer-846qxr-v1,2026-08-30T16:07:40+00:00
3681baeb87374793,jobberman,sales-executive-steel-industry-5djj4e,Sales Executive - Steel Industry,,,,Ghana,unknown,,,,,,,,,,,,https://www.jobberman.com.gh/listings/sales-executive-steel-industry-5djj4e,2026-08-30T16:07:40+00:00
93de0d211cf65073,jobberman,corporate-relations-marketing-officer-vw8nwg-v1,Corporate Relations & Marketing Officer,,,,Ghana,unknown,,,,,,,,,,,,https://www.jobberman.com.gh/listings/corporate-relations-marketing-officer-vw8nwg-v1,2026-08-30T16:07:40+00:00
f1e441864793dd48,jobberman,accountant-q20pmn,Accountant,,,,Ghana,unknown,,,,,,,,,,,,https://www.jobberman.com.gh/listings/accountant-q20pmn,2026-08-30T16:07:47+00:00
f642e9d37ba87a3c,jobberman,live-in-domestic-assistant-childcare-support-4nkek5,Live-in House-Help & Childcare Support,,,,Ghana,unknown,,,,,,,,,,,,https://www.jobberman.com.gh/listings/live-in-domestic-assistant-childcare-support-4nkek5,2026-08-30T16:07:47+00:00
741e0189675f7518,jobberman,administrative-client-support-assistant-remote-np64ke,Administrative & Client Support Assistant (Remote),,,,Ghana,remote,Country-only,,,,,,,,,,,https://www.jobberman.com.gh/listings/administrative-client-support-assistant-remote-np64ke,2026-08-30T16:07:47+00:00
d2397558510fc37d,jobberman,proposal-project-coordinator-zpmgvq,Proposal-Project Coordinator,,,,Ghana,unknown,,,,,,,,,,,,https://www.jobberman.com.gh/listings/proposal-project-coordinator-zpmgvq,2026-08-30T16:07:47+00:00
c560a5e1c0248e71,jobberman,administrative-secretary-officer-6dpg96,Administrative & Secretary Officer,,,,Ghana,unknown,,,,,,,,,,,,https://www.jobberman.com.gh/listings/administrative-secretary-officer-6dpg96,2026-08-30T16:07:47+00:00
65e5fc4bdf5d0084,jobberman,accounts-assistant-7w2kq5,Accounts Assistant,,,,Ghana,unknown,,,,,,,,,,,,https://www.jobberman.com.gh/listings/accounts-assistant-7w2kq5,2026-08-30T16:07:47+00:00
ddad8d0f1f9d3f6a,jobberman,human-resource-officer-school-based-84e05p,Human Resource Officer (School-based),,,,Ghana,unknown,,,,,,,,,,,,https://www.jobberman.com.gh/listings/human-resource-officer-school-based-84e05p,2026-08-30T16:07:47+00:00
b39cb69e4e13061c,jobberman,principal-marketing-advertising-officer-07rmw8,Principal Marketing & Advertising Officer,,,,Ghana,unknown,,,,,,,,,,,,https://www.jobberman.com.gh/listings/principal-marketing-advertising-officer-07rmw8,2026-08-30T16:07:47+00:00
5cf7fef48725c50f,jobberman,special-needs-teacher-r89d9n,Special needs teacher,,,,Ghana,unknown,,,,,,,,,,,,https://www.jobberman.com.gh/listings/special-needs-teacher-r89d9n,2026-08-30T16:07:47+00:00
43a094fc6b75ff22,jobberman,accountant-vw828w,Accountant,,,,Ghana,unknown,,,,,,,,,,,,https://www.jobberman.com.gh/listings/accountant-vw828w,2026-08-30T16:07:47+00:00
f2ea07e4b8727ecd,jobberman,project-manager-d78xmw,Project Manager,,,,Ghana,unknown,,,,,,,,,,,,https://www.jobberman.com.gh/listings/project-manager-d78xmw,2026-08-30T16:07:47+00:00
1051433ba809d060,jobberman,mechanical-engineer-xpr49v,Mechanical Engineer,,,,Ghana,unknown,,,,,,,,,,,Other Tech,https://www.jobberman.com.gh/listings/mechanical-engineer-xpr49v,2026-08-30T16:07:47+00:00
7d839aa0753969b6,jobberman,human-resource-manager-np64ze,Human Resource Manager,,,,Ghana,unknown,,,,,,,,,,,,https://www.jobberman.com.gh/listings/human-resource-manager-np64ze,2026-08-30T16:07:47+00:00
c7616e55b9f822b4,jobberman,accountant-mg28q2,Accountant,,,,Ghana,unknown,,,,,,,,,,,,https://www.jobberman.com.gh/listings/accountant-mg28q2,2026-08-30T16:07:47+00:00
70ff656fea01feca,jobberman,site-engineer-np6rmg,Site Engineer,,,,Ghana,unknown,,,,,,,,,,,Other Tech,https://www.jobberman.com.gh/listings/site-engineer-np6rmg,2026-08-30T16:07:47+00:00
798f7bb09e967cbf,jobberman,civil-engineer-q20pj7,Civil Engineer,,,,Ghana,unknown,,,,,,,,,,,Other Tech,https://www.jobberman.com.gh/listings/civil-engineer-q20pj7,2026-08-30T16:07:50+00:00
1b901bea83b05414,jobberman,office-administrator-ev460d,Office Administrator,,,,Ghana,unknown,,,,,,,,,,,,https://www.jobberman.com.gh/listings/office-administrator-ev460d,2026-08-30T16:07:50+00:00
949dbc5dc6762b6a,jobberman,customer-service-communications-manager-r89drm,Customer Service & Communications Manager,,,,Ghana,unknown,,,,,,,,,,,,https://www.jobberman.com.gh/listings/customer-service-communications-manager-r89drm,2026-08-30T16:07:50+00:00
fb23f6357d01fb8b,jobberman,administrative-officer-gwn5m0,Administrative Officer,,,,Ghana,unknown,,,,,,,,,,,,https://www.jobberman.com.gh/listings/administrative-officer-gwn5m0,2026-08-30T16:07:50+00:00
28ce0422c061da48,jobberman,accountant-r8p28j,Accountant,,,,Ghana,unknown,,,,,,,,,,,,https://www.jobberman.com.gh/listings/accountant-r8p28j,2026-08-30T16:07:50+00:00
f2bf5d993691a09b,jobberman,reconciliation-accountant-mgxmgd,Reconciliation Accountant,,,,Ghana,unknown,,,,,,,,,,,,https://www.jobberman.com.gh/listings/reconciliation-accountant-mgxmgd,2026-08-30T16:07:50+00:00
1df9469f40a53d97,jobberman,student-success-manager-07rmrm,Student Success Manager,,,,Ghana,unknown,,,,,,,,,,,,https://www.jobberman.com.gh/listings/student-success-manager-07rmrm,2026-08-30T16:07:50+00:00
ebe4ef4c268782e0,jobberman,finance-manager-xp0dpq,Finance Manager,,,,Ghana,unknown,,,,,,,,,,,,https://www.jobberman.com.gh/listings/finance-manager-xp0dpq,2026-08-30T16:07:50+00:00
7d5cf43b6f4c84a9,jobberman,account-officer-stock-sales-7w2kz5,Account Officer (Stock & Sales),,,,Ghana,unknown,,,,,,,,,,,,https://www.jobberman.com.gh/listings/account-officer-stock-sales-7w2kz5,2026-08-30T16:07:50+00:00
d7818efb47053d20,jobberman,accounting-officer-vw82rw,Accounting Officer,,,,Ghana,unknown,,,,,,,,,,,,https://www.jobberman.com.gh/listings/accounting-officer-vw82rw,2026-08-30T16:07:50+00:00
adaaeaf1a633790d,jobberman,hr-manager-4nzjnr,HR Manager,,,,Ghana,unknown,,,,,,,,,,,,https://www.jobberman.com.gh/listings/hr-manager-4nzjnr,2026-08-30T16:07:50+00:00
25635594a5655df5,jobberman,corporate-ehs-manager-ehqs-manager-ehs-discipline-5dewzr,Corporate EHS Manager (EHQS Manager - EHS Discipline),,,,Ghana,unknown,,,,,,,,,,,,https://www.jobberman.com.gh/listings/corporate-ehs-manager-ehqs-manager-ehs-discipline-5dewzr,2026-08-30T16:07:50+00:00
605cab271f828ee5,jobberman,visa-officer-zpm79v,Visa Officer,,,,Ghana,unknown,,,,,,,,,,,,https://www.jobberman.com.gh/listings/visa-officer-zpm79v,2026-08-30T16:07:50+00:00
76ab3b5e4e398051,jobberman,finance-and-administration-manager-20ezwk,Finance and Administration Manager,,,,Ghana,unknown,,,,,,,,,,,,https://www.jobberman.com.gh/listings/finance-and-administration-manager-20ezwk,2026-08-30T16:07:50+00:00
72960a1579345f92,jobberman,country-engagement-team-cet-administrative-assistant-5dj7qx,Country Engagement Team (CET) - Administrative Assistant,,,,Ghana,unknown,,,,,,,,,,,,https://www.jobberman.com.gh/listings/country-engagement-team-cet-administrative-assistant-5dj7qx,2026-08-30T16:07:50+00:00
ac6712da88e8b6dd,jobberman,accountant-xpr440,Accountant,,,,Ghana,unknown,,,,,,,,,,,,https://www.jobberman.com.gh/listings/accountant-xpr440,2026-08-30T16:07:53+00:00
8cc25a08ff19f3c9,jobberman,sales-marketing-operations-officer-6dp0zj,Sales & Marketing Operations Officer,,,,Ghana,unknown,,,,,,,,,,,,https://www.jobberman.com.gh/listings/sales-marketing-operations-officer-6dp0zj,2026-08-30T16:07:53+00:00
a1206e149561c171,jobberman,driver-20mpwd,Company Driver,,,,Ghana,unknown,,,,,,,,,,,,https://www.jobberman.com.gh/listings/driver-20mpwd,2026-08-30T16:07:53+00:00
4c06a8a2c69680f1,jobberman,studio-manager-wp4qnm,Office Manager,,,,Ghana,unknown,,,,,,,,,,,,https://www.jobberman.com.gh/listings/studio-manager-wp4qnm,2026-08-30T16:07:53+00:00
b594a4ee4af86265,jobberman,junior-architect-4nke52,Junior Architect,,,,Ghana,unknown,,,,,,,,,,,,https://www.jobberman.com.gh/listings/junior-architect-4nke52,2026-08-30T16:07:53+00:00
ee1690c3e5edd46e,jobberman,technical-sales-specialist-poultry-livestock-wp4djg,Technical Sales Specialist (Poultry & Livestock),,,,Ghana,unknown,,,,,,,,,,,Other Tech,https://www.jobberman.com.gh/listings/technical-sales-specialist-poultry-livestock-wp4djg,2026-08-30T16:07:53+00:00
d6f6d3e788a90b16,jobberman,recruiter-q20pr7,Recruiter,,,,Ghana,unknown,,,,,,,,,,,,https://www.jobberman.com.gh/listings/recruiter-q20pr7,2026-08-30T16:07:53+00:00
40fb1816c7ca9ec6,jobberman,human-resource-generalistoutsourcing-wp4q6z,Human Resource Generalist(Outsourcing),,,,Ghana,unknown,,,,,,,,,,,,https://www.jobberman.com.gh/listings/human-resource-generalistoutsourcing-wp4q6z,2026-08-30T16:07:53+00:00
9cd61950b6a8f4e3,jobberman,project-coordinator-jq8mxr,Project Coordinator,,,,Ghana,unknown,,,,,,,,,,,,https://www.jobberman.com.gh/listings/project-coordinator-jq8mxr,2026-08-30T16:07:53+00:00
c2201f23ca9bf2ed,jobberman,plant-and-equipment-manager-k84mx5,Plant and Equipment Manager,,,,Ghana,unknown,,,,,,,,,,,,https://www.jobberman.com.gh/listings/plant-and-equipment-manager-k84mx5,2026-08-30T16:07:53+00:00
05d804a67e6cb6e7,jobberman,finance-commercial-manager-846jdj,Finance & Commercial Manager,,,,Ghana,unknown,,,,,,,,,,,,https://www.jobberman.com.gh/listings/finance-commercial-manager-846jdj,2026-08-30T16:07:53+00:00
ed442f7c163ebfab,jobberman,credit-control-collections-r89dg9,Credit Control & Collections Officer,,,,Ghana,unknown,,,,,,,,,,,,https://www.jobberman.com.gh/listings/credit-control-collections-r89dg9,2026-08-30T16:07:53+00:00
27582d8c417c992d,jobberman,chemistry-teacher-cambridge-igcse-cambridge-international-a-level-6dp0kd,Chemistry Teacher (Cambridge IGCSE & Cambridge International A Level),,,,Ghana,unknown,,,,,,,,,,,,https://www.jobberman.com.gh/listings/chemistry-teacher-cambridge-igcse-cambridge-international-a-level-6dp0kd,2026-08-30T16:07:53+00:00
260537f42ff332a6,jobberman,ict-teacher-cambridge-igcse-cambridge-international-a-level-7w2n5j,ICT Teacher (Cambridge IGCSE & Cambridge International A Level),,,,Ghana,unknown,,,,,,,,,,,Other Tech,https://www.jobberman.com.gh/listings/ict-teacher-cambridge-igcse-cambridge-international-a-level-7w2n5j,2026-08-30T16:07:53+00:00
ec6f499413c42ac1,jobberman,technical-office-manager-wpvmn6,Technical Office Manager,,,,Ghana,unknown,,,,,,,,,,,Other Tech,https://www.jobberman.com.gh/listings/technical-office-manager-wpvmn6,2026-08-30T16:07:53+00:00
bda4616b7b42e88b,jobberman,project-coordinator-6de7ng,Project Coordinator,,,,Ghana,unknown,,,,,,,,,,,,https://www.jobberman.com.gh/listings/project-coordinator-6de7ng,2026-08-30T16:07:53+00:00
ad087acd3cc9ed01,jobberman,executive-manager-r89dd9,Executive Manager,,,,Ghana,unknown,,,,,,,,,,,,https://www.jobberman.com.gh/listings/executive-manager-r89dd9,2026-08-30T16:07:58+00:00
79be7950f8ddfe27,jobberman,business-development-telesales-consultant-7w2kg8,Business Development & Telesales Consultant,,,,Ghana,unknown,,,,,,,,,,,,https://www.jobberman.com.gh/listings/business-development-telesales-consultant-7w2kg8,2026-08-30T16:07:58+00:00
7b6a349b187e2f66,jobberman,business-manager-846qpx,Business Manager,,,,Ghana,unknown,,,,,,,,,,,,https://www.jobberman.com.gh/listings/business-manager-846qpx,2026-08-30T16:07:58+00:00
5d175665d3ae5593,jobberman,field-sales-and-training-manager-zpn2zn,Field Sales and Training Manager,,,,Ghana,unknown,,,,,,,,,,,,https://www.jobberman.com.gh/listings/field-sales-and-training-manager-zpn2zn,2026-08-30T16:07:58+00:00
cc667bc6a3eacaf1,jobberman,junior-accountant-accounts-procurement-846qdz,Junior Accountant (Accounts & Procurement),,,,Ghana,unknown,,,,,,,,,,,,https://www.jobberman.com.gh/listings/junior-accountant-accounts-procurement-846qdz,2026-08-30T16:07:58+00:00
af4d6e4a0d0fb87f,jobberman,customer-service-app-support-agent-q20p9v,Customer Service & App Support Agent,,,,Ghana,unknown,,,,,,,,,,,,https://www.jobberman.com.gh/listings/customer-service-app-support-agent-q20p9v,2026-08-30T16:07:58+00:00
8df0467871233b53,jobberman,human-resource-officer-school-based-6dpgz4,Human Resource Officer (School-based),,,,Ghana,unknown,,,,,,,,,,,,https://www.jobberman.com.gh/listings/human-resource-officer-school-based-6dpgz4,2026-08-30T16:07:58+00:00
04a70454a4ec9da5,jobberman,early-childhoodelementary-school-teacherspreschool-teaching-assistants-q20mgw,Early Childhood/Elementary school teachers/Preschool Teaching Assistants,,,,Ghana,unknown,,,,,,,,,,,,https://www.jobberman.com.gh/listings/early-childhoodelementary-school-teacherspreschool-teaching-assistants-q20mgw,2026-08-30T16:07:58+00:00
06f108cc65ec7d2b,jobberman,conservation-program-associate-avu-lagoon-wi-ghana-07ep7g,Conservation Program Associate -(Avu Lagoon),,,,Ghana,unknown,,,,,,,,,,,,https://www.jobberman.com.gh/listings/conservation-program-associate-avu-lagoon-wi-ghana-07ep7g,2026-08-30T16:07:58+00:00
e2b1a796bbdf6d05,jobberman,conservation-program-associate-7wev5n,Conservation Program Associate-(Wechiau),,,,Ghana,unknown,,,,,,,,,,,,https://www.jobberman.com.gh/listings/conservation-program-associate-7wev5n,2026-08-30T16:07:58+00:00
2c54bbf871467ebf,jobberman,business-development-officer-wechiau-wpvmpp,Business Development Officer - (Wechiau),,,,Ghana,unknown,,,,,,,,,,,,https://www.jobberman.com.gh/listings/business-development-officer-wechiau-wpvmpp,2026-08-30T16:07:58+00:00
550062588cdddff4,jobberman,administrator-20mpzg,Administrator,,,,Ghana,unknown,,,,,,,,,,,,https://www.jobberman.com.gh/listings/administrator-20mpzg,2026-08-30T16:07:58+00:00
e20c4a9c01639fc8,jobberman,administrative-assistant-gwx27n,Administrative Assistant,,,,Ghana,unknown,,,,,,,,,,,,https://www.jobberman.com.gh/listings/administrative-assistant-gwx27n,2026-08-30T16:07:58+00:00
b19ff2406c230db2,jobberman,administrator-pmvkpj,Administrator,,,,Ghana,unknown,,,,,,,,,,,,https://www.jobberman.com.gh/listings/administrator-pmvkpj,2026-08-30T16:07:58+00:00
246223f0619613b8,jobberman,front-office-executive-office-coordinator-female-candidate-only-20mp9j,Front Office Executive / Office Coordinator - Female Candidate Only.,,,,Ghana,unknown,,,,,,,,,,,,https://www.jobberman.com.gh/listings/front-office-executive-office-coordinator-female-candidate-only-20mp9j,2026-08-30T16:07:58+00:00
82ee03e044774e59,jobberman,marketing-client-relations-officer-6dp0nj,Marketing & Client Relations Officer,,,,Ghana,unknown,,,,,,,,,,,,https://www.jobberman.com.gh/listings/marketing-client-relations-officer-6dp0nj,2026-08-30T16:08:01+00:00
1d847d96f2c47ff1,jobberman,utility-supervisor-wp4d04,Utility Supervisor,,,,Ghana,unknown,,,,,,,,,,,,https://www.jobberman.com.gh/listings/utility-supervisor-wp4d04,2026-08-30T16:08:01+00:00
b5c2f0c077f8b5d9,jobberman,legal-officer-9j7pxv,Legal Officer,,,,Ghana,unknown,,,,,,,,,,,,https://www.jobberman.com.gh/listings/legal-officer-9j7pxv,2026-08-30T16:08:01+00:00
d63eab33f382876a,jobberman,capacity-development-officer-avu-lagoon-wi-ghana-84e04p,Capacity Development Officer - (Avu Lagoon ),,,,Ghana,unknown,,,,,,,,,,,,https://www.jobberman.com.gh/listings/capacity-development-officer-avu-lagoon-wi-ghana-84e04p,2026-08-30T16:08:01+00:00
340e11ce4994973b,jobberman,capacity-development-officer-wechiau-vw7mwm,Capacity Development Officer - (Wechiau),,,,Ghana,unknown,,,,,,,,,,,,https://www.jobberman.com.gh/listings/capacity-development-officer-wechiau-vw7mwm,2026-08-30T16:08:01+00:00
22c8debe674475db,jobberman,account-clerk-4nke68,Account Clerk,,,,Ghana,unknown,,,,,,,,,,,,https://www.jobberman.com.gh/listings/account-clerk-4nke68,2026-08-30T16:08:01+00:00
ff777614bdc1f5a1,jobberman,human-resource-business-partner-4nkxwe,Human Resource Business Partner,,,,Ghana,unknown,,,,,,,,,,,,https://www.jobberman.com.gh/listings/human-resource-business-partner-4nkxwe,2026-08-30T16:08:01+00:00
2b7ddf5fe9764719,jobberman,program-transport-and-logistics-officer-6de7kg,Program Transport and Logistics Officer,,,,Ghana,unknown,,,,,,,,,,,,https://www.jobberman.com.gh/listings/program-transport-and-logistics-officer-6de7kg,2026-08-30T16:08:01+00:00
db340c021ba6a010,jobberman,preschool-coordinator-r89g55,Preschool Coordinator,,,,Ghana,unknown,,,,,,,,,,,,https://www.jobberman.com.gh/listings/preschool-coordinator-r89g55,2026-08-30T16:08:01+00:00
0c27ea2508804d4f,jobberman,executive-assistant-secretary-to-director-female-candidates-only-846q74,Executive Assistant / Secretary to Director – Female Candidates Only,,,,Ghana,unknown,,,,,,,,,,,,https://www.jobberman.com.gh/listings/executive-assistant-secretary-to-director-female-candidates-only-846q74,2026-08-30T16:08:01+00:00
faa2714cd8cf236c,jobberman,chemical-or-civil-engineer-mg2z2q,Chemical or Civil Engineer,,,,Ghana,unknown,,,,,,,,,,,Other Tech,https://www.jobberman.com.gh/listings/chemical-or-civil-engineer-mg2z2q,2026-08-30T16:08:01+00:00
94d75e5cfe683128,jobberman,hse-assistant-wp4q8m,HSE Assistant,,,,Ghana,unknown,,,,,,,,,,,,https://www.jobberman.com.gh/listings/hse-assistant-wp4q8m,2026-08-30T16:08:01+00:00
a013d2fcbfbb4bec,jobberman,vice-principal-846jn9,Vice Principal,,,,Ghana,unknown,,,,,,,,,,,,https://www.jobberman.com.gh/listings/vice-principal-846jn9,2026-08-30T16:08:01+00:00
24bb25d2a1d2ea6c,jobberman,waitress-k8j9z2,Waitress,,,,Ghana,unknown,,,,,,,,,,,,https://www.jobberman.com.gh/listings/waitress-k8j9z2,2026-08-30T16:08:01+00:00
20ad32035c7b5885,jobberman,kitchen-assistant-gwx268,Kitchen Assistant,,,,Ghana,unknown,,,,,,,,,,,,https://www.jobberman.com.gh/listings/kitchen-assistant-gwx268,2026-08-30T16:08:01+00:00
cc9fe221154b26b2,jobberman,warehouse-staff-4nkeev,Warehouse Staff,,,,Ghana,unknown,,,,,,,,,,,,https://www.jobberman.com.gh/listings/warehouse-staff-4nkeev,2026-08-30T16:08:01+00:00
5853a146cd8d9d67,jobberman,assistant-time-attendance-r89dxn,Assistant - Time & Attendance,,,,Ghana,unknown,,,,,,,,,,,,https://www.jobberman.com.gh/listings/assistant-time-attendance-r89dxn,2026-08-30T16:08:04+00:00
102d32328acdd1ba,jobberman,human-resources-officer-7w2ke5,Human Resources Officer,,,,Ghana,unknown,,,,,,,,,,,,https://www.jobberman.com.gh/listings/human-resources-officer-7w2ke5,2026-08-30T16:08:04+00:00
c76aaa1952268b26,jobberman,kitchen-assistant-20ezqv,Kitchen Assistant,,,,Ghana,unknown,,,,,,,,,,,,https://www.jobberman.com.gh/listings/kitchen-assistant-20ezqv,2026-08-30T16:08:04+00:00
2073a55f46a26c13,jobberman,group-driver-logistics-driver-q20mj6,Group Driver / Logistics Driver,,,,Ghana,unknown,,,,,,,,,,,,https://www.jobberman.com.gh/listings/group-driver-logistics-driver-q20mj6,2026-08-30T16:08:04+00:00
8745d11597ffd440,jobberman,marketing-officer-07rqx6,Marketing Officer,,,,Ghana,unknown,,,,,,,,,,,,https://www.jobberman.com.gh/listings/marketing-officer-07rqx6,2026-08-30T16:08:04+00:00
840befa47083e12b,jobberman,stores-officer-6dpge6,Stores Officer,,,,Ghana,unknown,,,,,,,,,,,,https://www.jobberman.com.gh/listings/stores-officer-6dpge6,2026-08-30T16:08:04+00:00
06e9dcfa36ddfd65,jobberman,sous-chef-9j7pe5,Sous Chef,,,,Ghana,unknown,,,,,,,,,,,,https://www.jobberman.com.gh/listings/sous-chef-9j7pe5,2026-08-30T16:08:04+00:00
103b1fe38c9534e9,jobberman,project-manager-846qz0,Project Manager,,,,Ghana,unknown,,,,,,,,,,,,https://www.jobberman.com.gh/listings/project-manager-846qz0,2026-08-30T16:08:04+00:00
1e84f3ee6740cd77,jobberman,sales-officer-q2jq2z,Sales Officer,,,,Ghana,unknown,,,,,,,,,,,,https://www.jobberman.com.gh/listings/sales-officer-q2jq2z,2026-08-30T16:08:04+00:00
0ff5de9dde8a51fd,jobberman,sales-coordinator-pmvk4q,Sales Coordinator,,,,Ghana,unknown,,,,,,,,,,,,https://www.jobberman.com.gh/listings/sales-coordinator-pmvk4q,2026-08-30T16:08:04+00:00
28272e4124953d40,jobberman,administrative-officer-9j74p6,Administrative Officer,,,,Ghana,unknown,,,,,,,,,,,,https://www.jobberman.com.gh/listings/administrative-officer-9j74p6,2026-08-30T16:08:04+00:00
4b99cea3749b27dd,jobberman,administrative-assistant-intern-vw8n5k,Administrative Assistant Intern,,,,Ghana,unknown,,,,,,,,,,,,https://www.jobberman.com.gh/listings/administrative-assistant-intern-vw8n5k,2026-08-30T16:08:04+00:00
e23f82f4af7c74ae,jobberman,communications-officer-5djm07,Communications Officer,,,,Ghana,unknown,,,,,,,,,,,,https://www.jobberman.com.gh/listings/communications-officer-5djm07,2026-08-30T16:08:04+00:00
1a0379589d7df226,jobberman,group-handyman-maintenance-technician-07rqek,Group Handyman / Maintenance Technician,,,,Ghana,unknown,,,,,,,,,,,,https://www.jobberman.com.gh/listings/group-handyman-maintenance-technician-07rqek,2026-08-30T16:08:04+00:00
695291186c062e27,jobberman,bilingual-host-receptionist-sandbox-np64m0,Bilingual Host / Receptionist- Sandbox,,,,Ghana,unknown,,,,,,,,,,,,https://www.jobberman.com.gh/listings/bilingual-host-receptionist-sandbox-np64m0,2026-08-30T16:08:04+00:00
aced50daabbd36ce,jobberman,sales-executive-4nkx2e,Sales Executive,,,,Ghana,unknown,,,,,,,,,,,,https://www.jobberman.com.gh/listings/sales-executive-4nkx2e,2026-08-30T16:08:04+00:00
73eb4fba94491252,jobberman,pharmaceutical-service-assistants-2-positions-wp4qd0,Pharmaceutical Service Assistants (2 Positions),,,,Ghana,unknown,,,,,,,,,,,,https://www.jobberman.com.gh/listings/pharmaceutical-service-assistants-2-positions-wp4qd0,2026-08-30T16:08:06+00:00
945a0835d17ab533,jobberman,electrical-engineer-trainee-4nkeg5,Electrical Engineer Trainee,,,,Ghana,unknown,,,,,,,,,,,Other Tech,https://www.jobberman.com.gh/listings/electrical-engineer-trainee-4nkeg5,2026-08-30T16:08:06+00:00
826c29dab3092a7e,jobberman,traditional-chinese-translator-mandarin-np6r5m,Traditional Chinese Translator | Mandarin,,,,Ghana,unknown,,,,,,,,,,,,https://www.jobberman.com.gh/listings/traditional-chinese-translator-mandarin-np6r5m,2026-08-30T16:08:06+00:00
b6dba4c6da43905f,jobberman,driver-zpmg2q,Driver,,,,Ghana,unknown,,,,,,,,,,,,https://www.jobberman.com.gh/listings/driver-zpmg2q,2026-08-30T16:08:06+00:00
0398704ce941bc5c,jobberman,entrepreneurship-officer-9j7pdv,Entrepreneurship Officer,,,,Ghana,unknown,,,,,,,,,,,,https://www.jobberman.com.gh/listings/entrepreneurship-officer-9j7pdv,2026-08-30T16:08:06+00:00
f51b8ca2997f0374,jobberman,school-administrator-vw7mpx,School Administrator,,,,Ghana,unknown,,,,,,,,,,,,https://www.jobberman.com.gh/listings/school-administrator-vw7mpx,2026-08-30T16:08:06+00:00
f25d365d2f410e2f,jobberman,accounts-officer-jq8m44,Accounts Officer,,,,Ghana,unknown,,,,,,,,,,,,https://www.jobberman.com.gh/listings/accounts-officer-jq8m44,2026-08-30T16:08:06+00:00
bdc588d72e68d88a,jobberman,marketing-and-sales-officer-6dp04n,Marketing and Sales Officer,,,,Ghana,unknown,,,,,,,,,,,,https://www.jobberman.com.gh/listings/marketing-and-sales-officer-6dp04n,2026-08-30T16:08:06+00:00
73c0920e5b213d27,jobberman,personal-assistant-xpr4z8,Personal Assistant,,,,Ghana,unknown,,,,,,,,,,,,https://www.jobberman.com.gh/listings/personal-assistant-xpr4z8,2026-08-30T16:08:06+00:00
6294fe2d59a18e13,jobberman,hotel-receptionist-administrative-assistant-20ezjq,Hotel Receptionist / Administrative Assistant,,,,Ghana,unknown,,,,,,,,,,,,https://www.jobberman.com.gh/listings/hotel-receptionist-administrative-assistant-20ezjq,2026-08-30T16:08:06+00:00
136561b6ff9578e7,jobberman,social-studies-rme-teacher-q20pw4,"Social, English and Pre-School Teacher",,,,Ghana,unknown,,,,,,,,,,,,https://www.jobberman.com.gh/listings/social-studies-rme-teacher-q20pw4,2026-08-30T16:08:06+00:00
0db711ad78a09c10,jobberman,house-father-mother-residential-supervisor-9j746w,House Father/ Mother (Residential Supervisor),,,,Ghana,unknown,,,,,,,,,,,,https://www.jobberman.com.gh/listings/house-father-mother-residential-supervisor-9j746w,2026-08-30T16:08:06+00:00
2d601ab0430a1073,jobberman,school-cook-xpr4w8,School Cook,,,,Ghana,unknown,,,,,,,,,,,,https://www.jobberman.com.gh/listings/school-cook-xpr4w8,2026-08-30T16:08:06+00:00
3aebe2e931e6036c,jobberman,science-mathematics-teacher-shs-dept-xpr48m,Science & Mathematics Teacher ( SHS dept ),,,,Ghana,unknown,,,,,,,,,,,,https://www.jobberman.com.gh/listings/science-mathematics-teacher-shs-dept-xpr48m,2026-08-30T16:08:06+00:00
ead2ba4413f44253,jobberman,sales-supervisor-alternative-business-markets-wp4d94,Sales Supervisor (Alternative Business Markets),,,,Ghana,unknown,,,,,,,,,,,,https://www.jobberman.com.gh/listings/sales-supervisor-alternative-business-markets-wp4d94,2026-08-30T16:08:06+00:00
60c01c35644074db,jobberman,chartered-accountant-7w2nrx,Chartered Accountant,,,,Ghana,unknown,,,,,,,,,,,,https://www.jobberman.com.gh/listings/chartered-accountant-7w2nrx,2026-08-30T16:08:06+00:00
2a20648254bfd89e,jobberman,facility-officer-vw8nx8,Facility Officer,,,,Ghana,unknown,,,,,,,,,,,,https://www.jobberman.com.gh/listings/facility-officer-vw8nx8,2026-08-30T16:08:09+00:00
adf5f8840020b26e,jobberman,accountant-6dp078,Accountant,,,,Ghana,unknown,,,,,,,,,,,,https://www.jobberman.com.gh/listings/accountant-6dp078,2026-08-30T16:08:09+00:00
fbfe0ce756b1ff1c,jobberman,corporate-account-audit-officer-7w2k4d,Corporate Account & Audit Officer,,,,Ghana,unknown,,,,,,,,,,,Other Tech,https://www.jobberman.com.gh/listings/corporate-account-audit-officer-7w2k4d,2026-08-30T16:08:09+00:00
e4f36fbb866167aa,jobberman,business-and-accounting-teacher-q2jqwe,Business and Accounting teacher,,,,Ghana,unknown,,,,,,,,,,,,https://www.jobberman.com.gh/listings/business-and-accounting-teacher-q2jqwe,2026-08-30T16:08:09+00:00
5eaa36ee724615a4,jobberman,business-development-officer-avu-lagoon-wi-ghana-npm5px,Business Development Officer - (Avu Lagoon),,,,Ghana,unknown,,,,,,,,,,,,https://www.jobberman.com.gh/listings/business-development-officer-avu-lagoon-wi-ghana-npm5px,2026-08-30T16:08:09+00:00
6b451bb99e57431e,jobberman,sales-advisor-4nzjjv,Sales Advisor,,,,Ghana,unknown,,,,,,,,,,,,https://www.jobberman.com.gh/listings/sales-advisor-4nzjjv,2026-08-30T16:08:09+00:00
3a19636dc18d983a,jobberman,sales-representative-vw826w,Sales Representative,,,,Ghana,unknown,,,,,,,,,,,,https://www.jobberman.com.gh/listings/sales-representative-vw826w,2026-08-30T16:08:09+00:00
a486380df5057c4b,jobberman,preschool-and-kindergarten-teachers-r89dj8,Preschool and Kindergarten Teachers,,,,Ghana,unknown,,,,,,,,,,,,https://www.jobberman.com.gh/listings/preschool-and-kindergarten-teachers-r89dj8,2026-08-30T16:08:09+00:00
d7a6d4ec0be66b9d,jobberman,sous-chef-ev4gq5,Sous Chef,,,,Ghana,unknown,,,,,,,,,,,,https://www.jobberman.com.gh/listings/sous-chef-ev4gq5,2026-08-30T16:08:09+00:00
076c35dcf5b642f6,jobberman,career-counsellor-9j7pz5,Career Counsellor,,,,Ghana,unknown,,,,,,,,,,,,https://www.jobberman.com.gh/listings/career-counsellor-9j7pz5,2026-08-30T16:08:09+00:00
4e71fb8dde381fb8,jobberman,brand-communications-executive-np6rqg,Brand & Communications Executive,,,,Ghana,unknown,,,,,,,,,,,,https://www.jobberman.com.gh/listings/brand-communications-executive-np6rqg,2026-08-30T16:08:09+00:00
c59e2220815e2725,jobberman,jhs-science-teacher-q20p54,JHS Science Teacher,,,,Ghana,unknown,,,,,,,,,,,,https://www.jobberman.com.gh/listings/jhs-science-teacher-q20p54,2026-08-30T16:08:09+00:00
491314ba00bcfadb,jobberman,results-based-management-officer-9je0j8,Results-Based Management Officer,,,,Ghana,unknown,,,,,,,,,,,,https://www.jobberman.com.gh/listings/results-based-management-officer-9je0j8,2026-08-30T16:08:09+00:00
6174588cc3a8bc04,jobberman,project-engineer-ev0dq4,Project Engineer,,,,Ghana,unknown,,,,,,,,,,,Other Tech,https://www.jobberman.com.gh/listings/project-engineer-ev0dq4,2026-08-30T16:08:09+00:00
8cdc177486d122ff,jobberman,programmes-lead-r89gw4,Programmes Lead,,,,Ghana,unknown,,,,,,,,,,,,https://www.jobberman.com.gh/listings/programmes-lead-r89gw4,2026-08-30T16:08:09+00:00
5ab6216899812b95,jobberman,tipper-truck-drivers-20m4xe-v1,Tipper Truck Drivers,,,,Ghana,unknown,,,,,,,,,,,,https://www.jobberman.com.gh/listings/tipper-truck-drivers-20m4xe-v1,2026-08-30T16:08:09+00:00
5b5e101cc1c7112f,jobberman,mathematics-teacher-upper-primary-ev0dr4,Mathematics Teacher - Upper Primary,,,,Ghana,unknown,,,,,,,,,,,,https://www.jobberman.com.gh/listings/mathematics-teacher-upper-primary-ev0dr4,2026-08-30T16:08:13+00:00
53fda7a5b950696c,jobberman,electrical-technician-pmzpgr,Electrical Technician,,,,Ghana,unknown,,,,,,,,,,,,https://www.jobberman.com.gh/listings/electrical-technician-pmzpgr,2026-08-30T16:08:13+00:00
896f04f83ee6baa8,jobberman,it-support-based-in-ghana-07rq9w-v1,It Support (based In Ghana),,,,Ghana,unknown,,,,,,,,,,,IT Support & Networking,https://www.jobberman.com.gh/listings/it-support-based-in-ghana-07rq9w-v1,2026-08-30T16:08:13+00:00
01a4afc6848c6a06,jobberman,teacher-education-support-zpn2pn,Teacher - Education Support,,,,Ghana,unknown,,,,,,,,,,,,https://www.jobberman.com.gh/listings/teacher-education-support-zpn2pn,2026-08-30T16:08:13+00:00
56084701a5eed6f1,jobberman,customer-support-specialist-gh-ev0dwx,Customer Support Specialist Gh,,,,Ghana,unknown,,,,,,,,,,,,https://www.jobberman.com.gh/listings/customer-support-specialist-gh-ev0dwx,2026-08-30T16:08:13+00:00
f61b2204387d41b5,jobberman,client-support-specialist-gh-5dewgr,Client Support Specialist Gh,,,,Ghana,unknown,,,,,,,,,,,,https://www.jobberman.com.gh/listings/client-support-specialist-gh-5dewgr,2026-08-30T16:08:13+00:00
6aa08f9755cd6889,jobberman,smiggle-christmas-support-crew-erina-7wevvg-v1,Smiggle - Christmas Support Crew - Erina,,,,Ghana,unknown,,,,,,,,,,,,https://www.jobberman.com.gh/listings/smiggle-christmas-support-crew-erina-7wevvg-v1,2026-08-30T16:08:13+00:00
d7a8a811b55c972e,jobberman,smiggle-christmas-support-crew-tuggerah-6de77v-v1,Smiggle - Christmas Support Crew - Tuggerah,,,,Ghana,unknown,,,,,,,,,,,,https://www.jobberman.com.gh/listings/smiggle-christmas-support-crew-tuggerah-6de77v-v1,2026-08-30T16:08:13+00:00
41e09aa5bd5c843b,jobberman,consultancy-technical-and-operational-support-to-the-merl-unit-4nkew9-v1,[consultancy] Technical And Operational Support To The Merl Unit,,,,Ghana,unknown,,,,,,,,,,,Other Tech,https://www.jobberman.com.gh/listings/consultancy-technical-and-operational-support-to-the-merl-unit-4nkew9-v1,2026-08-30T16:08:13+00:00
2c5976176ac77efa,jobberman,product-support-and-service-engineer-screening-solutions-5dj7kn-v1,Product Support And Service Engineer - Screening Solutions,,,,Ghana,unknown,,,,,,,,,,,Other Tech,https://www.jobberman.com.gh/listings/product-support-and-service-engineer-screening-solutions-5dj7kn-v1,2026-08-30T16:08:13+00:00
078cf53a96a8a386,jobberman,information-technology-specialist-d78xdj-v1,Information Technology Specialist,,,,Ghana,unknown,,,,,,,,,,,Other Tech,https://www.jobberman.com.gh/listings/information-technology-specialist-d78xdj-v1,2026-08-30T16:08:15+00:00
bb65516daed8039c,jobberman,project-officer-xp0dgq,Project Officer,,,,Ghana,unknown,,,,,,,,,,,,https://www.jobberman.com.gh/listings/project-officer-xp0dgq,2026-08-30T16:08:15+00:00
a4708810216aa24a,jobberman,nanny-9j7pwj-v2,Nanny,,,,Ghana,unknown,,,,,,,,,,,,https://www.jobberman.com.gh/listings/nanny-9j7pwj-v2,2026-08-30T16:08:15+00:00
fde763f11b6ba45b,jobberman,natuonal-service-person-sales-marketing-coordinator-vw7mem,Natuonal Service Person: Sales & Marketing Coordinator,,,,Ghana,unknown,,,,,,,,,,,,https://www.jobberman.com.gh/listings/natuonal-service-person-sales-marketing-coordinator-vw7mem,2026-08-30T16:08:15+00:00
027534afa3a358ef,jobberman,survey-assistant-jqkv8w-v1,Survey Assistant,,,,Ghana,unknown,,,,,,,,,,,,https://www.jobberman.com.gh/listings/survey-assistant-jqkv8w-v1,2026-08-30T16:08:15+00:00
24d4ee0a38037e32,jobberman,sat-tutor-pmzpmr,Sat Tutor,,,,Ghana,unknown,,,,,,,,,,,,https://www.jobberman.com.gh/listings/sat-tutor-pmzpmr,2026-08-30T16:08:15+00:00
9d24759b382ca4d2,jobberman,sampler-k8j942-v1,Sampler,,,,Ghana,unknown,,,,,,,,,,,,https://www.jobberman.com.gh/listings/sampler-k8j942-v1,2026-08-30T16:08:15+00:00
0027862c7d659c4c,jobberman,foreman-crusher-plant-9je0k8,Foreman-crusher Plant,,,,Ghana,unknown,,,,,,,,,,,,https://www.jobberman.com.gh/listings/foreman-crusher-plant-9je0k8,2026-08-30T16:08:15+00:00
d985d3d9bce9d149,jobberman,gre-tutor-npm5xx,Gre Tutor,,,,Ghana,unknown,,,,,,,,,,,,https://www.jobberman.com.gh/listings/gre-tutor-npm5xx,2026-08-30T16:08:17+00:00
e66927013a706a49,jobberman,mathematics-teacher-pmvkzq-v1,Mathematics Teacher,,,,Ghana,unknown,,,,,,,,,,,,https://www.jobberman.com.gh/listings/mathematics-teacher-pmvkzq-v1,2026-08-30T16:08:17+00:00
f643d4ee3ab2d99d,jobberman,chief-of-staff-pmvkgx-v1,Chief Of Staff,,,,Ghana,unknown,,,,,,,,,,,,https://www.jobberman.com.gh/listings/chief-of-staff-pmvkgx-v1,2026-08-30T16:08:17+00:00
c268cc250f2235d6,jobberman,sales-and-marketing-specialist-zpm7jg-v1,Sales And Marketing Specialist,,,,Ghana,unknown,,,,,,,,,,,,https://www.jobberman.com.gh/listings/sales-and-marketing-specialist-zpm7jg-v1,2026-08-30T16:08:17+00:00
051d6050c8a02b8e,jobberman,elementary-school-teacher-84e0z7,Elementary School Teacher,,,,Ghana,unknown,,,,,,,,,,,,https://www.jobberman.com.gh/listings/elementary-school-teacher-84e0z7,2026-08-30T16:08:17+00:00
2eaad5feeb7c5c5a,jobberman,foreman-instrumentation-r89dpn-v1,Foreman-instrumentation,,,,Ghana,unknown,,,,,,,,,,,,https://www.jobberman.com.gh/listings/foreman-instrumentation-r89dpn-v1,2026-08-30T16:08:17+00:00
b2c8a515d753e1e4,jobberman,information-systems-business-analyst-9j7765-v1,Information Systems Business Analyst,,,,Ghana,unknown,,,,,,,,,,,Other Tech,https://www.jobberman.com.gh/listings/information-systems-business-analyst-9j7765-v1,2026-08-30T16:08:17+00:00
0395b8d6dfb49b3c,jobberman,sales-executive-np66mw-v1,Sales Executive,,,,Ghana,unknown,,,,,,,,,,,,https://www.jobberman.com.gh/listings/sales-executive-np66mw-v1,2026-08-30T16:08:17+00:00
6c6a6caea8deed28,jobberman,specialist-business-development-07epkg,Specialist - Business Development,,,,Ghana,unknown,,,,,,,,,,,,https://www.jobberman.com.gh/listings/specialist-business-development-07epkg,2026-08-30T16:08:17+00:00
768bb52671b470ee,jobberman,service-technician-apprentice-7w2nqe-v1,Service Technician Apprentice,,,,Ghana,unknown,,,,,,,,,,,,https://www.jobberman.com.gh/listings/service-technician-apprentice-7w2nqe-v1,2026-08-30T16:08:20+00:00
ce8666b6cb442b9e,jobberman,recruiting-specialist-zpmngn-v1,Recruiting Specialist,,,,Ghana,unknown,,,,,,,,,,,,https://www.jobberman.com.gh/listings/recruiting-specialist-zpmngn-v1,2026-08-30T16:08:20+00:00
548076748e57bb0b,jobberman,tower-crane-operator-9je0m6-v1,Tower Crane Operator,,,,Ghana,unknown,,,,,,,,,,,,https://www.jobberman.com.gh/listings/tower-crane-operator-9je0m6-v1,2026-08-30T16:08:20+00:00
bacd7e0c894a52ca,jobberman,arabic-teacher-4nke29-v1,Arabic Teacher,,,,Ghana,unknown,,,,,,,,,,,,https://www.jobberman.com.gh/listings/arabic-teacher-4nke29-v1,2026-08-30T16:08:20+00:00
1e6be45948762847,jobberman,senior-business-development-manager-wpvmnp,(senior) Business Development Manager,,,,Ghana,unknown,,,,,,,,,,,,https://www.jobberman.com.gh/listings/senior-business-development-manager-wpvmnp,2026-08-30T16:08:20+00:00
283918d6ea17401d,jobberman,youth-director-9j74rp-v1,Youth Director,,,,Ghana,unknown,,,,,,,,,,,,https://www.jobberman.com.gh/listings/youth-director-9j74rp-v1,2026-08-30T16:08:20+00:00
c6a428e3b584dc57,jobberman,human-resources-manager-international-school-vw8nk8-v1,Human Resources Manager - International School,,,,Ghana,unknown,,,,,,,,,,,,https://www.jobberman.com.gh/listings/human-resources-manager-international-school-vw8nk8-v1,2026-08-30T16:08:20+00:00
131372428071e082,jobberman,sales-marketing-executive-vw7mdm,Sales Marketing Executive,,,,Ghana,unknown,,,,,,,,,,,,https://www.jobberman.com.gh/listings/sales-marketing-executive-vw7mdm,2026-08-30T16:08:24+00:00
3b8e4bb45700c999,jobberman,developer-relations-engineer-7wev0m,Developer Relations Engineer,,,,Ghana,unknown,,,,,,,,,,,Software Development,https://www.jobberman.com.gh/listings/developer-relations-engineer-7wev0m,2026-08-30T16:08:24+00:00
afb8edcf04b90f6a,jobberman,special-needs-preschool-teacher-west-legon-zpmqgv-v2,Special Needs Preschool Teacher (west Legon),,,,Ghana,unknown,,,,,,,,,,,,https://www.jobberman.com.gh/listings/special-needs-preschool-teacher-west-legon-zpmqgv-v2,2026-08-30T16:08:24+00:00
fdc238921066fe02,jobberman,french-and-spanish-teacher-d78xnj-v1,French And Spanish Teacher,,,,Ghana,unknown,,,,,,,,,,,,https://www.jobberman.com.gh/listings/french-and-spanish-teacher-d78xnj-v1,2026-08-30T16:08:24+00:00
a0f1c5a2d4e9d065,jobberman,salesperson-zpn28n,Salesperson,,,,Ghana,unknown,,,,,,,,,,,,https://www.jobberman.com.gh/listings/salesperson-zpn28n,2026-08-30T16:08:24+00:00
4fcc168ab60e220f,jobberman,reporter-mg282j,Reporter,,,,Ghana,unknown,,,,,,,,,,,,https://www.jobberman.com.gh/listings/reporter-mg282j,2026-08-30T16:08:24+00:00
44b51fe9fcacf3d4,jobberman,investment-associate-20mp2j,Investment Associate,,,,Ghana,unknown,,,,,,,,,,,,https://www.jobberman.com.gh/listings/investment-associate-20mp2j,2026-08-30T16:08:24+00:00
44d6dcd062de321b,jobberman,junior-swine-technician-9je086,Junior Swine Technician,,,,Ghana,unknown,,,,,,,,,,,,https://www.jobberman.com.gh/listings/junior-swine-technician-9je086,2026-08-30T16:08:24+00:00
7c9c0981720a6c05,jobberman,senior-gp-q2jqdn,Senior Gp,,,,Ghana,unknown,,,,,,,,,,,,https://www.jobberman.com.gh/listings/senior-gp-q2jqdn,2026-08-30T16:08:24+00:00
f4a2db05f1dddf01,jobberman,quality-engineer-plastics-recycling-07redd-v1,Quality Engineer (plastics & Recycling),,,,Ghana,unknown,,,,,,,,,,,Other Tech,https://www.jobberman.com.gh/listings/quality-engineer-plastics-recycling-07redd-v1,2026-08-30T16:08:24+00:00
21dabb35d114601a,jobberman,ghana-thrive-performance-evaluation-consultancy-9je0nx,Ghana Thrive Performance Evaluation Consultancy,,,,Ghana,unknown,,,,,,,,,,,,https://www.jobberman.com.gh/listings/ghana-thrive-performance-evaluation-consultancy-9je0nx,2026-08-30T16:08:27+00:00
635864806d072412,jobberman,technician-br-ghana-takoradi-6de7dg,Technician - Br Ghana (takoradi),,,,Ghana,unknown,,,,,,,,,,,,https://www.jobberman.com.gh/listings/technician-br-ghana-takoradi-6de7dg,2026-08-30T16:08:27+00:00
4bb109f97cd9e10f,jobberman,education-counsellor-uk-ireland-8469p7-v1,Education Counsellor (uk & Ireland),,,,Ghana,unknown,,,,,,,,,,,,https://www.jobberman.com.gh/listings/education-counsellor-uk-ireland-8469p7-v1,2026-08-30T16:08:27+00:00
c1d3d88787dba0e4,jobberman,mentor-and-mentee-applications-zpn2vr-v1,Mentor And Mentee Applications,,,,Ghana,unknown,,,,,,,,,,,,https://www.jobberman.com.gh/listings/mentor-and-mentee-applications-zpn2vr-v1,2026-08-30T16:08:27+00:00
05ca78652bdf460a,jobberman,teacher-career-practitioner-k84m05,Teacher - Career Practitioner,,,,Ghana,unknown,,,,,,,,,,,,https://www.jobberman.com.gh/listings/teacher-career-practitioner-k84m05,2026-08-30T16:08:27+00:00
bd506c9c38c7d383,jobberman,teacher-pmvekm-v2,Teacher,,,,Ghana,unknown,,,,,,,,,,,,https://www.jobberman.com.gh/listings/teacher-pmvekm-v2,2026-08-30T16:08:27+00:00
5094c88deb299ac6,jobberman,expat-structural-engineer-high-rise-residential-projects-npm5gk-v1,Expat Structural Engineer- High Rise Residential Projects,,,,Ghana,unknown,,,,,,,,,,,Other Tech,https://www.jobberman.com.gh/listings/expat-structural-engineer-high-rise-residential-projects-npm5gk-v1,2026-08-30T16:08:32+00:00
267e361c9193fe47,jobberman,sales-marketing-officer-20mpe2-v1,Sales Marketing Officer,,,,Ghana,unknown,,,,,,,,,,,,https://www.jobberman.com.gh/listings/sales-marketing-officer-20mpe2-v1,2026-08-30T16:08:32+00:00
d989fd36d98818b1,jobberman,company-driver-6dp0ep-v1,Company Driver,,,,Ghana,unknown,,,,,,,,,,,,https://www.jobberman.com.gh/listings/company-driver-6dp0ep-v1,2026-08-30T16:08:32+00:00
a509b11dc525b870,jobberman,transport-officer-4nkep8-v1,Transport Officer,,,,Ghana,unknown,,,,,,,,,,,,https://www.jobberman.com.gh/listings/transport-officer-4nkep8-v1,2026-08-30T16:08:32+00:00
b5e697eb2c312a11,jobberman,import-export-specialist-zpmgrk-v1,Import Export Specialist,,,,Ghana,unknown,,,,,,,,,,,,https://www.jobberman.com.gh/listings/import-export-specialist-zpmgrk-v1,2026-08-30T16:08:32+00:00
c225e0a9df1c1b76,jobberman,junior-stores-officer-pmzpww-v1,Junior Stores Officer,,,,Ghana,unknown,,,,,,,,,,,,https://www.jobberman.com.gh/listings/junior-stores-officer-pmzpww-v1,2026-08-30T16:08:32+00:00
5ed64a57694ed93d,jobberman,muti-lingual-front-office-executive-ev4g0k-v1,Muti-lingual Front Office Executive,,,,Ghana,unknown,,,,,,,,,,,,https://www.jobberman.com.gh/listings/muti-lingual-front-office-executive-ev4g0k-v1,2026-08-30T16:08:35+00:00
a35b8f38584db71c,jobberman,marketing-manager-np6r7w-v1,Marketing Manager,,,,Ghana,unknown,,,,,,,,,,,,https://www.jobberman.com.gh/listings/marketing-manager-np6r7w-v1,2026-08-30T16:08:35+00:00
04a37645115e0cd0,jobberman,driver-zpn24r-v1,Driver,,,,Ghana,unknown,,,,,,,,,,,,https://www.jobberman.com.gh/listings/driver-zpn24r-v1,2026-08-30T16:08:35+00:00
27687b6410bf921a,jobberman,tiktok-live-producer-6dp00v-v1,Tiktok Live Producer,,,,Ghana,unknown,,,,,,,,,,,,https://www.jobberman.com.gh/listings/tiktok-live-producer-6dp00v-v1,2026-08-30T16:08:35+00:00
d05efd06ba2c47f3,jobberman,head-teacher-q20p07-v1,Head Teacher,,,,Ghana,unknown,,,,,,,,,,,,https://www.jobberman.com.gh/listings/head-teacher-q20p07-v1,2026-08-30T16:08:35+00:00
56b14268394d61aa,jobberman,motor-rider-20mpm2-v1,Motor Rider,,,,Ghana,unknown,,,,,,,,,,,,https://www.jobberman.com.gh/listings/motor-rider-20mpm2-v1,2026-08-30T16:08:55+00:00
860d2e282b50a550,jobberman,forklift-operator-d78xqw-v1,Forklift Operator,,,,Ghana,unknown,,,,,,,,,,,,https://www.jobberman.com.gh/listings/forklift-operator-d78xqw-v1,2026-08-30T16:08:55+00:00
77e77d6f2926c3d4,jobberman,sales-executive-it-solutions-office-equipment-r8p26j,Sales Executive (it Solutions & Office Equipment),,,,Ghana,unknown,,,,,,,,,,,,https://www.jobberman.com.gh/listings/sales-executive-it-solutions-office-equipment-r8p26j,2026-08-30T16:08:55+00:00
62529516292259de,jobberman,business-manager-logistics-freight-forwarding-ev4g8v-v1,"Business Manager (logistics, Freight Forwarding)",,,,Ghana,unknown,,,,,,,,,,,,https://www.jobberman.com.gh/listings/business-manager-logistics-freight-forwarding-ev4g8v-v1,2026-08-30T16:08:55+00:00
3b5abefefbfc0566,jobberman,directorsenior-manager-food-agribusiness-07reqg-v1,Director/senior Manager - Food & Agribusiness,,,,Ghana,unknown,,,,,,,,,,,,https://www.jobberman.com.gh/listings/directorsenior-manager-food-agribusiness-07reqg-v1,2026-08-30T16:08:55+00:00
96b0440629c60755,jobberman,drafter-mg2842-v1,Drafter,,,,Ghana,unknown,,,,,,,,,,,,https://www.jobberman.com.gh/listings/drafter-mg2842-v1,2026-08-30T16:08:57+00:00
f4b2f96b4182e324,jobberman,recruitment-manager-zpmndk-v1,Recruitment Manager,,,,Ghana,unknown,,,,,,,,,,,,https://www.jobberman.com.gh/listings/recruitment-manager-zpmndk-v1,2026-08-30T16:08:57+00:00
f9adbf7a14a1fd72,jobberman,graduate-trainee-gwn5p0,Graduate Trainee,,,,Ghana,unknown,,,,,,,,,,,,https://www.jobberman.com.gh/listings/graduate-trainee-gwn5p0,2026-08-30T16:08:57+00:00
91a5c272744c7c68,jobberman,classroom-facilitator-intern-zpmggr-v1,Classroom Facilitator (intern),,,,Ghana,unknown,,,,,,,,,,,,https://www.jobberman.com.gh/listings/classroom-facilitator-intern-zpmggr-v1,2026-08-30T16:08:57+00:00
83f416cffcb4192a,jobberman,finance-and-accounting-manager-zpmgw8-v1,Finance And Accounting Manager,,,,Ghana,unknown,,,,,,,,,,,,https://www.jobberman.com.gh/listings/finance-and-accounting-manager-zpmgw8-v1,2026-08-30T16:08:57+00:00
5f38b7d8cabce179,jobberman,medical-officers-5dj7nx-v1,Medical Officers,,,,Ghana,unknown,,,,,,,,,,,,https://www.jobberman.com.gh/listings/medical-officers-5dj7nx-v1,2026-08-30T16:09:00+00:00
701b635236e411da,jobberman,housekeepers-and-cleaners-needed-7w22pd-v1,Housekeepers And Cleaners Needed,,,,Ghana,unknown,,,,,,,,,,,,https://www.jobberman.com.gh/listings/housekeepers-and-cleaners-needed-7w22pd-v1,2026-08-30T16:09:00+00:00
dae88f264501092e,jobberman,business-development-officer-bdo-accra-5dj796-v1,Business Development Officer (bdo) - Accra,,,,Ghana,unknown,,,,,,,,,,,,https://www.jobberman.com.gh/listings/business-development-officer-bdo-accra-5dj796-v1,2026-08-30T16:09:00+00:00
daf0291a0c885b7d,jobberman,trainer-mg2zzg-v1,Trainer,,,,Ghana,unknown,,,,,,,,,,,,https://www.jobberman.com.gh/listings/trainer-mg2zzg-v1,2026-08-30T16:09:00+00:00
a41248cf6daec116,jobberman,sr-spl-sourcing-07rmmz-v1,Sr Spl Sourcing,,,,Ghana,unknown,,,,,,,,,,,,https://www.jobberman.com.gh/listings/sr-spl-sourcing-07rmmz-v1,2026-08-30T16:09:00+00:00
a7ac24827ee288af,jobberman,principal-wp4qdz-v1,Principal,,,,Ghana,unknown,,,,,,,,,,,,https://www.jobberman.com.gh/listings/principal-wp4qdz-v1,2026-08-30T16:09:00+00:00
d0dfff5decb9ca7c,jobberman,board-member-legal-governance-zpn2jx,Board Member – Legal & Governance,,,,Ghana,unknown,,,,,,,,,,,,https://www.jobberman.com.gh/listings/board-member-legal-governance-zpn2jx,2026-08-30T16:09:00+00:00
b5bd5ea00bce3369,jobberman,chief-financial-officer-pmzp0r,Chief Financial Officer,,,,Ghana,unknown,,,,,,,,,,,,https://www.jobberman.com.gh/listings/chief-financial-officer-pmzp0r,2026-08-30T16:09:00+00:00
64c71ff9badd67ea,jobberman,front-desk-representative-9j7d8x-v2,Front Desk Representative,,,,Ghana,unknown,,,,,,,,,,,,https://www.jobberman.com.gh/listings/front-desk-representative-9j7d8x-v2,2026-08-30T16:09:00+00:00
701c1e31d416eb8a,jobberman,senior-internal-audit-assistant-pmvn92-v2,Senior Internal Audit Assistant,,,,Ghana,unknown,,,,,,,,,,,,https://www.jobberman.com.gh/listings/senior-internal-audit-assistant-pmvn92-v2,2026-08-30T16:09:00+00:00
b95f40a207553623,jobberman,teacher-mathematics-6dpg57-v2,Teacher - Mathematics,,,,Ghana,unknown,,,,,,,,,,,,https://www.jobberman.com.gh/listings/teacher-mathematics-6dpg57-v2,2026-08-30T16:09:00+00:00
aa808c39018987a0,jobberman,mcf-associates-07epdx,Mcf Associates,,,,Ghana,unknown,,,,,,,,,,,,https://www.jobberman.com.gh/listings/mcf-associates-07epdx,2026-08-30T16:09:00+00:00
13f9ca404c56d039,jobberman,national-service-fon-packaging-roles-6dp0nd-v1,National Service - Fon Packaging Roles,,,,Ghana,unknown,,,,,,,,,,,,https://www.jobberman.com.gh/listings/national-service-fon-packaging-roles-6dp0nd-v1,2026-08-30T16:09:03+00:00
3de5c354bbfe83cc,jobberman,electrical-technician-winders-846en4-v2,Electrical Technician – Winders,,,,Ghana,unknown,,,,,,,,,,,,https://www.jobberman.com.gh/listings/electrical-technician-winders-846en4-v2,2026-08-30T16:09:03+00:00
4fc72a46dc208ca8,jobberman,export-customer-service-supervisor-gwx2jn-v1,Export Customer Service Supervisor,,,,Ghana,unknown,,,,,,,,,,,,https://www.jobberman.com.gh/listings/export-customer-service-supervisor-gwx2jn-v1,2026-08-30T16:09:03+00:00
ec34964b2d618966,jobberman,merchandiser-20mm5e-v3,Merchandiser,,,,Ghana,unknown,,,,,,,,,,,,https://www.jobberman.com.gh/listings/merchandiser-20mm5e-v3,2026-08-30T16:09:03+00:00
252886faac62b902,jobberman,registered-nurse-rn-case-manager-6dp0wp-v1,Registered Nurse - Rn Case Manager,,,,Ghana,unknown,,,,,,,,,,,,https://www.jobberman.com.gh/listings/registered-nurse-rn-case-manager-6dp0wp-v1,2026-08-30T16:09:03+00:00
2944b8c10c5fad2a,jobberman,b2b-sales-manager-r89dgn-v1,B2b Sales Manager,,,,Ghana,unknown,,,,,,,,,,,,https://www.jobberman.com.gh/listings/b2b-sales-manager-r89dgn-v1,2026-08-30T16:09:03+00:00
d2f7776e4cd61eba,jobberman,electrical-technician-underground-vw87m8-v2,Electrical Technician – Underground,,,,Ghana,unknown,,,,,,,,,,,,https://www.jobberman.com.gh/listings/electrical-technician-underground-vw87m8-v2,2026-08-30T16:09:03+00:00
cf2ee57ea3344b69,jobberman,forklift-operator-np6ejg-v1,Forklift Operator,,,,Ghana,unknown,,,,,,,,,,,,https://www.jobberman.com.gh/listings/forklift-operator-np6ejg-v1,2026-08-30T16:09:05+00:00
e159858e74c77bc2,jobberman,credit-control-and-collections-officer-real-estates-financial-services-mgxm5z-v1,Credit Control And Collections Officer-real Estates/ Financial Services,,,,Ghana,unknown,,,,,,,,,,,,https://www.jobberman.com.gh/listings/credit-control-and-collections-officer-real-estates-financial-services-mgxm5z-v1,2026-08-30T16:09:05+00:00
5bcdb3ecb049f523,jobberman,logistics-manager-np6rjr-v1,Logistics Manager,,,,Ghana,unknown,,,,,,,,,,,,https://www.jobberman.com.gh/listings/logistics-manager-np6rjr-v1,2026-08-30T16:09:05+00:00
12f1a8c03e5a7e22,jobberman,rubber-liner-process-plant-d78vvg-v2,Rubber Liner – Process Plant,,,,Ghana,unknown,,,,,,,,,,,,https://www.jobberman.com.gh/listings/rubber-liner-process-plant-d78vvg-v2,2026-08-30T16:09:05+00:00
d35e11e5fd111172,jobberman,operator-vent-fans-fridge-plant-6dpexj-v2,Operator – Vent Fans & Fridge Plant,,,,Ghana,unknown,,,,,,,,,,,,https://www.jobberman.com.gh/listings/operator-vent-fans-fridge-plant-6dpexj-v2,2026-08-30T16:09:05+00:00
881475617438cdba,jobberman,teacher-science-jqkv68-v1,Teacher - Science,,,,Ghana,unknown,,,,,,,,,,,,https://www.jobberman.com.gh/listings/teacher-science-jqkv68-v1,2026-08-30T16:09:05+00:00
a709d245aad01bc5,jobberman,face-deduplication-collection-freelance-6dp0rj-v1,Face Deduplication Collection (freelance),,,,Ghana,unknown,,,,,,,,,,,,https://www.jobberman.com.gh/listings/face-deduplication-collection-freelance-6dp0rj-v1,2026-08-30T16:09:05+00:00
121a47b38d9da8a7,jobberman,accountant-office-manager-d7vr7g,Accountant & Office Manager,,,,Ghana,unknown,,,,,,,,,,,,https://www.jobberman.com.gh/listings/accountant-office-manager-d7vr7g,2026-08-30T16:09:05+00:00
c8373946aee10cf9,jobberman,social-media-manager-intern-d7vrw7-v1,Social Media Manager Intern,,,,Ghana,unknown,,,,,,,,,,,,https://www.jobberman.com.gh/listings/social-media-manager-intern-d7vrw7-v1,2026-08-30T16:09:05+00:00
b2908f6bd7ff2a9d,jobberman,outsourcing-staffing-specialist-r89954-v1,Outsourcing & Staffing Specialist,,,,Ghana,unknown,,,,,,,,,,,,https://www.jobberman.com.gh/listings/outsourcing-staffing-specialist-r89954-v1,2026-08-30T16:09:09+00:00
a3518a08bc2935c8,jobberman,teacher-digital-technology-9je006-v1,Teacher - Digital Technology,,,,Ghana,unknown,,,,,,,,,,,,https://www.jobberman.com.gh/listings/teacher-digital-technology-9je006-v1,2026-08-30T16:09:09+00:00
875e2215159b6607,jobberman,teacher-secondary-generalist-big-picture-jq8mj4-v1,Teacher - Secondary Generalist - Big Picture,,,,Ghana,unknown,,,,,,,,,,,Other Tech,https://www.jobberman.com.gh/listings/teacher-secondary-generalist-big-picture-jq8mj4-v1,2026-08-30T16:09:09+00:00
4d1117e54774302c,jobberman,sales-manager-ghana-mf-ev40qz-v1,Sales Manager Ghana (m/f),,,,Ghana,unknown,,,,,,,,,,,,https://www.jobberman.com.gh/listings/sales-manager-ghana-mf-ev40qz-v1,2026-08-30T16:09:09+00:00
4b698a2b812301b1,jobberman,head-of-debt-working-capital-07rmjm-v1,Head Of Debt & Working Capital,,,,Ghana,unknown,,,,,,,,,,,,https://www.jobberman.com.gh/listings/head-of-debt-working-capital-07rmjm-v1,2026-08-30T16:09:09+00:00
ab433f6bc0e83cc0,jobberman,sales-manager-vivago-ghana-market-mf-7wevwn,Sales Manager – Vivago Ghana Market (m/f),,,,Ghana,unknown,,,,,,,,,,,,https://www.jobberman.com.gh/listings/sales-manager-vivago-ghana-market-mf-7wevwn,2026-08-30T16:09:09+00:00
cb5520624e40e8b6,jobberman,chef-4nzj0r,Chef,,,,Ghana,unknown,,,,,,,,,,,,https://www.jobberman.com.gh/listings/chef-4nzj0r,2026-08-30T16:09:09+00:00
5f9131b2376dabfa,jobberman,interior-designer-9j77jj-v1,Interior Designer,,,,Ghana,unknown,,,,,,,,,,,,https://www.jobberman.com.gh/listings/interior-designer-9j77jj-v1,2026-08-30T16:09:09+00:00
d71223624591f4da,jobberman,medical-counter-assistant-mca-k8j2zm-v2,Medical Counter Assistant (mca),,,,Ghana,unknown,,,,,,,,,,,,https://www.jobberman.com.gh/listings/medical-counter-assistant-mca-k8j2zm-v2,2026-08-30T16:09:09+00:00
9990f8bd1c192f9a,jobberman,private-chef-zpmgzd-v1,Private Chef,,,,Ghana,unknown,,,,,,,,,,,,https://www.jobberman.com.gh/listings/private-chef-zpmgzd-v1,2026-08-30T16:09:09+00:00
728d2e4d553dfcc7,jobberman,office-assistant-ev0d59-v1,Office Assistant,,,,Ghana,unknown,,,,,,,,,,,,https://www.jobberman.com.gh/listings/office-assistant-ev0d59-v1,2026-08-30T16:09:09+00:00
f8b896a56cae0312,jobberman,ice-skating-instructor-6de7rz,Ice Skating Instructor,,,,Ghana,unknown,,,,,,,,,,,,https://www.jobberman.com.gh/listings/ice-skating-instructor-6de7rz,2026-08-30T16:09:13+00:00
0eabd85243356a95,jobberman,digital-marketer-shop-gwxxve-v1,Digital Marketer (shop),,,,Ghana,unknown,,,,,,,,,,,,https://www.jobberman.com.gh/listings/digital-marketer-shop-gwxxve-v1,2026-08-30T16:09:13+00:00
4f8fb83c2f6e69f3,jobberman,robotics-ai-educator-20mpkp-v1,Robotics & Ai Educator,,,,Ghana,unknown,,,,,,,,,,,Data & AI,https://www.jobberman.com.gh/listings/robotics-ai-educator-20mpkp-v1,2026-08-30T16:09:13+00:00
9b3ed273c7f00161,jobberman,estate-officer-7w2eme-v1,Estate Officer,,,,Ghana,unknown,,,,,,,,,,,,https://www.jobberman.com.gh/listings/estate-officer-7w2eme-v1,2026-08-30T16:09:13+00:00
2e828537fba1b5a8,jobberman,sales-and-marketing-manager-pmvkkw-v1,Sales And Marketing Manager,,,,Ghana,unknown,,,,,,,,,,,,https://www.jobberman.com.gh/listings/sales-and-marketing-manager-pmvkkw-v1,2026-08-30T16:09:13+00:00
2102af0412a4818e,jobberman,digital-marketing-specialist-pmvkvq-v1,Digital Marketing Specialist,,,,Ghana,unknown,,,,,,,,,,,,https://www.jobberman.com.gh/listings/digital-marketing-specialist-pmvkvq-v1,2026-08-30T16:09:13+00:00
317eb3b867026c3c,jobberman,trade-finance-origination-principal-africa-np66p9-v1,Trade Finance Origination Principal – Africa,,,,Ghana,unknown,,,,,,,,,,,,https://www.jobberman.com.gh/listings/trade-finance-origination-principal-africa-np66p9-v1,2026-08-30T16:09:13+00:00
16e4a32c88d18aa5,jobberman,duty-manager-hospitality-hotel-concept-apartments-20mmne-v1,Duty Manager (hospitality - Hotel Concept Apartments),,,,Ghana,unknown,,,,,,,,,,,,https://www.jobberman.com.gh/listings/duty-manager-hospitality-hotel-concept-apartments-20mmne-v1,2026-08-30T16:09:13+00:00
8d6051e11abf4344,jobberman,duty-manager-hotel-concept-apartments-846qrr-v1,Duty Manager (hotel Concept Apartments),,,,Ghana,unknown,,,,,,,,,,,,https://www.jobberman.com.gh/listings/duty-manager-hotel-concept-apartments-846qrr-v1,2026-08-30T16:09:13+00:00
b4025d7f77944e57,jobberman,artist-residency-2026-4nken2-v1,Artist Residency 2026,,,,Ghana,unknown,,,,,,,,,,,,https://www.jobberman.com.gh/listings/artist-residency-2026-4nken2-v1,2026-08-30T16:09:13+00:00
c316a975cc194d5f,jobberman,senior-assistant-development-officer-jqk8qz-v2,Senior Assistant Development Officer,,,,Ghana,unknown,,,,,,,,,,,,https://www.jobberman.com.gh/listings/senior-assistant-development-officer-jqk8qz-v2,2026-08-30T16:09:13+00:00
c3ac5336193cf304,jobberman,health-safety-specialist-07ep8x,Health & Safety Specialist,,,,Ghana,unknown,,,,,,,,,,,,https://www.jobberman.com.gh/listings/health-safety-specialist-07ep8x,2026-08-30T16:09:13+00:00
26a0a59bb0ffac05,jobberman,health-safety-specialist-vw7m9m,Health & Safety Specialist,,,,Ghana,unknown,,,,,,,,,,,,https://www.jobberman.com.gh/listings/health-safety-specialist-vw7m9m,2026-08-30T16:09:13+00:00
b505b1dfa5266ddd,jobberman,brand-manager-6dpp26-v1,Brand Manager,,,,Ghana,unknown,,,,,,,,,,,,https://www.jobberman.com.gh/listings/brand-manager-6dpp26-v1,2026-08-30T16:09:13+00:00
78b1f00a1f93d0fd,jobberman,human-resource-manager-07r4qe-v2,Human Resource Manager,,,,Ghana,unknown,,,,,,,,,,,,https://www.jobberman.com.gh/listings/human-resource-manager-07r4qe-v2,2026-08-30T16:09:17+00:00
f3c9e301b6db52d6,jobberman,furniture-production-manager-9j7470-v1,Furniture Production Manager,,,,Ghana,unknown,,,,,,,,,,,,https://www.jobberman.com.gh/listings/furniture-production-manager-9j7470-v1,2026-08-30T16:09:17+00:00
b7ef9d8f7fe622b0,jobberman,campus-lead-5dj7r2-v1,Campus Lead,,,,Ghana,unknown,,,,,,,,,,,,https://www.jobberman.com.gh/listings/campus-lead-5dj7r2-v1,2026-08-30T16:09:17+00:00
0e48f8aea1b2dcaa,jobberman,western-steel-sales-officer-6de7qg,Western Steel Sales Officer,,,,Ghana,unknown,,,,,,,,,,,,https://www.jobberman.com.gh/listings/western-steel-sales-officer-6de7qg,2026-08-30T16:09:17+00:00
fbb5f037b2e3ce5b,jobberman,head-of-underground-mining-q20jnn-v1,Head Of Underground Mining,,,,Ghana,unknown,,,,,,,,,,,,https://www.jobberman.com.gh/listings/head-of-underground-mining-q20jnn-v1,2026-08-30T16:09:17+00:00
637ff6fb6dc72ace,jobberman,head-of-mine-operations-7w2eqg-v1,Head Of Mine Operations,,,,Ghana,unknown,,,,,,,,,,,,https://www.jobberman.com.gh/listings/head-of-mine-operations-7w2eqg-v1,2026-08-30T16:09:17+00:00
3cac751f90e7916f,jobberman,senior-sales-consultant-q20pnk-v1,Senior Sales Consultant,,,,Ghana,unknown,,,,,,,,,,,,https://www.jobberman.com.gh/listings/senior-sales-consultant-q20pnk-v1,2026-08-30T16:09:17+00:00
06f7180a57ed74f6,jobberman,underground-mine-manager-pmvz9w-v1,Underground Mine Manager,,,,Ghana,unknown,,,,,,,,,,,,https://www.jobberman.com.gh/listings/underground-mine-manager-pmvz9w-v1,2026-08-30T16:09:17+00:00
7314dca6fead803f,jobberman,dispatch-rider-vw80nw-v2,Dispatch Rider,,,,Ghana,unknown,,,,,,,,,,,,https://www.jobberman.com.gh/listings/dispatch-rider-vw80nw-v2,2026-08-30T16:09:17+00:00
b1c2126d9a743449,jobberman,finance-officer-mg28n6-v1,Finance Officer,,,,Ghana,unknown,,,,,,,,,,,,https://www.jobberman.com.gh/listings/finance-officer-mg28n6-v1,2026-08-30T16:09:17+00:00
c13a1b461b3ef262,jobberman,sales-and-marketing-representative-5dewd0,Sales And Marketing Representative,,,,Ghana,unknown,,,,,,,,,,,,https://www.jobberman.com.gh/listings/sales-and-marketing-representative-5dewd0,2026-08-30T16:09:17+00:00
9c2dddd3a302cacd,jobberman,professional-cook-7w2nze-v1,Professional Cook,,,,Ghana,unknown,,,,,,,,,,,,https://www.jobberman.com.gh/listings/professional-cook-7w2nze-v1,2026-08-30T16:09:17+00:00
16de45619ed2019b,jobberman,life-insurance-agent-20ezkv,Life Insurance Agent,,,,Ghana,unknown,,,,,,,,,,,,https://www.jobberman.com.gh/listings/life-insurance-agent-20ezkv,2026-08-30T16:09:17+00:00
448f2e5776380481,jobberman,general-manager-mining-vw87rx,General Manager – Mining,,,,Ghana,unknown,,,,,,,,,,,,https://www.jobberman.com.gh/listings/general-manager-mining-vw87rx,2026-08-30T16:09:20+00:00
ed7bdf87379fa66f,jobberman,mine-manager-underground-20mevq,Mine Manager – Underground,,,,Ghana,unknown,,,,,,,,,,,,https://www.jobberman.com.gh/listings/mine-manager-underground-20mevq,2026-08-30T16:09:20+00:00
9f5f0b48fae7945b,jobberman,sales-representative-accra-jqkvkw-v1,Sales Representative - Accra,,,,Ghana,unknown,,,,,,,,,,,,https://www.jobberman.com.gh/listings/sales-representative-accra-jqkvkw-v1,2026-08-30T16:09:20+00:00
f49bbd1e0810c625,jobberman,car-sales-executive-xp0dk4,Car Sales Executive,,,,Ghana,unknown,,,,,,,,,,,,https://www.jobberman.com.gh/listings/car-sales-executive-xp0dk4,2026-08-30T16:09:20+00:00
e718fd32839c52b6,jobberman,executive-chef-chef-de-partie-6dpewv-v1,Executive Chef / Chef De Partie,,,,Ghana,unknown,,,,,,,,,,,,https://www.jobberman.com.gh/listings/executive-chef-chef-de-partie-6dpewv-v1,2026-08-30T16:09:20+00:00
8f8df23cbe2f6be4,jobberman,business-unit-head-pss08076-mg28zz-v1,Business Unit Head (pss08076),,,,Ghana,unknown,,,,,,,,,,,,https://www.jobberman.com.gh/listings/business-unit-head-pss08076-mg28zz-v1,2026-08-30T16:09:20+00:00
0ff2a76400027193,jobberman,maintenance-manager-np68zr-v3,Maintenance Manager,,,,Ghana,unknown,,,,,,,,,,,,https://www.jobberman.com.gh/listings/maintenance-manager-np68zr-v3,2026-08-30T16:09:20+00:00
3b7ecd0516dc37f3,jobberman,project-management-specialist-d78xvm-v1,Project Management Specialist,,,,Ghana,unknown,,,,,,,,,,,,https://www.jobberman.com.gh/listings/project-management-specialist-d78xvm-v1,2026-08-30T16:09:20+00:00
aeb79d831506ff82,jobberman,security-officer-gwn5q2-v1,Security Officer,,,,Ghana,unknown,,,,,,,,,,,,https://www.jobberman.com.gh/listings/security-officer-gwn5q2-v1,2026-08-30T16:09:20+00:00
e8249231cd026cf0,jobberman,project-manager-fruit-processing-20m4qk-v1,Project Manager – Fruit Processing,,,,Ghana,unknown,,,,,,,,,,,,https://www.jobberman.com.gh/listings/project-manager-fruit-processing-20m4qk-v1,2026-08-30T16:09:20+00:00
f5b8b7b41a6c0b9a,jobberman,territory-sales-manager-mj002141-d78x7r-v1,Territory Sales Manager (mj002141),,,,Ghana,unknown,,,,,,,,,,,,https://www.jobberman.com.gh/listings/territory-sales-manager-mj002141-d78x7r-v1,2026-08-30T16:09:23+00:00
7fadb34b067b9082,jobberman,senior-assistant-internal-auditor-mg2xg6-v2,Senior Assistant Internal Auditor,,,,Ghana,unknown,,,,,,,,,,,,https://www.jobberman.com.gh/listings/senior-assistant-internal-auditor-mg2xg6-v2,2026-08-30T16:09:23+00:00
a716df8ea95243e0,jobberman,transport-specialist-20ezzq-v1,Transport Specialist,,,,Ghana,unknown,,,,,,,,,,,,https://www.jobberman.com.gh/listings/transport-specialist-20ezzq-v1,2026-08-30T16:09:23+00:00
33c0a0d67737578c,jobberman,sales-representative-gh-vw7mz5,Sales Representative Gh,,,,Ghana,unknown,,,,,,,,,,,,https://www.jobberman.com.gh/listings/sales-representative-gh-vw7mz5,2026-08-30T16:09:23+00:00
7b859f0de0c50d64,jobberman,-gwxne2-v1,高级销售代表,,,,Ghana,unknown,,,,,,,,,,,,https://www.jobberman.com.gh/listings/-gwxne2-v1,2026-08-30T16:09:23+00:00
84861bca16cf8d1b,jobberman,teacher-primary-ev46x6-v1,Teacher - Primary,,,,Ghana,unknown,,,,,,,,,,,,https://www.jobberman.com.gh/listings/teacher-primary-ev46x6-v1,2026-08-30T16:09:23+00:00
14d4ee9ae882b326,jobberman,sales-and-marketing-ugc-creatorgrwm-07rm8e-v1,Sales And Marketing Ugc Creator/grwm,,,,Ghana,unknown,,,,,,,,,,,,https://www.jobberman.com.gh/listings/sales-and-marketing-ugc-creatorgrwm-07rm8e-v1,2026-08-30T16:09:23+00:00
2e825248d53e839f,jobberman,security-guard-6dppd7-v2,Security Guard,,,,Ghana,unknown,,,,,,,,,,,,https://www.jobberman.com.gh/listings/security-guard-6dppd7-v2,2026-08-30T16:09:23+00:00
e3547d5fe4c53ddc,jobberman,sales-officer-wp457z-v2,Sales Officer,,,,Ghana,unknown,,,,,,,,,,,,https://www.jobberman.com.gh/listings/sales-officer-wp457z-v2,2026-08-30T16:09:25+00:00
4d570a7210557bfc,jobberman,cci-recruitment-2026-notification-out-apply-now-for-15-posts-k84m5m-v1,Cci Recruitment 2026 Notification Out – Apply Now For 15 Posts,,,,Ghana,unknown,,,,,,,,,,,,https://www.jobberman.com.gh/listings/cci-recruitment-2026-notification-out-apply-now-for-15-posts-k84m5m-v1,2026-08-30T16:09:25+00:00
8771580835a46351,jobberman,chainsaw-operators-pmvzjp-v2,Chainsaw Operators,,,,Ghana,unknown,,,,,,,,,,,,https://www.jobberman.com.gh/listings/chainsaw-operators-pmvzjp-v2,2026-08-30T16:09:25+00:00
f4839e709d5231f6,jobberman,reservations-agent-np6rzz-v1,Reservations Agent,,,,Ghana,unknown,,,,,,,,,,,,https://www.jobberman.com.gh/listings/reservations-agent-np6rzz-v1,2026-08-30T16:09:25+00:00
76de24f72f387329,jobberman,commercial-manager-west-africa-q2jq4n-v1,Commercial Manager - West Africa,,,,Ghana,unknown,,,,,,,,,,,,https://www.jobberman.com.gh/listings/commercial-manager-west-africa-q2jq4n-v1,2026-08-30T16:09:29+00:00
d4ec752e34bc1194,jobberman,physiotherapist-4nkez5,Physiotherapist,,,,Ghana,unknown,,,,,,,,,,,,https://www.jobberman.com.gh/listings/physiotherapist-4nkez5,2026-08-30T16:09:42+00:00
1bc3286eaa3c65aa,jobberman,purchasing-officer-9j74v0,Purchasing Officer,,,,Ghana,unknown,,,,,,,,,,,,https://www.jobberman.com.gh/listings/purchasing-officer-9j74v0,2026-08-30T16:09:42+00:00
31d8fcbe7b3a8832,jobberman,finance-officer-q20mkj,Finance Officer,,,,Ghana,unknown,,,,,,,,,,,,https://www.jobberman.com.gh/listings/finance-officer-q20mkj,2026-08-30T16:09:42+00:00
573c37fe0779dfca,jobberman,quality-control-officer-20mp62,Quality Control Officer,,,,Ghana,unknown,,,,,,,,,,,,https://www.jobberman.com.gh/listings/quality-control-officer-20mp62,2026-08-30T16:09:42+00:00
c121eb5e98756c48,jobberman,people-operations-officer-xpr5rn,People Operations Officer,,,,Ghana,unknown,,,,,,,,,,,,https://www.jobberman.com.gh/listings/people-operations-officer-xpr5rn,2026-08-30T16:09:42+00:00
5a8b95114959641a,jobberman,credit-field-officer-ev464d,Credit and Recovery Officer,,,,Ghana,unknown,,,,,,,,,,,,https://www.jobberman.com.gh/listings/credit-field-officer-ev464d,2026-08-30T16:09:42+00:00
1ded75751f9f325e,jobberman,human-resources-admin-officer-6dpgw6,Human Resources & Admin Officer,,,,Ghana,unknown,,,,,,,,,,,,https://www.jobberman.com.gh/listings/human-resources-admin-officer-6dpgw6,2026-08-30T16:09:45+00:00
691a3587db6f4f4d,jobberman,sales-manager-jqkvxz,Sales Manager,,,,Ghana,unknown,,,,,,,,,,,,https://www.jobberman.com.gh/listings/sales-manager-jqkvxz,2026-08-30T16:09:45+00:00
3ad0d50faf99e029,jobberman,trainee-accountant-intern-r89gm2,Trainee Accountant (Intern),,,,Ghana,unknown,,,,,,,,,,,,https://www.jobberman.com.gh/listings/trainee-accountant-intern-r89gm2,2026-08-30T16:09:45+00:00
b791225f5e8fce80,jobberman,senior-property-sales-executive-zpmgjk,Senior Property Sales Executive,,,,Ghana,unknown,,,,,,,,,,,,https://www.jobberman.com.gh/listings/senior-property-sales-executive-zpmgjk,2026-08-30T16:09:45+00:00
455aab196b99a861,jobberman,senior-cost-estimator-84e0k6,Senior Cost Estimator,,,,Ghana,unknown,,,,,,,,,,,,https://www.jobberman.com.gh/listings/senior-cost-estimator-84e0k6,2026-08-30T16:09:45+00:00
6f4c0f1985de97c3,jobberman,sales-officer-gwn552,Sales Officer,,,,Ghana,unknown,,,,,,,,,,,,https://www.jobberman.com.gh/listings/sales-officer-gwn552,2026-08-30T16:09:45+00:00
c67a548f5bcaffcf,jobberman,security-officer-4nker8,Security Officer,,,,Ghana,unknown,,,,,,,,,,,,https://www.jobberman.com.gh/listings/security-officer-4nker8,2026-08-30T16:09:45+00:00
25f12145ba93337f,jobberman,security-officer-9j7407,Security Officer,,,,Ghana,unknown,,,,,,,,,,,,https://www.jobberman.com.gh/listings/security-officer-9j7407,2026-08-30T16:09:48+00:00
7d2c7031a3b857d7,jobberman,maintenance-officer-np64e0,Maintenance Officer,,,,Ghana,unknown,,,,,,,,,,,,https://www.jobberman.com.gh/listings/maintenance-officer-np64e0,2026-08-30T16:09:48+00:00
96869308db62bc18,jobberman,sales-officer-np648e,Sales Officer,,,,Ghana,unknown,,,,,,,,,,,,https://www.jobberman.com.gh/listings/sales-officer-np648e,2026-08-30T16:09:48+00:00
ddc6e8ea4b8c884f,jobberman,stock-procurement-officer-k84mgv,Stock & Procurement Officer,,,,Ghana,unknown,,,,,,,,,,,,https://www.jobberman.com.gh/listings/stock-procurement-officer-k84mgv,2026-08-30T16:09:48+00:00
096ae34c7f32bb90,jobberman,marketing-sales-officer-vw8n82,Marketing & Sales Officer,,,,Ghana,unknown,,,,,,,,,,,,https://www.jobberman.com.gh/listings/marketing-sales-officer-vw8n82,2026-08-30T16:09:48+00:00
a67f75fe9d3127a4,jobberman,events-and-activation-officer-vw82vv,Events and Activation Officer,,,,Ghana,unknown,,,,,,,,,,,,https://www.jobberman.com.gh/listings/events-and-activation-officer-vw82vv,2026-08-30T16:09:48+00:00
c4e3bef76625e913,jobberman,human-resource-hr-officer-k84mrm,Human Resource (HR) officer,,,,Ghana,unknown,,,,,,,,,,,,https://www.jobberman.com.gh/listings/human-resource-hr-officer-k84mrm,2026-08-30T16:09:51+00:00
e9beeb879ca90545,jobberman,customer-service-phone-order-officer-vw827w,Customer Service & Phone Order Officer,,,,Ghana,unknown,,,,,,,,,,,,https://www.jobberman.com.gh/listings/customer-service-phone-order-officer-vw827w,2026-08-30T16:09:51+00:00
e28ff24c0bebf67d,jobberman,digital-marketing-officer-wp4dwg,Digital Marketing Officer & AI Animation Designer,,,,Ghana,unknown,,,,,,,,,,,Data & AI,https://www.jobberman.com.gh/listings/digital-marketing-officer-wp4dwg,2026-08-30T16:09:51+00:00
4e664f684cab1057,jobberman,estate-and-transport-5dj70n,Estate and Transport,,,,Ghana,unknown,,,,,,,,,,,,https://www.jobberman.com.gh/listings/estate-and-transport-5dj70n,2026-08-30T16:09:51+00:00
4b16e34559c127ca,jobberman,maintenance-safeguarding-officer-mg280w,Project Manager,,,,Ghana,unknown,,,,,,,,,,,,https://www.jobberman.com.gh/listings/maintenance-safeguarding-officer-mg280w,2026-08-30T16:09:54+00:00
68119a98dd7cba75,jobberman,security-officer-r8999q-v2,Security Officer,,,,Ghana,unknown,,,,,,,,,,,,https://www.jobberman.com.gh/listings/security-officer-r8999q-v2,2026-08-30T16:09:54+00:00
8bdc0d33a9cdba68,jobberman,office-staff-xpr4rw-v1,Office Staff,,,,Ghana,unknown,,,,,,,,,,,,https://www.jobberman.com.gh/listings/office-staff-xpr4rw-v1,2026-08-30T16:09:54+00:00
0f8fdd0fd75fe601,jobberman,guidance-counselling-officer-6dpekj-v2,Guidance & Counselling Officer,,,,Ghana,unknown,,,,,,,,,,,,https://www.jobberman.com.gh/listings/guidance-counselling-officer-6dpekj-v2,2026-08-30T16:09:56+00:00
c33b49a54f01008d,jobberman,stock-control-officer-vw8ngg-v1,Stock Control Officer,,,,Ghana,unknown,,,,,,,,,,,,https://www.jobberman.com.gh/listings/stock-control-officer-vw8ngg-v1,2026-08-30T16:09:56+00:00
83929a1daeba9193,jobberman,sales-and-marketing-officer-20me8j-v1,Sales And Marketing Officer,,,,Ghana,unknown,,,,,,,,,,,,https://www.jobberman.com.gh/listings/sales-and-marketing-officer-20me8j-v1,2026-08-30T16:09:56+00:00
88e723b8cc5be330,jobberman,insurance-sales-officer-wp4q4z-v1,Insurance Sales Officer,,,,Ghana,unknown,,,,,,,,,,,,https://www.jobberman.com.gh/listings/insurance-sales-officer-wp4q4z-v1,2026-08-30T16:09:56+00:00
7339fad1a5c672ce,jobberman,data-processing-officer-ev4gg9-v1,Data Processing Officer,,,,Ghana,unknown,,,,,,,,,,,Other Tech,https://www.jobberman.com.gh/listings/data-processing-officer-ev4gg9-v1,2026-08-30T16:09:56+00:00
a09da7a9226664a2,jobberman,caretaker-officers-residence-jqk8g4-v2,Caretaker (officers Residence),,,,Ghana,unknown,,,,,,,,,,,,https://www.jobberman.com.gh/listings/caretaker-officers-residence-jqk8g4-v2,2026-08-30T16:09:56+00:00
2fb01061de4029bf,jobberman,safety-officermanufacturing-industry-84e0pp,Safety Officer(manufacturing Industry),,,,Ghana,unknown,,,,,,,,,,,,https://www.jobberman.com.gh/listings/safety-officermanufacturing-industry-84e0pp,2026-08-30T16:09:59+00:00
e62e0c542bc5dd97,jobberman,safety-officermanufacturing-industry-20ez7v,Safety Officer(manufacturing Industry),,,,Ghana,unknown,,,,,,,,,,,,https://www.jobberman.com.gh/listings/safety-officermanufacturing-industry-20ez7v,2026-08-30T16:09:59+00:00
e98da25583ac76bb,jobberman,business-development-officer-medical-diagnostics-jqk86v-v1,Business Development Officer - Medical Diagnostics,,,,Ghana,unknown,,,,,,,,,,,,https://www.jobberman.com.gh/listings/business-development-officer-medical-diagnostics-jqk86v-v1,2026-08-30T16:09:59+00:00
0e09655d11fb858b,jobberman,feiya-engineering-trading-co-ltd-head-office-k8j98j-v1,Feiya Engineering & Trading Co. Ltd. (head Office),,,,Ghana,unknown,,,,,,,,,,,Other Tech,https://www.jobberman.com.gh/listings/feiya-engineering-trading-co-ltd-head-office-k8j98j-v1,2026-08-30T16:10:02+00:00
13e5fc9fd7cf5438,jobberman,director-of-nursing-services-9j7e48-v1,Director Of Nursing Services,,,,Ghana,unknown,,,,,,,,,,,,https://www.jobberman.com.gh/listings/director-of-nursing-services-9j7e48-v1,2026-08-30T16:10:02+00:00
144ea89ec96d03ca,jobberman,registrar-5dje5n-v2,Registrar,,,,Ghana,unknown,,,,,,,,,,,,https://www.jobberman.com.gh/listings/registrar-5dje5n-v2,2026-08-30T16:10:02+00:00
d635c1df2133a4dd,jobberman,mechanical-engineer-jq8mpd,Mechanical Engineer,,,,Ghana,unknown,,,,,,,,,,,Other Tech,https://www.jobberman.com.gh/listings/mechanical-engineer-jq8mpd,2026-08-30T16:10:02+00:00
1b0424e6a7a3f084,jobberman,field-sales-representative-xpr7pn-v1,Field Sales Representative,,,,Ghana,unknown,,,,,,,,,,,,https://www.jobberman.com.gh/listings/field-sales-representative-xpr7pn-v1,2026-08-30T16:10:02+00:00
df349a037fd039d3,jobberman,chief-technician-07rmzd-v1,Chief Technician,,,,Ghana,unknown,,,,,,,,,,,,https://www.jobberman.com.gh/listings/chief-technician-07rmzd-v1,2026-08-30T16:10:06+00:00
ba566a841e54d9dc,jobberman,sales-and-marketing-executive-hospitality-r89085-v2,Sales And Marketing Executive (hospitality),,,,Ghana,unknown,,,,,,,,,,,,https://www.jobberman.com.gh/listings/sales-and-marketing-executive-hospitality-r89085-v2,2026-08-30T16:10:06+00:00
15c6cb61d1e6131e,jobberman,electrical-hvac-mechanical-technicians-mg2z0m-v1,"Electrical, Hvac, Mechanical Technicians",,,,Ghana,unknown,,,,,,,,,,,,https://www.jobberman.com.gh/listings/electrical-hvac-mechanical-technicians-mg2z0m-v1,2026-08-30T16:10:06+00:00
eb6a0420c1ea6136,jobberman,customer-service-advisor-7w2e0x-v1,Customer Service Advisor,,,,Ghana,unknown,,,,,,,,,,,,https://www.jobberman.com.gh/listings/customer-service-advisor-7w2e0x-v1,2026-08-30T16:10:06+00:00
bd7b3f1ea5d7e097,jobberman,security-supervisor-k8jj78-v3,Security Supervisor,,,,Ghana,unknown,,,,,,,,,,,,https://www.jobberman.com.gh/listings/security-supervisor-k8jj78-v3,2026-08-30T16:10:06+00:00
74ea44a5a893a220,jobberman,project-engineer-q200v6-v1,Project Engineer,,,,Ghana,unknown,,,,,,,,,,,Other Tech,https://www.jobberman.com.gh/listings/project-engineer-q200v6-v1,2026-08-30T16:10:11+00:00
c044057f0d727f56,jobberman,group-general-manager-r899pm-v1,Group General Manager,,,,Ghana,unknown,,,,,,,,,,,,https://www.jobberman.com.gh/listings/group-general-manager-r899pm-v1,2026-08-30T16:10:11+00:00
240c0975decab76b,jobberman,digital-manager-ev0dd9-v1,Digital Manager,,,,Ghana,unknown,,,,,,,,,,,,https://www.jobberman.com.gh/listings/digital-manager-ev0dd9-v1,2026-08-30T16:10:14+00:00
e135ce6e4ca1a48d,jobberman,head-public-affairs-9j7rzp-v2,"Head, Public Affairs",,,,Ghana,unknown,,,,,,,,,,,,https://www.jobberman.com.gh/listings/head-public-affairs-9j7rzp-v2,2026-08-30T16:10:18+00:00
89fa34e9eb801525,jobberman,hotel-manager-xpr40w-v1,Hotel Manager,,,,Ghana,unknown,,,,,,,,,,,,https://www.jobberman.com.gh/listings/hotel-manager-xpr40w-v1,2026-08-30T16:10:18+00:00
0c6b5376518d79de,jobberman,airport-manager-accra-ghana-vw7mmx-v1,"Airport Manager - Accra, Ghana",,,,Ghana,unknown,,,,,,,,,,,,https://www.jobberman.com.gh/listings/airport-manager-accra-ghana-vw7mmx-v1,2026-08-30T16:10:18+00:00
1cfd7095ea21fd07,jobberman,in-room-dinning-order-taker-local-hire-xp0d60,In-room Dinning Order Taker (local Hire),,,,Ghana,unknown,,,,,,,,,,,,https://www.jobberman.com.gh/listings/in-room-dinning-order-taker-local-hire-xp0d60,2026-08-30T16:10:32+00:00
b90e359a770edcf5,jobberman,chokerman-d78v2w-v2,Chokerman,,,,Ghana,unknown,,,,,,,,,,,,https://www.jobberman.com.gh/listings/chokerman-d78v2w-v2,2026-08-30T16:10:32+00:00
42534021cff96c36,jobberman,bartender-local-hire-wpvmz0,Bartender (local Hire),,,,Ghana,unknown,,,,,,,,,,,,https://www.jobberman.com.gh/listings/bartender-local-hire-wpvmz0,2026-08-30T16:10:32+00:00
3f157cf0525b1294,jobberman,art-director-vw8n72-v1,Art Director,,,,Ghana,unknown,,,,,,,,,,,,https://www.jobberman.com.gh/listings/art-director-vw8n72-v1,2026-08-30T16:10:34+00:00
02f5ad5c0a1671f7,jobberman,programs-manager-xp0dd0,Programs Manager,,,,Ghana,unknown,,,,,,,,,,,,https://www.jobberman.com.gh/listings/programs-manager-xp0dd0,2026-08-30T16:10:44+00:00
f4c5dd65cc35aed7,jobberman,operations-manager-pmzpjm,Operations Manager,,,,Ghana,unknown,,,,,,,,,,,,https://www.jobberman.com.gh/listings/operations-manager-pmzpjm,2026-08-30T16:10:44+00:00
61db4b55a52f2246,jobberman,project-manager-mgxm0d,Project Manager,,,,Ghana,unknown,,,,,,,,,,,,https://www.jobberman.com.gh/listings/project-manager-mgxm0d,2026-08-30T16:10:44+00:00
cfe68b8092c7fad8,jobberman,sales-manager-gwn5w0,Sales Manager,,,,Ghana,unknown,,,,,,,,,,,,https://www.jobberman.com.gh/listings/sales-manager-gwn5w0,2026-08-30T16:10:44+00:00
04dae48a7ffbf7e5,jobberman,warehouse-manager-846qq7,Warehouse Manager,,,,Ghana,unknown,,,,,,,,,,,,https://www.jobberman.com.gh/listings/warehouse-manager-846qq7,2026-08-30T16:10:44+00:00
ba023a27ec127592,jobberman,project-manager-846qe4,Project Manager,,,,Ghana,unknown,,,,,,,,,,,,https://www.jobberman.com.gh/listings/project-manager-846qe4,2026-08-30T16:10:44+00:00
482a66368b9e855b,jobberman,portfolio-manager-zpmg99,Portfolio Manager,,,,Ghana,unknown,,,,,,,,,,,,https://www.jobberman.com.gh/listings/portfolio-manager-zpmg99,2026-08-30T16:10:44+00:00
2ac75f6d6466a348,jobberman,operations-manager-r89dmx,Operations Manager,,,,Ghana,unknown,,,,,,,,,,,,https://www.jobberman.com.gh/listings/operations-manager-r89dmx,2026-08-30T16:10:44+00:00
aac5e986acfc980a,jobberman,hr-manager-workplace-near-kwame-nkrumahcircle-accra-xpr4gm,HR Manager,,,,Ghana,unknown,,,,,,,,,,,,https://www.jobberman.com.gh/listings/hr-manager-workplace-near-kwame-nkrumahcircle-accra-xpr4gm,2026-08-30T16:10:47+00:00
167a90081aa99721,jobberman,restaurant-manager-9j749n,Restaurant Manager,,,,Ghana,unknown,,,,,,,,,,,,https://www.jobberman.com.gh/listings/restaurant-manager-9j749n,2026-08-30T16:10:47+00:00
9b7881db61a5f013,jobberman,sales-manager-jqknke,Sales Manager,,,,Ghana,unknown,,,,,,,,,,,,https://www.jobberman.com.gh/listings/sales-manager-jqknke,2026-08-30T16:10:47+00:00
0ce2ec4e3d45ce71,jobberman,sales-manager-6dpgp6,Sales Manager,,,,Ghana,unknown,,,,,,,,,,,,https://www.jobberman.com.gh/listings/sales-manager-6dpgp6,2026-08-30T16:10:47+00:00
bc57c339b2553b47,jobberman,branch-manager-9j7pq5,Branch Manager,,,,Ghana,unknown,,,,,,,,,,,,https://www.jobberman.com.gh/listings/branch-manager-9j7pq5,2026-08-30T16:10:47+00:00
e2cc7906d8657be8,jobberman,construction-manager-q20mvj,Construction Manager,,,,Ghana,unknown,,,,,,,,,,,,https://www.jobberman.com.gh/listings/construction-manager-q20mvj,2026-08-30T16:10:47+00:00
61a812f071ea3684,jobberman,operations-manager-9j7pwv,Operations Manager,,,,Ghana,unknown,,,,,,,,,,,,https://www.jobberman.com.gh/listings/operations-manager-9j7pwv,2026-08-30T16:10:47+00:00
21d71eddf53d32ee,jobberman,operations-facility-manager-jqkvew,Operations / Facility Manager,,,,Ghana,unknown,,,,,,,,,,,,https://www.jobberman.com.gh/listings/operations-facility-manager-jqkvew,2026-08-30T16:10:47+00:00
094b021c9f9e56b3,jobberman,assistant-planning-manager-4nkem8,Assistant Planning Manager,,,,Ghana,unknown,,,,,,,,,,,,https://www.jobberman.com.gh/listings/assistant-planning-manager-4nkem8,2026-08-30T16:10:47+00:00
8703da102736148e,jobberman,brand-marketing-manager-pmvxvv,Brand & Marketing Manager,,,,Ghana,unknown,,,,,,,,,,,,https://www.jobberman.com.gh/listings/brand-marketing-manager-pmvxvv,2026-08-30T16:10:47+00:00
f48c2fe7b45130e7,jobberman,operations-manager-k8jwjz,Logistics and Supply Chain Manager,,,,Ghana,unknown,,,,,,,,,,,,https://www.jobberman.com.gh/listings/operations-manager-k8jwjz,2026-08-30T16:10:51+00:00
9c417c0bc323bb1a,jobberman,assistant-human-resource-manager-zpm766,Assistant Human Resource Manager,,,,Ghana,unknown,,,,,,,,,,,,https://www.jobberman.com.gh/listings/assistant-human-resource-manager-zpm766,2026-08-30T16:10:51+00:00
cca49712067668fd,jobberman,corporate-qaqc-manager-corporate-quality-function-ev0dxx,Corporate QA/QC Manager (Corporate Quality Function),,,,Ghana,unknown,,,,,,,,,,,,https://www.jobberman.com.gh/listings/corporate-qaqc-manager-corporate-quality-function-ev0dxx,2026-08-30T16:10:51+00:00
94fda815a412c4e6,jobberman,supply-chain-logistics-manager-r89d08,Supply Chain & Logistics Manager (Retail Industry Experience),,,,Ghana,unknown,,,,,,,,,,,,https://www.jobberman.com.gh/listings/supply-chain-logistics-manager-r89d08,2026-08-30T16:10:51+00:00
1bdb891e6b59a436,jobberman,commercial-executive-b2b-sales-np6rgm,Commercial Executive (B2B Sales),,,,Ghana,unknown,,,,,,,,,,,,https://www.jobberman.com.gh/listings/commercial-executive-b2b-sales-np6rgm,2026-08-30T16:10:51+00:00
9408c45eac65a516,jobberman,lettings-supervisor-xpr450,Property Rental / Reservations Supervisor,,,,Ghana,unknown,,,,,,,,,,,,https://www.jobberman.com.gh/listings/lettings-supervisor-xpr450,2026-08-30T16:10:53+00:00
bd5028bdd54e3c27,jobberman,sale-executive-np6r4k,Sale Executive,,,,Ghana,unknown,,,,,,,,,,,,https://www.jobberman.com.gh/listings/sale-executive-np6r4k,2026-08-30T16:10:53+00:00
823c74729448208b,jobberman,administrative-assistant-us-licensing-compliance-zpm7mv,Administrative Assistant — U.S. Licensing & Compliance,,,,Ghana,unknown,,,,,,,,,,,,https://www.jobberman.com.gh/listings/administrative-assistant-us-licensing-compliance-zpm7mv,2026-08-30T16:10:53+00:00
8f065067b654307a,jobberman,head-of-internal-audit-7w2n9z,Head of Internal Audit,,,,Ghana,unknown,,,,,,,,,,,,https://www.jobberman.com.gh/listings/head-of-internal-audit-7w2n9z,2026-08-30T16:10:53+00:00
b0d175e61b9aa6d8,jobberman,admissions-counselor-tele-sales-representative-9j74e0,Admissions Counselor/ Tele-Sales Representative,,,,Ghana,unknown,,,,,,,,,,,,https://www.jobberman.com.gh/listings/admissions-counselor-tele-sales-representative-9j74e0,2026-08-30T16:10:53+00:00
0333dc53b70b75c4,jobberman,marketing-brand-executive-wp4qmd,Marketing & Brand Executive,,,,Ghana,unknown,,,,,,,,,,,,https://www.jobberman.com.gh/listings/marketing-brand-executive-wp4qmd,2026-08-30T16:10:53+00:00
1647a5a85de6a0fc,jobberman,ac-technician-k84m7v,AC Technician,,,,Ghana,unknown,,,,,,,,,,,,https://www.jobberman.com.gh/listings/ac-technician-k84m7v,2026-08-30T16:10:56+00:00
488cbe35d116e226,jobberman,mep-coordinator-wp4ddd,MEP Coordinator,,,,Ghana,unknown,,,,,,,,,,,,https://www.jobberman.com.gh/listings/mep-coordinator-wp4ddd,2026-08-30T16:10:56+00:00
8f80216edb9d1c27,jobberman,production-quality-control-associate-07rm0d,Production & Quality Control Associate,,,,Ghana,unknown,,,,,,,,,,,,https://www.jobberman.com.gh/listings/production-quality-control-associate-07rm0d,2026-08-30T16:10:56+00:00
bc8908c0c97c0121,jobberman,operations-manager-pest-management-company-np6460,Operations Manager (Pest Management Company),,,,Ghana,unknown,,,,,,,,,,,,https://www.jobberman.com.gh/listings/operations-manager-pest-management-company-np6460,2026-08-30T16:10:56+00:00
c974f5ed8cda5db9,jobberman,operations-manager-npm50v,Operations Manager,,,,Ghana,unknown,,,,,,,,,,,,https://www.jobberman.com.gh/listings/operations-manager-npm50v,2026-08-30T16:10:56+00:00
7520a7c67fa24369,jobberman,shop-manager-q2jqzz,Shop Manager,,,,Ghana,unknown,,,,,,,,,,,,https://www.jobberman.com.gh/listings/shop-manager-q2jqzz,2026-08-30T16:10:56+00:00
93999a3d950d8b89,jobberman,hotel-manager-xp0d2q,Hotel Manager,,,,Ghana,unknown,,,,,,,,,,,,https://www.jobberman.com.gh/listings/hotel-manager-xp0d2q,2026-08-30T16:10:56+00:00
2fba6cf01cd46549,jobberman,spa-manager-mgxmmz,Spa Manager,,,,Ghana,unknown,,,,,,,,,,,,https://www.jobberman.com.gh/listings/spa-manager-mgxmmz,2026-08-30T16:10:56+00:00
f21730491def7bfc,jobberman,sales-manager-mg288z,Sales Manager,,,,Ghana,unknown,,,,,,,,,,,,https://www.jobberman.com.gh/listings/sales-manager-mg288z,2026-08-30T16:10:56+00:00
d32b8753bb169d3f,jobberman,general-manager-red-chilli-restaurant-zpm7nv,General Manager,,,,Ghana,unknown,,,,,,,,,,,,https://www.jobberman.com.gh/listings/general-manager-red-chilli-restaurant-zpm7nv,2026-08-30T16:10:59+00:00
a2f6d012ec3e8c80,jobberman,stock-manager-wp4dxk,Stock Manager,,,,Ghana,unknown,,,,,,,,,,,,https://www.jobberman.com.gh/listings/stock-manager-wp4dxk,2026-08-30T16:10:59+00:00
190b0bd208f0e94a,jobberman,category-marketing-manager-846jrj,Brand Manager,,,,Ghana,unknown,,,,,,,,,,,,https://www.jobberman.com.gh/listings/category-marketing-manager-846jrj,2026-08-30T16:10:59+00:00
4fb0176094bda1c2,jobberman,managerproduction-supervisor-zpn2dn,Manager/Production Supervisor,,,,Ghana,unknown,,,,,,,,,,,,https://www.jobberman.com.gh/listings/managerproduction-supervisor-zpn2dn,2026-08-30T16:10:59+00:00
54cc3e29e8bb5c31,jobberman,sales-marketing-manager-q2jq7z,Sales & Marketing Manager,,,,Ghana,unknown,,,,,,,,,,,,https://www.jobberman.com.gh/listings/sales-marketing-manager-q2jq7z,2026-08-30T16:10:59+00:00
626db1e3e3a10801,jobberman,store-production-manager-jqkv0w,Store & Production Manager,,,,Ghana,unknown,,,,,,,,,,,,https://www.jobberman.com.gh/listings/store-production-manager-jqkv0w,2026-08-30T16:10:59+00:00
0eef0d7867a0569b,jobberman,poultry-farm-manager-zpmgek,Poultry Farm Manager,,,,Ghana,unknown,,,,,,,,,,,,https://www.jobberman.com.gh/listings/poultry-farm-manager-zpmgek,2026-08-30T16:10:59+00:00
8699cec99a7bf6e3,jobberman,salon-manager-receptionist-07rmpj,Salon Manager / Receptionist,,,,Ghana,unknown,,,,,,,,,,,,https://www.jobberman.com.gh/listings/salon-manager-receptionist-07rmpj,2026-08-30T16:10:59+00:00
2e4cb3663bd46e16,jobberman,sales-and-marketing-manager-q20mn6,Sales and Marketing Manager,,,,Ghana,unknown,,,,,,,,,,,,https://www.jobberman.com.gh/listings/sales-and-marketing-manager-q20mn6,2026-08-30T16:10:59+00:00
59a106bddd068648,jobberman,category-marketing-manager-q20mxj,Category Marketing Manager,,,,Ghana,unknown,,,,,,,,,,,,https://www.jobberman.com.gh/listings/category-marketing-manager-q20mxj,2026-08-30T16:10:59+00:00
e1ed011d0b48e059,jobberman,area-sales-manager-6dpg84,Area Sales Manager,,,,Ghana,unknown,,,,,,,,,,,,https://www.jobberman.com.gh/listings/area-sales-manager-6dpg84,2026-08-30T16:10:59+00:00
69e9077474209156,jobberman,social-media-manager-pmvxr0,Social Media Manager,,,,Ghana,unknown,,,,,,,,,,,,https://www.jobberman.com.gh/listings/social-media-manager-pmvxr0,2026-08-30T16:10:59+00:00
3a1c77da850f9ea0,jobberman,school-administrator-operations-manager-r8p26g,School Administrator & Operations Manager,,,,Ghana,unknown,,,,,,,,,,,,https://www.jobberman.com.gh/listings/school-administrator-operations-manager-r8p26g,2026-08-30T16:10:59+00:00
bda744176edf8959,jobberman,clinical-trial-project-manager-k84m8v,Clinical Trial Project Manager,,,,Ghana,unknown,,,,,,,,,,,,https://www.jobberman.com.gh/listings/clinical-trial-project-manager-k84m8v,2026-08-30T16:10:59+00:00
b4d619954394eb94,jobberman,b2b-sales-operations-manager-gwxvxr,B2B Sales & Operations Manager,,,,Ghana,unknown,,,,,,,,,,,,https://www.jobberman.com.gh/listings/b2b-sales-operations-manager-gwxvxr,2026-08-30T16:10:59+00:00
f900c1ba482ae59f,jobberman,fb-supervisor-restaurant-manager-846qkz,F&B Supervisor / Restaurant Manager,,,,Ghana,unknown,,,,,,,,,,,,https://www.jobberman.com.gh/listings/fb-supervisor-restaurant-manager-846qkz,2026-08-30T16:11:03+00:00
d6d7a48c70dafcf6,jobberman,head-teacher-principal-mgxmjm,Head Teacher / Principal,,,,Ghana,unknown,,,,,,,,,,,,https://www.jobberman.com.gh/listings/head-teacher-principal-mgxmjm,2026-08-30T16:11:03+00:00
6d806f7af7eee357,jobberman,chinese-translator-interpreter-9j74m7,Chinese Translator / Interpreter,,,,Ghana,unknown,,,,,,,,,,,Other Tech,https://www.jobberman.com.gh/listings/chinese-translator-interpreter-9j74m7,2026-08-30T16:11:03+00:00
9d3a29ff916c65d0,jobberman,wellness-assistant-pmvkj2,Wellness Assistant,,,,Ghana,unknown,,,,,,,,,,,,https://www.jobberman.com.gh/listings/wellness-assistant-pmvkj2,2026-08-30T16:11:03+00:00
b2fbd44dfe4e6fde,jobberman,chef-mgxmpd,Chef,,,,Ghana,unknown,,,,,,,,,,,,https://www.jobberman.com.gh/listings/chef-mgxmpd,2026-08-30T16:11:03+00:00
42710bb9271230b7,jobberman,shop-keeper-d78xgm,Shop Keeper,,,,Ghana,unknown,,,,,,,,,,,,https://www.jobberman.com.gh/listings/shop-keeper-d78xgm,2026-08-30T16:11:05+00:00
71092d279a2ec596,jobberman,business-development-consultant-d78xkr,Business Development Consultant,,,,Ghana,unknown,,,,,,,,,,,,https://www.jobberman.com.gh/listings/business-development-consultant-d78xkr,2026-08-30T16:11:05+00:00
4f1633148e33bfa5,jobberman,chef-07rq56,Chef,,,,Ghana,unknown,,,,,,,,,,,,https://www.jobberman.com.gh/listings/chef-07rq56,2026-08-30T16:11:05+00:00
d4217564d3c5cd16,jobberman,senior-accountant-q20pqp,Senior Accountant,,,,Ghana,unknown,,,,,,,,,,,,https://www.jobberman.com.gh/listings/senior-accountant-q20pqp,2026-08-30T16:11:05+00:00
13fe71fe91b93fa4,jobberman,account-executive-07rmne,Account Executive,,,,Ghana,unknown,,,,,,,,,,,,https://www.jobberman.com.gh/listings/account-executive-07rmne,2026-08-30T16:11:05+00:00
620fefdb493b6945,jobberman,internal-auditor-wp4q55,Internal Auditor,,,,Ghana,unknown,,,,,,,,,,,,https://www.jobberman.com.gh/listings/internal-auditor-wp4q55,2026-08-30T16:11:05+00:00
3a0d0b96d8124a02,jobberman,chef-caterer-np6r9w,Chef / Caterer,,,,Ghana,unknown,,,,,,,,,,,,https://www.jobberman.com.gh/listings/chef-caterer-np6r9w,2026-08-30T16:11:05+00:00
2e30cec04791b9a9,jobberman,housekeeperwaitress-vw82xv,Housekeeper/Waitress,,,,Ghana,unknown,,,,,,,,,,,,https://www.jobberman.com.gh/listings/housekeeperwaitress-vw82xv,2026-08-30T16:11:08+00:00
c6c085716c6696c7,jobberman,front-of-house-foh-supervisor-gwn590,Front of House (FOH) Supervisor,,,,Ghana,unknown,,,,,,,,,,,,https://www.jobberman.com.gh/listings/front-of-house-foh-supervisor-gwn590,2026-08-30T16:11:08+00:00
36e28bc30150363d,jobberman,international-contact-center-representative-5dj7w5,International Contact Center Representative,,,,Ghana,unknown,,,,,,,,,,,,https://www.jobberman.com.gh/listings/international-contact-center-representative-5dj7w5,2026-08-30T16:11:08+00:00
e02ceebd2a7c0b35,jobberman,salon-manager-r89pmn-v1,Salon Manager,,,,Ghana,unknown,,,,,,,,,,,,https://www.jobberman.com.gh/listings/salon-manager-r89pmn-v1,2026-08-30T16:11:08+00:00
64e37eeafc0c3ec2,jobberman,brand-manager-846660-v1,Brand Manager,,,,Ghana,unknown,,,,,,,,,,,,https://www.jobberman.com.gh/listings/brand-manager-846660-v1,2026-08-30T16:11:18+00:00
f1f12849f68496e6,jobberman,general-manager-4nkxdz-v1,General Manager,,,,Ghana,unknown,,,,,,,,,,,,https://www.jobberman.com.gh/listings/general-manager-4nkxdz-v1,2026-08-30T16:11:18+00:00
5b48cf0882192713,jobberman,sales-manager-4nkeq9-v1,Sales Manager,,,,Ghana,unknown,,,,,,,,,,,,https://www.jobberman.com.gh/listings/sales-manager-4nkeq9-v1,2026-08-30T16:11:18+00:00
287bbfd7ace74bd6,jobberman,procurement-manager-07rm28-v1,Procurement Manager,,,,Ghana,unknown,,,,,,,,,,,,https://www.jobberman.com.gh/listings/procurement-manager-07rm28-v1,2026-08-30T16:11:18+00:00
35ec866f9effe1d8,jobberman,farm-manager-20mp5d-v1,Farm Manager,,,,Ghana,unknown,,,,,,,,,,,,https://www.jobberman.com.gh/listings/farm-manager-20mp5d-v1,2026-08-30T16:11:18+00:00
d36a733f1b7064d6,jobberman,project-manager-zpmgq8-v1,Project Manager,,,,Ghana,unknown,,,,,,,,,,,,https://www.jobberman.com.gh/listings/project-manager-zpmgq8-v1,2026-08-30T16:11:18+00:00
433099f1a16ef9f3,jobberman,health-safety-manager-07ep8g,Health & Safety Manager,,,,Ghana,unknown,,,,,,,,,,,,https://www.jobberman.com.gh/listings/health-safety-manager-07ep8g,2026-08-30T16:11:21+00:00
55a9511ea8dcff5b,jobberman,sales-manager-ghana-r8p2nj,Sales Manager - Ghana,,,,Ghana,unknown,,,,,,,,,,,,https://www.jobberman.com.gh/listings/sales-manager-ghana-r8p2nj,2026-08-30T16:11:21+00:00
d381ca731afb8a33,jobberman,sales-manager-ghana-d7vr0g,Sales Manager - Ghana,,,,Ghana,unknown,,,,,,,,,,,,https://www.jobberman.com.gh/listings/sales-manager-ghana-d7vr0g,2026-08-30T16:11:21+00:00
db921d6caa40bb8d,jobberman,social-media-manager-d78vxg-v1,Social Media Manager,,,,Ghana,unknown,,,,,,,,,,,,https://www.jobberman.com.gh/listings/social-media-manager-d78vxg-v1,2026-08-30T16:11:21+00:00
b7a02f45823d9f2b,jobberman,underground-technical-manager-np6mek-v1,Underground Technical Manager,,,,Ghana,unknown,,,,,,,,,,,Other Tech,https://www.jobberman.com.gh/listings/underground-technical-manager-np6mek-v1,2026-08-30T16:11:21+00:00
c5965b4be9b9762b,jobberman,field-sales-manager-np6r6g-v1,Field Sales Manager,,,,Ghana,unknown,,,,,,,,,,,,https://www.jobberman.com.gh/listings/field-sales-manager-np6r6g-v1,2026-08-30T16:11:35+00:00
d04806eeb555049c,jobberman,manager-marketing-pharma-7wev8g-v1,Manager - Marketing (pharma),,,,Ghana,unknown,,,,,,,,,,,,https://www.jobberman.com.gh/listings/manager-marketing-pharma-7wev8g-v1,2026-08-30T16:11:35+00:00
b877cef2bf29fbe5,jobberman,forensic-auditing-manager-4nkej4-v1,Forensic Auditing Manager,,,,Ghana,unknown,,,,,,,,,,,,https://www.jobberman.com.gh/listings/forensic-auditing-manager-4nkej4-v1,2026-08-30T16:11:35+00:00
d13058f49b4c8eaf,jobberman,corporate-relationship-manager-07r44e-v2,Corporate Relationship Manager,,,,Ghana,unknown,,,,,,,,,,,,https://www.jobberman.com.gh/listings/corporate-relationship-manager-07r44e-v2,2026-08-30T16:11:35+00:00
a6f9fc02dd86851c,jobberman,food-and-beverage-manager-07epgz-v1,Food And Beverage Manager,,,,Ghana,unknown,,,,,,,,,,,,https://www.jobberman.com.gh/listings/food-and-beverage-manager-07epgz-v1,2026-08-30T16:11:35+00:00
8b8137aa25d2aef2,jobberman,social-media-manager-pmvx70-v2,Social Media Manager,,,,Ghana,unknown,,,,,,,,,,,,https://www.jobberman.com.gh/listings/social-media-manager-pmvx70-v2,2026-08-30T16:11:35+00:00
c0073c82e846e2aa,jobberman,community-growth-manager-07rmem-v1,Community & Growth Manager,,,,Ghana,unknown,,,,,,,,,,,,https://www.jobberman.com.gh/listings/community-growth-manager-07rmem-v1,2026-08-30T16:11:35+00:00
457dd7f3e5df9d10,jobberman,general-manager-lead-aesthetician-zpmn9r-v1,General Manager & Lead Aesthetician,,,,Ghana,unknown,,,,,,,,,,,,https://www.jobberman.com.gh/listings/general-manager-lead-aesthetician-zpmn9r-v1,2026-08-30T16:11:42+00:00
565f2432887753da,jobberman,global-rewards-project-manager-20mmge-v2,Global Rewards Project Manager,,,,Ghana,unknown,,,,,,,,,,,,https://www.jobberman.com.gh/listings/global-rewards-project-manager-20mmge-v2,2026-08-30T16:11:42+00:00
e500125acdbcfcb9,jobberman,mep-processing-maintenance-manager-gwxvrr-v1,Mep & Processing Maintenance Manager,,,,Ghana,unknown,,,,,,,,,,,,https://www.jobberman.com.gh/listings/mep-processing-maintenance-manager-gwxvrr-v1,2026-08-30T16:11:42+00:00
074286e814376100,jobberman,fitness-manager-local-hire-4nzjdv,Fitness Manager (local Hire),,,,Ghana,unknown,,,,,,,,,,,,https://www.jobberman.com.gh/listings/fitness-manager-local-hire-4nzjdv,2026-08-30T16:11:42+00:00
feca946764648fdb,jobberman,zonal-sales-manager-at-avnash-industries-ghana-limited-pmvkwx-v1,Zonal Sales Manager At Avnash Industries Ghana Limited,,,,Ghana,unknown,,,,,,,,,,,,https://www.jobberman.com.gh/listings/zonal-sales-manager-at-avnash-industries-ghana-limited-pmvkwx-v1,2026-08-30T16:11:44+00:00
d72cda40699062d6,jobberman,tertiary-sales-manager-at-avnash-industries-ghana-limited-pmvkn2-v1,Tertiary Sales Manager At Avnash Industries Ghana Limited,,,,Ghana,unknown,,,,,,,,,,,,https://www.jobberman.com.gh/listings/tertiary-sales-manager-at-avnash-industries-ghana-limited-pmvkn2-v1,2026-08-30T16:11:48+00:00
a088509b127dad1f,jobberman,sales-manager-bulk-sales-at-avnash-industries-ghana-limited-pmvzkr-v2,Sales Manager (bulk Sales) At Avnash Industries Ghana Limited,,,,Ghana,unknown,,,,,,,,,,,,https://www.jobberman.com.gh/listings/sales-manager-bulk-sales-at-avnash-industries-ghana-limited-pmvzkr-v2,2026-08-30T16:11:48+00:00
3d9174ef15bdcd50,jobberman,irrigation-engineer-4nkk6e-v1,Irrigation Engineer,,,,Ghana,unknown,,,,,,,,,,,Other Tech,https://www.jobberman.com.gh/listings/irrigation-engineer-4nkk6e-v1,2026-08-30T16:11:48+00:00
cc06cd3563a00a97,jobberman,warehouse-supervisor-pmvznp-v1,Warehouse Supervisor,,,,Ghana,unknown,,,,,,,,,,,,https://www.jobberman.com.gh/listings/warehouse-supervisor-pmvznp-v1,2026-08-30T16:11:48+00:00
cc68e1cd29eb4206,jobberman,fleet-maintenance-supervisor-9je0r8,Fleet Maintenance Supervisor,,,,Ghana,unknown,,,,,,,,,,,,https://www.jobberman.com.gh/listings/fleet-maintenance-supervisor-9je0r8,2026-08-30T16:11:51+00:00
1518ffdc00280999,jobberman,warehouse-specialist-vw8692-v2,Warehouse Specialist,,,,Ghana,unknown,,,,,,,,,,,,https://www.jobberman.com.gh/listings/warehouse-specialist-vw8692-v2,2026-08-30T16:11:51+00:00
0409f763c20c2297,jobberman,hwf4warehouse-supervisor-mj002214-r89dwx-v1,Hwf4(warehouse Supervisor) (mj002214),,,,Ghana,unknown,,,,,,,,,,,,https://www.jobberman.com.gh/listings/hwf4warehouse-supervisor-mj002214-r89dwx-v1,2026-08-30T16:11:51+00:00
883e756b7089d773,jobberman,head-of-sales-mg27nd-v2,Head Of Sales,,,,Ghana,unknown,,,,,,,,,,,,https://www.jobberman.com.gh/listings/head-of-sales-mg27nd-v2,2026-08-30T16:11:54+00:00
9f816c00f40ca92c,jobberman,quality-control-and-assembling-technician-vw8n2x,Quality Control and Assembling Technician,,,,Ghana,unknown,,,,,,,,,,,,https://www.jobberman.com.gh/listings/quality-control-and-assembling-technician-vw8n2x,2026-08-30T16:11:57+00:00
3f419acd5be0acd7,jobberman,mobile-phone-repair-technician-5dj7z2,Mobile Phone Repair Technician,,,,Ghana,unknown,,,,,,,,,,,,https://www.jobberman.com.gh/listings/mobile-phone-repair-technician-5dj7z2,2026-08-30T16:11:57+00:00
9b795700abf292de,jobberman,maintenance-technician-7w2k98-v1,Maintenance Technician,,,,Ghana,unknown,,,,,,,,,,,,https://www.jobberman.com.gh/listings/maintenance-technician-7w2k98-v1,2026-08-30T16:11:57+00:00
b6785928dd1e0ff3,jobberman,renal-technician-20m4ve-v1,Renal Technician,,,,Ghana,unknown,,,,,,,,,,,,https://www.jobberman.com.gh/listings/renal-technician-20m4ve-v1,2026-08-30T16:11:57+00:00
cf7b5c079a20eb08,jobberman,facility-technicianwelder-5dj72x-v1,Facility Technician(welder),,,,Ghana,unknown,,,,,,,,,,,,https://www.jobberman.com.gh/listings/facility-technicianwelder-5dj72x-v1,2026-08-30T16:11:57+00:00
839c93b44a5cd35c,jobberman,lab-technician-accra-tema-9j7p47-v1,Lab Technician-accra/ Tema,,,,Ghana,unknown,,,,,,,,,,,,https://www.jobberman.com.gh/listings/lab-technician-accra-tema-9j7p47-v1,2026-08-30T16:12:01+00:00
bf2082f9eba65ca1,jobberman,mechanical-technician-shaft-maintenance-07rege-v2,Mechanical Technician – Shaft Maintenance,,,,Ghana,unknown,,,,,,,,,,,,https://www.jobberman.com.gh/listings/mechanical-technician-shaft-maintenance-07rege-v2,2026-08-30T16:12:01+00:00
f90a931044f2abef,jobberman,cic-technician-process-plant-6dpe7j-v2,Cic Technician – Process Plant,,,,Ghana,unknown,,,,,,,,,,,,https://www.jobberman.com.gh/listings/cic-technician-process-plant-6dpe7j-v2,2026-08-30T16:12:01+00:00
d06842a99bddfc7d,jobberman,hwf-forklift-maintenance-technician-mj002062-d785n8-v1,Hwf (forklift Maintenance Technician) (mj002062),,,,Ghana,unknown,,,,,,,,,,,,https://www.jobberman.com.gh/listings/hwf-forklift-maintenance-technician-mj002062-d785n8-v1,2026-08-30T16:12:01+00:00
835c75fbff69ff80,jobberman,heavy-duty-mechanic-team-leader-20mppq-v1,Heavy Duty Mechanic Team Leader,,,,Ghana,unknown,,,,,,,,,,,,https://www.jobberman.com.gh/listings/heavy-duty-mechanic-team-leader-20mppq-v1,2026-08-30T16:12:01+00:00
90324bfed15ae04f,jobberman,mechanical-engineer-07rm5e,Mechanical Engineer,,,,Ghana,unknown,,,,,,,,,,,Other Tech,https://www.jobberman.com.gh/listings/mechanical-engineer-07rm5e,2026-08-30T16:12:08+00:00
d7409a1f0c56d8f2,jobberman,site-engineer-trunk-road-upgrade-d78x2j,Site Engineer - Trunk Road Upgrade,,,,Ghana,unknown,,,,,,,,,,,Other Tech,https://www.jobberman.com.gh/listings/site-engineer-trunk-road-upgrade-d78x2j,2026-08-30T16:12:08+00:00
7d58926afe781573,jobberman,quantitative-researcher-microstructure-np6r8z-v1,Quantitative Researcher — Microstructure,,,,Ghana,unknown,,,,,,,,,,,,https://www.jobberman.com.gh/listings/quantitative-researcher-microstructure-np6r8z-v1,2026-08-30T16:12:11+00:00
