job_id,source,source_job_id,job_title,company,job_description,location,country,work_mode,remote_scope,job_field,industry,employment_type,experience_required,education_required,salary,currency,date_posted,application_deadline,tech_category,vacancy_url,scraped_at
d32ba14bb8c479c6,linkedin,4448983839,BACKEND ENGINEER,Tsukumo,,"Oserian Engineering, Nakuru, Kenya",Kenya,unknown,,,,,,,,,2026-08-05,,Software Development,https://ke.linkedin.com/jobs/view/backend-engineer-at-tsukumo-4448983839,2026-08-30T15:20:37+00:00
9d9c75d1896f00ed,linkedin,4448939828,Software Engineer,"Zhejiang Aisunny Optoelectronics Technology Co., Ltd.",,"Central location, Kitui County, Kenya",Kenya,unknown,,,,,,,,,2026-07-11,,Software Development,https://ke.linkedin.com/jobs/view/software-engineer-at-zhejiang-aisunny-optoelectronics-technology-co-ltd-4448939828,2026-08-30T15:20:37+00:00
53dc2a1845db286c,linkedin,4454560220,Software Developer (m/f/d),TecAlliance India,,"Nzalae/ Nzawa locations, Kitui County, Kenya",Kenya,unknown,,,,,,,,,2026-08-14,,Software Development,https://ke.linkedin.com/jobs/view/software-developer-m-f-d-at-tecalliance-india-4454560220,2026-08-30T15:20:37+00:00
b21e4551bdfd265f,linkedin,4442989771,Python Developer,SunMate.IO,,"Oserian Engineering, Nakuru, Kenya",Kenya,unknown,,,,,,,,,2026-07-22,,Software Development,https://ke.linkedin.com/jobs/view/python-developer-at-sunmate-io-4442989771,2026-08-30T15:20:37+00:00
3ffe7c5b22848acc,linkedin,4443134679,Full Stack Developer,Terra Softech,,"Oserian Engineering, Nakuru, Kenya",Kenya,unknown,,,,,,,,,2026-07-22,,Software Development,https://ke.linkedin.com/jobs/view/full-stack-developer-at-terra-softech-4443134679,2026-08-30T15:20:37+00:00
1c430bb5eb27129f,linkedin,4460180810,"Software Engineer, Platform - Nairobi, Kenya",Speechify,,"Nairobi, Nairobi County, Kenya",Kenya,unknown,,,,,,,,,2026-08-03,,Software Development,https://ke.linkedin.com/jobs/view/software-engineer-platform-nairobi-kenya-at-speechify-4460180810,2026-08-30T15:20:37+00:00
419fe07a97f9a0d0,linkedin,4312344786,Intermediate Software Developer,PingWind,,"Nzalae/ Nzawa locations, Kitui County, Kenya",Kenya,unknown,,,,,,,,,2025-10-08,,Software Development,https://ke.linkedin.com/jobs/view/intermediate-software-developer-at-pingwind-4312344786,2026-08-30T15:20:37+00:00
36d675518b8d8842,linkedin,4452705970,Kenya - 6929 - Software Engineer (UniData),Softgic,,Kenya,Kenya,unknown,,,,,,,,,2026-08-12,,Software Development,https://ke.linkedin.com/jobs/view/kenya-6929-software-engineer-unidata-at-softgic-4452705970,2026-08-30T15:20:37+00:00
cc3f4d307a507a0f,linkedin,4449487617,SOFTWARE ENGINEER - Microservices,Happiest Minds Technologies,,"Nairobi, Nairobi County, Kenya",Kenya,unknown,,,,,,,,,2026-08-05,,Software Development,https://ke.linkedin.com/jobs/view/software-engineer-microservices-at-happiest-minds-technologies-4449487617,2026-08-30T15:20:37+00:00
15d92616bb693701,linkedin,4312355219,Software Developer SME,PingWind,,"Nzalae/ Nzawa locations, Kitui County, Kenya",Kenya,unknown,,,,,,,,,2025-10-08,,Software Development,https://ke.linkedin.com/jobs/view/software-developer-sme-at-pingwind-4312355219,2026-08-30T15:20:37+00:00
1d6dbba90014f2e4,linkedin,4461003173,Software Engineer (Remote),Hire Feed,,Kenya,Kenya,remote,Country-only,,,,,,,,2026-08-30,,Software Development,https://ke.linkedin.com/jobs/view/software-engineer-remote-at-hire-feed-4461003173,2026-08-30T15:20:44+00:00
76d019ad707aa3a4,linkedin,4388757822,Containerization & Virtualisation Engineer,Canonical,,"Nairobi, Nairobi County, Kenya",Kenya,unknown,,,,,,,,,2026-03-22,,Other Tech,https://ke.linkedin.com/jobs/view/containerization-virtualisation-engineer-at-canonical-4388757822,2026-08-30T15:20:44+00:00
8d0fd46db95c9014,linkedin,4450585829,AI Engineer,"Ease Entertainment Services, LLC",,"Nzalae/ Nzawa locations, Kitui County, Kenya",Kenya,unknown,,,,,,,,,2026-08-08,,Data & AI,https://ke.linkedin.com/jobs/view/ai-engineer-at-ease-entertainment-services-llc-4450585829,2026-08-30T15:20:44+00:00
6c571b898c9c5933,linkedin,4460894097,Game Engine Developer,Quik Hire Staffing,,Kenya,Kenya,unknown,,,,,,,,,2026-08-30,,Software Development,https://ke.linkedin.com/jobs/view/game-engine-developer-at-quik-hire-staffing-4460894097,2026-08-30T15:20:44+00:00
0d26e09cee5a2d0c,linkedin,4449078356,Computer Graphics Engineer,Voxel Innovation,,"Oserian Engineering, Nakuru, Kenya",Kenya,unknown,,,,,,,,,2026-08-04,,Other Tech,https://ke.linkedin.com/jobs/view/computer-graphics-engineer-at-voxel-innovation-4449078356,2026-08-30T15:20:44+00:00
e0a3d740a98b2737,linkedin,4450590726,Sr. Full Stack Engineer,"Ease Entertainment Services, LLC",,"Nzalae/ Nzawa locations, Kitui County, Kenya",Kenya,unknown,,,,,,,,,2026-08-08,,Software Development,https://ke.linkedin.com/jobs/view/sr-full-stack-engineer-at-ease-entertainment-services-llc-4450590726,2026-08-30T15:20:44+00:00
f78a6ad7d569b325,linkedin,4419867983,VP & Staff Software Engineer(s),Share,,"Nairobi, Nairobi County, Kenya",Kenya,unknown,,,,,,,,,2026-05-27,,Software Development,https://ke.linkedin.com/jobs/view/vp-staff-software-engineer-s-at-share-4419867983,2026-08-30T15:20:44+00:00
fd046c57ea3f7b65,linkedin,4395278426,Apply for Future Consideration,accesso,,"All Nation, Nakuru, Kenya",Kenya,unknown,,,,,,,,,2026-08-10,,,https://ke.linkedin.com/jobs/view/apply-for-future-consideration-at-accesso-4395278426,2026-08-30T15:20:44+00:00
535b47fe620a6d44,linkedin,4451678748,Drupal Developer,Abacus,,Kenya,Kenya,unknown,,,,,,,,,2026-08-11,,Software Development,https://ke.linkedin.com/jobs/view/drupal-developer-at-abacus-4451678748,2026-08-30T15:20:44+00:00
4237a95d0a95c495,linkedin,4447358319,Founding Engineer,Daat AI,,"Oserian Engineering, Nakuru, Kenya",Kenya,unknown,,,,,,,,,2026-08-05,,Other Tech,https://ke.linkedin.com/jobs/view/founding-engineer-at-daat-ai-4447358319,2026-08-30T15:20:44+00:00
21b8ff5d0e371f8a,linkedin,4424852492,Senior Software Engineer,CIC Insurance Company,,"Nairobi, Nairobi County, Kenya",Kenya,unknown,,,,,,,,,2026-06-08,,Software Development,https://ke.linkedin.com/jobs/view/senior-software-engineer-at-cic-insurance-company-4424852492,2026-08-30T15:20:51+00:00
a5d54e3ffbcb0b86,linkedin,4450707807,SAP BTP Fiori Developer,Yellow Pages Kenya,,"Nairobi, Nairobi County, Kenya",Kenya,unknown,,,,,,,,,2026-08-07,,Software Development,https://ke.linkedin.com/jobs/view/sap-btp-fiori-developer-at-yellow-pages-kenya-4450707807,2026-08-30T15:20:51+00:00
f3ce7d27a3bce8d4,linkedin,4443133649,Software Architect (5 yeo),Terra Softech,,"Oserian Engineering, Nakuru, Kenya",Kenya,unknown,,,,,,,,,2026-07-22,,Other Tech,https://ke.linkedin.com/jobs/view/software-architect-5-yeo-at-terra-softech-4443133649,2026-08-30T15:20:51+00:00
6201af5570dba2ff,linkedin,4443103109,SalesForce Developer,Codeable,,"Oserian Engineering, Nakuru, Kenya",Kenya,unknown,,,,,,,,,2026-07-22,,Software Development,https://ke.linkedin.com/jobs/view/salesforce-developer-at-codeable-4443103109,2026-08-30T15:20:51+00:00
9b1be5b4a31052a9,linkedin,4458969275,Application Developer (.NET Core / Kentico),Talent Match Africa,,"Nairobi County, Kenya",Kenya,unknown,,,,,,,,,2026-08-28,,Software Development,https://ke.linkedin.com/jobs/view/application-developer-net-core-kentico-at-talent-match-africa-4458969275,2026-08-30T15:20:51+00:00
dc3fd6025fa14442,linkedin,4442987724,Associate Backend Developer,Codeable,,"Oserian Engineering, Nakuru, Kenya",Kenya,unknown,,,,,,,,,2026-07-22,,Software Development,https://ke.linkedin.com/jobs/view/associate-backend-developer-at-codeable-4442987724,2026-08-30T15:20:51+00:00
3c49536700b3ce3d,linkedin,4455446492,Tech Lead & Product Engineer,Remote Raven,,Kenya,Kenya,unknown,,,,,,,,,2026-08-19,,Other Tech,https://ke.linkedin.com/jobs/view/tech-lead-product-engineer-at-remote-raven-4455446492,2026-08-30T15:20:51+00:00
d34f72df9909d390,linkedin,4460876422,Newpage - Full stack AI engineer - Python/React.js,Top Gen AI Jobs,,"Nzalae/ Nzawa locations, Kitui County, Kenya",Kenya,unknown,,,,,,,,,2026-08-30,,Software Development,https://ke.linkedin.com/jobs/view/newpage-full-stack-ai-engineer-python-react-js-at-top-gen-ai-jobs-4460876422,2026-08-30T15:20:51+00:00
35d29e6a1d5fa099,linkedin,4448900593,HW/SW Engineer,LEAT S.p.A. - Globavia Group,,"Oserian Engineering, Nakuru, Kenya",Kenya,unknown,,,,,,,,,2026-08-04,,Other Tech,https://ke.linkedin.com/jobs/view/hw-sw-engineer-at-leat-s-p-a-globavia-group-4448900593,2026-08-30T15:20:51+00:00
b3b148da6db9dc7f,linkedin,4445986228,Principal Full Stack Engineer – AI Systems & Engineering Automation,IgniteTech,,Kenya,Kenya,unknown,,,,,,,,,2026-08-18,,Software Development,https://ke.linkedin.com/jobs/view/principal-full-stack-engineer-%E2%80%93-ai-systems-engineering-automation-at-ignitetech-4445986228,2026-08-30T15:20:51+00:00
38a8f57664430696,linkedin,4433879926,Senior AI Engineer - APAC + Africa,ChainGPT,,Kenya,Kenya,unknown,,,,,,,,,2026-06-26,,Data & AI,https://ke.linkedin.com/jobs/view/senior-ai-engineer-apac-%2B-africa-at-chaingpt-4433879926,2026-08-30T15:20:58+00:00
689237457f918943,linkedin,4443312070,Senior Python Engineer,Unidatalab,,"Oserian Engineering, Nakuru, Kenya",Kenya,unknown,,,,,,,,,2026-07-21,,Other Tech,https://ke.linkedin.com/jobs/view/senior-python-engineer-at-unidatalab-4443312070,2026-08-30T15:20:58+00:00
ad46dbdfa4215341,linkedin,4459405153,Database Developer,ELITS,,"Nzalae/ Nzawa locations, Kitui County, Kenya",Kenya,unknown,,,,,,,,,2026-08-28,,Software Development,https://ke.linkedin.com/jobs/view/database-developer-at-elits-4459405153,2026-08-30T15:20:58+00:00
9388b794c525adf9,linkedin,4439733509,PLATFORM ENGINEER - OPERATIONS,Hi5Creations,,"Customer, Nakuru, Kenya",Kenya,unknown,,,,,,,,,2026-07-12,,Other Tech,https://ke.linkedin.com/jobs/view/platform-engineer-operations-at-hi5creations-4439733509,2026-08-30T15:20:58+00:00
5d53994158cd0068,linkedin,4438661840,1970 Frontend Software Engineer - React,In All Media,,"Nzalae/ Nzawa locations, Kitui County, Kenya",Kenya,unknown,,,,,,,,,2026-06-14,,Software Development,https://ke.linkedin.com/jobs/view/1970-frontend-software-engineer-react-at-in-all-media-4438661840,2026-08-30T15:20:58+00:00
b980ef9d6f2414e6,linkedin,4458760448,Automation Engineering Lead,OnHires,,Kenya,Kenya,unknown,,,,,,,,,2026-08-25,,Other Tech,https://ke.linkedin.com/jobs/view/automation-engineering-lead-at-onhires-4458760448,2026-08-30T15:20:58+00:00
3a268c9e42daaa0b,linkedin,4415875248,IT Event Management Engineer,World Vision,,Kenya,Kenya,unknown,,,,,,,,,2026-08-28,,Other Tech,https://ke.linkedin.com/jobs/view/it-event-management-engineer-at-world-vision-4415875248,2026-08-30T15:20:58+00:00
ac4ca0394d00b7e1,linkedin,4230292262,Spontaneous Applications,Check Point AI Security,,"All Nation, Nakuru, Kenya",Kenya,unknown,,,,,,,,,2026-08-13,,,https://ke.linkedin.com/jobs/view/spontaneous-applications-at-check-point-ai-security-4230292262,2026-08-30T15:20:58+00:00
2de4dbdfe0f5f0dc,linkedin,4461004075,JavaScript Developer,Hired,,Kenya,Kenya,unknown,,,,,,,,,2026-08-30,,Software Development,https://ke.linkedin.com/jobs/view/javascript-developer-at-hired-4461004075,2026-08-30T15:20:58+00:00
9271dccc1842b772,linkedin,4312346639,Senior Software Developer,PingWind,,"Nzalae/ Nzawa locations, Kitui County, Kenya",Kenya,unknown,,,,,,,,,2025-10-08,,Software Development,https://ke.linkedin.com/jobs/view/senior-software-developer-at-pingwind-4312346639,2026-08-30T15:20:58+00:00
cdaf440f33bd4fba,linkedin,4284588044,Software Engineering Manager - Sustaining Engineering,Canonical,,"Nairobi, Nairobi County, Kenya",Kenya,unknown,,,,,,,,,2025-08-14,,Software Development,https://ke.linkedin.com/jobs/view/software-engineering-manager-sustaining-engineering-at-canonical-4284588044,2026-08-30T15:21:06+00:00
bc7db0e2c5828797,linkedin,4376345969,Software Engineering Manager - Cross-platform C++ - Multipass,Canonical,,"Nairobi, Nairobi County, Kenya",Kenya,unknown,,,,,,,,,2026-02-22,,Software Development,https://ke.linkedin.com/jobs/view/software-engineering-manager-cross-platform-c%2B%2B-multipass-at-canonical-4376345969,2026-08-30T15:21:06+00:00
9fa528b6bb460cad,linkedin,4374477774,Software Engineering Manager - Cross-platform C++ - Multipass,Canonical,,"Nairobi, Nairobi County, Kenya",Kenya,unknown,,,,,,,,,2026-02-18,,Software Development,https://ke.linkedin.com/jobs/view/software-engineering-manager-cross-platform-c%2B%2B-multipass-at-canonical-4374477774,2026-08-30T15:21:06+00:00
7cf8e2b783662cbc,linkedin,4340159691,Software Engineering Manager - Cross-platform C++ - Multipass,Canonical,,"Nairobi, Nairobi County, Kenya",Kenya,unknown,,,,,,,,,2025-12-02,,Software Development,https://ke.linkedin.com/jobs/view/software-engineering-manager-cross-platform-c%2B%2B-multipass-at-canonical-4340159691,2026-08-30T15:21:06+00:00
2c41e600ac203148,linkedin,4461007077,Data Engineer,Quik Hire Staffing,,Kenya,Kenya,unknown,,,,,,,,,2026-08-30,,Data & AI,https://ke.linkedin.com/jobs/view/data-engineer-at-quik-hire-staffing-4461007077,2026-08-30T15:21:06+00:00
ca89af515b9578cf,linkedin,4442999215,Associate Flutter Developer,Codeable,,"Oserian Engineering, Nakuru, Kenya",Kenya,unknown,,,,,,,,,2026-07-22,,Software Development,https://ke.linkedin.com/jobs/view/associate-flutter-developer-at-codeable-4442999215,2026-08-30T15:21:06+00:00
9cf290e0f15cabdf,linkedin,4460895710,DevOps Engineer,Hired,,Kenya,Kenya,unknown,,,,,,,,,2026-08-30,,DevOps & Cloud,https://ke.linkedin.com/jobs/view/devops-engineer-at-hired-4460895710,2026-08-30T15:21:06+00:00
9ddbf742cb147f67,linkedin,4446395767,Senior SDET (Software Development Engineer in Test),IgniteTech,,Kenya,Kenya,unknown,,,,,,,,,2026-08-19,,QA & Testing,https://ke.linkedin.com/jobs/view/senior-sdet-software-development-engineer-in-test-at-ignitetech-4446395767,2026-08-30T15:21:06+00:00
4936dd9b86352ee3,linkedin,4358217800,Software Developer (Backend SaaS),Canonical,,"Nairobi, Nairobi County, Kenya",Kenya,unknown,,,,,,,,,2026-01-07,,Software Development,https://ke.linkedin.com/jobs/view/software-developer-backend-saas-at-canonical-4358217800,2026-08-30T15:21:06+00:00
47cffe9cff09bed9,linkedin,4461013054,Senior Machine Learning Engineer (Remote),Jobs Ai,,Kenya,Kenya,remote,Country-only,,,,,,,,2026-08-30,,Data & AI,https://ke.linkedin.com/jobs/view/senior-machine-learning-engineer-remote-at-jobs-ai-4461013054,2026-08-30T15:21:06+00:00
598742e51e71925c,linkedin,4447988771,Data Analyst - Fraud,Moniepoint Group,,Kenya,Kenya,unknown,,,,,,,,,2026-08-25,,Data & AI,https://ke.linkedin.com/jobs/view/data-analyst-fraud-at-moniepoint-group-4447988771,2026-08-30T15:21:13+00:00
4621f7eb60399987,linkedin,4446206607,Data Analyst - Fraud,"Moniepoint, BRM",,Kenya,Kenya,unknown,,,,,,,,,2026-08-03,,Data & AI,https://ke.linkedin.com/jobs/view/data-analyst-fraud-at-moniepoint-brm-4446206607,2026-08-30T15:21:13+00:00
6455856c66e72098,linkedin,4458832852,Data Analyst,Habav,,Kenya,Kenya,unknown,,,,,,,,,2026-08-30,,Data & AI,https://ke.linkedin.com/jobs/view/data-analyst-at-habav-4458832852,2026-08-30T15:21:13+00:00
3a4637fc9a20f2f0,linkedin,4456627547,Data Analyst - Sales,Tropical Heat Group,,"Limuru Central ward, Kiambu, Kenya",Kenya,unknown,,,,,,,,,2026-08-22,,Data & AI,https://ke.linkedin.com/jobs/view/data-analyst-sales-at-tropical-heat-group-4456627547,2026-08-30T15:21:13+00:00
099033d44c8178d7,linkedin,4461006028,Game Data Analyst,Quik Hire Staffing,,Kenya,Kenya,unknown,,,,,,,,,2026-08-30,,Data & AI,https://ke.linkedin.com/jobs/view/game-data-analyst-at-quik-hire-staffing-4461006028,2026-08-30T15:21:13+00:00
cc5b95db4aaea9f5,linkedin,4460892274,Data Analyst (Remote),Hire Feed,,Kenya,Kenya,remote,Country-only,,,,,,,,2026-08-30,,Data & AI,https://ke.linkedin.com/jobs/view/data-analyst-remote-at-hire-feed-4460892274,2026-08-30T15:21:13+00:00
7b9c76917c48d895,linkedin,4457697850,Production Statistician,Sunda International,,"Kajiado County, Kenya",Kenya,unknown,,,,,,,,,2026-08-26,,,https://ke.linkedin.com/jobs/view/production-statistician-at-sunda-international-4457697850,2026-08-30T15:21:13+00:00
b15063f608849157,linkedin,4456875357,Junior Data Quality Analyst,Blue Oak Consulting,,"Nairobi, Nairobi County, Kenya",Kenya,unknown,,,,,,,,,2026-08-24,,Other Tech,https://ke.linkedin.com/jobs/view/junior-data-quality-analyst-at-blue-oak-consulting-4456875357,2026-08-30T15:21:13+00:00
8f63aeae7c745a43,linkedin,4414549697,Business Intelligence Specialist,Ezra,,"Nairobi, Nairobi County, Kenya",Kenya,unknown,,,,,,,,,2026-08-28,,Data & AI,https://ke.linkedin.com/jobs/view/business-intelligence-specialist-at-ezra-4414549697,2026-08-30T15:21:13+00:00
24e048856cc8af54,linkedin,4458982266,Data Scientist,Gulf African Bank,,"Nairobi County, Kenya",Kenya,unknown,,,,,,,,,2026-08-28,,Data & AI,https://ke.linkedin.com/jobs/view/data-scientist-at-gulf-african-bank-4458982266,2026-08-30T15:21:13+00:00
ccb7d2575702b52f,linkedin,4451677694,Data Engineer,Abacus,,"Nairobi, Nairobi County, Kenya",Kenya,unknown,,,,,,,,,2026-08-11,,Data & AI,https://ke.linkedin.com/jobs/view/data-engineer-at-abacus-4451677694,2026-08-30T15:21:21+00:00
4624bd10f83ed27e,linkedin,4449406473,Biostatistician / Geostatistician,AHADI Applied Health Analytics for Delivery & Innovation,,"Nairobi, Nairobi County, Kenya",Kenya,unknown,,,,,,,,,2026-08-05,,Software Development,https://ke.linkedin.com/jobs/view/biostatistician-geostatistician-at-ahadi-applied-health-analytics-for-delivery-innovation-4449406473,2026-08-30T15:21:21+00:00
9e6f31003ef467bc,linkedin,4448958393,Data Engineer (Architect) - 1895,In All Media,,"Nzalae/ Nzawa locations, Kitui County, Kenya",Kenya,unknown,,,,,,,,,2026-07-11,,Data & AI,https://ke.linkedin.com/jobs/view/data-engineer-architect-1895-at-in-all-media-4448958393,2026-08-30T15:21:21+00:00
899bf03a79871475,linkedin,4455351818,Data Analyst,CloudFactory,,"Nairobi, Nairobi County, Kenya",Kenya,unknown,,,,,,,,,2026-08-17,,Data & AI,https://ke.linkedin.com/jobs/view/data-analyst-at-cloudfactory-4455351818,2026-08-30T15:21:21+00:00
d7013539727351bb,linkedin,4443150092,Data Engineer,Terra Softech,,"Oserian Engineering, Nakuru, Kenya",Kenya,unknown,,,,,,,,,2026-07-22,,Data & AI,https://ke.linkedin.com/jobs/view/data-engineer-at-terra-softech-4443150092,2026-08-30T15:21:21+00:00
5adaa02e38171cde,linkedin,4439736252,DATA ENGINEER - MACHINE LEARNING AND DATA ANALYTICS,Hi5Creations,,"Customer, Nakuru, Kenya",Kenya,unknown,,,,,,,,,2026-07-12,,Data & AI,https://ke.linkedin.com/jobs/view/data-engineer-machine-learning-and-data-analytics-at-hi5creations-4439736252,2026-08-30T15:21:21+00:00
ca8426d8a3bc2735,linkedin,4449436287,DATA ENGINEER - MACHINE LEARNING AND DATA ANALYTICS,Afkar Advanced Advisory Group,,"Customer, Nakuru, Kenya",Kenya,unknown,,,,,,,,,2026-08-05,,Data & AI,https://ke.linkedin.com/jobs/view/data-engineer-machine-learning-and-data-analytics-at-afkar-advanced-advisory-group-4449436287,2026-08-30T15:21:21+00:00
9d36c677d02f3c42,linkedin,4460891609,Business Analyst (Remote),Quik Hire Staffing,,Kenya,Kenya,remote,Country-only,,,,,,,,2026-08-30,,Other Tech,https://ke.linkedin.com/jobs/view/business-analyst-remote-at-quik-hire-staffing-4460891609,2026-08-30T15:21:21+00:00
6516efa233232dc6,linkedin,4423004033,Analytics Manager,Yassir,,"Nairobi, Nairobi County, Kenya",Kenya,unknown,,,,,,,,,2026-06-03,,,https://ke.linkedin.com/jobs/view/analytics-manager-at-yassir-4423004033,2026-08-30T15:21:21+00:00
d9b0f32fb586bfbb,linkedin,4456215187,IT SPECIALIST (APPSW),Naval Facilities Engineering Systems Command (NAVFAC),,"Nzalae/ Nzawa locations, Kitui County, Kenya",Kenya,unknown,,,,,,,,,2026-08-21,,,https://ke.linkedin.com/jobs/view/it-specialist-appsw-at-naval-facilities-engineering-systems-command-navfac-4456215187,2026-08-30T15:21:28+00:00
3beab7bb39f0161f,linkedin,4438594010,IT (Information Technology) Supervisor (MJ001996),Sunda International,,Kenya,Kenya,unknown,,,,,,,,,2026-07-09,,Other Tech,https://ke.linkedin.com/jobs/view/it-information-technology-supervisor-mj001996-at-sunda-international-4438594010,2026-08-30T15:21:28+00:00
44bb686c53a44c5b,linkedin,4458511297,Endpoint Solutions Architect,Eliason Corporation,,"Kanzanzu location, Kitui County, Kenya",Kenya,unknown,,,,,,,,,2026-08-24,,Other Tech,https://ke.linkedin.com/jobs/view/endpoint-solutions-architect-at-eliason-corporation-4458511297,2026-08-30T15:21:28+00:00
1584beaa61ecec8c,linkedin,4456571301,Endpoint Solutions Architect,Chase Doors,,"Kanzanzu location, Kitui County, Kenya",Kenya,unknown,,,,,,,,,2026-08-25,,Other Tech,https://ke.linkedin.com/jobs/view/endpoint-solutions-architect-at-chase-doors-4456571301,2026-08-30T15:21:28+00:00
325d3b43ff8447a8,linkedin,4455358260,IT Infrastructure Lead,CloudFactory,,"Nairobi, Nairobi County, Kenya",Kenya,unknown,,,,,,,,,2026-08-17,,,https://ke.linkedin.com/jobs/view/it-infrastructure-lead-at-cloudfactory-4455358260,2026-08-30T15:21:28+00:00
bcad94ae2fd01eff,linkedin,4448146613,Information Specialist (MJ002116),Sunda International,,Kenya,Kenya,unknown,,,,,,,,,2026-08-03,,,https://ke.linkedin.com/jobs/view/information-specialist-mj002116-at-sunda-international-4448146613,2026-08-30T15:21:28+00:00
d78ba1f450b021b5,linkedin,4455363037,IT Operations Specialist,CloudFactory,,"Nairobi, Nairobi County, Kenya",Kenya,unknown,,,,,,,,,2026-08-17,,,https://ke.linkedin.com/jobs/view/it-operations-specialist-at-cloudfactory-4455363037,2026-08-30T15:21:28+00:00
30d2fa49879b5336,linkedin,4265139314,Data Network Specialist,Tikona,,"Nzalae/ Nzawa locations, Kitui County, Kenya",Kenya,unknown,,,,,,,,,2025-07-11,,Other Tech,https://ke.linkedin.com/jobs/view/data-network-specialist-at-tikona-4265139314,2026-08-30T15:21:28+00:00
86ad5c76a4c4c573,linkedin,4457644304,Tier 3 IT Support & NOC Engineer- Kenya,Softgic,,"Nairobi, Nairobi County, Kenya",Kenya,unknown,,,,,,,,,2026-08-25,,IT Support & Networking,https://ke.linkedin.com/jobs/view/tier-3-it-support-noc-engineer-kenya-at-softgic-4457644304,2026-08-30T15:21:28+00:00
3d5b4596b574b24b,linkedin,4437993707,Information Security Officer,Super,,"All Nation, Nakuru, Kenya",Kenya,unknown,,,,,,,,,2026-08-21,,,https://ke.linkedin.com/jobs/view/information-security-officer-at-super-4437993707,2026-08-30T15:21:34+00:00
a85d9faa9c77f256,linkedin,4453976725,TECH LEAD,Tsukumo,,"Oserian Engineering, Nakuru, Kenya",Kenya,unknown,,,,,,,,,2026-08-16,,Other Tech,https://ke.linkedin.com/jobs/view/tech-lead-at-tsukumo-4453976725,2026-08-30T15:21:34+00:00
dd62241ce0f91fd5,linkedin,4459117338,BSS Analyst (Telecom),BCS Technology International Pty Ltd,,"Nairobi County, Kenya",Kenya,unknown,,,,,,,,,2026-08-26,,Other Tech,https://ke.linkedin.com/jobs/view/bss-analyst-telecom-at-bcs-technology-international-pty-ltd-4459117338,2026-08-30T15:21:34+00:00
706c8b12854b9ae8,linkedin,4438126617,ServiceNow System Administrator,International Rescue Committee,,"Nairobi, Nairobi County, Kenya",Kenya,unknown,,,,,,,,,2026-07-14,,,https://ke.linkedin.com/jobs/view/servicenow-system-administrator-at-international-rescue-committee-4438126617,2026-08-30T15:21:34+00:00
d9db1db11b1ed801,linkedin,4440552715,Technologist,Tatu City,,"Tatu City, Kiambu, Kenya",Kenya,unknown,,,,,,,,,2026-07-14,,,https://ke.linkedin.com/jobs/view/technologist-at-tatu-city-4440552715,2026-08-30T15:21:34+00:00
b485e754acec2d81,linkedin,4389462952,IT Assistant,Radisson Hotel Group,,"Nairobi, Nairobi County, Kenya",Kenya,unknown,,,,,,,,,2026-03-24,,,https://ke.linkedin.com/jobs/view/it-assistant-at-radisson-hotel-group-4389462952,2026-08-30T15:21:34+00:00
66a36b1c1ff5d154,linkedin,4448531382,"Director, People Technology",Transcarent,,"Nzalae/ Nzawa locations, Kitui County, Kenya",Kenya,unknown,,,,,,,,,2026-08-26,,,https://ke.linkedin.com/jobs/view/director-people-technology-at-transcarent-4448531382,2026-08-30T15:21:34+00:00
d6f8a246e8fb8952,linkedin,4458002220,Technical Support Engineer,Suprema Inc.,,"Nairobi County, Kenya",Kenya,unknown,,,,,,,,,2026-08-27,,Other Tech,https://ke.linkedin.com/jobs/view/technical-support-engineer-at-suprema-inc-4458002220,2026-08-30T15:21:40+00:00
d3714a37d4d01f3b,linkedin,4459876067,Partner Technical Lead - Africa,AST SpaceMobile,,"Ngeria, Uasin Gishu County, Kenya",Kenya,unknown,,,,,,,,,2026-08-27,,Other Tech,https://ke.linkedin.com/jobs/view/partner-technical-lead-africa-at-ast-spacemobile-4459876067,2026-08-30T15:21:40+00:00
8c2096e91f776f2d,linkedin,4443597414,System Engineering Director,jeans test,,"Oserian Engineering, Nakuru, Kenya",Kenya,unknown,,,,,,,,,2026-07-21,,Other Tech,https://ke.linkedin.com/jobs/view/system-engineering-director-at-jeans-test-4443597414,2026-08-30T15:21:40+00:00
f85533175269e153,linkedin,4456467712,"Internal Controls Manager, Technology",Stanbic Bank Kenya,,"Nairobi County, Kenya",Kenya,unknown,,,,,,,,,2026-08-20,,,https://ke.linkedin.com/jobs/view/internal-controls-manager-technology-at-stanbic-bank-kenya-4456467712,2026-08-30T15:21:40+00:00
8895a091ab560118,linkedin,4451919120,Product Technical Support (T1),Assent,,"Eldoret, Uasin Gishu County, Kenya",Kenya,unknown,,,,,,,,,2026-08-20,,Other Tech,https://ke.linkedin.com/jobs/view/product-technical-support-t1-at-assent-4451919120,2026-08-30T15:21:40+00:00
9256e8c330933e6e,linkedin,4433147999,Senior Technical Consultant,"MBCOM Technologies, Broadcom Representative",,"Nairobi County, Kenya",Kenya,unknown,,,,,,,,,2026-07-17,,Other Tech,https://ke.linkedin.com/jobs/view/senior-technical-consultant-at-mbcom-technologies-broadcom-representative-4433147999,2026-08-30T15:21:40+00:00
dec737ab2d35dc03,linkedin,4451684055,AI Expert – Digital Transformation in Private Equity (m/f/x) - Midwest US,Mutares SE & Co. KGaA,,"Nzalae/ Nzawa locations, Kitui County, Kenya",Kenya,unknown,,,,,,,,,2026-08-11,,Data & AI,https://ke.linkedin.com/jobs/view/ai-expert-%E2%80%93-digital-transformation-in-private-equity-m-f-x-midwest-us-at-mutares-se-co-kgaa-4451684055,2026-08-30T15:21:40+00:00
776fd2ae07d5b7f9,linkedin,4431785112,Business Technology Senior Manager,Enko Education,,"Nairobi, Nairobi County, Kenya",Kenya,unknown,,,,,,,,,2026-06-22,,,https://ke.linkedin.com/jobs/view/business-technology-senior-manager-at-enko-education-4431785112,2026-08-30T15:21:40+00:00
e44c61cd0fd2ca36,linkedin,4459859165,Partner Technical Lead - Africa,AST SpaceMobile,,Kenya,Kenya,unknown,,,,,,,,,2026-08-27,,Other Tech,https://ke.linkedin.com/jobs/view/partner-technical-lead-africa-at-ast-spacemobile-4459859165,2026-08-30T15:21:40+00:00
557c016d763f6ef9,linkedin,4453573365,Network Technician Level 2 (CCNA or equivalent) - Nairobi,BRILLIANT COMPUTERS CITADEL AND INFORMATION TECHNOLOGY,,"Nairobi, Nairobi County, Kenya",Kenya,unknown,,,,,,,,,2026-08-14,,,https://ke.linkedin.com/jobs/view/network-technician-level-2-ccna-or-equivalent-nairobi-at-brilliant-computers-citadel-and-information-technology-4453573365,2026-08-30T15:21:48+00:00
b2b2dbf0a1315571,linkedin,4382616612,Data Center Technician - Kenya - Nairobi - On-site,Reboot Monkey,,"Nairobi, Nairobi County, Kenya",Kenya,onsite,,,,,,,,,2026-03-07,,Other Tech,https://ke.linkedin.com/jobs/view/data-center-technician-kenya-nairobi-on-site-at-reboot-monkey-4382616612,2026-08-30T15:21:48+00:00
cda9528dd52731c7,linkedin,4382625096,Data Center Technician - Kenya - Gateway Business Park - On-site,Reboot Monkey,,"Nairobi, Nairobi County, Kenya",Kenya,onsite,,,,,,,,,2026-03-07,,Other Tech,https://ke.linkedin.com/jobs/view/data-center-technician-kenya-gateway-business-park-on-site-at-reboot-monkey-4382625096,2026-08-30T15:21:48+00:00
7f0a2159948e66f4,linkedin,4382618518,Data Center Technician - Kenya - Karen - On-site,Reboot Monkey,,"Nairobi, Nairobi County, Kenya",Kenya,onsite,,,,,,,,,2026-03-07,,Other Tech,https://ke.linkedin.com/jobs/view/data-center-technician-kenya-karen-on-site-at-reboot-monkey-4382618518,2026-08-30T15:21:48+00:00
c9a0d9a06ec0fc97,linkedin,4382619378,Data Center Technician - Kenya - On-site,Reboot Monkey,,"Nairobi, Nairobi County, Kenya",Kenya,onsite,,,,,,,,,2026-03-07,,Other Tech,https://ke.linkedin.com/jobs/view/data-center-technician-kenya-on-site-at-reboot-monkey-4382619378,2026-08-30T15:21:48+00:00
7f282159848a1dab,linkedin,4382619256,Data Center Technician - Kenya - Gateway Business Park - On-site,Reboot Monkey,,"Nairobi, Nairobi County, Kenya",Kenya,onsite,,,,,,,,,2026-03-07,,Other Tech,https://ke.linkedin.com/jobs/view/data-center-technician-kenya-gateway-business-park-on-site-at-reboot-monkey-4382619256,2026-08-30T15:21:48+00:00
6618e6bbfd5e9f58,linkedin,4450122257,Technical Support Agent (Tier 2),Influx,,Kenya,Kenya,unknown,,,,,,,,,2026-08-24,,Other Tech,https://ke.linkedin.com/jobs/view/technical-support-agent-tier-2-at-influx-4450122257,2026-08-30T15:21:48+00:00
d8631381f04c5575,linkedin,4456308229,Technical Support Agent (L2),Influx,,Kenya,Kenya,unknown,,,,,,,,,2026-08-19,,Other Tech,https://ke.linkedin.com/jobs/view/technical-support-agent-l2-at-influx-4456308229,2026-08-30T15:21:48+00:00
2143054917dc4c89,linkedin,4453579405,"Network Technician Level 3 (CCNP, CCIE) - Nairobi",BRILLIANT COMPUTERS CITADEL AND INFORMATION TECHNOLOGY,,"Nairobi, Nairobi County, Kenya",Kenya,unknown,,,,,,,,,2026-08-14,,,https://ke.linkedin.com/jobs/view/network-technician-level-3-ccnp-ccie-nairobi-at-brilliant-computers-citadel-and-information-technology-4453579405,2026-08-30T15:21:48+00:00
a5561730e6bdf196,linkedin,4455461283,6927 Software Architect - Kenya,Softgic,,Kenya,Kenya,unknown,,,,,,,,,2026-08-19,,Other Tech,https://ke.linkedin.com/jobs/view/6927-software-architect-kenya-at-softgic-4455461283,2026-08-30T15:21:48+00:00
b3cc3d293f9a5c32,linkedin,4166246325,Software Engineer at EHA Clinics,EHA Clinics,,Nigeria,Nigeria,unknown,,,,,,,,,2025-02-02,,Software Development,https://ng.linkedin.com/jobs/view/software-engineer-at-eha-clinics-at-eha-clinics-4166246325,2026-08-30T15:21:55+00:00
5ffb2ee62f7c81d6,linkedin,4443742765,"ERP Software DeveloperDec 9, 2025",The Oil Zone,,"Rivers State, Nigeria",Nigeria,unknown,,,,,,,,,2026-07-22,,Software Development,https://ng.linkedin.com/jobs/view/erp-software-developerdec-9-2025-at-the-oil-zone-4443742765,2026-08-30T15:21:55+00:00
4b1342fa050459cd,linkedin,4163580483,Mid-Level Software Developer at eHealth Africa,eHealth Africa,,Nigeria,Nigeria,unknown,,,,,,,,,2025-01-31,,Software Development,https://ng.linkedin.com/jobs/view/mid-level-software-developer-at-ehealth-africa-at-ehealth-africa-4163580483,2026-08-30T15:21:55+00:00
763ed42dc3ea04a8,linkedin,4431376301,Software Engineer II Needed at Microsoft Nigeria,Bankable Wisdom,,Nigeria,Nigeria,unknown,,,,,,,,,2026-06-21,,Software Development,https://ng.linkedin.com/jobs/view/software-engineer-ii-needed-at-microsoft-nigeria-at-bankable-wisdom-4431376301,2026-08-30T15:21:55+00:00
4fce4f0091c0efb4,linkedin,4432809567,Backend Developer,Yiino,,Nigeria,Nigeria,unknown,,,,,,,,,2026-06-24,,Software Development,https://ng.linkedin.com/jobs/view/backend-developer-at-yiino-4432809567,2026-08-30T15:21:55+00:00
739fefe080e05af1,linkedin,4437977438,Software Engineer,Enet Technologies,,"Abuja, Federal Capital Territory, Nigeria",Nigeria,unknown,,,,,,,,,2026-07-10,,Software Development,https://ng.linkedin.com/jobs/view/software-engineer-at-enet-technologies-4437977438,2026-08-30T15:21:55+00:00
5585e763313d2577,linkedin,4442264015,Backend Engineer,WeGoHostU Web & App Services LLC,,"Oshogbo, Osun State, Nigeria",Nigeria,unknown,,,,,,,,,2026-07-21,,Software Development,https://ng.linkedin.com/jobs/view/backend-engineer-at-wegohostu-web-app-services-llc-4442264015,2026-08-30T15:21:55+00:00
b59c07eca04c9f5e,linkedin,4166240827,Software Engineer – Mobile at Shara Inc.,Shara,,"Lagos, Lagos State, Nigeria",Nigeria,unknown,,,,,,,,,2025-02-02,,Software Development,https://ng.linkedin.com/jobs/view/software-engineer-%E2%80%93-mobile-at-shara-inc-at-shara-4166240827,2026-08-30T15:21:55+00:00
28954e4c71b74dab,linkedin,4431366400,Software Engineer Needed at PressOne Africa,Bankable Wisdom,,Nigeria,Nigeria,unknown,,,,,,,,,2026-06-21,,Software Development,https://ng.linkedin.com/jobs/view/software-engineer-needed-at-pressone-africa-at-bankable-wisdom-4431366400,2026-08-30T15:21:55+00:00
9b6d14cb56d135bf,linkedin,4431655232,Backend Developer,TurboFlux Network Solutions Ltd (TFN Solutions),,"Awka South, Anambra State, Nigeria",Nigeria,unknown,,,,,,,,,2026-06-22,,Software Development,https://ng.linkedin.com/jobs/view/backend-developer-at-turboflux-network-solutions-ltd-tfn-solutions-4431655232,2026-08-30T15:21:55+00:00
fb14a7a5f0a0154c,linkedin,4436681291,Mobile Developer,Vickeny,,"Ado-Ekiti, Ekiti State, Nigeria",Nigeria,unknown,,,,,,,,,2026-07-11,,Software Development,https://ng.linkedin.com/jobs/view/mobile-developer-at-vickeny-4436681291,2026-08-30T15:22:03+00:00
1c80b1771665dea8,linkedin,4460571615,Backend Engineer,Resolve To Save Lives,,Nigeria,Nigeria,unknown,,,,,,,,,2026-08-29,,Software Development,https://ng.linkedin.com/jobs/view/backend-engineer-at-resolve-to-save-lives-4460571615,2026-08-30T15:22:03+00:00
2ddbfb060b6a8366,linkedin,4163583210,Full Stack Developer at TomX Credit Limited,TomX Holdings,,Nigeria,Nigeria,unknown,,,,,,,,,2025-01-31,,Software Development,https://ng.linkedin.com/jobs/view/full-stack-developer-at-tomx-credit-limited-at-tomx-holdings-4163583210,2026-08-30T15:22:03+00:00
4528ec971114c4c7,linkedin,4422708527,Python Developer at Uridium Technologies Limited,Uridium Technologies,,"Lagos, Lagos State, Nigeria",Nigeria,unknown,,,,,,,,,2026-06-08,,Software Development,https://ng.linkedin.com/jobs/view/python-developer-at-uridium-technologies-limited-at-uridium-technologies-4422708527,2026-08-30T15:22:03+00:00
f7fedd24a60dead3,linkedin,4163577872,Programmer at Risk Control Services Nigeria Limited,Risk Control Services Nigeria Limited,,"Lagos, Lagos State, Nigeria",Nigeria,unknown,,,,,,,,,2025-01-31,,Software Development,https://ng.linkedin.com/jobs/view/programmer-at-risk-control-services-nigeria-limited-at-risk-control-services-nigeria-limited-4163577872,2026-08-30T15:22:03+00:00
12c564c2ae9319e3,linkedin,3937701458,Computer Software Officer at Compovine Technologies Limited,COMPOVINE TECHNOLOGIES LIMITED,,"Lagos, Lagos State, Nigeria",Nigeria,unknown,,,,,,,,,2024-05-05,,Other Tech,https://ng.linkedin.com/jobs/view/computer-software-officer-at-compovine-technologies-limited-at-compovine-technologies-limited-3937701458,2026-08-30T15:22:03+00:00
78cc93f2f3e01992,linkedin,4436665700,Frontend Developer,Vickeny,,"Ado-Ekiti, Ekiti State, Nigeria",Nigeria,unknown,,,,,,,,,2026-07-11,,Software Development,https://ng.linkedin.com/jobs/view/frontend-developer-at-vickeny-4436665700,2026-08-30T15:22:03+00:00
5d90c2dbb811e73c,linkedin,4166243607,Backend Developer at Walex Biz Nigeria Limited,Walex Products Company,,Nigeria,Nigeria,unknown,,,,,,,,,2025-02-02,,Software Development,https://ng.linkedin.com/jobs/view/backend-developer-at-walex-biz-nigeria-limited-at-walex-products-company-4166243607,2026-08-30T15:22:03+00:00
d8151417f7a47a47,linkedin,4163574748,Full Stack Engineer at Abbey Mortgage Bank Plc,Abbey Bank Plc,,"Lagos, Lagos State, Nigeria",Nigeria,unknown,,,,,,,,,2025-01-31,,Software Development,https://ng.linkedin.com/jobs/view/full-stack-engineer-at-abbey-mortgage-bank-plc-at-abbey-bank-plc-4163574748,2026-08-30T15:22:03+00:00
65a639fee13b85ab,linkedin,4447290511,Backend Engineer,Kuda,,"Lagos, Lagos State, Nigeria",Nigeria,unknown,,,,,,,,,2026-07-06,,Software Development,https://ng.linkedin.com/jobs/view/backend-engineer-at-kuda-4447290511,2026-08-30T15:22:03+00:00
6c63115f5cc5bed0,linkedin,4460895181,Java Developer,Hired,,Nigeria,Nigeria,unknown,,,,,,,,,2026-08-30,,Software Development,https://ng.linkedin.com/jobs/view/java-developer-at-hired-4460895181,2026-08-30T15:22:10+00:00
7e7edb8dd969ccb5,linkedin,4460897274,Golang Developer (Remote),Hire Feed,,Nigeria,Nigeria,remote,Country-only,,,,,,,,2026-08-30,,Software Development,https://ng.linkedin.com/jobs/view/golang-developer-remote-at-hire-feed-4460897274,2026-08-30T15:22:10+00:00
fb839e982af8a368,linkedin,4449056749,ERP Implementation Consultant,ion codex,,Nigeria,Nigeria,unknown,,,,,,,,,2026-08-04,,Other Tech,https://ng.linkedin.com/jobs/view/erp-implementation-consultant-at-ion-codex-4449056749,2026-08-30T15:22:10+00:00
4167b9fbaef30786,linkedin,4323184627,BlockChain Developer,Impronics Technologies,,Nigeria,Nigeria,unknown,,,,,,,,,2025-11-18,,Software Development,https://ng.linkedin.com/jobs/view/blockchain-developer-at-impronics-technologies-4323184627,2026-08-30T15:22:10+00:00
83b67305ee8c7b4f,linkedin,4438894599,Full Stack Engineer (NestJS Backend & Next.js Frontend),Lorgarithm,,"Lagos, Lagos State, Nigeria",Nigeria,unknown,,,,,,,,,2026-07-10,,Software Development,https://ng.linkedin.com/jobs/view/full-stack-engineer-nestjs-backend-next-js-frontend-at-lorgarithm-4438894599,2026-08-30T15:22:10+00:00
c109f5a5283c2b8b,linkedin,4443186298,Mobile Engineer,SohCahToa Holdings,,"Lagos, Lagos State, Nigeria",Nigeria,unknown,,,,,,,,,2026-07-22,,Other Tech,https://ng.linkedin.com/jobs/view/mobile-engineer-at-sohcahtoa-holdings-4443186298,2026-08-30T15:22:10+00:00
c74295c9a5033072,linkedin,4460895649,Python Developer,Jobs Ai,,Nigeria,Nigeria,unknown,,,,,,,,,2026-08-30,,Software Development,https://ng.linkedin.com/jobs/view/python-developer-at-jobs-ai-4460895649,2026-08-30T15:22:10+00:00
941252accac40ec3,linkedin,4117932522,"Full Stack Developer [C#, .Net, Reactjs]",INFINION,,Nigeria,Nigeria,unknown,,,,,,,,,2025-01-07,,Software Development,https://ng.linkedin.com/jobs/view/full-stack-developer-c%23-net-reactjs-at-infinion-4117932522,2026-08-30T15:22:10+00:00
9cc03156407a3fee,linkedin,4448966537,Full Stack Engineer (Python/Django Backend & Next.js Frontend),Lorgarithm,,"Lagos, Lagos State, Nigeria",Nigeria,unknown,,,,,,,,,2026-08-05,,Software Development,https://ng.linkedin.com/jobs/view/full-stack-engineer-python-django-backend-next-js-frontend-at-lorgarithm-4448966537,2026-08-30T15:22:10+00:00
87494f8edd59138c,linkedin,4434545413,Web Developer at Compovine Technologies Limited,COMPOVINE TECHNOLOGIES LIMITED,,"Lagos, Lagos State, Nigeria",Nigeria,unknown,,,,,,,,,2026-07-07,,Software Development,https://ng.linkedin.com/jobs/view/web-developer-at-compovine-technologies-limited-at-compovine-technologies-limited-4434545413,2026-08-30T15:22:10+00:00
336c952a94489a23,linkedin,4439231347,Python Web (Django) Developer at eHealth4everyone,eHealth4everyone,,Nigeria,Nigeria,unknown,,,,,,,,,2026-07-16,,Software Development,https://ng.linkedin.com/jobs/view/python-web-django-developer-at-ehealth4everyone-at-ehealth4everyone-4439231347,2026-08-30T15:22:17+00:00
15492bd83cd25c2c,linkedin,4431230253,Backend AI Engineer (Financial Services Platform),TeKnowledge,,"Lagos, Lagos State, Nigeria",Nigeria,unknown,,,,,,,,,2026-08-18,,Software Development,https://ng.linkedin.com/jobs/view/backend-ai-engineer-financial-services-platform-at-teknowledge-4431230253,2026-08-30T15:22:17+00:00
2c39c93d0ad664fa,linkedin,4166247327,"Specialist, Enterprise Solution Development at 9mobile Nigeria",9mobile,,"Lagos, Lagos State, Nigeria",Nigeria,unknown,,,,,,,,,2025-02-02,,Other Tech,https://ng.linkedin.com/jobs/view/specialist-enterprise-solution-development-at-9mobile-nigeria-at-9mobile-4166247327,2026-08-30T15:22:17+00:00
843ccfd79d1a3964,linkedin,4117929753,Power Platform Developer,INFINION,,Nigeria,Nigeria,unknown,,,,,,,,,2025-01-07,,Software Development,https://ng.linkedin.com/jobs/view/power-platform-developer-at-infinion-4117929753,2026-08-30T15:22:17+00:00
a144941547fb156e,linkedin,4449482465,Full Stack Web Developer Laravel,Fortran House Technologies,,"Lagos, Lagos State, Nigeria",Nigeria,unknown,,,,,,,,,2026-08-05,,Software Development,https://ng.linkedin.com/jobs/view/full-stack-web-developer-laravel-at-fortran-house-technologies-4449482465,2026-08-30T15:22:17+00:00
278616715392379a,linkedin,4448941951,Software Developer - Telecom,mCore Systems,,"Lagos, Lagos State, Nigeria",Nigeria,unknown,,,,,,,,,2026-08-05,,Software Development,https://ng.linkedin.com/jobs/view/software-developer-telecom-at-mcore-systems-4448941951,2026-08-30T15:22:17+00:00
554cda344ec271ba,linkedin,4445994149,Staff Software Engineer – AI-Native Development & Agent Orchestration,IgniteTech,,Nigeria,Nigeria,unknown,,,,,,,,,2026-08-18,,Software Development,https://ng.linkedin.com/jobs/view/staff-software-engineer-%E2%80%93-ai-native-development-agent-orchestration-at-ignitetech-4445994149,2026-08-30T15:22:17+00:00
b313bebb5f2f3bd3,linkedin,4449485343,Frontend Web Developer VueJs/React,Fortran House Technologies,,"Lagos, Lagos State, Nigeria",Nigeria,unknown,,,,,,,,,2026-08-05,,Software Development,https://ng.linkedin.com/jobs/view/frontend-web-developer-vuejs-react-at-fortran-house-technologies-4449485343,2026-08-30T15:22:17+00:00
17d2702401dd3d5f,linkedin,4458420356,Senior Back End Engineer,Expert Listing Limited,,"Lekki, Lagos State, Nigeria",Nigeria,unknown,,,,,,,,,2026-08-28,,Other Tech,https://ng.linkedin.com/jobs/view/senior-back-end-engineer-at-expert-listing-limited-4458420356,2026-08-30T15:22:17+00:00
d4bf8179cddbe141,linkedin,4456903967,Senior Full Stack Developer at Alfred and Victoria Associates,Alfred and Victoria Associates,,"Lagos, Lagos State, Nigeria",Nigeria,unknown,,,,,,,,,2026-08-24,,Software Development,https://ng.linkedin.com/jobs/view/senior-full-stack-developer-at-alfred-and-victoria-associates-at-alfred-and-victoria-associates-4456903967,2026-08-30T15:22:17+00:00
fdf48e278c57db2e,linkedin,4376446172,Data Engineer,Babban Gona,,"Lagos, Lagos State, Nigeria",Nigeria,unknown,,,,,,,,,2026-02-24,,Data & AI,https://ng.linkedin.com/jobs/view/data-engineer-at-babban-gona-4376446172,2026-08-30T15:22:23+00:00
8eb6513b2f918da7,linkedin,4452870122,Senior AI Platform Engineer,Oyster®,,Nigeria,Nigeria,unknown,,,,,,,,,2026-08-19,,Data & AI,https://ng.linkedin.com/jobs/view/senior-ai-platform-engineer-at-oyster%C2%AE-4452870122,2026-08-30T15:22:23+00:00
c9fc9d437eec14da,linkedin,4445170224,Embedded Systems Engineer,Miri Africa,,Nigeria,Nigeria,unknown,,,,,,,,,2026-07-27,,Other Tech,https://ng.linkedin.com/jobs/view/embedded-systems-engineer-at-miri-africa-4445170224,2026-08-30T15:22:23+00:00
91fb4bccd1a05c05,linkedin,4442015035,Ausbildung zum Fachinformatiker Softwareentwicklung,X-CASE GmbH,,"Hong, Adamawa State, Nigeria",Nigeria,unknown,,,,,,,,,2026-07-20,,Other Tech,https://ng.linkedin.com/jobs/view/ausbildung-zum-fachinformatiker-softwareentwicklung-at-x-case-gmbh-4442015035,2026-08-30T15:22:23+00:00
9d9bc820641f1c76,linkedin,4421796797,DevOps Engineer,TeKnowledge,,"Lagos State, Nigeria",Nigeria,unknown,,,,,,,,,2026-08-25,,DevOps & Cloud,https://ng.linkedin.com/jobs/view/devops-engineer-at-teknowledge-4421796797,2026-08-30T15:22:23+00:00
db66c9bf2982b127,linkedin,4458681663,"STAFF ENGINEER, CORE AT FLUTTERWAVE | ENGINEERING JOBS IN LAGOS",JOBBERNAIJA,,Nigeria,Nigeria,unknown,,,,,,,,,2026-08-27,,Other Tech,https://ng.linkedin.com/jobs/view/staff-engineer-core-at-flutterwave-engineering-jobs-in-lagos-at-jobbernaija-4458681663,2026-08-30T15:22:23+00:00
ce3355341a6a407f,linkedin,4453618792,Machine Learning Engineer | Sponsor US H1B,Meriti Inc,,Nigeria,Nigeria,unknown,,,,,,,,,2026-08-13,,Data & AI,https://ng.linkedin.com/jobs/view/machine-learning-engineer-sponsor-us-h1b-at-meriti-inc-4453618792,2026-08-30T15:22:23+00:00
af04a4eb8ae3082e,linkedin,4458681662,JOB RECRUITMENT AT FLUTTERWAVE (5 POSITIONS),JOBBERNAIJA,,Nigeria,Nigeria,unknown,,,,,,,,,2026-08-27,,,https://ng.linkedin.com/jobs/view/job-recruitment-at-flutterwave-5-positions-at-jobbernaija-4458681662,2026-08-30T15:22:23+00:00
0c7b95fcce0c84a4,linkedin,4361947218,Frontend Software Specialist – MSC Gemi Acenteliği A.Ş.,Dudullu OSB Boğaziçi Üniversitesi Teknopark A.Ş. (BÜDOTEK),,"Mah, Kaduna State, Nigeria",Nigeria,unknown,,,,,,,,,2026-01-21,,Software Development,https://ng.linkedin.com/jobs/view/frontend-software-specialist-%E2%80%93-msc-gemi-acenteli%C4%9Fi-a-%C5%9F-at-dudullu-osb-bo%C4%9Fazi%C3%A7i-%C3%BCniversitesi-teknopark-a-%C5%9F-b%C3%BCdotek-4361947218,2026-08-30T15:22:23+00:00
1ec60955395828b7,linkedin,4166251110,Senior Mobile Developer at Zojatech Limited,Zojatech,,"Lagos, Lagos State, Nigeria",Nigeria,unknown,,,,,,,,,2025-02-02,,Software Development,https://ng.linkedin.com/jobs/view/senior-mobile-developer-at-zojatech-limited-at-zojatech-4166251110,2026-08-30T15:22:23+00:00
1b918e4c03eedf1f,linkedin,4431633637,DevOps Engineer,TurboFlux Network Solutions Ltd (TFN Solutions),,Nigeria,Nigeria,unknown,,,,,,,,,2026-06-22,,DevOps & Cloud,https://ng.linkedin.com/jobs/view/devops-engineer-at-turboflux-network-solutions-ltd-tfn-solutions-4431633637,2026-08-30T15:22:30+00:00
6b4da4d8caf5b632,linkedin,4458631213,Site Reliability Engineer,Heirs Technologies,,Nigeria,Nigeria,unknown,,,,,,,,,2026-08-27,,DevOps & Cloud,https://ng.linkedin.com/jobs/view/site-reliability-engineer-at-heirs-technologies-4458631213,2026-08-30T15:22:30+00:00
69f3966453c221a8,linkedin,4446551170,AI Data Curator / Data Engineer,DataLens Africa,,Nigeria,Nigeria,unknown,,,,,,,,,2026-07-29,,Data & AI,https://ng.linkedin.com/jobs/view/ai-data-curator-data-engineer-at-datalens-africa-4446551170,2026-08-30T15:22:30+00:00
8c0caee189004f59,linkedin,4426571118,Software Engineering Manager,Cavista Technologies,,Nigeria,Nigeria,unknown,,,,,,,,,2026-06-09,,Software Development,https://ng.linkedin.com/jobs/view/software-engineering-manager-at-cavista-technologies-4426571118,2026-08-30T15:22:30+00:00
1a798fe17a74e31e,linkedin,4166249085,Website Administrator / Developer at Digital Marketing Skill Institute Services Limited,Digital Marketing Skill Institute,,"Lagos, Lagos State, Nigeria",Nigeria,unknown,,,,,,,,,2025-02-02,,Software Development,https://ng.linkedin.com/jobs/view/website-administrator-developer-at-digital-marketing-skill-institute-services-limited-at-digital-marketing-skill-institute-4166249085,2026-08-30T15:22:30+00:00
e7c14611dff5a94c,linkedin,4209664420,fb reminder,Microsoft Middleware Test Company,,"Gidan Hamma, Sokoto State, Nigeria",Nigeria,unknown,,,,,,,,,2025-04-14,,,https://ng.linkedin.com/jobs/view/fb-reminder-at-microsoft-middleware-test-company-4209664420,2026-08-30T15:22:30+00:00
f789e9851a02ca03,linkedin,3846898155,"Lead, Business and Custom Applications at Signal Alliance Limited",Signal Alliance Technology Holding,,"Lagos, Lagos State, Nigeria",Nigeria,unknown,,,,,,,,,2024-02-14,,,https://ng.linkedin.com/jobs/view/lead-business-and-custom-applications-at-signal-alliance-limited-at-signal-alliance-technology-holding-3846898155,2026-08-30T15:22:30+00:00
ef028694d50fdafe,linkedin,4457619870,"Professional Services Engineer, Quark (Remote) - $15,000/year USD",Crossover,,Nigeria,Nigeria,remote,Country-only,,,,,,,,2026-08-28,,Other Tech,https://ng.linkedin.com/jobs/view/professional-services-engineer-quark-remote-%2415-000-year-usd-at-crossover-4457619870,2026-08-30T15:22:30+00:00
8faacab084b081f4,linkedin,4431366396,Backend Developer Needed at ATC Africa,Bankable Wisdom,,Nigeria,Nigeria,unknown,,,,,,,,,2026-06-21,,Software Development,https://ng.linkedin.com/jobs/view/backend-developer-needed-at-atc-africa-at-bankable-wisdom-4431366396,2026-08-30T15:22:30+00:00
dbe4729ca2959240,linkedin,4431373334,Full-time Backend Developer,Bankable Wisdom,,Nigeria,Nigeria,unknown,,,,,,,,,2026-06-21,,Software Development,https://ng.linkedin.com/jobs/view/full-time-backend-developer-at-bankable-wisdom-4431373334,2026-08-30T15:22:30+00:00
f3ad813cc2f654a5,linkedin,4432809566,Senior Full Stack Engineer,Yiino,,Nigeria,Nigeria,unknown,,,,,,,,,2026-06-24,,Software Development,https://ng.linkedin.com/jobs/view/senior-full-stack-engineer-at-yiino-4432809566,2026-08-30T15:22:37+00:00
bfca49a28dc7a74c,linkedin,4422286722,Senior Software Engineer,Kuda,,"Lagos, Lagos State, Nigeria",Nigeria,unknown,,,,,,,,,2026-06-09,,Software Development,https://ng.linkedin.com/jobs/view/senior-software-engineer-at-kuda-4422286722,2026-08-30T15:22:37+00:00
524e86ee59ba22d7,linkedin,4350146304,Software Engineer – Data Infrastructure – OpenSearch / ElasticSearch at Canonical Nigeria,Canonical,,Nigeria,Nigeria,unknown,,,,,,,,,2025-11-24,,Software Development,https://ng.linkedin.com/jobs/view/software-engineer-%E2%80%93-data-infrastructure-%E2%80%93-opensearch-elasticsearch-at-canonical-nigeria-at-canonical-4350146304,2026-08-30T15:22:37+00:00
93c0a16c2eb521c6,linkedin,4431374347,Remote Backend Engineer Needed at Trustlab,Bankable Wisdom,,Nigeria,Nigeria,remote,Country-only,,,,,,,,2026-06-21,,Software Development,https://ng.linkedin.com/jobs/view/remote-backend-engineer-needed-at-trustlab-at-bankable-wisdom-4431374347,2026-08-30T15:22:37+00:00
c63c605bd3207ee0,linkedin,4431381255,Accelerex is Hiring Software Developers (Backend),Bankable Wisdom,,Nigeria,Nigeria,unknown,,,,,,,,,2026-06-21,,Software Development,https://ng.linkedin.com/jobs/view/accelerex-is-hiring-software-developers-backend-at-bankable-wisdom-4431381255,2026-08-30T15:22:37+00:00
5a0c7c455bba813e,linkedin,4199889096,"Distributed Systems Software Engineer, Python / Go",Canonical,,Nigeria,Nigeria,unknown,,,,,,,,,2025-04-02,,Software Development,https://ng.linkedin.com/jobs/view/distributed-systems-software-engineer-python-go-at-canonical-4199889096,2026-08-30T15:22:37+00:00
854031829143f7d3,linkedin,3851767676,Submit CVs – New Recruitment at Tezza Business Solutions Limited (7 Positions),Tezza Business Solutions Ltd,,"Lagos, Lagos State, Nigeria",Nigeria,unknown,,,,,,,,,2024-02-17,,,https://ng.linkedin.com/jobs/view/submit-cvs-%E2%80%93-new-recruitment-at-tezza-business-solutions-limited-7-positions-at-tezza-business-solutions-ltd-3851767676,2026-08-30T15:22:37+00:00
0e9659310fd5bda2,linkedin,4460898183,Software Engineer (Remote),Hire Feed,,Nigeria,Nigeria,remote,Country-only,,,,,,,,2026-08-30,,Software Development,https://ng.linkedin.com/jobs/view/software-engineer-remote-at-hire-feed-4460898183,2026-08-30T15:22:37+00:00
30e0be13c213b826,linkedin,4431364446,Remote Full-stack Developer,Bankable Wisdom,,Nigeria,Nigeria,remote,Country-only,,,,,,,,2026-06-21,,Software Development,https://ng.linkedin.com/jobs/view/remote-full-stack-developer-at-bankable-wisdom-4431364446,2026-08-30T15:22:37+00:00
83dc796c025938e1,linkedin,4434585946,Full Stack Developer (MERN),Tezza Business Solutions Ltd,,"Lagos, Lagos State, Nigeria",Nigeria,unknown,,,,,,,,,2026-07-08,,Software Development,https://ng.linkedin.com/jobs/view/full-stack-developer-mern-at-tezza-business-solutions-ltd-4434585946,2026-08-30T15:22:37+00:00
16ea27b477d0b3bd,linkedin,4432937799,Remote Full Stack Engineer @ Scrapays,Bankable Wisdom,,Nigeria,Nigeria,remote,Country-only,,,,,,,,2026-06-26,,Software Development,https://ng.linkedin.com/jobs/view/remote-full-stack-engineer-%40-scrapays-at-bankable-wisdom-4432937799,2026-08-30T15:22:45+00:00
6e44ea3b82c62e22,linkedin,4460892488,iOS Developer,Hire Feed,,Nigeria,Nigeria,unknown,,,,,,,,,2026-08-30,,Software Development,https://ng.linkedin.com/jobs/view/ios-developer-at-hire-feed-4460892488,2026-08-30T15:22:45+00:00
589846ee437f9ed7,linkedin,3903687610,.Net Developer at Tezza Business Solutions Limited,Tezza Business Solutions Ltd,,"Lagos, Lagos State, Nigeria",Nigeria,unknown,,,,,,,,,2024-03-28,,Software Development,https://ng.linkedin.com/jobs/view/net-developer-at-tezza-business-solutions-limited-at-tezza-business-solutions-ltd-3903687610,2026-08-30T15:22:45+00:00
8ebe6828ccbfc44d,linkedin,4431370365,WORDEN HCD Is Hiring Entry level Tech Guys,Bankable Wisdom,,Nigeria,Nigeria,unknown,,,,,,,,,2026-06-21,,,https://ng.linkedin.com/jobs/view/worden-hcd-is-hiring-entry-level-tech-guys-at-bankable-wisdom-4431370365,2026-08-30T15:22:45+00:00
f90e6c19a4183e1d,linkedin,4454131072,Blockchain Engineer,Kredete,,"Lagos, Lagos State, Nigeria",Nigeria,unknown,,,,,,,,,2026-08-26,,Other Tech,https://ng.linkedin.com/jobs/view/blockchain-engineer-at-kredete-4454131072,2026-08-30T15:22:45+00:00
bc410c17de44268f,linkedin,4432954293,Remote Junior Backend Developer @ the99edge Company,Bankable Wisdom,,Nigeria,Nigeria,remote,Country-only,,,,,,,,2026-06-26,,Software Development,https://ng.linkedin.com/jobs/view/remote-junior-backend-developer-%40-the99edge-company-at-bankable-wisdom-4432954293,2026-08-30T15:22:45+00:00
9752b2aa03103818,linkedin,4432535244,ACIOE Associates is Hiring Developers,Bankable Wisdom,,Nigeria,Nigeria,unknown,,,,,,,,,2026-06-24,,Software Development,https://ng.linkedin.com/jobs/view/acioe-associates-is-hiring-developers-at-bankable-wisdom-4432535244,2026-08-30T15:22:45+00:00
ed714ec4fe301768,linkedin,4431376321,Remote Entry level Full-stack Engineer,Bankable Wisdom,,Nigeria,Nigeria,remote,Country-only,,,,,,,,2026-06-21,,Other Tech,https://ng.linkedin.com/jobs/view/remote-entry-level-full-stack-engineer-at-bankable-wisdom-4431376321,2026-08-30T15:22:45+00:00
2c401b9e80db49ce,linkedin,4431361534,Web Developer Needed at Kuda Bank (Remote),Bankable Wisdom,,Nigeria,Nigeria,remote,Country-only,,,,,,,,2026-06-21,,Software Development,https://ng.linkedin.com/jobs/view/web-developer-needed-at-kuda-bank-remote-at-bankable-wisdom-4431361534,2026-08-30T15:22:45+00:00
e75fa3b5d7c4781f,linkedin,4441854461,Frontend Developer (Angular / React),Tezza Business Solutions Ltd,,"Lagos, Lagos State, Nigeria",Nigeria,unknown,,,,,,,,,2026-07-25,,Software Development,https://ng.linkedin.com/jobs/view/frontend-developer-angular-react-at-tezza-business-solutions-ltd-4441854461,2026-08-30T15:22:45+00:00
4b99ffac78e930e5,linkedin,4431365423,Remote Full-Stack PHP Developer Wanted at BBE Marketing Inc,Bankable Wisdom,,Nigeria,Nigeria,remote,Country-only,,,,,,,,2026-06-21,,Software Development,https://ng.linkedin.com/jobs/view/remote-full-stack-php-developer-wanted-at-bbe-marketing-inc-at-bankable-wisdom-4431365423,2026-08-30T15:22:51+00:00
13bf20cdb43838cf,linkedin,4431375382,Remote WordPress Developer Needed at WPBeginner,Bankable Wisdom,,Nigeria,Nigeria,remote,Country-only,,,,,,,,2026-06-21,,Software Development,https://ng.linkedin.com/jobs/view/remote-wordpress-developer-needed-at-wpbeginner-at-bankable-wisdom-4431375382,2026-08-30T15:22:51+00:00
3bb5c405f4ec2262,linkedin,4350775707,"Senior Software Engineer – Java Runtimes, Tooling and Ecosystem at Canonical Nigeria",Canonical,,"Lagos, Lagos State, Nigeria",Nigeria,unknown,,,,,,,,,2025-12-05,,Software Development,https://ng.linkedin.com/jobs/view/senior-software-engineer-%E2%80%93-java-runtimes-tooling-and-ecosystem-at-canonical-nigeria-at-canonical-4350775707,2026-08-30T15:22:51+00:00
7f20325976e131ef,linkedin,4431371321,Interswitch is Hiring Data Engineers. Apply,Bankable Wisdom,,Nigeria,Nigeria,unknown,,,,,,,,,2026-06-21,,Data & AI,https://ng.linkedin.com/jobs/view/interswitch-is-hiring-data-engineers-apply-at-bankable-wisdom-4431371321,2026-08-30T15:22:51+00:00
6045e37d8cb8889e,linkedin,4166244656,.Net Developer at Growth in Value Alliance (GV Alliance) Partners,Growth Hive Consulting,,"Lagos, Lagos State, Nigeria",Nigeria,unknown,,,,,,,,,2025-02-02,,Software Development,https://ng.linkedin.com/jobs/view/net-developer-at-growth-in-value-alliance-gv-alliance-partners-at-growth-hive-consulting-4166244656,2026-08-30T15:22:51+00:00
bff9fa1e6b043975,linkedin,4460896402,Unity Game Developer,Quik Hire Staffing,,Nigeria,Nigeria,unknown,,,,,,,,,2026-08-30,,Software Development,https://ng.linkedin.com/jobs/view/unity-game-developer-at-quik-hire-staffing-4460896402,2026-08-30T15:22:51+00:00
8edcc30a784b522e,linkedin,4117933472,DevOps Engineer,INFINION,,Nigeria,Nigeria,unknown,,,,,,,,,2025-01-07,,DevOps & Cloud,https://ng.linkedin.com/jobs/view/devops-engineer-at-infinion-4117933472,2026-08-30T15:22:51+00:00
c735e8f03742ae7b,linkedin,4439226498,Submit CVs – New Recruitment at eHealth4everyone (6 Positions),eHealth4everyone,,Nigeria,Nigeria,unknown,,,,,,,,,2026-07-16,,,https://ng.linkedin.com/jobs/view/submit-cvs-%E2%80%93-new-recruitment-at-ehealth4everyone-6-positions-at-ehealth4everyone-4439226498,2026-08-30T15:22:51+00:00
bfd883ab5ca2c8e2,linkedin,4459171939,Senior Frontend Engineer (VueJS / React),Helium Health,,Nigeria,Nigeria,unknown,,,,,,,,,2026-08-26,,Software Development,https://ng.linkedin.com/jobs/view/senior-frontend-engineer-vuejs-react-at-helium-health-4459171939,2026-08-30T15:22:51+00:00
3a96a79ac5fae899,linkedin,4431360682,Africa Resource Company is Hiring for Data Engineers,Bankable Wisdom,,Nigeria,Nigeria,unknown,,,,,,,,,2026-06-21,,Data & AI,https://ng.linkedin.com/jobs/view/africa-resource-company-is-hiring-for-data-engineers-at-bankable-wisdom-4431360682,2026-08-30T15:22:51+00:00
40044a6043a84759,linkedin,4461004078,Senior Machine Learning Engineer (Remote),Jobs Ai,,Nigeria,Nigeria,remote,Country-only,,,,,,,,2026-08-30,,Data & AI,https://ng.linkedin.com/jobs/view/senior-machine-learning-engineer-remote-at-jobs-ai-4461004078,2026-08-30T15:22:58+00:00
25407bb890c1ce50,linkedin,4440224148,Simulation Analyst-Adastec,Dudullu OSB Boğaziçi Üniversitesi Teknopark A.Ş. (BÜDOTEK),,"Mah, Kaduna State, Nigeria",Nigeria,unknown,,,,,,,,,2026-07-15,,,https://ng.linkedin.com/jobs/view/simulation-analyst-adastec-at-dudullu-osb-bo%C4%9Fazi%C3%A7i-%C3%BCniversitesi-teknopark-a-%C5%9F-b%C3%BCdotek-4440224148,2026-08-30T15:22:58+00:00
e6adbfabf2dd9c83,linkedin,4433375345,Bloomberg Engineering Internship Recruitment Program 2022 for Students & Graduates,Bankable Wisdom,,Nigeria,Nigeria,unknown,,,,,,,,,2026-06-25,,Other Tech,https://ng.linkedin.com/jobs/view/bloomberg-engineering-internship-recruitment-program-2022-for-students-graduates-at-bankable-wisdom-4433375345,2026-08-30T15:22:58+00:00
b9423e9dc98ad492,linkedin,4442263073,Data Analyst,WeGoHostU Web & App Services LLC,,"Oshogbo, Osun State, Nigeria",Nigeria,unknown,,,,,,,,,2026-07-21,,Data & AI,https://ng.linkedin.com/jobs/view/data-analyst-at-wegohostu-web-app-services-llc-4442263073,2026-08-30T15:23:05+00:00
dfd39b97228b0fac,linkedin,4442374178,Quality Data Analyst at Western Development Company Limited (WDCL),Western Development Company Limited,,Nigeria,Nigeria,unknown,,,,,,,,,2026-07-25,,Data & AI,https://ng.linkedin.com/jobs/view/quality-data-analyst-at-western-development-company-limited-wdcl-at-western-development-company-limited-4442374178,2026-08-30T15:23:05+00:00
f1d9a56b527b9148,linkedin,4447507331,Data Analyst - Credit,Kuda,,"Lagos, Lagos State, Nigeria",Nigeria,unknown,,,,,,,,,2026-07-06,,Data & AI,https://ng.linkedin.com/jobs/view/data-analyst-credit-at-kuda-4447507331,2026-08-30T15:23:05+00:00
9cea043c85544e1d,linkedin,4166237910,Growth Data Analyst at Paga Nigeria,Paga Group Ltd,,"Lagos, Lagos State, Nigeria",Nigeria,unknown,,,,,,,,,2025-02-02,,Data & AI,https://ng.linkedin.com/jobs/view/growth-data-analyst-at-paga-nigeria-at-paga-group-ltd-4166237910,2026-08-30T15:23:05+00:00
871651d35b36f0a5,linkedin,4423651516,Data Analyst at MSI Nigeria Reproductive Choices,MSI Nigeria Reproductive Choices,,Nigeria,Nigeria,unknown,,,,,,,,,2026-06-10,,Data & AI,https://ng.linkedin.com/jobs/view/data-analyst-at-msi-nigeria-reproductive-choices-at-msi-nigeria-reproductive-choices-4423651516,2026-08-30T15:23:05+00:00
d4c7e1cb87299704,linkedin,4431911940,Cards Data Analyst,Renmoney,,"Lagos, Lagos State, Nigeria",Nigeria,unknown,,,,,,,,,2026-06-30,,Data & AI,https://ng.linkedin.com/jobs/view/cards-data-analyst-at-renmoney-4431911940,2026-08-30T15:23:05+00:00
969231b0d0edc578,linkedin,4399545212,Data Analyst at Georgetown Global Health Nigeria (GGHN) – 3 Openings,Georgetown Global Health Nigeria,,Nigeria,Nigeria,unknown,,,,,,,,,2026-03-19,,Data & AI,https://ng.linkedin.com/jobs/view/data-analyst-at-georgetown-global-health-nigeria-gghn-%E2%80%93-3-openings-at-georgetown-global-health-nigeria-4399545212,2026-08-30T15:23:05+00:00
4911f5df627f3386,linkedin,4447174195,Transport Data Analyst,Sunda International,,"Agbara, Ogun State, Nigeria",Nigeria,unknown,,,,,,,,,2026-07-31,,Data & AI,https://ng.linkedin.com/jobs/view/transport-data-analyst-at-sunda-international-4447174195,2026-08-30T15:23:05+00:00
1ff9be905f917ee7,linkedin,4461006099,Data Analyst (Remote),Hire Feed,,Nigeria,Nigeria,remote,Country-only,,,,,,,,2026-08-30,,Data & AI,https://ng.linkedin.com/jobs/view/data-analyst-remote-at-hire-feed-4461006099,2026-08-30T15:23:05+00:00
5141e056d77a902a,linkedin,4410193000,Commercial Data Analyst at Recore Limited,recore,,"Lagos, Lagos State, Nigeria",Nigeria,unknown,,,,,,,,,2026-05-11,,Data & AI,https://ng.linkedin.com/jobs/view/commercial-data-analyst-at-recore-limited-at-recore-4410193000,2026-08-30T15:23:05+00:00
c0ee5229ebcbc26f,linkedin,4414302839,LGA Data Officer at Achieving Health Nigeria Initiative (AHNi),AHNI (Studio and Gallery),,Nigeria,Nigeria,unknown,,,,,,,,,2026-05-22,,Other Tech,https://ng.linkedin.com/jobs/view/lga-data-officer-at-achieving-health-nigeria-initiative-ahni-at-ahni-studio-and-gallery-4414302839,2026-08-30T15:23:12+00:00
4b91f85adc95e375,linkedin,4381190142,Data Scientist (Pricing),Yassir,,"Lagos, Lagos State, Nigeria",Nigeria,unknown,,,,,,,,,2026-03-05,,Data & AI,https://ng.linkedin.com/jobs/view/data-scientist-pricing-at-yassir-4381190142,2026-08-30T15:23:12+00:00
da363c4df2e27b3c,linkedin,4163576538,Logistics Analyst at NoemDek Limited,NoemDek Ltd.,,"Lagos, Lagos State, Nigeria",Nigeria,unknown,,,,,,,,,2025-01-31,,,https://ng.linkedin.com/jobs/view/logistics-analyst-at-noemdek-limited-at-noemdek-ltd-4163576538,2026-08-30T15:23:12+00:00
2d510a9474488c18,linkedin,3846898140,Reach Senior Database Officer (SRDBO) at ACTED Nigeria,Acted,,Nigeria,Nigeria,unknown,,,,,,,,,2024-02-14,,Other Tech,https://ng.linkedin.com/jobs/view/reach-senior-database-officer-srdbo-at-acted-nigeria-at-acted-3846898140,2026-08-30T15:23:12+00:00
bdcb210ef697ba9a,linkedin,4437025154,Innovation Analyst,Babban Gona,,"Lagos, Lagos State, Nigeria",Nigeria,unknown,,,,,,,,,2026-07-08,,,https://ng.linkedin.com/jobs/view/innovation-analyst-at-babban-gona-4437025154,2026-08-30T15:23:12+00:00
7263699c47172566,linkedin,4421800522,Data Scientist,Reliance Health,,Nigeria,Nigeria,unknown,,,,,,,,,2026-06-01,,Data & AI,https://ng.linkedin.com/jobs/view/data-scientist-at-reliance-health-4421800522,2026-08-30T15:23:12+00:00
1efd141a9fb9a507,linkedin,4380935825,Data Scientist (Personalization),Yassir,,"Lagos, Lagos State, Nigeria",Nigeria,unknown,,,,,,,,,2026-03-04,,Data & AI,https://ng.linkedin.com/jobs/view/data-scientist-personalization-at-yassir-4380935825,2026-08-30T15:23:12+00:00
022b83db392554db,linkedin,4163585068,Pricing and Data Analytics Manager at OnePort 365,OnePort 365,,"Lagos, Lagos State, Nigeria",Nigeria,unknown,,,,,,,,,2025-01-31,,Other Tech,https://ng.linkedin.com/jobs/view/pricing-and-data-analytics-manager-at-oneport-365-at-oneport-365-4163585068,2026-08-30T15:23:12+00:00
9054ca955df4c377,linkedin,4448086762,Senior Business Analyst | WorldWide Healthcare,DP World,,"Lagos, Lagos State, Nigeria",Nigeria,unknown,,,,,,,,,2026-08-06,,Other Tech,https://ng.linkedin.com/jobs/view/senior-business-analyst-worldwide-healthcare-at-dp-world-4448086762,2026-08-30T15:23:12+00:00
ac7f843a19e78a8c,linkedin,4451648623,Sustainability Analyst,Dangote Industries Limited,,Nigeria,Nigeria,unknown,,,,,,,,,2026-08-11,,,https://ng.linkedin.com/jobs/view/sustainability-analyst-at-dangote-industries-limited-4451648623,2026-08-30T15:23:19+00:00
2fb75f99667146bd,linkedin,4366630924,Real Estate Analyst,Sankore Investments,,"Lagos, Lagos State, Nigeria",Nigeria,unknown,,,,,,,,,2026-01-27,,,https://ng.linkedin.com/jobs/view/real-estate-analyst-at-sankore-investments-4366630924,2026-08-30T15:23:19+00:00
14ef94cc2962ee3e,linkedin,4458026052,MEL Specialist,TechnoServe,,Nigeria,Nigeria,unknown,,,,,,,,,2026-08-27,,,https://ng.linkedin.com/jobs/view/mel-specialist-at-technoserve-4458026052,2026-08-30T15:23:19+00:00
d3966a2eefc58c52,linkedin,4399526439,Specialist – Projects & Process Assurance at 9mobile Nigeria,9mobile,,"Lagos, Lagos State, Nigeria",Nigeria,unknown,,,,,,,,,2026-03-19,,,https://ng.linkedin.com/jobs/view/specialist-%E2%80%93-projects-process-assurance-at-9mobile-nigeria-at-9mobile-4399526439,2026-08-30T15:23:19+00:00
d7d266f0cc76f69e,linkedin,4163585015,Junior Business Analyst at Altara Credit Limited,Altara Credit Limited,,Nigeria,Nigeria,unknown,,,,,,,,,2025-01-31,,Other Tech,https://ng.linkedin.com/jobs/view/junior-business-analyst-at-altara-credit-limited-at-altara-credit-limited-4163585015,2026-08-30T15:23:19+00:00
35c1bbe8f3e42d5f,linkedin,4451693904,Impact Manager,Acumen,,Nigeria,Nigeria,unknown,,,,,,,,,2026-08-11,,,https://ng.linkedin.com/jobs/view/impact-manager-at-acumen-4451693904,2026-08-30T15:23:19+00:00
92563fdba31a1585,linkedin,4453436313,Senior Data Scientist at Vennote Technologies Limited,Vennote Technologies Limited,,"Lagos, Lagos State, Nigeria",Nigeria,unknown,,,,,,,,,2026-08-19,,Data & AI,https://ng.linkedin.com/jobs/view/senior-data-scientist-at-vennote-technologies-limited-at-vennote-technologies-limited-4453436313,2026-08-30T15:23:19+00:00
754d7f0706bd5798,linkedin,4398190260,DATA RECORDER/PROCESSOR(3.4U),PETROSTUFF NIGERIA LIMITED,,Nigeria,Nigeria,unknown,,,,,,,,,2026-04-10,,Other Tech,https://ng.linkedin.com/jobs/view/data-recorder-processor-3-4u-at-petrostuff-nigeria-limited-4398190260,2026-08-30T15:23:19+00:00
326e628523572a98,linkedin,4458497034,Sales Business Data Analyst at Renmoney,Renmoney,,"Lagos, Lagos State, Nigeria",Nigeria,unknown,,,,,,,,,2026-08-28,,Data & AI,https://ng.linkedin.com/jobs/view/sales-business-data-analyst-at-renmoney-at-renmoney-4458497034,2026-08-30T15:23:27+00:00
ed38ebf9c24322ce,linkedin,4431362474,VACANCY! VACANCY!!,Bankable Wisdom,,Nigeria,Nigeria,unknown,,,,,,,,,2026-06-21,,,https://ng.linkedin.com/jobs/view/vacancy%21-vacancy%21%21-at-bankable-wisdom-4431362474,2026-08-30T15:23:27+00:00
4fd970e32d4edda3,linkedin,4405256727,Card Product Analyst,Renmoney,,"Lagos, Lagos State, Nigeria",Nigeria,unknown,,,,,,,,,2026-04-22,,,https://ng.linkedin.com/jobs/view/card-product-analyst-at-renmoney-4405256727,2026-08-30T15:23:27+00:00
b2151b1a17d70591,linkedin,4432958091,Mid Level Data Scientist at Tezza Business Solutions Limited,Bankable Wisdom,,Nigeria,Nigeria,unknown,,,,,,,,,2026-06-26,,Data & AI,https://ng.linkedin.com/jobs/view/mid-level-data-scientist-at-tezza-business-solutions-limited-at-bankable-wisdom-4432958091,2026-08-30T15:23:27+00:00
75931a1036bdc473,linkedin,4407186972,Junior Business Analyst,Renmoney,,"Lagos, Lagos State, Nigeria",Nigeria,unknown,,,,,,,,,2026-04-27,,Other Tech,https://ng.linkedin.com/jobs/view/junior-business-analyst-at-renmoney-4407186972,2026-08-30T15:23:27+00:00
6b45daf55ca12dee,linkedin,4417937689,Submit CVs – Latest Recruitment at Mwanga Limited (6 Positions),Mwanga,,"Lagos, Lagos State, Nigeria",Nigeria,unknown,,,,,,,,,2026-05-29,,,https://ng.linkedin.com/jobs/view/submit-cvs-%E2%80%93-latest-recruitment-at-mwanga-limited-6-positions-at-mwanga-4417937689,2026-08-30T15:23:27+00:00
fc587f3c64bf2a0b,linkedin,4458481217,Submit CVs – New Recruitment at Renmoney (5 Positions),Renmoney,,"Lagos, Lagos State, Nigeria",Nigeria,unknown,,,,,,,,,2026-08-28,,,https://ng.linkedin.com/jobs/view/submit-cvs-%E2%80%93-new-recruitment-at-renmoney-5-positions-at-renmoney-4458481217,2026-08-30T15:23:27+00:00
60d48534e2c04d99,linkedin,4172298369,Risk Analyst at Renmoney,Renmoney,,"Lagos, Lagos State, Nigeria",Nigeria,unknown,,,,,,,,,2025-03-03,,,https://ng.linkedin.com/jobs/view/risk-analyst-at-renmoney-at-renmoney-4172298369,2026-08-30T15:23:27+00:00
e2c1a2e2e64b5727,linkedin,4435972920,Innovation Analyst at Babban Gona Farmer Services Nigeria Limited,Babban Gona,,"Lagos, Lagos State, Nigeria",Nigeria,unknown,,,,,,,,,2026-07-09,,,https://ng.linkedin.com/jobs/view/innovation-analyst-at-babban-gona-farmer-services-nigeria-limited-at-babban-gona-4435972920,2026-08-30T15:23:27+00:00
13480184076fdecf,linkedin,4392366442,Performance Management & Analytics Specialist,Renmoney,,"Lagos, Lagos State, Nigeria",Nigeria,unknown,,,,,,,,,2026-03-04,,,https://ng.linkedin.com/jobs/view/performance-management-analytics-specialist-at-renmoney-4392366442,2026-08-30T15:23:27+00:00
2ecff36984929453,linkedin,4163576293,IT Manager at Proforce Limited,Proforce Limited,,"Ogun State, Nigeria",Nigeria,unknown,,,,,,,,,2025-02-13,,Other Tech,https://ng.linkedin.com/jobs/view/it-manager-at-proforce-limited-at-proforce-limited-4163576293,2026-08-30T15:23:35+00:00
ac7cdc197f928eaa,linkedin,4454279954,Analista de TI,International Schools Partnership Limited,,"Itu, Akwa Ibom State, Nigeria",Nigeria,unknown,,,,,,,,,2026-08-17,,,https://ng.linkedin.com/jobs/view/analista-de-ti-at-international-schools-partnership-limited-4454279954,2026-08-30T15:23:35+00:00
266539ff0fa555a9,linkedin,4372490422,Information Technology Officer at Bosak Microfinance Bank Limited,Bosak Microfinance Bank Ltd.,,"Lagos, Lagos State, Nigeria",Nigeria,unknown,,,,,,,,,2026-01-24,,Other Tech,https://ng.linkedin.com/jobs/view/information-technology-officer-at-bosak-microfinance-bank-limited-at-bosak-microfinance-bank-ltd-4372490422,2026-08-30T15:23:35+00:00
faa98f6f5c81e9bd,linkedin,4460876574,Information Technology Officer,FTB-TALENTS,,"Owerri, Imo State, Nigeria",Nigeria,unknown,,,,,,,,,2026-08-30,,Other Tech,https://ng.linkedin.com/jobs/view/information-technology-officer-at-ftb-talents-4460876574,2026-08-30T15:23:35+00:00
4da18f7bc127e4d8,linkedin,4166243851,IT System Analyst at Montaigne AH Limited,Montaigne Place,,"Lagos, Lagos State, Nigeria",Nigeria,unknown,,,,,,,,,2025-02-02,,Other Tech,https://ng.linkedin.com/jobs/view/it-system-analyst-at-montaigne-ah-limited-at-montaigne-place-4166243851,2026-08-30T15:23:35+00:00
bc8f5057c33e2708,linkedin,4438174786,IT Manager,Radisson Hotel Group,,Nigeria,Nigeria,unknown,,,,,,,,,2026-07-08,,Other Tech,https://ng.linkedin.com/jobs/view/it-manager-at-radisson-hotel-group-4438174786,2026-08-30T15:23:35+00:00
bb95473c195e627d,linkedin,4163583263,I.T Officer at Stop TB Partnership Nigeria,Stop TB Partnership Nigeria,,Nigeria,Nigeria,unknown,,,,,,,,,2025-01-31,,,https://ng.linkedin.com/jobs/view/i-t-officer-at-stop-tb-partnership-nigeria-at-stop-tb-partnership-nigeria-4163583263,2026-08-30T15:23:35+00:00
6511ae780a2c4412,linkedin,3877873924,IT Infrastructure Officers at Meristem Securities Limited,Meristem Wealth Management Limited,,"Lagos, Lagos State, Nigeria",Nigeria,unknown,,,,,,,,,2024-03-08,,,https://ng.linkedin.com/jobs/view/it-infrastructure-officers-at-meristem-securities-limited-at-meristem-wealth-management-limited-3877873924,2026-08-30T15:23:35+00:00
1a6bc038eaa17f05,linkedin,4410721986,IT / Systems Administrator (NYSC),Rhizome Consulting Ltd,,Nigeria,Nigeria,unknown,,,,,,,,,2026-05-05,,IT Support & Networking,https://ng.linkedin.com/jobs/view/it-systems-administrator-nysc-at-rhizome-consulting-ltd-4410721986,2026-08-30T15:23:35+00:00
ef2fae47de7b1b80,linkedin,4410608148,IT Executive at Ison Xperiences,iSON Group Africa - Leading IT and ITeS Company,,Nigeria,Nigeria,unknown,,,,,,,,,2026-04-18,,,https://ng.linkedin.com/jobs/view/it-executive-at-ison-xperiences-at-ison-group-africa-leading-it-and-ites-company-4410608148,2026-08-30T15:23:42+00:00
d84892a3bbc46722,linkedin,4453568248,Desktop Technician Level 2 (Lagos),BRILLIANT COMPUTERS CITADEL AND INFORMATION TECHNOLOGY,,"Lagos, Lagos State, Nigeria",Nigeria,unknown,,,,,,,,,2026-08-14,,,https://ng.linkedin.com/jobs/view/desktop-technician-level-2-lagos-at-brilliant-computers-citadel-and-information-technology-4453568248,2026-08-30T15:23:42+00:00
ee1f98df0447d857,linkedin,4385724907,IT Support Officer at Tranter IT Infrastructure Services Limited,Tranter IT,,"Lagos, Lagos State, Nigeria",Nigeria,unknown,,,,,,,,,2026-02-23,,IT Support & Networking,https://ng.linkedin.com/jobs/view/it-support-officer-at-tranter-it-infrastructure-services-limited-at-tranter-it-4385724907,2026-08-30T15:23:42+00:00
2394747289064a56,linkedin,4458432458,IT Officer,JobClave,,Nigeria,Nigeria,unknown,,,,,,,,,2026-08-28,,Other Tech,https://ng.linkedin.com/jobs/view/it-officer-at-jobclave-4458432458,2026-08-30T15:23:42+00:00
24d5314b82186536,linkedin,4188300183,Solutions Architect at IT Horizons Limited,IThorizons,,Nigeria,Nigeria,unknown,,,,,,,,,2025-03-20,,Other Tech,https://ng.linkedin.com/jobs/view/solutions-architect-at-it-horizons-limited-at-ithorizons-4188300183,2026-08-30T15:23:42+00:00
40e722860454e502,linkedin,4403542878,"Head, Technology",Sankore Investments,,Nigeria,Nigeria,unknown,,,,,,,,,2026-04-17,,,https://ng.linkedin.com/jobs/view/head-technology-at-sankore-investments-4403542878,2026-08-30T15:23:42+00:00
45f1f4fbebc64927,linkedin,4418775013,Project IT Manager at Alpha Mead Group,Alpha Mead Group,,"Lagos, Lagos State, Nigeria",Nigeria,unknown,,,,,,,,,2026-06-01,,Other Tech,https://ng.linkedin.com/jobs/view/project-it-manager-at-alpha-mead-group-at-alpha-mead-group-4418775013,2026-08-30T15:23:42+00:00
c9c23a39424ca7a9,linkedin,4382624048,Data Center Technician - Nigeria - Nassarawa - On-site,Reboot Monkey,,"Nasarawa, Nasarawa State, Nigeria",Nigeria,onsite,,,,,,,,,2026-03-07,,Other Tech,https://ng.linkedin.com/jobs/view/data-center-technician-nigeria-nassarawa-on-site-at-reboot-monkey-4382624048,2026-08-30T15:23:42+00:00
5897127ba3ea202e,linkedin,4428717800,Assistant IT Manager,ECOM Agroindustrial Corp. Ltd.,,"Lagos, Lagos State, Nigeria",Nigeria,unknown,,,,,,,,,2026-07-07,,Other Tech,https://ng.linkedin.com/jobs/view/assistant-it-manager-at-ecom-agroindustrial-corp-ltd-4428717800,2026-08-30T15:23:42+00:00
59927c647d4d64cb,linkedin,3915243433,IT Assistant at Tezza Business Solutions Limited,Tezza Business Solutions Ltd,,"Lagos, Lagos State, Nigeria",Nigeria,unknown,,,,,,,,,2024-04-10,,,https://ng.linkedin.com/jobs/view/it-assistant-at-tezza-business-solutions-limited-at-tezza-business-solutions-ltd-3915243433,2026-08-30T15:23:42+00:00
8d2681641657c4bf,linkedin,4460829537,Cyber Security Instructor,Nepthink Solutions,,"Port Harcourt, Rivers State, Nigeria",Nigeria,unknown,,,,,,,,,2026-08-29,,,https://ng.linkedin.com/jobs/view/cyber-security-instructor-4460829537,2026-08-30T15:23:49+00:00
fa6e41715aa9770a,linkedin,4448946970,Network Operations Specialist,mCore Systems,,"Lagos, Lagos State, Nigeria",Nigeria,unknown,,,,,,,,,2026-08-05,,,https://ng.linkedin.com/jobs/view/network-operations-specialist-at-mcore-systems-4448946970,2026-08-30T15:23:49+00:00
e0e802cf4dfa9248,linkedin,4373765396,"Team Member, IT Audit at United Bank for Africa Plc (UBA)",UBA Group,,Nigeria,Nigeria,unknown,,,,,,,,,2026-01-27,,,https://ng.linkedin.com/jobs/view/team-member-it-audit-at-united-bank-for-africa-plc-uba-at-uba-group-4373765396,2026-08-30T15:23:49+00:00
e053753f83ca4d0f,linkedin,3937703102,Network Engineer at Interra Networks Limited,iNterra Networks,,Nigeria,Nigeria,unknown,,,,,,,,,2024-05-05,,IT Support & Networking,https://ng.linkedin.com/jobs/view/network-engineer-at-interra-networks-limited-at-interra-networks-3937703102,2026-08-30T15:23:49+00:00
936b41343e6f9dfb,linkedin,4166247179,Network Security Engineer at IT Horizons Nigeria Limited,IThorizons,,Nigeria,Nigeria,unknown,,,,,,,,,2025-02-02,,Cybersecurity,https://ng.linkedin.com/jobs/view/network-security-engineer-at-it-horizons-nigeria-limited-at-ithorizons-4166247179,2026-08-30T15:23:49+00:00
3da103d32cfa7383,linkedin,3937701555,IT Delivery Manager at Tezza Business Solutions Limited,Tezza Business Solutions Ltd,,"Lagos, Lagos State, Nigeria",Nigeria,unknown,,,,,,,,,2024-05-05,,,https://ng.linkedin.com/jobs/view/it-delivery-manager-at-tezza-business-solutions-limited-at-tezza-business-solutions-ltd-3937701555,2026-08-30T15:23:49+00:00
9989d392326920e7,linkedin,4448793037,"Analyst, Simulator Maintainer & Systems Administrator at Tetra Maritime",Tetra Maritime,,"Lagos, Lagos State, Nigeria",Nigeria,unknown,,,,,,,,,2026-08-06,,IT Support & Networking,https://ng.linkedin.com/jobs/view/analyst-simulator-maintainer-systems-administrator-at-tetra-maritime-at-tetra-maritime-4448793037,2026-08-30T15:23:49+00:00
e1a21e6bb1ea6ee9,linkedin,4443017525,Database Administrator,Cavista Technologies,,Nigeria,Nigeria,unknown,,,,,,,,,2026-07-20,,Other Tech,https://ng.linkedin.com/jobs/view/database-administrator-at-cavista-technologies-4443017525,2026-08-30T15:23:49+00:00
e220feafb9f2b9ff,linkedin,3846892930,IT Scope Officers at COOPI – Cooperazione Internazionale (3 Openings),COOPI - Cooperazione Internazionale,,Nigeria,Nigeria,unknown,,,,,,,,,2024-02-14,,,https://ng.linkedin.com/jobs/view/it-scope-officers-at-coopi-%E2%80%93-cooperazione-internazionale-3-openings-at-coopi-cooperazione-internazionale-3846892930,2026-08-30T15:23:49+00:00
445071b84dd37b43,linkedin,4166241850,Health Informatics Software Development Officer at the Institute of Human Virology Nigeria (IHVN),Institute of Human Virology Nigeria,,Nigeria,Nigeria,unknown,,,,,,,,,2025-02-02,,Other Tech,https://ng.linkedin.com/jobs/view/health-informatics-software-development-officer-at-the-institute-of-human-virology-nigeria-ihvn-at-institute-of-human-virology-nigeria-4166241850,2026-08-30T15:23:49+00:00
a77206b6e5399174,linkedin,4433150972,Lead Technical Consultant,"MBCOM Technologies, Broadcom Representative",,"Lagos State, Nigeria",Nigeria,unknown,,,,,,,,,2026-07-17,,Other Tech,https://ng.linkedin.com/jobs/view/lead-technical-consultant-at-mbcom-technologies-broadcom-representative-4433150972,2026-08-30T15:23:57+00:00
2c3071699e24262c,linkedin,4457262306,IT-Koordinator*in (w/m/d),Hochschulbibliothekszentrum NRW (hbz),,"Hong, Adamawa State, Nigeria",Nigeria,unknown,,,,,,,,,2026-08-26,,,https://ng.linkedin.com/jobs/view/it-koordinator-in-w-m-d-at-hochschulbibliothekszentrum-nrw-hbz-4457262306,2026-08-30T15:23:57+00:00
96ee1226fa5757dd,linkedin,3841235520,AME IT Service Demand and Business Relationship Leader at Cummins Nigeria,Cummins Energy Solutions (Nigeria) Ltd,,Nigeria,Nigeria,unknown,,,,,,,,,2024-02-06,,,https://ng.linkedin.com/jobs/view/ame-it-service-demand-and-business-relationship-leader-at-cummins-nigeria-at-cummins-energy-solutions-nigeria-ltd-3841235520,2026-08-30T15:23:57+00:00
cabe475cb5a4bf12,linkedin,4436671530,Linux Systems Administrator at Vennote Technologies Limited,Vennote Technologies Limited,,"Lagos, Lagos State, Nigeria",Nigeria,unknown,,,,,,,,,2026-07-10,,IT Support & Networking,https://ng.linkedin.com/jobs/view/linux-systems-administrator-at-vennote-technologies-limited-at-vennote-technologies-limited-4436671530,2026-08-30T15:23:57+00:00
32388be2dee27c6a,linkedin,4458379408,Packet Core and Cloud Infra SME,Ericsson,,Nigeria,Nigeria,unknown,,,,,,,,,2026-08-27,,Other Tech,https://ng.linkedin.com/jobs/view/packet-core-and-cloud-infra-sme-at-ericsson-4458379408,2026-08-30T15:23:57+00:00
2334ea0690196896,linkedin,4166243905,ICT Support Technician (NYSC) at Smartedge Business Solutions Limited,SmartEdge Business Solutions Ltd,,"Lagos, Lagos State, Nigeria",Nigeria,unknown,,,,,,,,,2025-02-02,,Other Tech,https://ng.linkedin.com/jobs/view/ict-support-technician-nysc-at-smartedge-business-solutions-limited-at-smartedge-business-solutions-ltd-4166243905,2026-08-30T15:23:57+00:00
679c8c977ddcf025,linkedin,4422367170,DevOps Engineer,Reliance Health,,Nigeria,Nigeria,unknown,,,,,,,,,2026-06-02,,DevOps & Cloud,https://ng.linkedin.com/jobs/view/devops-engineer-at-reliance-health-4422367170,2026-08-30T15:23:57+00:00
8233429a01f3f4e5,linkedin,4434526988,Duty Agent at Green Africa Airways Limited (4 Openings),Green Africa,,Nigeria,Nigeria,unknown,,,,,,,,,2026-07-07,,,https://ng.linkedin.com/jobs/view/duty-agent-at-green-africa-airways-limited-4-openings-at-green-africa-4434526988,2026-08-30T15:23:57+00:00
8b6850475e0b399e,linkedin,4350574217,Cloud Support Engineer at Canonical,Canonical,,"Lagos, Lagos State, Nigeria",Nigeria,unknown,,,,,,,,,2025-12-01,,Other Tech,https://ng.linkedin.com/jobs/view/cloud-support-engineer-at-canonical-at-canonical-4350574217,2026-08-30T15:23:57+00:00
1b39fc3515a63f04,linkedin,4452572006,Deskside Support Technician,Sharp Brains Technical Services,,"Logo, Benue State, Nigeria",Nigeria,unknown,,,,,,,,,2026-08-18,,,https://ng.linkedin.com/jobs/view/deskside-support-technician-at-sharp-brains-technical-services-4452572006,2026-08-30T15:24:03+00:00
22a13a0c7b593c1a,linkedin,4373768102,Value Assurance Officer at United Bank for Africa Plc (UBA),UBA Group,,Nigeria,Nigeria,unknown,,,,,,,,,2026-01-27,,,https://ng.linkedin.com/jobs/view/value-assurance-officer-at-united-bank-for-africa-plc-uba-at-uba-group-4373768102,2026-08-30T15:24:03+00:00
5e6b27aef688590b,linkedin,3943390385,Network Support Engineer at ipNX Nigeria Limited,ipNX Nigeria Limited,,"Lagos, Lagos State, Nigeria",Nigeria,unknown,,,,,,,,,2024-05-17,,Other Tech,https://ng.linkedin.com/jobs/view/network-support-engineer-at-ipnx-nigeria-limited-at-ipnx-nigeria-limited-3943390385,2026-08-30T15:24:03+00:00
5f21d78ee0d95941,linkedin,4408406516,ICT / Connectivity Lead at Lily Hospitals Limited,Lily Hospitals,,Nigeria,Nigeria,unknown,,,,,,,,,2026-05-04,,Other Tech,https://ng.linkedin.com/jobs/view/ict-connectivity-lead-at-lily-hospitals-limited-at-lily-hospitals-4408406516,2026-08-30T15:24:03+00:00
c39b567d1e3a54d3,linkedin,4166241852,Network Operations Center (NOC) Engineer – Field at Alfred and Victoria Associates,Alfred and Victoria Associates,,"Lagos, Lagos State, Nigeria",Nigeria,unknown,,,,,,,,,2025-02-02,,Other Tech,https://ng.linkedin.com/jobs/view/network-operations-center-noc-engineer-%E2%80%93-field-at-alfred-and-victoria-associates-at-alfred-and-victoria-associates-4166241852,2026-08-30T15:24:03+00:00
9787c17f10b40ae7,linkedin,4441710807,PROJECT MANAGER,"Mutatio, Inc.",,"Project, Bauchi State, Nigeria",Nigeria,unknown,,,,,,,,,2026-07-18,,,https://ng.linkedin.com/jobs/view/project-manager-at-mutatio-inc-4441710807,2026-08-30T15:24:03+00:00
5e5b9ed6f153940a,linkedin,4460891803,Help Desk Specialist,Jobs Ai,,Nigeria,Nigeria,unknown,,,,,,,,,2026-08-30,,Other Tech,https://ng.linkedin.com/jobs/view/help-desk-specialist-at-jobs-ai-4460891803,2026-08-30T15:24:03+00:00
eb845087afcb6681,linkedin,4458084626,Product Support Officer,EIDU,,Nigeria,Nigeria,unknown,,,,,,,,,2026-08-28,,,https://ng.linkedin.com/jobs/view/product-support-officer-at-eidu-4458084626,2026-08-30T15:24:03+00:00
8d771fc95d181a88,linkedin,4382610837,Data Center Technician - Nigeria - Ibeju-Lekki - On-site,Reboot Monkey,,Nigeria,Nigeria,onsite,,,,,,,,,2026-03-07,,Other Tech,https://ng.linkedin.com/jobs/view/data-center-technician-nigeria-ibeju-lekki-on-site-at-reboot-monkey-4382610837,2026-08-30T15:24:10+00:00
6061cf02eb37273f,linkedin,4382618464,Data Center Technician - Nigeria - Abuja - On-site,Reboot Monkey,,Nigeria,Nigeria,onsite,,,,,,,,,2026-03-07,,Other Tech,https://ng.linkedin.com/jobs/view/data-center-technician-nigeria-abuja-on-site-at-reboot-monkey-4382618464,2026-08-30T15:24:10+00:00
c8dea0882ef202f6,linkedin,4453561391,Network Technician Level 2 (CCNA or equivalent),BRILLIANT COMPUTERS CITADEL AND INFORMATION TECHNOLOGY,,"Lagos, Lagos State, Nigeria",Nigeria,unknown,,,,,,,,,2026-08-14,,,https://ng.linkedin.com/jobs/view/network-technician-level-2-ccna-or-equivalent-at-brilliant-computers-citadel-and-information-technology-4453561391,2026-08-30T15:24:10+00:00
66aced7f34b8a224,linkedin,4382626197,Data Center Technician - Nigeria - Abuja - On-site,Reboot Monkey,,Nigeria,Nigeria,onsite,,,,,,,,,2026-03-07,,Other Tech,https://ng.linkedin.com/jobs/view/data-center-technician-nigeria-abuja-on-site-at-reboot-monkey-4382626197,2026-08-30T15:24:10+00:00
9f367f948eb796ba,linkedin,4382630097,Data Center Technician - Nigeria - Lagos - On-site,Reboot Monkey,,Nigeria,Nigeria,onsite,,,,,,,,,2026-03-07,,Other Tech,https://ng.linkedin.com/jobs/view/data-center-technician-nigeria-lagos-on-site-at-reboot-monkey-4382630097,2026-08-30T15:24:10+00:00
cb0b12e8d7783571,linkedin,4382613789,Data Center Technician - Lagos - Nigeria- Africa- On-site,Reboot Monkey,,Nigeria,Nigeria,onsite,,,,,,,,,2026-03-07,,Other Tech,https://ng.linkedin.com/jobs/view/data-center-technician-lagos-nigeria-africa-on-site-at-reboot-monkey-4382613789,2026-08-30T15:24:10+00:00
6bed156eda0bb62f,linkedin,4441854464,ERP Integration Technical Specialist,Tezza Business Solutions Ltd,,"Lagos, Lagos State, Nigeria",Nigeria,unknown,,,,,,,,,2026-07-25,,Other Tech,https://ng.linkedin.com/jobs/view/erp-integration-technical-specialist-at-tezza-business-solutions-ltd-4441854464,2026-08-30T15:24:10+00:00
d5d656ed07346df6,linkedin,4187998598,"Team Lead, Network and Collaboration Engineer at IT Horizons Limited",IThorizons,,"Lagos, Lagos State, Nigeria",Nigeria,unknown,,,,,,,,,2025-03-20,,Other Tech,https://ng.linkedin.com/jobs/view/team-lead-network-and-collaboration-engineer-at-it-horizons-limited-at-ithorizons-4187998598,2026-08-30T15:24:10+00:00
2c314e93e99960da,linkedin,4187993990,Team Lead Network and Collaboration Engineer at IT Horizons Limited – Lagos,IThorizons,,"Lagos, Lagos State, Nigeria",Nigeria,unknown,,,,,,,,,2025-03-20,,Other Tech,https://ng.linkedin.com/jobs/view/team-lead-network-and-collaboration-engineer-at-it-horizons-limited-%E2%80%93-lagos-at-ithorizons-4187993990,2026-08-30T15:24:10+00:00
00c421cb05b14a62,linkedin,4441846769,Mid-Level NetSuite Developer,Tezza Business Solutions Ltd,,Nigeria,Nigeria,unknown,,,,,,,,,2026-07-25,,Software Development,https://ng.linkedin.com/jobs/view/mid-level-netsuite-developer-at-tezza-business-solutions-ltd-4441846769,2026-08-30T15:24:10+00:00
e39fe53b18a76ac6,linkedin,4187993989,"Team Lead, Security Presales Engineer at IT Horizons Limited",IThorizons,,"Lagos, Lagos State, Nigeria",Nigeria,unknown,,,,,,,,,2025-03-20,,Other Tech,https://ng.linkedin.com/jobs/view/team-lead-security-presales-engineer-at-it-horizons-limited-at-ithorizons-4187993989,2026-08-30T15:24:17+00:00
84b9a63b9c84f8ed,linkedin,4458385358,Packet Core and Cloud Infra SME,Ericsson,,Nigeria,Nigeria,unknown,,,,,,,,,2026-08-27,,Other Tech,https://ng.linkedin.com/jobs/view/packet-core-and-cloud-infra-sme-at-ericsson-4458385358,2026-08-30T15:24:17+00:00
5f3dfd17006e4e22,linkedin,4455915112,"Solutions Architect, SSA",Amazon Web Services (AWS),,"Lagos, Lagos State, Nigeria",Nigeria,unknown,,,,,,,,,2026-08-19,,Other Tech,https://ng.linkedin.com/jobs/view/solutions-architect-ssa-at-amazon-web-services-aws-4455915112,2026-08-30T15:24:17+00:00
a2f934c4623a6df7,linkedin,4457244774,Intermediate Software Development Engineer,BETSoftware,,"Durban, KwaZulu-Natal, South Africa",South Africa,unknown,,,,,,,,,2026-08-26,,Other Tech,https://za.linkedin.com/jobs/view/intermediate-software-development-engineer-at-betsoftware-4457244774,2026-08-30T15:24:24+00:00
5abc76a2999b2d38,linkedin,4389607383,Intermediate Software Developer,BETSoftware,,"Durban, KwaZulu-Natal, South Africa",South Africa,unknown,,,,,,,,,2026-08-21,,Software Development,https://za.linkedin.com/jobs/view/intermediate-software-developer-at-betsoftware-4389607383,2026-08-30T15:24:24+00:00
8ae478b17c7c671d,linkedin,4455796482,Software Development Engineer,Amazon Web Services (AWS),,"Cape Town, Western Cape, South Africa",South Africa,unknown,,,,,,,,,2026-08-19,,Other Tech,https://za.linkedin.com/jobs/view/software-development-engineer-at-amazon-web-services-aws-4455796482,2026-08-30T15:24:24+00:00
4b7268db1146b72c,linkedin,4459846763,Software Developer,Wenz,,"Cape Town, Western Cape, South Africa",South Africa,unknown,,,,,,,,,2026-08-27,,Software Development,https://za.linkedin.com/jobs/view/software-developer-at-wenz-4459846763,2026-08-30T15:24:24+00:00
4213831cbf810d8c,linkedin,4451017671,Backend Engineer,Boam AI,,"Cape Town, Western Cape, South Africa",South Africa,unknown,,,,,,,,,2026-08-08,,Software Development,https://za.linkedin.com/jobs/view/backend-engineer-at-boam-ai-4451017671,2026-08-30T15:24:24+00:00
9fb892661f701dba,linkedin,4454628679,Software Developer Level 2,Derivco,,"Durban, KwaZulu-Natal, South Africa",South Africa,unknown,,,,,,,,,2026-08-21,,Software Development,https://za.linkedin.com/jobs/view/software-developer-level-2-at-derivco-4454628679,2026-08-30T15:24:24+00:00
6b2ef34a829f0b61,linkedin,4439201816,Back End Engineer,Software Intelligence,,"City of Cape Town, Western Cape, South Africa",South Africa,unknown,,,,,,,,,2026-07-17,,Other Tech,https://za.linkedin.com/jobs/view/back-end-engineer-at-software-intelligence-4439201816,2026-08-30T15:24:24+00:00
e353092d57d56bd2,linkedin,4385517023,Software Engineer (Scala),takealot.com,,"Cape Town, Western Cape, South Africa",South Africa,unknown,,,,,,,,,2026-03-13,,Software Development,https://za.linkedin.com/jobs/view/software-engineer-scala-at-takealot-com-4385517023,2026-08-30T15:24:24+00:00
e6ed6b1ee2ab372c,linkedin,4450258915,Software Engineer - South Africa,Doxim,,"Durban, KwaZulu-Natal, South Africa",South Africa,unknown,,,,,,,,,2026-08-06,,Software Development,https://za.linkedin.com/jobs/view/software-engineer-south-africa-at-doxim-4450258915,2026-08-30T15:24:24+00:00
b9161c5f11641765,linkedin,4352782235,Software Engineer,impact.com,,"Cape Town, Western Cape, South Africa",South Africa,unknown,,,,,,,,,2026-08-25,,Software Development,https://za.linkedin.com/jobs/view/software-engineer-at-impact-com-4352782235,2026-08-30T15:24:24+00:00
7494cdd054953515,linkedin,4456666265,Python Software Engineer,Techrepo.co.za,,"Cape Town, Western Cape, South Africa",South Africa,unknown,,,,,,,,,2026-08-22,,Software Development,https://za.linkedin.com/jobs/view/python-software-engineer-at-techrepo-co-za-4456666265,2026-08-30T15:24:32+00:00
9f1d869b212af202,linkedin,4427942011,Full Stack Software Engineer,Duku AI,,"Durban, KwaZulu-Natal, South Africa",South Africa,unknown,,,,,,,,,2026-06-12,,Software Development,https://za.linkedin.com/jobs/view/full-stack-software-engineer-at-duku-ai-4427942011,2026-08-30T15:24:32+00:00
6ae9a7baddc2ae52,linkedin,4450273135,Software Engineer - South Africa,Doxim,,"Cape Town, Western Cape, South Africa",South Africa,unknown,,,,,,,,,2026-08-06,,Software Development,https://za.linkedin.com/jobs/view/software-engineer-south-africa-at-doxim-4450273135,2026-08-30T15:24:32+00:00
08fded3fbf01ce10,linkedin,4460368435,"Software Engineer, Data Infrastructure & Acquisition - Cape Town, South Africa",Speechify,,"Cape Town, Western Cape, South Africa",South Africa,unknown,,,,,,,,,2026-08-03,,Software Development,https://za.linkedin.com/jobs/view/software-engineer-data-infrastructure-acquisition-cape-town-south-africa-at-speechify-4460368435,2026-08-30T15:24:32+00:00
c9b3b195e5c5a460,linkedin,4457616387,Software Engineer,Sanlam,,"Cape Town, Western Cape, South Africa",South Africa,unknown,,,,,,,,,2026-08-25,,Software Development,https://za.linkedin.com/jobs/view/software-engineer-at-sanlam-4457616387,2026-08-30T15:24:32+00:00
22f1db00265582ff,linkedin,4380030863,Software Engineer (Back-End),DigiOutsource,,"Cape Town, Western Cape, South Africa",South Africa,unknown,,,,,,,,,2026-08-25,,Software Development,https://za.linkedin.com/jobs/view/software-engineer-back-end-at-digioutsource-4380030863,2026-08-30T15:24:32+00:00
ab187bdae427fb45,linkedin,4447879215,2x Junior Software Developer,The Beekman Group,,"Port Shepstone, KwaZulu-Natal, South Africa",South Africa,unknown,,,,,,,,,2026-08-02,,Software Development,https://za.linkedin.com/jobs/view/2x-junior-software-developer-at-the-beekman-group-4447879215,2026-08-30T15:24:32+00:00
23b0b38e451da2bf,linkedin,4456494498,Software Engineer - Platform Engineer,Electrum,,"Cape Town, Western Cape, South Africa",South Africa,unknown,,,,,,,,,2026-07-26,,Software Development,https://za.linkedin.com/jobs/view/software-engineer-platform-engineer-at-electrum-4456494498,2026-08-30T15:24:32+00:00
af458d2f8e0b765d,linkedin,4451206667,"Software Engineer, SAP Analytics Cloud",Standard Bank Group,,Johannesburg Metropolitan Area,South Africa,unknown,,,,,,,,,2026-08-14,,Software Development,https://za.linkedin.com/jobs/view/software-engineer-sap-analytics-cloud-at-standard-bank-group-4451206667,2026-08-30T15:24:32+00:00
7a89257de1d1824b,linkedin,4450474986,Software Engineer,Acuity Consultants,,"City of Cape Town, Western Cape, South Africa",South Africa,unknown,,,,,,,,,2026-08-13,,Software Development,https://za.linkedin.com/jobs/view/software-engineer-at-acuity-consultants-4450474986,2026-08-30T15:24:32+00:00
b376eccb01a01750,linkedin,4457794703,Software Engineer(Java/Python),Zepz,,"City of Cape Town, Western Cape, South Africa",South Africa,unknown,,,,,,,,,2026-08-27,,Software Development,https://za.linkedin.com/jobs/view/software-engineer-java-python-at-zepz-4457794703,2026-08-30T15:24:39+00:00
6fc6cf1c4474453f,linkedin,4458198027,Software Engineer,The Rank Group plc,,"Cape Town, Western Cape, South Africa",South Africa,unknown,,,,,,,,,2026-08-24,,Software Development,https://za.linkedin.com/jobs/view/software-engineer-at-the-rank-group-plc-4458198027,2026-08-30T15:24:39+00:00
ad1571bea1587d4d,linkedin,4450895962,Full Stack Node JS Developer,Tsogo Sun Digital.,,"City of Cape Town, Western Cape, South Africa",South Africa,unknown,,,,,,,,,2026-08-14,,Software Development,https://za.linkedin.com/jobs/view/full-stack-node-js-developer-at-tsogo-sun-digital-4450895962,2026-08-30T15:24:39+00:00
4a2320a5980bd7de,linkedin,4436317522,Software Engineers,Amaris Consulting,,Johannesburg Metropolitan Area,South Africa,unknown,,,,,,,,,2026-08-14,,Software Development,https://za.linkedin.com/jobs/view/software-engineers-at-amaris-consulting-4436317522,2026-08-30T15:24:39+00:00
3cec682e73eff205,linkedin,4454295000,"Software Engineer, Analytics",Confluence,,"Cape Town, Western Cape, South Africa",South Africa,unknown,,,,,,,,,2026-08-17,,Software Development,https://za.linkedin.com/jobs/view/software-engineer-analytics-at-confluence-4454295000,2026-08-30T15:24:39+00:00
4d063fc369635c58,linkedin,4427927134,Full Stack Software Engineer,Duku AI,,"Cape Town, Western Cape, South Africa",South Africa,unknown,,,,,,,,,2026-06-12,,Software Development,https://za.linkedin.com/jobs/view/full-stack-software-engineer-at-duku-ai-4427927134,2026-08-30T15:24:39+00:00
9cc542de06808804,linkedin,4456670274,Intermediate Software Engineer,Techrepo.co.za,,"Johannesburg, Gauteng, South Africa",South Africa,unknown,,,,,,,,,2026-08-22,,Software Development,https://za.linkedin.com/jobs/view/intermediate-software-engineer-at-techrepo-co-za-4456670274,2026-08-30T15:24:39+00:00
58647f19dfb2137e,linkedin,4445898738,Java Software Engineer,Accso,,"Western Cape, South Africa",South Africa,unknown,,,,,,,,,2026-08-21,,Software Development,https://za.linkedin.com/jobs/view/java-software-engineer-at-accso-4445898738,2026-08-30T15:24:39+00:00
56c393d50a8ac43d,linkedin,4460821412,SOFTWARE DEVELOPER – MOBILE,VSC Solutions,,Port Elizabeth Metropolitan Area,South Africa,unknown,,,,,,,,,2026-08-29,,Software Development,https://za.linkedin.com/jobs/view/software-developer-%E2%80%93-mobile-at-vsc-solutions-4460821412,2026-08-30T15:24:39+00:00
53ccfd99b352101c,linkedin,4452702250,Intermediate Frontend Developer,Vista Group,,"Cape Town, Western Cape, South Africa",South Africa,unknown,,,,,,,,,2026-07-18,,Software Development,https://za.linkedin.com/jobs/view/intermediate-frontend-developer-at-vista-group-4452702250,2026-08-30T15:24:39+00:00
c0ef9b14422d6732,linkedin,4455463205,Full Stack Developer,"AIE, Academic Institute of Excellence",,"Midrand, Gauteng, South Africa",South Africa,unknown,,,,,,,,,2026-08-19,,Software Development,https://za.linkedin.com/jobs/view/full-stack-developer-at-aie-academic-institute-of-excellence-4455463205,2026-08-30T15:24:47+00:00
bf0887231cb9a2a3,linkedin,4388765673,Containerization & Virtualisation Engineer,Canonical,,"Cape Town, Western Cape, South Africa",South Africa,unknown,,,,,,,,,2026-03-22,,Other Tech,https://za.linkedin.com/jobs/view/containerization-virtualisation-engineer-at-canonical-4388765673,2026-08-30T15:24:47+00:00
e77508bc28b9e2ac,linkedin,4448877506,Fullstack Developer,Browns Jewellers,,Johannesburg Metropolitan Area,South Africa,unknown,,,,,,,,,2026-08-04,,Software Development,https://za.linkedin.com/jobs/view/fullstack-developer-at-browns-jewellers-4448877506,2026-08-30T15:24:47+00:00
444e5fee551a5d04,linkedin,4441986705,Flutter Engineer,Bash,,"Cape Town, Western Cape, South Africa",South Africa,unknown,,,,,,,,,2026-06-22,,Other Tech,https://za.linkedin.com/jobs/view/flutter-engineer-at-bash-4441986705,2026-08-30T15:24:47+00:00
796f40656cbb1079,linkedin,4460364166,Full Stack Software Developer,EnableSA Recruitment,,"Port Elizabeth, Eastern Cape, South Africa",South Africa,unknown,,,,,,,,,2026-08-28,,Software Development,https://za.linkedin.com/jobs/view/full-stack-software-developer-at-enablesa-recruitment-4460364166,2026-08-30T15:24:47+00:00
878dbad804b655cb,linkedin,4419884103,Founding Engineer,Share,,"Cape Town, Western Cape, South Africa",South Africa,unknown,,,,,,,,,2026-05-27,,Other Tech,https://za.linkedin.com/jobs/view/founding-engineer-at-share-4419884103,2026-08-30T15:24:47+00:00
de682779b03fabaa,linkedin,4433804928,"Software Engineer, Java",Upstream,,"Johannesburg, Gauteng, South Africa",South Africa,unknown,,,,,,,,,2026-06-01,,Software Development,https://za.linkedin.com/jobs/view/software-engineer-java-at-upstream-4433804928,2026-08-30T15:24:47+00:00
a4beff8e4b88d41e,linkedin,4448018007,"FULL STACK ENGINEER - BUILD THE EXPERIMENTATION PLATFORM THAT SHAPES MILLIONS OF PLAYER EXPERIENCES - CAPE TOWN, R1.2m – R1.3m",Acuity Consultants,,"City of Cape Town, Western Cape, South Africa",South Africa,unknown,,,,,,,,,2026-08-05,,Software Development,https://za.linkedin.com/jobs/view/full-stack-engineer-build-the-experimentation-platform-that-shapes-millions-of-player-experiences-cape-town-r1-2m-%E2%80%93-r1-3m-at-acuity-consultants-4448018007,2026-08-30T15:24:47+00:00
9ec59a8963b6f60e,linkedin,4446529680,Product Engineer,Viya,,"Durban, KwaZulu-Natal, South Africa",South Africa,unknown,,,,,,,,,2026-07-04,,Other Tech,https://za.linkedin.com/jobs/view/product-engineer-at-viya-4446529680,2026-08-30T15:24:47+00:00
2628462b7f03f0d0,linkedin,4449451176,Full Stack Developer,Orion Labs,,"Cape Town, Western Cape, South Africa",South Africa,unknown,,,,,,,,,2026-08-05,,Software Development,https://za.linkedin.com/jobs/view/full-stack-developer-at-orion-labs-4449451176,2026-08-30T15:24:47+00:00
a7a45be91446300f,linkedin,4419870907,VP & Staff Software Engineer(s),Share,,"Cape Town, Western Cape, South Africa",South Africa,unknown,,,,,,,,,2026-05-27,,Software Development,https://za.linkedin.com/jobs/view/vp-staff-software-engineer-s-at-share-4419870907,2026-08-30T15:24:54+00:00
1be5f23fd9a3cc0f,linkedin,4449088582,Junior Full-Stack Software Engineer,Pedros,,"Durban, KwaZulu-Natal, South Africa",South Africa,unknown,,,,,,,,,2026-08-04,,Software Development,https://za.linkedin.com/jobs/view/junior-full-stack-software-engineer-at-pedros-4449088582,2026-08-30T15:24:54+00:00
4b4e811045c15615,linkedin,4419163437,Principal Software Engineer,Kurtosys,,South Africa,South Africa,unknown,,,,,,,,,2026-08-23,,Software Development,https://za.linkedin.com/jobs/view/principal-software-engineer-at-kurtosys-4419163437,2026-08-30T15:24:54+00:00
c1dda01ffb413a82,linkedin,4451019663,Staff Backend Engineer,Boam AI,,"Cape Town, Western Cape, South Africa",South Africa,unknown,,,,,,,,,2026-08-08,,Software Development,https://za.linkedin.com/jobs/view/staff-backend-engineer-at-boam-ai-4451019663,2026-08-30T15:24:54+00:00
a5228e4eeb457fe5,linkedin,4457301984,Java Engineer Cape Town*,Accso,,"Western Cape, South Africa",South Africa,unknown,,,,,,,,,2026-08-21,,Other Tech,https://za.linkedin.com/jobs/view/java-engineer-cape-town-at-accso-4457301984,2026-08-30T15:24:54+00:00
29987339be10e735,linkedin,4446393546,Senior Full Stack Developer,Vista,,"Cape Town, Western Cape, South Africa",South Africa,unknown,,,,,,,,,2026-07-03,,Software Development,https://za.linkedin.com/jobs/view/senior-full-stack-developer-at-vista-4446393546,2026-08-30T15:24:54+00:00
12d0475eec3b3d36,linkedin,4455674483,Software Engineer (Machine Learning),Sanlam,,"Cape Town, Western Cape, South Africa",South Africa,unknown,,,,,,,,,2026-08-20,,Software Development,https://za.linkedin.com/jobs/view/software-engineer-machine-learning-at-sanlam-4455674483,2026-08-30T15:24:54+00:00
a669927071d632b6,linkedin,4454033469,Fullstack Developer,Talent Shore,,"Johannesburg, Gauteng, South Africa",South Africa,unknown,,,,,,,,,2026-08-13,,Software Development,https://za.linkedin.com/jobs/view/fullstack-developer-at-talent-shore-4454033469,2026-08-30T15:24:54+00:00
f89eecd5073113eb,linkedin,4451047468,REACT DEVELOPER,Softmetrix,,"City of Cape Town, Western Cape, South Africa",South Africa,unknown,,,,,,,,,2026-08-08,,Software Development,https://za.linkedin.com/jobs/view/react-developer-at-softmetrix-4451047468,2026-08-30T15:24:54+00:00
255513f3fc91fd4e,linkedin,4433253398,Senior Software Developer,dentsu,,"Cape Town, Western Cape, South Africa",South Africa,unknown,,,,,,,,,2026-06-26,,Software Development,https://za.linkedin.com/jobs/view/senior-software-developer-at-dentsu-4433253398,2026-08-30T15:24:54+00:00
9bb286eb09d8a24c,linkedin,4323174676,Software Developer- Certified Azure,Impronics Technologies,,"Johannesburg, Gauteng, South Africa",South Africa,unknown,,,,,,,,,2025-11-18,,Software Development,https://za.linkedin.com/jobs/view/software-developer-certified-azure-at-impronics-technologies-4323174676,2026-08-30T15:25:02+00:00
e8563d1095bcd7e8,linkedin,4438574056,Senior Software Engineer,LiveScore Group,,"Cape Town, Western Cape, South Africa",South Africa,unknown,,,,,,,,,2026-07-09,,Software Development,https://za.linkedin.com/jobs/view/senior-software-engineer-at-livescore-group-4438574056,2026-08-30T15:25:02+00:00
2a9e59c51aa054d9,linkedin,4451079917,Frontend Developer (JS / React),Twire,,"Doctor J.S. Moroka, Mpumalanga, South Africa",South Africa,unknown,,,,,,,,,2026-08-08,,Software Development,https://za.linkedin.com/jobs/view/frontend-developer-js-react-at-twire-4451079917,2026-08-30T15:25:02+00:00
0d8f0ec69efed1e0,linkedin,4459641970,"Web developer, HTML Coder",Leo Burnett Azerbaijan,,"Middelburg, Mpumalanga, South Africa",South Africa,unknown,,,,,,,,,2026-08-27,,Software Development,https://za.linkedin.com/jobs/view/web-developer-html-coder-at-leo-burnett-azerbaijan-4459641970,2026-08-30T15:25:02+00:00
4de9066ac0fae843,linkedin,4380784156,Java Developer,eLuminous Technologies,,"Stellenbosch, Western Cape, South Africa",South Africa,unknown,,,,,,,,,2026-03-04,,Software Development,https://za.linkedin.com/jobs/view/java-developer-at-eluminous-technologies-4380784156,2026-08-30T15:25:02+00:00
59ad9552656e3a33,linkedin,4439204873,Mobile Engineer,Software Intelligence,,"City of Cape Town, Western Cape, South Africa",South Africa,unknown,,,,,,,,,2026-07-17,,Other Tech,https://za.linkedin.com/jobs/view/mobile-engineer-at-software-intelligence-4439204873,2026-08-30T15:25:02+00:00
f47632e416df28fe,linkedin,4449082740,Senior Full Stack Software Engineer,Pedros,,"Durban, KwaZulu-Natal, South Africa",South Africa,unknown,,,,,,,,,2026-08-04,,Software Development,https://za.linkedin.com/jobs/view/senior-full-stack-software-engineer-at-pedros-4449082740,2026-08-30T15:25:02+00:00
1e5834e509e77ccf,linkedin,4440252127,"Staff Software Engineer, Golang",Block Labs,,South Africa,South Africa,unknown,,,,,,,,,2026-08-28,,Software Development,https://za.linkedin.com/jobs/view/staff-software-engineer-golang-at-block-labs-4440252127,2026-08-30T15:25:02+00:00
200c3489cd127cc4,linkedin,4457071027,Senior Software Developer,MVIA,,"Southern Suburbs, Western Cape, South Africa",South Africa,unknown,,,,,,,,,2026-08-20,,Software Development,https://za.linkedin.com/jobs/view/senior-software-developer-at-mvia-4457071027,2026-08-30T15:25:02+00:00
bb1697a876f8481e,linkedin,4453096930,Systems Developer - CONTRACT - Durban,Ntice Sourcing Solutions,,"Durban, KwaZulu-Natal, South Africa",South Africa,unknown,,,,,,,,,2026-08-12,,Software Development,https://za.linkedin.com/jobs/view/systems-developer-contract-durban-at-ntice-sourcing-solutions-4453096930,2026-08-30T15:25:02+00:00
f4c5c225a595120e,linkedin,4457340292,Junior Software Developer,QE Services IT Recruitment,,"Bellville, Western Cape, South Africa",South Africa,unknown,,,,,,,,,2026-08-20,,Software Development,https://za.linkedin.com/jobs/view/junior-software-developer-at-qe-services-it-recruitment-4457340292,2026-08-30T15:25:08+00:00
1189c761b404adc6,linkedin,4455863316,Senior Software Engineer,Red Badger,,"City of Cape Town, Western Cape, South Africa",South Africa,unknown,,,,,,,,,2026-08-24,,Software Development,https://za.linkedin.com/jobs/view/senior-software-engineer-at-red-badger-4455863316,2026-08-30T15:25:08+00:00
44f305461f41565f,linkedin,4426779976,Intermediate Full Stack Developer,INTX Insurance Software,,"Bryanston, Gauteng, South Africa",South Africa,unknown,,,,,,,,,2026-06-10,,Software Development,https://za.linkedin.com/jobs/view/intermediate-full-stack-developer-at-intx-insurance-software-4426779976,2026-08-30T15:25:08+00:00
3815ad252fb4680d,linkedin,4451642934,Junior Java Developer - Talent Pool,Saratoga Software,,"Cape Town, Western Cape, South Africa",South Africa,unknown,,,,,,,,,2026-08-11,,Software Development,https://za.linkedin.com/jobs/view/junior-java-developer-talent-pool-at-saratoga-software-4451642934,2026-08-30T15:25:08+00:00
4297ae421c002b46,linkedin,4429169651,Founding Software Engineer,The Flex,,South Africa,South Africa,unknown,,,,,,,,,2026-06-15,,Software Development,https://za.linkedin.com/jobs/view/founding-software-engineer-at-the-flex-4429169651,2026-08-30T15:25:08+00:00
6c157a4d61f2ce78,linkedin,4445890108,Senior Software Engineer,Priority Pass,,"City of Cape Town, Western Cape, South Africa",South Africa,unknown,,,,,,,,,2026-08-03,,Software Development,https://za.linkedin.com/jobs/view/senior-software-engineer-at-priority-pass-4445890108,2026-08-30T15:25:08+00:00
781ed66ed30312fc,linkedin,4429165768,Software Engineer,The Flex,,South Africa,South Africa,unknown,,,,,,,,,2026-06-15,,Software Development,https://za.linkedin.com/jobs/view/software-engineer-at-the-flex-4429165768,2026-08-30T15:25:08+00:00
4516e96386ec3082,linkedin,4453132612,Full Stack Engineer,OfferZen,,"City of Cape Town, Western Cape, South Africa",South Africa,unknown,,,,,,,,,2026-08-12,,Software Development,https://za.linkedin.com/jobs/view/full-stack-engineer-at-offerzen-4453132612,2026-08-30T15:25:08+00:00
562f1e1e9a422bb5,linkedin,4452266760,RPG Developer,Zensar Technologies,,"Sandton, Gauteng, South Africa",South Africa,unknown,,,,,,,,,2026-08-17,,Software Development,https://za.linkedin.com/jobs/view/rpg-developer-at-zensar-technologies-4452266760,2026-08-30T15:25:08+00:00
ab45a8ec3aaa8c04,linkedin,4458543739,AI Engineer,Embelo,,"City of Cape Town, Western Cape, South Africa",South Africa,unknown,,,,,,,,,2026-08-25,,Data & AI,https://za.linkedin.com/jobs/view/ai-engineer-at-embelo-4458543739,2026-08-30T15:25:08+00:00
88c53692bb82748c,linkedin,4451035812,REACT NATIVE DEVELOPER,Softmetrix,,"City of Cape Town, Western Cape, South Africa",South Africa,unknown,,,,,,,,,2026-08-08,,Software Development,https://za.linkedin.com/jobs/view/react-native-developer-at-softmetrix-4451035812,2026-08-30T15:25:15+00:00
313c9760bd63205f,linkedin,4454100007,Senior Software Engineer,Smart4 Energy,,"City of Cape Town, Western Cape, South Africa",South Africa,unknown,,,,,,,,,2026-08-20,,Software Development,https://za.linkedin.com/jobs/view/senior-software-engineer-at-smart4-energy-4454100007,2026-08-30T15:25:15+00:00
f99c5b6cf3b668ce,linkedin,4436345698,Software Engineer - YES programme,Pragma Global,,"Cape Town, Western Cape, South Africa",South Africa,unknown,,,,,,,,,2026-07-02,,Software Development,https://za.linkedin.com/jobs/view/software-engineer-yes-programme-at-pragma-global-4436345698,2026-08-30T15:25:15+00:00
282f74eac8adb3a7,linkedin,4428807582,Junior C# Software Developer,DotActiv,,"Cape Town, Western Cape, South Africa",South Africa,unknown,,,,,,,,,2026-06-15,,Software Development,https://za.linkedin.com/jobs/view/junior-c%23-software-developer-at-dotactiv-4428807582,2026-08-30T15:25:15+00:00
acf5f6744a6b9832,linkedin,4446056526,Senior Software Engineer-1,nCino,,"Johannesburg, Gauteng, South Africa",South Africa,unknown,,,,,,,,,2026-08-20,,Software Development,https://za.linkedin.com/jobs/view/senior-software-engineer-1-at-ncino-4446056526,2026-08-30T15:25:15+00:00
35fddde8faa4b673,linkedin,4461008160,Full Stack Engineer,Quik Hire Staffing,,South Africa,South Africa,unknown,,,,,,,,,2026-08-30,,Software Development,https://za.linkedin.com/jobs/view/full-stack-engineer-at-quik-hire-staffing-4461008160,2026-08-30T15:25:15+00:00
edb267d6bf8b684d,linkedin,4457758431,Data Engineer,Marketing Pros,,South Africa,South Africa,unknown,,,,,,,,,2026-08-27,,Data & AI,https://za.linkedin.com/jobs/view/data-engineer-at-marketing-pros-4457758431,2026-08-30T15:25:15+00:00
ab089a7546a9cb5e,linkedin,4450490591,Ecommerce Developer,AVI Limited,,"Bryanston, Gauteng, South Africa",South Africa,unknown,,,,,,,,,2026-08-13,,Software Development,https://za.linkedin.com/jobs/view/ecommerce-developer-at-avi-limited-4450490591,2026-08-30T15:25:15+00:00
8cc5f25ade1429da,linkedin,4406467203,Mobile Application Developer (with CI/CD Focus),Full Stack,,"City of Cape Town, Western Cape, South Africa",South Africa,unknown,,,,,,,,,2026-04-30,,Software Development,https://za.linkedin.com/jobs/view/mobile-application-developer-with-ci-cd-focus-at-full-stack-4406467203,2026-08-30T15:25:15+00:00
d356bc0630e6a282,linkedin,4446534548,Senior Platform Engineer,Viya,,"Durban, KwaZulu-Natal, South Africa",South Africa,unknown,,,,,,,,,2026-07-04,,Other Tech,https://za.linkedin.com/jobs/view/senior-platform-engineer-at-viya-4446534548,2026-08-30T15:25:15+00:00
8f1d0c27bdc0e576,linkedin,4443693401,Principal Software Engineer,BETSoftware,,"Durban, KwaZulu-Natal, South Africa",South Africa,unknown,,,,,,,,,2026-08-19,,Software Development,https://za.linkedin.com/jobs/view/principal-software-engineer-at-betsoftware-4443693401,2026-08-30T15:25:22+00:00
8fa47e8b79556849,linkedin,4445514609,Senior Backend Developer,BETSoftware,,"Durban, KwaZulu-Natal, South Africa",South Africa,unknown,,,,,,,,,2026-08-22,,Software Development,https://za.linkedin.com/jobs/view/senior-backend-developer-at-betsoftware-4445514609,2026-08-30T15:25:22+00:00
33b97a7a7c9339fd,linkedin,4453688465,Intermediate Front-end Software Engineer,Electrum,,"Cape Town, Western Cape, South Africa",South Africa,unknown,,,,,,,,,2026-08-13,,Software Development,https://za.linkedin.com/jobs/view/intermediate-front-end-software-engineer-at-electrum-4453688465,2026-08-30T15:25:22+00:00
7a2f395c0cd66bae,linkedin,4427929144,Full Stack Software Engineer,Duku AI,,"Johannesburg, Gauteng, South Africa",South Africa,unknown,,,,,,,,,2026-06-12,,Software Development,https://za.linkedin.com/jobs/view/full-stack-software-engineer-at-duku-ai-4427929144,2026-08-30T15:25:22+00:00
352c35ca3c7d3699,linkedin,4450080405,Zendesk Software Engineer,takealot.com,,"City of Cape Town, Western Cape, South Africa",South Africa,unknown,,,,,,,,,2026-08-21,,Software Development,https://za.linkedin.com/jobs/view/zendesk-software-engineer-at-takealot-com-4450080405,2026-08-30T15:25:22+00:00
0ab1bbde09b15f46,linkedin,4353434629,Software Technical Lead,BETSoftware,,"Durban, KwaZulu-Natal, South Africa",South Africa,unknown,,,,,,,,,2026-08-19,,Other Tech,https://za.linkedin.com/jobs/view/software-technical-lead-at-betsoftware-4353434629,2026-08-30T15:25:22+00:00
821d2d5ba78cb9b2,linkedin,4447510626,Intermediate Full Stack Engineer,HyperionDev,,"Johannesburg, Gauteng, South Africa",South Africa,unknown,,,,,,,,,2026-07-06,,Software Development,https://za.linkedin.com/jobs/view/intermediate-full-stack-engineer-at-hyperiondev-4447510626,2026-08-30T15:25:22+00:00
a6b93db738a1092d,linkedin,4425476649,Principal Software Engineer,takealot.com,,"Cape Town, Western Cape, South Africa",South Africa,unknown,,,,,,,,,2026-06-08,,Software Development,https://za.linkedin.com/jobs/view/principal-software-engineer-at-takealot-com-4425476649,2026-08-30T15:25:22+00:00
93c6f31177f13967,linkedin,4425473864,Principal Software Engineer,takealot.com,,"Cape Town, Western Cape, South Africa",South Africa,unknown,,,,,,,,,2026-06-08,,Software Development,https://za.linkedin.com/jobs/view/principal-software-engineer-at-takealot-com-4425473864,2026-08-30T15:25:22+00:00
ef75ca6269de3ce3,linkedin,4435468796,Software Engineer (Front-End),DigiOutsource,,"Cape Town, Western Cape, South Africa",South Africa,unknown,,,,,,,,,2026-08-16,,Software Development,https://za.linkedin.com/jobs/view/software-engineer-front-end-at-digioutsource-4435468796,2026-08-30T15:25:22+00:00
e2fbda74f230be8a,linkedin,4233270748,Software Engineer - Python - Ubuntu Pro client - graduate level,Canonical,,"Cape Town, Western Cape, South Africa",South Africa,unknown,,,,,,,,,2025-05-22,,Software Development,https://za.linkedin.com/jobs/view/software-engineer-python-ubuntu-pro-client-graduate-level-at-canonical-4233270748,2026-08-30T15:25:28+00:00
078f594fcc5a9cd5,linkedin,4458698037,Application Senior Developer,Accenture in South Africa,,"Midrand, Gauteng, South Africa",South Africa,unknown,,,,,,,,,2026-08-27,,Software Development,https://za.linkedin.com/jobs/view/application-senior-developer-at-accenture-in-south-africa-4458698037,2026-08-30T15:25:28+00:00
ffe68fe867036dab,linkedin,4460149352,"Senior Software Engineer, Core Experiences - Cape Town, South Africa",Speechify,,"Cape Town, Western Cape, South Africa",South Africa,unknown,,,,,,,,,2026-08-03,,Software Development,https://za.linkedin.com/jobs/view/senior-software-engineer-core-experiences-cape-town-south-africa-at-speechify-4460149352,2026-08-30T15:25:28+00:00
0b4dc570224834f9,linkedin,4450482775,"Java Engineer - Join leading payments FinTech in SA - Cape Town, R65-80K PM",Acuity Consultants,,"City of Cape Town, Western Cape, South Africa",South Africa,unknown,,,,,,,,,2026-08-13,,Other Tech,https://za.linkedin.com/jobs/view/java-engineer-join-leading-payments-fintech-in-sa-cape-town-r65-80k-pm-at-acuity-consultants-4450482775,2026-08-30T15:25:28+00:00
4642b46c7fd3b5ad,linkedin,3826356697,C# Developer,Impronics Technologies,,"Johannesburg, Gauteng, South Africa",South Africa,unknown,,,,,,,,,2024-02-09,,Software Development,https://za.linkedin.com/jobs/view/c%23-developer-at-impronics-technologies-3826356697,2026-08-30T15:25:28+00:00
325f6f4aef62366c,linkedin,4456654380,Principal Software Engineer,Techrepo.co.za,,"Cape Town, Western Cape, South Africa",South Africa,unknown,,,,,,,,,2026-08-22,,Software Development,https://za.linkedin.com/jobs/view/principal-software-engineer-at-techrepo-co-za-4456654380,2026-08-30T15:25:28+00:00
2e0767cc43b4667f,linkedin,4444415640,ServiceNow Developer,The Rank Group plc,,"Cape Town, Western Cape, South Africa",South Africa,unknown,,,,,,,,,2026-08-13,,Software Development,https://za.linkedin.com/jobs/view/servicenow-developer-at-the-rank-group-plc-4444415640,2026-08-30T15:25:28+00:00
ef2a5efe7140d78c,linkedin,4461007111,JavaScript Developer,Hired,,South Africa,South Africa,unknown,,,,,,,,,2026-08-30,,Software Development,https://za.linkedin.com/jobs/view/javascript-developer-at-hired-4461007111,2026-08-30T15:25:28+00:00
27f537b5eaf9c9ef,linkedin,4038354030,.NET Developer,Impronics Technologies,,"Johannesburg, Gauteng, South Africa",South Africa,unknown,,,,,,,,,2024-10-02,,Software Development,https://za.linkedin.com/jobs/view/net-developer-at-impronics-technologies-4038354030,2026-08-30T15:25:28+00:00
10b53b0cf35ccff8,linkedin,4405054657,BAW Developer,Impronics Technologies,,"Johannesburg, Gauteng, South Africa",South Africa,unknown,,,,,,,,,2026-04-24,,Software Development,https://za.linkedin.com/jobs/view/baw-developer-at-impronics-technologies-4405054657,2026-08-30T15:25:28+00:00
38eb1b2c6fa3dea9,linkedin,4391895885,Akeneo PIM | PHP Engineer,Vaimo,,"Pretoria, Gauteng, South Africa",South Africa,unknown,,,,,,,,,2026-03-30,,Other Tech,https://za.linkedin.com/jobs/view/akeneo-pim-php-engineer-at-vaimo-4391895885,2026-08-30T15:25:36+00:00
c968b92cd7d23881,linkedin,4461008119,Game Engine Developer,Quik Hire Staffing,,South Africa,South Africa,unknown,,,,,,,,,2026-08-30,,Software Development,https://za.linkedin.com/jobs/view/game-engine-developer-at-quik-hire-staffing-4461008119,2026-08-30T15:25:36+00:00
d3a523ba0d948ef4,linkedin,4459673487,Senior Software Engineer,Outsized,,"City of Cape Town, Western Cape, South Africa",South Africa,unknown,,,,,,,,,2026-08-27,,Software Development,https://za.linkedin.com/jobs/view/senior-software-engineer-at-outsized-4459673487,2026-08-30T15:25:36+00:00
4ee13b37c263c68f,linkedin,4429172578,Full-Stack Product Engineer,The Flex,,South Africa,South Africa,unknown,,,,,,,,,2026-06-15,,Other Tech,https://za.linkedin.com/jobs/view/full-stack-product-engineer-at-the-flex-4429172578,2026-08-30T15:25:36+00:00
2e79a96a55ac77f0,linkedin,4457769048,Back-End / Full Stack Developer (Senior),Parvana,,"Cape Town, Western Cape, South Africa",South Africa,unknown,,,,,,,,,2026-08-27,,Software Development,https://za.linkedin.com/jobs/view/back-end-full-stack-developer-senior-at-parvana-4457769048,2026-08-30T15:25:36+00:00
e64749c4d2561003,linkedin,4455417081,Java Developer Contract,Positron SE,,"Sandton, Gauteng, South Africa",South Africa,unknown,,,,,,,,,2026-08-19,,Software Development,https://za.linkedin.com/jobs/view/java-developer-contract-at-positron-se-4455417081,2026-08-30T15:25:36+00:00
a8d7460f25eac9d6,linkedin,4084463288,Channel Developer,Impronics Technologies,,"Johannesburg, Gauteng, South Africa",South Africa,unknown,,,,,,,,,2024-11-28,,Software Development,https://za.linkedin.com/jobs/view/channel-developer-at-impronics-technologies-4084463288,2026-08-30T15:25:36+00:00
2c24dc4bee5f1549,linkedin,4402529336,Artificial Intelligence (AI) Engineer,FlySafair,,"City of Johannesburg, Gauteng, South Africa",South Africa,unknown,,,,,,,,,2026-08-23,,Data & AI,https://za.linkedin.com/jobs/view/artificial-intelligence-ai-engineer-at-flysafair-4402529336,2026-08-30T15:25:36+00:00
48ec533b61dde3f0,linkedin,4457345654,Full Stack Engineer,OfferZen,,"City of Johannesburg, Gauteng, South Africa",South Africa,unknown,,,,,,,,,2026-08-21,,Software Development,https://za.linkedin.com/jobs/view/full-stack-engineer-at-offerzen-4457345654,2026-08-30T15:25:36+00:00
f58924dbef52b5ef,linkedin,4459849200,"FULL STACK DEVELOPER (C#/.NET, React, Node.js & Azure)",Indsafri,,"City of Cape Town, Western Cape, South Africa",South Africa,unknown,,,,,,,,,2026-08-27,,Software Development,https://za.linkedin.com/jobs/view/full-stack-developer-c%23-net-react-node-js-azure-at-indsafri-4459849200,2026-08-30T15:25:36+00:00
91ce975877a3c177,linkedin,4311244635,Integration Developer,Best Web Design Pty,,"Johannesburg, Gauteng, South Africa",South Africa,unknown,,,,,,,,,2025-10-08,,Software Development,https://za.linkedin.com/jobs/view/integration-developer-at-best-web-design-pty-4311244635,2026-08-30T15:25:43+00:00
109706896dcf3deb,linkedin,4357352504,Front Arena Developer,Nedbank,,"Johannesburg, Gauteng, South Africa",South Africa,unknown,,,,,,,,,2026-08-13,,Software Development,https://za.linkedin.com/jobs/view/front-arena-developer-at-nedbank-4357352504,2026-08-30T15:25:43+00:00
90f573b82e8be978,linkedin,4460896181,NET Developer (Remote),Jobs Ai,,South Africa,South Africa,remote,Africa-wide,,,,,,,,2026-08-30,,Software Development,https://za.linkedin.com/jobs/view/net-developer-remote-at-jobs-ai-4460896181,2026-08-30T15:25:43+00:00
007e5a8a87993711,linkedin,4348378115,モバイルエンジニア（ポテンシャル）／フロント・バックエンドエンジニアからモバイル領域へ挑戦可能！,"Sonix Co., Ltd.",,"Ivory Park, Gauteng, South Africa",South Africa,unknown,,,,,,,,,2025-12-04,,,https://za.linkedin.com/jobs/view/%E3%83%A2%E3%83%90%E3%82%A4%E3%83%AB%E3%82%A8%E3%83%B3%E3%82%B8%E3%83%8B%E3%82%A2%EF%BC%88%E3%83%9D%E3%83%86%E3%83%B3%E3%82%B7%E3%83%A3%E3%83%AB%EF%BC%89%EF%BC%8F%E3%83%95%E3%83%AD%E3%83%B3%E3%83%88%E3%83%BB%E3%83%90%E3%83%83%E3%82%AF%E3%82%A8%E3%83%B3%E3%83%89%E3%82%A8%E3%83%B3%E3%82%B8%E3%83%8B%E3%82%A2%E3%81%8B%E3%82%89%E3%83%A2%E3%83%90%E3%82%A4%E3%83%AB%E9%A0%98%E5%9F%9F%E3%81%B8%E6%8C%91%E6%88%A6%E5%8F%AF%E8%83%BD%EF%BC%81-at-sonix-co-ltd-4348378115,2026-08-30T15:25:43+00:00
648711656292f9d5,linkedin,4458694523,NATURAL Application Programmer Copy 01,Accenture in South Africa,,"Midrand, Gauteng, South Africa",South Africa,unknown,,,,,,,,,2026-08-27,,Software Development,https://za.linkedin.com/jobs/view/natural-application-programmer-copy-01-at-accenture-in-south-africa-4458694523,2026-08-30T15:25:43+00:00
64703f2a0879ab47,linkedin,4461002750,Software Engineer (Human Data Platforms),Hired,,South Africa,South Africa,unknown,,,,,,,,,2026-08-30,,Software Development,https://za.linkedin.com/jobs/view/software-engineer-human-data-platforms-at-hired-4461002750,2026-08-30T15:25:43+00:00
9a9600756de05bab,linkedin,4457452720,SAP Fiori Developer,Pepkor Lifestyle,,"Sandton, Gauteng, South Africa",South Africa,unknown,,,,,,,,,2026-08-25,,Software Development,https://za.linkedin.com/jobs/view/sap-fiori-developer-at-pepkor-lifestyle-4457452720,2026-08-30T15:25:43+00:00
bc3cc0e3c481caf0,linkedin,4452680098,Intermediate Full Stack C# Software Engineer (React / Azure),60 Degrees,,"City of Cape Town, Western Cape, South Africa",South Africa,unknown,,,,,,,,,2026-08-11,,Software Development,https://za.linkedin.com/jobs/view/intermediate-full-stack-c%23-software-engineer-react-azure-at-60-degrees-4452680098,2026-08-30T15:25:43+00:00
28986e0540d503f8,linkedin,4457739946,Experienced Oracle Developer,2Cana Solutions,,"Umhlanga, KwaZulu-Natal, South Africa",South Africa,unknown,,,,,,,,,2026-08-27,,Software Development,https://za.linkedin.com/jobs/view/experienced-oracle-developer-at-2cana-solutions-4457739946,2026-08-30T15:25:43+00:00
127f584a80a80e87,linkedin,4428697739,Junior C# Software Developer,DotActiv,,"Pretoria, Gauteng, South Africa",South Africa,unknown,,,,,,,,,2026-06-15,,Software Development,https://za.linkedin.com/jobs/view/junior-c%23-software-developer-at-dotactiv-4428697739,2026-08-30T15:25:43+00:00
fb527235fdb33939,linkedin,4438639347,Senior Software Engineer,TFG (The Foschini Group),,"Western Cape, South Africa",South Africa,unknown,,,,,,,,,2026-08-22,,Software Development,https://za.linkedin.com/jobs/view/senior-software-engineer-at-tfg-the-foschini-group-4438639347,2026-08-30T15:25:51+00:00
258e7a05edac5b0a,linkedin,4460557889,Intermediate C# / Blazor Developer,DeARX,,"Germiston, Gauteng, South Africa",South Africa,unknown,,,,,,,,,2026-08-28,,Software Development,https://za.linkedin.com/jobs/view/intermediate-c%23-blazor-developer-at-dearx-4460557889,2026-08-30T15:25:51+00:00
7295c939785d6a3f,linkedin,4453803034,Readvertisement: Junior Applications Developer,Rhodes University,,"Grahamstown, Eastern Cape, South Africa",South Africa,unknown,,,,,,,,,2026-08-19,,Software Development,https://za.linkedin.com/jobs/view/readvertisement-junior-applications-developer-at-rhodes-university-4453803034,2026-08-30T15:25:51+00:00
e646e3d6956e713a,linkedin,1290196722,Data Engineer,BSG,,Johannesburg Metropolitan Area,South Africa,unknown,,,,,,,,,2026-08-13,,Data & AI,https://za.linkedin.com/jobs/view/data-engineer-at-bsg-1290196722,2026-08-30T15:25:51+00:00
7bc0bf8af4c0939f,linkedin,4456651585,Senior Software Engineer,Techrepo.co.za,,"Johannesburg, Gauteng, South Africa",South Africa,unknown,,,,,,,,,2026-08-22,,Software Development,https://za.linkedin.com/jobs/view/senior-software-engineer-at-techrepo-co-za-4456651585,2026-08-30T15:25:51+00:00
488715c5371b31a2,linkedin,4445361675,Senior Full-Stack Engineer,Badger Holdings (Pty) Ltd,,"Western Cape, South Africa",South Africa,unknown,,,,,,,,,2026-07-01,,Other Tech,https://za.linkedin.com/jobs/view/senior-full-stack-engineer-at-badger-holdings-pty-ltd-4445361675,2026-08-30T15:25:51+00:00
f2c007adae3db9d3,linkedin,4453427422,Senior Software Engineer,TFG (The Foschini Group),,"City of Cape Town, Western Cape, South Africa",South Africa,unknown,,,,,,,,,2026-08-19,,Software Development,https://za.linkedin.com/jobs/view/senior-software-engineer-at-tfg-the-foschini-group-4453427422,2026-08-30T15:25:51+00:00
67b45a8b2865ac59,linkedin,4456266451,Zoho Developer,Centrax Digital UK,,"Sandton, Gauteng, South Africa",South Africa,unknown,,,,,,,,,2026-08-21,,Software Development,https://za.linkedin.com/jobs/view/zoho-developer-at-centrax-digital-uk-4456266451,2026-08-30T15:25:51+00:00
2f110de57e8b35fe,linkedin,4287588006,AI Software Engineer / Architect,Impronics Technologies,,"Johannesburg, Gauteng, South Africa",South Africa,unknown,,,,,,,,,2025-08-19,,Software Development,https://za.linkedin.com/jobs/view/ai-software-engineer-architect-at-impronics-technologies-4287588006,2026-08-30T15:25:51+00:00
b607c921af3aa6e2,linkedin,4446056524,Senior Software Engineer,nCino,,"West Rand District Municipality, Gauteng, South Africa",South Africa,unknown,,,,,,,,,2026-08-20,,Software Development,https://za.linkedin.com/jobs/view/senior-software-engineer-at-ncino-4446056524,2026-08-30T15:25:51+00:00
1f07fa92c940fd21,linkedin,4437023640,Senior Software Engineer (Full Stack),Confluence,,"Cape Town, Western Cape, South Africa",South Africa,unknown,,,,,,,,,2026-08-20,,Software Development,https://za.linkedin.com/jobs/view/senior-software-engineer-full-stack-at-confluence-4437023640,2026-08-30T15:25:57+00:00
45a0495d74955900,linkedin,4427924902,Machine Learning Engineer,Duku AI,,"Cape Town, Western Cape, South Africa",South Africa,unknown,,,,,,,,,2026-06-12,,Data & AI,https://za.linkedin.com/jobs/view/machine-learning-engineer-at-duku-ai-4427924902,2026-08-30T15:25:57+00:00
7203a96c88d1fcb8,linkedin,4451086219,Solutions Engineer,Xceptor,,"Cape Town, Western Cape, South Africa",South Africa,unknown,,,,,,,,,2026-08-30,,Other Tech,https://za.linkedin.com/jobs/view/solutions-engineer-at-xceptor-4451086219,2026-08-30T15:25:57+00:00
5aaaa0f82df1be80,linkedin,4458080418,Lead Java Developer,PBT Group,,"City of Cape Town, Western Cape, South Africa",South Africa,unknown,,,,,,,,,2026-08-28,,Software Development,https://za.linkedin.com/jobs/view/lead-java-developer-at-pbt-group-4458080418,2026-08-30T15:25:57+00:00
23c5d4ea40622c6a,linkedin,4458006691,"Full Stack .Net Developer - Full Remote, South Africa",Ada Meher,,South Africa,South Africa,remote,Africa-wide,,,,,,,,2026-08-27,,Software Development,https://za.linkedin.com/jobs/view/full-stack-net-developer-full-remote-south-africa-at-ada-meher-4458006691,2026-08-30T15:25:57+00:00
fdf587feb2e08807,linkedin,4448201443,Senior Full Stack Developer,EyeCarePro,,"Cape Town, Western Cape, South Africa",South Africa,unknown,,,,,,,,,2026-08-03,,Software Development,https://za.linkedin.com/jobs/view/senior-full-stack-developer-at-eyecarepro-4448201443,2026-08-30T15:25:57+00:00
03f3ca7dea660952,linkedin,4441822551,"Senior Software Engineer, Backend",Camunda,,"Johannesburg, Gauteng, South Africa",South Africa,unknown,,,,,,,,,2026-08-15,,Software Development,https://za.linkedin.com/jobs/view/senior-software-engineer-backend-at-camunda-4441822551,2026-08-30T15:25:57+00:00
67de2123c35a6688,linkedin,4452231642,Full Stack .NET Web Developer,Network Recruitment,,"Gauteng, South Africa",South Africa,unknown,,,,,,,,,2026-08-17,,Software Development,https://za.linkedin.com/jobs/view/full-stack-net-web-developer-at-network-recruitment-4452231642,2026-08-30T15:25:57+00:00
1959bdb34bbbb779,linkedin,4453744113,Intermediate Game Developer,ExecutivePlacements.com,,"Port Elizabeth, Eastern Cape, South Africa",South Africa,unknown,,,,,,,,,2026-08-14,,Software Development,https://za.linkedin.com/jobs/view/intermediate-game-developer-at-executiveplacements-com-4453744113,2026-08-30T15:25:57+00:00
8f8e855305fd7e82,linkedin,4456213781,Associate Software Engineer,SPAN Digital,,"Cape Town, Western Cape, South Africa",South Africa,unknown,,,,,,,,,2026-08-21,,Software Development,https://za.linkedin.com/jobs/view/associate-software-engineer-at-span-digital-4456213781,2026-08-30T15:25:57+00:00
9c2eb34fb6009e14,linkedin,4450120417,AI Product Engineer,AnywhereNow,,Johannesburg Metropolitan Area,South Africa,unknown,,,,,,,,,2026-08-12,,Data & AI,https://za.linkedin.com/jobs/view/ai-product-engineer-at-anywherenow-4450120417,2026-08-30T15:26:03+00:00
89eee4ceb6d8b146,linkedin,4401972319,Backend Lead Engineer,scale,,South Africa,South Africa,unknown,,,,,,,,,2026-04-21,,Software Development,https://za.linkedin.com/jobs/view/backend-lead-engineer-at-scale-4401972319,2026-08-30T15:26:03+00:00
cc45820018b07fb0,linkedin,4441305697,【障がい者採用】開発エンジニア／テレワーク可／フレックスタイム,株式会社ハンモック,,"Sandton, Gauteng, South Africa",South Africa,unknown,,,,,,,,,2026-07-17,,,https://za.linkedin.com/jobs/view/%E3%80%90%E9%9A%9C%E3%81%8C%E3%81%84%E8%80%85%E6%8E%A1%E7%94%A8%E3%80%91%E9%96%8B%E7%99%BA%E3%82%A8%E3%83%B3%E3%82%B8%E3%83%8B%E3%82%A2%EF%BC%8F%E3%83%86%E3%83%AC%E3%83%AF%E3%83%BC%E3%82%AF%E5%8F%AF%EF%BC%8F%E3%83%95%E3%83%AC%E3%83%83%E3%82%AF%E3%82%B9%E3%82%BF%E3%82%A4%E3%83%A0-at-%E6%A0%AA%E5%BC%8F%E4%BC%9A%E7%A4%BE%E3%83%8F%E3%83%B3%E3%83%A2%E3%83%83%E3%82%AF-4441305697,2026-08-30T15:26:03+00:00
bbd2eaedc9acaf9a,linkedin,4433858017,Senior Software Engineer Mobile,The Rank Group plc,,"Cape Town, Western Cape, South Africa",South Africa,unknown,,,,,,,,,2026-08-30,,Software Development,https://za.linkedin.com/jobs/view/senior-software-engineer-mobile-at-the-rank-group-plc-4433858017,2026-08-30T15:26:03+00:00
73ae0aa1591cc113,linkedin,4426075193,AES - DE - FS - DOTNET Full-Stack Razor,Zensar Technologies,,"Durban, KwaZulu-Natal, South Africa",South Africa,unknown,,,,,,,,,2026-08-14,,,https://za.linkedin.com/jobs/view/aes-de-fs-dotnet-full-stack-razor-at-zensar-technologies-4426075193,2026-08-30T15:26:03+00:00
f0cb46e267e6446b,linkedin,4458743397,Product Engineer - Salesforce,Absa Group,,"Johannesburg, Gauteng, South Africa",South Africa,unknown,,,,,,,,,2026-08-25,,Other Tech,https://za.linkedin.com/jobs/view/product-engineer-salesforce-at-absa-group-4458743397,2026-08-30T15:26:03+00:00
23c206f443e2cfd9,linkedin,4442591784,Senior Backend Developer (AI),Clickatell,,"Cape Town, Western Cape, South Africa",South Africa,unknown,,,,,,,,,2026-07-20,,Software Development,https://za.linkedin.com/jobs/view/senior-backend-developer-ai-at-clickatell-4442591784,2026-08-30T15:26:03+00:00
1d9d6d028397b4dd,linkedin,4459701787,Natural Adabas Developer,Codematch,,"Johannesburg, Gauteng, South Africa",South Africa,unknown,,,,,,,,,2026-08-29,,Software Development,https://za.linkedin.com/jobs/view/natural-adabas-developer-at-codematch-4459701787,2026-08-30T15:26:03+00:00
f41d917ebd46c2d2,linkedin,4447287832,Staff Backend Engineer,RemoFirst,,South Africa,South Africa,unknown,,,,,,,,,2026-07-30,,Software Development,https://za.linkedin.com/jobs/view/staff-backend-engineer-at-remofirst-4447287832,2026-08-30T15:26:03+00:00
d4667a0f6bd6ff78,linkedin,4429157747,Full-Stack Engineering Lead,The Flex,,South Africa,South Africa,unknown,,,,,,,,,2026-06-15,,Other Tech,https://za.linkedin.com/jobs/view/full-stack-engineering-lead-at-the-flex-4429157747,2026-08-30T15:26:03+00:00
0fa039bd8ed2ba71,linkedin,4408686639,Senior Back End Engineer,Elixirr Digital,,"Cape Town, Western Cape, South Africa",South Africa,unknown,,,,,,,,,2026-08-19,,Other Tech,https://za.linkedin.com/jobs/view/senior-back-end-engineer-at-elixirr-digital-4408686639,2026-08-30T15:26:11+00:00
e8cc130623c2e9ff,linkedin,4435314242,Senior Backend Developer,Diraya Inc.,,"Kagisano-Molopo, North-West, South Africa",South Africa,unknown,,,,,,,,,2026-06-30,,Software Development,https://za.linkedin.com/jobs/view/senior-backend-developer-at-diraya-inc-4435314242,2026-08-30T15:26:11+00:00
510b0d274f2cf8b5,linkedin,4304072650,AI Engineer,Vaimo,,"Pretoria, Gauteng, South Africa",South Africa,unknown,,,,,,,,,2025-09-23,,Data & AI,https://za.linkedin.com/jobs/view/ai-engineer-at-vaimo-4304072650,2026-08-30T15:26:11+00:00
188d7a43c6eb4c45,linkedin,4445986230,Senior Full Stack Developer,IgniteTech,,South Africa,South Africa,unknown,,,,,,,,,2026-08-18,,Software Development,https://za.linkedin.com/jobs/view/senior-full-stack-developer-at-ignitetech-4445986230,2026-08-30T15:26:11+00:00
9c891c9b52c9f7c3,linkedin,4422673413,Technical Lead,WeconnectU,,"Somerset West, Western Cape, South Africa",South Africa,unknown,,,,,,,,,2026-05-09,,Other Tech,https://za.linkedin.com/jobs/view/technical-lead-at-weconnectu-4422673413,2026-08-30T15:26:11+00:00
a237f0940e66ded8,linkedin,4418983412,Senior Full-Stack Software Engineer,Noodle,,South Africa,South Africa,unknown,,,,,,,,,2026-05-25,,Software Development,https://za.linkedin.com/jobs/view/senior-full-stack-software-engineer-at-noodle-4418983412,2026-08-30T15:26:11+00:00
a70d5b34b67430dc,linkedin,4430932905,Applied AI Engineer – Prompting & Evaluation,Klipboard,,"Johannesburg, Gauteng, South Africa",South Africa,unknown,,,,,,,,,2026-08-22,,Data & AI,https://za.linkedin.com/jobs/view/applied-ai-engineer-%E2%80%93-prompting-evaluation-at-klipboard-4430932905,2026-08-30T15:26:11+00:00
d640d67805a118b0,linkedin,4419427859,Tech Lead (Backend): Cards,BVNK,,"Cape Town, Western Cape, South Africa",South Africa,unknown,,,,,,,,,2026-05-26,,Software Development,https://za.linkedin.com/jobs/view/tech-lead-backend-cards-at-bvnk-4419427859,2026-08-30T15:26:11+00:00
5d32f212f2828068,linkedin,4456022036,Software Engineer - Frontend - Payments,Kraken,,South Africa,South Africa,unknown,,,,,,,,,2026-08-20,,Software Development,https://za.linkedin.com/jobs/view/software-engineer-frontend-payments-at-kraken-4456022036,2026-08-30T15:26:11+00:00
b5df820ce10d8d45,linkedin,4460359941,MLOps Engineer,Penta Consulting,,South Africa,South Africa,unknown,,,,,,,,,2026-08-28,,Other Tech,https://za.linkedin.com/jobs/view/mlops-engineer-at-penta-consulting-4460359941,2026-08-30T15:26:11+00:00
21f22f4ee7a58c42,linkedin,4455595906,Salesforce Developer / Engineer,Remote Choice,,South Africa,South Africa,unknown,,,,,,,,,2026-08-18,,Software Development,https://za.linkedin.com/jobs/view/salesforce-developer-engineer-at-remote-choice-4455595906,2026-08-30T15:26:18+00:00
423bef2155ad0d19,linkedin,4456148975,Application Support Developer Mainframe (all genders),Expleo Group,,"Hamburg, Eastern Cape, South Africa",South Africa,unknown,,,,,,,,,2026-08-19,,Software Development,https://za.linkedin.com/jobs/view/application-support-developer-mainframe-all-genders-at-expleo-group-4456148975,2026-08-30T15:26:18+00:00
5421f8eadd4488e0,linkedin,4451938159,Senior Software Engineer (Python/Databricks/Terraform),LexisNexis,,"Western Cape, South Africa",South Africa,unknown,,,,,,,,,2026-08-11,,Software Development,https://za.linkedin.com/jobs/view/senior-software-engineer-python-databricks-terraform-at-lexisnexis-4451938159,2026-08-30T15:26:18+00:00
2050fa35a95fb0ac,linkedin,4457314779,Software Engineering Team Lead - Cloud,Electrum,,"Cape Town, Western Cape, South Africa",South Africa,unknown,,,,,,,,,2026-08-21,,Software Development,https://za.linkedin.com/jobs/view/software-engineering-team-lead-cloud-at-electrum-4457314779,2026-08-30T15:26:18+00:00
be067d2ffe6a6d0e,linkedin,4426406149,Forward Deployed Engineer,UMATR,,Johannesburg Metropolitan Area,South Africa,unknown,,,,,,,,,2026-08-03,,Other Tech,https://za.linkedin.com/jobs/view/forward-deployed-engineer-at-umatr-4426406149,2026-08-30T15:26:18+00:00
a3cfe634083a0e70,linkedin,4460352470,Solutions Engineer,Hire Far Out,,"City of Cape Town, Western Cape, South Africa",South Africa,unknown,,,,,,,,,2026-08-28,,Other Tech,https://za.linkedin.com/jobs/view/solutions-engineer-at-hire-far-out-4460352470,2026-08-30T15:26:18+00:00
72c953c30a848ca7,linkedin,4450314285,ServiceNow Developer,Samaha Consulting,,"City of Johannesburg, Gauteng, South Africa",South Africa,unknown,,,,,,,,,2026-08-13,,Software Development,https://za.linkedin.com/jobs/view/servicenow-developer-at-samaha-consulting-4450314285,2026-08-30T15:26:18+00:00
cb95cc6d9c30a084,linkedin,4452718329,Data Engineer,Unifi Africa,,"Stellenbosch, Western Cape, South Africa",South Africa,unknown,,,,,,,,,2026-08-12,,Data & AI,https://za.linkedin.com/jobs/view/data-engineer-at-unifi-africa-4452718329,2026-08-30T15:26:18+00:00
448ace55fce74c29,linkedin,4448037641,Senior Backend Developer,Paracon,,"Sandton, Gauteng, South Africa",South Africa,unknown,,,,,,,,,2026-08-05,,Software Development,https://za.linkedin.com/jobs/view/senior-backend-developer-at-paracon-4448037641,2026-08-30T15:26:18+00:00
532c05daae3a9c7b,linkedin,4456933217,Data Engineer,cloudandthings.io,,"City of Cape Town, Western Cape, South Africa",South Africa,unknown,,,,,,,,,2026-08-25,,Data & AI,https://za.linkedin.com/jobs/view/data-engineer-at-cloudandthings-io-4456933217,2026-08-30T15:26:18+00:00
146b0b4ed2e7a08e,linkedin,4418973538,Senior Full Stack Engineer (NLP),Noodle,,South Africa,South Africa,unknown,,,,,,,,,2026-05-25,,Software Development,https://za.linkedin.com/jobs/view/senior-full-stack-engineer-nlp-at-noodle-4418973538,2026-08-30T15:26:25+00:00
b33728f946472373,linkedin,4442590780,Senior Backend Developer (AI),Clickatell,,"Johannesburg, Gauteng, South Africa",South Africa,unknown,,,,,,,,,2026-07-20,,Software Development,https://za.linkedin.com/jobs/view/senior-backend-developer-ai-at-clickatell-4442590780,2026-08-30T15:26:25+00:00
dfcd0ada2884eca4,linkedin,4426299797,Talent Pool: Full Stack Data Warehouse Developer,Guardrisk,,"Sandton, Gauteng, South Africa",South Africa,unknown,,,,,,,,,2026-07-21,,Software Development,https://za.linkedin.com/jobs/view/talent-pool-full-stack-data-warehouse-developer-at-guardrisk-4426299797,2026-08-30T15:26:25+00:00
59782c8c7844a13d,linkedin,4457307670,Senior Java Engineer* Cape Town,Accso,,"Western Cape, South Africa",South Africa,unknown,,,,,,,,,2026-08-21,,Other Tech,https://za.linkedin.com/jobs/view/senior-java-engineer-cape-town-at-accso-4457307670,2026-08-30T15:26:25+00:00
7faedf8f5bf99b19,linkedin,4457109339,Senior Software Engineer - Full-stack - Growth Product,Kraken,,South Africa,South Africa,unknown,,,,,,,,,2026-08-24,,Software Development,https://za.linkedin.com/jobs/view/senior-software-engineer-full-stack-growth-product-at-kraken-4457109339,2026-08-30T15:26:25+00:00
0cd7fecf688fb6a0,linkedin,4460147035,Data Engineer,Air Chefs,,"Cape Town, Western Cape, South Africa",South Africa,unknown,,,,,,,,,2026-08-26,,Data & AI,https://za.linkedin.com/jobs/view/data-engineer-at-air-chefs-4460147035,2026-08-30T15:26:25+00:00
437b0cd0ce2fa398,linkedin,4420136493,AI Technology and Innovation Engineer,"NTT DATA, Inc.",,"Johannesburg, Gauteng, South Africa",South Africa,unknown,,,,,,,,,2026-08-29,,Data & AI,https://za.linkedin.com/jobs/view/ai-technology-and-innovation-engineer-at-ntt-data-inc-4420136493,2026-08-30T15:26:25+00:00
4fe89ea5714f87ae,linkedin,4450136955,Senior Platform Engineer,impact.com,,"Cape Town, Western Cape, South Africa",South Africa,unknown,,,,,,,,,2026-08-25,,Other Tech,https://za.linkedin.com/jobs/view/senior-platform-engineer-at-impact-com-4450136955,2026-08-30T15:26:25+00:00
cbf6431992b132f2,linkedin,4413813666,Data Pipeline Engineer,Jurumani Solutions,,"Midrand, Gauteng, South Africa",South Africa,unknown,,,,,,,,,2026-05-12,,Other Tech,https://za.linkedin.com/jobs/view/data-pipeline-engineer-at-jurumani-solutions-4413813666,2026-08-30T15:26:25+00:00
c100e9cdfa411c7e,linkedin,4433889648,AI-Native Software Engineer - Early Career - Africa,ChainGPT,,South Africa,South Africa,unknown,,,,,,,,,2026-06-26,,Software Development,https://za.linkedin.com/jobs/view/ai-native-software-engineer-early-career-africa-at-chaingpt-4433889648,2026-08-30T15:26:25+00:00
128a8e0e76dc0e88,linkedin,4413191168,Data Engineer,DigiOutsource,,"Cape Town, Western Cape, South Africa",South Africa,unknown,,,,,,,,,2026-08-27,,Data & AI,https://za.linkedin.com/jobs/view/data-engineer-at-digioutsource-4413191168,2026-08-30T15:26:32+00:00
c9f9e1ddd1d2799a,linkedin,4452242714,Automation Developer,Network Recruitment,,Johannesburg Metropolitan Area,South Africa,unknown,,,,,,,,,2026-08-17,,Software Development,https://za.linkedin.com/jobs/view/automation-developer-at-network-recruitment-4452242714,2026-08-30T15:26:32+00:00
71e8bfcb0edaf3a2,linkedin,4445146754,Senior Full Stack Software Engineer (12-months contract),DeARX,,"Johannesburg, Gauteng, South Africa",South Africa,unknown,,,,,,,,,2026-07-27,,Software Development,https://za.linkedin.com/jobs/view/senior-full-stack-software-engineer-12-months-contract-at-dearx-4445146754,2026-08-30T15:26:32+00:00
c175c1bd306ecd43,linkedin,4434479966,Staff Product Engineer (Ruby on Rails),SearchApi,,South Africa,South Africa,unknown,,,,,,,,,2026-06-29,,Other Tech,https://za.linkedin.com/jobs/view/staff-product-engineer-ruby-on-rails-at-searchapi-4434479966,2026-08-30T15:26:32+00:00
630766ac8a2b0465,linkedin,4418399872,Intermediate Software Quality Engineer,BETSoftware,,"Durban, KwaZulu-Natal, South Africa",South Africa,unknown,,,,,,,,,2026-08-26,,Other Tech,https://za.linkedin.com/jobs/view/intermediate-software-quality-engineer-at-betsoftware-4418399872,2026-08-30T15:26:32+00:00
bf26908af905b169,linkedin,4438921904,Java Developer – Payment Architect,Impronics Technologies,,"Johannesburg, Gauteng, South Africa",South Africa,unknown,,,,,,,,,2026-07-11,,Software Development,https://za.linkedin.com/jobs/view/java-developer-%E2%80%93-payment-architect-at-impronics-technologies-4438921904,2026-08-30T15:26:32+00:00
f6fe33da6d1fdf41,linkedin,4448201487,Senior Software Developer ( Java Springboot),Flash Group,,"Western Cape, South Africa",South Africa,unknown,,,,,,,,,2026-08-25,,Software Development,https://za.linkedin.com/jobs/view/senior-software-developer-java-springboot-at-flash-group-4448201487,2026-08-30T15:26:32+00:00
81c395690844def8,linkedin,4448899156,Analytics Engineer,takealot.com,,"Western Cape, South Africa",South Africa,unknown,,,,,,,,,2026-08-04,,Other Tech,https://za.linkedin.com/jobs/view/analytics-engineer-at-takealot-com-4448899156,2026-08-30T15:26:32+00:00
61ed951397843b6e,linkedin,4458917560,"Senior Software Engineer, Applied AI | On-site | George WC",Badger Holdings (Pty) Ltd,,"Western Cape, South Africa",South Africa,onsite,,,,,,,,,2026-08-03,,Software Development,https://za.linkedin.com/jobs/view/senior-software-engineer-applied-ai-on-site-george-wc-at-badger-holdings-pty-ltd-4458917560,2026-08-30T15:26:32+00:00
1e103b6bc7973596,linkedin,4304865711,AI Engineer (LLMs & Agents),Elixirr Digital,,"City of Cape Town, Western Cape, South Africa",South Africa,unknown,,,,,,,,,2026-08-15,,Data & AI,https://za.linkedin.com/jobs/view/ai-engineer-llms-agents-at-elixirr-digital-4304865711,2026-08-30T15:26:32+00:00
9b0b57dd531195e3,linkedin,4450127319,Mulesoft developer,Indsafri,,Johannesburg Metropolitan Area,South Africa,unknown,,,,,,,,,2026-08-12,,Software Development,https://za.linkedin.com/jobs/view/mulesoft-developer-at-indsafri-4450127319,2026-08-30T15:26:39+00:00
c6ac61ff6a0a40eb,linkedin,4020334030,IBM BPM Developer - SA,Impronics Technologies,,"Johannesburg, Gauteng, South Africa",South Africa,unknown,,,,,,,,,2024-09-09,,Software Development,https://za.linkedin.com/jobs/view/ibm-bpm-developer-sa-at-impronics-technologies-4020334030,2026-08-30T15:26:39+00:00
8a34f5fa1ac9a668,linkedin,3877190350,Payments Expert,Impronics Technologies,,"Johannesburg, Gauteng, South Africa",South Africa,unknown,,,,,,,,,2024-03-29,,,https://za.linkedin.com/jobs/view/payments-expert-at-impronics-technologies-3877190350,2026-08-30T15:26:39+00:00
7ff5fa7def08c1f4,linkedin,4454061743,Mobile Application Developer,Penta Consulting,,Johannesburg Metropolitan Area,South Africa,unknown,,,,,,,,,2026-08-13,,Software Development,https://za.linkedin.com/jobs/view/mobile-application-developer-at-penta-consulting-4454061743,2026-08-30T15:26:39+00:00
012e1f33051a11a7,linkedin,4454236215,Senior JavaScript Software Engineer,Entelect,,"City of Johannesburg, Gauteng, South Africa",South Africa,unknown,,,,,,,,,2026-08-17,,Software Development,https://za.linkedin.com/jobs/view/senior-javascript-software-engineer-at-entelect-4454236215,2026-08-30T15:26:39+00:00
054988319bde1acc,linkedin,4452811226,Machine Learning Engineer,Nedbank,,"City of Cape Town, Western Cape, South Africa",South Africa,unknown,,,,,,,,,2026-08-18,,Data & AI,https://za.linkedin.com/jobs/view/machine-learning-engineer-at-nedbank-4452811226,2026-08-30T15:26:39+00:00
e58ade7907f0d916,linkedin,4427924908,Applied Research Engineer,Duku AI,,"Cape Town, Western Cape, South Africa",South Africa,unknown,,,,,,,,,2026-06-12,,Other Tech,https://za.linkedin.com/jobs/view/applied-research-engineer-at-duku-ai-4427924908,2026-08-30T15:26:39+00:00
b6744404ce0c12de,linkedin,4148282145,Vacature Magento Front End developer - vervuld,Vtiger CRM Expertise,,"Amersfoort, Mpumalanga, South Africa",South Africa,unknown,,,,,,,,,2025-02-10,,Software Development,https://za.linkedin.com/jobs/view/vacature-magento-front-end-developer-vervuld-at-vtiger-crm-expertise-4148282145,2026-08-30T15:26:39+00:00
5a02f81857cf7b0c,linkedin,4450108517,Salesforce Developer (FSC),Indsafri,,Johannesburg Metropolitan Area,South Africa,unknown,,,,,,,,,2026-08-12,,Software Development,https://za.linkedin.com/jobs/view/salesforce-developer-fsc-at-indsafri-4450108517,2026-08-30T15:26:39+00:00
fed20960825b34db,linkedin,4408823757,Senior Full-Stack Engineer (AI Products) | On-site | George WC,dotsure.co.za,,"Western Cape, South Africa",South Africa,onsite,,,,,,,,,2026-05-06,,Data & AI,https://za.linkedin.com/jobs/view/senior-full-stack-engineer-ai-products-on-site-george-wc-at-dotsure-co-za-4408823757,2026-08-30T15:26:39+00:00
818e6cf9bd0b1ea1,linkedin,4450136956,Associate Platform Infrastructure Engineer,impact.com,,"Cape Town, Western Cape, South Africa",South Africa,unknown,,,,,,,,,2026-08-25,,Other Tech,https://za.linkedin.com/jobs/view/associate-platform-infrastructure-engineer-at-impact-com-4450136956,2026-08-30T15:26:45+00:00
25445b8c2a8a5714,linkedin,4429789857,DevOps Engineer,Duku AI,,"Durban, KwaZulu-Natal, South Africa",South Africa,unknown,,,,,,,,,2026-06-17,,DevOps & Cloud,https://za.linkedin.com/jobs/view/devops-engineer-at-duku-ai-4429789857,2026-08-30T15:26:45+00:00
3ca67d480e05281c,linkedin,4442696549,Technical Software Lead,Twenty Degrees,,"Johannesburg, Gauteng, South Africa",South Africa,unknown,,,,,,,,,2026-07-21,,Other Tech,https://za.linkedin.com/jobs/view/technical-software-lead-at-twenty-degrees-4442696549,2026-08-30T15:26:45+00:00
2751bd7898f94372,linkedin,4444047646,Cloud Data Engineer,DeARX,,"Sandton, Gauteng, South Africa",South Africa,unknown,,,,,,,,,2026-07-23,,Data & AI,https://za.linkedin.com/jobs/view/cloud-data-engineer-at-dearx-4444047646,2026-08-30T15:26:45+00:00
9404f292cd3a1c89,linkedin,4454642178,Snr Java Developer - Fully Remote,Network Recruitment,,"Gauteng, South Africa",South Africa,remote,Africa-wide,,,,,,,,2026-08-27,,Software Development,https://za.linkedin.com/jobs/view/snr-java-developer-fully-remote-at-network-recruitment-4454642178,2026-08-30T15:26:45+00:00
6dd3507362772566,linkedin,4448411584,Software Development Manager,The Shoprite Group of Companies,,"Brackenfell, Western Cape, South Africa",South Africa,unknown,,,,,,,,,2026-08-06,,Other Tech,https://za.linkedin.com/jobs/view/software-development-manager-at-the-shoprite-group-of-companies-4448411584,2026-08-30T15:26:45+00:00
57f65d06a82ab9cc,linkedin,4409212473,"Senior Software Engineer, Applied AI | On-site | George WC",dotsure.co.za,,"Western Cape, South Africa",South Africa,onsite,,,,,,,,,2026-05-06,,Software Development,https://za.linkedin.com/jobs/view/senior-software-engineer-applied-ai-on-site-george-wc-at-dotsure-co-za-4409212473,2026-08-30T15:26:45+00:00
69c78bf005d0e22d,linkedin,4459663570,DevOps Engineer II,The Shoprite Group of Companies,,"Brackenfell, Western Cape, South Africa",South Africa,unknown,,,,,,,,,2026-08-27,,DevOps & Cloud,https://za.linkedin.com/jobs/view/devops-engineer-ii-at-the-shoprite-group-of-companies-4459663570,2026-08-30T15:26:45+00:00
7e3d2127f77db384,linkedin,4445540365,Cape Town - Senior Backend C#/.NET Engineer,Protium,,"Cape Town, Western Cape, South Africa",South Africa,unknown,,,,,,,,,2026-07-31,,Software Development,https://za.linkedin.com/jobs/view/cape-town-senior-backend-c%23-net-engineer-at-protium-4445540365,2026-08-30T15:26:45+00:00
305f408b452fd927,linkedin,4445455968,Junior Data Engineer,JUMO,,South Africa,South Africa,unknown,,,,,,,,,2026-08-24,,Data & AI,https://za.linkedin.com/jobs/view/junior-data-engineer-at-jumo-4445455968,2026-08-30T15:26:45+00:00
5c2168a0cd92e446,linkedin,4450156002,Senior Dotnet Developer,Zensar Technologies,,"Durban, KwaZulu-Natal, South Africa",South Africa,unknown,,,,,,,,,2026-08-12,,Software Development,https://za.linkedin.com/jobs/view/senior-dotnet-developer-at-zensar-technologies-4450156002,2026-08-30T15:26:53+00:00
b81c7980ac4ec953,linkedin,4452598286,Machine Learning Engineer,Nedbank,,Johannesburg Metropolitan Area,South Africa,unknown,,,,,,,,,2026-08-18,,Data & AI,https://za.linkedin.com/jobs/view/machine-learning-engineer-at-nedbank-4452598286,2026-08-30T15:26:53+00:00
200edc7fd7635fca,linkedin,4459142931,Technical Lead: Java MMH260825-8,Momentum,,"Centurion, Gauteng, South Africa",South Africa,unknown,,,,,,,,,2026-08-26,,Other Tech,https://za.linkedin.com/jobs/view/technical-lead-java-mmh260825-8-at-momentum-4459142931,2026-08-30T15:26:53+00:00
8c3f3944969a3760,linkedin,4454233992,Java Technical Lead,Entelect,,Johannesburg Metropolitan Area,South Africa,unknown,,,,,,,,,2026-08-17,,Other Tech,https://za.linkedin.com/jobs/view/java-technical-lead-at-entelect-4454233992,2026-08-30T15:26:53+00:00
a380d10844006d1c,linkedin,4446203958,Senior AI Developer,Plan.Net CreativeNest South Africa,,"Western Cape, South Africa",South Africa,unknown,,,,,,,,,2026-08-03,,Software Development,https://za.linkedin.com/jobs/view/senior-ai-developer-at-plan-net-creativenest-south-africa-4446203958,2026-08-30T15:26:53+00:00
a65e144054cd488d,linkedin,4455900573,"Software Development Manager, EC2 Instance Placement",Amazon Web Services (AWS),,"Cape Town, Western Cape, South Africa",South Africa,unknown,,,,,,,,,2026-08-19,,Other Tech,https://za.linkedin.com/jobs/view/software-development-manager-ec2-instance-placement-at-amazon-web-services-aws-4455900573,2026-08-30T15:26:53+00:00
6a2693615065e7c6,linkedin,4453875595,Data Engineer,cloudandthings.io,,Johannesburg Metropolitan Area,South Africa,unknown,,,,,,,,,2026-08-24,,Data & AI,https://za.linkedin.com/jobs/view/data-engineer-at-cloudandthings-io-4453875595,2026-08-30T15:26:53+00:00
b9e83eaf8d66c0f8,linkedin,4457466912,Senior Software Engineer (Data),Jobgether,,South Africa,South Africa,unknown,,,,,,,,,2026-08-25,,Software Development,https://za.linkedin.com/jobs/view/senior-software-engineer-data-at-jobgether-4457466912,2026-08-30T15:26:53+00:00
77197b860607ae7d,linkedin,4430286783,Data Engineer,Nedbank,,"Johannesburg, Gauteng, South Africa",South Africa,unknown,,,,,,,,,2026-08-08,,Data & AI,https://za.linkedin.com/jobs/view/data-engineer-at-nedbank-4430286783,2026-08-30T15:26:53+00:00
80ba4d462c5b90e4,linkedin,4322121596,Senior Java Developer (Kafka),Flash Group,,"Western Cape, South Africa",South Africa,unknown,,,,,,,,,2026-08-19,,Software Development,https://za.linkedin.com/jobs/view/senior-java-developer-kafka-at-flash-group-4322121596,2026-08-30T15:26:53+00:00
be1dcfc234a3191b,linkedin,4450203332,🚀 Senior C# Developer / DevOps Engineer | Cape Town (Tyger Valley) | Up to R1.5m PA (Tyger Valley) | Up to R1.5m PA,e-Merge IT Recruitment,,"City of Cape Town, Western Cape, South Africa",South Africa,unknown,,,,,,,,,2026-08-06,,Software Development,https://za.linkedin.com/jobs/view/%F0%9F%9A%80-senior-c%23-developer-devops-engineer-cape-town-tyger-valley-up-to-r1-5m-pa-tyger-valley-up-to-r1-5m-pa-at-e-merge-it-recruitment-4450203332,2026-08-30T15:27:00+00:00
171cad2669921db4,linkedin,4416480030,Data Science Developer,iX,,"Centurion, Gauteng, South Africa",South Africa,unknown,,,,,,,,,2026-05-19,,Software Development,https://za.linkedin.com/jobs/view/data-science-developer-at-ix-4416480030,2026-08-30T15:27:00+00:00
2d0e9e47ca6e27e1,linkedin,4446635330,Software Quality Engineer,Games Global,,"Durban, KwaZulu-Natal, South Africa",South Africa,unknown,,,,,,,,,2026-08-04,,Other Tech,https://za.linkedin.com/jobs/view/software-quality-engineer-at-games-global-4446635330,2026-08-30T15:27:00+00:00
ec059b0984360047,linkedin,4434922264,Proxy Network Engineer,SearchApi,,South Africa,South Africa,unknown,,,,,,,,,2026-06-30,,IT Support & Networking,https://za.linkedin.com/jobs/view/proxy-network-engineer-at-searchapi-4434922264,2026-08-30T15:27:00+00:00
cc7c77a4971117fc,linkedin,4455912684,"Software Development Manager, Managed Fleets",Amazon Web Services (AWS),,"Cape Town, Western Cape, South Africa",South Africa,unknown,,,,,,,,,2026-08-19,,Other Tech,https://za.linkedin.com/jobs/view/software-development-manager-managed-fleets-at-amazon-web-services-aws-4455912684,2026-08-30T15:27:00+00:00
c2514e677f4bfd18,linkedin,4442996642,Data Engineer III,LexisNexis,,"Johannesburg, Gauteng, South Africa",South Africa,unknown,,,,,,,,,2026-07-22,,Data & AI,https://za.linkedin.com/jobs/view/data-engineer-iii-at-lexisnexis-4442996642,2026-08-30T15:27:00+00:00
98484f4521a05386,linkedin,4414593243,Junior Dynamics 365 Business Central Developer,DigiOutsource,,"Cape Town, Western Cape, South Africa",South Africa,unknown,,,,,,,,,2026-08-10,,Software Development,https://za.linkedin.com/jobs/view/junior-dynamics-365-business-central-developer-at-digioutsource-4414593243,2026-08-30T15:27:00+00:00
b0067445c5337cd9,linkedin,4458464689,Senior Java developer (12 months Hybrid role),Recruiters of Distinction,,Johannesburg Metropolitan Area,South Africa,hybrid,,,,,,,,,2026-08-29,,Software Development,https://za.linkedin.com/jobs/view/senior-java-developer-12-months-hybrid-role-at-recruiters-of-distinction-4458464689,2026-08-30T15:27:00+00:00
cbd9b145d9ba5805,linkedin,4461007668,Technical Recruiter (Remote),Hired,,South Africa,South Africa,remote,Africa-wide,,,,,,,,2026-08-30,,Other Tech,https://za.linkedin.com/jobs/view/technical-recruiter-remote-at-hired-4461007668,2026-08-30T15:27:00+00:00
3f2dc01eda7a6dcd,linkedin,4416159507,Senior Data Engineer,Iress,,"Johannesburg, Gauteng, South Africa",South Africa,unknown,,,,,,,,,2026-08-15,,Data & AI,https://za.linkedin.com/jobs/view/senior-data-engineer-at-iress-4416159507,2026-08-30T15:27:00+00:00
ce0fe82fe884c192,linkedin,4452373625,Junior бэкенд-разработчик [Вакансия в архиве],Teacher Army | Найти наставника в IT,,"Doctor J.S. Moroka, Mpumalanga, South Africa",South Africa,unknown,,,,,,,,,2026-08-12,,,https://za.linkedin.com/jobs/view/junior-%D0%B1%D1%8D%D0%BA%D0%B5%D0%BD%D0%B4-%D1%80%D0%B0%D0%B7%D1%80%D0%B0%D0%B1%D0%BE%D1%82%D1%87%D0%B8%D0%BA-%D0%B2%D0%B0%D0%BA%D0%B0%D0%BD%D1%81%D0%B8%D1%8F-%D0%B2-%D0%B0%D1%80%D1%85%D0%B8%D0%B2%D0%B5-at-teacher-army-%D0%BD%D0%B0%D0%B9%D1%82%D0%B8-%D0%BD%D0%B0%D1%81%D1%82%D0%B0%D0%B2%D0%BD%D0%B8%D0%BA%D0%B0-%D0%B2-it-4452373625,2026-08-30T15:27:07+00:00
4d1e21eecf7a7076,linkedin,4448799430,Senior Data Engineer,Synthesis Software Technologies,,"City of Johannesburg, Gauteng, South Africa",South Africa,unknown,,,,,,,,,2026-08-07,,Data & AI,https://za.linkedin.com/jobs/view/senior-data-engineer-at-synthesis-software-technologies-4448799430,2026-08-30T15:27:07+00:00
5660e86fcc374f7e,linkedin,4457945558,Senior .NET Developer,SASSO CONSULTING,,"Centurion, Gauteng, South Africa",South Africa,unknown,,,,,,,,,2026-08-26,,Software Development,https://za.linkedin.com/jobs/view/senior-net-developer-at-sasso-consulting-4457945558,2026-08-30T15:27:07+00:00
7a0ffafb9ac3fa00,linkedin,4450261571,Senior Full Stack Engineer (C# and Angular),Motorola Solutions,,South Africa,South Africa,unknown,,,,,,,,,2026-08-27,,Software Development,https://za.linkedin.com/jobs/view/senior-full-stack-engineer-c%23-and-angular-at-motorola-solutions-4450261571,2026-08-30T15:27:07+00:00
8e3e103010a46988,linkedin,4438422473,Data Engineer,VML Enterprise Solutions,,"Cape Town, Western Cape, South Africa",South Africa,unknown,,,,,,,,,2026-07-15,,Data & AI,https://za.linkedin.com/jobs/view/data-engineer-at-vml-enterprise-solutions-4438422473,2026-08-30T15:27:07+00:00
37ef8c3703c15fed,linkedin,4413378789,Data Science Developer,iX,,"Bryanston, Gauteng, South Africa",South Africa,unknown,,,,,,,,,2026-05-20,,Software Development,https://za.linkedin.com/jobs/view/data-science-developer-at-ix-4413378789,2026-08-30T15:27:07+00:00
701a2ed74d4b794b,linkedin,4431069544,【バックエンドエンジニア】AI・IoTシステム開発/ブリッジSE経験者優遇,TAS Design Group,,"Ivory Park, Gauteng, South Africa",South Africa,unknown,,,,,,,,,2026-06-29,,,https://za.linkedin.com/jobs/view/%E3%80%90%E3%83%90%E3%83%83%E3%82%AF%E3%82%A8%E3%83%B3%E3%83%89%E3%82%A8%E3%83%B3%E3%82%B8%E3%83%8B%E3%82%A2%E3%80%91ai%E3%83%BBiot%E3%82%B7%E3%82%B9%E3%83%86%E3%83%A0%E9%96%8B%E7%99%BA-%E3%83%96%E3%83%AA%E3%83%83%E3%82%B8se%E7%B5%8C%E9%A8%93%E8%80%85%E5%84%AA%E9%81%87-at-tas-design-group-4431069544,2026-08-30T15:27:07+00:00
e9559df646321f6f,linkedin,4439215323,Graduate Data and Infrastructure Engineer,SLB,,"Cape Town, Western Cape, South Africa",South Africa,unknown,,,,,,,,,2026-08-28,,Other Tech,https://za.linkedin.com/jobs/view/graduate-data-and-infrastructure-engineer-at-slb-4439215323,2026-08-30T15:27:07+00:00
078e9d7db93da1ed,linkedin,4407732981,AI-Focused DevOps Engineer,Full Stack,,"City of Cape Town, Western Cape, South Africa",South Africa,unknown,,,,,,,,,2026-05-04,,DevOps & Cloud,https://za.linkedin.com/jobs/view/ai-focused-devops-engineer-at-full-stack-4407732981,2026-08-30T15:27:07+00:00
42f70fe50a29eef6,linkedin,4437308021,Associate Staff Engineer (Graph Data Engineer),Nagarro,,"Johannesburg, Gauteng, South Africa",South Africa,unknown,,,,,,,,,2026-08-21,,Data & AI,https://za.linkedin.com/jobs/view/associate-staff-engineer-graph-data-engineer-at-nagarro-4437308021,2026-08-30T15:27:07+00:00
0a1ccc635c8241e0,linkedin,4440436297,Data Ops/ Data Engineer,Blu Label Unlimited,,"Sandton, Gauteng, South Africa",South Africa,unknown,,,,,,,,,2026-08-12,,Data & AI,https://za.linkedin.com/jobs/view/data-ops-data-engineer-at-blu-label-unlimited-4440436297,2026-08-30T15:27:17+00:00
7bfe75782c93f277,linkedin,4458661379,"Sanlam Data, AI and Engineering Academy",Sanlam,,"Cape Town, Western Cape, South Africa",South Africa,unknown,,,,,,,,,2026-08-27,,Data & AI,https://za.linkedin.com/jobs/view/sanlam-data-ai-and-engineering-academy-at-sanlam-4458661379,2026-08-30T15:27:17+00:00
084a3d529efc697c,linkedin,4384347414,Azure Integratie Consultant,ilionx healthcare,,"Utrecht, KwaZulu-Natal, South Africa",South Africa,unknown,,,,,,,,,2026-03-11,,,https://za.linkedin.com/jobs/view/azure-integratie-consultant-at-ilionx-healthcare-4384347414,2026-08-30T15:27:17+00:00
7d1170bdf5cc840e,linkedin,4358481393,Last und Performance Engineer (all genders) | Vollzeit & Teilzeit,Expleo Group,,"Hamburg, Eastern Cape, South Africa",South Africa,unknown,,,,,,,,,2026-08-09,,Other Tech,https://za.linkedin.com/jobs/view/last-und-performance-engineer-all-genders-vollzeit-teilzeit-at-expleo-group-4358481393,2026-08-30T15:27:17+00:00
6af2e993e2235742,linkedin,4410055263,"Engineering Lead (C#, .Net)",TFG (The Foschini Group),,"Western Cape, South Africa",South Africa,unknown,,,,,,,,,2026-08-19,,Other Tech,https://za.linkedin.com/jobs/view/engineering-lead-c%23-net-at-tfg-the-foschini-group-4410055263,2026-08-30T15:27:17+00:00
58b7f08a79ce8d1c,linkedin,4457312570,Senior Java Engineer* - Agentic AI Engineering Cape Town,Accso,,"Western Cape, South Africa",South Africa,unknown,,,,,,,,,2026-08-21,,Data & AI,https://za.linkedin.com/jobs/view/senior-java-engineer-agentic-ai-engineering-cape-town-at-accso-4457312570,2026-08-30T15:27:17+00:00
b9d5c7953e45ac7e,linkedin,4459321797,.Net Engineering Lead,Robert Walters,,"Cape Town, Western Cape, South Africa",South Africa,unknown,,,,,,,,,2026-08-26,,Other Tech,https://za.linkedin.com/jobs/view/net-engineering-lead-at-robert-walters-4459321797,2026-08-30T15:27:17+00:00
ff0e504af99a5b7c,linkedin,4448557549,DATA ENGINEER,Competent Candidates,,"Bryanston, Gauteng, South Africa",South Africa,unknown,,,,,,,,,2026-08-04,,Data & AI,https://za.linkedin.com/jobs/view/data-engineer-at-competent-candidates-4448557549,2026-08-30T15:27:17+00:00
4157b3d59082fa76,linkedin,4454507831,Senior Fullstack Developer (.NET) - 12 months,Concord EFS,,"Johannesburg, Gauteng, South Africa",South Africa,unknown,,,,,,,,,2026-07-20,,Software Development,https://za.linkedin.com/jobs/view/senior-fullstack-developer-net-12-months-at-concord-efs-4454507831,2026-08-30T15:27:17+00:00
eae94f7b235d5729,linkedin,4448774852,Data Engineer,WPP Enterprise Solutions,,"Cape Town, Western Cape, South Africa",South Africa,unknown,,,,,,,,,2026-08-07,,Data & AI,https://za.linkedin.com/jobs/view/data-engineer-at-wpp-enterprise-solutions-4448774852,2026-08-30T15:27:17+00:00
2d2641cdc2bdee68,linkedin,4443965086,Senior Machine Learning Engineer,takealot.com,,"Cape Town, Western Cape, South Africa",South Africa,unknown,,,,,,,,,2026-07-22,,Data & AI,https://za.linkedin.com/jobs/view/senior-machine-learning-engineer-at-takealot-com-4443965086,2026-08-30T15:27:23+00:00
d8c99036e17105e4,linkedin,4302729458,Data Analyst,DigiOutsource,,"Cape Town, Western Cape, South Africa",South Africa,unknown,,,,,,,,,2026-08-11,,Data & AI,https://za.linkedin.com/jobs/view/data-analyst-at-digioutsource-4302729458,2026-08-30T15:27:30+00:00
48e1fab4e3420582,linkedin,4451657987,Data Analyst,Unifi Africa,,"Stellenbosch, Western Cape, South Africa",South Africa,unknown,,,,,,,,,2026-08-11,,Data & AI,https://za.linkedin.com/jobs/view/data-analyst-at-unifi-africa-4451657987,2026-08-30T15:27:30+00:00
297d669fc910b435,linkedin,4431079214,Associate Data Analyst,impact.com,,"Cape Town, Western Cape, South Africa",South Africa,unknown,,,,,,,,,2026-08-25,,Data & AI,https://za.linkedin.com/jobs/view/associate-data-analyst-at-impact-com-4431079214,2026-08-30T15:27:30+00:00
a882d0079e7ad572,linkedin,4450784375,Data Analyst (Bloem/Agri),Pnet,,"Bloemfontein, Free State, South Africa",South Africa,unknown,,,,,,,,,2026-08-07,,Data & AI,https://za.linkedin.com/jobs/view/data-analyst-bloem-agri-at-pnet-4450784375,2026-08-30T15:27:30+00:00
98120536b8bbf876,linkedin,4440987404,SQL Data Analyst,Prime System Solutions,,"Cape Town, Western Cape, South Africa",South Africa,unknown,,,,,,,,,2026-07-15,,Data & AI,https://za.linkedin.com/jobs/view/sql-data-analyst-at-prime-system-solutions-4440987404,2026-08-30T15:27:30+00:00
52434091e69a89ff,linkedin,4452407700,Data Analyst - SPARK Schools Support Office - 2026,SPARK Schools,,"Randburg, Gauteng, South Africa",South Africa,unknown,,,,,,,,,2026-08-11,,Data & AI,https://za.linkedin.com/jobs/view/data-analyst-spark-schools-support-office-2026-at-spark-schools-4452407700,2026-08-30T15:27:30+00:00
bcf9c04d6a7ef018,linkedin,4460360005,Data Analyst II,Capitec,,"Stellenbosch, Western Cape, South Africa",South Africa,unknown,,,,,,,,,2026-08-28,,Data & AI,https://za.linkedin.com/jobs/view/data-analyst-ii-at-capitec-4460360005,2026-08-30T15:27:30+00:00
680cfd79b1a1662c,linkedin,4458454417,Data Analyst,Capitec,,"Stellenbosch, Western Cape, South Africa",South Africa,unknown,,,,,,,,,2026-08-29,,Data & AI,https://za.linkedin.com/jobs/view/data-analyst-at-capitec-4458454417,2026-08-30T15:27:30+00:00
76faeda88a1dedd0,linkedin,4436997295,Data Analyst,CV,,"Cape Town, Western Cape, South Africa",South Africa,unknown,,,,,,,,,2026-07-05,,Data & AI,https://za.linkedin.com/jobs/view/data-analyst-at-cv-4436997295,2026-08-30T15:27:30+00:00
ae5cf9825963b7dd,linkedin,4459862959,Data Operations Analyst,Mimecast,,"Johannesburg, Gauteng, South Africa",South Africa,unknown,,,,,,,,,2026-08-27,,Other Tech,https://za.linkedin.com/jobs/view/data-operations-analyst-at-mimecast-4459862959,2026-08-30T15:27:30+00:00
f72eecce5d17deef,linkedin,4459691017,Business Analyst,Regent Business School,,"KwaZulu-Natal, South Africa",South Africa,unknown,,,,,,,,,2026-08-27,,Other Tech,https://za.linkedin.com/jobs/view/business-analyst-at-regent-business-school-4459691017,2026-08-30T15:27:44+00:00
07ea37d320ce4695,linkedin,4457428199,DATA ANALYST,ExecutivePlacements.com,,"Pretoria, Gauteng, South Africa",South Africa,unknown,,,,,,,,,2026-08-25,,Data & AI,https://za.linkedin.com/jobs/view/data-analyst-at-executiveplacements-com-4457428199,2026-08-30T15:27:44+00:00
ce420844747ddae4,linkedin,4460164383,Spatial Data Analyst with Statistical Competency,iX,,"Bryanston, Gauteng, South Africa",South Africa,unknown,,,,,,,,,2026-08-28,,Data & AI,https://za.linkedin.com/jobs/view/spatial-data-analyst-with-statistical-competency-at-ix-4460164383,2026-08-30T15:27:44+00:00
e90751d1ac0471b0,linkedin,4451204855,Analyst,Instant Impact,,"City of Cape Town, Western Cape, South Africa",South Africa,unknown,,,,,,,,,2026-08-14,,,https://za.linkedin.com/jobs/view/analyst-at-instant-impact-4451204855,2026-08-30T15:27:44+00:00
85ddc7d135d5ef8c,linkedin,4458186379,Data Analyst - AVP,Absa Group,,"Johannesburg, Gauteng, South Africa",South Africa,unknown,,,,,,,,,2026-08-24,,Data & AI,https://za.linkedin.com/jobs/view/data-analyst-avp-at-absa-group-4458186379,2026-08-30T15:27:44+00:00
7ee7f3188325482b,linkedin,4368325832,Master Data Analyst,IFS International Facilities Services,,"Umhlanga, KwaZulu-Natal, South Africa",South Africa,unknown,,,,,,,,,2026-02-02,,Data & AI,https://za.linkedin.com/jobs/view/master-data-analyst-at-ifs-international-facilities-services-4368325832,2026-08-30T15:27:44+00:00
63fa436c57c7c935,linkedin,4460899117,Data Analyst (Remote),Hire Feed,,South Africa,South Africa,remote,Africa-wide,,,,,,,,2026-08-30,,Data & AI,https://za.linkedin.com/jobs/view/data-analyst-remote-at-hire-feed-4460899117,2026-08-30T15:27:44+00:00
031e25f664a745a1,linkedin,4455911688,"Supply Chain Analyst, Supply Chain Execution",Amazon,,"Cape Town, Western Cape, South Africa",South Africa,unknown,,,,,,,,,2026-08-19,,,https://za.linkedin.com/jobs/view/supply-chain-analyst-supply-chain-execution-at-amazon-4455911688,2026-08-30T15:27:44+00:00
034824027e48c3e4,linkedin,4236693130,Senior Data Analyst,Mass Markets,,"Cape Town, Western Cape, South Africa",South Africa,unknown,,,,,,,,,2025-05-29,,Data & AI,https://za.linkedin.com/jobs/view/senior-data-analyst-at-mass-markets-4236693130,2026-08-30T15:27:44+00:00
0daa69f65721d95a,linkedin,4425486098,RevOps Data Analyst,Scytale,,"Johannesburg, Gauteng, South Africa",South Africa,unknown,,,,,,,,,2026-08-12,,Data & AI,https://za.linkedin.com/jobs/view/revops-data-analyst-at-scytale-4425486098,2026-08-30T15:27:44+00:00
902fb9c6f8b60a5f,linkedin,4457270205,BI Engineer: Takealot Group,takealot.com,,"Cape Town, Western Cape, South Africa",South Africa,unknown,,,,,,,,,2026-08-26,,Other Tech,https://za.linkedin.com/jobs/view/bi-engineer-takealot-group-at-takealot-com-4457270205,2026-08-30T15:27:51+00:00
80f6dbec6e5ec574,linkedin,4460125807,AI and Automation Analyst,Brolink,,"Centurion, Gauteng, South Africa",South Africa,unknown,,,,,,,,,2026-08-27,,Data & AI,https://za.linkedin.com/jobs/view/ai-and-automation-analyst-at-brolink-4460125807,2026-08-30T15:27:51+00:00
d0c769d8777f826f,linkedin,4458669098,Senior Data Analyst (Banking),Sanlam,,"Cape Town, Western Cape, South Africa",South Africa,unknown,,,,,,,,,2026-08-27,,Data & AI,https://za.linkedin.com/jobs/view/senior-data-analyst-banking-at-sanlam-4458669098,2026-08-30T15:27:51+00:00
4eb9102e66662b03,linkedin,4460388826,Data Science Manager,Jellyfish,,"Durban, KwaZulu-Natal, South Africa",South Africa,unknown,,,,,,,,,2026-08-28,,Other Tech,https://za.linkedin.com/jobs/view/data-science-manager-at-jellyfish-4460388826,2026-08-30T15:27:51+00:00
f6abff1ab920cf02,linkedin,4453597240,Senior Analytics Engineer,MOO,,"Cape Town, Western Cape, South Africa",South Africa,unknown,,,,,,,,,2026-08-14,,Other Tech,https://za.linkedin.com/jobs/view/senior-analytics-engineer-at-moo-4453597240,2026-08-30T15:27:51+00:00
84801c38025a51f0,linkedin,4435814595,Business Analyst,Keen,,"Cape Town, Western Cape, South Africa",South Africa,unknown,,,,,,,,,2026-07-01,,Other Tech,https://za.linkedin.com/jobs/view/business-analyst-at-keen-4435814595,2026-08-30T15:27:51+00:00
2d7e8144b13b303a,linkedin,4459452325,Data Operations Specialist,Sanlam,,"Cape Town, Western Cape, South Africa",South Africa,unknown,,,,,,,,,2026-08-28,,Other Tech,https://za.linkedin.com/jobs/view/data-operations-specialist-at-sanlam-4459452325,2026-08-30T15:27:51+00:00
ca739e704f4ff784,linkedin,4169611215,Report Developer,Apex Group Ltd,,"Cape Town, Western Cape, South Africa",South Africa,unknown,,,,,,,,,2025-04-30,,Software Development,https://za.linkedin.com/jobs/view/report-developer-at-apex-group-ltd-4169611215,2026-08-30T15:27:51+00:00
f1eadad584593be1,linkedin,4454537266,Operations Analyst,Weaver Fintech Ltd,,"City of Cape Town, Western Cape, South Africa",South Africa,unknown,,,,,,,,,2026-08-14,,,https://za.linkedin.com/jobs/view/operations-analyst-at-weaver-fintech-ltd-4454537266,2026-08-30T15:27:51+00:00
699afbac6c60630e,linkedin,4453680771,Graduate Data Analyst (Ai and Analytics),Bidvest International Logistics,,"Greenstone Hill, Gauteng, South Africa",South Africa,unknown,,,,,,,,,2026-08-13,,Data & AI,https://za.linkedin.com/jobs/view/graduate-data-analyst-ai-and-analytics-at-bidvest-international-logistics-4453680771,2026-08-30T15:27:51+00:00
0a2f10e072dc95c2,linkedin,4455308290,Senior Specialist Analytics & Enablement,Sasol,,"Sandton, Gauteng, South Africa",South Africa,unknown,,,,,,,,,2026-08-17,,,https://za.linkedin.com/jobs/view/senior-specialist-analytics-enablement-at-sasol-4455308290,2026-08-30T15:27:59+00:00
0745c41e5793891b,linkedin,4460388839,Data Science Manager,Jellyfish,,"Cape Town, Western Cape, South Africa",South Africa,unknown,,,,,,,,,2026-08-28,,Other Tech,https://za.linkedin.com/jobs/view/data-science-manager-at-jellyfish-4460388839,2026-08-30T15:27:59+00:00
0704519517db8562,linkedin,4433851604,"Finance & Process Improvement Analyst (SQL, BI & Commercial Analytics)",Rewardsco,,"Durban, KwaZulu-Natal, South Africa",South Africa,unknown,,,,,,,,,2026-06-26,,Other Tech,https://za.linkedin.com/jobs/view/finance-process-improvement-analyst-sql-bi-commercial-analytics-at-rewardsco-4433851604,2026-08-30T15:27:59+00:00
b89c9ff4c3cf85d7,linkedin,4455842721,Data and Retention Manager,Salt,,"City of Cape Town, Western Cape, South Africa",South Africa,unknown,,,,,,,,,2026-08-24,,Other Tech,https://za.linkedin.com/jobs/view/data-and-retention-manager-at-salt-4455842721,2026-08-30T15:27:59+00:00
dd363a79b4075ba5,linkedin,4341910207,Data Scientist,TechnoServe,,"Johannesburg, Gauteng, South Africa",South Africa,unknown,,,,,,,,,2025-11-19,,Data & AI,https://za.linkedin.com/jobs/view/data-scientist-at-technoserve-4341910207,2026-08-30T15:27:59+00:00
0f89c254f665fd29,linkedin,4446758861,Data Analyst III,RELX,,"Johannesburg, Gauteng, South Africa",South Africa,unknown,,,,,,,,,2026-07-30,,Data & AI,https://za.linkedin.com/jobs/view/data-analyst-iii-at-relx-4446758861,2026-08-30T15:27:59+00:00
c4197ab39b420dc7,linkedin,4454058136,Manpower Efficiency Analyst,GardaWorld,,"Johannesburg, Gauteng, South Africa",South Africa,unknown,,,,,,,,,2026-08-13,,,https://za.linkedin.com/jobs/view/manpower-efficiency-analyst-at-gardaworld-4454058136,2026-08-30T15:27:59+00:00
61759f5cdde9ac60,linkedin,4455277871,Debt Collection Analyst,Mellenu Holding,,"Gauteng, South Africa",South Africa,unknown,,,,,,,,,2026-08-17,,,https://za.linkedin.com/jobs/view/debt-collection-analyst-at-mellenu-holding-4455277871,2026-08-30T15:27:59+00:00
5eb926449a2007bb,linkedin,4445759265,Senior Business Intelligence Analyst,Momentum,,"Centurion, Gauteng, South Africa",South Africa,unknown,,,,,,,,,2026-07-28,,Data & AI,https://za.linkedin.com/jobs/view/senior-business-intelligence-analyst-at-momentum-4445759265,2026-08-30T15:27:59+00:00
50543ef05560b885,linkedin,4456338810,Senior BI Engineer,Mama Money,,"Cape Town, Western Cape, South Africa",South Africa,unknown,,,,,,,,,2026-08-19,,Other Tech,https://za.linkedin.com/jobs/view/senior-bi-engineer-at-mama-money-4456338810,2026-08-30T15:27:59+00:00
093ba47b624678dd,linkedin,4443106257,Data Analyst III,LexisNexis,,"Johannesburg, Gauteng, South Africa",South Africa,unknown,,,,,,,,,2026-07-22,,Data & AI,https://za.linkedin.com/jobs/view/data-analyst-iii-at-lexisnexis-4443106257,2026-08-30T15:28:05+00:00
31f0b6ea446257eb,linkedin,4453242374,Decision Support Analyst,LexisNexis,,"Sandton, Gauteng, South Africa",South Africa,unknown,,,,,,,,,2026-08-13,,,https://za.linkedin.com/jobs/view/decision-support-analyst-at-lexisnexis-4453242374,2026-08-30T15:28:05+00:00
a71669162d4c13b9,linkedin,4456718969,Store Replenishment Analyst,The Shoprite Group of Companies,,"Brackenfell, Western Cape, South Africa",South Africa,unknown,,,,,,,,,2026-08-20,,,https://za.linkedin.com/jobs/view/store-replenishment-analyst-at-the-shoprite-group-of-companies-4456718969,2026-08-30T15:28:05+00:00
5bc6be7df1d4cddb,linkedin,4459678623,Data Scientist (Banking Portfolio),GoTyme Bank,,"Cape Town, Western Cape, South Africa",South Africa,unknown,,,,,,,,,2026-08-27,,Data & AI,https://za.linkedin.com/jobs/view/data-scientist-banking-portfolio-at-gotyme-bank-4459678623,2026-08-30T15:28:05+00:00
365683ae9442558d,linkedin,4454180367,Senior Data Engineer,Indsafri,,Johannesburg Metropolitan Area,South Africa,unknown,,,,,,,,,2026-08-21,,Data & AI,https://za.linkedin.com/jobs/view/senior-data-engineer-at-indsafri-4454180367,2026-08-30T15:28:05+00:00
e273431fd3967281,linkedin,4457261436,Quantitative Analyst,Nedbank,,"Johannesburg, Gauteng, South Africa",South Africa,unknown,,,,,,,,,2026-08-26,,,https://za.linkedin.com/jobs/view/quantitative-analyst-at-nedbank-4457261436,2026-08-30T15:28:05+00:00
fabac77fd7d7c6ce,linkedin,4457499759,Acturial Analyst,Santam Insurance,,"Cape Town, Western Cape, South Africa",South Africa,unknown,,,,,,,,,2026-08-25,,,https://za.linkedin.com/jobs/view/acturial-analyst-at-santam-insurance-4457499759,2026-08-30T15:28:05+00:00
a415a17d48ad8256,linkedin,4299769439,"Associate Data Analyst (New Graduate, Thai Speaking) (Marketing Analytics, Bangkok Based)",Agoda,,"Cape Town, Western Cape, South Africa",South Africa,unknown,,,,,,,,,2026-08-15,,Data & AI,https://za.linkedin.com/jobs/view/associate-data-analyst-new-graduate-thai-speaking-marketing-analytics-bangkok-based-at-agoda-4299769439,2026-08-30T15:28:05+00:00
669b6cf74974f159,linkedin,4456881564,Analytics Engineer (Remote),CoSauce,,"City of Johannesburg, Gauteng, South Africa",South Africa,remote,Africa-wide,,,,,,,,2026-08-24,,Other Tech,https://za.linkedin.com/jobs/view/analytics-engineer-remote-at-cosauce-4456881564,2026-08-30T15:28:05+00:00
9d2f8b17552ecef6,linkedin,4457708722,Senior Quantitative Analyst,Nedbank,,"Johannesburg, Gauteng, South Africa",South Africa,unknown,,,,,,,,,2026-08-27,,,https://za.linkedin.com/jobs/view/senior-quantitative-analyst-at-nedbank-4457708722,2026-08-30T15:28:05+00:00
767ad864a5ec3b16,linkedin,4451234766,Media Sales Business Information Specialist,MultiChoice Group,,"City of Johannesburg, Gauteng, South Africa",South Africa,unknown,,,,,,,,,2026-08-14,,,https://za.linkedin.com/jobs/view/media-sales-business-information-specialist-at-multichoice-group-4451234766,2026-08-30T15:28:17+00:00
aeaca04435b78d4b,linkedin,4454494717,Analytics Engineer,Lyra Health,,"Johannesburg, Gauteng, South Africa",South Africa,unknown,,,,,,,,,2026-08-19,,Other Tech,https://za.linkedin.com/jobs/view/analytics-engineer-at-lyra-health-4454494717,2026-08-30T15:28:17+00:00
e488ce1eee4cf66a,linkedin,4458932554,Sr. Healthcare Data Analyst (Medicaid),Jobgether,,South Africa,South Africa,unknown,,,,,,,,,2026-08-28,,Data & AI,https://za.linkedin.com/jobs/view/sr-healthcare-data-analyst-medicaid-at-jobgether-4458932554,2026-08-30T15:28:17+00:00
3fcfbc8b3def5440,linkedin,4454753824,Monitoring And Evaluation Specialist,Tiko,,"City of Cape Town, Western Cape, South Africa",South Africa,unknown,,,,,,,,,2026-08-20,,,https://za.linkedin.com/jobs/view/monitoring-and-evaluation-specialist-at-tiko-4454753824,2026-08-30T15:28:17+00:00
e858ba9cd0a77440,linkedin,4450746479,Senior Associate Business Intelligence Analyst,"NTT DATA, Inc.",,"Johannesburg, Gauteng, South Africa",South Africa,unknown,,,,,,,,,2026-08-29,,Data & AI,https://za.linkedin.com/jobs/view/senior-associate-business-intelligence-analyst-at-ntt-data-inc-4450746479,2026-08-30T15:28:17+00:00
af04f877082d7618,linkedin,4456171325,Head of Data,LekkeSlaap,,"Cape Town, Western Cape, South Africa",South Africa,unknown,,,,,,,,,2026-08-19,,Other Tech,https://za.linkedin.com/jobs/view/head-of-data-at-lekkeslaap-4456171325,2026-08-30T15:28:17+00:00
a87db63f77b31c76,linkedin,4417741015,Data Engineer,VML,,"Cape Town, Western Cape, South Africa",South Africa,unknown,,,,,,,,,2026-05-21,,Data & AI,https://za.linkedin.com/jobs/view/data-engineer-at-vml-4417741015,2026-08-30T15:28:17+00:00
9776bed52b67e939,linkedin,4418662170,"Data Engineer | On-site | George, Western Cape",Badger Holdings (Pty) Ltd,,"George, Western Cape, South Africa",South Africa,onsite,,,,,,,,,2026-05-13,,Data & AI,https://za.linkedin.com/jobs/view/data-engineer-on-site-george-western-cape-at-badger-holdings-pty-ltd-4418662170,2026-08-30T15:28:17+00:00
a5d07f281c356d5b,linkedin,4454992355,Data Engineer,Elixirr Digital,,"Cape Town, Western Cape, South Africa",South Africa,unknown,,,,,,,,,2026-08-19,,Data & AI,https://za.linkedin.com/jobs/view/data-engineer-at-elixirr-digital-4454992355,2026-08-30T15:28:17+00:00
2c81664aeae4c26a,linkedin,4432398670,Data Strategy & Client Analytics Specialist,WPP Media,,"Johannesburg, Gauteng, South Africa",South Africa,unknown,,,,,,,,,2026-07-09,,Other Tech,https://za.linkedin.com/jobs/view/data-strategy-client-analytics-specialist-at-wpp-media-4432398670,2026-08-30T15:28:17+00:00
46aaf4fe6499b9fd,linkedin,4420108294,Data Engineer (Mid-level),WPP Media,,"Johannesburg, Gauteng, South Africa",South Africa,unknown,,,,,,,,,2026-06-15,,Data & AI,https://za.linkedin.com/jobs/view/data-engineer-mid-level-at-wpp-media-4420108294,2026-08-30T15:28:24+00:00
2adecf998cd473f4,linkedin,4457456902,Team Lead Product Analyst,Jobgether,,South Africa,South Africa,unknown,,,,,,,,,2026-08-25,,,https://za.linkedin.com/jobs/view/team-lead-product-analyst-at-jobgether-4457456902,2026-08-30T15:28:24+00:00
43e1b4e658b1cd3e,linkedin,4460318876,Manager: Customer Insights,Vodacom,,"Durban, KwaZulu-Natal, South Africa",South Africa,unknown,,,,,,,,,2026-08-28,,,https://za.linkedin.com/jobs/view/manager-customer-insights-at-vodacom-4460318876,2026-08-30T15:28:24+00:00
ac524353753f73d0,linkedin,4457755865,Data Engineer,Dataviue,,"Pretoria, Gauteng, South Africa",South Africa,unknown,,,,,,,,,2026-08-27,,Data & AI,https://za.linkedin.com/jobs/view/data-engineer-4457755865,2026-08-30T15:28:24+00:00
1404891d7288b44b,linkedin,4452584488,IT Data Engineer,Tsogo Sun Digital.,,"City of Johannesburg, Gauteng, South Africa",South Africa,unknown,,,,,,,,,2026-08-18,,Data & AI,https://za.linkedin.com/jobs/view/it-data-engineer-at-tsogo-sun-digital-4452584488,2026-08-30T15:28:24+00:00
f84439047f621f8d,linkedin,4439982943,Intermediate Data Solutions Engineer,Entelect,,"Gauteng, South Africa",South Africa,unknown,,,,,,,,,2026-08-12,,Other Tech,https://za.linkedin.com/jobs/view/intermediate-data-solutions-engineer-at-entelect-4439982943,2026-08-30T15:28:24+00:00
724685829c1e59a6,linkedin,4449138069,Data Engineer (Modern Stack),CodeDexter Technologies,,Pretoria Metropolitan Area,South Africa,unknown,,,,,,,,,2026-08-05,,Data & AI,https://za.linkedin.com/jobs/view/data-engineer-modern-stack-at-codedexter-technologies-4449138069,2026-08-30T15:28:24+00:00
e2dd2451e3860bab,linkedin,4452264276,Consultant (AI-Powered Insight – Quant / Advanced Analytics),VERVE,,Johannesburg Metropolitan Area,South Africa,unknown,,,,,,,,,2026-08-17,,,https://za.linkedin.com/jobs/view/consultant-ai-powered-insight-%E2%80%93-quant-advanced-analytics-at-verve-4452264276,2026-08-30T15:28:24+00:00
26e9d2d5adf930e2,linkedin,4448888690,Business Intelligence Engineer,takealot.com,,"Western Cape, South Africa",South Africa,unknown,,,,,,,,,2026-08-04,,Data & AI,https://za.linkedin.com/jobs/view/business-intelligence-engineer-at-takealot-com-4448888690,2026-08-30T15:28:32+00:00
48e60d9f004fee90,linkedin,4414013648,Mr D - Mid-level Business Operations Growth Analyst,takealot.com,,"Cape Town, Western Cape, South Africa",South Africa,unknown,,,,,,,,,2026-05-21,,,https://za.linkedin.com/jobs/view/mr-d-mid-level-business-operations-growth-analyst-at-takealot-com-4414013648,2026-08-30T15:28:32+00:00
f0e02233faeed020,linkedin,4458177712,Quantitative Analyst,Capitec,,"Stellenbosch, Western Cape, South Africa",South Africa,unknown,,,,,,,,,2026-08-24,,,https://za.linkedin.com/jobs/view/quantitative-analyst-at-capitec-4458177712,2026-08-30T15:28:32+00:00
fd6c1a61052fbd64,linkedin,4324395178,Sports Behaviour Analyst,DigiOutsource,,"Cape Town, Western Cape, South Africa",South Africa,unknown,,,,,,,,,2026-08-30,,,https://za.linkedin.com/jobs/view/sports-behaviour-analyst-at-digioutsource-4324395178,2026-08-30T15:28:32+00:00
9762126c9dcda627,linkedin,4460376906,Data Science Manager,Jellyfish,,"Johannesburg, Gauteng, South Africa",South Africa,unknown,,,,,,,,,2026-08-28,,Other Tech,https://za.linkedin.com/jobs/view/data-science-manager-at-jellyfish-4460376906,2026-08-30T15:28:32+00:00
b4c6d3a07fb45fe8,linkedin,4436713531,Lead Analyst - Geospatial Data,Prime System Solutions,,"Cape Town, Western Cape, South Africa",South Africa,unknown,,,,,,,,,2026-07-03,,Other Tech,https://za.linkedin.com/jobs/view/lead-analyst-geospatial-data-at-prime-system-solutions-4436713531,2026-08-30T15:28:32+00:00
367310151411699a,linkedin,4416459804,Data Science Developer,iX,,"Port Elizabeth, Eastern Cape, South Africa",South Africa,unknown,,,,,,,,,2026-05-19,,Software Development,https://za.linkedin.com/jobs/view/data-science-developer-at-ix-4416459804,2026-08-30T15:28:32+00:00
42e721d10f214276,linkedin,4455140970,Data & Analytics Engineer,DeARX,,"Sandton, Gauteng, South Africa",South Africa,unknown,,,,,,,,,2026-08-15,,Other Tech,https://za.linkedin.com/jobs/view/data-analytics-engineer-at-dearx-4455140970,2026-08-30T15:28:32+00:00
16bc33ac606cdfaa,linkedin,4436713529,Lead Analyst - Geospatial Data,Prime System Solutions,,"Johannesburg, Gauteng, South Africa",South Africa,unknown,,,,,,,,,2026-07-03,,Other Tech,https://za.linkedin.com/jobs/view/lead-analyst-geospatial-data-at-prime-system-solutions-4436713529,2026-08-30T15:28:32+00:00
e3295805b322340c,linkedin,4444139200,Data Scientist,Discovery Limited,,"Sandton, Gauteng, South Africa",South Africa,unknown,,,,,,,,,2026-08-20,,Data & AI,https://za.linkedin.com/jobs/view/data-scientist-at-discovery-limited-4444139200,2026-08-30T15:28:50+00:00
ce68cbff7e729e00,linkedin,4424703736,Digital Marketing Analyst,Jellyfish,,"Johannesburg, Gauteng, South Africa",South Africa,unknown,,,,,,,,,2026-08-13,,,https://za.linkedin.com/jobs/view/digital-marketing-analyst-at-jellyfish-4424703736,2026-08-30T15:28:50+00:00
a461f009d0d765d6,linkedin,4413375813,Senior Analytical Engineer,iX,,"Centurion, Gauteng, South Africa",South Africa,unknown,,,,,,,,,2026-05-20,,Other Tech,https://za.linkedin.com/jobs/view/senior-analytical-engineer-at-ix-4413375813,2026-08-30T15:28:50+00:00
7144cd542fc64af5,linkedin,4449085752,Decision Scientist - Credit Risk,Air Chefs,,"Cape Town, Western Cape, South Africa",South Africa,unknown,,,,,,,,,2026-08-04,,,https://za.linkedin.com/jobs/view/decision-scientist-credit-risk-at-air-chefs-4449085752,2026-08-30T15:28:50+00:00
fa862e2fb371451d,linkedin,4416178081,Sports Trading Analyst,DigiOutsource,,"Cape Town, Western Cape, South Africa",South Africa,unknown,,,,,,,,,2026-08-14,,,https://za.linkedin.com/jobs/view/sports-trading-analyst-at-digioutsource-4416178081,2026-08-30T15:28:50+00:00
41df3619d93f69a7,linkedin,4456729340,Data Engineer,Capitec,,"Stellenbosch, Western Cape, South Africa",South Africa,unknown,,,,,,,,,2026-08-20,,Data & AI,https://za.linkedin.com/jobs/view/data-engineer-at-capitec-4456729340,2026-08-30T15:28:50+00:00
d1d2aa63f55b6492,linkedin,4453432925,Senior Analytics Engineer,Nedbank,,"City of Johannesburg, Gauteng, South Africa",South Africa,unknown,,,,,,,,,2026-08-19,,Other Tech,https://za.linkedin.com/jobs/view/senior-analytics-engineer-at-nedbank-4453432925,2026-08-30T15:28:50+00:00
bab197438a46795d,linkedin,4453419484,Business Intelligence Specialist,Network Recruitment,,"Stellenbosch, Western Cape, South Africa",South Africa,unknown,,,,,,,,,2026-08-25,,Data & AI,https://za.linkedin.com/jobs/view/business-intelligence-specialist-at-network-recruitment-4453419484,2026-08-30T15:28:50+00:00
16e96b74d0e633e3,linkedin,4446172561,Actuarial Analyst,Badger Holdings (Pty) Ltd,,"George, Western Cape, South Africa",South Africa,unknown,,,,,,,,,2026-07-03,,,https://za.linkedin.com/jobs/view/actuarial-analyst-at-badger-holdings-pty-ltd-4446172561,2026-08-30T15:28:50+00:00
7734f798fa883c17,linkedin,4453669365,Data Engineer,Capitec,,"Stellenbosch, Western Cape, South Africa",South Africa,unknown,,,,,,,,,2026-08-13,,Data & AI,https://za.linkedin.com/jobs/view/data-engineer-at-capitec-4453669365,2026-08-30T15:28:50+00:00
69bad0bf12f029fa,linkedin,4437278474,IT Field Technician,BETSoftware,,"Durban, KwaZulu-Natal, South Africa",South Africa,unknown,,,,,,,,,2026-08-26,,,https://za.linkedin.com/jobs/view/it-field-technician-at-betsoftware-4437278474,2026-08-30T15:28:58+00:00
121575bd95cdb599,linkedin,4454515131,IT System Administrator,Salix Recruitment,,"Durban, KwaZulu-Natal, South Africa",South Africa,unknown,,,,,,,,,2026-08-14,,,https://za.linkedin.com/jobs/view/it-system-administrator-at-salix-recruitment-4454515131,2026-08-30T15:28:58+00:00
f304e173c912d73c,linkedin,4432958076,IT & Facilities Manager,Olarm,,"Cape Town, Western Cape, South Africa",South Africa,unknown,,,,,,,,,2026-06-26,,,https://za.linkedin.com/jobs/view/it-facilities-manager-at-olarm-4432958076,2026-08-30T15:28:58+00:00
3dcb4781001a6be8,linkedin,4459040790,IT Infrastructure Engineer,Jonsson Workwear,,"Durban, KwaZulu-Natal, South Africa",South Africa,unknown,,,,,,,,,2026-08-25,,Other Tech,https://za.linkedin.com/jobs/view/it-infrastructure-engineer-at-jonsson-workwear-4459040790,2026-08-30T15:28:58+00:00
c164f82317075081,linkedin,4459029532,IT Support Manager Designate,The Shoprite Group of Companies,,"Durban, KwaZulu-Natal, South Africa",South Africa,unknown,,,,,,,,,2026-08-25,,IT Support & Networking,https://za.linkedin.com/jobs/view/it-support-manager-designate-at-the-shoprite-group-of-companies-4459029532,2026-08-30T15:28:58+00:00
46d47b8611a7ed80,linkedin,4450002077,IT Specialist,OneDayOnly.co.za,,"Cape Town, Western Cape, South Africa",South Africa,unknown,,,,,,,,,2026-08-06,,,https://za.linkedin.com/jobs/view/it-specialist-at-onedayonly-co-za-4450002077,2026-08-30T15:28:58+00:00
4c7c6497068576bd,linkedin,4460356358,Specialist: Service Continuity IT,Coca-Cola Beverages Africa,,"Bryanston, Gauteng, South Africa",South Africa,unknown,,,,,,,,,2026-08-28,,,https://za.linkedin.com/jobs/view/specialist-service-continuity-it-at-coca-cola-beverages-africa-4460356358,2026-08-30T15:28:58+00:00
6a0655f7615443fb,linkedin,4456318280,IT Infrastructure Engineer/Systems Engineer,Hello Group,,"Centurion, Gauteng, South Africa",South Africa,unknown,,,,,,,,,2026-08-19,,Other Tech,https://za.linkedin.com/jobs/view/it-infrastructure-engineer-systems-engineer-at-hello-group-4456318280,2026-08-30T15:28:58+00:00
1ed1d5fb0bbb65a6,linkedin,4457777225,IT System Specialist,One&Only Resorts,,"Cape Town, Western Cape, South Africa",South Africa,unknown,,,,,,,,,2026-08-27,,,https://za.linkedin.com/jobs/view/it-system-specialist-at-one-only-resorts-4457777225,2026-08-30T15:28:58+00:00
9d80fbae43a3b923,linkedin,4453423895,IT Agent - English Speaking,MCI,,"Cape Town, Western Cape, South Africa",South Africa,unknown,,,,,,,,,2026-08-19,,,https://za.linkedin.com/jobs/view/it-agent-english-speaking-at-mci-4453423895,2026-08-30T15:28:58+00:00
691d8e8757f9894c,linkedin,4456003523,Technical Lead,Advania UK,,"Cape Town, Western Cape, South Africa",South Africa,unknown,,,,,,,,,2026-08-20,,Other Tech,https://za.linkedin.com/jobs/view/technical-lead-at-advania-uk-4456003523,2026-08-30T15:29:05+00:00
0959f4f04b0b3f81,linkedin,4448159036,After Hours IT Support Technician II - South Africa,Dedicated IT,,"Cape Town, Western Cape, South Africa",South Africa,unknown,,,,,,,,,2026-07-09,,IT Support & Networking,https://za.linkedin.com/jobs/view/after-hours-it-support-technician-ii-south-africa-at-dedicated-it-4448159036,2026-08-30T15:29:05+00:00
22032d805a3813b1,linkedin,4459194753,2nd Line Level IT Helpdesk Engineering,Growth Resourcing,,"Umhlanga, KwaZulu-Natal, South Africa",South Africa,unknown,,,,,,,,,2026-08-26,,IT Support & Networking,https://za.linkedin.com/jobs/view/2nd-line-level-it-helpdesk-engineering-at-growth-resourcing-4459194753,2026-08-30T15:29:05+00:00
efd879fdbbf4f236,linkedin,4443384107,Jnr IT Infrastructure and Network Engineer,BC Technologies,,"Durban, KwaZulu-Natal, South Africa",South Africa,unknown,,,,,,,,,2026-07-21,,IT Support & Networking,https://za.linkedin.com/jobs/view/jnr-it-infrastructure-and-network-engineer-at-bc-technologies-4443384107,2026-08-30T15:29:05+00:00
d9f21d6226e53c28,linkedin,4460336361,IT Systems Technician,Stellenbosch University,,"Stellenbosch, Western Cape, South Africa",South Africa,unknown,,,,,,,,,2026-08-28,,,https://za.linkedin.com/jobs/view/it-systems-technician-at-stellenbosch-university-4460336361,2026-08-30T15:29:05+00:00
36125180b72915d8,linkedin,4454498785,IT Support Engineer,Advania UK,,"Cape Town, Western Cape, South Africa",South Africa,unknown,,,,,,,,,2026-08-18,,IT Support & Networking,https://za.linkedin.com/jobs/view/it-support-engineer-at-advania-uk-4454498785,2026-08-30T15:29:05+00:00
2004fe82473953cd,linkedin,4457741644,IT Engineering and Support Lead,Dotdigital,,"City of Cape Town, Western Cape, South Africa",South Africa,unknown,,,,,,,,,2026-08-27,,Other Tech,https://za.linkedin.com/jobs/view/it-engineering-and-support-lead-at-dotdigital-4457741644,2026-08-30T15:29:05+00:00
1202f42842c07a70,linkedin,4442286971,IT Systems Administrator – Cape Town / Johannesburg,SFG Mozambique Limitada,,"Cape Town, Western Cape, South Africa",South Africa,unknown,,,,,,,,,2026-07-21,,IT Support & Networking,https://za.linkedin.com/jobs/view/it-systems-administrator-%E2%80%93-cape-town-johannesburg-at-sfg-mozambique-limitada-4442286971,2026-08-30T15:29:05+00:00
e08fa5abd3027240,linkedin,4455835766,IT Manager,Metronomia Clinical Research,,South Africa,South Africa,unknown,,,,,,,,,2026-08-24,,Other Tech,https://za.linkedin.com/jobs/view/it-manager-at-metronomia-clinical-research-4455835766,2026-08-30T15:29:05+00:00
42a19c35908ffb8c,linkedin,4448417656,Technical Architect,iKhokha,,"Umhlanga, KwaZulu-Natal, South Africa",South Africa,unknown,,,,,,,,,2026-08-06,,Other Tech,https://za.linkedin.com/jobs/view/technical-architect-at-ikhokha-4448417656,2026-08-30T15:29:05+00:00
d6d7b4e409b4be44,linkedin,4456876825,"Core Support Technician (Position located in Cape Town, South Africa)",KnowBe4,,"Cape Town, Western Cape, South Africa",South Africa,unknown,,,,,,,,,2026-08-24,,,https://za.linkedin.com/jobs/view/core-support-technician-position-located-in-cape-town-south-africa-at-knowbe4-4456876825,2026-08-30T15:29:16+00:00
2f07e835a8e3bbef,linkedin,4454900752,Monitoring Engineer,Ekco,,"Cape Town, Western Cape, South Africa",South Africa,unknown,,,,,,,,,2026-07-24,,Other Tech,https://za.linkedin.com/jobs/view/monitoring-engineer-at-ekco-4454900752,2026-08-30T15:29:16+00:00
3dc1de536bce80a1,linkedin,4456258251,"Enterprise Platforms Integration & Automation Specialist, SSA",dentsu,,"Cape Town, Western Cape, South Africa",South Africa,unknown,,,,,,,,,2026-08-24,,Other Tech,https://za.linkedin.com/jobs/view/enterprise-platforms-integration-automation-specialist-ssa-at-dentsu-4456258251,2026-08-30T15:29:16+00:00
da0df5f5abb40d4f,linkedin,4457323443,Tier 2 - IT Engineer / South Africa,Tech-Keys,,"Pretoria, Gauteng, South Africa",South Africa,unknown,,,,,,,,,2026-08-20,,Other Tech,https://za.linkedin.com/jobs/view/tier-2-it-engineer-south-africa-at-tech-keys-4457323443,2026-08-30T15:29:16+00:00
1caa116208c436b0,linkedin,4452246811,IT Enterprise Solutions Engineer - ERP,Watchmaker Genomics,,"Cape Town, Western Cape, South Africa",South Africa,unknown,,,,,,,,,2026-08-17,,Other Tech,https://za.linkedin.com/jobs/view/it-enterprise-solutions-engineer-erp-at-watchmaker-genomics-4452246811,2026-08-30T15:29:16+00:00
fa333e256db83e71,linkedin,4439319982,Remote Systems Analyst (L2),FusionTek,,"Stellenbosch, Western Cape, South Africa",South Africa,remote,Africa-wide,,,,,,,,2026-07-10,,,https://za.linkedin.com/jobs/view/remote-systems-analyst-l2-at-fusiontek-4439319982,2026-08-30T15:29:16+00:00
1db9206172ea4bcc,linkedin,4454256776,IT Governance Lead,Sanlam,,"Cape Town, Western Cape, South Africa",South Africa,unknown,,,,,,,,,2026-08-17,,,https://za.linkedin.com/jobs/view/it-governance-lead-at-sanlam-4454256776,2026-08-30T15:29:16+00:00
f1cd3f88c7aac707,linkedin,4460342327,IT Change Manager,Stellenbosch University,,"Stellenbosch, Western Cape, South Africa",South Africa,unknown,,,,,,,,,2026-08-28,,,https://za.linkedin.com/jobs/view/it-change-manager-at-stellenbosch-university-4460342327,2026-08-30T15:29:16+00:00
4869a2ed07443dbd,linkedin,4458716484,IT Support Engineer,Hello Group,,"Centurion, Gauteng, South Africa",South Africa,unknown,,,,,,,,,2026-08-25,,IT Support & Networking,https://za.linkedin.com/jobs/view/it-support-engineer-at-hello-group-4458716484,2026-08-30T15:29:16+00:00
227634df65091086,linkedin,4448571730,Veeva Systems Administrator,SkillBasedMatching,,"Stanger, KwaZulu-Natal, South Africa",South Africa,unknown,,,,,,,,,2026-08-04,,IT Support & Networking,https://za.linkedin.com/jobs/view/veeva-systems-administrator-at-skillbasedmatching-4448571730,2026-08-30T15:29:16+00:00
91556604a414e510,linkedin,4449416263,Data Monitor,Arch Retail Solutions,,"Cape Town, Western Cape, South Africa",South Africa,unknown,,,,,,,,,2026-08-05,,Other Tech,https://za.linkedin.com/jobs/view/data-monitor-at-arch-retail-solutions-4449416263,2026-08-30T15:29:23+00:00
b28a5154e4706adb,linkedin,4448878524,IT Technical Specialist at QES,QE Services IT Recruitment,,"Bellville, Western Cape, South Africa",South Africa,unknown,,,,,,,,,2026-08-03,,Other Tech,https://za.linkedin.com/jobs/view/it-technical-specialist-at-qes-at-qe-services-it-recruitment-4448878524,2026-08-30T15:29:23+00:00
40f8e040d77ea3a9,linkedin,4450127423,Group IT Planner,Smollan,,"City of Cape Town, Western Cape, South Africa",South Africa,unknown,,,,,,,,,2026-08-12,,,https://za.linkedin.com/jobs/view/group-it-planner-at-smollan-4450127423,2026-08-30T15:29:23+00:00
46bd6f40cf84cbf8,linkedin,4448963750,Microsoft 365 and Identity Engineer,Shop2Shop,,"Stellenbosch, Western Cape, South Africa",South Africa,unknown,,,,,,,,,2026-08-05,,Other Tech,https://za.linkedin.com/jobs/view/microsoft-365-and-identity-engineer-at-shop2shop-4448963750,2026-08-30T15:29:23+00:00
657a9c3ad98a84d2,linkedin,4456498891,Data Engineer,Capitec,,"Stellenbosch, Western Cape, South Africa",South Africa,unknown,,,,,,,,,2026-08-20,,Data & AI,https://za.linkedin.com/jobs/view/data-engineer-at-capitec-4456498891,2026-08-30T15:29:23+00:00
67cb229b7ced1523,linkedin,4437852006,Desktop Support Engineer,WNS,,"Cape Town, Western Cape, South Africa",South Africa,unknown,,,,,,,,,2026-07-07,,IT Support & Networking,https://za.linkedin.com/jobs/view/desktop-support-engineer-at-wns-4437852006,2026-08-30T15:29:23+00:00
2fa9b44ac7849bac,linkedin,4431452928,Technical Support Specialist,Kentkart,,"City of Mbombela, Mpumalanga, South Africa",South Africa,unknown,,,,,,,,,2026-08-11,,Other Tech,https://za.linkedin.com/jobs/view/technical-support-specialist-at-kentkart-4431452928,2026-08-30T15:29:23+00:00
f03f413cc5eadb51,linkedin,4457950668,Datacenter Technician,Infotree Global Solutions,,"City of Johannesburg, Gauteng, South Africa",South Africa,unknown,,,,,,,,,2026-08-26,,Other Tech,https://za.linkedin.com/jobs/view/datacenter-technician-at-infotree-global-solutions-4457950668,2026-08-30T15:29:23+00:00
7afc2996d868126f,linkedin,4453416490,Server Engineer | Group IT | IT Infrastructure Operations,Allan Gray,,"Cape Town, Western Cape, South Africa",South Africa,unknown,,,,,,,,,2026-08-19,,Other Tech,https://za.linkedin.com/jobs/view/server-engineer-group-it-it-infrastructure-operations-at-allan-gray-4453416490,2026-08-30T15:29:23+00:00
26e57f1233bc3dc7,linkedin,4447286858,Lead IT Systems Engineer,RemoFirst,,South Africa,South Africa,unknown,,,,,,,,,2026-07-30,,Other Tech,https://za.linkedin.com/jobs/view/lead-it-systems-engineer-at-remofirst-4447286858,2026-08-30T15:29:23+00:00
e7184de99462fe2d,linkedin,4444115137,IT Technical Project Manager,Interpath,,"City of Cape Town, Western Cape, South Africa",South Africa,unknown,,,,,,,,,2026-08-27,,Other Tech,https://za.linkedin.com/jobs/view/it-technical-project-manager-at-interpath-4444115137,2026-08-30T15:29:36+00:00
607ff16515ce0837,linkedin,4460162398,Intermediate Developer,iX,,"Durban, KwaZulu-Natal, South Africa",South Africa,unknown,,,,,,,,,2026-08-28,,Software Development,https://za.linkedin.com/jobs/view/intermediate-developer-at-ix-4460162398,2026-08-30T15:29:36+00:00
1379cfccecd32a8a,linkedin,4445897029,Information Technology Infrastructure Specialist,Paracon,,"Midrand, Gauteng, South Africa",South Africa,unknown,,,,,,,,,2026-08-03,,Other Tech,https://za.linkedin.com/jobs/view/information-technology-infrastructure-specialist-at-paracon-4445897029,2026-08-30T15:29:36+00:00
4a65cec42b7d1506,linkedin,4458099909,HR Information Systems Specialist,Vector Logistics,,"Durban, KwaZulu-Natal, South Africa",South Africa,unknown,,,,,,,,,2026-08-28,,,https://za.linkedin.com/jobs/view/hr-information-systems-specialist-at-vector-logistics-4458099909,2026-08-30T15:29:36+00:00
f951e880487de9af,linkedin,4455698420,Infrastructure Engineer,LiveScore Group,,"Cape Town, Western Cape, South Africa",South Africa,unknown,,,,,,,,,2026-07-26,,Other Tech,https://za.linkedin.com/jobs/view/infrastructure-engineer-at-livescore-group-4455698420,2026-08-30T15:29:36+00:00
95f9a34899e3a8c1,linkedin,4455698883,Information Technology Specialist,Hyremote,,"Western Cape, South Africa",South Africa,unknown,,,,,,,,,2026-08-20,,Other Tech,https://za.linkedin.com/jobs/view/information-technology-specialist-at-hyremote-4455698883,2026-08-30T15:29:36+00:00
da23edbb2d5a3453,linkedin,4453259044,Tech Architecture,Accenture in South Africa,,"Midrand, Gauteng, South Africa",South Africa,unknown,,,,,,,,,2026-08-13,,,https://za.linkedin.com/jobs/view/tech-architecture-at-accenture-in-south-africa-4453259044,2026-08-30T15:29:36+00:00
351e0d59bd01ffa3,linkedin,4424790733,"IT Director (Technology, Data & Digital Platforms)",TM Forum,,"Cape Town, Western Cape, South Africa",South Africa,unknown,,,,,,,,,2026-08-14,,Other Tech,https://za.linkedin.com/jobs/view/it-director-technology-data-digital-platforms-at-tm-forum-4424790733,2026-08-30T15:29:36+00:00
cf532eb457a34d35,linkedin,4451143384,SQL Server DBA,Zensar Technologies,,"Durban, KwaZulu-Natal, South Africa",South Africa,unknown,,,,,,,,,2026-08-10,,Other Tech,https://za.linkedin.com/jobs/view/sql-server-dba-at-zensar-technologies-4451143384,2026-08-30T15:29:36+00:00
8dd53f65eae070d8,linkedin,4457225249,Cloud Infrastructure Engineer,Aculocity,,"Durbanville, Western Cape, South Africa",South Africa,unknown,,,,,,,,,2026-08-26,,Other Tech,https://za.linkedin.com/jobs/view/cloud-infrastructure-engineer-at-aculocity-4457225249,2026-08-30T15:29:36+00:00
a6be75b054d1e8b7,linkedin,4448172765,Technical Solutions Lead,andBeyond Travel,,"Sandton, Gauteng, South Africa",South Africa,unknown,,,,,,,,,2026-08-03,,Other Tech,https://za.linkedin.com/jobs/view/technical-solutions-lead-at-andbeyond-travel-4448172765,2026-08-30T15:29:43+00:00
d999134d7d9172b7,linkedin,4448173745,Cloud Engineer II,Capitec,,"Stellenbosch, Western Cape, South Africa",South Africa,unknown,,,,,,,,,2026-08-03,,DevOps & Cloud,https://za.linkedin.com/jobs/view/cloud-engineer-ii-at-capitec-4448173745,2026-08-30T15:29:43+00:00
ddd856d7ba766912,linkedin,4453859361,Service Desk Engineer,Ultima,,"City of Cape Town, Western Cape, South Africa",South Africa,unknown,,,,,,,,,2026-08-20,,Other Tech,https://za.linkedin.com/jobs/view/service-desk-engineer-at-ultima-4453859361,2026-08-30T15:29:43+00:00
d99af96f5a44032c,linkedin,4454386835,Applications Analyst,CV,,"Cape Town, Western Cape, South Africa",South Africa,unknown,,,,,,,,,2026-08-14,,,https://za.linkedin.com/jobs/view/applications-analyst-at-cv-4454386835,2026-08-30T15:29:43+00:00
d6e90157dfbb0d35,linkedin,4454289613,Technical Support Engineer,DigiCert,,"Cape Town, Western Cape, South Africa",South Africa,unknown,,,,,,,,,2026-08-17,,Other Tech,https://za.linkedin.com/jobs/view/technical-support-engineer-at-digicert-4454289613,2026-08-30T15:29:43+00:00
eaae6f15d77b4ab1,linkedin,4437845384,Consultant - Information Security,WNS,,"Cape Town, Western Cape, South Africa",South Africa,unknown,,,,,,,,,2026-07-07,,,https://za.linkedin.com/jobs/view/consultant-information-security-at-wns-4437845384,2026-08-30T15:29:43+00:00
5693c59e7e7d8e08,linkedin,4444659287,SYSTEMS CONTROLLER,Joint Medical Holdings,,"Durban, KwaZulu-Natal, South Africa",South Africa,unknown,,,,,,,,,2026-07-25,,,https://za.linkedin.com/jobs/view/systems-controller-at-joint-medical-holdings-4444659287,2026-08-30T15:29:43+00:00
76d847ed87fc4328,linkedin,4428648677,ICT Administrator (Infrastructure & Systems),Prudent HR Solutions,,"Stutterheim, Eastern Cape, South Africa",South Africa,unknown,,,,,,,,,2026-06-14,,Other Tech,https://za.linkedin.com/jobs/view/ict-administrator-infrastructure-systems-at-prudent-hr-solutions-4428648677,2026-08-30T15:29:43+00:00
0eed0a925286f004,linkedin,4457750375,SOLUTION ARCHITECT – ECOMMERCE,Owethu Managed Services (OMS),,"Durban, KwaZulu-Natal, South Africa",South Africa,unknown,,,,,,,,,2026-08-27,,,https://za.linkedin.com/jobs/view/solution-architect-%E2%80%93-ecommerce-at-owethu-managed-services-oms-4457750375,2026-08-30T15:29:43+00:00
55800edf712cfdf9,linkedin,4450454518,Cloud Engineer,Nedbank,,"Gauteng, South Africa",South Africa,unknown,,,,,,,,,2026-08-13,,DevOps & Cloud,https://za.linkedin.com/jobs/view/cloud-engineer-at-nedbank-4450454518,2026-08-30T15:29:43+00:00
527a03693537c73a,linkedin,4454260693,Head of Technology Operations,Weaver Fintech Ltd,,"City of Cape Town, Western Cape, South Africa",South Africa,unknown,,,,,,,,,2026-08-17,,,https://za.linkedin.com/jobs/view/head-of-technology-operations-at-weaver-fintech-ltd-4454260693,2026-08-30T15:29:49+00:00
42160f061dab11a5,linkedin,4398491959,Information Security Manager – MEA,Apex Group Ltd,,"Cape Town, Western Cape, South Africa",South Africa,unknown,,,,,,,,,2026-07-02,,,https://za.linkedin.com/jobs/view/information-security-manager-%E2%80%93-mea-at-apex-group-ltd-4398491959,2026-08-30T15:29:49+00:00
bab064b8b4026876,linkedin,4434847767,Site Reliability Engineer,impact.com,,"Cape Town, Western Cape, South Africa",South Africa,unknown,,,,,,,,,2026-08-25,,DevOps & Cloud,https://za.linkedin.com/jobs/view/site-reliability-engineer-at-impact-com-4434847767,2026-08-30T15:29:49+00:00
44cbcec773f37c46,linkedin,4454627511,IT Audit Manager,Clicks Group,,"City of Cape Town, Western Cape, South Africa",South Africa,unknown,,,,,,,,,2026-08-21,,Other Tech,https://za.linkedin.com/jobs/view/it-audit-manager-at-clicks-group-4454627511,2026-08-30T15:29:49+00:00
a0e53725adbf717d,linkedin,4457234977,Platform Support Engineer,Sudonum,,"Stellenbosch, Western Cape, South Africa",South Africa,unknown,,,,,,,,,2026-08-27,,Other Tech,https://za.linkedin.com/jobs/view/platform-support-engineer-at-sudonum-4457234977,2026-08-30T15:29:49+00:00
cf74d9171a840aab,linkedin,4450816217,Security Support Analyst – Identity and Access Management,Apex Group Ltd,,"Cape Town, Western Cape, South Africa",South Africa,unknown,,,,,,,,,2026-08-13,,,https://za.linkedin.com/jobs/view/security-support-analyst-%E2%80%93-identity-and-access-management-at-apex-group-ltd-4450816217,2026-08-30T15:29:49+00:00
4f9a8d5e35823322,linkedin,4443784541,Learning Systems Engineer,peopleworth,,"Cape Town, Western Cape, South Africa",South Africa,unknown,,,,,,,,,2026-07-22,,Other Tech,https://za.linkedin.com/jobs/view/learning-systems-engineer-at-peopleworth-4443784541,2026-08-30T15:29:49+00:00
f99eee33b0aeff89,linkedin,4374373836,ICT Infrastructure Manager,Impronics Technologies,,"Johannesburg, Gauteng, South Africa",South Africa,unknown,,,,,,,,,2026-02-20,,Other Tech,https://za.linkedin.com/jobs/view/ict-infrastructure-manager-at-impronics-technologies-4374373836,2026-08-30T15:29:49+00:00
3b5ad0038cf3c971,linkedin,4454113907,AI and Automation Manager,Network Recruitment,,"Stellenbosch, Western Cape, South Africa",South Africa,unknown,,,,,,,,,2026-08-27,,Data & AI,https://za.linkedin.com/jobs/view/ai-and-automation-manager-at-network-recruitment-4454113907,2026-08-30T15:29:49+00:00
3d52950df619ac7e,linkedin,4282838800,Application Support Team Lead,BETSoftware,,"Durban, KwaZulu-Natal, South Africa",South Africa,unknown,,,,,,,,,2026-08-15,,,https://za.linkedin.com/jobs/view/application-support-team-lead-at-betsoftware-4282838800,2026-08-30T15:29:56+00:00
1905733a43ef76b9,linkedin,4439319988,Remote Systems Analyst (L2),FusionTek,,"Cape Town, Western Cape, South Africa",South Africa,remote,Africa-wide,,,,,,,,2026-07-10,,,https://za.linkedin.com/jobs/view/remote-systems-analyst-l2-at-fusiontek-4439319988,2026-08-30T15:29:56+00:00
dc784051605d4c0d,linkedin,4382604888,Data Center Technician - South Africa - Centurion - On-site,Reboot Monkey,,"Centurion, Gauteng, South Africa",South Africa,onsite,,,,,,,,,2026-03-07,,Other Tech,https://za.linkedin.com/jobs/view/data-center-technician-south-africa-centurion-on-site-at-reboot-monkey-4382604888,2026-08-30T15:29:56+00:00
a1f074d4cc57a2e6,linkedin,4459179942,1st Line Support Technician -Office Based,Growth Resourcing,,"Umhlanga, KwaZulu-Natal, South Africa",South Africa,unknown,,,,,,,,,2026-08-26,,,https://za.linkedin.com/jobs/view/1st-line-support-technician-office-based-at-growth-resourcing-4459179942,2026-08-30T15:29:56+00:00
25a90a3f56ab6159,linkedin,4460332095,1st Line Support Engineer - Office Based,Growth Resourcing,,"Umhlanga, KwaZulu-Natal, South Africa",South Africa,unknown,,,,,,,,,2026-08-28,,Other Tech,https://za.linkedin.com/jobs/view/1st-line-support-engineer-office-based-at-growth-resourcing-4460332095,2026-08-30T15:29:56+00:00
e68793ad7fe2375b,linkedin,4431230948,Intermediate Identity and Endpoint Security Engineer,BETSoftware,,"Durban, KwaZulu-Natal, South Africa",South Africa,unknown,,,,,,,,,2026-08-27,,Cybersecurity,https://za.linkedin.com/jobs/view/intermediate-identity-and-endpoint-security-engineer-at-betsoftware-4431230948,2026-08-30T15:29:56+00:00
7d9dfd5b04f21f95,linkedin,4446623060,Technical Lead - Live,BETSoftware,,"Durban, KwaZulu-Natal, South Africa",South Africa,unknown,,,,,,,,,2026-08-25,,Other Tech,https://za.linkedin.com/jobs/view/technical-lead-live-at-betsoftware-4446623060,2026-08-30T15:29:56+00:00
415a6d41fec79194,linkedin,4324901763,Network Administrator,DigiOutsource,,"Cape Town, Western Cape, South Africa",South Africa,unknown,,,,,,,,,2026-08-13,,Other Tech,https://za.linkedin.com/jobs/view/network-administrator-at-digioutsource-4324901763,2026-08-30T15:29:56+00:00
1b3dcc8bfd5c0d0d,linkedin,4460356362,Lead: Cloud Services,Coca-Cola Beverages Africa,,"Bryanston, Gauteng, South Africa",South Africa,unknown,,,,,,,,,2026-08-28,,Other Tech,https://za.linkedin.com/jobs/view/lead-cloud-services-at-coca-cola-beverages-africa-4460356362,2026-08-30T15:29:56+00:00
97713ec2eff1e6a6,linkedin,4451208179,Intermediate Application Support Analyst,BETSoftware,,"Durban, KwaZulu-Natal, South Africa",South Africa,unknown,,,,,,,,,2026-08-14,,,https://za.linkedin.com/jobs/view/intermediate-application-support-analyst-at-betsoftware-4451208179,2026-08-30T15:29:56+00:00
a32111a1072f04d2,linkedin,4409344277,Data Engineer,DigiOutsource,,"Cape Town, Western Cape, South Africa",South Africa,unknown,,,,,,,,,2026-08-22,,Data & AI,https://za.linkedin.com/jobs/view/data-engineer-at-digioutsource-4409344277,2026-08-30T15:30:03+00:00
3a9217d515ef6ba3,linkedin,4382627134,Data Center Technician - South Africa - Gqeberha - On-site,Reboot Monkey,,"Gauteng, South Africa",South Africa,onsite,,,,,,,,,2026-03-07,,Other Tech,https://za.linkedin.com/jobs/view/data-center-technician-south-africa-gqeberha-on-site-at-reboot-monkey-4382627134,2026-08-30T15:30:03+00:00
1d5437e3891883cf,linkedin,4454908610,Second Line ServiceDesk Engineer 24/7,Ekco,,"Cape Town, Western Cape, South Africa",South Africa,unknown,,,,,,,,,2026-07-24,,Other Tech,https://za.linkedin.com/jobs/view/second-line-servicedesk-engineer-24-7-at-ekco-4454908610,2026-08-30T15:30:03+00:00
9cce1542db6108e2,linkedin,4382613675,Data Center Technician - South Africa - Samrand - On-site,Reboot Monkey,,"Gauteng, South Africa",South Africa,onsite,,,,,,,,,2026-03-07,,Other Tech,https://za.linkedin.com/jobs/view/data-center-technician-south-africa-samrand-on-site-at-reboot-monkey-4382613675,2026-08-30T15:30:03+00:00
88bd36345f7eb295,linkedin,4447125458,Service Engineer,Ekco,,"Cape Town, Western Cape, South Africa",South Africa,unknown,,,,,,,,,2026-07-31,,Other Tech,https://za.linkedin.com/jobs/view/service-engineer-at-ekco-4447125458,2026-08-30T15:30:03+00:00
19890d3ca4bf2b6e,linkedin,4351532217,Intermediate Software Developer,BETSoftware,,"Durban, KwaZulu-Natal, South Africa",South Africa,unknown,,,,,,,,,2026-08-09,,Software Development,https://za.linkedin.com/jobs/view/intermediate-software-developer-at-betsoftware-4351532217,2026-08-30T15:30:03+00:00
73ab9ec2029ae5b4,linkedin,4083336669,Data Centre Technician,Teraco – A Digital Realty Company,,"Western Cape, South Africa",South Africa,unknown,,,,,,,,,2024-11-26,,Other Tech,https://za.linkedin.com/jobs/view/data-centre-technician-at-teraco-%E2%80%93-a-digital-realty-company-4083336669,2026-08-30T15:30:03+00:00
8f911c66678109ed,linkedin,4450275633,"Technical Analyst - 2nd Line Support - Office Based, Cape Town, WC",Growth Resourcing,,"Cape Town, Western Cape, South Africa",South Africa,unknown,,,,,,,,,2026-08-06,,Other Tech,https://za.linkedin.com/jobs/view/technical-analyst-2nd-line-support-office-based-cape-town-wc-at-growth-resourcing-4450275633,2026-08-30T15:30:03+00:00
6258a2f380a57c1e,linkedin,4397315826,Endpoint Systems Engineer,Prime System Solutions,,"Johannesburg, Gauteng, South Africa",South Africa,unknown,,,,,,,,,2026-04-03,,Other Tech,https://za.linkedin.com/jobs/view/endpoint-systems-engineer-at-prime-system-solutions-4397315826,2026-08-30T15:30:13+00:00
246a6c73e96d1ee0,linkedin,4460366221,Lead : Incident Support Functions,Coca-Cola Beverages Africa,,"Bryanston, Gauteng, South Africa",South Africa,unknown,,,,,,,,,2026-08-28,,,https://za.linkedin.com/jobs/view/lead-incident-support-functions-at-coca-cola-beverages-africa-4460366221,2026-08-30T15:30:13+00:00
7ef2ab711d39dbb7,linkedin,4452801239,Network Engineer - L2,"NTT DATA, Inc.",,"Northern Cape, South Africa",South Africa,unknown,,,,,,,,,2026-08-18,,IT Support & Networking,https://za.linkedin.com/jobs/view/network-engineer-l2-at-ntt-data-inc-4452801239,2026-08-30T15:30:13+00:00
f2edfb57878479af,linkedin,4451691479,IT Project Manager,Optimal Growth Technologies,,"Cape Town, Western Cape, South Africa",South Africa,unknown,,,,,,,,,2026-08-11,,,https://za.linkedin.com/jobs/view/it-project-manager-at-optimal-growth-technologies-4451691479,2026-08-30T15:30:13+00:00
83b40da7cd3e9d56,linkedin,4405580668,Junior Application Support Analyst,BETSoftware,,"Durban, KwaZulu-Natal, South Africa",South Africa,unknown,,,,,,,,,2026-08-13,,,https://za.linkedin.com/jobs/view/junior-application-support-analyst-at-betsoftware-4405580668,2026-08-30T15:30:13+00:00
e51ecfcc342bccc5,linkedin,4460359333,Lead : Incident Logistics,Coca-Cola Beverages Africa,,"Bryanston, Gauteng, South Africa",South Africa,unknown,,,,,,,,,2026-08-28,,,https://za.linkedin.com/jobs/view/lead-incident-logistics-at-coca-cola-beverages-africa-4460359333,2026-08-30T15:30:13+00:00
62175bbed67597df,linkedin,4431923593,IT Sales Manager,BC Technologies,,"Durban, KwaZulu-Natal, South Africa",South Africa,unknown,,,,,,,,,2026-06-30,,,https://za.linkedin.com/jobs/view/it-sales-manager-at-bc-technologies-4431923593,2026-08-30T15:30:13+00:00
c723f7de2e87530c,linkedin,4448149207,After Hours IT Support Technician II - South Africa,Dedicated IT,,South Africa,South Africa,unknown,,,,,,,,,2026-07-09,,IT Support & Networking,https://za.linkedin.com/jobs/view/after-hours-it-support-technician-ii-south-africa-at-dedicated-it-4448149207,2026-08-30T15:30:13+00:00
41a45f060768dc25,linkedin,4455689556,IT Support Technician Level 3 - 12 Month Contract | Remote,Supportwave,,South Africa,South Africa,remote,Africa-wide,,,,,,,,2026-08-20,,IT Support & Networking,https://za.linkedin.com/jobs/view/it-support-technician-level-3-12-month-contract-remote-at-supportwave-4455689556,2026-08-30T15:30:22+00:00
a36773de7628a4d6,linkedin,4408404738,Senior Application Support Analyst,BETSoftware,,"Durban, KwaZulu-Natal, South Africa",South Africa,unknown,,,,,,,,,2026-08-20,,,https://za.linkedin.com/jobs/view/senior-application-support-analyst-at-betsoftware-4408404738,2026-08-30T15:30:22+00:00
1e47d678919ad5bc,linkedin,4412173824,Solutions Consultant (Cape Town),Palo Alto Networks,,"Cape Town, Western Cape, South Africa",South Africa,unknown,,,,,,,,,2026-08-23,,,https://za.linkedin.com/jobs/view/solutions-consultant-cape-town-at-palo-alto-networks-4412173824,2026-08-30T15:30:22+00:00
2988f99a11a81dc8,linkedin,4382612705,Data Center Technician - South Africa - Pretoria - Onsite,Reboot Monkey,,"Pretoria, Gauteng, South Africa",South Africa,onsite,,,,,,,,,2026-03-07,,Other Tech,https://za.linkedin.com/jobs/view/data-center-technician-south-africa-pretoria-onsite-at-reboot-monkey-4382612705,2026-08-30T15:30:22+00:00
0f06a44854e84cb9,linkedin,4448304520,Product Support Engineer - Junior,Electrum,,"Cape Town, Western Cape, South Africa",South Africa,unknown,,,,,,,,,2026-07-09,,Other Tech,https://za.linkedin.com/jobs/view/product-support-engineer-junior-at-electrum-4448304520,2026-08-30T15:30:22+00:00
2b93e53c9ac109a4,linkedin,4443297140,Technical Implementation Specialist Lead,BETSoftware,,"Durban, KwaZulu-Natal, South Africa",South Africa,unknown,,,,,,,,,2026-08-19,,Other Tech,https://za.linkedin.com/jobs/view/technical-implementation-specialist-lead-at-betsoftware-4443297140,2026-08-30T15:30:22+00:00
0d754a61b549d69f,linkedin,4452447103,System & Network Engineer (Level II),Prime System Solutions,,"Johannesburg, Gauteng, South Africa",South Africa,unknown,,,,,,,,,2026-08-11,,IT Support & Networking,https://za.linkedin.com/jobs/view/system-network-engineer-level-ii-at-prime-system-solutions-4452447103,2026-08-30T15:30:22+00:00
501b2887cb70b846,linkedin,4450240471,HC Systems Manager,Mukuru,,"Western Cape, South Africa",South Africa,unknown,,,,,,,,,2026-08-27,,,https://za.linkedin.com/jobs/view/hc-systems-manager-at-mukuru-4450240471,2026-08-30T15:30:22+00:00
cc062664c149840d,linkedin,4449844612,SQL Database Administrator,Zensar Technologies,,"Durban, KwaZulu-Natal, South Africa",South Africa,unknown,,,,,,,,,2026-08-11,,Other Tech,https://za.linkedin.com/jobs/view/sql-database-administrator-at-zensar-technologies-4449844612,2026-08-30T15:30:22+00:00
85e876dabc423e2b,linkedin,4424417608,Service Desk Engineer,OryxAlign,,"Bellville, Western Cape, South Africa",South Africa,unknown,,,,,,,,,2026-06-04,,Other Tech,https://za.linkedin.com/jobs/view/service-desk-engineer-at-oryxalign-4424417608,2026-08-30T15:30:30+00:00
836d6dc02447d097,linkedin,4456724606,Systems Analyst,QE Services IT Recruitment,,"Cape Town, Western Cape, South Africa",South Africa,unknown,,,,,,,,,2026-08-19,,,https://za.linkedin.com/jobs/view/systems-analyst-at-qe-services-it-recruitment-4456724606,2026-08-30T15:30:30+00:00
7e4518131fe992b3,linkedin,4448424073,IT Solution Delivery Manager,Clicks Group,,"City of Cape Town, Western Cape, South Africa",South Africa,unknown,,,,,,,,,2026-08-06,,,https://za.linkedin.com/jobs/view/it-solution-delivery-manager-at-clicks-group-4448424073,2026-08-30T15:30:30+00:00
97b79880a7ae0bfd,linkedin,4446133034,Junior IT Systems Engineer,INTX Insurance Software,,"Bryanston, Gauteng, South Africa",South Africa,unknown,,,,,,,,,2026-07-02,,Other Tech,https://za.linkedin.com/jobs/view/junior-it-systems-engineer-at-intx-insurance-software-4446133034,2026-08-30T15:30:30+00:00
afcd93e7d04d7e60,linkedin,4424896711,AI Workflow Automation Specialist,Mass Markets,,"Cape Town, Western Cape, South Africa",South Africa,unknown,,,,,,,,,2026-06-12,,Data & AI,https://za.linkedin.com/jobs/view/ai-workflow-automation-specialist-at-mass-markets-4424896711,2026-08-30T15:30:30+00:00
0b0ae8bff9769246,linkedin,4459170303,Hardware Technician,Hexagon Mining,,"Fetakgomo Tubatse, Limpopo, South Africa",South Africa,unknown,,,,,,,,,2026-08-26,,,https://za.linkedin.com/jobs/view/hardware-technician-at-hexagon-mining-4459170303,2026-08-30T15:30:30+00:00
be60c4b87c1fd13f,linkedin,4457809504,"ITS Logs Admin III (WH), IT Services",Amazon,,"Cape Town, Western Cape, South Africa",South Africa,unknown,,,,,,,,,2026-08-22,,,https://za.linkedin.com/jobs/view/its-logs-admin-iii-wh-it-services-at-amazon-4457809504,2026-08-30T15:30:30+00:00
7eded989b1939b24,linkedin,4458653197,Forward Deployed Eng Specialist,Accenture in South Africa,,"Midrand, Gauteng, South Africa",South Africa,unknown,,,,,,,,,2026-08-27,,,https://za.linkedin.com/jobs/view/forward-deployed-eng-specialist-at-accenture-in-south-africa-4458653197,2026-08-30T15:30:30+00:00
46b4d912ba1f103d,linkedin,4458969759,CRM Solutions Architect (Remote | South Africa),Huble,,"Durban, KwaZulu-Natal, South Africa",South Africa,remote,Africa-wide,,,,,,,,2026-08-28,,Other Tech,https://za.linkedin.com/jobs/view/crm-solutions-architect-remote-south-africa-at-huble-4458969759,2026-08-30T15:30:39+00:00
738d53368a63b0b8,linkedin,4456962008,Site Reliability Engineer,Sun International,,"Sandton, Gauteng, South Africa",South Africa,unknown,,,,,,,,,2026-08-25,,DevOps & Cloud,https://za.linkedin.com/jobs/view/site-reliability-engineer-at-sun-international-4456962008,2026-08-30T15:30:39+00:00
a472e25303b4e121,linkedin,4456301280,Advanced Service Desk Technician,Sourcefit,,South Africa,South Africa,unknown,,,,,,,,,2026-08-19,,,https://za.linkedin.com/jobs/view/advanced-service-desk-technician-at-sourcefit-4456301280,2026-08-30T15:30:39+00:00
fa577ccdc7407f46,linkedin,4455447917,Cobol Developer,Accenture in South Africa,,"Midrand, Gauteng, South Africa",South Africa,unknown,,,,,,,,,2026-08-19,,Software Development,https://za.linkedin.com/jobs/view/cobol-developer-at-accenture-in-south-africa-4455447917,2026-08-30T15:30:39+00:00
7f6dafee447239ab,linkedin,4447552753,Data Management Lead,Scatec ASA,,"Cape Town, Western Cape, South Africa",South Africa,unknown,,,,,,,,,2026-08-22,,Other Tech,https://za.linkedin.com/jobs/view/data-management-lead-at-scatec-asa-4447552753,2026-08-30T15:30:39+00:00
cad2bf4aa457aa69,linkedin,4204973441,Desktop Engineer,All jobs,,"Johannesburg, Gauteng, South Africa",South Africa,unknown,,,,,,,,,2026-08-18,,Other Tech,https://za.linkedin.com/jobs/view/desktop-engineer-at-all-jobs-4204973441,2026-08-30T15:30:39+00:00
4cc279c56d99ba5b,linkedin,4301344205,Junior DevOps Engineer,DigiOutsource,,"Cape Town, Western Cape, South Africa",South Africa,unknown,,,,,,,,,2026-08-28,,DevOps & Cloud,https://za.linkedin.com/jobs/view/junior-devops-engineer-at-digioutsource-4301344205,2026-08-30T15:30:39+00:00
a8ebb7bd28d1726f,linkedin,4455797287,"Solutions Architect, Retail & Consumer Goods",Amazon Web Services (AWS),,"Hamburg, Eastern Cape, South Africa",South Africa,unknown,,,,,,,,,2026-08-19,,Other Tech,https://za.linkedin.com/jobs/view/solutions-architect-retail-consumer-goods-at-amazon-web-services-aws-4455797287,2026-08-30T15:30:39+00:00
7726aa2e58aa6423,linkedin,4440259302,Remote Support Tier 2 Service Desk Engineer based in CPT/JHB R14-18k,Dial a Nerd,,"Cape Town, Western Cape, South Africa",South Africa,remote,Africa-wide,,,,,,,,2026-07-15,,Other Tech,https://za.linkedin.com/jobs/view/remote-support-tier-2-service-desk-engineer-based-in-cpt-jhb-r14-18k-at-dial-a-nerd-4440259302,2026-08-30T15:30:47+00:00
4bef8ba0b548efd9,linkedin,4457953351,DevOps & Platform Engineer,Lula,,"City of Cape Town, Western Cape, South Africa",South Africa,unknown,,,,,,,,,2026-08-26,,DevOps & Cloud,https://za.linkedin.com/jobs/view/devops-platform-engineer-at-lula-4457953351,2026-08-30T15:30:47+00:00
84d20fb7af4352b9,linkedin,4400847564,Technology Consultant,BSG,,Johannesburg Metropolitan Area,South Africa,unknown,,,,,,,,,2026-08-13,,,https://za.linkedin.com/jobs/view/technology-consultant-at-bsg-4400847564,2026-08-30T15:30:47+00:00
0709a760e729e926,linkedin,4455773694,IT Service Desk Engineer,Lesaka Technologies Inc.,,"Johannesburg, Gauteng, South Africa",South Africa,unknown,,,,,,,,,2026-08-18,,Other Tech,https://za.linkedin.com/jobs/view/it-service-desk-engineer-at-lesaka-technologies-inc-4455773694,2026-08-30T15:30:47+00:00
de0fc47e11904794,linkedin,4459176957,ServiceNow SOMT Architect,Prodapt,,"Bushbuckridge, Mpumalanga, South Africa",South Africa,unknown,,,,,,,,,2026-08-26,,,https://za.linkedin.com/jobs/view/servicenow-somt-architect-at-prodapt-4459176957,2026-08-30T15:30:47+00:00
53de9ba2034bf722,linkedin,4459183272,Hardware Technician,Hexagon Mining,,"Kathu, Northern Cape, South Africa",South Africa,unknown,,,,,,,,,2026-08-26,,,https://za.linkedin.com/jobs/view/hardware-technician-at-hexagon-mining-4459183272,2026-08-30T15:30:47+00:00
dd1476e3cde2867f,linkedin,4447529447,Application Support Analyst (Middle East Hours),MRI Software,,"City of Cape Town, Western Cape, South Africa",South Africa,unknown,,,,,,,,,2026-07-31,,,https://za.linkedin.com/jobs/view/application-support-analyst-middle-east-hours-at-mri-software-4447529447,2026-08-30T15:30:47+00:00
72b58640fc373172,linkedin,4413824078,Sales Technology & Operations Manager,The Unlimited,,"Durban, KwaZulu-Natal, South Africa",South Africa,unknown,,,,,,,,,2026-05-12,,,https://za.linkedin.com/jobs/view/sales-technology-operations-manager-at-the-unlimited-4413824078,2026-08-30T15:30:47+00:00
9fab96ff963d0491,linkedin,4435045049,AI Tech Consultant - Johannesburg | BCG Platinion,BCG Platinion,,"Johannesburg, Gauteng, South Africa",South Africa,unknown,,,,,,,,,2026-08-14,,Data & AI,https://za.linkedin.com/jobs/view/ai-tech-consultant-johannesburg-bcg-platinion-at-bcg-platinion-4435045049,2026-08-30T15:30:47+00:00
c9c116a5f88baac0,linkedin,4456821148,IM Technician (Operational Technology Support),HCLTech,,Johannesburg Metropolitan Area,South Africa,unknown,,,,,,,,,2026-08-23,,,https://za.linkedin.com/jobs/view/im-technician-operational-technology-support-at-hcltech-4456821148,2026-08-30T15:30:54+00:00
d799a76c1a352e7d,linkedin,4454992948,Site Reliability Engineer,Liquid Intelligent Technologies South Africa,,"City of Cape Town, Western Cape, South Africa",South Africa,unknown,,,,,,,,,2026-08-19,,DevOps & Cloud,https://za.linkedin.com/jobs/view/site-reliability-engineer-at-liquid-intelligent-technologies-south-africa-4454992948,2026-08-30T15:30:54+00:00
acc2ef12cd75a5f1,linkedin,4408490380,AWS DevOps Engineer,The Dotcom Group,,"Cape Town, Western Cape, South Africa",South Africa,unknown,,,,,,,,,2026-05-06,,DevOps & Cloud,https://za.linkedin.com/jobs/view/aws-devops-engineer-at-the-dotcom-group-4408490380,2026-08-30T15:30:54+00:00
d8e1bf14ce40d63b,linkedin,4389818828,Microsoft Security Specialist,Netsurit,,"Johannesburg, Gauteng, South Africa",South Africa,unknown,,,,,,,,,2026-03-24,,,https://za.linkedin.com/jobs/view/microsoft-security-specialist-at-netsurit-4389818828,2026-08-30T15:30:54+00:00
079ab2f725104b57,linkedin,4448241484,Technical Consultant,SurTech. Exclusive reseller for Diligent in South Africa,,"Johannesburg, Gauteng, South Africa",South Africa,unknown,,,,,,,,,2026-08-03,,Other Tech,https://za.linkedin.com/jobs/view/technical-consultant-at-surtech-exclusive-reseller-for-diligent-in-south-africa-4448241484,2026-08-30T15:30:54+00:00
6cdd5c54c83c385a,linkedin,4450806305,Security Support Analyst – Privileged Access Management,Apex Group Ltd,,"Cape Town, Western Cape, South Africa",South Africa,unknown,,,,,,,,,2026-08-13,,,https://za.linkedin.com/jobs/view/security-support-analyst-%E2%80%93-privileged-access-management-at-apex-group-ltd-4450806305,2026-08-30T15:30:54+00:00
1755b314286cd24a,linkedin,4402178802,"Backend Engineer, Cape Town - SA",FIXR,,"Cape Town, Western Cape, South Africa",South Africa,unknown,,,,,,,,,2026-04-16,,Software Development,https://za.linkedin.com/jobs/view/backend-engineer-cape-town-sa-at-fixr-4402178802,2026-08-30T15:30:54+00:00
30352f0337d63d93,linkedin,4443895199,Infrastructure/Cloud Architecture z/OS,Kyndryl,,"Sandton, Gauteng, South Africa",South Africa,unknown,,,,,,,,,2026-07-23,,DevOps & Cloud,https://za.linkedin.com/jobs/view/infrastructure-cloud-architecture-z-os-at-kyndryl-4443895199,2026-08-30T15:30:54+00:00
8ffb0ddcfe97df5b,linkedin,4451661048,Presales Technical Support,ASUS,,"City of Johannesburg, Gauteng, South Africa",South Africa,unknown,,,,,,,,,2026-08-11,,Other Tech,https://za.linkedin.com/jobs/view/presales-technical-support-at-asus-4451661048,2026-08-30T15:31:02+00:00
f2b0050efeb9c0a0,linkedin,4456666264,DevOps Engineer,Techrepo.co.za,,"Cape Town, Western Cape, South Africa",South Africa,unknown,,,,,,,,,2026-08-22,,DevOps & Cloud,https://za.linkedin.com/jobs/view/devops-engineer-at-techrepo-co-za-4456666264,2026-08-30T15:31:02+00:00
c3b64bc2afc6fb86,linkedin,4454999176,Technical Support Engineer,Technological Innovations Group (TIG),,Johannesburg Metropolitan Area,South Africa,unknown,,,,,,,,,2026-08-20,,Other Tech,https://za.linkedin.com/jobs/view/technical-support-engineer-at-technological-innovations-group-tig-4454999176,2026-08-30T15:31:02+00:00
99485478b4b94e91,linkedin,4434478895,Anti-Bot Engineer,SearchApi,,South Africa,South Africa,unknown,,,,,,,,,2026-06-29,,Other Tech,https://za.linkedin.com/jobs/view/anti-bot-engineer-at-searchapi-4434478895,2026-08-30T15:31:02+00:00
63f865b9dfa3eaa7,linkedin,4454247205,Open Source Developer,Quest Staffing Solutions,,"Midrand, Gauteng, South Africa",South Africa,unknown,,,,,,,,,2026-08-17,,Software Development,https://za.linkedin.com/jobs/view/open-source-developer-at-quest-staffing-solutions-4454247205,2026-08-30T15:31:02+00:00
b8ce530a7f690ee1,linkedin,4457236264,Infrastructure Engineer,Communicate Recruitment,,"City of Cape Town, Western Cape, South Africa",South Africa,unknown,,,,,,,,,2026-08-26,,Other Tech,https://za.linkedin.com/jobs/view/infrastructure-engineer-at-communicate-recruitment-4457236264,2026-08-30T15:31:02+00:00
97afd8a4639a3d9d,linkedin,4458208931,Business Analyst - Manufacturing,RCL FOODS,,"Durban, KwaZulu-Natal, South Africa",South Africa,unknown,,,,,,,,,2026-08-24,,Other Tech,https://za.linkedin.com/jobs/view/business-analyst-manufacturing-at-rcl-foods-4458208931,2026-08-30T15:31:02+00:00
8a3cc3d1fb33fc61,linkedin,4454986497,Internet Protocol Engineer,BLU by Adcorp SA,,"Western Cape, South Africa",South Africa,unknown,,,,,,,,,2026-08-19,,Other Tech,https://za.linkedin.com/jobs/view/internet-protocol-engineer-at-blu-by-adcorp-sa-4454986497,2026-08-30T15:31:02+00:00
6f9cb13c71193df2,linkedin,4459668773,Linux Engineer,Kocho,,"City of Cape Town, Western Cape, South Africa",South Africa,unknown,,,,,,,,,2026-08-27,,Other Tech,https://za.linkedin.com/jobs/view/linux-engineer-at-kocho-4459668773,2026-08-30T15:31:02+00:00
2ad4a311b928be91,linkedin,4390307138,Onboarding / Security Engineer (WFH),Prime System Solutions,,"Johannesburg, Gauteng, South Africa",South Africa,remote,,,,,,,,,2026-03-25,,Cybersecurity,https://za.linkedin.com/jobs/view/onboarding-security-engineer-wfh-at-prime-system-solutions-4390307138,2026-08-30T15:31:09+00:00
ceb54f5342627e99,linkedin,4410616189,Junior Software Development Engineer,BETSoftware,,"Durban, KwaZulu-Natal, South Africa",South Africa,unknown,,,,,,,,,2026-08-29,,Other Tech,https://za.linkedin.com/jobs/view/junior-software-development-engineer-at-betsoftware-4410616189,2026-08-30T15:31:09+00:00
ea4eb9decc6f7ea2,linkedin,4431965062,Zendesk Platform Software Engineer,takealot.com,,"Cape Town, Western Cape, South Africa",South Africa,unknown,,,,,,,,,2026-06-30,,Software Development,https://za.linkedin.com/jobs/view/zendesk-platform-software-engineer-at-takealot-com-4431965062,2026-08-30T15:31:09+00:00
d016c64ab82871cd,linkedin,4417489602,Procore Specialist,Prime System Solutions,,"Cape Town, Western Cape, South Africa",South Africa,unknown,,,,,,,,,2026-05-21,,,https://za.linkedin.com/jobs/view/procore-specialist-at-prime-system-solutions-4417489602,2026-08-30T15:31:09+00:00
17ccd60ff8c11b24,linkedin,4459169328,Support Engineer I,Hexagon Mining,,"Johannesburg, Gauteng, South Africa",South Africa,unknown,,,,,,,,,2026-08-26,,Other Tech,https://za.linkedin.com/jobs/view/support-engineer-i-at-hexagon-mining-4459169328,2026-08-30T15:31:09+00:00
008b50b512d4bcba,linkedin,4435454051,Network Administrator,HCLTech,,Johannesburg Metropolitan Area,South Africa,unknown,,,,,,,,,2026-07-30,,Other Tech,https://za.linkedin.com/jobs/view/network-administrator-at-hcltech-4435454051,2026-08-30T15:31:09+00:00
979be094615cbca4,linkedin,4399570615,Intermediate Software Quality Analyst,BETSoftware,,"Durban, KwaZulu-Natal, South Africa",South Africa,unknown,,,,,,,,,2026-08-21,,Other Tech,https://za.linkedin.com/jobs/view/intermediate-software-quality-analyst-at-betsoftware-4399570615,2026-08-30T15:31:09+00:00
acfc75f9e1552785,linkedin,4457092629,Software Development Manager,Capitec,,"Stellenbosch, Western Cape, South Africa",South Africa,unknown,,,,,,,,,2026-08-21,,Other Tech,https://za.linkedin.com/jobs/view/software-development-manager-at-capitec-4457092629,2026-08-30T15:31:09+00:00
13623f35db20e4aa,linkedin,4460382428,Backend Software Engineer,Zof AI,,"Accra, Greater Accra Region, Ghana",Ghana,unknown,,,,,,,,,2026-08-28,,Software Development,https://gh.linkedin.com/jobs/view/backend-software-engineer-at-zof-ai-4460382428,2026-08-30T15:31:39+00:00
e3b5894d99cc6d5c,linkedin,4168508644,Software/System Development and Support,Accra Institute of Technology,,"Accra, Greater Accra Region, Ghana",Ghana,unknown,,,,,,,,,2025-02-28,,Other Tech,https://gh.linkedin.com/jobs/view/software-system-development-and-support-at-accra-institute-of-technology-4168508644,2026-08-30T15:31:39+00:00
384cc339d90f3c8a,linkedin,4460376482,Frontend Software Engineer,Zof AI,,"Accra, Greater Accra Region, Ghana",Ghana,unknown,,,,,,,,,2026-08-28,,Software Development,https://gh.linkedin.com/jobs/view/frontend-software-engineer-at-zof-ai-4460376482,2026-08-30T15:31:39+00:00
a7c0fe2da5a90ba8,linkedin,4456649094,BACKEND DEVELOPER,DISION HR CONSULT,,"Accra, Greater Accra Region, Ghana",Ghana,unknown,,,,,,,,,2026-08-22,,Software Development,https://gh.linkedin.com/jobs/view/backend-developer-at-dision-hr-consult-4456649094,2026-08-30T15:31:39+00:00
679809f35633d7bd,linkedin,4400088189,IT Jobs in Ghana – JAVA Programmer At Infonaligy Ltd,Infonaligy,,"Accra, Greater Accra Region, Ghana",Ghana,unknown,,,,,,,,,2026-04-14,,Software Development,https://gh.linkedin.com/jobs/view/it-jobs-in-ghana-%E2%80%93-java-programmer-at-infonaligy-ltd-at-infonaligy-4400088189,2026-08-30T15:31:39+00:00
0f3d2544e492a9e3,linkedin,4199888268,"Distributed Systems Software Engineer, Python / Go",Canonical,,"Accra, Greater Accra Region, Ghana",Ghana,unknown,,,,,,,,,2025-04-02,,Software Development,https://gh.linkedin.com/jobs/view/distributed-systems-software-engineer-python-go-at-canonical-4199888268,2026-08-30T15:31:39+00:00
d8556763450416c8,linkedin,4388767573,Containerization & Virtualisation Engineer,Canonical,,"Accra, Greater Accra Region, Ghana",Ghana,unknown,,,,,,,,,2026-03-22,,Other Tech,https://gh.linkedin.com/jobs/view/containerization-virtualisation-engineer-at-canonical-4388767573,2026-08-30T15:31:39+00:00
fa41591bf79bacc9,linkedin,4389899259,IT System Development & Support Position At Accra institute of Technology (AIT),Accra Institute of Technology,,"Accra, Greater Accra Region, Ghana",Ghana,unknown,,,,,,,,,2026-03-25,,,https://gh.linkedin.com/jobs/view/it-system-development-support-position-at-accra-institute-of-technology-ait-at-accra-institute-of-technology-4389899259,2026-08-30T15:31:39+00:00
181396299deccf82,linkedin,4389884699,Job Vacancy At National Health Insurance Authority,National Communications Authority,,"Accra, Greater Accra Region, Ghana",Ghana,unknown,,,,,,,,,2026-03-25,,,https://gh.linkedin.com/jobs/view/job-vacancy-at-national-health-insurance-authority-at-national-communications-authority-4389884699,2026-08-30T15:31:39+00:00
1c55dfd8fe8ec090,linkedin,3614318872,Webmaster/Programmer At University for Development Studies (Tamale),University for Development Studies,,"Tamale, Northern Region, Ghana",Ghana,unknown,,,,,,,,,2023-05-02,,Software Development,https://gh.linkedin.com/jobs/view/webmaster-programmer-at-university-for-development-studies-tamale-at-university-for-development-studies-3614318872,2026-08-30T15:31:39+00:00
a27ab81b5ab5c6e8,linkedin,3633515685,Institutional Data Engineer,University of Ghana,,"Accra, Greater Accra Region, Ghana",Ghana,unknown,,,,,,,,,2023-05-22,,Data & AI,https://gh.linkedin.com/jobs/view/institutional-data-engineer-at-university-of-ghana-3633515685,2026-08-30T15:31:46+00:00
b4300ce102add041,linkedin,4458957262,"Head of Engineering (.NET Core, React)",CodeLn,,"Accra, Greater Accra Region, Ghana",Ghana,unknown,,,,,,,,,2026-08-28,,Other Tech,https://gh.linkedin.com/jobs/view/head-of-engineering-net-core-react-at-codeln-4458957262,2026-08-30T15:31:46+00:00
41b8696fca0e353b,linkedin,4184340613,IT Senior Staff Support (Web And Software Development),University of Environment and Sustainable Development,,"Somanya, Eastern Region, Ghana",Ghana,unknown,,,,,,,,,2025-03-14,,Other Tech,https://gh.linkedin.com/jobs/view/it-senior-staff-support-web-and-software-development-at-university-of-environment-and-sustainable-development-4184340613,2026-08-30T15:31:46+00:00
d66b6c172b2275ec,linkedin,4389881819,Software Product Manager At Esoko,Esoko,,"Accra, Greater Accra Region, Ghana",Ghana,unknown,,,,,,,,,2026-03-25,,Product & Design,https://gh.linkedin.com/jobs/view/software-product-manager-at-esoko-at-esoko-4389881819,2026-08-30T15:31:46+00:00
3b8a9ddc75a95dd3,linkedin,3675107824,Development Manager,TIGON,,"Accra, Greater Accra Region, Ghana",Ghana,unknown,,,,,,,,,2023-07-03,,,https://gh.linkedin.com/jobs/view/development-manager-at-tigon-3675107824,2026-08-30T15:31:46+00:00
19168566b49d8e96,linkedin,3614324154,Courseware Developer At Ghana Technology University College,Ghana Insurance University College,,"Accra, Greater Accra Region, Ghana",Ghana,unknown,,,,,,,,,2023-05-02,,Software Development,https://gh.linkedin.com/jobs/view/courseware-developer-at-ghana-technology-university-college-at-ghana-insurance-university-college-3614324154,2026-08-30T15:31:46+00:00
e3074b0cc7280326,linkedin,4389892524,BI Enterprise Data Ware House Specialist At Vodafone Ghana,"National Communications Backbone Company Ltd, Subsidiary of Vodafone Ghana",,"Accra, Greater Accra Region, Ghana",Ghana,unknown,,,,,,,,,2026-03-25,,Other Tech,https://gh.linkedin.com/jobs/view/bi-enterprise-data-ware-house-specialist-at-vodafone-ghana-at-national-communications-backbone-company-ltd-subsidiary-of-vodafone-ghana-4389892524,2026-08-30T15:31:46+00:00
583174bedcb2e883,linkedin,3643224440,Tool Engineers At Shelley’s Group (Nationwide Recruitment),Shelleys Hotel Ltd,,Ghana,Ghana,unknown,,,,,,,,,2023-06-02,,Other Tech,https://gh.linkedin.com/jobs/view/tool-engineers-at-shelley%E2%80%99s-group-nationwide-recruitment-at-shelleys-hotel-ltd-3643224440,2026-08-30T15:31:46+00:00
7da21dbdac1de2e7,linkedin,4168517468,IT Systems Engineers,Meridian Port Services Ltd,,"Tema, Greater Accra Region, Ghana",Ghana,unknown,,,,,,,,,2025-02-28,,Other Tech,https://gh.linkedin.com/jobs/view/it-systems-engineers-at-meridian-port-services-ltd-4168517468,2026-08-30T15:31:46+00:00
d34aa56bebb33660,linkedin,3827993288,Technologist (SID),Centre for Plant Medicine Research,,"Mampong, Ashanti Region, Ghana",Ghana,unknown,,,,,,,,,2024-02-15,,,https://gh.linkedin.com/jobs/view/technologist-sid-at-centre-for-plant-medicine-research-3827993288,2026-08-30T15:31:46+00:00
324c52da2335f582,linkedin,4460373780,Junior Software Engineer,Zof AI,,"Accra, Greater Accra Region, Ghana",Ghana,unknown,,,,,,,,,2026-08-28,,Software Development,https://gh.linkedin.com/jobs/view/junior-software-engineer-at-zof-ai-4460373780,2026-08-30T15:31:52+00:00
be3f3252c5e08cc6,linkedin,4460378473,Applied AI Engineer,Zof AI,,"Accra, Greater Accra Region, Ghana",Ghana,unknown,,,,,,,,,2026-08-28,,Data & AI,https://gh.linkedin.com/jobs/view/applied-ai-engineer-at-zof-ai-4460378473,2026-08-30T15:31:52+00:00
32d4711613448be8,linkedin,4233272465,Software Engineer - Python - Ubuntu Pro client - graduate level,Canonical,,"Accra, Greater Accra Region, Ghana",Ghana,unknown,,,,,,,,,2025-05-22,,Software Development,https://gh.linkedin.com/jobs/view/software-engineer-python-ubuntu-pro-client-graduate-level-at-canonical-4233272465,2026-08-30T15:31:52+00:00
5866786a1272b94f,linkedin,4460377499,AI Platform Engineer,Zof AI,,"Accra, Greater Accra Region, Ghana",Ghana,unknown,,,,,,,,,2026-08-28,,Data & AI,https://gh.linkedin.com/jobs/view/ai-platform-engineer-at-zof-ai-4460377499,2026-08-30T15:31:52+00:00
b0992c11911ae46a,linkedin,4284592153,Senior Software Engineer - Digital Workplace,Canonical,,"Accra, Greater Accra Region, Ghana",Ghana,unknown,,,,,,,,,2025-08-14,,Software Development,https://gh.linkedin.com/jobs/view/senior-software-engineer-digital-workplace-at-canonical-4284592153,2026-08-30T15:31:52+00:00
46f6ef5142947dc5,linkedin,4460374660,Developer Relations Engineer,Zof AI,,"Accra, Greater Accra Region, Ghana",Ghana,unknown,,,,,,,,,2026-08-28,,Software Development,https://gh.linkedin.com/jobs/view/developer-relations-engineer-at-zof-ai-4460374660,2026-08-30T15:31:52+00:00
8ae9e90168ecc99f,linkedin,4148909871,"Python and Kubernetes Software Engineer - Data, AI/ML & Analytics",Canonical,,"Accra, Greater Accra Region, Ghana",Ghana,unknown,,,,,,,,,2025-02-12,,Software Development,https://gh.linkedin.com/jobs/view/python-and-kubernetes-software-engineer-data-ai-ml-analytics-at-canonical-4148909871,2026-08-30T15:31:52+00:00
935681de49547a9f,linkedin,4460384440,Senior AI Applications Engineer,Zof AI,,"Accra, Greater Accra Region, Ghana",Ghana,unknown,,,,,,,,,2026-08-28,,Data & AI,https://gh.linkedin.com/jobs/view/senior-ai-applications-engineer-at-zof-ai-4460384440,2026-08-30T15:31:52+00:00
a7a14db6d6a5f453,linkedin,4460379455,Test Automation Engineer,Zof AI,,"Accra, Greater Accra Region, Ghana",Ghana,unknown,,,,,,,,,2026-08-28,,Other Tech,https://gh.linkedin.com/jobs/view/test-automation-engineer-at-zof-ai-4460379455,2026-08-30T15:31:52+00:00
a8b2d34647a3ce89,linkedin,4460390364,Application Security Engineer,Zof AI,,"Accra, Greater Accra Region, Ghana",Ghana,unknown,,,,,,,,,2026-08-28,,Cybersecurity,https://gh.linkedin.com/jobs/view/application-security-engineer-at-zof-ai-4460390364,2026-08-30T15:31:52+00:00
266faa32f0a19065,linkedin,4343183618,"Engineering Manager, MAAS",Canonical,,"Accra, Greater Accra Region, Ghana",Ghana,unknown,,,,,,,,,2025-12-11,,Other Tech,https://gh.linkedin.com/jobs/view/engineering-manager-maas-at-canonical-4343183618,2026-08-30T15:31:59+00:00
4d8b69c06a299e04,linkedin,4380750438,"Engineering Manager, MAAS",Canonical,,"Accra, Greater Accra Region, Ghana",Ghana,unknown,,,,,,,,,2026-03-04,,Other Tech,https://gh.linkedin.com/jobs/view/engineering-manager-maas-at-canonical-4380750438,2026-08-30T15:31:59+00:00
0bcf62c46f7a0e35,linkedin,4402218869,"Engineering Manager, MAAS",Canonical,,"Accra, Greater Accra Region, Ghana",Ghana,unknown,,,,,,,,,2026-04-15,,Other Tech,https://gh.linkedin.com/jobs/view/engineering-manager-maas-at-canonical-4402218869,2026-08-30T15:31:59+00:00
2833feec952dd965,linkedin,3643226091,Content and Courseware Developer At University Of Ghana,University of Ghana,,"Accra, Greater Accra Region, Ghana",Ghana,unknown,,,,,,,,,2023-06-02,,Software Development,https://gh.linkedin.com/jobs/view/content-and-courseware-developer-at-university-of-ghana-at-university-of-ghana-3643226091,2026-08-30T15:31:59+00:00
e7e91a38673b2870,linkedin,4261241034,Systems Analysts,University of Ghana,,"Accra, Greater Accra Region, Ghana",Ghana,unknown,,,,,,,,,2025-07-05,,,https://gh.linkedin.com/jobs/view/systems-analysts-at-university-of-ghana-4261241034,2026-08-30T15:31:59+00:00
4b54fc5f282bc227,linkedin,3782267543,Network and Hardware Engineer,Successors World Limited (SWL),,"Tema, Greater Accra Region, Ghana",Ghana,unknown,,,,,,,,,2023-11-20,,Other Tech,https://gh.linkedin.com/jobs/view/network-and-hardware-engineer-at-successors-world-limited-swl-3782267543,2026-08-30T15:31:59+00:00
89fd87263f4eeaae,linkedin,3614318980,Telecom Engineer (Telecommunication) At University of Ghana,University of Ghana,,"Accra, Greater Accra Region, Ghana",Ghana,unknown,,,,,,,,,2023-05-02,,Other Tech,https://gh.linkedin.com/jobs/view/telecom-engineer-telecommunication-at-university-of-ghana-at-university-of-ghana-3614318980,2026-08-30T15:31:59+00:00
31654830a4bda2f2,linkedin,4400086213,Data Analyst At International Institute of Tropical Agriculture (IITA) – (Tamale),International Institute of Tropical Agriculture (IITA),,"Tamale, Northern Region, Ghana",Ghana,unknown,,,,,,,,,2026-04-14,,Data & AI,https://gh.linkedin.com/jobs/view/data-analyst-at-international-institute-of-tropical-agriculture-iita-%E2%80%93-tamale-at-international-institute-of-tropical-agriculture-iita-4400086213,2026-08-30T15:32:07+00:00
01de0b5a79b23812,linkedin,3633519483,Data Processing Officer,Ghana Statistical Service,,Ghana,Ghana,unknown,,,,,,,,,2023-05-22,,Other Tech,https://gh.linkedin.com/jobs/view/data-processing-officer-at-ghana-statistical-service-3633519483,2026-08-30T15:32:07+00:00
97dab9486fa037b9,linkedin,4460372756,Product Data Scientist,Zof AI,,"Accra, Greater Accra Region, Ghana",Ghana,unknown,,,,,,,,,2026-08-28,,Data & AI,https://gh.linkedin.com/jobs/view/product-data-scientist-at-zof-ai-4460372756,2026-08-30T15:32:07+00:00
def8d9465c596610,linkedin,4168511883,Statistician,CANADIAN SUN CORP,,"Accra, Greater Accra Region, Ghana",Ghana,unknown,,,,,,,,,2025-02-28,,,https://gh.linkedin.com/jobs/view/statistician-at-canadian-sun-corp-4168511883,2026-08-30T15:32:07+00:00
74b2e7ae52d30704,linkedin,4455485843,Data Manager,Ghana Health Nest (GHN),,"Accra, Greater Accra Region, Ghana",Ghana,unknown,,,,,,,,,2026-08-20,,Other Tech,https://gh.linkedin.com/jobs/view/data-manager-at-ghana-health-nest-ghn-4455485843,2026-08-30T15:32:07+00:00
977c8a731f2f8273,linkedin,4459344373,"Coordinator, Enterprise Value Management",MTN Ghana,,"Accra, Greater Accra Region, Ghana",Ghana,unknown,,,,,,,,,2026-08-26,,Other Tech,https://gh.linkedin.com/jobs/view/coordinator-enterprise-value-management-at-mtn-ghana-4459344373,2026-08-30T15:32:07+00:00
b0768bbc9fa299d1,linkedin,3643223539,BI Specialist At Vodafone Ghana,"National Communications Backbone Company Ltd, Subsidiary of Vodafone Ghana",,"Accra, Greater Accra Region, Ghana",Ghana,unknown,,,,,,,,,2023-06-02,,,https://gh.linkedin.com/jobs/view/bi-specialist-at-vodafone-ghana-at-national-communications-backbone-company-ltd-subsidiary-of-vodafone-ghana-3643223539,2026-08-30T15:32:07+00:00
c51356e4143100f8,linkedin,4454503593,HWF( Statistics Specialist) (MJ002236),Sunda International,,"Greater Accra Region, Ghana",Ghana,unknown,,,,,,,,,2026-08-14,,,https://gh.linkedin.com/jobs/view/hwf-statistics-specialist-mj002236-at-sunda-international-4454503593,2026-08-30T15:32:07+00:00
f0ed6f4f43901b7e,linkedin,4378403505,Finance & Data Analyst,Bills Micro Credit,,"Accra, Greater Accra Region, Ghana",Ghana,unknown,,,,,,,,,2026-03-01,,Data & AI,https://gh.linkedin.com/jobs/view/finance-data-analyst-at-bills-micro-credit-4378403505,2026-08-30T15:32:07+00:00
a34aadc32a754244,linkedin,3633522458,ERP Support Analyst,African Mining Services,,Ghana,Ghana,unknown,,,,,,,,,2023-05-22,,Other Tech,https://gh.linkedin.com/jobs/view/erp-support-analyst-at-african-mining-services-3633522458,2026-08-30T15:32:13+00:00
9c524747c9ceff58,linkedin,4460383388,Senior Data Engineer,Zof AI,,"Accra, Greater Accra Region, Ghana",Ghana,unknown,,,,,,,,,2026-08-28,,Data & AI,https://gh.linkedin.com/jobs/view/senior-data-engineer-at-zof-ai-4460383388,2026-08-30T15:32:13+00:00
5ba0b758cbb416cd,linkedin,3614323089,"Data Officer (5) GHAMSHeR, WAAF and NAP+ Ghana At Ghana AIDS Commission (Accra, Takoradi and Kumasi)",Ghana AIDS Commission,,Ghana,Ghana,unknown,,,,,,,,,2023-05-02,,Other Tech,https://gh.linkedin.com/jobs/view/data-officer-5-ghamsher-waaf-and-nap%2B-ghana-at-ghana-aids-commission-accra-takoradi-and-kumasi-at-ghana-aids-commission-3614323089,2026-08-30T15:32:13+00:00
f190b302c4ac3bc1,linkedin,4448934219,Market Operations Analyst,WusuWusu,,"Accra, Greater Accra Region, Ghana",Ghana,unknown,,,,,,,,,2026-08-05,,,https://gh.linkedin.com/jobs/view/market-operations-analyst-at-wusuwusu-4448934219,2026-08-30T15:32:13+00:00
ffc883459d1f93e4,linkedin,4262347834,Junior Systems Analysts,"Kwame Nkrumah University of Science and Technology, Kumasi",,"Kumasi, Ashanti Region, Ghana",Ghana,unknown,,,,,,,,,2025-07-08,,,https://gh.linkedin.com/jobs/view/junior-systems-analysts-at-kwame-nkrumah-university-of-science-and-technology-kumasi-4262347834,2026-08-30T15:32:13+00:00
93d19d2e17d8bbb9,linkedin,3633525812,"Deputy Government Statistician, Operations At Public Services Commission",Public Commission,,Ghana,Ghana,unknown,,,,,,,,,2023-05-22,,,https://gh.linkedin.com/jobs/view/deputy-government-statistician-operations-at-public-services-commission-at-public-commission-3633525812,2026-08-30T15:32:13+00:00
b266830371a061fe,linkedin,3822640643,Field Data Officer (GHARH) At Planned Parenthood Association of Ghana (PPAG),PPAG (Planned Parenthood Association of Ghana),,"Accra, Greater Accra Region, Ghana",Ghana,unknown,,,,,,,,,2024-01-16,,Other Tech,https://gh.linkedin.com/jobs/view/field-data-officer-gharh-at-planned-parenthood-association-of-ghana-ppag-at-ppag-planned-parenthood-association-of-ghana-3822640643,2026-08-30T15:32:13+00:00
b2d2f83ae7fc3de7,linkedin,4281132442,National Service Personnel,Successors World Limited (SWL),,"Tema, Greater Accra Region, Ghana",Ghana,unknown,,,,,,,,,2025-08-07,,,https://gh.linkedin.com/jobs/view/national-service-personnel-at-successors-world-limited-swl-4281132442,2026-08-30T15:32:13+00:00
fe7246140e068ec4,linkedin,4454795224,Data Processing Officer,Riva Ghana,,"Accra, Greater Accra Region, Ghana",Ghana,unknown,,,,,,,,,2026-08-18,,Other Tech,https://gh.linkedin.com/jobs/view/data-processing-officer-at-riva-ghana-4454795224,2026-08-30T15:32:13+00:00
275e567862b652cb,linkedin,3643217509,Research Associate At METSS,"Monitoring, Evaluation and Technical Support Services (METSS)",,Ghana,Ghana,unknown,,,,,,,,,2023-06-02,,,https://gh.linkedin.com/jobs/view/research-associate-at-metss-at-monitoring-evaluation-and-technical-support-services-metss-3643217509,2026-08-30T15:32:13+00:00
72ad296cc37bc39c,linkedin,3633519967,Computer Engineer,"Kwame Nkrumah University of Science and Technology, Kumasi",,"Kumasi, Ashanti Region, Ghana",Ghana,unknown,,,,,,,,,2023-05-22,,Other Tech,https://gh.linkedin.com/jobs/view/computer-engineer-at-kwame-nkrumah-university-of-science-and-technology-kumasi-3633519967,2026-08-30T15:32:20+00:00
3339d79e29cabfe6,linkedin,3827989886,Information Technology (IT) Officer,Builsa Community Bank Limited,,"Upper East Region, Ghana",Ghana,unknown,,,,,,,,,2024-02-15,,Other Tech,https://gh.linkedin.com/jobs/view/information-technology-it-officer-at-builsa-community-bank-limited-3827989886,2026-08-30T15:32:20+00:00
61ce4686397a6110,linkedin,4390100253,IT Jobs in Ghana – (IT Services) Deputy Chief Information Technology Officer,University of Ghana,,"Accra, Greater Accra Region, Ghana",Ghana,unknown,,,,,,,,,2026-03-25,,Other Tech,https://gh.linkedin.com/jobs/view/it-jobs-in-ghana-%E2%80%93-it-services-deputy-chief-information-technology-officer-at-university-of-ghana-4390100253,2026-08-30T15:32:20+00:00
e89e045771150017,linkedin,4400096061,IT Jobs in Ghana – (Infrastructure) Deputy Chief Information Technology Officer,University of Ghana,,"Accra, Greater Accra Region, Ghana",Ghana,unknown,,,,,,,,,2026-04-14,,Other Tech,https://gh.linkedin.com/jobs/view/it-jobs-in-ghana-%E2%80%93-infrastructure-deputy-chief-information-technology-officer-at-university-of-ghana-4400096061,2026-08-30T15:32:20+00:00
b248eff92d16582d,linkedin,4317736846,IT Manager,TWYFORD INTERNATIONAL (Ghana),,"Takoradi, Western Region, Ghana",Ghana,unknown,,,,,,,,,2025-10-23,,Other Tech,https://gh.linkedin.com/jobs/view/it-manager-at-twyford-international-ghana-4317736846,2026-08-30T15:32:20+00:00
6a0f33b2c71d6156,linkedin,3633520265,IT Systems Administrator,COLLEGE OF MANAGEMENT STUDIES LIMITED,,"Accra, Greater Accra Region, Ghana",Ghana,unknown,,,,,,,,,2023-05-22,,IT Support & Networking,https://gh.linkedin.com/jobs/view/it-systems-administrator-at-college-of-management-studies-limited-3633520265,2026-08-30T15:32:20+00:00
4b5334e328f7a3ac,linkedin,4389899267,IT Jobs in Ghana – IT Administrator At Amber Hotel Accra Airport,Accra,,"Accra, Greater Accra Region, Ghana",Ghana,unknown,,,,,,,,,2026-03-25,,,https://gh.linkedin.com/jobs/view/it-jobs-in-ghana-%E2%80%93-it-administrator-at-amber-hotel-accra-airport-at-accra-4389899267,2026-08-30T15:32:20+00:00
619ffb0f4b29cc45,linkedin,4168561396,IT Jobs in Ghana – System Developer At Top-Notch Business Group,Top-Notch Business group,,"Accra, Greater Accra Region, Ghana",Ghana,unknown,,,,,,,,,2025-02-28,,Software Development,https://gh.linkedin.com/jobs/view/it-jobs-in-ghana-%E2%80%93-system-developer-at-top-notch-business-group-at-top-notch-business-group-4168561396,2026-08-30T15:32:20+00:00
238522e678e1682f,linkedin,4168510431,Data and Information Technology Manager,Tree Crops Development Authority,,"Kumasi, Ashanti Region, Ghana",Ghana,unknown,,,,,,,,,2025-02-28,,Other Tech,https://gh.linkedin.com/jobs/view/data-and-information-technology-manager-at-tree-crops-development-authority-4168510431,2026-08-30T15:32:28+00:00
81d82b40a85a5cac,linkedin,4390101151,IT-Consultants At Quipu Gmbh,Quip,,"Accra, Greater Accra Region, Ghana",Ghana,unknown,,,,,,,,,2026-03-25,,,https://gh.linkedin.com/jobs/view/it-consultants-at-quipu-gmbh-at-quip-4390101151,2026-08-30T15:32:28+00:00
28ce9183fd727d76,linkedin,4168553651,IT Officer/Network Administrator/Researcher At Ghana Insurers Association (GIA),Ghana Insurers Association,,"Accra, Greater Accra Region, Ghana",Ghana,unknown,,,,,,,,,2025-02-28,,Other Tech,https://gh.linkedin.com/jobs/view/it-officer-network-administrator-researcher-at-ghana-insurers-association-gia-at-ghana-insurers-association-4168553651,2026-08-30T15:32:28+00:00
875504a54b3f2422,linkedin,4459816454,NOC & IT Support Engineer - Ghana,BURN,,"Kumasi, Ashanti Region, Ghana",Ghana,unknown,,,,,,,,,2026-08-27,,IT Support & Networking,https://gh.linkedin.com/jobs/view/noc-it-support-engineer-ghana-at-burn-4459816454,2026-08-30T15:32:28+00:00
8ca58b79ac36d3b9,linkedin,3822640629,Senior Information Technology Officer,Ghana Institute of Languages (GIL),,"Accra, Greater Accra Region, Ghana",Ghana,unknown,,,,,,,,,2024-01-16,,Other Tech,https://gh.linkedin.com/jobs/view/senior-information-technology-officer-at-ghana-institute-of-languages-gil-3822640629,2026-08-30T15:32:28+00:00
29dd6b226216d07d,linkedin,3842522247,IT Systems Administrator,Mantrac Ghana Limited,,"Accra, Greater Accra Region, Ghana",Ghana,unknown,,,,,,,,,2024-03-04,,IT Support & Networking,https://gh.linkedin.com/jobs/view/it-systems-administrator-at-mantrac-ghana-limited-3842522247,2026-08-30T15:32:28+00:00
64e972f4ebf80cd2,linkedin,3614319641,IT Managers At Ghana Health Service,Ghana Health Nest (GHN),,Ghana,Ghana,unknown,,,,,,,,,2023-05-02,,Other Tech,https://gh.linkedin.com/jobs/view/it-managers-at-ghana-health-service-at-ghana-health-nest-ghn-3614319641,2026-08-30T15:32:28+00:00
20df64aa491f2fef,linkedin,4389886682,Network Engineer At Teledata ICT Ltd,Teledata ICT,,"Accra, Greater Accra Region, Ghana",Ghana,unknown,,,,,,,,,2026-03-25,,IT Support & Networking,https://gh.linkedin.com/jobs/view/network-engineer-at-teledata-ict-ltd-at-teledata-ict-4389886682,2026-08-30T15:32:35+00:00
eb3ba0760af8d053,linkedin,4392815331,Directorate of Information and Communication Technology (DICTS),University of Cape Coast,,"Cape Coast, Central Region, Ghana",Ghana,unknown,,,,,,,,,2026-04-01,,Other Tech,https://gh.linkedin.com/jobs/view/directorate-of-information-and-communication-technology-dicts-at-university-of-cape-coast-4392815331,2026-08-30T15:32:35+00:00
3ca14e2eceea518d,linkedin,3675113028,Network Administrator At National Petroleum Authority (NPA),NPA,,"Accra, Greater Accra Region, Ghana",Ghana,unknown,,,,,,,,,2023-07-03,,Other Tech,https://gh.linkedin.com/jobs/view/network-administrator-at-national-petroleum-authority-npa-at-npa-3675113028,2026-08-30T15:32:35+00:00
0fe51db3f8c9bfa5,linkedin,4382610905,Data Center Technician - GH - Accra - On-site,Reboot Monkey,,"Accra, Greater Accra Region, Ghana",Ghana,onsite,,,,,,,,,2026-03-07,,Other Tech,https://gh.linkedin.com/jobs/view/data-center-technician-gh-accra-on-site-at-reboot-monkey-4382610905,2026-08-30T15:32:35+00:00
862834c1801d2315,linkedin,4168509972,Digital Media (Online & Web Services) Officer,Ghana Broadcasting Corporation,,"Accra, Greater Accra Region, Ghana",Ghana,unknown,,,,,,,,,2025-02-28,,,https://gh.linkedin.com/jobs/view/digital-media-online-web-services-officer-at-ghana-broadcasting-corporation-4168509972,2026-08-30T15:32:35+00:00
bf83f0e4627750ad,linkedin,4168517328,Senior Systems Analyst,Cape Coast Technical University,,"Cape Coast, Central Region, Ghana",Ghana,unknown,,,,,,,,,2025-02-28,,,https://gh.linkedin.com/jobs/view/senior-systems-analyst-at-cape-coast-technical-university-4168517328,2026-08-30T15:32:35+00:00
7623f71ef35e98f0,linkedin,3822637987,Senior IT Assistant,Ghana Institute of Languages (GIL),,"Kumasi, Ashanti Region, Ghana",Ghana,unknown,,,,,,,,,2024-01-16,,,https://gh.linkedin.com/jobs/view/senior-it-assistant-at-ghana-institute-of-languages-gil-3822637987,2026-08-30T15:32:35+00:00
d85682ab31096c9a,linkedin,3947701611,Network Engineer,Takoradi Technical University,,"Kwesimintsim, Western Region, Ghana",Ghana,unknown,,,,,,,,,2024-06-12,,IT Support & Networking,https://gh.linkedin.com/jobs/view/network-engineer-at-takoradi-technical-university-3947701611,2026-08-30T15:32:35+00:00
ef39e104aab63d65,linkedin,4389896339,System Administrator At Africa Online Ghana Ltd,Ghana South Africa Business Chamber,,"Accra, Greater Accra Region, Ghana",Ghana,unknown,,,,,,,,,2026-03-25,,,https://gh.linkedin.com/jobs/view/system-administrator-at-africa-online-ghana-ltd-at-ghana-south-africa-business-chamber-4389896339,2026-08-30T15:32:35+00:00
837efd0d9a0b62e3,linkedin,3633526963,Network Administrator At West African Examinations Council,West African Examinations Council,,"Accra, Greater Accra Region, Ghana",Ghana,unknown,,,,,,,,,2023-05-22,,Other Tech,https://gh.linkedin.com/jobs/view/network-administrator-at-west-african-examinations-council-at-west-african-examinations-council-3633526963,2026-08-30T15:32:35+00:00
6e2f69aaf701febd,linkedin,3643224502,Laboratory Information Systems (LIS) Technical Officers At Global Health Systems Solutions (GHSS),GHSS Global Hospitality Solutions & Services,,"Accra, Greater Accra Region, Ghana",Ghana,unknown,,,,,,,,,2023-06-02,,Other Tech,https://gh.linkedin.com/jobs/view/laboratory-information-systems-lis-technical-officers-at-global-health-systems-solutions-ghss-at-ghss-global-hospitality-solutions-services-3643224502,2026-08-30T15:32:41+00:00
5269797b59c608a6,linkedin,4389882781,IT Jobs in Ghana – Interface/Web Designer At Esoko,Esoko,,"Accra, Greater Accra Region, Ghana",Ghana,unknown,,,,,,,,,2026-03-25,,,https://gh.linkedin.com/jobs/view/it-jobs-in-ghana-%E2%80%93-interface-web-designer-at-esoko-at-esoko-4389882781,2026-08-30T15:32:41+00:00
f59ad86e932ac7bc,linkedin,4426030049,Deputy Director- ICT Department At Mental Health Authority,Mental Health Authority,,Ghana,Ghana,unknown,,,,,,,,,2026-06-10,,Other Tech,https://gh.linkedin.com/jobs/view/deputy-director-ict-department-at-mental-health-authority-at-mental-health-authority-4426030049,2026-08-30T15:32:41+00:00
cb7baf4c88d73e0c,linkedin,3614323103,Database Administrator At Advans Ghana Savings and Loans Limited,Advans Ghana Savings and Loans Ltd,,Ghana,Ghana,unknown,,,,,,,,,2023-05-02,,Other Tech,https://gh.linkedin.com/jobs/view/database-administrator-at-advans-ghana-savings-and-loans-limited-at-advans-ghana-savings-and-loans-ltd-3614323103,2026-08-30T15:32:41+00:00
052ed6e7ff1c49b5,linkedin,4168553737,Director At University of Cape Coast,University of Cape Coast,,"Cape Coast, Central Region, Ghana",Ghana,unknown,,,,,,,,,2025-02-28,,,https://gh.linkedin.com/jobs/view/director-at-university-of-cape-coast-at-university-of-cape-coast-4168553737,2026-08-30T15:32:41+00:00
61894ee34a74734e,linkedin,4448061102,Desktop Support Engineer,Tech People 247,,"Accra, Greater Accra Region, Ghana",Ghana,unknown,,,,,,,,,2026-08-05,,IT Support & Networking,https://gh.linkedin.com/jobs/view/desktop-support-engineer-at-tech-people-247-4448061102,2026-08-30T15:32:41+00:00
4fd26f707d218f5f,linkedin,3675105218,Senior Data / IT Officer,Christian Council of Ghana,,"Accra, Greater Accra Region, Ghana",Ghana,unknown,,,,,,,,,2023-07-03,,Other Tech,https://gh.linkedin.com/jobs/view/senior-data-it-officer-at-christian-council-of-ghana-3675105218,2026-08-30T15:32:41+00:00
59d3f0215fb0d151,linkedin,3633531076,Network Administrator At VisionFund Ghana,VisionFund International,,"Accra, Greater Accra Region, Ghana",Ghana,unknown,,,,,,,,,2023-05-22,,Other Tech,https://gh.linkedin.com/jobs/view/network-administrator-at-visionfund-ghana-at-visionfund-international-3633531076,2026-08-30T15:32:41+00:00
b617f53b65b0c072,linkedin,4389883768,Management Information Systems (MIS) Officer At Ministry of Food & Agriculture (Kumasi),Ministry of Food and Agriculture,,"Kumasi, Ashanti Region, Ghana",Ghana,unknown,,,,,,,,,2026-03-25,,,https://gh.linkedin.com/jobs/view/management-information-systems-mis-officer-at-ministry-of-food-agriculture-kumasi-at-ministry-of-food-and-agriculture-4389883768,2026-08-30T15:32:41+00:00
80444d7c82dee0f2,linkedin,4168556557,Systems Administrator (Registrars Department) At Methodist University College,Methodist University Ghana (MUG),,"Accra, Greater Accra Region, Ghana",Ghana,unknown,,,,,,,,,2025-02-28,,IT Support & Networking,https://gh.linkedin.com/jobs/view/systems-administrator-registrars-department-at-methodist-university-college-at-methodist-university-ghana-mug-4168556557,2026-08-30T15:32:48+00:00
d3de8b0815ad9ddc,linkedin,4168515381,Multimedia Support Officer,Ghana Academy of Arts and Sciences,,"Accra, Greater Accra Region, Ghana",Ghana,unknown,,,,,,,,,2025-02-28,,,https://gh.linkedin.com/jobs/view/multimedia-support-officer-at-ghana-academy-of-arts-and-sciences-4168515381,2026-08-30T15:32:48+00:00
01be5c0abe45a842,linkedin,4168512301,Integration Analyst,Systems For Development (S4D),,"Accra, Greater Accra Region, Ghana",Ghana,unknown,,,,,,,,,2025-02-28,,,https://gh.linkedin.com/jobs/view/integration-analyst-at-systems-for-development-s4d-4168512301,2026-08-30T15:32:48+00:00
b8ab585fc4e5eaf8,linkedin,4429025717,Senior ICT Assistant at Bolgatanga Technical University,Bolgatanga Technical University,,"Bolgatanga, Upper East Region, Ghana",Ghana,unknown,,,,,,,,,2026-05-28,,Other Tech,https://gh.linkedin.com/jobs/view/senior-ict-assistant-at-bolgatanga-technical-university-at-bolgatanga-technical-university-4429025717,2026-08-30T15:32:48+00:00
97a059fbd0d8f2ad,linkedin,3633529432,Genesys Administrators At Glo Mobile Ghana (Nationwide Recruitment),Glo Mobile Ghana,,Ghana,Ghana,unknown,,,,,,,,,2023-05-22,,,https://gh.linkedin.com/jobs/view/genesys-administrators-at-glo-mobile-ghana-nationwide-recruitment-at-glo-mobile-ghana-3633529432,2026-08-30T15:32:48+00:00
0a035e063cffb44d,linkedin,3614315818,Nuclear Management Systems Expert,Ghana Atomic Energy Commission,,"Accra, Greater Accra Region, Ghana",Ghana,unknown,,,,,,,,,2023-05-02,,,https://gh.linkedin.com/jobs/view/nuclear-management-systems-expert-at-ghana-atomic-energy-commission-3614315818,2026-08-30T15:32:48+00:00
89e933a35accb5d2,linkedin,3643217451,Consultant Services – Firm Selection At Ghana Statistical Service,Ghana Statistical Service,,Ghana,Ghana,unknown,,,,,,,,,2023-06-02,,,https://gh.linkedin.com/jobs/view/consultant-services-%E2%80%93-firm-selection-at-ghana-statistical-service-at-ghana-statistical-service-3643217451,2026-08-30T15:32:48+00:00
2bed8c7b4c426695,linkedin,4377651318,Assistant Systems Administrator At Derma Area Rural Bank Limited (Brong Ahafo Region),Derma Community Bank Limited,,"Ahafo Region, Ghana",Ghana,unknown,,,,,,,,,2026-02-27,,IT Support & Networking,https://gh.linkedin.com/jobs/view/assistant-systems-administrator-at-derma-area-rural-bank-limited-brong-ahafo-region-at-derma-community-bank-limited-4377651318,2026-08-30T15:32:48+00:00
52e498c942c3fcfc,linkedin,4453405132,Senior ICT Assistant,Mount Mary University,,Ghana,Ghana,unknown,,,,,,,,,2026-08-19,,Other Tech,https://gh.linkedin.com/jobs/view/senior-ict-assistant-at-mount-mary-university-4453405132,2026-08-30T15:32:48+00:00
d38ac13c4dbdd2b5,linkedin,4458794177,"Engineer, Networks Field Service",MTN Ghana,,"Tamale, Northern Region, Ghana",Ghana,unknown,,,,,,,,,2026-08-25,,Other Tech,https://gh.linkedin.com/jobs/view/engineer-networks-field-service-at-mtn-ghana-4458794177,2026-08-30T15:32:55+00:00
00465e8404031804,linkedin,3614322276,Internal / Systems Auditor,Fafanto Psych Org,,"Accra, Greater Accra Region, Ghana",Ghana,unknown,,,,,,,,,2023-05-02,,,https://gh.linkedin.com/jobs/view/internal-systems-auditor-at-fafanto-psych-org-3614322276,2026-08-30T15:32:55+00:00
2a8bf8f764bb50dd,linkedin,3674029870,Senior Network Engineer At Supertech (STL) Ltd,Supertech Limited,,Ghana,Ghana,unknown,,,,,,,,,2023-07-02,,IT Support & Networking,https://gh.linkedin.com/jobs/view/senior-network-engineer-at-supertech-stl-ltd-at-supertech-limited-3674029870,2026-08-30T15:32:55+00:00
b0efa3731b6a278a,linkedin,4389882785,E-Learning Administrator At KAIPTC,Kofi Annan International Peacekeeping Training Centre (KAIPTC),,"Accra, Greater Accra Region, Ghana",Ghana,unknown,,,,,,,,,2026-03-25,,,https://gh.linkedin.com/jobs/view/e-learning-administrator-at-kaiptc-at-kofi-annan-international-peacekeeping-training-centre-kaiptc-4389882785,2026-08-30T15:32:55+00:00
92a20213a4a8357f,linkedin,4378090193,I.C.T. Teacher (Primary Department) At Brainy Bairn School,Brainy Bairn School,,"Accra, Greater Accra Region, Ghana",Ghana,unknown,,,,,,,,,2026-02-26,,,https://gh.linkedin.com/jobs/view/i-c-t-teacher-primary-department-at-brainy-bairn-school-at-brainy-bairn-school-4378090193,2026-08-30T15:32:55+00:00
a8bfda76a4e40cf6,linkedin,4262036535,Ubuntu Enablement - Software Engineering Manager,Canonical,,"Accra, Greater Accra Region, Ghana",Ghana,unknown,,,,,,,,,2025-07-04,,Software Development,https://gh.linkedin.com/jobs/view/ubuntu-enablement-software-engineering-manager-at-canonical-4262036535,2026-08-30T15:32:55+00:00
9a995d98654f3954,linkedin,4439597761,WASSCE ICT Teacher,Metaschool AI,,Ghana,Ghana,unknown,,,,,,,,,2026-07-12,,Other Tech,https://gh.linkedin.com/jobs/view/wassce-ict-teacher-at-metaschool-ai-4439597761,2026-08-30T15:32:55+00:00
28771880ffada130,linkedin,4390103080,Technical Specialist for METSS Geographic Information System (GIS) At METSS-Ghana,"Monitoring, Evaluation and Technical Support Services (METSS)",,"Accra, Greater Accra Region, Ghana",Ghana,unknown,,,,,,,,,2026-03-25,,Other Tech,https://gh.linkedin.com/jobs/view/technical-specialist-for-metss-geographic-information-system-gis-at-metss-ghana-at-monitoring-evaluation-and-technical-support-services-metss-4390103080,2026-08-30T15:32:55+00:00
987e14142573a06a,linkedin,3614323142,Lecturer (Computer Engineering) At Regent University College of Science & Technology,Regent University College of Science and Technology,,Ghana,Ghana,unknown,,,,,,,,,2023-05-02,,Other Tech,https://gh.linkedin.com/jobs/view/lecturer-computer-engineering-at-regent-university-college-of-science-technology-at-regent-university-college-of-science-and-technology-3614323142,2026-08-30T15:32:55+00:00
301a2253ed8d374f,linkedin,4389887659,"IT Jobs in Ghana – (Planning, Security & Support) Deputy Chief Information Technology Officer",University of Ghana,,"Accra, Greater Accra Region, Ghana",Ghana,unknown,,,,,,,,,2026-03-25,,Other Tech,https://gh.linkedin.com/jobs/view/it-jobs-in-ghana-%E2%80%93-planning-security-support-deputy-chief-information-technology-officer-at-university-of-ghana-4389887659,2026-08-30T15:33:01+00:00
acb1d033c22039aa,linkedin,4389882782,IT Jobs in Ghana – Systems Administrator (Information Technology Infrastructure) At University of Ghana,University of Ghana,,"Accra, Greater Accra Region, Ghana",Ghana,unknown,,,,,,,,,2026-03-25,,IT Support & Networking,https://gh.linkedin.com/jobs/view/it-jobs-in-ghana-%E2%80%93-systems-administrator-information-technology-infrastructure-at-university-of-ghana-at-university-of-ghana-4389882782,2026-08-30T15:33:01+00:00
728025781f1f4689,linkedin,3643227052,IT Jobs in Ghana – Network Administrator (Information Technology Infrastructure) At University of Ghana,University of Ghana,,"Accra, Greater Accra Region, Ghana",Ghana,unknown,,,,,,,,,2023-06-02,,Other Tech,https://gh.linkedin.com/jobs/view/it-jobs-in-ghana-%E2%80%93-network-administrator-information-technology-infrastructure-at-university-of-ghana-at-university-of-ghana-3643227052,2026-08-30T15:33:01+00:00
c304579a902379eb,linkedin,3643202861,Storage Specialist,University of Ghana,,"Accra, Greater Accra Region, Ghana",Ghana,unknown,,,,,,,,,2023-06-02,,,https://gh.linkedin.com/jobs/view/storage-specialist-at-university-of-ghana-3643202861,2026-08-30T15:33:01+00:00
5f950f76850e59af,linkedin,3674599915,Deputy Chief Information Technology Officer (Deputy CITO) – IT Services,University of Ghana,,"Accra, Greater Accra Region, Ghana",Ghana,unknown,,,,,,,,,2023-07-03,,Other Tech,https://gh.linkedin.com/jobs/view/deputy-chief-information-technology-officer-deputy-cito-%E2%80%93-it-services-at-university-of-ghana-3674599915,2026-08-30T15:33:01+00:00
d0e9beadcd8322c7,linkedin,3633527916,"Deputy Chief Information Technology Officer (CITO), IT Services At University of Ghana",University of Ghana,,"Accra, Greater Accra Region, Ghana",Ghana,unknown,,,,,,,,,2023-05-22,,Other Tech,https://gh.linkedin.com/jobs/view/deputy-chief-information-technology-officer-cito-it-services-at-university-of-ghana-at-university-of-ghana-3633527916,2026-08-30T15:33:01+00:00
95e4bf154316c16d,linkedin,4389881831,University Network Administrator/Engineer At Accra Institute of Technology,Accra Institute of Technology,,"Accra, Greater Accra Region, Ghana",Ghana,unknown,,,,,,,,,2026-03-25,,Other Tech,https://gh.linkedin.com/jobs/view/university-network-administrator-engineer-at-accra-institute-of-technology-at-accra-institute-of-technology-4389881831,2026-08-30T15:33:01+00:00
f13d5dabcbc5e232,linkedin,3614317518,Database Administrator (DBA),University of Ghana,,"Accra, Greater Accra Region, Ghana",Ghana,unknown,,,,,,,,,2023-05-02,,Other Tech,https://gh.linkedin.com/jobs/view/database-administrator-dba-at-university-of-ghana-3614317518,2026-08-30T15:33:01+00:00
11554d8ba458cc0a,linkedin,4400074907,"Deputy Chief Information Technology Officer – Planning, Security and Support",University of Ghana,,"Accra, Greater Accra Region, Ghana",Ghana,unknown,,,,,,,,,2026-04-14,,Other Tech,https://gh.linkedin.com/jobs/view/deputy-chief-information-technology-officer-%E2%80%93-planning-security-and-support-at-university-of-ghana-4400074907,2026-08-30T15:33:01+00:00
e46349ccf8445d9d,linkedin,3614325162,Coordinator Instructional Technology At Ghana Technology University College,Ghana Insurance University College,,"Accra, Greater Accra Region, Ghana",Ghana,unknown,,,,,,,,,2023-05-02,,,https://gh.linkedin.com/jobs/view/coordinator-instructional-technology-at-ghana-technology-university-college-at-ghana-insurance-university-college-3614325162,2026-08-30T15:33:09+00:00
07799ffcfd9eea1f,linkedin,4390100242,IP Transport & Services Engineer At Vodafone Ghana,"National Communications Backbone Company Ltd, Subsidiary of Vodafone Ghana",,"Accra, Greater Accra Region, Ghana",Ghana,unknown,,,,,,,,,2026-03-25,,Other Tech,https://gh.linkedin.com/jobs/view/ip-transport-services-engineer-at-vodafone-ghana-at-national-communications-backbone-company-ltd-subsidiary-of-vodafone-ghana-4390100242,2026-08-30T15:33:09+00:00
3681100c7853ad34,linkedin,4184342405,ICT Clerk Grade 1,University of Environment and Sustainable Development,,"Somanya, Eastern Region, Ghana",Ghana,unknown,,,,,,,,,2025-03-14,,Other Tech,https://gh.linkedin.com/jobs/view/ict-clerk-grade-1-at-university-of-environment-and-sustainable-development-4184342405,2026-08-30T15:33:09+00:00
d159ef079caca37b,linkedin,3614319901,"Technician At Ghana Technology University College (Accra, Kumasi, Koforidua)",Ghana Insurance University College,,"Accra, Greater Accra Region, Ghana",Ghana,unknown,,,,,,,,,2023-05-02,,,https://gh.linkedin.com/jobs/view/technician-at-ghana-technology-university-college-accra-kumasi-koforidua-at-ghana-insurance-university-college-3614319901,2026-08-30T15:33:09+00:00
f8f85f6a483c19f8,linkedin,3675107295,Technicians (2 Positions),"Kwame Nkrumah University of Science and Technology, Kumasi",,"Kumasi, Ashanti Region, Ghana",Ghana,unknown,,,,,,,,,2023-07-03,,,https://gh.linkedin.com/jobs/view/technicians-2-positions-at-kwame-nkrumah-university-of-science-and-technology-kumasi-3675107295,2026-08-30T15:33:09+00:00
c1d1dc8f42e0fac4,linkedin,3633526618,Mobile Financial Services Architect At Tigo Ghana,TIGON,,"Accra, Greater Accra Region, Ghana",Ghana,unknown,,,,,,,,,2023-05-22,,,https://gh.linkedin.com/jobs/view/mobile-financial-services-architect-at-tigo-ghana-at-tigon-3633526618,2026-08-30T15:33:09+00:00
cc6d2057358a7935,linkedin,4112496250,Instructional Technologist At Ghana Technology University College,Ghana Insurance University College,,"Accra, Greater Accra Region, Ghana",Ghana,unknown,,,,,,,,,2025-01-02,,,https://gh.linkedin.com/jobs/view/instructional-technologist-at-ghana-technology-university-college-at-ghana-insurance-university-college-4112496250,2026-08-30T15:33:09+00:00
d96ef5fd17aba3df,linkedin,3939274389,Chief Technology Officer (CTO),Successors World Limited (SWL),,Ghana,Ghana,unknown,,,,,,,,,2024-06-04,,,https://gh.linkedin.com/jobs/view/chief-technology-officer-cto-at-successors-world-limited-swl-3939274389,2026-08-30T15:33:09+00:00
c30fc1b800cb2945,linkedin,4460394291,Enterprise Solutions Architect,Zof AI,,"Accra, Greater Accra Region, Ghana",Ghana,unknown,,,,,,,,,2026-08-28,,Other Tech,https://gh.linkedin.com/jobs/view/enterprise-solutions-architect-at-zof-ai-4460394291,2026-08-30T15:33:16+00:00
36d59319c281b764,linkedin,3675113412,Customer Service Engineer At Vodafone Ghana,"National Communications Backbone Company Ltd, Subsidiary of Vodafone Ghana",,Ghana,Ghana,unknown,,,,,,,,,2023-07-03,,Other Tech,https://gh.linkedin.com/jobs/view/customer-service-engineer-at-vodafone-ghana-at-national-communications-backbone-company-ltd-subsidiary-of-vodafone-ghana-3675113412,2026-08-30T15:33:16+00:00
a883a17899200866,linkedin,3633530386,Customer Service Engineer At Vodafone Ghana,"National Communications Backbone Company Ltd, Subsidiary of Vodafone Ghana",,"Accra, Greater Accra Region, Ghana",Ghana,unknown,,,,,,,,,2023-05-22,,Other Tech,https://gh.linkedin.com/jobs/view/customer-service-engineer-at-vodafone-ghana-at-national-communications-backbone-company-ltd-subsidiary-of-vodafone-ghana-3633530386,2026-08-30T15:33:16+00:00
860f540e178ad273,linkedin,3643225016,OMCR/BSS TAC Engineers At Glo Mobile Ghana (Nationwide Recruitment),Glo Mobile Ghana,,Ghana,Ghana,unknown,,,,,,,,,2023-06-02,,Other Tech,https://gh.linkedin.com/jobs/view/omcr-bss-tac-engineers-at-glo-mobile-ghana-nationwide-recruitment-at-glo-mobile-ghana-3643225016,2026-08-30T15:33:16+00:00
2936c5a1cdc39eb2,linkedin,3675115851,Web-based Instructional Designer At Ghana Technology University College,Ghana Insurance University College,,"Accra, Greater Accra Region, Ghana",Ghana,unknown,,,,,,,,,2023-07-03,,,https://gh.linkedin.com/jobs/view/web-based-instructional-designer-at-ghana-technology-university-college-at-ghana-insurance-university-college-3675115851,2026-08-30T15:33:16+00:00
c14e5d6f147a025c,linkedin,4459476261,Associate Professor — Faculty of Computing and Information Systems,Ghana Communication Technology University - GCTU,,"Accra, Greater Accra Region, Ghana",Ghana,unknown,,,,,,,,,2026-08-29,,,https://gh.linkedin.com/jobs/view/associate-professor-%E2%80%94-faculty-of-computing-and-information-systems-at-ghana-communication-technology-university-gctu-4459476261,2026-08-30T15:33:16+00:00
644c311f6a1f7b54,linkedin,4390100236,Lecturer/Senior Lecturer/Professor (Computer Science/Information Technology) At GIMPA,GIMPA,,"Accra, Greater Accra Region, Ghana",Ghana,unknown,,,,,,,,,2026-03-25,,Other Tech,https://gh.linkedin.com/jobs/view/lecturer-senior-lecturer-professor-computer-science-information-technology-at-gimpa-at-gimpa-4390100236,2026-08-30T15:33:16+00:00
b60b2e5ce29936e0,linkedin,3643223573,Lecturer/Senior Lecturer/Professor (Computer Science/Information Technology) At Ghana Inst. of Mgt. & Public Admin. (GIMPA),GIMPA,,"Accra, Greater Accra Region, Ghana",Ghana,unknown,,,,,,,,,2023-06-02,,Other Tech,https://gh.linkedin.com/jobs/view/lecturer-senior-lecturer-professor-computer-science-information-technology-at-ghana-inst-of-mgt-public-admin-gimpa-at-gimpa-3643223573,2026-08-30T15:33:16+00:00
581f9bc0ef4b1e03,linkedin,3633518566,Mining Technology Enabled Solutions (METS) Specialist,Mantrac Ghana Limited,,"Accra, Greater Accra Region, Ghana",Ghana,unknown,,,,,,,,,2023-05-22,,,https://gh.linkedin.com/jobs/view/mining-technology-enabled-solutions-mets-specialist-at-mantrac-ghana-limited-3633518566,2026-08-30T15:33:16+00:00
aa06f6ac0635a718,linkedin,3614322121,Instructional Technologist and Designer,University of Ghana,,"Accra, Greater Accra Region, Ghana",Ghana,unknown,,,,,,,,,2023-05-02,,,https://gh.linkedin.com/jobs/view/instructional-technologist-and-designer-at-university-of-ghana-3614322121,2026-08-30T15:33:22+00:00
1b99b103af43c005,linkedin,4460391297,Forward Deployed Software Engineer,Zof AI,,"Accra, Greater Accra Region, Ghana",Ghana,unknown,,,,,,,,,2026-08-28,,Software Development,https://gh.linkedin.com/jobs/view/forward-deployed-software-engineer-at-zof-ai-4460391297,2026-08-30T15:33:22+00:00
f492af1f0a792bb7,linkedin,4284587101,Software Engineering Manager - Sustaining Engineering,Canonical,,"Accra, Greater Accra Region, Ghana",Ghana,unknown,,,,,,,,,2025-08-14,,Software Development,https://gh.linkedin.com/jobs/view/software-engineering-manager-sustaining-engineering-at-canonical-4284587101,2026-08-30T15:33:22+00:00
fe3c8d4eea455686,linkedin,3675104343,Lecturers,University of Ghana,,"Accra, Greater Accra Region, Ghana",Ghana,unknown,,,,,,,,,2023-07-03,,,https://gh.linkedin.com/jobs/view/lecturers-at-university-of-ghana-3675104343,2026-08-30T15:33:22+00:00
e66bbfb28dab654a,linkedin,3614322280,Instructional Technologist Centre for Online Learning and Teaching (COLT),Ghana Insurance University College,,"Accra, Greater Accra Region, Ghana",Ghana,unknown,,,,,,,,,2023-05-02,,,https://gh.linkedin.com/jobs/view/instructional-technologist-centre-for-online-learning-and-teaching-colt-at-ghana-insurance-university-college-3614322280,2026-08-30T15:33:22+00:00
db17f06e4da0ef46,linkedin,4389893398,"Tutor At Ghana Technology University College (Accra, Kumasi, Koforidua)",Ghana Insurance University College,,"Accra, Greater Accra Region, Ghana",Ghana,unknown,,,,,,,,,2026-03-25,,,https://gh.linkedin.com/jobs/view/tutor-at-ghana-technology-university-college-accra-kumasi-koforidua-at-ghana-insurance-university-college-4389893398,2026-08-30T15:33:22+00:00
54c791d185bb43f7,linkedin,3643213322,Multimedia Technician,Ghana Insurance University College,,"Accra, Greater Accra Region, Ghana",Ghana,unknown,,,,,,,,,2023-06-02,,,https://gh.linkedin.com/jobs/view/multimedia-technician-at-ghana-insurance-university-college-3643213322,2026-08-30T15:33:22+00:00
e43e91173130e07b,linkedin,4168563047,Engineering Laboratory Technician At Accra Institute of Technology,Accra Institute of Technology,,"Accra, Greater Accra Region, Ghana",Ghana,unknown,,,,,,,,,2025-02-28,,Other Tech,https://gh.linkedin.com/jobs/view/engineering-laboratory-technician-at-accra-institute-of-technology-at-accra-institute-of-technology-4168563047,2026-08-30T15:33:22+00:00
ae8bc826ca907eb7,linkedin,3675107939,"Dean, Faculty of Informatics At Ghana Technology University College",Ghana Insurance University College,,"Accra, Greater Accra Region, Ghana",Ghana,unknown,,,,,,,,,2023-07-03,,,https://gh.linkedin.com/jobs/view/dean-faculty-of-informatics-at-ghana-technology-university-college-at-ghana-insurance-university-college-3675107939,2026-08-30T15:33:22+00:00
61738d840fcf36ca,linkedin,4448714000,Software,Hyperloop UPV,,"Al Ḩamul, Kafr ash Shaykh, Egypt",Egypt,unknown,,,,,,,,,2026-08-07,,Other Tech,https://eg.linkedin.com/jobs/view/software-at-hyperloop-upv-4448714000,2026-08-30T15:33:29+00:00
bbfae87ccae2990e,linkedin,4448729524,Network Engineer,Softec Technologies,,Egypt,Egypt,unknown,,,,,,,,,2026-08-07,,IT Support & Networking,https://eg.linkedin.com/jobs/view/network-engineer-at-softec-technologies-4448729524,2026-08-30T15:33:29+00:00
5981335e432d5678,linkedin,4454296277,Software Engineer,"Chongqing Smart Eye Technology Co., Ltd",,"New Cairo, Cairo, Egypt",Egypt,unknown,,,,,,,,,2026-08-17,,Software Development,https://eg.linkedin.com/jobs/view/software-engineer-at-chongqing-smart-eye-technology-co-ltd-4454296277,2026-08-30T15:33:29+00:00
5c89e57dfb4429c0,linkedin,4448735112,Accountant,Softec Technologies,,Egypt,Egypt,unknown,,,,,,,,,2026-08-07,,,https://eg.linkedin.com/jobs/view/accountant-at-softec-technologies-4448735112,2026-08-30T15:33:29+00:00
16edcc1472a67a3e,linkedin,4335048601,Odoo Software Developer,ACS Logistics Co.,,Egypt,Egypt,unknown,,,,,,,,,2025-11-09,,Software Development,https://eg.linkedin.com/jobs/view/odoo-software-developer-at-acs-logistics-co-4335048601,2026-08-30T15:33:29+00:00
d26002866bd27360,linkedin,4434286891,开发工程师－后端开发,Zhen Robotics,,"Abou Redis, South Sinai, Egypt",Egypt,unknown,,,,,,,,,2026-06-28,,,https://eg.linkedin.com/jobs/view/%E5%BC%80%E5%8F%91%E5%B7%A5%E7%A8%8B%E5%B8%88%EF%BC%8D%E5%90%8E%E7%AB%AF%E5%BC%80%E5%8F%91-at-zhen-robotics-4434286891,2026-08-30T15:33:29+00:00
8187b3236abd95d9,linkedin,4446098587,Software Development Engineer,Siemens EDA (Siemens Digital Industries Software),,"Qesm 2nd New Cairo, Cairo, Egypt",Egypt,unknown,,,,,,,,,2026-08-20,,Other Tech,https://eg.linkedin.com/jobs/view/software-development-engineer-at-siemens-eda-siemens-digital-industries-software-4446098587,2026-08-30T15:33:29+00:00
08e98fd9e54d2cc1,linkedin,4460151261,"Software Engineer, Platform - Cairo, Egypt",Speechify,,"Cairo, Cairo, Egypt",Egypt,unknown,,,,,,,,,2026-08-03,,Software Development,https://eg.linkedin.com/jobs/view/software-engineer-platform-cairo-egypt-at-speechify-4460151261,2026-08-30T15:33:29+00:00
3871bf69b05cec71,linkedin,4450166431,Software Engineer,Blue Ocean Corporation,,"Cairo, Cairo, Egypt",Egypt,unknown,,,,,,,,,2026-08-12,,Software Development,https://eg.linkedin.com/jobs/view/software-engineer-at-blue-ocean-corporation-4450166431,2026-08-30T15:33:29+00:00
55e46e6c85d899c0,linkedin,4402853524,Python & Java Script Developer,SimplitIN,,"New Cairo, Cairo, Egypt",Egypt,unknown,,,,,,,,,2026-04-23,,Software Development,https://eg.linkedin.com/jobs/view/python-java-script-developer-at-simplitin-4402853524,2026-08-30T15:33:29+00:00
230f134bb2ebbbc9,linkedin,4451340924,Java Software Engineer,Systems Limited - Egypt,,"Giza, Al Jizah, Egypt",Egypt,unknown,,,,,,,,,2026-08-09,,Software Development,https://eg.linkedin.com/jobs/view/java-software-engineer-at-systems-limited-egypt-4451340924,2026-08-30T15:33:36+00:00
275ab4f9317a837e,linkedin,4452239534,Back End Developer,Khazna,,"Cairo, Egypt",Egypt,unknown,,,,,,,,,2026-08-17,,Software Development,https://eg.linkedin.com/jobs/view/back-end-developer-at-khazna-4452239534,2026-08-30T15:33:36+00:00
318d5d995d5bb11d,linkedin,4410766595,Backend Engineer,Payrails,,"Cairo, Cairo, Egypt",Egypt,unknown,,,,,,,,,2026-05-05,,Software Development,https://eg.linkedin.com/jobs/view/backend-engineer-at-payrails-4410766595,2026-08-30T15:33:36+00:00
e6f5005b26b0c8b9,linkedin,4456022464,Software Engineer,Siemens EDA (Siemens Digital Industries Software),,"Qesm 2nd New Cairo, Cairo, Egypt",Egypt,unknown,,,,,,,,,2026-08-20,,Software Development,https://eg.linkedin.com/jobs/view/software-engineer-at-siemens-eda-siemens-digital-industries-software-4456022464,2026-08-30T15:33:36+00:00
bfa20c785610aaf6,linkedin,4431682837,Software Developer,SSC HR Solutions,,"Cairo, Cairo, Egypt",Egypt,unknown,,,,,,,,,2026-05-28,,Software Development,https://eg.linkedin.com/jobs/view/software-developer-at-ssc-hr-solutions-4431682837,2026-08-30T15:33:36+00:00
16ebfb74c4308f23,linkedin,4457497506,Software Development Engineer,Siemens,,"Qesm 2nd New Cairo, Cairo, Egypt",Egypt,unknown,,,,,,,,,2026-08-25,,Other Tech,https://eg.linkedin.com/jobs/view/software-development-engineer-at-siemens-4457497506,2026-08-30T15:33:36+00:00
cd81b3635e1861ba,linkedin,4440854544,"Software Engineer - Machine Learning (SDV), POWER",Valeo,,"Cairo, Cairo, Egypt",Egypt,unknown,,,,,,,,,2026-08-27,,Software Development,https://eg.linkedin.com/jobs/view/software-engineer-machine-learning-sdv-power-at-valeo-4440854544,2026-08-30T15:33:36+00:00
1f493b7aa8b0c031,linkedin,4447882523,Mid-level Software engineer,geidea,,"Cairo, Egypt",Egypt,unknown,,,,,,,,,2026-08-02,,Software Development,https://eg.linkedin.com/jobs/view/mid-level-software-engineer-at-geidea-4447882523,2026-08-30T15:33:36+00:00
a1251fd83e3d406f,linkedin,4434298396,开发工程师－PHP开发,Zhen Robotics,,"Abou Redis, South Sinai, Egypt",Egypt,unknown,,,,,,,,,2026-06-28,,,https://eg.linkedin.com/jobs/view/%E5%BC%80%E5%8F%91%E5%B7%A5%E7%A8%8B%E5%B8%88%EF%BC%8Dphp%E5%BC%80%E5%8F%91-at-zhen-robotics-4434298396,2026-08-30T15:33:36+00:00
a9771448ba787117,linkedin,4447137528,Back-End Software Developer,exequt MENA,,"Cairo, Cairo, Egypt",Egypt,unknown,,,,,,,,,2026-07-31,,Software Development,https://eg.linkedin.com/jobs/view/back-end-software-developer-at-exequt-mena-4447137528,2026-08-30T15:33:36+00:00
4a3d978d2f73264b,linkedin,4450354527,Software engineer,Orange Business,,"Cairo, Cairo, Egypt",Egypt,unknown,,,,,,,,,2026-08-07,,Software Development,https://eg.linkedin.com/jobs/view/software-engineer-at-orange-business-4450354527,2026-08-30T15:33:42+00:00
e113270a08cf86b0,linkedin,4448146865,Automation Developer,TP,,"Cairo, Egypt",Egypt,unknown,,,,,,,,,2026-08-03,,Software Development,https://eg.linkedin.com/jobs/view/automation-developer-at-tp-4448146865,2026-08-30T15:33:42+00:00
cc88829c3b9af990,linkedin,4428818507,SAP ABAP Developer,Coca-Cola HBC,,"Cairo, Egypt",Egypt,unknown,,,,,,,,,2026-07-22,,Software Development,https://eg.linkedin.com/jobs/view/sap-abap-developer-at-coca-cola-hbc-4428818507,2026-08-30T15:33:42+00:00
475538aec27cc56a,linkedin,4397923223,Back End Developer,envnt.,,"Cairo, Egypt",Egypt,unknown,,,,,,,,,2026-05-12,,Software Development,https://eg.linkedin.com/jobs/view/back-end-developer-at-envnt-4397923223,2026-08-30T15:33:42+00:00
0fc89ec8f9693006,linkedin,4434937216,Ruby Engineer - Web Scraping (Remote),SearchApi,,Egypt,Egypt,remote,Country-only,,,,,,,,2026-06-30,,Other Tech,https://eg.linkedin.com/jobs/view/ruby-engineer-web-scraping-remote-at-searchapi-4434937216,2026-08-30T15:33:42+00:00
b58b301299930057,linkedin,4461003686,Full Stack Engineer,Hired,,Egypt,Egypt,unknown,,,,,,,,,2026-08-30,,Software Development,https://eg.linkedin.com/jobs/view/full-stack-engineer-at-hired-4461003686,2026-08-30T15:33:42+00:00
00ece5648bf04e83,linkedin,4448569714,Mobile Developer,Everest Minds,,"Cairo, Cairo, Egypt",Egypt,unknown,,,,,,,,,2026-08-04,,Software Development,https://eg.linkedin.com/jobs/view/mobile-developer-at-everest-minds-4448569714,2026-08-30T15:33:42+00:00
32b0782cfd614a94,linkedin,4426392853,Developer Information Technology,CTI Clinical Trial and Consulting Services,,"New Cairo, Cairo, Egypt",Egypt,unknown,,,,,,,,,2026-06-09,,Software Development,https://eg.linkedin.com/jobs/view/developer-information-technology-at-cti-clinical-trial-and-consulting-services-4426392853,2026-08-30T15:33:42+00:00
e6364c730e7072cb,linkedin,4456335981,Software Developer - Automation Solutions,Henkel,,"Cairo, Cairo, Egypt",Egypt,unknown,,,,,,,,,2026-08-19,,Software Development,https://eg.linkedin.com/jobs/view/software-developer-automation-solutions-at-henkel-4456335981,2026-08-30T15:33:42+00:00
5cb1589d98e79e57,linkedin,4461007411,NET Developer (Remote),Jobs Ai,,Egypt,Egypt,remote,Country-only,,,,,,,,2026-08-30,,Software Development,https://eg.linkedin.com/jobs/view/net-developer-remote-at-jobs-ai-4461007411,2026-08-30T15:33:42+00:00
7372c5b37e649fb2,linkedin,4431793620,Staff Software Engineer,Flash,,"Qesm El Maadi, Cairo, Egypt",Egypt,unknown,,,,,,,,,2026-06-22,,Software Development,https://eg.linkedin.com/jobs/view/staff-software-engineer-at-flash-4431793620,2026-08-30T15:33:50+00:00
ec11ec5d97bac7fc,linkedin,4387427455,Senior Software Engineer,Smart Eye,,"Cairo, Cairo, Egypt",Egypt,unknown,,,,,,,,,2026-03-18,,Software Development,https://eg.linkedin.com/jobs/view/senior-software-engineer-at-smart-eye-4387427455,2026-08-30T15:33:50+00:00
598f28d41df1656a,linkedin,4460892281,Software Engineer (Remote),Hire Feed,,Egypt,Egypt,remote,Country-only,,,,,,,,2026-08-30,,Software Development,https://eg.linkedin.com/jobs/view/software-engineer-remote-at-hire-feed-4460892281,2026-08-30T15:33:50+00:00
abe65baa66f9a4c1,linkedin,4442753034,"Staff Software Engineer, Backend",Procore Technologies,,"Cairo, Cairo, Egypt",Egypt,unknown,,,,,,,,,2026-08-11,,Software Development,https://eg.linkedin.com/jobs/view/staff-software-engineer-backend-at-procore-technologies-4442753034,2026-08-30T15:33:50+00:00
1d1609b7f88d388b,linkedin,4444679718,Senior Software Engineer,"Chongqing Smart Eye Technology Co., Ltd",,"Cairo, Cairo, Egypt",Egypt,unknown,,,,,,,,,2026-07-25,,Software Development,https://eg.linkedin.com/jobs/view/senior-software-engineer-at-chongqing-smart-eye-technology-co-ltd-4444679718,2026-08-30T15:33:50+00:00
d15fbd099fb987ff,linkedin,4444247981,Front-End Software Developer,exequt,,"Cairo, Cairo, Egypt",Egypt,unknown,,,,,,,,,2026-07-23,,Software Development,https://eg.linkedin.com/jobs/view/front-end-software-developer-at-exequt-4444247981,2026-08-30T15:33:50+00:00
66ce16b260227442,linkedin,4434141833,Full Stack Developer,Naseej,,"New Cairo, Cairo, Egypt",Egypt,unknown,,,,,,,,,2026-06-29,,Software Development,https://eg.linkedin.com/jobs/view/full-stack-developer-at-naseej-4434141833,2026-08-30T15:33:50+00:00
cd93f877b9441ed0,linkedin,4330137759,Developer with Disability (m/w/d),sonnen Egypt,,"Cairo, Cairo, Egypt",Egypt,unknown,,,,,,,,,2026-08-29,,Software Development,https://eg.linkedin.com/jobs/view/developer-with-disability-m-w-d-at-sonnen-egypt-4330137759,2026-08-30T15:33:50+00:00
d2642b89e7d116e8,linkedin,4461007311,iOS Developer,Hire Feed,,Egypt,Egypt,unknown,,,,,,,,,2026-08-30,,Software Development,https://eg.linkedin.com/jobs/view/ios-developer-at-hire-feed-4461007311,2026-08-30T15:33:50+00:00
49f2730f9aa0d0d7,linkedin,4428817994,Full Stack Software Engineer (Python/TypeScript/Go) - AWS/Azure,SSC HR Solutions,,"Cairo, Cairo, Egypt",Egypt,unknown,,,,,,,,,2026-06-15,,Software Development,https://eg.linkedin.com/jobs/view/full-stack-software-engineer-python-typescript-go-aws-azure-at-ssc-hr-solutions-4428817994,2026-08-30T15:33:50+00:00
2174db8b5f14a515,linkedin,4451331780,Software Engineer Lead,geidea,,"Cairo, Egypt",Egypt,unknown,,,,,,,,,2026-08-09,,Software Development,https://eg.linkedin.com/jobs/view/software-engineer-lead-at-geidea-4451331780,2026-08-30T15:33:56+00:00
995af806514524a9,linkedin,4448313818,PHP Backend Developer,PentaValue,,"Cairo, Cairo, Egypt",Egypt,unknown,,,,,,,,,2026-08-03,,Software Development,https://eg.linkedin.com/jobs/view/php-backend-developer-at-pentavalue-4448313818,2026-08-30T15:33:56+00:00
8e4168e8bfdfeaae,linkedin,4433092831,.Net DeveloperCairo,VAES.ai,,"Cairo, Cairo, Egypt",Egypt,unknown,,,,,,,,,2026-06-25,,Software Development,https://eg.linkedin.com/jobs/view/net-developercairo-at-vaes-ai-4433092831,2026-08-30T15:33:56+00:00
f919cc7dcb4c0542,linkedin,4458839931,Java Backend Developer,QNBeyond Plus,,"Cairo, Egypt",Egypt,unknown,,,,,,,,,2026-08-30,,Software Development,https://eg.linkedin.com/jobs/view/java-backend-developer-at-qnbeyond-plus-4458839931,2026-08-30T15:33:56+00:00
e63165154bd5bd4d,linkedin,4437891777,Java Developer,egabi Solutions,,"Qesm Heliopolis, Cairo, Egypt",Egypt,unknown,,,,,,,,,2026-07-07,,Software Development,https://eg.linkedin.com/jobs/view/java-developer-at-egabi-solutions-4437891777,2026-08-30T15:33:56+00:00
3061b151dc9158f8,linkedin,4403986646,Senior Software Engineer,Orange Business,,"Cairo, Cairo, Egypt",Egypt,unknown,,,,,,,,,2026-04-21,,Software Development,https://eg.linkedin.com/jobs/view/senior-software-engineer-at-orange-business-4403986646,2026-08-30T15:33:56+00:00
c8ea573d84375f55,linkedin,4450952686,SAP ABAP Developer,AIQU,,"Cairo, Egypt",Egypt,unknown,,,,,,,,,2026-08-09,,Software Development,https://eg.linkedin.com/jobs/view/sap-abap-developer-at-aiqu-4450952686,2026-08-30T15:33:56+00:00
0f27c90ba708bcf1,linkedin,4452360609,IVI Audio Software Engineer,Brightskies,,"Cairo, Egypt",Egypt,unknown,,,,,,,,,2026-08-12,,Software Development,https://eg.linkedin.com/jobs/view/ivi-audio-software-engineer-at-brightskies-4452360609,2026-08-30T15:33:56+00:00
5e98477362d5c88a,linkedin,4380395186,Front End Engineer,NoGood,,Egypt,Egypt,unknown,,,,,,,,,2026-03-03,,Other Tech,https://eg.linkedin.com/jobs/view/front-end-engineer-at-nogood-4380395186,2026-08-30T15:33:56+00:00
d5e32a6bc4f3593e,linkedin,4448583838,Senior Backend Developer,NowPay,,"Cairo, Cairo, Egypt",Egypt,unknown,,,,,,,,,2026-08-05,,Software Development,https://eg.linkedin.com/jobs/view/senior-backend-developer-at-nowpay-4448583838,2026-08-30T15:33:56+00:00
bca975f0257ddfd7,linkedin,4455680403,Mean Stack Developer,Contellect Technologies Inc.,,"Cairo, Cairo, Egypt",Egypt,unknown,,,,,,,,,2026-08-12,,Software Development,https://eg.linkedin.com/jobs/view/mean-stack-developer-at-contellect-technologies-inc-4455680403,2026-08-30T15:34:04+00:00
1a7305ba621fbd1d,linkedin,2148454202,Senior Software Engineer,Loynova,,"Giza, Al Jizah, Egypt",Egypt,unknown,,,,,,,,,2026-08-25,,Software Development,https://eg.linkedin.com/jobs/view/senior-software-engineer-at-loynova-2148454202,2026-08-30T15:34:04+00:00
5866e9c4ea325e0e,linkedin,4448571805,Senior Full-Stack Developer,Workora,,"Cairo, Cairo, Egypt",Egypt,unknown,,,,,,,,,2026-08-04,,Software Development,https://eg.linkedin.com/jobs/view/senior-full-stack-developer-at-workora-4448571805,2026-08-30T15:34:04+00:00
08e267c4431cfe8b,linkedin,4458190185,Junior Java Developer,Elsewedy Telecom Cables,,"10th of Ramadan, Sharkia, Egypt",Egypt,unknown,,,,,,,,,2026-08-24,,Software Development,https://eg.linkedin.com/jobs/view/junior-java-developer-at-elsewedy-telecom-cables-4458190185,2026-08-30T15:34:04+00:00
c247e13d28744adf,linkedin,4436886553,Full Stack Developer (.Net),Raya CX,,"Cairo, Cairo, Egypt",Egypt,unknown,,,,,,,,,2026-07-08,,Software Development,https://eg.linkedin.com/jobs/view/full-stack-developer-net-at-raya-cx-4436886553,2026-08-30T15:34:04+00:00
c74c7be00a488675,linkedin,4453258872,Microsoft Dynamics CRM Technical Developer,Accenture,,"Cairo, Cairo, Egypt",Egypt,unknown,,,,,,,,,2026-08-13,,Software Development,https://eg.linkedin.com/jobs/view/microsoft-dynamics-crm-technical-developer-at-accenture-4453258872,2026-08-30T15:34:04+00:00
a740efde9a8f21e8,linkedin,4458024476,Unity Developer,Really Nice Games,,Egypt,Egypt,unknown,,,,,,,,,2026-08-27,,Software Development,https://eg.linkedin.com/jobs/view/unity-developer-at-really-nice-games-4458024476,2026-08-30T15:34:04+00:00
9070d621c178d539,linkedin,4443361159,Agentic AI Engineer,Mondia,,"Cairo, Cairo, Egypt",Egypt,unknown,,,,,,,,,2026-06-26,,Data & AI,https://eg.linkedin.com/jobs/view/agentic-ai-engineer-at-mondia-4443361159,2026-08-30T15:34:04+00:00
69d82ae968a46015,linkedin,4453665679,Senior Full Stack Engineer,mylo,,"Cairo, Cairo, Egypt",Egypt,unknown,,,,,,,,,2026-07-19,,Software Development,https://eg.linkedin.com/jobs/view/senior-full-stack-engineer-at-mylo-4453665679,2026-08-30T15:34:04+00:00
b54f45bb8b7b95e2,linkedin,4442590125,Ai Engineer,Tuba | طوبى,,"Qesm 2nd 6 October, Al Jizah, Egypt",Egypt,unknown,,,,,,,,,2026-07-20,,Data & AI,https://eg.linkedin.com/jobs/view/ai-engineer-at-tuba-%D8%B7%D9%88%D8%A8%D9%89-4442590125,2026-08-30T15:34:04+00:00
a84b57dc882b684c,linkedin,4455734481,Back End Developer,e& Egypt,,"Cairo, Egypt",Egypt,unknown,,,,,,,,,2026-08-18,,Software Development,https://eg.linkedin.com/jobs/view/back-end-developer-at-e-egypt-4455734481,2026-08-30T15:34:11+00:00
5c4fbc709fe705c1,linkedin,4440214043,Data Engineer,Halan - حالا,,"Cairo, Cairo, Egypt",Egypt,unknown,,,,,,,,,2026-07-15,,Data & AI,https://eg.linkedin.com/jobs/view/data-engineer-at-halan-%D8%AD%D8%A7%D9%84%D8%A7-4440214043,2026-08-30T15:34:11+00:00
bb7a3bc12e9a5be2,linkedin,4450486952,Java Application Developer,Arab Financial Services,,"New Cairo, Cairo, Egypt",Egypt,unknown,,,,,,,,,2026-08-13,,Software Development,https://eg.linkedin.com/jobs/view/java-application-developer-at-arab-financial-services-4450486952,2026-08-30T15:34:11+00:00
61e0846e7d1b5ca0,linkedin,4431574122,"Mid-Level AI Engineer/Agentic Systems Developer (On-site) - Cairo, Egypt",Decima International,,"Cairo, Cairo, Egypt",Egypt,onsite,,,,,,,,,2026-06-30,,Software Development,https://eg.linkedin.com/jobs/view/mid-level-ai-engineer-agentic-systems-developer-on-site-cairo-egypt-at-decima-international-4431574122,2026-08-30T15:34:11+00:00
7932e3fe13d11e7f,linkedin,4443357030,Senior Software Developer,Arrow Electronics,,"Cairo, Cairo, Egypt",Egypt,unknown,,,,,,,,,2026-08-11,,Software Development,https://eg.linkedin.com/jobs/view/senior-software-developer-at-arrow-electronics-4443357030,2026-08-30T15:34:11+00:00
9840c1f0084a8721,linkedin,4445994151,Senior Full Stack Developer,IgniteTech,,Egypt,Egypt,unknown,,,,,,,,,2026-08-18,,Software Development,https://eg.linkedin.com/jobs/view/senior-full-stack-developer-at-ignitetech-4445994151,2026-08-30T15:34:11+00:00
9b5bf7b13eb1991c,linkedin,4449286578,Flutter Mobile Engineer,Axis,,"Cairo, Egypt",Egypt,unknown,,,,,,,,,2026-08-09,,Other Tech,https://eg.linkedin.com/jobs/view/flutter-mobile-engineer-at-axis-4449286578,2026-08-30T15:34:11+00:00
afa546f63b2ac9f6,linkedin,4455895502,Senior Full Stack Engineer - APAC/EMEA,Deel,,Egypt,Egypt,unknown,,,,,,,,,2026-08-24,,Software Development,https://eg.linkedin.com/jobs/view/senior-full-stack-engineer-apac-emea-at-deel-4455895502,2026-08-30T15:34:11+00:00
1a9350f8a505fc09,linkedin,4458172444,"Full Stack Developer (React, Next.js, PHP)",Confidential Careers,,"New Cairo, Cairo, Egypt",Egypt,unknown,,,,,,,,,2026-08-24,,Software Development,https://eg.linkedin.com/jobs/view/full-stack-developer-react-next-js-php-at-confidential-careers-4458172444,2026-08-30T15:34:11+00:00
b9130cdfafb7b28c,linkedin,4345976843,AI Engineer,Specialized Seamless Services (SSS),,"Matar, Al Jizah, Egypt",Egypt,unknown,,,,,,,,,2025-12-23,,Data & AI,https://eg.linkedin.com/jobs/view/ai-engineer-at-specialized-seamless-services-sss-4345976843,2026-08-30T15:34:11+00:00
d3bd5a676b5d354a,linkedin,4437480295,"Software Engineer - Integrator, POWER",Valeo,,"Cairo, Cairo, Egypt",Egypt,unknown,,,,,,,,,2026-08-19,,Software Development,https://eg.linkedin.com/jobs/view/software-engineer-integrator-power-at-valeo-4437480295,2026-08-30T15:34:18+00:00
68bf1547b9c141d9,linkedin,4437474727,"Full Stack Engineer, GISACC",Valeo,,"Cairo, Cairo, Egypt",Egypt,unknown,,,,,,,,,2026-08-18,,Software Development,https://eg.linkedin.com/jobs/view/full-stack-engineer-gisacc-at-valeo-4437474727,2026-08-30T15:34:18+00:00
c5aed5a4e32c4917,linkedin,4459155187,AI Developer,Coca-Cola HBC,,"Cairo, Egypt",Egypt,unknown,,,,,,,,,2026-08-26,,Software Development,https://eg.linkedin.com/jobs/view/ai-developer-at-coca-cola-hbc-4459155187,2026-08-30T15:34:18+00:00
8067542696076654,linkedin,4441311803,Full Stack Developer,Siemens,,"Qesm 2nd New Cairo, Cairo, Egypt",Egypt,unknown,,,,,,,,,2026-08-29,,Software Development,https://eg.linkedin.com/jobs/view/full-stack-developer-at-siemens-4441311803,2026-08-30T15:34:18+00:00
7a53525bb3917dbe,linkedin,4437478469,"Software Engineer, POWER",Valeo,,"Cairo, Cairo, Egypt",Egypt,unknown,,,,,,,,,2026-08-19,,Software Development,https://eg.linkedin.com/jobs/view/software-engineer-power-at-valeo-4437478469,2026-08-30T15:34:18+00:00
99262b13dd88b71b,linkedin,4460895645,Python Developer,Hired,,Egypt,Egypt,unknown,,,,,,,,,2026-08-30,,Software Development,https://eg.linkedin.com/jobs/view/python-developer-at-hired-4460895645,2026-08-30T15:34:18+00:00
6ae8c9afa6fc4dd9,linkedin,4429176498,Founding Software Engineer,The Flex,,Egypt,Egypt,unknown,,,,,,,,,2026-06-15,,Software Development,https://eg.linkedin.com/jobs/view/founding-software-engineer-at-the-flex-4429176498,2026-08-30T15:34:18+00:00
5dffea6d737a9dd3,linkedin,4439439161,AI/ML Software Engineer,Siemens EDA (Siemens Digital Industries Software),,"Qesm 2nd New Cairo, Cairo, Egypt",Egypt,unknown,,,,,,,,,2026-08-25,,Software Development,https://eg.linkedin.com/jobs/view/ai-ml-software-engineer-at-siemens-eda-siemens-digital-industries-software-4439439161,2026-08-30T15:34:18+00:00
671ec1945b73f123,linkedin,4461007288,Backend Engineer,Hired,,Egypt,Egypt,unknown,,,,,,,,,2026-08-30,,Software Development,https://eg.linkedin.com/jobs/view/backend-engineer-at-hired-4461007288,2026-08-30T15:34:18+00:00
f913dc0d5c4b6a9e,linkedin,4429158770,Software Engineer,The Flex,,Egypt,Egypt,unknown,,,,,,,,,2026-06-15,,Software Development,https://eg.linkedin.com/jobs/view/software-engineer-at-the-flex-4429158770,2026-08-30T15:34:18+00:00
4d5ebaebf9b1ad9b,linkedin,4419434391,Back-End Developer (.NET),Müller's Solutions,,"Cairo, Cairo, Egypt",Egypt,unknown,,,,,,,,,2026-05-26,,Software Development,https://eg.linkedin.com/jobs/view/back-end-developer-net-at-m%C3%BCller-s-solutions-4419434391,2026-08-30T15:34:25+00:00
a70811736c98190a,linkedin,4458773716,"Staff Software Engineer, iOS",Procore Technologies,,"Cairo, Cairo, Egypt",Egypt,unknown,,,,,,,,,2026-08-25,,Software Development,https://eg.linkedin.com/jobs/view/staff-software-engineer-ios-at-procore-technologies-4458773716,2026-08-30T15:34:25+00:00
11b315e270f53353,linkedin,4456497524,Staff Software Engineer - Traffic,Procore Technologies,,"Cairo, Cairo, Egypt",Egypt,unknown,,,,,,,,,2026-08-20,,Software Development,https://eg.linkedin.com/jobs/view/staff-software-engineer-traffic-at-procore-technologies-4456497524,2026-08-30T15:34:25+00:00
28c4409d39e17764,linkedin,4437127348,"AI Engineer, AI4ALL",Valeo,,"Cairo, Cairo, Egypt",Egypt,unknown,,,,,,,,,2026-08-17,,Data & AI,https://eg.linkedin.com/jobs/view/ai-engineer-ai4all-at-valeo-4437127348,2026-08-30T15:34:25+00:00
db17bdf658e72c68,linkedin,4434480828,Anti-Bot Engineer,SearchApi,,Egypt,Egypt,unknown,,,,,,,,,2026-06-29,,Other Tech,https://eg.linkedin.com/jobs/view/anti-bot-engineer-at-searchapi-4434480828,2026-08-30T15:34:25+00:00
bf9e45f4c0a25390,linkedin,4461005486,Frontend Engineer,Hired,,Egypt,Egypt,unknown,,,,,,,,,2026-08-30,,Software Development,https://eg.linkedin.com/jobs/view/frontend-engineer-at-hired-4461005486,2026-08-30T15:34:25+00:00
2ea114ee93afa256,linkedin,4459737094,Mobile Engineer - Android,MBC GROUP,,"6th of October, Al Jizah, Egypt",Egypt,unknown,,,,,,,,,2026-08-30,,Software Development,https://eg.linkedin.com/jobs/view/mobile-engineer-android-at-mbc-group-4459737094,2026-08-30T15:34:25+00:00
e7f99431bda6d014,linkedin,4461006075,PHP Developer (Remote),Hire Feed,,Egypt,Egypt,remote,Country-only,,,,,,,,2026-08-30,,Software Development,https://eg.linkedin.com/jobs/view/php-developer-remote-at-hire-feed-4461006075,2026-08-30T15:34:25+00:00
7e530f3fd09a6461,linkedin,4447141514,Senior UI Developer - Angular,exequt MENA,,"Amman, Amman, Jordan",Egypt,unknown,,,,,,,,,2026-07-31,,Software Development,https://jo.linkedin.com/jobs/view/senior-ui-developer-angular-at-exequt-mena-4447141514,2026-08-30T15:34:25+00:00
aff0cfa2d82335be,linkedin,4422947870,Senior Software Engineer (Data platforms / Python),Coca-Cola HBC,,"Cairo, Egypt",Egypt,unknown,,,,,,,,,2026-08-17,,Software Development,https://eg.linkedin.com/jobs/view/senior-software-engineer-data-platforms-python-at-coca-cola-hbc-4422947870,2026-08-30T15:34:25+00:00
ae77774ef7ee69e0,linkedin,4148916149,"Python and Kubernetes Software Engineer - Data, AI/ML & Analytics",Canonical,,"Cairo, Cairo, Egypt",Egypt,unknown,,,,,,,,,2025-02-12,,Software Development,https://eg.linkedin.com/jobs/view/python-and-kubernetes-software-engineer-data-ai-ml-analytics-at-canonical-4148916149,2026-08-30T15:34:31+00:00
63fd44d8ef49633e,linkedin,4148910620,"Python and Kubernetes Software Engineer - Data, AI/ML & Analytics",Canonical,,"Cairo, Cairo, Egypt",Egypt,unknown,,,,,,,,,2025-02-12,,Software Development,https://eg.linkedin.com/jobs/view/python-and-kubernetes-software-engineer-data-ai-ml-analytics-at-canonical-4148910620,2026-08-30T15:34:31+00:00
4217295c13793406,linkedin,4438676223,"Deloitte Innovation Hub I Senior Java Backend Developer, Cairo, Egypt",Deloitte,,"Cairo, Cairo, Egypt",Egypt,unknown,,,,,,,,,2026-08-21,,Software Development,https://eg.linkedin.com/jobs/view/deloitte-innovation-hub-i-senior-java-backend-developer-cairo-egypt-at-deloitte-4438676223,2026-08-30T15:34:31+00:00
59497909cbbcf0ef,linkedin,4446063348,React Native Developer,"Business Values Services ""BVS-MEA""",,"Cairo, Cairo, Egypt",Egypt,unknown,,,,,,,,,2026-07-29,,Software Development,https://eg.linkedin.com/jobs/view/react-native-developer-at-business-values-services-bvs-mea-4446063348,2026-08-30T15:34:31+00:00
c5a5ccd0555c2062,linkedin,4438667488,"Deloitte Innovation Hub I Frontend Development Tech Lead, Cairo, Egypt",Deloitte,,"Cairo, Cairo, Egypt",Egypt,unknown,,,,,,,,,2026-08-20,,Software Development,https://eg.linkedin.com/jobs/view/deloitte-innovation-hub-i-frontend-development-tech-lead-cairo-egypt-at-deloitte-4438667488,2026-08-30T15:34:31+00:00
a70a72fb949f8b2e,linkedin,4426339147,Mid-Level Backend Java Engineer - Banking Sector,SSC HR Solutions,,"Cairo, Cairo, Egypt",Egypt,unknown,,,,,,,,,2026-05-15,,Software Development,https://eg.linkedin.com/jobs/view/mid-level-backend-java-engineer-banking-sector-at-ssc-hr-solutions-4426339147,2026-08-30T15:34:31+00:00
7dcc5ebd292c696e,linkedin,4458226201,Senior Software Engineer,Misr Technology Services,,"Cairo, Cairo, Egypt",Egypt,unknown,,,,,,,,,2026-08-24,,Software Development,https://eg.linkedin.com/jobs/view/senior-software-engineer-at-misr-technology-services-4458226201,2026-08-30T15:34:31+00:00
c18a73892a879e69,linkedin,4443772460,Front End Developer (React),SSC HR Solutions,,Egypt,Egypt,unknown,,,,,,,,,2026-07-22,,Software Development,https://eg.linkedin.com/jobs/view/front-end-developer-react-at-ssc-hr-solutions-4443772460,2026-08-30T15:34:31+00:00
c764660bef0f12d8,linkedin,4456170358,Java Backend Developer (Spring Boot) - Banking sector.,SSC HR Solutions,,"Cairo, Cairo, Egypt",Egypt,unknown,,,,,,,,,2026-08-19,,Software Development,https://eg.linkedin.com/jobs/view/java-backend-developer-spring-boot-banking-sector-at-ssc-hr-solutions-4456170358,2026-08-30T15:34:31+00:00
85d1a86596a49969,linkedin,4407119559,Senior Dynamics 365 Developer,Coca-Cola HBC,,"Cairo, Egypt",Egypt,unknown,,,,,,,,,2026-08-30,,Software Development,https://eg.linkedin.com/jobs/view/senior-dynamics-365-developer-at-coca-cola-hbc-4407119559,2026-08-30T15:34:31+00:00
0e8987810bb5f886,linkedin,4284589292,Senior Software Engineer - Digital Workplace,Canonical,,"Cairo, Cairo, Egypt",Egypt,unknown,,,,,,,,,2025-08-14,,Software Development,https://eg.linkedin.com/jobs/view/senior-software-engineer-digital-workplace-at-canonical-4284589292,2026-08-30T15:34:40+00:00
961b3a27e19681fe,linkedin,4458793798,Platform Engineer,Intellias,,"Cairo, Egypt",Egypt,unknown,,,,,,,,,2026-08-25,,Other Tech,https://eg.linkedin.com/jobs/view/platform-engineer-at-intellias-4458793798,2026-08-30T15:34:40+00:00
571c2ab667ee6588,linkedin,4205393694,Sr. Backend Software Developer,egabi Solutions,,"Qesm Heliopolis, Cairo, Egypt",Egypt,unknown,,,,,,,,,2025-04-09,,Software Development,https://eg.linkedin.com/jobs/view/sr-backend-software-developer-at-egabi-solutions-4205393694,2026-08-30T15:34:40+00:00
d03aec04efc86732,linkedin,4383820646,Software Engineering Lead – Conversational Platforms,Unifonic,,"Cairo, Cairo, Egypt",Egypt,unknown,,,,,,,,,2026-03-10,,Software Development,https://eg.linkedin.com/jobs/view/software-engineering-lead-%E2%80%93-conversational-platforms-at-unifonic-4383820646,2026-08-30T15:34:40+00:00
87233eb045f7342d,linkedin,4442749281,"Senior Software Engineer, iOS",Procore Technologies,,"Cairo, Cairo, Egypt",Egypt,unknown,,,,,,,,,2026-08-11,,Software Development,https://eg.linkedin.com/jobs/view/senior-software-engineer-ios-at-procore-technologies-4442749281,2026-08-30T15:34:40+00:00
ef6deb7c254e00df,linkedin,4446615645,Mobile Application Developer,Arab Financial Services,,"New Cairo, Cairo, Egypt",Egypt,unknown,,,,,,,,,2026-08-04,,Software Development,https://eg.linkedin.com/jobs/view/mobile-application-developer-at-arab-financial-services-4446615645,2026-08-30T15:34:40+00:00
68a76b05b2c2de67,linkedin,4425464446,Agentic AI Developer,SSC HR Solutions,,"Cairo, Cairo, Egypt",Egypt,unknown,,,,,,,,,2026-06-08,,Software Development,https://eg.linkedin.com/jobs/view/agentic-ai-developer-at-ssc-hr-solutions-4425464446,2026-08-30T15:34:40+00:00
bc70056cce7f52f4,linkedin,4392420782,Senior Java Software Engineer,eSpace,,"Alexandria, Alexandria, Egypt",Egypt,unknown,,,,,,,,,2026-03-31,,Software Development,https://eg.linkedin.com/jobs/view/senior-java-software-engineer-at-espace-4392420782,2026-08-30T15:34:40+00:00
d6603f5637768513,linkedin,4448133510,SAP Developer ABAP / Fiori (remote),saperience.com,,Egypt,Egypt,remote,Country-only,,,,,,,,2026-08-03,,Software Development,https://eg.linkedin.com/jobs/view/sap-developer-abap-fiori-remote-at-saperience-com-4448133510,2026-08-30T15:34:40+00:00
152506b1f74efd8d,linkedin,4458165648,Senior Full Stack Engineer,SAQAYA,,"Cairo, Egypt",Egypt,unknown,,,,,,,,,2026-08-24,,Software Development,https://eg.linkedin.com/jobs/view/senior-full-stack-engineer-at-saqaya-4458165648,2026-08-30T15:34:40+00:00
51bec2c456d34f32,linkedin,4434613130,Fullstack Engineer- Senior Specialist,Halan - حالا,,"Cairo, Cairo, Egypt",Egypt,unknown,,,,,,,,,2026-07-01,,Software Development,https://eg.linkedin.com/jobs/view/fullstack-engineer-senior-specialist-at-halan-%D8%AD%D8%A7%D9%84%D8%A7-4434613130,2026-08-30T15:34:47+00:00
547f7e25b72ba3b2,linkedin,4441261089,Senior Backend Engineer - Feed Squad,Thndr,,"Cairo, Cairo, Egypt",Egypt,unknown,,,,,,,,,2026-07-15,,Software Development,https://eg.linkedin.com/jobs/view/senior-backend-engineer-feed-squad-at-thndr-4441261089,2026-08-30T15:34:47+00:00
0e6e8eddb57f68ba,linkedin,4450625913,Senior AI Product Engineer,Smeetz,,Egypt,Egypt,unknown,,,,,,,,,2026-08-06,,Data & AI,https://eg.linkedin.com/jobs/view/senior-ai-product-engineer-at-smeetz-4450625913,2026-08-30T15:34:47+00:00
60b35e2e317fe4ea,linkedin,4447475004,Instrumentation Design,Oregon State University Honors College,,"Nag‛ el-Gu‛lab, Aswan, Egypt",Egypt,unknown,,,,,,,,,2026-08-01,,,https://eg.linkedin.com/jobs/view/instrumentation-design-at-oregon-state-university-honors-college-4447475004,2026-08-30T15:34:47+00:00
55820180f389c0c9,linkedin,4449853861,.NET Developer - Fresh,CODE81,,"Cairo, Cairo, Egypt",Egypt,unknown,,,,,,,,,2026-08-11,,Software Development,https://eg.linkedin.com/jobs/view/net-developer-fresh-at-code81-4449853861,2026-08-30T15:34:47+00:00
5999aa2818753e53,linkedin,4426333616,Intermediate Frontend Developer - Banking Sector,SSC HR Solutions,,"Cairo, Cairo, Egypt",Egypt,unknown,,,,,,,,,2026-05-15,,Software Development,https://eg.linkedin.com/jobs/view/intermediate-frontend-developer-banking-sector-at-ssc-hr-solutions-4426333616,2026-08-30T15:34:47+00:00
7c1ec486048bacf5,linkedin,4451341718,DevOps Engineer,Dar,,"Cairo, Egypt",Egypt,unknown,,,,,,,,,2026-08-09,,DevOps & Cloud,https://eg.linkedin.com/jobs/view/devops-engineer-at-dar-4451341718,2026-08-30T15:34:47+00:00
5abf66e05db2e508,linkedin,4455477961,Senior Full Stack Engineer,York Towers,,"Cairo, Cairo, Egypt",Egypt,unknown,,,,,,,,,2026-08-20,,Software Development,https://eg.linkedin.com/jobs/view/senior-full-stack-engineer-at-york-towers-4455477961,2026-08-30T15:34:47+00:00
88d9d140c58c0c83,linkedin,4458704105,Senior FullStack Engineer,Mondia,,"Cairo, Cairo, Egypt",Egypt,unknown,,,,,,,,,2026-08-25,,Software Development,https://eg.linkedin.com/jobs/view/senior-fullstack-engineer-at-mondia-4458704105,2026-08-30T15:34:47+00:00
ad2655b121925abd,linkedin,4433881811,AI-Native Software Engineer - Early Career - Africa,ChainGPT,,Egypt,Egypt,unknown,,,,,,,,,2026-06-26,,Software Development,https://eg.linkedin.com/jobs/view/ai-native-software-engineer-early-career-africa-at-chaingpt-4433881811,2026-08-30T15:34:47+00:00
4298b2eb7b725d75,linkedin,4451670688,Senior Developer Integration Suite,All for One,,"Alexandria, Alexandria, Egypt",Egypt,unknown,,,,,,,,,2026-08-11,,Software Development,https://eg.linkedin.com/jobs/view/senior-developer-integration-suite-at-all-for-one-4451670688,2026-08-30T15:34:56+00:00
83a7fd5a78dbe81e,linkedin,4460520037,Senior AI Engineer,Avenga,,Egypt,Egypt,unknown,,,,,,,,,2026-08-28,,Data & AI,https://eg.linkedin.com/jobs/view/senior-ai-engineer-at-avenga-4460520037,2026-08-30T15:34:56+00:00
64d3ba4a93c2c609,linkedin,4442611580,AI & Automation Specialist,Palm Outsourcing,,Egypt,Egypt,unknown,,,,,,,,,2026-08-17,,Data & AI,https://eg.linkedin.com/jobs/view/ai-automation-specialist-at-palm-outsourcing-4442611580,2026-08-30T15:34:56+00:00
2d03c3744382b678,linkedin,4425468279,Oracle Development Consultant,EVA pharma,,"Cairo, Cairo, Egypt",Egypt,unknown,,,,,,,,,2026-06-08,,,https://eg.linkedin.com/jobs/view/oracle-development-consultant-at-eva-pharma-4425468279,2026-08-30T15:34:56+00:00
423fd4eb6de865c0,linkedin,4445995141,Principal Full Stack Engineer – AI Systems & Engineering Automation,IgniteTech,,Egypt,Egypt,unknown,,,,,,,,,2026-08-18,,Software Development,https://eg.linkedin.com/jobs/view/principal-full-stack-engineer-%E2%80%93-ai-systems-engineering-automation-at-ignitetech-4445995141,2026-08-30T15:34:56+00:00
c78bfb332ea87bbc,linkedin,4368681983,Data Engineer,Bayzat,,"Alexandria, Alexandria, Egypt",Egypt,unknown,,,,,,,,,2026-01-09,,Data & AI,https://eg.linkedin.com/jobs/view/data-engineer-at-bayzat-4368681983,2026-08-30T15:34:56+00:00
ae834b8b01aea0d0,linkedin,4424238950,Senior Fullstack Developer,Naseej,,"New Cairo, Cairo, Egypt",Egypt,unknown,,,,,,,,,2026-06-03,,Software Development,https://eg.linkedin.com/jobs/view/senior-fullstack-developer-at-naseej-4424238950,2026-08-30T15:34:56+00:00
581227f605f398d1,linkedin,4446631213,Senior Web Developer,Arab Financial Services,,"New Cairo, Cairo, Egypt",Egypt,unknown,,,,,,,,,2026-08-04,,Software Development,https://eg.linkedin.com/jobs/view/senior-web-developer-at-arab-financial-services-4446631213,2026-08-30T15:34:56+00:00
ad610eed522eaadf,linkedin,4446330752,PwC - Full stack developer (AI and Data) - Senior Associate - Egypt,PwC Middle East,,"Cairo, Cairo, Egypt",Egypt,unknown,,,,,,,,,2026-07-28,,Software Development,https://eg.linkedin.com/jobs/view/pwc-full-stack-developer-ai-and-data-senior-associate-egypt-at-pwc-middle-east-4446330752,2026-08-30T15:34:56+00:00
361ac1c95ff8fc94,linkedin,4447886765,Python Engineer – Evaluator Library,Intellias,,"Cairo, Egypt",Egypt,unknown,,,,,,,,,2026-08-02,,Other Tech,https://eg.linkedin.com/jobs/view/python-engineer-%E2%80%93-evaluator-library-at-intellias-4447886765,2026-08-30T15:34:56+00:00
be84306c9c04519e,linkedin,4411328916,Senior Consultant - AI Software Engineer- AI Hub - Cairo,EY,,"Cairo, Cairo, Egypt",Egypt,unknown,,,,,,,,,2026-08-23,,Software Development,https://eg.linkedin.com/jobs/view/senior-consultant-ai-software-engineer-ai-hub-cairo-at-ey-4411328916,2026-08-30T15:35:03+00:00
25c8b71210f87f98,linkedin,4452367663,Data Engineer,MBC GROUP,,"6th of October, Al Jizah, Egypt",Egypt,unknown,,,,,,,,,2026-08-12,,Data & AI,https://eg.linkedin.com/jobs/view/data-engineer-at-mbc-group-4452367663,2026-08-30T15:35:03+00:00
98525456dac5d4f9,linkedin,4457385572,Kotlin Back-End Developer,Reference Agency,,"Cairo, Egypt",Egypt,unknown,,,,,,,,,2026-08-21,,Software Development,https://eg.linkedin.com/jobs/view/kotlin-back-end-developer-at-reference-agency-4457385572,2026-08-30T15:35:03+00:00
16dfa214bd404726,linkedin,4445435397,Applied AI Engineer (AI-First / Vibe Coding),Future Group Language Solutions,,"Cairo, Cairo, Egypt",Egypt,unknown,,,,,,,,,2026-07-28,,Data & AI,https://eg.linkedin.com/jobs/view/applied-ai-engineer-ai-first-vibe-coding-at-future-group-language-solutions-4445435397,2026-08-30T15:35:03+00:00
d7c06d2e653e3e97,linkedin,4450026563,IoT Solutions Engineer,TeleTech,,"Cairo, Cairo, Egypt",Egypt,unknown,,,,,,,,,2026-08-07,,Other Tech,https://eg.linkedin.com/jobs/view/iot-solutions-engineer-at-teletech-4450026563,2026-08-30T15:35:03+00:00
2352ae290ccecf1d,linkedin,4434491381,Proxy Network Engineer,SearchApi,,Egypt,Egypt,unknown,,,,,,,,,2026-06-29,,IT Support & Networking,https://eg.linkedin.com/jobs/view/proxy-network-engineer-at-searchapi-4434491381,2026-08-30T15:35:03+00:00
b2e98566ca7e5f9e,linkedin,4461013082,Technical Lead (Remote),Quik Hire Staffing,,Egypt,Egypt,remote,Country-only,,,,,,,,2026-08-30,,Other Tech,https://eg.linkedin.com/jobs/view/technical-lead-remote-at-quik-hire-staffing-4461013082,2026-08-30T15:35:03+00:00
49f9c2010816777f,linkedin,4446622469,Junior AI / Agentic Engineer (Full-Stack + Automation),HexaFlow,,Egypt,Egypt,unknown,,,,,,,,,2026-08-04,,Data & AI,https://eg.linkedin.com/jobs/view/junior-ai-agentic-engineer-full-stack-%2B-automation-at-hexaflow-4446622469,2026-08-30T15:35:03+00:00
675edd1bbc36065d,linkedin,4452704280,ServiceNow Developer,All for One Egypt,,"Cairo, Egypt",Egypt,unknown,,,,,,,,,2026-08-12,,Software Development,https://eg.linkedin.com/jobs/view/servicenow-developer-at-all-for-one-egypt-4452704280,2026-08-30T15:35:03+00:00
d484ebe80b639847,linkedin,4047056940,Mobile iOS Engineer (Mobility),Yassir,,"Cairo, Cairo, Egypt",Egypt,unknown,,,,,,,,,2024-10-09,,Software Development,https://eg.linkedin.com/jobs/view/mobile-ios-engineer-mobility-at-yassir-4047056940,2026-08-30T15:35:03+00:00
b2cae565f589cd65,linkedin,4422673552,Azure Data Engineer,Coca-Cola HBC,,"Cairo, Egypt",Egypt,unknown,,,,,,,,,2026-08-17,,Data & AI,https://eg.linkedin.com/jobs/view/azure-data-engineer-at-coca-cola-hbc-4422673552,2026-08-30T15:35:11+00:00
0be20455d9d05c6e,linkedin,4428848235,Lead Software Engineer - Java Full Stack,"Integrant, Inc.",,"Cairo, Cairo, Egypt",Egypt,unknown,,,,,,,,,2026-05-21,,Software Development,https://eg.linkedin.com/jobs/view/lead-software-engineer-java-full-stack-at-integrant-inc-4428848235,2026-08-30T15:35:11+00:00
dce84632bacc6be9,linkedin,4431685365,Backend Java Staff Engineer,SSC HR Solutions,,"Cairo, Cairo, Egypt",Egypt,unknown,,,,,,,,,2026-05-28,,Software Development,https://eg.linkedin.com/jobs/view/backend-java-staff-engineer-at-ssc-hr-solutions-4431685365,2026-08-30T15:35:11+00:00
70ecc0abadb8d519,linkedin,4435341357,Semi Senior React Developer - Remote Work | REF#296501,BairesDev,,"Cairo, Cairo, Egypt",Egypt,remote,Country-only,,,,,,,,2026-07-21,,Software Development,https://eg.linkedin.com/jobs/view/semi-senior-react-developer-remote-work-ref%23296501-at-bairesdev-4435341357,2026-08-30T15:35:11+00:00
7489a8842389ec11,linkedin,4444275832,Senior Engineer – Knowledge Graph & Context,Coca-Cola HBC,,"Cairo, Egypt",Egypt,unknown,,,,,,,,,2026-08-20,,Other Tech,https://eg.linkedin.com/jobs/view/senior-engineer-%E2%80%93-knowledge-graph-context-at-coca-cola-hbc-4444275832,2026-08-30T15:35:11+00:00
bb5c9ecbf7051f71,linkedin,4460392342,"Senior Back-End Engineer (Node j.s) ""Super App""",Yassir,,"Alexandria, Alexandria, Egypt",Egypt,unknown,,,,,,,,,2026-08-28,,Other Tech,https://eg.linkedin.com/jobs/view/senior-back-end-engineer-node-j-s-super-app-at-yassir-4460392342,2026-08-30T15:35:11+00:00
0bd6310f65231401,linkedin,4435334798,Senior Fullstack Python Developer - Remote Work | REF#296629,BairesDev,,Egypt,Egypt,remote,Country-only,,,,,,,,2026-07-28,,Software Development,https://eg.linkedin.com/jobs/view/senior-fullstack-python-developer-remote-work-ref%23296629-at-bairesdev-4435334798,2026-08-30T15:35:11+00:00
33d12f6cd71b60a4,linkedin,4284595150,Senior Software Engineer - Digital Workplace,Canonical,,"Cairo, Cairo, Egypt",Egypt,unknown,,,,,,,,,2025-08-14,,Software Development,https://eg.linkedin.com/jobs/view/senior-software-engineer-digital-workplace-at-canonical-4284595150,2026-08-30T15:35:11+00:00
e3560606b7358e72,linkedin,4456715748,Senior .NET Developer,PaxeraHealth,,"6th of October, Al Jizah, Egypt",Egypt,unknown,,,,,,,,,2026-08-20,,Software Development,https://eg.linkedin.com/jobs/view/senior-net-developer-at-paxerahealth-4456715748,2026-08-30T15:35:11+00:00
c1576c7c82468a2f,linkedin,4288462516,Mobile iOS Engineer (Mobility),Yassir,,"Cairo, Cairo, Egypt",Egypt,unknown,,,,,,,,,2025-08-19,,Software Development,https://eg.linkedin.com/jobs/view/mobile-ios-engineer-mobility-at-yassir-4288462516,2026-08-30T15:35:11+00:00
f4d35a5a34e5feef,linkedin,4455867886,Data Analyst,dubizzle Egypt,,"New Cairo, Cairo, Egypt",Egypt,unknown,,,,,,,,,2026-08-24,,Data & AI,https://eg.linkedin.com/jobs/view/data-analyst-at-dubizzle-egypt-4455867886,2026-08-30T15:35:19+00:00
ea46e161242b90a4,linkedin,4457268076,Data Analyst (VOIS),VOIS,,"Giza, Al Jizah, Egypt",Egypt,unknown,,,,,,,,,2026-08-26,,Data & AI,https://eg.linkedin.com/jobs/view/data-analyst-vois-at-vois-4457268076,2026-08-30T15:35:19+00:00
ed601cd67869d2cb,linkedin,4452837469,Data Engineer Associate,PepsiCo,,"New Cairo, Cairo, Egypt",Egypt,unknown,,,,,,,,,2026-08-18,,Data & AI,https://eg.linkedin.com/jobs/view/data-engineer-associate-at-pepsico-4452837469,2026-08-30T15:35:19+00:00
80ddd9be4b82ca8a,linkedin,4454735269,Data Analyst,Halan - حالا,,"Giza, Al Jizah, Egypt",Egypt,unknown,,,,,,,,,2026-08-18,,Data & AI,https://eg.linkedin.com/jobs/view/data-analyst-at-halan-%D8%AD%D8%A7%D9%84%D8%A7-4454735269,2026-08-30T15:35:19+00:00
f5989140867205fa,linkedin,4459347371,"Data Analyst, AMET Central Data Analytics team",Amazon,,"Cairo, Cairo, Egypt",Egypt,unknown,,,,,,,,,2026-08-26,,Data & AI,https://eg.linkedin.com/jobs/view/data-analyst-amet-central-data-analytics-team-at-amazon-4459347371,2026-08-30T15:35:19+00:00
74849b7d8e3f5f42,linkedin,4430941391,Data Analyst,b_labs,,"Cairo, Cairo, Egypt",Egypt,unknown,,,,,,,,,2026-05-25,,Data & AI,https://eg.linkedin.com/jobs/view/data-analyst-at-b-labs-4430941391,2026-08-30T15:35:19+00:00
efbf2875c1dd7eeb,linkedin,4145128935,Sustainability Data Analyst,Henkel,,"Cairo, Cairo, Egypt",Egypt,unknown,,,,,,,,,2026-02-11,,Data & AI,https://eg.linkedin.com/jobs/view/sustainability-data-analyst-at-henkel-4145128935,2026-08-30T15:35:19+00:00
ccb41dd561417cf6,linkedin,4440393391,Data Analytics Engineer (Evening Shift),Henkel,,"Cairo, Cairo, Egypt",Egypt,unknown,,,,,,,,,2026-08-25,,Other Tech,https://eg.linkedin.com/jobs/view/data-analytics-engineer-evening-shift-at-henkel-4440393391,2026-08-30T15:35:19+00:00
8f358ef2ca260098,linkedin,4460895203,Data Analyst (Remote),Hire Feed,,Egypt,Egypt,remote,Country-only,,,,,,,,2026-08-30,,Data & AI,https://eg.linkedin.com/jobs/view/data-analyst-remote-at-hire-feed-4460895203,2026-08-30T15:35:19+00:00
cf43166d259a0377,linkedin,4444114731,Data Analyst,Nawy,,"Qesm El Maadi, Cairo, Egypt",Egypt,unknown,,,,,,,,,2026-07-29,,Data & AI,https://eg.linkedin.com/jobs/view/data-analyst-at-nawy-4444114731,2026-08-30T15:35:19+00:00
c3559ad1d4fdce87,linkedin,4365876293,MIS Analyst,IntouchCX,,"Cairo, Cairo, Egypt",Egypt,unknown,,,,,,,,,2026-01-26,,,https://eg.linkedin.com/jobs/view/mis-analyst-at-intouchcx-4365876293,2026-08-30T15:35:27+00:00
7d49397365531d20,linkedin,4432420888,Speech Analyst,Foundever,,"Cairo, Cairo, Egypt",Egypt,unknown,,,,,,,,,2026-06-23,,,https://eg.linkedin.com/jobs/view/speech-analyst-at-foundever-4432420888,2026-08-30T15:35:27+00:00
c86bb1ff6cbdf49b,linkedin,4458734258,Senior Data Analyst,Homzmart,,"Cairo, Cairo, Egypt",Egypt,unknown,,,,,,,,,2026-08-25,,Data & AI,https://eg.linkedin.com/jobs/view/senior-data-analyst-at-homzmart-4458734258,2026-08-30T15:35:27+00:00
c5dfef1e78de9901,linkedin,4436992441,Senior Data Analyst,Klivvr,,"Cairo, Cairo, Egypt",Egypt,unknown,,,,,,,,,2026-07-05,,Data & AI,https://eg.linkedin.com/jobs/view/senior-data-analyst-at-klivvr-4436992441,2026-08-30T15:35:27+00:00
15ad0c7ac89ac5ce,linkedin,4381248985,Data Analytics Lead,Axis,,"Cairo, Cairo, Egypt",Egypt,unknown,,,,,,,,,2026-03-08,,Other Tech,https://eg.linkedin.com/jobs/view/data-analytics-lead-at-axis-4381248985,2026-08-30T15:35:27+00:00
cd9cb08cc09924a1,linkedin,4442761861,Mid/Senior Data Analyst - Marketing,Yassir,,"Cairo, Cairo, Egypt",Egypt,unknown,,,,,,,,,2026-07-20,,Data & AI,https://eg.linkedin.com/jobs/view/mid-senior-data-analyst-marketing-at-yassir-4442761861,2026-08-30T15:35:27+00:00
29cc0f68aec2b0f7,linkedin,4449971689,Sr. Data Analyst,Coptic Orphans,,"Cairo, Cairo, Egypt",Egypt,unknown,,,,,,,,,2026-08-05,,Data & AI,https://eg.linkedin.com/jobs/view/sr-data-analyst-at-coptic-orphans-4449971689,2026-08-30T15:35:27+00:00
e0056149710e6b7c,linkedin,4401738371,Power BI Consultant,Müller's Solutions,,"Cairo, Cairo, Egypt",Egypt,unknown,,,,,,,,,2026-04-14,,,https://eg.linkedin.com/jobs/view/power-bi-consultant-at-m%C3%BCller-s-solutions-4401738371,2026-08-30T15:35:27+00:00
a0e4afa4dc3ab27d,linkedin,4434286369,Senior Data Analytics Specialist,PetroApp | بتروآب,,Egypt,Egypt,unknown,,,,,,,,,2026-06-28,,Other Tech,https://eg.linkedin.com/jobs/view/senior-data-analytics-specialist-at-petroapp-%D8%A8%D8%AA%D8%B1%D9%88%D8%A2%D8%A8-4434286369,2026-08-30T15:35:27+00:00
66b0d5b7b5f0e7a8,linkedin,4435806635,Master Data Management (MDM) Analyst,Limitless Naturals,,"Giza, Al Jizah, Egypt",Egypt,unknown,,,,,,,,,2026-07-01,,Other Tech,https://eg.linkedin.com/jobs/view/master-data-management-mdm-analyst-at-limitless-naturals-4435806635,2026-08-30T15:35:27+00:00
027141e55d95ce0f,linkedin,4459190275,Business Reporting Analyst,MedNet Egypt L.L.C,,"Cairo, Egypt",Egypt,unknown,,,,,,,,,2026-08-26,,,https://eg.linkedin.com/jobs/view/business-reporting-analyst-at-mednet-egypt-l-l-c-4459190275,2026-08-30T15:35:34+00:00
da6eb2dcdb3e1415,linkedin,4453117072,Senior Product Analyst - Analytics & Insights,Lucidya | لوسيديا,,Egypt,Egypt,unknown,,,,,,,,,2026-08-12,,,https://eg.linkedin.com/jobs/view/senior-product-analyst-analytics-insights-at-lucidya-%D9%84%D9%88%D8%B3%D9%8A%D8%AF%D9%8A%D8%A7-4453117072,2026-08-30T15:35:34+00:00
9459a3d601377ead,linkedin,4443009406,LDP Planning Analyst,Ecolab,,"Cairo, Cairo, Egypt",Egypt,unknown,,,,,,,,,2026-08-11,,,https://eg.linkedin.com/jobs/view/ldp-planning-analyst-at-ecolab-4443009406,2026-08-30T15:35:34+00:00
e05a7f3041f6a359,linkedin,4455598676,Operations Planning Analyst,Bosta,,"Cairo, Cairo, Egypt",Egypt,unknown,,,,,,,,,2026-08-18,,,https://eg.linkedin.com/jobs/view/operations-planning-analyst-at-bosta-4455598676,2026-08-30T15:35:34+00:00
fb8d9c3223e64b69,linkedin,4397721339,Data Scientist II,EVA pharma,,"Cairo, Cairo, Egypt",Egypt,unknown,,,,,,,,,2026-04-05,,Data & AI,https://eg.linkedin.com/jobs/view/data-scientist-ii-at-eva-pharma-4397721339,2026-08-30T15:35:34+00:00
d48289041bc4587a,linkedin,4409667492,Junior Data Scientist,LSEG,,"Cairo, Cairo, Egypt",Egypt,unknown,,,,,,,,,2026-08-24,,Data & AI,https://eg.linkedin.com/jobs/view/junior-data-scientist-at-lseg-4409667492,2026-08-30T15:35:34+00:00
dd3ea7556b30ee71,linkedin,4457461689,Sr. MIS Associate - English,Tech Mahindra,,"Cairo, Egypt",Egypt,unknown,,,,,,,,,2026-08-25,,,https://eg.linkedin.com/jobs/view/sr-mis-associate-english-at-tech-mahindra-4457461689,2026-08-30T15:35:34+00:00
e599d9ade0191ac6,linkedin,4440946773,Senior MIS Analyst.CXC - RBG - Direct Banking Centre,Mashreq,,Egypt,Egypt,unknown,,,,,,,,,2026-08-26,,,https://eg.linkedin.com/jobs/view/senior-mis-analyst-cxc-rbg-direct-banking-centre-at-mashreq-4440946773,2026-08-30T15:35:34+00:00
d084b1205a2bb561,linkedin,4454302195,"Expert en analyse données, perception & tests de messages",NTU International A/S,,"Cairo, Egypt",Egypt,unknown,,,,,,,,,2026-08-13,,,https://eg.linkedin.com/jobs/view/expert-en-analyse-donn%C3%A9es-perception-tests-de-messages-at-ntu-international-a-s-4454302195,2026-08-30T15:35:41+00:00
b9ee1de887070505,linkedin,4439622553,Business Planning & Reporting Supervisor,Beymen Group,,"Cairo, Egypt",Egypt,unknown,,,,,,,,,2026-08-16,,,https://eg.linkedin.com/jobs/view/business-planning-reporting-supervisor-at-beymen-group-4439622553,2026-08-30T15:35:41+00:00
2d7ab302ced2da33,linkedin,4445604921,"Deloitte Innovation Hub I Senior Data & Analytics Engineer, Cairo, Egypt",Deloitte,,"Cairo, Cairo, Egypt",Egypt,unknown,,,,,,,,,2026-08-17,,Other Tech,https://eg.linkedin.com/jobs/view/deloitte-innovation-hub-i-senior-data-analytics-engineer-cairo-egypt-at-deloitte-4445604921,2026-08-30T15:35:41+00:00
c078638e712c32e8,linkedin,4452457440,Data Scientist II,Klivvr,,"Cairo, Cairo, Egypt",Egypt,unknown,,,,,,,,,2026-07-17,,Data & AI,https://eg.linkedin.com/jobs/view/data-scientist-ii-at-klivvr-4452457440,2026-08-30T15:35:41+00:00
411e6568e18ed56d,linkedin,4455263156,Senior / Staff Data Engineer (BI) – CEG Team,Agoda,,"Giza, Al Jizah, Egypt",Egypt,unknown,,,,,,,,,2026-08-17,,Data & AI,https://eg.linkedin.com/jobs/view/senior-staff-data-engineer-bi-%E2%80%93-ceg-team-at-agoda-4455263156,2026-08-30T15:35:41+00:00
35341f18d59981d8,linkedin,4410981833,"Senior Business Analyst, Revenue & Operations",dopay,,"Cairo, Cairo, Egypt",Egypt,unknown,,,,,,,,,2026-05-06,,Other Tech,https://eg.linkedin.com/jobs/view/senior-business-analyst-revenue-operations-at-dopay-4410981833,2026-08-30T15:35:41+00:00
b83e74fd92c07aa7,linkedin,4458738364,Senior BI Product Specialist,Savills Middle East,,"Giza, Cairo, Egypt",Egypt,unknown,,,,,,,,,2026-08-25,,,https://eg.linkedin.com/jobs/view/senior-bi-product-specialist-at-savills-middle-east-4458738364,2026-08-30T15:35:41+00:00
359900a49d3f12c0,linkedin,4461006352,Business Analyst (Remote),Hired,,Egypt,Egypt,remote,Country-only,,,,,,,,2026-08-30,,Other Tech,https://eg.linkedin.com/jobs/view/business-analyst-remote-at-hired-4461006352,2026-08-30T15:35:41+00:00
5d8fc13ff2f4ed1b,linkedin,4456167318,Pricing Supervisor - SEVEN,Beltone,,"Cairo, Egypt",Egypt,unknown,,,,,,,,,2026-08-19,,,https://eg.linkedin.com/jobs/view/pricing-supervisor-seven-at-beltone-4456167318,2026-08-30T15:35:41+00:00
f7cb6d1bf85f139f,linkedin,4446811564,Sr. Client Delivery Analyst,Worldpanel,,"Qesm El Mataria, Cairo, Egypt",Egypt,unknown,,,,,,,,,2026-08-19,,,https://eg.linkedin.com/jobs/view/sr-client-delivery-analyst-at-worldpanel-4446811564,2026-08-30T15:35:48+00:00
a0f5d9cb716e6026,linkedin,4458158582,Consultant in Credit Digitalization,Prometeia,,"Cairo, Cairo, Egypt",Egypt,unknown,,,,,,,,,2026-08-24,,,https://eg.linkedin.com/jobs/view/consultant-in-credit-digitalization-at-prometeia-4458158582,2026-08-30T15:35:48+00:00
e0458962520675ce,linkedin,4456166978,AI-First Social Media Analyst,Storm Ideas,,Egypt,Egypt,unknown,,,,,,,,,2026-08-19,,,https://eg.linkedin.com/jobs/view/ai-first-social-media-analyst-at-storm-ideas-4456166978,2026-08-30T15:35:48+00:00
39e18c2159627414,linkedin,4118157355,Data Engineer (m/f/d),sonnen Egypt,,"Cairo, Cairo, Egypt",Egypt,unknown,,,,,,,,,2026-08-28,,Data & AI,https://eg.linkedin.com/jobs/view/data-engineer-m-f-d-at-sonnen-egypt-4118157355,2026-08-30T15:35:48+00:00
d3f5e8efda97327a,linkedin,4438222553,Senior Data Engineer,PetroApp | بتروآب,,Egypt,Egypt,unknown,,,,,,,,,2026-07-08,,Data & AI,https://eg.linkedin.com/jobs/view/senior-data-engineer-at-petroapp-%D8%A8%D8%AA%D8%B1%D9%88%D8%A2%D8%A8-4438222553,2026-08-30T15:35:48+00:00
fda250a1c3158e84,linkedin,4431616510,Biostatistician I,CTI Clinical Trial and Consulting Services,,"New Cairo, Cairo, Egypt",Egypt,unknown,,,,,,,,,2026-06-22,,Software Development,https://eg.linkedin.com/jobs/view/biostatistician-i-at-cti-clinical-trial-and-consulting-services-4431616510,2026-08-30T15:35:48+00:00
3cbc2172a8665627,linkedin,4434617650,Data Delivery Executive,Worldpanel,,Egypt,Egypt,unknown,,,,,,,,,2026-08-13,,Other Tech,https://eg.linkedin.com/jobs/view/data-delivery-executive-at-worldpanel-4434617650,2026-08-30T15:35:48+00:00
2af256a3dc7a4f82,linkedin,4437062817,Costing Analyst,Kraft Heinz,,"Qesm 2nd 6 October, Al Jizah, Egypt",Egypt,unknown,,,,,,,,,2026-08-20,,,https://eg.linkedin.com/jobs/view/costing-analyst-at-kraft-heinz-4437062817,2026-08-30T15:35:48+00:00
39be077db64ec8de,linkedin,4458580768,Data Team Lead,Mobily Infotech,,"New Cairo, Cairo, Egypt",Egypt,unknown,,,,,,,,,2026-08-25,,Other Tech,https://eg.linkedin.com/jobs/view/data-team-lead-at-mobily-infotech-4458580768,2026-08-30T15:35:48+00:00
ac2b12bcafffcf79,linkedin,4454007239,Business Planning and Market Development Analyst,Network International,,Egypt,Egypt,unknown,,,,,,,,,2026-08-13,,,https://eg.linkedin.com/jobs/view/business-planning-and-market-development-analyst-at-network-international-4454007239,2026-08-30T15:35:48+00:00
8e6ccbf18e4efcb6,linkedin,4449636670,AI Developer,Coca-Cola HBC,,"Cairo, Egypt",Egypt,unknown,,,,,,,,,2026-08-05,,Software Development,https://eg.linkedin.com/jobs/view/ai-developer-at-coca-cola-hbc-4449636670,2026-08-30T15:35:55+00:00
e9eec4a7bbff08d8,linkedin,4438588521,Business Intelligence Analyst - Commercial (Oil & Gas / Industrial),SSC HR Solutions,,"Cairo, Cairo, Egypt",Egypt,unknown,,,,,,,,,2026-07-09,,Data & AI,https://eg.linkedin.com/jobs/view/business-intelligence-analyst-commercial-oil-gas-industrial-at-ssc-hr-solutions-4438588521,2026-08-30T15:35:55+00:00
80b53a276d86a41f,linkedin,4451533119,Workforce Analyst,TP,,"Qesm El Maadi, Cairo, Egypt",Egypt,unknown,,,,,,,,,2026-08-10,,,https://eg.linkedin.com/jobs/view/workforce-analyst-at-tp-4451533119,2026-08-30T15:35:55+00:00
f18f7e036132c501,linkedin,4457250143,SC Planning Reporting Sr Analyst,PepsiCo,,"New Cairo, Cairo, Egypt",Egypt,unknown,,,,,,,,,2026-08-26,,,https://eg.linkedin.com/jobs/view/sc-planning-reporting-sr-analyst-at-pepsico-4457250143,2026-08-30T15:35:55+00:00
178d97a0c226e8a4,linkedin,4439713927,Business Intelligence Developer II,TP,,"Qesm El Maadi, Cairo, Egypt",Egypt,unknown,,,,,,,,,2026-08-10,,Software Development,https://eg.linkedin.com/jobs/view/business-intelligence-developer-ii-at-tp-4439713927,2026-08-30T15:35:55+00:00
e28e7c212a7e6742,linkedin,4381193046,Data Scientist (Pricing),Yassir,,"Alexandria, Alexandria, Egypt",Egypt,unknown,,,,,,,,,2026-03-05,,Data & AI,https://eg.linkedin.com/jobs/view/data-scientist-pricing-at-yassir-4381193046,2026-08-30T15:35:55+00:00
cf70d8c85878f195,linkedin,4449626840,Workforce Management Analyst,TP,,"Qesm El Maadi, Cairo, Egypt",Egypt,unknown,,,,,,,,,2026-08-05,,,https://eg.linkedin.com/jobs/view/workforce-management-analyst-at-tp-4449626840,2026-08-30T15:35:55+00:00
919b9cda62015e9b,linkedin,4438234206,Product Analyst - CEP,Coca-Cola HBC,,"New Cairo, Cairo, Egypt",Egypt,unknown,,,,,,,,,2026-07-27,,,https://eg.linkedin.com/jobs/view/product-analyst-cep-at-coca-cola-hbc-4438234206,2026-08-30T15:35:55+00:00
9a034ab2d3b54c29,linkedin,4448158683,Senior Business Intelligence Developer,TP,,"Qesm El Maadi, Cairo, Egypt",Egypt,unknown,,,,,,,,,2026-08-03,,Software Development,https://eg.linkedin.com/jobs/view/senior-business-intelligence-developer-at-tp-4448158683,2026-08-30T15:35:55+00:00
9b714b4796d083c7,linkedin,4452488252,Senior Business Intelligence Developer,TP,,"Qesm El Maadi, Cairo, Egypt",Egypt,unknown,,,,,,,,,2026-08-11,,Software Development,https://eg.linkedin.com/jobs/view/senior-business-intelligence-developer-at-tp-4452488252,2026-08-30T15:35:55+00:00
58f28d40937c02b5,linkedin,4455303603,Pricing Analyst,TP,,"Qesm El Maadi, Cairo, Egypt",Egypt,unknown,,,,,,,,,2026-08-17,,,https://eg.linkedin.com/jobs/view/pricing-analyst-at-tp-4455303603,2026-08-30T15:36:03+00:00
f084a0d6ab4076be,linkedin,4423002055,Analytics Manager,Yassir,,"Cairo, Cairo, Egypt",Egypt,unknown,,,,,,,,,2026-06-03,,,https://eg.linkedin.com/jobs/view/analytics-manager-at-yassir-4423002055,2026-08-30T15:36:03+00:00
c508e43f16bfec33,linkedin,4416379237,Data Engineer,Henkel,,"Cairo, Cairo, Egypt",Egypt,unknown,,,,,,,,,2026-08-14,,Data & AI,https://eg.linkedin.com/jobs/view/data-engineer-at-henkel-4416379237,2026-08-30T15:36:03+00:00
7e4a6aaf4a0544bf,linkedin,4455925519,"ICQA Researcher, AMET ICQA",Amazon,,"Cairo, Cairo, Egypt",Egypt,unknown,,,,,,,,,2026-08-19,,,https://eg.linkedin.com/jobs/view/icqa-researcher-amet-icqa-at-amazon-4455925519,2026-08-30T15:36:03+00:00
ad3a2bfc6e058b89,linkedin,4452462000,Pricing Analyst,TP,,"Qesm El Maadi, Cairo, Egypt",Egypt,unknown,,,,,,,,,2026-08-11,,,https://eg.linkedin.com/jobs/view/pricing-analyst-at-tp-4452462000,2026-08-30T15:36:03+00:00
a69dfe5abc269b48,linkedin,4456726714,Pricing Analyst,TP,,"Qesm El Maadi, Cairo, Egypt",Egypt,unknown,,,,,,,,,2026-08-20,,,https://eg.linkedin.com/jobs/view/pricing-analyst-at-tp-4456726714,2026-08-30T15:36:03+00:00
efe1f6a840ce8112,linkedin,4455268148,Senior / Staff Data Engineer (BI) – CEG Team,Agoda,,"Cairo, Cairo, Egypt",Egypt,unknown,,,,,,,,,2026-08-17,,Data & AI,https://eg.linkedin.com/jobs/view/senior-staff-data-engineer-bi-%E2%80%93-ceg-team-at-agoda-4455268148,2026-08-30T15:36:03+00:00
7e0143f0469143a5,linkedin,4427658647,Mid/Senior - Data Scientist,Yassir,,"Cairo, Cairo, Egypt",Egypt,unknown,,,,,,,,,2026-06-11,,Data & AI,https://eg.linkedin.com/jobs/view/mid-senior-data-scientist-at-yassir-4427658647,2026-08-30T15:36:03+00:00
910c16a830ddd4a8,linkedin,4449601286,Data Engineer,Coca-Cola HBC,,"New Cairo, Cairo, Egypt",Egypt,unknown,,,,,,,,,2026-08-05,,Data & AI,https://eg.linkedin.com/jobs/view/data-engineer-at-coca-cola-hbc-4449601286,2026-08-30T15:36:03+00:00
f39450ccc11bbf56,linkedin,4452460516,Data Engineer,SSC HR Solutions,,"Cairo, Cairo, Egypt",Egypt,unknown,,,,,,,,,2026-08-11,,Data & AI,https://eg.linkedin.com/jobs/view/data-engineer-at-ssc-hr-solutions-4452460516,2026-08-30T15:36:03+00:00
63a79cc5b2889398,linkedin,4453111862,Business Intelligence Developer,TP,,"Qesm El Maadi, Cairo, Egypt",Egypt,unknown,,,,,,,,,2026-08-12,,Software Development,https://eg.linkedin.com/jobs/view/business-intelligence-developer-at-tp-4453111862,2026-08-30T15:36:11+00:00
19bbe42cc9d8c394,linkedin,4408845105,"Senior Business Analyst, Revenue & Operations",dopay,,"Cairo, Cairo, Egypt",Egypt,unknown,,,,,,,,,2026-05-06,,Other Tech,https://eg.linkedin.com/jobs/view/senior-business-analyst-revenue-operations-at-dopay-4408845105,2026-08-30T15:36:11+00:00
b1fd5d202ad8e522,linkedin,4444031449,IT Supervisor,Sheraton Hotels & Resorts,,"Sharm El Sheikh, South Sinai, Egypt",Egypt,unknown,,,,,,,,,2026-07-23,,,https://eg.linkedin.com/jobs/view/it-supervisor-at-sheraton-hotels-resorts-4444031449,2026-08-30T15:36:19+00:00
e88668b684bd8efe,linkedin,4458633184,IT Specialist,Trades App,,"Alexandria, Alexandria, Egypt",Egypt,unknown,,,,,,,,,2026-08-27,,,https://eg.linkedin.com/jobs/view/it-specialist-at-trades-app-4458633184,2026-08-30T15:36:19+00:00
0272b7304a0b95db,linkedin,4444017705,Supervisor-Systems,Sheraton Hotels & Resorts,,"Sharm El Sheikh, South Sinai, Egypt",Egypt,unknown,,,,,,,,,2026-07-23,,,https://eg.linkedin.com/jobs/view/supervisor-systems-at-sheraton-hotels-resorts-4444017705,2026-08-30T15:36:19+00:00
aed1b015fe96e762,linkedin,4449271626,/Careers,SKY FOR TRADING & CONTRACTING,,"Sheikh Zayed City, Cairo, Egypt",Egypt,unknown,,,,,,,,,2026-08-08,,,https://eg.linkedin.com/jobs/view/careers-at-sky-for-trading-contracting-4449271626,2026-08-30T15:36:19+00:00
10b8c54f80d9c082,linkedin,4451550097,IT Specialist,Linah Farms,,"Ad-Duqqi, Al Jizah, Egypt",Egypt,unknown,,,,,,,,,2026-08-10,,,https://eg.linkedin.com/jobs/view/it-specialist-at-linah-farms-4451550097,2026-08-30T15:36:19+00:00
0c916627daf4c4a2,linkedin,4455860945,Information Technology Specialist,LC Waikiki,,"Cairo, Egypt",Egypt,unknown,,,,,,,,,2026-08-24,,Other Tech,https://eg.linkedin.com/jobs/view/information-technology-specialist-at-lc-waikiki-4455860945,2026-08-30T15:36:19+00:00
5166296ceef3fbdc,linkedin,4439689260,IT Manager,2S Homewear,,"Cairo, Cairo, Egypt",Egypt,unknown,,,,,,,,,2026-07-19,,Other Tech,https://eg.linkedin.com/jobs/view/it-manager-at-2s-homewear-4439689260,2026-08-30T15:36:19+00:00
d0f807c703e62a02,linkedin,4453107988,IT Support Specialist,Magnet,,Egypt,Egypt,unknown,,,,,,,,,2026-08-12,,IT Support & Networking,https://eg.linkedin.com/jobs/view/it-support-specialist-at-magnet-4453107988,2026-08-30T15:36:19+00:00
f7dc5ecb0301c274,linkedin,4449003778,Resident Computing Engineer,Interact Technology Solutions,,"Hurghada, Al Bahr al Ahmar, Egypt",Egypt,unknown,,,,,,,,,2026-08-04,,Other Tech,https://eg.linkedin.com/jobs/view/resident-computing-engineer-at-interact-technology-solutions-4449003778,2026-08-30T15:36:19+00:00
5c88d5c7ee40b178,linkedin,4457891510,Senior Systems & Helpdesk Specialist,Manara School,,"Hurghada, Al Bahr al Ahmar, Egypt",Egypt,unknown,,,,,,,,,2026-08-23,,IT Support & Networking,https://eg.linkedin.com/jobs/view/senior-systems-helpdesk-specialist-at-manara-school-4457891510,2026-08-30T15:36:19+00:00
b5c448047a451aa3,linkedin,4452381144,Information Technology Administrator,VCloud,,"New Cairo, Cairo, Egypt",Egypt,unknown,,,,,,,,,2026-08-12,,Other Tech,https://eg.linkedin.com/jobs/view/information-technology-administrator-at-vcloud-4452381144,2026-08-30T15:36:25+00:00
21cd951dd92d91c0,linkedin,4448306862,موظف دعم فني لتكنولوجيا المعلومات,Tolido Egypt,,"Cairo, Cairo, Egypt",Egypt,unknown,,,,,,,,,2026-08-03,,,https://eg.linkedin.com/jobs/view/%D9%85%D9%88%D8%B8%D9%81-%D8%AF%D8%B9%D9%85-%D9%81%D9%86%D9%8A-%D9%84%D8%AA%D9%83%D9%86%D9%88%D9%84%D9%88%D8%AC%D9%8A%D8%A7-%D8%A7%D9%84%D9%85%D8%B9%D9%84%D9%88%D9%85%D8%A7%D8%AA-at-tolido-egypt-4448306862,2026-08-30T15:36:25+00:00
8733d06334febd25,linkedin,4382627197,Data Center Technician - Egypt - Al Minya - On-site,Reboot Monkey,,"El Minya, Al Minya, Egypt",Egypt,onsite,,,,,,,,,2026-03-07,,Other Tech,https://eg.linkedin.com/jobs/view/data-center-technician-egypt-al-minya-on-site-at-reboot-monkey-4382627197,2026-08-30T15:36:25+00:00
d5bf75c1206a3817,linkedin,4454891693,IT Support - Remote,Müller's Solutions,,"Cairo, Cairo, Egypt",Egypt,remote,Country-only,,,,,,,,2026-08-15,,IT Support & Networking,https://eg.linkedin.com/jobs/view/it-support-remote-at-m%C3%BCller-s-solutions-4454891693,2026-08-30T15:36:25+00:00
8c359f732076b141,linkedin,4398514084,IT Manager,Strategic Gears,,"Cairo, Cairo, Egypt",Egypt,unknown,,,,,,,,,2026-04-07,,Other Tech,https://eg.linkedin.com/jobs/view/it-manager-at-strategic-gears-4398514084,2026-08-30T15:36:25+00:00
a5e17a780182637a,linkedin,4382612726,Data Center Technician - Egypt - Giza - On-site,Reboot Monkey,,"Giza, Cairo, Egypt",Egypt,onsite,,,,,,,,,2026-03-07,,Other Tech,https://eg.linkedin.com/jobs/view/data-center-technician-egypt-giza-on-site-at-reboot-monkey-4382612726,2026-08-30T15:36:25+00:00
b49061db3905ffa7,linkedin,4413953496,Cloud and Systems Administrator,AMICO Group,,"Ad-Duqqi, Al Jizah, Egypt",Egypt,unknown,,,,,,,,,2026-05-13,,IT Support & Networking,https://eg.linkedin.com/jobs/view/cloud-and-systems-administrator-at-amico-group-4413953496,2026-08-30T15:36:25+00:00
0fdf336a80ad57f7,linkedin,4459683950,IT Release & Change Management,TP,,"Qesm El Maadi, Cairo, Egypt",Egypt,unknown,,,,,,,,,2026-08-27,,,https://eg.linkedin.com/jobs/view/it-release-change-management-at-tp-4459683950,2026-08-30T15:36:25+00:00
65998141f9de25ae,linkedin,4452645832,IT Help Desk,DigiSay,,"Cairo, Cairo, Egypt",Egypt,unknown,,,,,,,,,2026-07-17,,Other Tech,https://eg.linkedin.com/jobs/view/it-help-desk-at-digisay-4452645832,2026-08-30T15:36:25+00:00
f39428d77a270d5c,linkedin,4458719643,Information Technology Service Management Specialist,Dar,,"Cairo, Egypt",Egypt,unknown,,,,,,,,,2026-08-25,,Other Tech,https://eg.linkedin.com/jobs/view/information-technology-service-management-specialist-at-dar-4458719643,2026-08-30T15:36:25+00:00
cf328daf7fb20d8c,linkedin,4416242735,IT Specialist,RATP Dev Mobility Cairo,,"Cairo, Cairo, Egypt",Egypt,unknown,,,,,,,,,2026-05-18,,,https://eg.linkedin.com/jobs/view/it-specialist-at-ratp-dev-mobility-cairo-4416242735,2026-08-30T15:36:33+00:00
31507f7575bb9303,linkedin,4380611477,IT Help Desk with Disability (m/w/d),sonnen Egypt,,"Cairo, Cairo, Egypt",Egypt,unknown,,,,,,,,,2026-08-24,,Other Tech,https://eg.linkedin.com/jobs/view/it-help-desk-with-disability-m-w-d-at-sonnen-egypt-4380611477,2026-08-30T15:36:33+00:00
e49a18e20a4c5a53,linkedin,4444853582,"Senior IT Systems Engineer - Cairo, Egypt",OHK Consultants,,"Cairo, Cairo, Egypt",Egypt,unknown,,,,,,,,,2026-07-27,,Other Tech,https://eg.linkedin.com/jobs/view/senior-it-systems-engineer-cairo-egypt-at-ohk-consultants-4444853582,2026-08-30T15:36:33+00:00
0b61a8395b1d273f,linkedin,4449348091,IT Manager,Trufla,,"Cairo, Cairo, Egypt",Egypt,unknown,,,,,,,,,2026-08-05,,Other Tech,https://eg.linkedin.com/jobs/view/it-manager-at-trufla-4449348091,2026-08-30T15:36:33+00:00
5c2289dd6f220e8c,linkedin,4450488796,Information Technology Service Desk,Mantrac Egypt,,"10th of Ramadan, Sharkia, Egypt",Egypt,unknown,,,,,,,,,2026-08-13,,Other Tech,https://eg.linkedin.com/jobs/view/information-technology-service-desk-at-mantrac-egypt-4450488796,2026-08-30T15:36:33+00:00
1b702d8c05f753ef,linkedin,4451643504,Information Technology Associate-POS,Americana Restaurants,,"New Cairo, Cairo, Egypt",Egypt,unknown,,,,,,,,,2026-08-11,,Other Tech,https://eg.linkedin.com/jobs/view/information-technology-associate-pos-at-americana-restaurants-4451643504,2026-08-30T15:36:33+00:00
d6f54e9c012785b6,linkedin,4434761017,IT Team Leader,PaxeraHealth,,"Cairo, Cairo, Egypt",Egypt,unknown,,,,,,,,,2026-06-29,,,https://eg.linkedin.com/jobs/view/it-team-leader-at-paxerahealth-4434761017,2026-08-30T15:36:33+00:00
332b6d1e74872cc1,linkedin,4456178708,IT Release and Change Management,TP,,"Qesm El Maadi, Cairo, Egypt",Egypt,unknown,,,,,,,,,2026-08-19,,,https://eg.linkedin.com/jobs/view/it-release-and-change-management-at-tp-4456178708,2026-08-30T15:36:33+00:00
e331ee614efd25c3,linkedin,4461001666,IT Support Specialist (Remote),Hired,,Egypt,Egypt,remote,Country-only,,,,,,,,2026-08-30,,IT Support & Networking,https://eg.linkedin.com/jobs/view/it-support-specialist-remote-at-hired-4461001666,2026-08-30T15:36:33+00:00
2ba74ca04610e498,linkedin,4330692272,Systems Administrator – Senior,Al Ryada University,,Egypt,Egypt,unknown,,,,,,,,,2026-01-07,,IT Support & Networking,https://eg.linkedin.com/jobs/view/systems-administrator-%E2%80%93-senior-at-al-ryada-university-4330692272,2026-08-30T15:36:33+00:00
514158d25a55a858,linkedin,4458237686,Full Stack Software Engineer - Mapping,Zipline,,"Kigali, Kigali City, Rwanda",Rwanda,unknown,,,,,,,,,2026-08-24,,Software Development,https://rw.linkedin.com/jobs/view/full-stack-software-engineer-mapping-at-zipline-4458237686,2026-08-30T15:36:41+00:00
54e151eab4663ade,linkedin,4457232024,Fineract Developer,Inkomoko,,"Kigali, Kigali City, Rwanda",Rwanda,unknown,,,,,,,,,2026-08-26,,Software Development,https://rw.linkedin.com/jobs/view/fineract-developer-at-inkomoko-4457232024,2026-08-30T15:36:41+00:00
1b4ca4e713638655,linkedin,4418247408,Associate Software Engineer,SLR Consulting,,Rwanda,Rwanda,unknown,,,,,,,,,2026-08-19,,Software Development,https://rw.linkedin.com/jobs/view/associate-software-engineer-at-slr-consulting-4418247408,2026-08-30T15:36:41+00:00
9e04af69eff7810c,linkedin,4458512982,Senior Full Stack Software Engineer,Zipline,,"Kigali, Kigali City, Rwanda",Rwanda,unknown,,,,,,,,,2026-08-24,,Software Development,https://rw.linkedin.com/jobs/view/senior-full-stack-software-engineer-at-zipline-4458512982,2026-08-30T15:36:41+00:00
ed9871d268a82e1b,linkedin,4433198225,AI Automation Developer,Power Resources International Ltd,,"Kigali City, Rwanda",Rwanda,unknown,,,,,,,,,2026-07-03,,Software Development,https://rw.linkedin.com/jobs/view/ai-automation-developer-at-power-resources-international-ltd-4433198225,2026-08-30T15:36:41+00:00
3a7e8a1118f68728,linkedin,4439466028,Backend .NET Engineer,B2Tech,,"Kigali, Kigali City, Rwanda",Rwanda,unknown,,,,,,,,,2026-07-13,,Software Development,https://rw.linkedin.com/jobs/view/backend-net-engineer-at-b2tech-4439466028,2026-08-30T15:36:41+00:00
bb39f7f1f9922378,linkedin,4457740326,Data Engineer,Inkomoko,,"Kigali, Kigali City, Rwanda",Rwanda,unknown,,,,,,,,,2026-08-27,,Data & AI,https://rw.linkedin.com/jobs/view/data-engineer-at-inkomoko-4457740326,2026-08-30T15:36:41+00:00
c087aafb9e25e84b,linkedin,4449665756,Senior Data Analyst,Zipline,,"Kigali, Kigali City, Rwanda",Rwanda,unknown,,,,,,,,,2026-08-27,,Data & AI,https://rw.linkedin.com/jobs/view/senior-data-analyst-at-zipline-4449665756,2026-08-30T15:36:50+00:00
355bf736f61d01a5,linkedin,4456887987,Data & Analytics Specialist - College of Engineering - CMU Africa,Carnegie Mellon University,,"Kigali, Kigali City, Rwanda",Rwanda,unknown,,,,,,,,,2026-08-24,,Other Tech,https://rw.linkedin.com/jobs/view/data-analytics-specialist-college-of-engineering-cmu-africa-at-carnegie-mellon-university-4456887987,2026-08-30T15:36:50+00:00
d14bf0413ebb91d4,linkedin,4454574663,GIS & Data Coordinator,Wildlife Conservation Society,,Rwanda,Rwanda,unknown,,,,,,,,,2026-08-14,,Other Tech,https://rw.linkedin.com/jobs/view/gis-data-coordinator-at-wildlife-conservation-society-4454574663,2026-08-30T15:36:50+00:00
a9215636a8e4be4d,linkedin,4447755224,IT & Security Administrator,Abundio Energy Inc,,"Kigali City, Rwanda",Rwanda,unknown,,,,,,,,,2026-08-01,,,https://rw.linkedin.com/jobs/view/it-security-administrator-at-abundio-energy-inc-4447755224,2026-08-30T15:36:57+00:00
fcdd23fc442861fa,linkedin,4382614529,Data Center Technician - RW - Kigali - On-site,Reboot Monkey,,"Kigali City, Rwanda",Rwanda,onsite,,,,,,,,,2026-03-07,,Other Tech,https://rw.linkedin.com/jobs/view/data-center-technician-rw-kigali-on-site-at-reboot-monkey-4382614529,2026-08-30T15:36:57+00:00
bd56d5e9817fd238,linkedin,4452894928,Information Technology Specialist,Sharp Brains,,"Kigali, Kigali City, Rwanda",Rwanda,unknown,,,,,,,,,2026-08-19,,Other Tech,https://rw.linkedin.com/jobs/view/information-technology-specialist-at-sharp-brains-4452894928,2026-08-30T15:36:57+00:00
914ae94ad2f81dce,linkedin,4456961181,Digital Solutions Manager,TechnoServe,,"Kigali, Kigali City, Rwanda",Rwanda,unknown,,,,,,,,,2026-08-25,,,https://rw.linkedin.com/jobs/view/digital-solutions-manager-at-technoserve-4456961181,2026-08-30T15:36:57+00:00
1d372c943dc63fc8,linkedin,4457226138,Data Platform System Administrator,Inkomoko,,"Kigali, Kigali City, Rwanda",Rwanda,unknown,,,,,,,,,2026-08-26,,Other Tech,https://rw.linkedin.com/jobs/view/data-platform-system-administrator-at-inkomoko-4457226138,2026-08-30T15:36:57+00:00
35e7afb42ee390b3,linkedin,4457798344,Information System Product Owner Build M/F,Africa Global Logistics,,Rwanda,Rwanda,unknown,,,,,,,,,2026-08-27,,Product & Design,https://rw.linkedin.com/jobs/view/information-system-product-owner-build-m-f-at-africa-global-logistics-4457798344,2026-08-30T15:36:57+00:00
dc69882118964f67,linkedin,4456913213,HR&HQ Solutions Solution Expert,Africa Global Logistics,,Rwanda,Rwanda,unknown,,,,,,,,,2026-08-25,,,https://rw.linkedin.com/jobs/view/hr-hq-solutions-solution-expert-at-africa-global-logistics-4456913213,2026-08-30T15:36:57+00:00
